data/AshkenazimTrio/HG002_NA24385_son/CORNELL_Oxford_Nanopore/README.txt	263
data/AshkenazimTrio/HG002_NA24385_son/CORNELL_Oxford_Nanopore/giab.hg002.2D.fasta	47816805
data/AshkenazimTrio/HG002_NA24385_son/CORNELL_Oxford_Nanopore/giab.hg002.2D.fastq	93856072
data/AshkenazimTrio/HG002_NA24385_son/CORNELL_Oxford_Nanopore/oxford_PC_HG02.3attempt_0633_1_ch100_file13_strand.fast5	2831158
data/AshkenazimTrio/HG002_NA24385_son/CORNELL_Oxford_Nanopore/oxford_PC_HG02.3attempt_0633_1_ch100_file16_strand.fast5	3037026
data/AshkenazimTrio/HG002_NA24385_son/CORNELL_Oxford_Nanopore/oxford_PC_HG02.3attempt_0633_1_ch100_file26_strand.fast5	3042914
data/AshkenazimTrio/HG002_NA24385_son/CORNELL_Oxford_Nanopore/oxford_PC_HG02.3attempt_0633_1_ch100_file5_strand.fast5	2113096
data/AshkenazimTrio/HG002_NA24385_son/CORNELL_Oxford_Nanopore/oxford_PC_HG02.3attempt_0633_1_ch100_file70_strand.fast5	1271816
data/AshkenazimTrio/HG002_NA24385_son/CORNELL_Oxford_Nanopore/oxford_PC_HG02.3attempt_0633_1_ch101_file16_strand.fast5	3369673
data/AshkenazimTrio/HG002_NA24385_son/CORNELL_Oxford_Nanopore/oxford_PC_HG02.3attempt_0633_1_ch101_file19_strand.fast5	1753196
data/AshkenazimTrio/HG002_NA24385_son/CORNELL_Oxford_Nanopore/oxford_PC_HG02.3attempt_0633_1_ch101_file26_strand.fast5	2104307
data/AshkenazimTrio/HG002_NA24385_son/CORNELL_Oxford_Nanopore/oxford_PC_HG02.3attempt_0633_1_ch101_file28_strand.fast5	1926740
data/AshkenazimTrio/HG002_NA24385_son/CORNELL_Oxford_Nanopore/oxford_PC_HG02.3attempt_0633_1_ch101_file37_strand.fast5	2720589
data/AshkenazimTrio/HG002_NA24385_son/CORNELL_Oxford_Nanopore/oxford_PC_HG02.3attempt_0633_1_ch101_file42_strand.fast5	3646104
data/AshkenazimTrio/HG002_NA24385_son/CORNELL_Oxford_Nanopore/oxford_PC_HG02.3attempt_0633_1_ch101_file56_strand.fast5	2213781
data/AshkenazimTrio/HG002_NA24385_son/CORNELL_Oxford_Nanopore/oxford_PC_HG02.3attempt_0633_1_ch101_file81_strand.fast5	3076634
data/AshkenazimTrio/HG002_NA24385_son/CORNELL_Oxford_Nanopore/oxford_PC_HG02.3attempt_0633_1_ch101_file90_strand.fast5	3139907
data/AshkenazimTrio/HG002_NA24385_son/CORNELL_Oxford_Nanopore/oxford_PC_HG02.3attempt_0633_1_ch101_file96_strand.fast5	2901457
data/AshkenazimTrio/HG002_NA24385_son/CORNELL_Oxford_Nanopore/oxford_PC_HG02.3attempt_0633_1_ch102_file12_strand.fast5	2380137
data/AshkenazimTrio/HG002_NA24385_son/CORNELL_Oxford_Nanopore/oxford_PC_HG02.3attempt_0633_1_ch103_file11_strand.fast5	3759791
data/AshkenazimTrio/HG002_NA24385_son/CORNELL_Oxford_Nanopore/oxford_PC_HG02.3attempt_0633_1_ch103_file122_strand.fast5	3925867
data/AshkenazimTrio/HG002_NA24385_son/CORNELL_Oxford_Nanopore/oxford_PC_HG02.3attempt_0633_1_ch103_file22_strand.fast5	1890549
data/AshkenazimTrio/HG002_NA24385_son/CORNELL_Oxford_Nanopore/oxford_PC_HG02.3attempt_0633_1_ch103_file2_strand.fast5	1665798
data/AshkenazimTrio/HG002_NA24385_son/CORNELL_Oxford_Nanopore/oxford_PC_HG02.3attempt_0633_1_ch103_file39_strand.fast5	1770862
data/AshkenazimTrio/HG002_NA24385_son/CORNELL_Oxford_Nanopore/oxford_PC_HG02.3attempt_0633_1_ch103_file3_strand.fast5	2612817
data/AshkenazimTrio/HG002_NA24385_son/CORNELL_Oxford_Nanopore/oxford_PC_HG02.3attempt_0633_1_ch103_file48_strand.fast5	1959215
data/AshkenazimTrio/HG002_NA24385_son/CORNELL_Oxford_Nanopore/oxford_PC_HG02.3attempt_0633_1_ch103_file49_strand.fast5	758944
data/AshkenazimTrio/HG002_NA24385_son/CORNELL_Oxford_Nanopore/oxford_PC_HG02.3attempt_0633_1_ch103_file52_strand.fast5	1491450
data/AshkenazimTrio/HG002_NA24385_son/CORNELL_Oxford_Nanopore/oxford_PC_HG02.3attempt_0633_1_ch103_file6_strand.fast5	1777181
data/AshkenazimTrio/HG002_NA24385_son/CORNELL_Oxford_Nanopore/oxford_PC_HG02.3attempt_0633_1_ch103_file91_strand.fast5	1466734
data/AshkenazimTrio/HG002_NA24385_son/CORNELL_Oxford_Nanopore/oxford_PC_HG02.3attempt_0633_1_ch103_file9_strand.fast5	1015622
data/AshkenazimTrio/HG002_NA24385_son/CORNELL_Oxford_Nanopore/oxford_PC_HG02.3attempt_0633_1_ch104_file121_strand.fast5	2078250
data/AshkenazimTrio/HG002_NA24385_son/CORNELL_Oxford_Nanopore/oxford_PC_HG02.3attempt_0633_1_ch104_file123_strand.fast5	440438
data/AshkenazimTrio/HG002_NA24385_son/CORNELL_Oxford_Nanopore/oxford_PC_HG02.3attempt_0633_1_ch104_file12_strand.fast5	2057451
data/AshkenazimTrio/HG002_NA24385_son/CORNELL_Oxford_Nanopore/oxford_PC_HG02.3attempt_0633_1_ch104_file145_strand.fast5	1991568
data/AshkenazimTrio/HG002_NA24385_son/CORNELL_Oxford_Nanopore/oxford_PC_HG02.3attempt_0633_1_ch104_file14_strand.fast5	1998740
data/AshkenazimTrio/HG002_NA24385_son/CORNELL_Oxford_Nanopore/oxford_PC_HG02.3attempt_0633_1_ch104_file18_strand.fast5	1399253
data/AshkenazimTrio/HG002_NA24385_son/CORNELL_Oxford_Nanopore/oxford_PC_HG02.3attempt_0633_1_ch104_file22_strand.fast5	1639346
data/AshkenazimTrio/HG002_NA24385_son/CORNELL_Oxford_Nanopore/oxford_PC_HG02.3attempt_0633_1_ch104_file25_strand.fast5	776387
data/AshkenazimTrio/HG002_NA24385_son/CORNELL_Oxford_Nanopore/oxford_PC_HG02.3attempt_0633_1_ch104_file28_strand.fast5	1215920
data/AshkenazimTrio/HG002_NA24385_son/CORNELL_Oxford_Nanopore/oxford_PC_HG02.3attempt_0633_1_ch104_file77_strand.fast5	1064096
data/AshkenazimTrio/HG002_NA24385_son/CORNELL_Oxford_Nanopore/oxford_PC_HG02.3attempt_0633_1_ch104_file78_strand.fast5	1050769
data/AshkenazimTrio/HG002_NA24385_son/CORNELL_Oxford_Nanopore/oxford_PC_HG02.3attempt_0633_1_ch104_file79_strand.fast5	1709328
data/AshkenazimTrio/HG002_NA24385_son/CORNELL_Oxford_Nanopore/oxford_PC_HG02.3attempt_0633_1_ch104_file7_strand.fast5	778061
data/AshkenazimTrio/HG002_NA24385_son/CORNELL_Oxford_Nanopore/oxford_PC_HG02.3attempt_0633_1_ch104_file82_strand.fast5	3400100
data/AshkenazimTrio/HG002_NA24385_son/CORNELL_Oxford_Nanopore/oxford_PC_HG02.3attempt_0633_1_ch104_file83_strand.fast5	3130974
data/AshkenazimTrio/HG002_NA24385_son/CORNELL_Oxford_Nanopore/oxford_PC_HG02.3attempt_0633_1_ch104_file84_strand.fast5	3067996
data/AshkenazimTrio/HG002_NA24385_son/CORNELL_Oxford_Nanopore/oxford_PC_HG02.3attempt_0633_1_ch105_file18_strand.fast5	2179554
data/AshkenazimTrio/HG002_NA24385_son/CORNELL_Oxford_Nanopore/oxford_PC_HG02.3attempt_0633_1_ch105_file28_strand.fast5	1571728
data/AshkenazimTrio/HG002_NA24385_son/CORNELL_Oxford_Nanopore/oxford_PC_HG02.3attempt_0633_1_ch108_file0_strand.fast5	1247164
data/AshkenazimTrio/HG002_NA24385_son/CORNELL_Oxford_Nanopore/oxford_PC_HG02.3attempt_0633_1_ch108_file2_strand.fast5	431975
data/AshkenazimTrio/HG002_NA24385_son/CORNELL_Oxford_Nanopore/oxford_PC_HG02.3attempt_0633_1_ch108_file40_strand.fast5	1359638
data/AshkenazimTrio/HG002_NA24385_son/CORNELL_Oxford_Nanopore/oxford_PC_HG02.3attempt_0633_1_ch108_file46_strand.fast5	1756688
data/AshkenazimTrio/HG002_NA24385_son/CORNELL_Oxford_Nanopore/oxford_PC_HG02.3attempt_0633_1_ch108_file48_strand.fast5	2064043
data/AshkenazimTrio/HG002_NA24385_son/CORNELL_Oxford_Nanopore/oxford_PC_HG02.3attempt_0633_1_ch108_file52_strand.fast5	2762128
data/AshkenazimTrio/HG002_NA24385_son/CORNELL_Oxford_Nanopore/oxford_PC_HG02.3attempt_0633_1_ch108_file62_strand.fast5	1476608
data/AshkenazimTrio/HG002_NA24385_son/CORNELL_Oxford_Nanopore/oxford_PC_HG02.3attempt_0633_1_ch108_file67_strand.fast5	2338520
data/AshkenazimTrio/HG002_NA24385_son/CORNELL_Oxford_Nanopore/oxford_PC_HG02.3attempt_0633_1_ch108_file72_strand.fast5	3917152
data/AshkenazimTrio/HG002_NA24385_son/CORNELL_Oxford_Nanopore/oxford_PC_HG02.3attempt_0633_1_ch108_file76_strand.fast5	780345
data/AshkenazimTrio/HG002_NA24385_son/CORNELL_Oxford_Nanopore/oxford_PC_HG02.3attempt_0633_1_ch108_file87_strand.fast5	770038
data/AshkenazimTrio/HG002_NA24385_son/CORNELL_Oxford_Nanopore/oxford_PC_HG02.3attempt_0633_1_ch109_file0_strand.fast5	1300346
data/AshkenazimTrio/HG002_NA24385_son/CORNELL_Oxford_Nanopore/oxford_PC_HG02.3attempt_0633_1_ch109_file10_strand.fast5	1160371
data/AshkenazimTrio/HG002_NA24385_son/CORNELL_Oxford_Nanopore/oxford_PC_HG02.3attempt_0633_1_ch109_file20_strand.fast5	1408948
data/AshkenazimTrio/HG002_NA24385_son/CORNELL_Oxford_Nanopore/oxford_PC_HG02.3attempt_0633_1_ch109_file26_strand.fast5	352464
data/AshkenazimTrio/HG002_NA24385_son/CORNELL_Oxford_Nanopore/oxford_PC_HG02.3attempt_0633_1_ch109_file28_strand.fast5	2978164
data/AshkenazimTrio/HG002_NA24385_son/CORNELL_Oxford_Nanopore/oxford_PC_HG02.3attempt_0633_1_ch109_file33_strand.fast5	2981813
data/AshkenazimTrio/HG002_NA24385_son/CORNELL_Oxford_Nanopore/oxford_PC_HG02.3attempt_0633_1_ch109_file39_strand.fast5	2153674
data/AshkenazimTrio/HG002_NA24385_son/CORNELL_Oxford_Nanopore/oxford_PC_HG02.3attempt_0633_1_ch109_file43_strand.fast5	2752635
data/AshkenazimTrio/HG002_NA24385_son/CORNELL_Oxford_Nanopore/oxford_PC_HG02.3attempt_0633_1_ch109_file45_strand.fast5	1555736
data/AshkenazimTrio/HG002_NA24385_son/CORNELL_Oxford_Nanopore/oxford_PC_HG02.3attempt_0633_1_ch109_file46_strand.fast5	1808470
data/AshkenazimTrio/HG002_NA24385_son/CORNELL_Oxford_Nanopore/oxford_PC_HG02.3attempt_0633_1_ch109_file4_strand.fast5	3756322
data/AshkenazimTrio/HG002_NA24385_son/CORNELL_Oxford_Nanopore/oxford_PC_HG02.3attempt_0633_1_ch109_file58_strand.fast5	2498785
data/AshkenazimTrio/HG002_NA24385_son/CORNELL_Oxford_Nanopore/oxford_PC_HG02.3attempt_0633_1_ch109_file7_strand.fast5	993219
data/AshkenazimTrio/HG002_NA24385_son/CORNELL_Oxford_Nanopore/oxford_PC_HG02.3attempt_0633_1_ch109_file81_strand.fast5	1992330
data/AshkenazimTrio/HG002_NA24385_son/CORNELL_Oxford_Nanopore/oxford_PC_HG02.3attempt_0633_1_ch10_file4_strand.fast5	1989049
data/AshkenazimTrio/HG002_NA24385_son/CORNELL_Oxford_Nanopore/oxford_PC_HG02.3attempt_0633_1_ch110_file0_strand.fast5	4193771
data/AshkenazimTrio/HG002_NA24385_son/CORNELL_Oxford_Nanopore/oxford_PC_HG02.3attempt_0633_1_ch110_file10_strand.fast5	1020049
data/AshkenazimTrio/HG002_NA24385_son/CORNELL_Oxford_Nanopore/oxford_PC_HG02.3attempt_0633_1_ch110_file11_strand.fast5	2436673
data/AshkenazimTrio/HG002_NA24385_son/CORNELL_Oxford_Nanopore/oxford_PC_HG02.3attempt_0633_1_ch110_file12_strand.fast5	1898381
data/AshkenazimTrio/HG002_NA24385_son/CORNELL_Oxford_Nanopore/oxford_PC_HG02.3attempt_0633_1_ch110_file15_strand.fast5	1612912
data/AshkenazimTrio/HG002_NA24385_son/CORNELL_Oxford_Nanopore/oxford_PC_HG02.3attempt_0633_1_ch110_file37_strand.fast5	1770077
data/AshkenazimTrio/HG002_NA24385_son/CORNELL_Oxford_Nanopore/oxford_PC_HG02.3attempt_0633_1_ch110_file47_strand.fast5	844629
data/AshkenazimTrio/HG002_NA24385_son/CORNELL_Oxford_Nanopore/oxford_PC_HG02.3attempt_0633_1_ch110_file4_strand.fast5	3005773
data/AshkenazimTrio/HG002_NA24385_son/CORNELL_Oxford_Nanopore/oxford_PC_HG02.3attempt_0633_1_ch110_file5_strand.fast5	3311097
data/AshkenazimTrio/HG002_NA24385_son/CORNELL_Oxford_Nanopore/oxford_PC_HG02.3attempt_0633_1_ch110_file61_strand.fast5	1604712
data/AshkenazimTrio/HG002_NA24385_son/CORNELL_Oxford_Nanopore/oxford_PC_HG02.3attempt_0633_1_ch110_file63_strand.fast5	1895711
data/AshkenazimTrio/HG002_NA24385_son/CORNELL_Oxford_Nanopore/oxford_PC_HG02.3attempt_0633_1_ch110_file73_strand.fast5	1937474
data/AshkenazimTrio/HG002_NA24385_son/CORNELL_Oxford_Nanopore/oxford_PC_HG02.3attempt_0633_1_ch110_file99_strand.fast5	1686740
data/AshkenazimTrio/HG002_NA24385_son/CORNELL_Oxford_Nanopore/oxford_PC_HG02.3attempt_0633_1_ch111_file113_strand.fast5	2813902
data/AshkenazimTrio/HG002_NA24385_son/CORNELL_Oxford_Nanopore/oxford_PC_HG02.3attempt_0633_1_ch111_file125_strand.fast5	3978140
data/AshkenazimTrio/HG002_NA24385_son/CORNELL_Oxford_Nanopore/oxford_PC_HG02.3attempt_0633_1_ch111_file18_strand.fast5	3971363
data/AshkenazimTrio/HG002_NA24385_son/CORNELL_Oxford_Nanopore/oxford_PC_HG02.3attempt_0633_1_ch111_file207_strand.fast5	2075451
data/AshkenazimTrio/HG002_NA24385_son/CORNELL_Oxford_Nanopore/oxford_PC_HG02.3attempt_0633_1_ch111_file210_strand.fast5	3060222
data/AshkenazimTrio/HG002_NA24385_son/CORNELL_Oxford_Nanopore/oxford_PC_HG02.3attempt_0633_1_ch111_file215_strand.fast5	2198338
data/AshkenazimTrio/HG002_NA24385_son/CORNELL_Oxford_Nanopore/oxford_PC_HG02.3attempt_0633_1_ch111_file27_strand.fast5	999211
data/AshkenazimTrio/HG002_NA24385_son/CORNELL_Oxford_Nanopore/oxford_PC_HG02.3attempt_0633_1_ch111_file28_strand.fast5	1283981
data/AshkenazimTrio/HG002_NA24385_son/CORNELL_Oxford_Nanopore/oxford_PC_HG02.3attempt_0633_1_ch111_file35_strand.fast5	1781842
data/AshkenazimTrio/HG002_NA24385_son/CORNELL_Oxford_Nanopore/oxford_PC_HG02.3attempt_0633_1_ch111_file48_strand.fast5	1808712
data/AshkenazimTrio/HG002_NA24385_son/CORNELL_Oxford_Nanopore/oxford_PC_HG02.3attempt_0633_1_ch111_file63_strand.fast5	2530485
data/AshkenazimTrio/HG002_NA24385_son/CORNELL_Oxford_Nanopore/oxford_PC_HG02.3attempt_0633_1_ch111_file66_strand.fast5	1773904
data/AshkenazimTrio/HG002_NA24385_son/CORNELL_Oxford_Nanopore/oxford_PC_HG02.3attempt_0633_1_ch111_file7_strand.fast5	1591471
data/AshkenazimTrio/HG002_NA24385_son/CORNELL_Oxford_Nanopore/oxford_PC_HG02.3attempt_0633_1_ch111_file81_strand.fast5	1353477
data/AshkenazimTrio/HG002_NA24385_son/CORNELL_Oxford_Nanopore/oxford_PC_HG02.3attempt_0633_1_ch111_file94_strand.fast5	2993331
data/AshkenazimTrio/HG002_NA24385_son/CORNELL_Oxford_Nanopore/oxford_PC_HG02.3attempt_0633_1_ch111_file9_strand.fast5	4541834
data/AshkenazimTrio/HG002_NA24385_son/CORNELL_Oxford_Nanopore/oxford_PC_HG02.3attempt_0633_1_ch112_file13_strand.fast5	1825605
data/AshkenazimTrio/HG002_NA24385_son/CORNELL_Oxford_Nanopore/oxford_PC_HG02.3attempt_0633_1_ch112_file20_strand.fast5	2838582
data/AshkenazimTrio/HG002_NA24385_son/CORNELL_Oxford_Nanopore/oxford_PC_HG02.3attempt_0633_1_ch112_file39_strand.fast5	1905876
data/AshkenazimTrio/HG002_NA24385_son/CORNELL_Oxford_Nanopore/oxford_PC_HG02.3attempt_0633_1_ch112_file4_strand.fast5	2109112
data/AshkenazimTrio/HG002_NA24385_son/CORNELL_Oxford_Nanopore/oxford_PC_HG02.3attempt_0633_1_ch112_file64_strand.fast5	1892575
data/AshkenazimTrio/HG002_NA24385_son/CORNELL_Oxford_Nanopore/oxford_PC_HG02.3attempt_0633_1_ch112_file68_strand.fast5	3530814
data/AshkenazimTrio/HG002_NA24385_son/CORNELL_Oxford_Nanopore/oxford_PC_HG02.3attempt_0633_1_ch112_file98_strand.fast5	2308435
data/AshkenazimTrio/HG002_NA24385_son/CORNELL_Oxford_Nanopore/oxford_PC_HG02.3attempt_0633_1_ch113_file11_strand.fast5	1100886
data/AshkenazimTrio/HG002_NA24385_son/CORNELL_Oxford_Nanopore/oxford_PC_HG02.3attempt_0633_1_ch113_file12_strand.fast5	1414339
data/AshkenazimTrio/HG002_NA24385_son/CORNELL_Oxford_Nanopore/oxford_PC_HG02.3attempt_0633_1_ch113_file13_strand.fast5	1494260
data/AshkenazimTrio/HG002_NA24385_son/CORNELL_Oxford_Nanopore/oxford_PC_HG02.3attempt_0633_1_ch113_file15_strand.fast5	1849730
data/AshkenazimTrio/HG002_NA24385_son/CORNELL_Oxford_Nanopore/oxford_PC_HG02.3attempt_0633_1_ch113_file17_strand.fast5	2117471
data/AshkenazimTrio/HG002_NA24385_son/CORNELL_Oxford_Nanopore/oxford_PC_HG02.3attempt_0633_1_ch113_file19_strand.fast5	1415516
data/AshkenazimTrio/HG002_NA24385_son/CORNELL_Oxford_Nanopore/oxford_PC_HG02.3attempt_0633_1_ch113_file25_strand.fast5	2050953
data/AshkenazimTrio/HG002_NA24385_son/CORNELL_Oxford_Nanopore/oxford_PC_HG02.3attempt_0633_1_ch113_file28_strand.fast5	1040790
data/AshkenazimTrio/HG002_NA24385_son/CORNELL_Oxford_Nanopore/oxford_PC_HG02.3attempt_0633_1_ch113_file30_strand.fast5	3159071
data/AshkenazimTrio/HG002_NA24385_son/CORNELL_Oxford_Nanopore/oxford_PC_HG02.3attempt_0633_1_ch113_file33_strand.fast5	2025063
data/AshkenazimTrio/HG002_NA24385_son/CORNELL_Oxford_Nanopore/oxford_PC_HG02.3attempt_0633_1_ch113_file39_strand.fast5	2954975
data/AshkenazimTrio/HG002_NA24385_son/CORNELL_Oxford_Nanopore/oxford_PC_HG02.3attempt_0633_1_ch113_file3_strand.fast5	1886549
data/AshkenazimTrio/HG002_NA24385_son/CORNELL_Oxford_Nanopore/oxford_PC_HG02.3attempt_0633_1_ch113_file43_strand.fast5	1314999
data/AshkenazimTrio/HG002_NA24385_son/CORNELL_Oxford_Nanopore/oxford_PC_HG02.3attempt_0633_1_ch113_file8_strand.fast5	2525538
data/AshkenazimTrio/HG002_NA24385_son/CORNELL_Oxford_Nanopore/oxford_PC_HG02.3attempt_0633_1_ch113_file9_strand.fast5	2315927
data/AshkenazimTrio/HG002_NA24385_son/CORNELL_Oxford_Nanopore/oxford_PC_HG02.3attempt_0633_1_ch114_file10_strand.fast5	1101894
data/AshkenazimTrio/HG002_NA24385_son/CORNELL_Oxford_Nanopore/oxford_PC_HG02.3attempt_0633_1_ch114_file15_strand.fast5	2642484
data/AshkenazimTrio/HG002_NA24385_son/CORNELL_Oxford_Nanopore/oxford_PC_HG02.3attempt_0633_1_ch114_file36_strand.fast5	2242412
data/AshkenazimTrio/HG002_NA24385_son/CORNELL_Oxford_Nanopore/oxford_PC_HG02.3attempt_0633_1_ch114_file39_strand.fast5	2096401
data/AshkenazimTrio/HG002_NA24385_son/CORNELL_Oxford_Nanopore/oxford_PC_HG02.3attempt_0633_1_ch114_file9_strand.fast5	2666899
data/AshkenazimTrio/HG002_NA24385_son/CORNELL_Oxford_Nanopore/oxford_PC_HG02.3attempt_0633_1_ch115_file17_strand.fast5	2415751
data/AshkenazimTrio/HG002_NA24385_son/CORNELL_Oxford_Nanopore/oxford_PC_HG02.3attempt_0633_1_ch115_file18_strand.fast5	424326
data/AshkenazimTrio/HG002_NA24385_son/CORNELL_Oxford_Nanopore/oxford_PC_HG02.3attempt_0633_1_ch115_file1_strand.fast5	4571165
data/AshkenazimTrio/HG002_NA24385_son/CORNELL_Oxford_Nanopore/oxford_PC_HG02.3attempt_0633_1_ch115_file23_strand.fast5	1047063
data/AshkenazimTrio/HG002_NA24385_son/CORNELL_Oxford_Nanopore/oxford_PC_HG02.3attempt_0633_1_ch115_file27_strand.fast5	2100818
data/AshkenazimTrio/HG002_NA24385_son/CORNELL_Oxford_Nanopore/oxford_PC_HG02.3attempt_0633_1_ch115_file42_strand.fast5	1286274
data/AshkenazimTrio/HG002_NA24385_son/CORNELL_Oxford_Nanopore/oxford_PC_HG02.3attempt_0633_1_ch115_file4_strand.fast5	2342849
data/AshkenazimTrio/HG002_NA24385_son/CORNELL_Oxford_Nanopore/oxford_PC_HG02.3attempt_0633_1_ch115_file58_strand.fast5	4214281
data/AshkenazimTrio/HG002_NA24385_son/CORNELL_Oxford_Nanopore/oxford_PC_HG02.3attempt_0633_1_ch116_file11_strand.fast5	940598
data/AshkenazimTrio/HG002_NA24385_son/CORNELL_Oxford_Nanopore/oxford_PC_HG02.3attempt_0633_1_ch116_file15_strand.fast5	2786129
data/AshkenazimTrio/HG002_NA24385_son/CORNELL_Oxford_Nanopore/oxford_PC_HG02.3attempt_0633_1_ch116_file16_strand.fast5	2728687
data/AshkenazimTrio/HG002_NA24385_son/CORNELL_Oxford_Nanopore/oxford_PC_HG02.3attempt_0633_1_ch116_file20_strand.fast5	1617419
data/AshkenazimTrio/HG002_NA24385_son/CORNELL_Oxford_Nanopore/oxford_PC_HG02.3attempt_0633_1_ch116_file22_strand.fast5	1174262
data/AshkenazimTrio/HG002_NA24385_son/CORNELL_Oxford_Nanopore/oxford_PC_HG02.3attempt_0633_1_ch116_file30_strand.fast5	3331772
data/AshkenazimTrio/HG002_NA24385_son/CORNELL_Oxford_Nanopore/oxford_PC_HG02.3attempt_0633_1_ch116_file33_strand.fast5	1754208
data/AshkenazimTrio/HG002_NA24385_son/CORNELL_Oxford_Nanopore/oxford_PC_HG02.3attempt_0633_1_ch116_file35_strand.fast5	1367413
data/AshkenazimTrio/HG002_NA24385_son/CORNELL_Oxford_Nanopore/oxford_PC_HG02.3attempt_0633_1_ch116_file36_strand.fast5	1437905
data/AshkenazimTrio/HG002_NA24385_son/CORNELL_Oxford_Nanopore/oxford_PC_HG02.3attempt_0633_1_ch116_file46_strand.fast5	1546004
data/AshkenazimTrio/HG002_NA24385_son/CORNELL_Oxford_Nanopore/oxford_PC_HG02.3attempt_0633_1_ch116_file48_strand.fast5	1003976
data/AshkenazimTrio/HG002_NA24385_son/CORNELL_Oxford_Nanopore/oxford_PC_HG02.3attempt_0633_1_ch116_file51_strand.fast5	3431334
data/AshkenazimTrio/HG002_NA24385_son/CORNELL_Oxford_Nanopore/oxford_PC_HG02.3attempt_0633_1_ch116_file57_strand.fast5	1795200
data/AshkenazimTrio/HG002_NA24385_son/CORNELL_Oxford_Nanopore/oxford_PC_HG02.3attempt_0633_1_ch116_file60_strand.fast5	2646993
data/AshkenazimTrio/HG002_NA24385_son/CORNELL_Oxford_Nanopore/oxford_PC_HG02.3attempt_0633_1_ch116_file66_strand.fast5	1835209
data/AshkenazimTrio/HG002_NA24385_son/CORNELL_Oxford_Nanopore/oxford_PC_HG02.3attempt_0633_1_ch116_file8_strand.fast5	772317
data/AshkenazimTrio/HG002_NA24385_son/CORNELL_Oxford_Nanopore/oxford_PC_HG02.3attempt_0633_1_ch117_file35_strand.fast5	1380824
data/AshkenazimTrio/HG002_NA24385_son/CORNELL_Oxford_Nanopore/oxford_PC_HG02.3attempt_0633_1_ch117_file39_strand.fast5	3249842
data/AshkenazimTrio/HG002_NA24385_son/CORNELL_Oxford_Nanopore/oxford_PC_HG02.3attempt_0633_1_ch117_file47_strand.fast5	513564
data/AshkenazimTrio/HG002_NA24385_son/CORNELL_Oxford_Nanopore/oxford_PC_HG02.3attempt_0633_1_ch117_file74_strand.fast5	2252217
data/AshkenazimTrio/HG002_NA24385_son/CORNELL_Oxford_Nanopore/oxford_PC_HG02.3attempt_0633_1_ch118_file13_strand.fast5	4113522
data/AshkenazimTrio/HG002_NA24385_son/CORNELL_Oxford_Nanopore/oxford_PC_HG02.3attempt_0633_1_ch118_file15_strand.fast5	2441278
data/AshkenazimTrio/HG002_NA24385_son/CORNELL_Oxford_Nanopore/oxford_PC_HG02.3attempt_0633_1_ch118_file21_strand.fast5	3075561
data/AshkenazimTrio/HG002_NA24385_son/CORNELL_Oxford_Nanopore/oxford_PC_HG02.3attempt_0633_1_ch118_file25_strand.fast5	2882704
data/AshkenazimTrio/HG002_NA24385_son/CORNELL_Oxford_Nanopore/oxford_PC_HG02.3attempt_0633_1_ch118_file27_strand.fast5	3106711
data/AshkenazimTrio/HG002_NA24385_son/CORNELL_Oxford_Nanopore/oxford_PC_HG02.3attempt_0633_1_ch118_file2_strand.fast5	3067780
data/AshkenazimTrio/HG002_NA24385_son/CORNELL_Oxford_Nanopore/oxford_PC_HG02.3attempt_0633_1_ch119_file11_strand.fast5	1589121
data/AshkenazimTrio/HG002_NA24385_son/CORNELL_Oxford_Nanopore/oxford_PC_HG02.3attempt_0633_1_ch119_file124_strand.fast5	1494716
data/AshkenazimTrio/HG002_NA24385_son/CORNELL_Oxford_Nanopore/oxford_PC_HG02.3attempt_0633_1_ch119_file131_strand.fast5	2550780
data/AshkenazimTrio/HG002_NA24385_son/CORNELL_Oxford_Nanopore/oxford_PC_HG02.3attempt_0633_1_ch119_file147_strand.fast5	370376
data/AshkenazimTrio/HG002_NA24385_son/CORNELL_Oxford_Nanopore/oxford_PC_HG02.3attempt_0633_1_ch119_file148_strand.fast5	1723201
data/AshkenazimTrio/HG002_NA24385_son/CORNELL_Oxford_Nanopore/oxford_PC_HG02.3attempt_0633_1_ch119_file14_strand.fast5	1344598
data/AshkenazimTrio/HG002_NA24385_son/CORNELL_Oxford_Nanopore/oxford_PC_HG02.3attempt_0633_1_ch119_file16_strand.fast5	3146577
data/AshkenazimTrio/HG002_NA24385_son/CORNELL_Oxford_Nanopore/oxford_PC_HG02.3attempt_0633_1_ch119_file200_strand.fast5	1474845
data/AshkenazimTrio/HG002_NA24385_son/CORNELL_Oxford_Nanopore/oxford_PC_HG02.3attempt_0633_1_ch119_file205_strand.fast5	6022074
data/AshkenazimTrio/HG002_NA24385_son/CORNELL_Oxford_Nanopore/oxford_PC_HG02.3attempt_0633_1_ch119_file208_strand.fast5	1950353
data/AshkenazimTrio/HG002_NA24385_son/CORNELL_Oxford_Nanopore/oxford_PC_HG02.3attempt_0633_1_ch119_file20_strand.fast5	518354
data/AshkenazimTrio/HG002_NA24385_son/CORNELL_Oxford_Nanopore/oxford_PC_HG02.3attempt_0633_1_ch119_file210_strand.fast5	1775738
data/AshkenazimTrio/HG002_NA24385_son/CORNELL_Oxford_Nanopore/oxford_PC_HG02.3attempt_0633_1_ch119_file232_strand.fast5	3511168
data/AshkenazimTrio/HG002_NA24385_son/CORNELL_Oxford_Nanopore/oxford_PC_HG02.3attempt_0633_1_ch119_file245_strand.fast5	3443076
data/AshkenazimTrio/HG002_NA24385_son/CORNELL_Oxford_Nanopore/oxford_PC_HG02.3attempt_0633_1_ch119_file30_strand.fast5	1032747
data/AshkenazimTrio/HG002_NA24385_son/CORNELL_Oxford_Nanopore/oxford_PC_HG02.3attempt_0633_1_ch119_file31_strand.fast5	1467537
data/AshkenazimTrio/HG002_NA24385_son/CORNELL_Oxford_Nanopore/oxford_PC_HG02.3attempt_0633_1_ch119_file47_strand.fast5	526568
data/AshkenazimTrio/HG002_NA24385_son/CORNELL_Oxford_Nanopore/oxford_PC_HG02.3attempt_0633_1_ch119_file4_strand.fast5	592355
data/AshkenazimTrio/HG002_NA24385_son/CORNELL_Oxford_Nanopore/oxford_PC_HG02.3attempt_0633_1_ch119_file52_strand.fast5	1534773
data/AshkenazimTrio/HG002_NA24385_son/CORNELL_Oxford_Nanopore/oxford_PC_HG02.3attempt_0633_1_ch119_file54_strand.fast5	2197065
data/AshkenazimTrio/HG002_NA24385_son/CORNELL_Oxford_Nanopore/oxford_PC_HG02.3attempt_0633_1_ch119_file61_strand.fast5	2187920
data/AshkenazimTrio/HG002_NA24385_son/CORNELL_Oxford_Nanopore/oxford_PC_HG02.3attempt_0633_1_ch119_file64_strand.fast5	2653737
data/AshkenazimTrio/HG002_NA24385_son/CORNELL_Oxford_Nanopore/oxford_PC_HG02.3attempt_0633_1_ch119_file75_strand.fast5	1710315
data/AshkenazimTrio/HG002_NA24385_son/CORNELL_Oxford_Nanopore/oxford_PC_HG02.3attempt_0633_1_ch119_file78_strand.fast5	1180621
data/AshkenazimTrio/HG002_NA24385_son/CORNELL_Oxford_Nanopore/oxford_PC_HG02.3attempt_0633_1_ch119_file84_strand.fast5	1169988
data/AshkenazimTrio/HG002_NA24385_son/CORNELL_Oxford_Nanopore/oxford_PC_HG02.3attempt_0633_1_ch119_file85_strand.fast5	1868050
data/AshkenazimTrio/HG002_NA24385_son/CORNELL_Oxford_Nanopore/oxford_PC_HG02.3attempt_0633_1_ch119_file90_strand.fast5	2523110
data/AshkenazimTrio/HG002_NA24385_son/CORNELL_Oxford_Nanopore/oxford_PC_HG02.3attempt_0633_1_ch119_file92_strand.fast5	1917854
data/AshkenazimTrio/HG002_NA24385_son/CORNELL_Oxford_Nanopore/oxford_PC_HG02.3attempt_0633_1_ch119_file93_strand.fast5	2148301
data/AshkenazimTrio/HG002_NA24385_son/CORNELL_Oxford_Nanopore/oxford_PC_HG02.3attempt_0633_1_ch11_file235_strand.fast5	2354032
data/AshkenazimTrio/HG002_NA24385_son/CORNELL_Oxford_Nanopore/oxford_PC_HG02.3attempt_0633_1_ch11_file264_strand.fast5	2031815
data/AshkenazimTrio/HG002_NA24385_son/CORNELL_Oxford_Nanopore/oxford_PC_HG02.3attempt_0633_1_ch11_file2_strand.fast5	644111
data/AshkenazimTrio/HG002_NA24385_son/CORNELL_Oxford_Nanopore/oxford_PC_HG02.3attempt_0633_1_ch11_file6_strand.fast5	378472
data/AshkenazimTrio/HG002_NA24385_son/CORNELL_Oxford_Nanopore/oxford_PC_HG02.3attempt_0633_1_ch120_file106_strand.fast5	2585570
data/AshkenazimTrio/HG002_NA24385_son/CORNELL_Oxford_Nanopore/oxford_PC_HG02.3attempt_0633_1_ch120_file33_strand.fast5	629184
data/AshkenazimTrio/HG002_NA24385_son/CORNELL_Oxford_Nanopore/oxford_PC_HG02.3attempt_0633_1_ch120_file40_strand.fast5	817842
data/AshkenazimTrio/HG002_NA24385_son/CORNELL_Oxford_Nanopore/oxford_PC_HG02.3attempt_0633_1_ch120_file45_strand.fast5	734526
data/AshkenazimTrio/HG002_NA24385_son/CORNELL_Oxford_Nanopore/oxford_PC_HG02.3attempt_0633_1_ch120_file4_strand.fast5	996878
data/AshkenazimTrio/HG002_NA24385_son/CORNELL_Oxford_Nanopore/oxford_PC_HG02.3attempt_0633_1_ch120_file64_strand.fast5	2288761
data/AshkenazimTrio/HG002_NA24385_son/CORNELL_Oxford_Nanopore/oxford_PC_HG02.3attempt_0633_1_ch120_file71_strand.fast5	1978482
data/AshkenazimTrio/HG002_NA24385_son/CORNELL_Oxford_Nanopore/oxford_PC_HG02.3attempt_0633_1_ch120_file78_strand.fast5	1825543
data/AshkenazimTrio/HG002_NA24385_son/CORNELL_Oxford_Nanopore/oxford_PC_HG02.3attempt_0633_1_ch120_file8_strand.fast5	1790790
data/AshkenazimTrio/HG002_NA24385_son/CORNELL_Oxford_Nanopore/oxford_PC_HG02.3attempt_0633_1_ch120_file99_strand.fast5	2317267
data/AshkenazimTrio/HG002_NA24385_son/CORNELL_Oxford_Nanopore/oxford_PC_HG02.3attempt_0633_1_ch122_file1_strand.fast5	1121653
data/AshkenazimTrio/HG002_NA24385_son/CORNELL_Oxford_Nanopore/oxford_PC_HG02.3attempt_0633_1_ch122_file8_strand.fast5	1729856
data/AshkenazimTrio/HG002_NA24385_son/CORNELL_Oxford_Nanopore/oxford_PC_HG02.3attempt_0633_1_ch123_file11_strand.fast5	974299
data/AshkenazimTrio/HG002_NA24385_son/CORNELL_Oxford_Nanopore/oxford_PC_HG02.3attempt_0633_1_ch123_file13_strand.fast5	479843
data/AshkenazimTrio/HG002_NA24385_son/CORNELL_Oxford_Nanopore/oxford_PC_HG02.3attempt_0633_1_ch123_file18_strand.fast5	1425281
data/AshkenazimTrio/HG002_NA24385_son/CORNELL_Oxford_Nanopore/oxford_PC_HG02.3attempt_0633_1_ch123_file1_strand.fast5	1197169
data/AshkenazimTrio/HG002_NA24385_son/CORNELL_Oxford_Nanopore/oxford_PC_HG02.3attempt_0633_1_ch123_file224_strand.fast5	1970991
data/AshkenazimTrio/HG002_NA24385_son/CORNELL_Oxford_Nanopore/oxford_PC_HG02.3attempt_0633_1_ch123_file2_strand.fast5	2566538
data/AshkenazimTrio/HG002_NA24385_son/CORNELL_Oxford_Nanopore/oxford_PC_HG02.3attempt_0633_1_ch123_file31_strand.fast5	501542
data/AshkenazimTrio/HG002_NA24385_son/CORNELL_Oxford_Nanopore/oxford_PC_HG02.3attempt_0633_1_ch123_file38_strand.fast5	1834239
data/AshkenazimTrio/HG002_NA24385_son/CORNELL_Oxford_Nanopore/oxford_PC_HG02.3attempt_0633_1_ch123_file3_strand.fast5	1837518
data/AshkenazimTrio/HG002_NA24385_son/CORNELL_Oxford_Nanopore/oxford_PC_HG02.3attempt_0633_1_ch123_file42_strand.fast5	886457
data/AshkenazimTrio/HG002_NA24385_son/CORNELL_Oxford_Nanopore/oxford_PC_HG02.3attempt_0633_1_ch123_file4_strand.fast5	996509
data/AshkenazimTrio/HG002_NA24385_son/CORNELL_Oxford_Nanopore/oxford_PC_HG02.3attempt_0633_1_ch123_file6_strand.fast5	2152298
data/AshkenazimTrio/HG002_NA24385_son/CORNELL_Oxford_Nanopore/oxford_PC_HG02.3attempt_0633_1_ch123_file9_strand.fast5	1402078
data/AshkenazimTrio/HG002_NA24385_son/CORNELL_Oxford_Nanopore/oxford_PC_HG02.3attempt_0633_1_ch124_file0_strand.fast5	1614141
data/AshkenazimTrio/HG002_NA24385_son/CORNELL_Oxford_Nanopore/oxford_PC_HG02.3attempt_0633_1_ch124_file44_strand.fast5	3490927
data/AshkenazimTrio/HG002_NA24385_son/CORNELL_Oxford_Nanopore/oxford_PC_HG02.3attempt_0633_1_ch124_file47_strand.fast5	1232275
data/AshkenazimTrio/HG002_NA24385_son/CORNELL_Oxford_Nanopore/oxford_PC_HG02.3attempt_0633_1_ch126_file13_strand.fast5	2453100
data/AshkenazimTrio/HG002_NA24385_son/CORNELL_Oxford_Nanopore/oxford_PC_HG02.3attempt_0633_1_ch126_file14_strand.fast5	1276165
data/AshkenazimTrio/HG002_NA24385_son/CORNELL_Oxford_Nanopore/oxford_PC_HG02.3attempt_0633_1_ch126_file18_strand.fast5	3193760
data/AshkenazimTrio/HG002_NA24385_son/CORNELL_Oxford_Nanopore/oxford_PC_HG02.3attempt_0633_1_ch126_file19_strand.fast5	1176652
data/AshkenazimTrio/HG002_NA24385_son/CORNELL_Oxford_Nanopore/oxford_PC_HG02.3attempt_0633_1_ch126_file2_strand.fast5	2127671
data/AshkenazimTrio/HG002_NA24385_son/CORNELL_Oxford_Nanopore/oxford_PC_HG02.3attempt_0633_1_ch126_file39_strand.fast5	3508798
data/AshkenazimTrio/HG002_NA24385_son/CORNELL_Oxford_Nanopore/oxford_PC_HG02.3attempt_0633_1_ch126_file42_strand.fast5	1975542
data/AshkenazimTrio/HG002_NA24385_son/CORNELL_Oxford_Nanopore/oxford_PC_HG02.3attempt_0633_1_ch126_file5_strand.fast5	3019616
data/AshkenazimTrio/HG002_NA24385_son/CORNELL_Oxford_Nanopore/oxford_PC_HG02.3attempt_0633_1_ch127_file11_strand.fast5	1565045
data/AshkenazimTrio/HG002_NA24385_son/CORNELL_Oxford_Nanopore/oxford_PC_HG02.3attempt_0633_1_ch127_file13_strand.fast5	3424441
data/AshkenazimTrio/HG002_NA24385_son/CORNELL_Oxford_Nanopore/oxford_PC_HG02.3attempt_0633_1_ch127_file27_strand.fast5	2325203
data/AshkenazimTrio/HG002_NA24385_son/CORNELL_Oxford_Nanopore/oxford_PC_HG02.3attempt_0633_1_ch127_file30_strand.fast5	1156136
data/AshkenazimTrio/HG002_NA24385_son/CORNELL_Oxford_Nanopore/oxford_PC_HG02.3attempt_0633_1_ch127_file38_strand.fast5	961271
data/AshkenazimTrio/HG002_NA24385_son/CORNELL_Oxford_Nanopore/oxford_PC_HG02.3attempt_0633_1_ch127_file48_strand.fast5	1346784
data/AshkenazimTrio/HG002_NA24385_son/CORNELL_Oxford_Nanopore/oxford_PC_HG02.3attempt_0633_1_ch127_file4_strand.fast5	1585767
data/AshkenazimTrio/HG002_NA24385_son/CORNELL_Oxford_Nanopore/oxford_PC_HG02.3attempt_0633_1_ch127_file57_strand.fast5	529500
data/AshkenazimTrio/HG002_NA24385_son/CORNELL_Oxford_Nanopore/oxford_PC_HG02.3attempt_0633_1_ch127_file62_strand.fast5	1929357
data/AshkenazimTrio/HG002_NA24385_son/CORNELL_Oxford_Nanopore/oxford_PC_HG02.3attempt_0633_1_ch127_file8_strand.fast5	1564035
data/AshkenazimTrio/HG002_NA24385_son/CORNELL_Oxford_Nanopore/oxford_PC_HG02.3attempt_0633_1_ch128_file11_strand.fast5	1524352
data/AshkenazimTrio/HG002_NA24385_son/CORNELL_Oxford_Nanopore/oxford_PC_HG02.3attempt_0633_1_ch128_file14_strand.fast5	2156650
data/AshkenazimTrio/HG002_NA24385_son/CORNELL_Oxford_Nanopore/oxford_PC_HG02.3attempt_0633_1_ch128_file15_strand.fast5	3160634
data/AshkenazimTrio/HG002_NA24385_son/CORNELL_Oxford_Nanopore/oxford_PC_HG02.3attempt_0633_1_ch128_file25_strand.fast5	3105745
data/AshkenazimTrio/HG002_NA24385_son/CORNELL_Oxford_Nanopore/oxford_PC_HG02.3attempt_0633_1_ch128_file2_strand.fast5	2162313
data/AshkenazimTrio/HG002_NA24385_son/CORNELL_Oxford_Nanopore/oxford_PC_HG02.3attempt_0633_1_ch128_file48_strand.fast5	2168118
data/AshkenazimTrio/HG002_NA24385_son/CORNELL_Oxford_Nanopore/oxford_PC_HG02.3attempt_0633_1_ch128_file50_strand.fast5	1606361
data/AshkenazimTrio/HG002_NA24385_son/CORNELL_Oxford_Nanopore/oxford_PC_HG02.3attempt_0633_1_ch128_file53_strand.fast5	1592076
data/AshkenazimTrio/HG002_NA24385_son/CORNELL_Oxford_Nanopore/oxford_PC_HG02.3attempt_0633_1_ch128_file58_strand.fast5	2912144
data/AshkenazimTrio/HG002_NA24385_son/CORNELL_Oxford_Nanopore/oxford_PC_HG02.3attempt_0633_1_ch128_file9_strand.fast5	2216462
data/AshkenazimTrio/HG002_NA24385_son/CORNELL_Oxford_Nanopore/oxford_PC_HG02.3attempt_0633_1_ch12_file13_strand.fast5	1650878
data/AshkenazimTrio/HG002_NA24385_son/CORNELL_Oxford_Nanopore/oxford_PC_HG02.3attempt_0633_1_ch12_file24_strand.fast5	1797979
data/AshkenazimTrio/HG002_NA24385_son/CORNELL_Oxford_Nanopore/oxford_PC_HG02.3attempt_0633_1_ch12_file58_strand.fast5	1476247
data/AshkenazimTrio/HG002_NA24385_son/CORNELL_Oxford_Nanopore/oxford_PC_HG02.3attempt_0633_1_ch12_file5_strand.fast5	1679394
data/AshkenazimTrio/HG002_NA24385_son/CORNELL_Oxford_Nanopore/oxford_PC_HG02.3attempt_0633_1_ch12_file66_strand.fast5	3159413
data/AshkenazimTrio/HG002_NA24385_son/CORNELL_Oxford_Nanopore/oxford_PC_HG02.3attempt_0633_1_ch12_file8_strand.fast5	784586
data/AshkenazimTrio/HG002_NA24385_son/CORNELL_Oxford_Nanopore/oxford_PC_HG02.3attempt_0633_1_ch12_file93_strand.fast5	2598069
data/AshkenazimTrio/HG002_NA24385_son/CORNELL_Oxford_Nanopore/oxford_PC_HG02.3attempt_0633_1_ch130_file127_strand.fast5	2281160
data/AshkenazimTrio/HG002_NA24385_son/CORNELL_Oxford_Nanopore/oxford_PC_HG02.3attempt_0633_1_ch130_file129_strand.fast5	3408041
data/AshkenazimTrio/HG002_NA24385_son/CORNELL_Oxford_Nanopore/oxford_PC_HG02.3attempt_0633_1_ch130_file14_strand.fast5	1931751
data/AshkenazimTrio/HG002_NA24385_son/CORNELL_Oxford_Nanopore/oxford_PC_HG02.3attempt_0633_1_ch130_file22_strand.fast5	3962994
data/AshkenazimTrio/HG002_NA24385_son/CORNELL_Oxford_Nanopore/oxford_PC_HG02.3attempt_0633_1_ch130_file27_strand.fast5	3098377
data/AshkenazimTrio/HG002_NA24385_son/CORNELL_Oxford_Nanopore/oxford_PC_HG02.3attempt_0633_1_ch130_file30_strand.fast5	1185081
data/AshkenazimTrio/HG002_NA24385_son/CORNELL_Oxford_Nanopore/oxford_PC_HG02.3attempt_0633_1_ch130_file52_strand.fast5	1054583
data/AshkenazimTrio/HG002_NA24385_son/CORNELL_Oxford_Nanopore/oxford_PC_HG02.3attempt_0633_1_ch130_file53_strand.fast5	1967377
data/AshkenazimTrio/HG002_NA24385_son/CORNELL_Oxford_Nanopore/oxford_PC_HG02.3attempt_0633_1_ch130_file66_strand.fast5	2422474
data/AshkenazimTrio/HG002_NA24385_son/CORNELL_Oxford_Nanopore/oxford_PC_HG02.3attempt_0633_1_ch130_file72_strand.fast5	2324444
data/AshkenazimTrio/HG002_NA24385_son/CORNELL_Oxford_Nanopore/oxford_PC_HG02.3attempt_0633_1_ch130_file74_strand.fast5	2348062
data/AshkenazimTrio/HG002_NA24385_son/CORNELL_Oxford_Nanopore/oxford_PC_HG02.3attempt_0633_1_ch130_file99_strand.fast5	6968155
data/AshkenazimTrio/HG002_NA24385_son/CORNELL_Oxford_Nanopore/oxford_PC_HG02.3attempt_0633_1_ch130_file9_strand.fast5	3063752
data/AshkenazimTrio/HG002_NA24385_son/CORNELL_Oxford_Nanopore/oxford_PC_HG02.3attempt_0633_1_ch131_file110_strand.fast5	2572930
data/AshkenazimTrio/HG002_NA24385_son/CORNELL_Oxford_Nanopore/oxford_PC_HG02.3attempt_0633_1_ch131_file11_strand.fast5	940242
data/AshkenazimTrio/HG002_NA24385_son/CORNELL_Oxford_Nanopore/oxford_PC_HG02.3attempt_0633_1_ch131_file133_strand.fast5	2491043
data/AshkenazimTrio/HG002_NA24385_son/CORNELL_Oxford_Nanopore/oxford_PC_HG02.3attempt_0633_1_ch131_file149_strand.fast5	2506441
data/AshkenazimTrio/HG002_NA24385_son/CORNELL_Oxford_Nanopore/oxford_PC_HG02.3attempt_0633_1_ch131_file163_strand.fast5	1846907
data/AshkenazimTrio/HG002_NA24385_son/CORNELL_Oxford_Nanopore/oxford_PC_HG02.3attempt_0633_1_ch131_file172_strand.fast5	4514338
data/AshkenazimTrio/HG002_NA24385_son/CORNELL_Oxford_Nanopore/oxford_PC_HG02.3attempt_0633_1_ch131_file25_strand.fast5	751325
data/AshkenazimTrio/HG002_NA24385_son/CORNELL_Oxford_Nanopore/oxford_PC_HG02.3attempt_0633_1_ch131_file35_strand.fast5	1995949
data/AshkenazimTrio/HG002_NA24385_son/CORNELL_Oxford_Nanopore/oxford_PC_HG02.3attempt_0633_1_ch131_file40_strand.fast5	2980157
data/AshkenazimTrio/HG002_NA24385_son/CORNELL_Oxford_Nanopore/oxford_PC_HG02.3attempt_0633_1_ch131_file52_strand.fast5	779148
data/AshkenazimTrio/HG002_NA24385_son/CORNELL_Oxford_Nanopore/oxford_PC_HG02.3attempt_0633_1_ch131_file56_strand.fast5	953097
data/AshkenazimTrio/HG002_NA24385_son/CORNELL_Oxford_Nanopore/oxford_PC_HG02.3attempt_0633_1_ch131_file6_strand.fast5	2742131
data/AshkenazimTrio/HG002_NA24385_son/CORNELL_Oxford_Nanopore/oxford_PC_HG02.3attempt_0633_1_ch131_file82_strand.fast5	1964447
data/AshkenazimTrio/HG002_NA24385_son/CORNELL_Oxford_Nanopore/oxford_PC_HG02.3attempt_0633_1_ch131_file86_strand.fast5	2189679
data/AshkenazimTrio/HG002_NA24385_son/CORNELL_Oxford_Nanopore/oxford_PC_HG02.3attempt_0633_1_ch131_file87_strand.fast5	1689584
data/AshkenazimTrio/HG002_NA24385_son/CORNELL_Oxford_Nanopore/oxford_PC_HG02.3attempt_0633_1_ch132_file2_strand.fast5	2217067
data/AshkenazimTrio/HG002_NA24385_son/CORNELL_Oxford_Nanopore/oxford_PC_HG02.3attempt_0633_1_ch133_file1_strand.fast5	2369747
data/AshkenazimTrio/HG002_NA24385_son/CORNELL_Oxford_Nanopore/oxford_PC_HG02.3attempt_0633_1_ch133_file2_strand.fast5	2074121
data/AshkenazimTrio/HG002_NA24385_son/CORNELL_Oxford_Nanopore/oxford_PC_HG02.3attempt_0633_1_ch133_file5_strand.fast5	1214730
data/AshkenazimTrio/HG002_NA24385_son/CORNELL_Oxford_Nanopore/oxford_PC_HG02.3attempt_0633_1_ch133_file7_strand.fast5	2716009
data/AshkenazimTrio/HG002_NA24385_son/CORNELL_Oxford_Nanopore/oxford_PC_HG02.3attempt_0633_1_ch134_file0_strand.fast5	2674899
data/AshkenazimTrio/HG002_NA24385_son/CORNELL_Oxford_Nanopore/oxford_PC_HG02.3attempt_0633_1_ch134_file15_strand.fast5	2062939
data/AshkenazimTrio/HG002_NA24385_son/CORNELL_Oxford_Nanopore/oxford_PC_HG02.3attempt_0633_1_ch134_file1_strand.fast5	1279737
data/AshkenazimTrio/HG002_NA24385_son/CORNELL_Oxford_Nanopore/oxford_PC_HG02.3attempt_0633_1_ch134_file30_strand.fast5	1529230
data/AshkenazimTrio/HG002_NA24385_son/CORNELL_Oxford_Nanopore/oxford_PC_HG02.3attempt_0633_1_ch134_file4_strand.fast5	1919655
data/AshkenazimTrio/HG002_NA24385_son/CORNELL_Oxford_Nanopore/oxford_PC_HG02.3attempt_0633_1_ch134_file7_strand.fast5	1680953
data/AshkenazimTrio/HG002_NA24385_son/CORNELL_Oxford_Nanopore/oxford_PC_HG02.3attempt_0633_1_ch134_file9_strand.fast5	3680497
data/AshkenazimTrio/HG002_NA24385_son/CORNELL_Oxford_Nanopore/oxford_PC_HG02.3attempt_0633_1_ch136_file9_strand.fast5	651774
data/AshkenazimTrio/HG002_NA24385_son/CORNELL_Oxford_Nanopore/oxford_PC_HG02.3attempt_0633_1_ch137_file0_strand.fast5	480681
data/AshkenazimTrio/HG002_NA24385_son/CORNELL_Oxford_Nanopore/oxford_PC_HG02.3attempt_0633_1_ch137_file15_strand.fast5	2772136
data/AshkenazimTrio/HG002_NA24385_son/CORNELL_Oxford_Nanopore/oxford_PC_HG02.3attempt_0633_1_ch13_file14_strand.fast5	423301
data/AshkenazimTrio/HG002_NA24385_son/CORNELL_Oxford_Nanopore/oxford_PC_HG02.3attempt_0633_1_ch13_file18_strand.fast5	978785
data/AshkenazimTrio/HG002_NA24385_son/CORNELL_Oxford_Nanopore/oxford_PC_HG02.3attempt_0633_1_ch13_file4_strand.fast5	1451990
data/AshkenazimTrio/HG002_NA24385_son/CORNELL_Oxford_Nanopore/oxford_PC_HG02.3attempt_0633_1_ch13_file7_strand.fast5	1891641
data/AshkenazimTrio/HG002_NA24385_son/CORNELL_Oxford_Nanopore/oxford_PC_HG02.3attempt_0633_1_ch13_file9_strand.fast5	2001014
data/AshkenazimTrio/HG002_NA24385_son/CORNELL_Oxford_Nanopore/oxford_PC_HG02.3attempt_0633_1_ch140_file11_strand.fast5	1618975
data/AshkenazimTrio/HG002_NA24385_son/CORNELL_Oxford_Nanopore/oxford_PC_HG02.3attempt_0633_1_ch140_file120_strand.fast5	929516
data/AshkenazimTrio/HG002_NA24385_son/CORNELL_Oxford_Nanopore/oxford_PC_HG02.3attempt_0633_1_ch140_file14_strand.fast5	2605372
data/AshkenazimTrio/HG002_NA24385_son/CORNELL_Oxford_Nanopore/oxford_PC_HG02.3attempt_0633_1_ch140_file19_strand.fast5	384787
data/AshkenazimTrio/HG002_NA24385_son/CORNELL_Oxford_Nanopore/oxford_PC_HG02.3attempt_0633_1_ch140_file1_strand.fast5	1741186
data/AshkenazimTrio/HG002_NA24385_son/CORNELL_Oxford_Nanopore/oxford_PC_HG02.3attempt_0633_1_ch140_file28_strand.fast5	2349365
data/AshkenazimTrio/HG002_NA24385_son/CORNELL_Oxford_Nanopore/oxford_PC_HG02.3attempt_0633_1_ch140_file5_strand.fast5	1305043
data/AshkenazimTrio/HG002_NA24385_son/CORNELL_Oxford_Nanopore/oxford_PC_HG02.3attempt_0633_1_ch141_file114_strand.fast5	2880144
data/AshkenazimTrio/HG002_NA24385_son/CORNELL_Oxford_Nanopore/oxford_PC_HG02.3attempt_0633_1_ch141_file119_strand.fast5	2821974
data/AshkenazimTrio/HG002_NA24385_son/CORNELL_Oxford_Nanopore/oxford_PC_HG02.3attempt_0633_1_ch141_file13_strand.fast5	899897
data/AshkenazimTrio/HG002_NA24385_son/CORNELL_Oxford_Nanopore/oxford_PC_HG02.3attempt_0633_1_ch141_file17_strand.fast5	1672990
data/AshkenazimTrio/HG002_NA24385_son/CORNELL_Oxford_Nanopore/oxford_PC_HG02.3attempt_0633_1_ch141_file27_strand.fast5	2213124
data/AshkenazimTrio/HG002_NA24385_son/CORNELL_Oxford_Nanopore/oxford_PC_HG02.3attempt_0633_1_ch141_file34_strand.fast5	2146475
data/AshkenazimTrio/HG002_NA24385_son/CORNELL_Oxford_Nanopore/oxford_PC_HG02.3attempt_0633_1_ch141_file40_strand.fast5	1400737
data/AshkenazimTrio/HG002_NA24385_son/CORNELL_Oxford_Nanopore/oxford_PC_HG02.3attempt_0633_1_ch141_file51_strand.fast5	2726461
data/AshkenazimTrio/HG002_NA24385_son/CORNELL_Oxford_Nanopore/oxford_PC_HG02.3attempt_0633_1_ch141_file9_strand.fast5	929248
data/AshkenazimTrio/HG002_NA24385_son/CORNELL_Oxford_Nanopore/oxford_PC_HG02.3attempt_0633_1_ch142_file132_strand.fast5	1770889
data/AshkenazimTrio/HG002_NA24385_son/CORNELL_Oxford_Nanopore/oxford_PC_HG02.3attempt_0633_1_ch142_file13_strand.fast5	2851850
data/AshkenazimTrio/HG002_NA24385_son/CORNELL_Oxford_Nanopore/oxford_PC_HG02.3attempt_0633_1_ch142_file35_strand.fast5	2436770
data/AshkenazimTrio/HG002_NA24385_son/CORNELL_Oxford_Nanopore/oxford_PC_HG02.3attempt_0633_1_ch142_file41_strand.fast5	1359424
data/AshkenazimTrio/HG002_NA24385_son/CORNELL_Oxford_Nanopore/oxford_PC_HG02.3attempt_0633_1_ch142_file42_strand.fast5	1248033
data/AshkenazimTrio/HG002_NA24385_son/CORNELL_Oxford_Nanopore/oxford_PC_HG02.3attempt_0633_1_ch142_file52_strand.fast5	2666989
data/AshkenazimTrio/HG002_NA24385_son/CORNELL_Oxford_Nanopore/oxford_PC_HG02.3attempt_0633_1_ch142_file5_strand.fast5	1803369
data/AshkenazimTrio/HG002_NA24385_son/CORNELL_Oxford_Nanopore/oxford_PC_HG02.3attempt_0633_1_ch142_file63_strand.fast5	1300567
data/AshkenazimTrio/HG002_NA24385_son/CORNELL_Oxford_Nanopore/oxford_PC_HG02.3attempt_0633_1_ch142_file68_strand.fast5	2140397
data/AshkenazimTrio/HG002_NA24385_son/CORNELL_Oxford_Nanopore/oxford_PC_HG02.3attempt_0633_1_ch142_file91_strand.fast5	595361
data/AshkenazimTrio/HG002_NA24385_son/CORNELL_Oxford_Nanopore/oxford_PC_HG02.3attempt_0633_1_ch143_file13_strand.fast5	2051293
data/AshkenazimTrio/HG002_NA24385_son/CORNELL_Oxford_Nanopore/oxford_PC_HG02.3attempt_0633_1_ch143_file14_strand.fast5	1722599
data/AshkenazimTrio/HG002_NA24385_son/CORNELL_Oxford_Nanopore/oxford_PC_HG02.3attempt_0633_1_ch143_file23_strand.fast5	3329350
data/AshkenazimTrio/HG002_NA24385_son/CORNELL_Oxford_Nanopore/oxford_PC_HG02.3attempt_0633_1_ch143_file24_strand.fast5	3746438
data/AshkenazimTrio/HG002_NA24385_son/CORNELL_Oxford_Nanopore/oxford_PC_HG02.3attempt_0633_1_ch143_file29_strand.fast5	2010225
data/AshkenazimTrio/HG002_NA24385_son/CORNELL_Oxford_Nanopore/oxford_PC_HG02.3attempt_0633_1_ch143_file2_strand.fast5	1491984
data/AshkenazimTrio/HG002_NA24385_son/CORNELL_Oxford_Nanopore/oxford_PC_HG02.3attempt_0633_1_ch143_file46_strand.fast5	980513
data/AshkenazimTrio/HG002_NA24385_son/CORNELL_Oxford_Nanopore/oxford_PC_HG02.3attempt_0633_1_ch143_file4_strand.fast5	2090767
data/AshkenazimTrio/HG002_NA24385_son/CORNELL_Oxford_Nanopore/oxford_PC_HG02.3attempt_0633_1_ch143_file56_strand.fast5	1870430
data/AshkenazimTrio/HG002_NA24385_son/CORNELL_Oxford_Nanopore/oxford_PC_HG02.3attempt_0633_1_ch143_file74_strand.fast5	2026070
data/AshkenazimTrio/HG002_NA24385_son/CORNELL_Oxford_Nanopore/oxford_PC_HG02.3attempt_0633_1_ch143_file7_strand.fast5	1680470
data/AshkenazimTrio/HG002_NA24385_son/CORNELL_Oxford_Nanopore/oxford_PC_HG02.3attempt_0633_1_ch143_file84_strand.fast5	2874166
data/AshkenazimTrio/HG002_NA24385_son/CORNELL_Oxford_Nanopore/oxford_PC_HG02.3attempt_0633_1_ch144_file0_strand.fast5	1239060
data/AshkenazimTrio/HG002_NA24385_son/CORNELL_Oxford_Nanopore/oxford_PC_HG02.3attempt_0633_1_ch144_file112_strand.fast5	2071187
data/AshkenazimTrio/HG002_NA24385_son/CORNELL_Oxford_Nanopore/oxford_PC_HG02.3attempt_0633_1_ch144_file13_strand.fast5	1646527
data/AshkenazimTrio/HG002_NA24385_son/CORNELL_Oxford_Nanopore/oxford_PC_HG02.3attempt_0633_1_ch144_file49_strand.fast5	3010081
data/AshkenazimTrio/HG002_NA24385_son/CORNELL_Oxford_Nanopore/oxford_PC_HG02.3attempt_0633_1_ch145_file32_strand.fast5	1309538
data/AshkenazimTrio/HG002_NA24385_son/CORNELL_Oxford_Nanopore/oxford_PC_HG02.3attempt_0633_1_ch145_file35_strand.fast5	1276529
data/AshkenazimTrio/HG002_NA24385_son/CORNELL_Oxford_Nanopore/oxford_PC_HG02.3attempt_0633_1_ch145_file44_strand.fast5	2322828
data/AshkenazimTrio/HG002_NA24385_son/CORNELL_Oxford_Nanopore/oxford_PC_HG02.3attempt_0633_1_ch145_file68_strand.fast5	2068341
data/AshkenazimTrio/HG002_NA24385_son/CORNELL_Oxford_Nanopore/oxford_PC_HG02.3attempt_0633_1_ch145_file7_strand.fast5	2603124
data/AshkenazimTrio/HG002_NA24385_son/CORNELL_Oxford_Nanopore/oxford_PC_HG02.3attempt_0633_1_ch146_file18_strand.fast5	2470969
data/AshkenazimTrio/HG002_NA24385_son/CORNELL_Oxford_Nanopore/oxford_PC_HG02.3attempt_0633_1_ch146_file193_strand.fast5	2040789
data/AshkenazimTrio/HG002_NA24385_son/CORNELL_Oxford_Nanopore/oxford_PC_HG02.3attempt_0633_1_ch146_file196_strand.fast5	2262401
data/AshkenazimTrio/HG002_NA24385_son/CORNELL_Oxford_Nanopore/oxford_PC_HG02.3attempt_0633_1_ch146_file199_strand.fast5	1011642
data/AshkenazimTrio/HG002_NA24385_son/CORNELL_Oxford_Nanopore/oxford_PC_HG02.3attempt_0633_1_ch146_file213_strand.fast5	1850298
data/AshkenazimTrio/HG002_NA24385_son/CORNELL_Oxford_Nanopore/oxford_PC_HG02.3attempt_0633_1_ch146_file231_strand.fast5	2141910
data/AshkenazimTrio/HG002_NA24385_son/CORNELL_Oxford_Nanopore/oxford_PC_HG02.3attempt_0633_1_ch146_file2_strand.fast5	385636
data/AshkenazimTrio/HG002_NA24385_son/CORNELL_Oxford_Nanopore/oxford_PC_HG02.3attempt_0633_1_ch146_file36_strand.fast5	1142991
data/AshkenazimTrio/HG002_NA24385_son/CORNELL_Oxford_Nanopore/oxford_PC_HG02.3attempt_0633_1_ch146_file44_strand.fast5	1770202
data/AshkenazimTrio/HG002_NA24385_son/CORNELL_Oxford_Nanopore/oxford_PC_HG02.3attempt_0633_1_ch146_file67_strand.fast5	1584406
data/AshkenazimTrio/HG002_NA24385_son/CORNELL_Oxford_Nanopore/oxford_PC_HG02.3attempt_0633_1_ch146_file89_strand.fast5	2023675
data/AshkenazimTrio/HG002_NA24385_son/CORNELL_Oxford_Nanopore/oxford_PC_HG02.3attempt_0633_1_ch146_file9_strand.fast5	1741813
data/AshkenazimTrio/HG002_NA24385_son/CORNELL_Oxford_Nanopore/oxford_PC_HG02.3attempt_0633_1_ch147_file104_strand.fast5	3872755
data/AshkenazimTrio/HG002_NA24385_son/CORNELL_Oxford_Nanopore/oxford_PC_HG02.3attempt_0633_1_ch147_file133_strand.fast5	2309405
data/AshkenazimTrio/HG002_NA24385_son/CORNELL_Oxford_Nanopore/oxford_PC_HG02.3attempt_0633_1_ch147_file13_strand.fast5	1260679
data/AshkenazimTrio/HG002_NA24385_son/CORNELL_Oxford_Nanopore/oxford_PC_HG02.3attempt_0633_1_ch147_file18_strand.fast5	2249943
data/AshkenazimTrio/HG002_NA24385_son/CORNELL_Oxford_Nanopore/oxford_PC_HG02.3attempt_0633_1_ch147_file23_strand.fast5	1777132
data/AshkenazimTrio/HG002_NA24385_son/CORNELL_Oxford_Nanopore/oxford_PC_HG02.3attempt_0633_1_ch147_file32_strand.fast5	3196006
data/AshkenazimTrio/HG002_NA24385_son/CORNELL_Oxford_Nanopore/oxford_PC_HG02.3attempt_0633_1_ch147_file35_strand.fast5	2092808
data/AshkenazimTrio/HG002_NA24385_son/CORNELL_Oxford_Nanopore/oxford_PC_HG02.3attempt_0633_1_ch147_file41_strand.fast5	406647
data/AshkenazimTrio/HG002_NA24385_son/CORNELL_Oxford_Nanopore/oxford_PC_HG02.3attempt_0633_1_ch147_file42_strand.fast5	2571922
data/AshkenazimTrio/HG002_NA24385_son/CORNELL_Oxford_Nanopore/oxford_PC_HG02.3attempt_0633_1_ch147_file49_strand.fast5	1991997
data/AshkenazimTrio/HG002_NA24385_son/CORNELL_Oxford_Nanopore/oxford_PC_HG02.3attempt_0633_1_ch147_file55_strand.fast5	2988568
data/AshkenazimTrio/HG002_NA24385_son/CORNELL_Oxford_Nanopore/oxford_PC_HG02.3attempt_0633_1_ch147_file72_strand.fast5	715163
data/AshkenazimTrio/HG002_NA24385_son/CORNELL_Oxford_Nanopore/oxford_PC_HG02.3attempt_0633_1_ch147_file73_strand.fast5	619559
data/AshkenazimTrio/HG002_NA24385_son/CORNELL_Oxford_Nanopore/oxford_PC_HG02.3attempt_0633_1_ch147_file81_strand.fast5	2850047
data/AshkenazimTrio/HG002_NA24385_son/CORNELL_Oxford_Nanopore/oxford_PC_HG02.3attempt_0633_1_ch147_file97_strand.fast5	1292383
data/AshkenazimTrio/HG002_NA24385_son/CORNELL_Oxford_Nanopore/oxford_PC_HG02.3attempt_0633_1_ch148_file10_strand.fast5	1809478
data/AshkenazimTrio/HG002_NA24385_son/CORNELL_Oxford_Nanopore/oxford_PC_HG02.3attempt_0633_1_ch148_file23_strand.fast5	2255166
data/AshkenazimTrio/HG002_NA24385_son/CORNELL_Oxford_Nanopore/oxford_PC_HG02.3attempt_0633_1_ch148_file34_strand.fast5	1324602
data/AshkenazimTrio/HG002_NA24385_son/CORNELL_Oxford_Nanopore/oxford_PC_HG02.3attempt_0633_1_ch148_file39_strand.fast5	1068460
data/AshkenazimTrio/HG002_NA24385_son/CORNELL_Oxford_Nanopore/oxford_PC_HG02.3attempt_0633_1_ch148_file47_strand.fast5	3401062
data/AshkenazimTrio/HG002_NA24385_son/CORNELL_Oxford_Nanopore/oxford_PC_HG02.3attempt_0633_1_ch148_file50_strand.fast5	1091181
data/AshkenazimTrio/HG002_NA24385_son/CORNELL_Oxford_Nanopore/oxford_PC_HG02.3attempt_0633_1_ch148_file5_strand.fast5	2321622
data/AshkenazimTrio/HG002_NA24385_son/CORNELL_Oxford_Nanopore/oxford_PC_HG02.3attempt_0633_1_ch148_file67_strand.fast5	1057911
data/AshkenazimTrio/HG002_NA24385_son/CORNELL_Oxford_Nanopore/oxford_PC_HG02.3attempt_0633_1_ch148_file69_strand.fast5	2889879
data/AshkenazimTrio/HG002_NA24385_son/CORNELL_Oxford_Nanopore/oxford_PC_HG02.3attempt_0633_1_ch148_file70_strand.fast5	1472417
data/AshkenazimTrio/HG002_NA24385_son/CORNELL_Oxford_Nanopore/oxford_PC_HG02.3attempt_0633_1_ch149_file12_strand.fast5	1606089
data/AshkenazimTrio/HG002_NA24385_son/CORNELL_Oxford_Nanopore/oxford_PC_HG02.3attempt_0633_1_ch149_file156_strand.fast5	1107703
data/AshkenazimTrio/HG002_NA24385_son/CORNELL_Oxford_Nanopore/oxford_PC_HG02.3attempt_0633_1_ch149_file159_strand.fast5	2018099
data/AshkenazimTrio/HG002_NA24385_son/CORNELL_Oxford_Nanopore/oxford_PC_HG02.3attempt_0633_1_ch149_file182_strand.fast5	1518834
data/AshkenazimTrio/HG002_NA24385_son/CORNELL_Oxford_Nanopore/oxford_PC_HG02.3attempt_0633_1_ch149_file19_strand.fast5	964184
data/AshkenazimTrio/HG002_NA24385_son/CORNELL_Oxford_Nanopore/oxford_PC_HG02.3attempt_0633_1_ch149_file20_strand.fast5	2504107
data/AshkenazimTrio/HG002_NA24385_son/CORNELL_Oxford_Nanopore/oxford_PC_HG02.3attempt_0633_1_ch149_file35_strand.fast5	2552996
data/AshkenazimTrio/HG002_NA24385_son/CORNELL_Oxford_Nanopore/oxford_PC_HG02.3attempt_0633_1_ch149_file3_strand.fast5	542457
data/AshkenazimTrio/HG002_NA24385_son/CORNELL_Oxford_Nanopore/oxford_PC_HG02.3attempt_0633_1_ch149_file41_strand.fast5	3310023
data/AshkenazimTrio/HG002_NA24385_son/CORNELL_Oxford_Nanopore/oxford_PC_HG02.3attempt_0633_1_ch149_file42_strand.fast5	2417228
data/AshkenazimTrio/HG002_NA24385_son/CORNELL_Oxford_Nanopore/oxford_PC_HG02.3attempt_0633_1_ch149_file44_strand.fast5	2746222
data/AshkenazimTrio/HG002_NA24385_son/CORNELL_Oxford_Nanopore/oxford_PC_HG02.3attempt_0633_1_ch149_file87_strand.fast5	2752824
data/AshkenazimTrio/HG002_NA24385_son/CORNELL_Oxford_Nanopore/oxford_PC_HG02.3attempt_0633_1_ch149_file8_strand.fast5	1086005
data/AshkenazimTrio/HG002_NA24385_son/CORNELL_Oxford_Nanopore/oxford_PC_HG02.3attempt_0633_1_ch149_file93_strand.fast5	1348135
data/AshkenazimTrio/HG002_NA24385_son/CORNELL_Oxford_Nanopore/oxford_PC_HG02.3attempt_0633_1_ch149_file9_strand.fast5	1715316
data/AshkenazimTrio/HG002_NA24385_son/CORNELL_Oxford_Nanopore/oxford_PC_HG02.3attempt_0633_1_ch14_file32_strand.fast5	2953719
data/AshkenazimTrio/HG002_NA24385_son/CORNELL_Oxford_Nanopore/oxford_PC_HG02.3attempt_0633_1_ch14_file5_strand.fast5	2664213
data/AshkenazimTrio/HG002_NA24385_son/CORNELL_Oxford_Nanopore/oxford_PC_HG02.3attempt_0633_1_ch14_file9_strand.fast5	771209
data/AshkenazimTrio/HG002_NA24385_son/CORNELL_Oxford_Nanopore/oxford_PC_HG02.3attempt_0633_1_ch150_file11_strand.fast5	1133455
data/AshkenazimTrio/HG002_NA24385_son/CORNELL_Oxford_Nanopore/oxford_PC_HG02.3attempt_0633_1_ch150_file15_strand.fast5	1944866
data/AshkenazimTrio/HG002_NA24385_son/CORNELL_Oxford_Nanopore/oxford_PC_HG02.3attempt_0633_1_ch150_file30_strand.fast5	2332968
data/AshkenazimTrio/HG002_NA24385_son/CORNELL_Oxford_Nanopore/oxford_PC_HG02.3attempt_0633_1_ch150_file31_strand.fast5	1686169
data/AshkenazimTrio/HG002_NA24385_son/CORNELL_Oxford_Nanopore/oxford_PC_HG02.3attempt_0633_1_ch150_file4_strand.fast5	1615904
data/AshkenazimTrio/HG002_NA24385_son/CORNELL_Oxford_Nanopore/oxford_PC_HG02.3attempt_0633_1_ch150_file51_strand.fast5	2235378
data/AshkenazimTrio/HG002_NA24385_son/CORNELL_Oxford_Nanopore/oxford_PC_HG02.3attempt_0633_1_ch150_file54_strand.fast5	1991037
data/AshkenazimTrio/HG002_NA24385_son/CORNELL_Oxford_Nanopore/oxford_PC_HG02.3attempt_0633_1_ch150_file72_strand.fast5	1803326
data/AshkenazimTrio/HG002_NA24385_son/CORNELL_Oxford_Nanopore/oxford_PC_HG02.3attempt_0633_1_ch150_file87_strand.fast5	1703109
data/AshkenazimTrio/HG002_NA24385_son/CORNELL_Oxford_Nanopore/oxford_PC_HG02.3attempt_0633_1_ch150_file8_strand.fast5	3572587
data/AshkenazimTrio/HG002_NA24385_son/CORNELL_Oxford_Nanopore/oxford_PC_HG02.3attempt_0633_1_ch150_file9_strand.fast5	1617912
data/AshkenazimTrio/HG002_NA24385_son/CORNELL_Oxford_Nanopore/oxford_PC_HG02.3attempt_0633_1_ch151_file100_strand.fast5	3009148
data/AshkenazimTrio/HG002_NA24385_son/CORNELL_Oxford_Nanopore/oxford_PC_HG02.3attempt_0633_1_ch151_file102_strand.fast5	3208049
data/AshkenazimTrio/HG002_NA24385_son/CORNELL_Oxford_Nanopore/oxford_PC_HG02.3attempt_0633_1_ch151_file110_strand.fast5	1959997
data/AshkenazimTrio/HG002_NA24385_son/CORNELL_Oxford_Nanopore/oxford_PC_HG02.3attempt_0633_1_ch151_file15_strand.fast5	687330
data/AshkenazimTrio/HG002_NA24385_son/CORNELL_Oxford_Nanopore/oxford_PC_HG02.3attempt_0633_1_ch151_file16_strand.fast5	2382183
data/AshkenazimTrio/HG002_NA24385_son/CORNELL_Oxford_Nanopore/oxford_PC_HG02.3attempt_0633_1_ch151_file19_strand.fast5	2445346
data/AshkenazimTrio/HG002_NA24385_son/CORNELL_Oxford_Nanopore/oxford_PC_HG02.3attempt_0633_1_ch151_file20_strand.fast5	3137781
data/AshkenazimTrio/HG002_NA24385_son/CORNELL_Oxford_Nanopore/oxford_PC_HG02.3attempt_0633_1_ch151_file42_strand.fast5	1954833
data/AshkenazimTrio/HG002_NA24385_son/CORNELL_Oxford_Nanopore/oxford_PC_HG02.3attempt_0633_1_ch151_file67_strand.fast5	2375335
data/AshkenazimTrio/HG002_NA24385_son/CORNELL_Oxford_Nanopore/oxford_PC_HG02.3attempt_0633_1_ch151_file6_strand.fast5	1740799
data/AshkenazimTrio/HG002_NA24385_son/CORNELL_Oxford_Nanopore/oxford_PC_HG02.3attempt_0633_1_ch151_file7_strand.fast5	1663019
data/AshkenazimTrio/HG002_NA24385_son/CORNELL_Oxford_Nanopore/oxford_PC_HG02.3attempt_0633_1_ch151_file86_strand.fast5	1049465
data/AshkenazimTrio/HG002_NA24385_son/CORNELL_Oxford_Nanopore/oxford_PC_HG02.3attempt_0633_1_ch151_file92_strand.fast5	2143512
data/AshkenazimTrio/HG002_NA24385_son/CORNELL_Oxford_Nanopore/oxford_PC_HG02.3attempt_0633_1_ch152_file11_strand.fast5	4303781
data/AshkenazimTrio/HG002_NA24385_son/CORNELL_Oxford_Nanopore/oxford_PC_HG02.3attempt_0633_1_ch152_file12_strand.fast5	1847813
data/AshkenazimTrio/HG002_NA24385_son/CORNELL_Oxford_Nanopore/oxford_PC_HG02.3attempt_0633_1_ch152_file14_strand.fast5	585469
data/AshkenazimTrio/HG002_NA24385_son/CORNELL_Oxford_Nanopore/oxford_PC_HG02.3attempt_0633_1_ch152_file34_strand.fast5	867593
data/AshkenazimTrio/HG002_NA24385_son/CORNELL_Oxford_Nanopore/oxford_PC_HG02.3attempt_0633_1_ch152_file3_strand.fast5	2069163
data/AshkenazimTrio/HG002_NA24385_son/CORNELL_Oxford_Nanopore/oxford_PC_HG02.3attempt_0633_1_ch152_file58_strand.fast5	1579187
data/AshkenazimTrio/HG002_NA24385_son/CORNELL_Oxford_Nanopore/oxford_PC_HG02.3attempt_0633_1_ch152_file63_strand.fast5	843026
data/AshkenazimTrio/HG002_NA24385_son/CORNELL_Oxford_Nanopore/oxford_PC_HG02.3attempt_0633_1_ch152_file77_strand.fast5	3532151
data/AshkenazimTrio/HG002_NA24385_son/CORNELL_Oxford_Nanopore/oxford_PC_HG02.3attempt_0633_1_ch152_file79_strand.fast5	1551055
data/AshkenazimTrio/HG002_NA24385_son/CORNELL_Oxford_Nanopore/oxford_PC_HG02.3attempt_0633_1_ch153_file20_strand.fast5	2810941
data/AshkenazimTrio/HG002_NA24385_son/CORNELL_Oxford_Nanopore/oxford_PC_HG02.3attempt_0633_1_ch153_file34_strand.fast5	1810371
data/AshkenazimTrio/HG002_NA24385_son/CORNELL_Oxford_Nanopore/oxford_PC_HG02.3attempt_0633_1_ch153_file3_strand.fast5	1162493
data/AshkenazimTrio/HG002_NA24385_son/CORNELL_Oxford_Nanopore/oxford_PC_HG02.3attempt_0633_1_ch153_file51_strand.fast5	3063609
data/AshkenazimTrio/HG002_NA24385_son/CORNELL_Oxford_Nanopore/oxford_PC_HG02.3attempt_0633_1_ch153_file53_strand.fast5	1648079
data/AshkenazimTrio/HG002_NA24385_son/CORNELL_Oxford_Nanopore/oxford_PC_HG02.3attempt_0633_1_ch153_file55_strand.fast5	975940
data/AshkenazimTrio/HG002_NA24385_son/CORNELL_Oxford_Nanopore/oxford_PC_HG02.3attempt_0633_1_ch153_file6_strand.fast5	753398
data/AshkenazimTrio/HG002_NA24385_son/CORNELL_Oxford_Nanopore/oxford_PC_HG02.3attempt_0633_1_ch154_file10_strand.fast5	2014860
data/AshkenazimTrio/HG002_NA24385_son/CORNELL_Oxford_Nanopore/oxford_PC_HG02.3attempt_0633_1_ch154_file153_strand.fast5	1764565
data/AshkenazimTrio/HG002_NA24385_son/CORNELL_Oxford_Nanopore/oxford_PC_HG02.3attempt_0633_1_ch154_file166_strand.fast5	1175880
data/AshkenazimTrio/HG002_NA24385_son/CORNELL_Oxford_Nanopore/oxford_PC_HG02.3attempt_0633_1_ch154_file188_strand.fast5	1628319
data/AshkenazimTrio/HG002_NA24385_son/CORNELL_Oxford_Nanopore/oxford_PC_HG02.3attempt_0633_1_ch154_file21_strand.fast5	3214378
data/AshkenazimTrio/HG002_NA24385_son/CORNELL_Oxford_Nanopore/oxford_PC_HG02.3attempt_0633_1_ch154_file24_strand.fast5	1831496
data/AshkenazimTrio/HG002_NA24385_son/CORNELL_Oxford_Nanopore/oxford_PC_HG02.3attempt_0633_1_ch154_file33_strand.fast5	1318671
data/AshkenazimTrio/HG002_NA24385_son/CORNELL_Oxford_Nanopore/oxford_PC_HG02.3attempt_0633_1_ch154_file34_strand.fast5	1914309
data/AshkenazimTrio/HG002_NA24385_son/CORNELL_Oxford_Nanopore/oxford_PC_HG02.3attempt_0633_1_ch154_file37_strand.fast5	1028743
data/AshkenazimTrio/HG002_NA24385_son/CORNELL_Oxford_Nanopore/oxford_PC_HG02.3attempt_0633_1_ch154_file41_strand.fast5	462569
data/AshkenazimTrio/HG002_NA24385_son/CORNELL_Oxford_Nanopore/oxford_PC_HG02.3attempt_0633_1_ch154_file45_strand.fast5	679129
data/AshkenazimTrio/HG002_NA24385_son/CORNELL_Oxford_Nanopore/oxford_PC_HG02.3attempt_0633_1_ch154_file47_strand.fast5	3189556
data/AshkenazimTrio/HG002_NA24385_son/CORNELL_Oxford_Nanopore/oxford_PC_HG02.3attempt_0633_1_ch154_file53_strand.fast5	2874489
data/AshkenazimTrio/HG002_NA24385_son/CORNELL_Oxford_Nanopore/oxford_PC_HG02.3attempt_0633_1_ch154_file64_strand.fast5	3635754
data/AshkenazimTrio/HG002_NA24385_son/CORNELL_Oxford_Nanopore/oxford_PC_HG02.3attempt_0633_1_ch154_file71_strand.fast5	1225372
data/AshkenazimTrio/HG002_NA24385_son/CORNELL_Oxford_Nanopore/oxford_PC_HG02.3attempt_0633_1_ch155_file104_strand.fast5	2193732
data/AshkenazimTrio/HG002_NA24385_son/CORNELL_Oxford_Nanopore/oxford_PC_HG02.3attempt_0633_1_ch155_file10_strand.fast5	3160555
data/AshkenazimTrio/HG002_NA24385_son/CORNELL_Oxford_Nanopore/oxford_PC_HG02.3attempt_0633_1_ch155_file110_strand.fast5	2008975
data/AshkenazimTrio/HG002_NA24385_son/CORNELL_Oxford_Nanopore/oxford_PC_HG02.3attempt_0633_1_ch155_file112_strand.fast5	4583993
data/AshkenazimTrio/HG002_NA24385_son/CORNELL_Oxford_Nanopore/oxford_PC_HG02.3attempt_0633_1_ch155_file113_strand.fast5	3477582
data/AshkenazimTrio/HG002_NA24385_son/CORNELL_Oxford_Nanopore/oxford_PC_HG02.3attempt_0633_1_ch155_file123_strand.fast5	1606958
data/AshkenazimTrio/HG002_NA24385_son/CORNELL_Oxford_Nanopore/oxford_PC_HG02.3attempt_0633_1_ch155_file133_strand.fast5	2213888
data/AshkenazimTrio/HG002_NA24385_son/CORNELL_Oxford_Nanopore/oxford_PC_HG02.3attempt_0633_1_ch155_file146_strand.fast5	2756284
data/AshkenazimTrio/HG002_NA24385_son/CORNELL_Oxford_Nanopore/oxford_PC_HG02.3attempt_0633_1_ch155_file54_strand.fast5	2075551
data/AshkenazimTrio/HG002_NA24385_son/CORNELL_Oxford_Nanopore/oxford_PC_HG02.3attempt_0633_1_ch155_file60_strand.fast5	2627938
data/AshkenazimTrio/HG002_NA24385_son/CORNELL_Oxford_Nanopore/oxford_PC_HG02.3attempt_0633_1_ch155_file62_strand.fast5	2231831
data/AshkenazimTrio/HG002_NA24385_son/CORNELL_Oxford_Nanopore/oxford_PC_HG02.3attempt_0633_1_ch155_file70_strand.fast5	2263544
data/AshkenazimTrio/HG002_NA24385_son/CORNELL_Oxford_Nanopore/oxford_PC_HG02.3attempt_0633_1_ch155_file72_strand.fast5	1625176
data/AshkenazimTrio/HG002_NA24385_son/CORNELL_Oxford_Nanopore/oxford_PC_HG02.3attempt_0633_1_ch155_file77_strand.fast5	3871612
data/AshkenazimTrio/HG002_NA24385_son/CORNELL_Oxford_Nanopore/oxford_PC_HG02.3attempt_0633_1_ch155_file78_strand.fast5	727845
data/AshkenazimTrio/HG002_NA24385_son/CORNELL_Oxford_Nanopore/oxford_PC_HG02.3attempt_0633_1_ch155_file85_strand.fast5	481509
data/AshkenazimTrio/HG002_NA24385_son/CORNELL_Oxford_Nanopore/oxford_PC_HG02.3attempt_0633_1_ch155_file88_strand.fast5	1687475
data/AshkenazimTrio/HG002_NA24385_son/CORNELL_Oxford_Nanopore/oxford_PC_HG02.3attempt_0633_1_ch155_file91_strand.fast5	1662121
data/AshkenazimTrio/HG002_NA24385_son/CORNELL_Oxford_Nanopore/oxford_PC_HG02.3attempt_0633_1_ch156_file28_strand.fast5	3315193
data/AshkenazimTrio/HG002_NA24385_son/CORNELL_Oxford_Nanopore/oxford_PC_HG02.3attempt_0633_1_ch156_file33_strand.fast5	658542
data/AshkenazimTrio/HG002_NA24385_son/CORNELL_Oxford_Nanopore/oxford_PC_HG02.3attempt_0633_1_ch156_file3_strand.fast5	1639619
data/AshkenazimTrio/HG002_NA24385_son/CORNELL_Oxford_Nanopore/oxford_PC_HG02.3attempt_0633_1_ch156_file9_strand.fast5	4081733
data/AshkenazimTrio/HG002_NA24385_son/CORNELL_Oxford_Nanopore/oxford_PC_HG02.3attempt_0633_1_ch157_file0_strand.fast5	628862
data/AshkenazimTrio/HG002_NA24385_son/CORNELL_Oxford_Nanopore/oxford_PC_HG02.3attempt_0633_1_ch157_file106_strand.fast5	1613501
data/AshkenazimTrio/HG002_NA24385_son/CORNELL_Oxford_Nanopore/oxford_PC_HG02.3attempt_0633_1_ch157_file107_strand.fast5	2078463
data/AshkenazimTrio/HG002_NA24385_son/CORNELL_Oxford_Nanopore/oxford_PC_HG02.3attempt_0633_1_ch157_file113_strand.fast5	2553763
data/AshkenazimTrio/HG002_NA24385_son/CORNELL_Oxford_Nanopore/oxford_PC_HG02.3attempt_0633_1_ch157_file114_strand.fast5	1008394
data/AshkenazimTrio/HG002_NA24385_son/CORNELL_Oxford_Nanopore/oxford_PC_HG02.3attempt_0633_1_ch157_file129_strand.fast5	2863187
data/AshkenazimTrio/HG002_NA24385_son/CORNELL_Oxford_Nanopore/oxford_PC_HG02.3attempt_0633_1_ch157_file131_strand.fast5	1199295
data/AshkenazimTrio/HG002_NA24385_son/CORNELL_Oxford_Nanopore/oxford_PC_HG02.3attempt_0633_1_ch157_file134_strand.fast5	1953300
data/AshkenazimTrio/HG002_NA24385_son/CORNELL_Oxford_Nanopore/oxford_PC_HG02.3attempt_0633_1_ch157_file137_strand.fast5	2445246
data/AshkenazimTrio/HG002_NA24385_son/CORNELL_Oxford_Nanopore/oxford_PC_HG02.3attempt_0633_1_ch157_file14_strand.fast5	1736986
data/AshkenazimTrio/HG002_NA24385_son/CORNELL_Oxford_Nanopore/oxford_PC_HG02.3attempt_0633_1_ch157_file16_strand.fast5	1605104
data/AshkenazimTrio/HG002_NA24385_son/CORNELL_Oxford_Nanopore/oxford_PC_HG02.3attempt_0633_1_ch157_file32_strand.fast5	1264798
data/AshkenazimTrio/HG002_NA24385_son/CORNELL_Oxford_Nanopore/oxford_PC_HG02.3attempt_0633_1_ch157_file38_strand.fast5	2742547
data/AshkenazimTrio/HG002_NA24385_son/CORNELL_Oxford_Nanopore/oxford_PC_HG02.3attempt_0633_1_ch157_file39_strand.fast5	2766571
data/AshkenazimTrio/HG002_NA24385_son/CORNELL_Oxford_Nanopore/oxford_PC_HG02.3attempt_0633_1_ch157_file44_strand.fast5	2712720
data/AshkenazimTrio/HG002_NA24385_son/CORNELL_Oxford_Nanopore/oxford_PC_HG02.3attempt_0633_1_ch157_file52_strand.fast5	803009
data/AshkenazimTrio/HG002_NA24385_son/CORNELL_Oxford_Nanopore/oxford_PC_HG02.3attempt_0633_1_ch157_file55_strand.fast5	2275352
data/AshkenazimTrio/HG002_NA24385_son/CORNELL_Oxford_Nanopore/oxford_PC_HG02.3attempt_0633_1_ch157_file56_strand.fast5	867119
data/AshkenazimTrio/HG002_NA24385_son/CORNELL_Oxford_Nanopore/oxford_PC_HG02.3attempt_0633_1_ch157_file60_strand.fast5	1013067
data/AshkenazimTrio/HG002_NA24385_son/CORNELL_Oxford_Nanopore/oxford_PC_HG02.3attempt_0633_1_ch157_file62_strand.fast5	1490416
data/AshkenazimTrio/HG002_NA24385_son/CORNELL_Oxford_Nanopore/oxford_PC_HG02.3attempt_0633_1_ch157_file64_strand.fast5	1788596
data/AshkenazimTrio/HG002_NA24385_son/CORNELL_Oxford_Nanopore/oxford_PC_HG02.3attempt_0633_1_ch157_file79_strand.fast5	1977493
data/AshkenazimTrio/HG002_NA24385_son/CORNELL_Oxford_Nanopore/oxford_PC_HG02.3attempt_0633_1_ch157_file91_strand.fast5	3009648
data/AshkenazimTrio/HG002_NA24385_son/CORNELL_Oxford_Nanopore/oxford_PC_HG02.3attempt_0633_1_ch158_file14_strand.fast5	2931008
data/AshkenazimTrio/HG002_NA24385_son/CORNELL_Oxford_Nanopore/oxford_PC_HG02.3attempt_0633_1_ch158_file36_strand.fast5	3045381
data/AshkenazimTrio/HG002_NA24385_son/CORNELL_Oxford_Nanopore/oxford_PC_HG02.3attempt_0633_1_ch158_file42_strand.fast5	1159238
data/AshkenazimTrio/HG002_NA24385_son/CORNELL_Oxford_Nanopore/oxford_PC_HG02.3attempt_0633_1_ch158_file48_strand.fast5	3193022
data/AshkenazimTrio/HG002_NA24385_son/CORNELL_Oxford_Nanopore/oxford_PC_HG02.3attempt_0633_1_ch158_file6_strand.fast5	2339802
data/AshkenazimTrio/HG002_NA24385_son/CORNELL_Oxford_Nanopore/oxford_PC_HG02.3attempt_0633_1_ch158_file7_strand.fast5	1515570
data/AshkenazimTrio/HG002_NA24385_son/CORNELL_Oxford_Nanopore/oxford_PC_HG02.3attempt_0633_1_ch158_file97_strand.fast5	2275122
data/AshkenazimTrio/HG002_NA24385_son/CORNELL_Oxford_Nanopore/oxford_PC_HG02.3attempt_0633_1_ch158_file9_strand.fast5	2287888
data/AshkenazimTrio/HG002_NA24385_son/CORNELL_Oxford_Nanopore/oxford_PC_HG02.3attempt_0633_1_ch159_file101_strand.fast5	1724426
data/AshkenazimTrio/HG002_NA24385_son/CORNELL_Oxford_Nanopore/oxford_PC_HG02.3attempt_0633_1_ch159_file103_strand.fast5	1793217
data/AshkenazimTrio/HG002_NA24385_son/CORNELL_Oxford_Nanopore/oxford_PC_HG02.3attempt_0633_1_ch159_file120_strand.fast5	1728140
data/AshkenazimTrio/HG002_NA24385_son/CORNELL_Oxford_Nanopore/oxford_PC_HG02.3attempt_0633_1_ch159_file122_strand.fast5	4046447
data/AshkenazimTrio/HG002_NA24385_son/CORNELL_Oxford_Nanopore/oxford_PC_HG02.3attempt_0633_1_ch159_file125_strand.fast5	808865
data/AshkenazimTrio/HG002_NA24385_son/CORNELL_Oxford_Nanopore/oxford_PC_HG02.3attempt_0633_1_ch159_file15_strand.fast5	2616391
data/AshkenazimTrio/HG002_NA24385_son/CORNELL_Oxford_Nanopore/oxford_PC_HG02.3attempt_0633_1_ch159_file17_strand.fast5	2369350
data/AshkenazimTrio/HG002_NA24385_son/CORNELL_Oxford_Nanopore/oxford_PC_HG02.3attempt_0633_1_ch159_file19_strand.fast5	1989665
data/AshkenazimTrio/HG002_NA24385_son/CORNELL_Oxford_Nanopore/oxford_PC_HG02.3attempt_0633_1_ch159_file206_strand.fast5	2521834
data/AshkenazimTrio/HG002_NA24385_son/CORNELL_Oxford_Nanopore/oxford_PC_HG02.3attempt_0633_1_ch159_file213_strand.fast5	3044367
data/AshkenazimTrio/HG002_NA24385_son/CORNELL_Oxford_Nanopore/oxford_PC_HG02.3attempt_0633_1_ch159_file22_strand.fast5	1612988
data/AshkenazimTrio/HG002_NA24385_son/CORNELL_Oxford_Nanopore/oxford_PC_HG02.3attempt_0633_1_ch159_file28_strand.fast5	2207524
data/AshkenazimTrio/HG002_NA24385_son/CORNELL_Oxford_Nanopore/oxford_PC_HG02.3attempt_0633_1_ch159_file36_strand.fast5	2255611
data/AshkenazimTrio/HG002_NA24385_son/CORNELL_Oxford_Nanopore/oxford_PC_HG02.3attempt_0633_1_ch159_file40_strand.fast5	3575405
data/AshkenazimTrio/HG002_NA24385_son/CORNELL_Oxford_Nanopore/oxford_PC_HG02.3attempt_0633_1_ch159_file45_strand.fast5	3343725
data/AshkenazimTrio/HG002_NA24385_son/CORNELL_Oxford_Nanopore/oxford_PC_HG02.3attempt_0633_1_ch159_file47_strand.fast5	1066590
data/AshkenazimTrio/HG002_NA24385_son/CORNELL_Oxford_Nanopore/oxford_PC_HG02.3attempt_0633_1_ch159_file51_strand.fast5	2662467
data/AshkenazimTrio/HG002_NA24385_son/CORNELL_Oxford_Nanopore/oxford_PC_HG02.3attempt_0633_1_ch159_file7_strand.fast5	1806375
data/AshkenazimTrio/HG002_NA24385_son/CORNELL_Oxford_Nanopore/oxford_PC_HG02.3attempt_0633_1_ch159_file81_strand.fast5	739880
data/AshkenazimTrio/HG002_NA24385_son/CORNELL_Oxford_Nanopore/oxford_PC_HG02.3attempt_0633_1_ch15_file143_strand.fast5	2170325
data/AshkenazimTrio/HG002_NA24385_son/CORNELL_Oxford_Nanopore/oxford_PC_HG02.3attempt_0633_1_ch15_file148_strand.fast5	3201394
data/AshkenazimTrio/HG002_NA24385_son/CORNELL_Oxford_Nanopore/oxford_PC_HG02.3attempt_0633_1_ch15_file16_strand.fast5	1704645
data/AshkenazimTrio/HG002_NA24385_son/CORNELL_Oxford_Nanopore/oxford_PC_HG02.3attempt_0633_1_ch15_file17_strand.fast5	1452251
data/AshkenazimTrio/HG002_NA24385_son/CORNELL_Oxford_Nanopore/oxford_PC_HG02.3attempt_0633_1_ch15_file1_strand.fast5	2005772
data/AshkenazimTrio/HG002_NA24385_son/CORNELL_Oxford_Nanopore/oxford_PC_HG02.3attempt_0633_1_ch15_file24_strand.fast5	674697
data/AshkenazimTrio/HG002_NA24385_son/CORNELL_Oxford_Nanopore/oxford_PC_HG02.3attempt_0633_1_ch15_file26_strand.fast5	3268100
data/AshkenazimTrio/HG002_NA24385_son/CORNELL_Oxford_Nanopore/oxford_PC_HG02.3attempt_0633_1_ch15_file38_strand.fast5	2903040
data/AshkenazimTrio/HG002_NA24385_son/CORNELL_Oxford_Nanopore/oxford_PC_HG02.3attempt_0633_1_ch15_file41_strand.fast5	2681987
data/AshkenazimTrio/HG002_NA24385_son/CORNELL_Oxford_Nanopore/oxford_PC_HG02.3attempt_0633_1_ch15_file49_strand.fast5	777655
data/AshkenazimTrio/HG002_NA24385_son/CORNELL_Oxford_Nanopore/oxford_PC_HG02.3attempt_0633_1_ch15_file50_strand.fast5	2849294
data/AshkenazimTrio/HG002_NA24385_son/CORNELL_Oxford_Nanopore/oxford_PC_HG02.3attempt_0633_1_ch15_file51_strand.fast5	3064065
data/AshkenazimTrio/HG002_NA24385_son/CORNELL_Oxford_Nanopore/oxford_PC_HG02.3attempt_0633_1_ch15_file54_strand.fast5	2280755
data/AshkenazimTrio/HG002_NA24385_son/CORNELL_Oxford_Nanopore/oxford_PC_HG02.3attempt_0633_1_ch15_file57_strand.fast5	717316
data/AshkenazimTrio/HG002_NA24385_son/CORNELL_Oxford_Nanopore/oxford_PC_HG02.3attempt_0633_1_ch15_file62_strand.fast5	846345
data/AshkenazimTrio/HG002_NA24385_son/CORNELL_Oxford_Nanopore/oxford_PC_HG02.3attempt_0633_1_ch15_file72_strand.fast5	1779810
data/AshkenazimTrio/HG002_NA24385_son/CORNELL_Oxford_Nanopore/oxford_PC_HG02.3attempt_0633_1_ch15_file73_strand.fast5	1004682
data/AshkenazimTrio/HG002_NA24385_son/CORNELL_Oxford_Nanopore/oxford_PC_HG02.3attempt_0633_1_ch15_file7_strand.fast5	2354584
data/AshkenazimTrio/HG002_NA24385_son/CORNELL_Oxford_Nanopore/oxford_PC_HG02.3attempt_0633_1_ch15_file8_strand.fast5	2373355
data/AshkenazimTrio/HG002_NA24385_son/CORNELL_Oxford_Nanopore/oxford_PC_HG02.3attempt_0633_1_ch161_file127_strand.fast5	2107037
data/AshkenazimTrio/HG002_NA24385_son/CORNELL_Oxford_Nanopore/oxford_PC_HG02.3attempt_0633_1_ch161_file132_strand.fast5	2612386
data/AshkenazimTrio/HG002_NA24385_son/CORNELL_Oxford_Nanopore/oxford_PC_HG02.3attempt_0633_1_ch161_file135_strand.fast5	2032123
data/AshkenazimTrio/HG002_NA24385_son/CORNELL_Oxford_Nanopore/oxford_PC_HG02.3attempt_0633_1_ch161_file140_strand.fast5	4072147
data/AshkenazimTrio/HG002_NA24385_son/CORNELL_Oxford_Nanopore/oxford_PC_HG02.3attempt_0633_1_ch161_file26_strand.fast5	2779565
data/AshkenazimTrio/HG002_NA24385_son/CORNELL_Oxford_Nanopore/oxford_PC_HG02.3attempt_0633_1_ch161_file31_strand.fast5	3354816
data/AshkenazimTrio/HG002_NA24385_son/CORNELL_Oxford_Nanopore/oxford_PC_HG02.3attempt_0633_1_ch161_file49_strand.fast5	2826334
data/AshkenazimTrio/HG002_NA24385_son/CORNELL_Oxford_Nanopore/oxford_PC_HG02.3attempt_0633_1_ch161_file55_strand.fast5	1704459
data/AshkenazimTrio/HG002_NA24385_son/CORNELL_Oxford_Nanopore/oxford_PC_HG02.3attempt_0633_1_ch161_file68_strand.fast5	2176838
data/AshkenazimTrio/HG002_NA24385_son/CORNELL_Oxford_Nanopore/oxford_PC_HG02.3attempt_0633_1_ch161_file75_strand.fast5	1918264
data/AshkenazimTrio/HG002_NA24385_son/CORNELL_Oxford_Nanopore/oxford_PC_HG02.3attempt_0633_1_ch161_file87_strand.fast5	1565547
data/AshkenazimTrio/HG002_NA24385_son/CORNELL_Oxford_Nanopore/oxford_PC_HG02.3attempt_0633_1_ch163_file101_strand.fast5	1644223
data/AshkenazimTrio/HG002_NA24385_son/CORNELL_Oxford_Nanopore/oxford_PC_HG02.3attempt_0633_1_ch163_file109_strand.fast5	2423551
data/AshkenazimTrio/HG002_NA24385_son/CORNELL_Oxford_Nanopore/oxford_PC_HG02.3attempt_0633_1_ch163_file11_strand.fast5	429657
data/AshkenazimTrio/HG002_NA24385_son/CORNELL_Oxford_Nanopore/oxford_PC_HG02.3attempt_0633_1_ch163_file13_strand.fast5	561116
data/AshkenazimTrio/HG002_NA24385_son/CORNELL_Oxford_Nanopore/oxford_PC_HG02.3attempt_0633_1_ch163_file15_strand.fast5	3367932
data/AshkenazimTrio/HG002_NA24385_son/CORNELL_Oxford_Nanopore/oxford_PC_HG02.3attempt_0633_1_ch163_file16_strand.fast5	1938062
data/AshkenazimTrio/HG002_NA24385_son/CORNELL_Oxford_Nanopore/oxford_PC_HG02.3attempt_0633_1_ch163_file20_strand.fast5	1539442
data/AshkenazimTrio/HG002_NA24385_son/CORNELL_Oxford_Nanopore/oxford_PC_HG02.3attempt_0633_1_ch163_file2_strand.fast5	2470286
data/AshkenazimTrio/HG002_NA24385_son/CORNELL_Oxford_Nanopore/oxford_PC_HG02.3attempt_0633_1_ch163_file43_strand.fast5	2337880
data/AshkenazimTrio/HG002_NA24385_son/CORNELL_Oxford_Nanopore/oxford_PC_HG02.3attempt_0633_1_ch163_file46_strand.fast5	2312986
data/AshkenazimTrio/HG002_NA24385_son/CORNELL_Oxford_Nanopore/oxford_PC_HG02.3attempt_0633_1_ch163_file52_strand.fast5	1052521
data/AshkenazimTrio/HG002_NA24385_son/CORNELL_Oxford_Nanopore/oxford_PC_HG02.3attempt_0633_1_ch163_file5_strand.fast5	2856864
data/AshkenazimTrio/HG002_NA24385_son/CORNELL_Oxford_Nanopore/oxford_PC_HG02.3attempt_0633_1_ch163_file60_strand.fast5	2544735
data/AshkenazimTrio/HG002_NA24385_son/CORNELL_Oxford_Nanopore/oxford_PC_HG02.3attempt_0633_1_ch163_file67_strand.fast5	2240955
data/AshkenazimTrio/HG002_NA24385_son/CORNELL_Oxford_Nanopore/oxford_PC_HG02.3attempt_0633_1_ch163_file6_strand.fast5	2300820
data/AshkenazimTrio/HG002_NA24385_son/CORNELL_Oxford_Nanopore/oxford_PC_HG02.3attempt_0633_1_ch163_file72_strand.fast5	1315752
data/AshkenazimTrio/HG002_NA24385_son/CORNELL_Oxford_Nanopore/oxford_PC_HG02.3attempt_0633_1_ch163_file73_strand.fast5	771091
data/AshkenazimTrio/HG002_NA24385_son/CORNELL_Oxford_Nanopore/oxford_PC_HG02.3attempt_0633_1_ch163_file76_strand.fast5	2262738
data/AshkenazimTrio/HG002_NA24385_son/CORNELL_Oxford_Nanopore/oxford_PC_HG02.3attempt_0633_1_ch163_file7_strand.fast5	606147
data/AshkenazimTrio/HG002_NA24385_son/CORNELL_Oxford_Nanopore/oxford_PC_HG02.3attempt_0633_1_ch163_file82_strand.fast5	2896985
data/AshkenazimTrio/HG002_NA24385_son/CORNELL_Oxford_Nanopore/oxford_PC_HG02.3attempt_0633_1_ch163_file96_strand.fast5	2853893
data/AshkenazimTrio/HG002_NA24385_son/CORNELL_Oxford_Nanopore/oxford_PC_HG02.3attempt_0633_1_ch163_file98_strand.fast5	2628947
data/AshkenazimTrio/HG002_NA24385_son/CORNELL_Oxford_Nanopore/oxford_PC_HG02.3attempt_0633_1_ch164_file10_strand.fast5	1323263
data/AshkenazimTrio/HG002_NA24385_son/CORNELL_Oxford_Nanopore/oxford_PC_HG02.3attempt_0633_1_ch164_file4_strand.fast5	3455996
data/AshkenazimTrio/HG002_NA24385_son/CORNELL_Oxford_Nanopore/oxford_PC_HG02.3attempt_0633_1_ch164_file7_strand.fast5	1803269
data/AshkenazimTrio/HG002_NA24385_son/CORNELL_Oxford_Nanopore/oxford_PC_HG02.3attempt_0633_1_ch165_file100_strand.fast5	2657455
data/AshkenazimTrio/HG002_NA24385_son/CORNELL_Oxford_Nanopore/oxford_PC_HG02.3attempt_0633_1_ch165_file14_strand.fast5	1540844
data/AshkenazimTrio/HG002_NA24385_son/CORNELL_Oxford_Nanopore/oxford_PC_HG02.3attempt_0633_1_ch165_file18_strand.fast5	1824220
data/AshkenazimTrio/HG002_NA24385_son/CORNELL_Oxford_Nanopore/oxford_PC_HG02.3attempt_0633_1_ch165_file24_strand.fast5	1275334
data/AshkenazimTrio/HG002_NA24385_son/CORNELL_Oxford_Nanopore/oxford_PC_HG02.3attempt_0633_1_ch165_file30_strand.fast5	1771373
data/AshkenazimTrio/HG002_NA24385_son/CORNELL_Oxford_Nanopore/oxford_PC_HG02.3attempt_0633_1_ch165_file4_strand.fast5	3837127
data/AshkenazimTrio/HG002_NA24385_son/CORNELL_Oxford_Nanopore/oxford_PC_HG02.3attempt_0633_1_ch165_file59_strand.fast5	1320176
data/AshkenazimTrio/HG002_NA24385_son/CORNELL_Oxford_Nanopore/oxford_PC_HG02.3attempt_0633_1_ch165_file63_strand.fast5	3402411
data/AshkenazimTrio/HG002_NA24385_son/CORNELL_Oxford_Nanopore/oxford_PC_HG02.3attempt_0633_1_ch165_file67_strand.fast5	3063281
data/AshkenazimTrio/HG002_NA24385_son/CORNELL_Oxford_Nanopore/oxford_PC_HG02.3attempt_0633_1_ch165_file79_strand.fast5	2804790
data/AshkenazimTrio/HG002_NA24385_son/CORNELL_Oxford_Nanopore/oxford_PC_HG02.3attempt_0633_1_ch165_file89_strand.fast5	1543214
data/AshkenazimTrio/HG002_NA24385_son/CORNELL_Oxford_Nanopore/oxford_PC_HG02.3attempt_0633_1_ch165_file8_strand.fast5	3675440
data/AshkenazimTrio/HG002_NA24385_son/CORNELL_Oxford_Nanopore/oxford_PC_HG02.3attempt_0633_1_ch165_file90_strand.fast5	1556497
data/AshkenazimTrio/HG002_NA24385_son/CORNELL_Oxford_Nanopore/oxford_PC_HG02.3attempt_0633_1_ch165_file92_strand.fast5	2261019
data/AshkenazimTrio/HG002_NA24385_son/CORNELL_Oxford_Nanopore/oxford_PC_HG02.3attempt_0633_1_ch166_file16_strand.fast5	2326157
data/AshkenazimTrio/HG002_NA24385_son/CORNELL_Oxford_Nanopore/oxford_PC_HG02.3attempt_0633_1_ch166_file18_strand.fast5	1274755
data/AshkenazimTrio/HG002_NA24385_son/CORNELL_Oxford_Nanopore/oxford_PC_HG02.3attempt_0633_1_ch166_file35_strand.fast5	3302016
data/AshkenazimTrio/HG002_NA24385_son/CORNELL_Oxford_Nanopore/oxford_PC_HG02.3attempt_0633_1_ch166_file4_strand.fast5	1084661
data/AshkenazimTrio/HG002_NA24385_son/CORNELL_Oxford_Nanopore/oxford_PC_HG02.3attempt_0633_1_ch167_file0_strand.fast5	1860007
data/AshkenazimTrio/HG002_NA24385_son/CORNELL_Oxford_Nanopore/oxford_PC_HG02.3attempt_0633_1_ch167_file10_strand.fast5	950007
data/AshkenazimTrio/HG002_NA24385_son/CORNELL_Oxford_Nanopore/oxford_PC_HG02.3attempt_0633_1_ch167_file11_strand.fast5	1477032
data/AshkenazimTrio/HG002_NA24385_son/CORNELL_Oxford_Nanopore/oxford_PC_HG02.3attempt_0633_1_ch167_file17_strand.fast5	1142905
data/AshkenazimTrio/HG002_NA24385_son/CORNELL_Oxford_Nanopore/oxford_PC_HG02.3attempt_0633_1_ch167_file21_strand.fast5	1989449
data/AshkenazimTrio/HG002_NA24385_son/CORNELL_Oxford_Nanopore/oxford_PC_HG02.3attempt_0633_1_ch167_file22_strand.fast5	2227966
data/AshkenazimTrio/HG002_NA24385_son/CORNELL_Oxford_Nanopore/oxford_PC_HG02.3attempt_0633_1_ch167_file25_strand.fast5	882070
data/AshkenazimTrio/HG002_NA24385_son/CORNELL_Oxford_Nanopore/oxford_PC_HG02.3attempt_0633_1_ch167_file28_strand.fast5	1252772
data/AshkenazimTrio/HG002_NA24385_son/CORNELL_Oxford_Nanopore/oxford_PC_HG02.3attempt_0633_1_ch167_file30_strand.fast5	1600792
data/AshkenazimTrio/HG002_NA24385_son/CORNELL_Oxford_Nanopore/oxford_PC_HG02.3attempt_0633_1_ch167_file38_strand.fast5	1909246
data/AshkenazimTrio/HG002_NA24385_son/CORNELL_Oxford_Nanopore/oxford_PC_HG02.3attempt_0633_1_ch167_file39_strand.fast5	1890871
data/AshkenazimTrio/HG002_NA24385_son/CORNELL_Oxford_Nanopore/oxford_PC_HG02.3attempt_0633_1_ch167_file4_strand.fast5	1741093
data/AshkenazimTrio/HG002_NA24385_son/CORNELL_Oxford_Nanopore/oxford_PC_HG02.3attempt_0633_1_ch167_file56_strand.fast5	2345979
data/AshkenazimTrio/HG002_NA24385_son/CORNELL_Oxford_Nanopore/oxford_PC_HG02.3attempt_0633_1_ch167_file58_strand.fast5	3190334
data/AshkenazimTrio/HG002_NA24385_son/CORNELL_Oxford_Nanopore/oxford_PC_HG02.3attempt_0633_1_ch168_file13_strand.fast5	321137
data/AshkenazimTrio/HG002_NA24385_son/CORNELL_Oxford_Nanopore/oxford_PC_HG02.3attempt_0633_1_ch168_file24_strand.fast5	1776803
data/AshkenazimTrio/HG002_NA24385_son/CORNELL_Oxford_Nanopore/oxford_PC_HG02.3attempt_0633_1_ch168_file25_strand.fast5	1411146
data/AshkenazimTrio/HG002_NA24385_son/CORNELL_Oxford_Nanopore/oxford_PC_HG02.3attempt_0633_1_ch168_file31_strand.fast5	1441006
data/AshkenazimTrio/HG002_NA24385_son/CORNELL_Oxford_Nanopore/oxford_PC_HG02.3attempt_0633_1_ch168_file3_strand.fast5	1606444
data/AshkenazimTrio/HG002_NA24385_son/CORNELL_Oxford_Nanopore/oxford_PC_HG02.3attempt_0633_1_ch168_file43_strand.fast5	2662688
data/AshkenazimTrio/HG002_NA24385_son/CORNELL_Oxford_Nanopore/oxford_PC_HG02.3attempt_0633_1_ch168_file79_strand.fast5	3863759
data/AshkenazimTrio/HG002_NA24385_son/CORNELL_Oxford_Nanopore/oxford_PC_HG02.3attempt_0633_1_ch168_file81_strand.fast5	2717498
data/AshkenazimTrio/HG002_NA24385_son/CORNELL_Oxford_Nanopore/oxford_PC_HG02.3attempt_0633_1_ch168_file83_strand.fast5	4224831
data/AshkenazimTrio/HG002_NA24385_son/CORNELL_Oxford_Nanopore/oxford_PC_HG02.3attempt_0633_1_ch168_file85_strand.fast5	1266788
data/AshkenazimTrio/HG002_NA24385_son/CORNELL_Oxford_Nanopore/oxford_PC_HG02.3attempt_0633_1_ch168_file8_strand.fast5	577603
data/AshkenazimTrio/HG002_NA24385_son/CORNELL_Oxford_Nanopore/oxford_PC_HG02.3attempt_0633_1_ch16_file43_strand.fast5	3009399
data/AshkenazimTrio/HG002_NA24385_son/CORNELL_Oxford_Nanopore/oxford_PC_HG02.3attempt_0633_1_ch173_file0_strand.fast5	1132156
data/AshkenazimTrio/HG002_NA24385_son/CORNELL_Oxford_Nanopore/oxford_PC_HG02.3attempt_0633_1_ch173_file15_strand.fast5	1965050
data/AshkenazimTrio/HG002_NA24385_son/CORNELL_Oxford_Nanopore/oxford_PC_HG02.3attempt_0633_1_ch173_file16_strand.fast5	1421833
data/AshkenazimTrio/HG002_NA24385_son/CORNELL_Oxford_Nanopore/oxford_PC_HG02.3attempt_0633_1_ch173_file4_strand.fast5	2101214
data/AshkenazimTrio/HG002_NA24385_son/CORNELL_Oxford_Nanopore/oxford_PC_HG02.3attempt_0633_1_ch175_file0_strand.fast5	1493928
data/AshkenazimTrio/HG002_NA24385_son/CORNELL_Oxford_Nanopore/oxford_PC_HG02.3attempt_0633_1_ch175_file18_strand.fast5	2372802
data/AshkenazimTrio/HG002_NA24385_son/CORNELL_Oxford_Nanopore/oxford_PC_HG02.3attempt_0633_1_ch175_file19_strand.fast5	4138834
data/AshkenazimTrio/HG002_NA24385_son/CORNELL_Oxford_Nanopore/oxford_PC_HG02.3attempt_0633_1_ch175_file2_strand.fast5	3074666
data/AshkenazimTrio/HG002_NA24385_son/CORNELL_Oxford_Nanopore/oxford_PC_HG02.3attempt_0633_1_ch175_file42_strand.fast5	2206428
data/AshkenazimTrio/HG002_NA24385_son/CORNELL_Oxford_Nanopore/oxford_PC_HG02.3attempt_0633_1_ch175_file46_strand.fast5	2119658
data/AshkenazimTrio/HG002_NA24385_son/CORNELL_Oxford_Nanopore/oxford_PC_HG02.3attempt_0633_1_ch175_file62_strand.fast5	2222945
data/AshkenazimTrio/HG002_NA24385_son/CORNELL_Oxford_Nanopore/oxford_PC_HG02.3attempt_0633_1_ch176_file136_strand.fast5	1880839
data/AshkenazimTrio/HG002_NA24385_son/CORNELL_Oxford_Nanopore/oxford_PC_HG02.3attempt_0633_1_ch176_file13_strand.fast5	1380591
data/AshkenazimTrio/HG002_NA24385_son/CORNELL_Oxford_Nanopore/oxford_PC_HG02.3attempt_0633_1_ch176_file14_strand.fast5	2436502
data/AshkenazimTrio/HG002_NA24385_son/CORNELL_Oxford_Nanopore/oxford_PC_HG02.3attempt_0633_1_ch176_file15_strand.fast5	834662
data/AshkenazimTrio/HG002_NA24385_son/CORNELL_Oxford_Nanopore/oxford_PC_HG02.3attempt_0633_1_ch176_file16_strand.fast5	2176961
data/AshkenazimTrio/HG002_NA24385_son/CORNELL_Oxford_Nanopore/oxford_PC_HG02.3attempt_0633_1_ch176_file17_strand.fast5	977192
data/AshkenazimTrio/HG002_NA24385_son/CORNELL_Oxford_Nanopore/oxford_PC_HG02.3attempt_0633_1_ch176_file192_strand.fast5	2239003
data/AshkenazimTrio/HG002_NA24385_son/CORNELL_Oxford_Nanopore/oxford_PC_HG02.3attempt_0633_1_ch176_file22_strand.fast5	2481362
data/AshkenazimTrio/HG002_NA24385_son/CORNELL_Oxford_Nanopore/oxford_PC_HG02.3attempt_0633_1_ch176_file24_strand.fast5	2403061
data/AshkenazimTrio/HG002_NA24385_son/CORNELL_Oxford_Nanopore/oxford_PC_HG02.3attempt_0633_1_ch176_file27_strand.fast5	2028046
data/AshkenazimTrio/HG002_NA24385_son/CORNELL_Oxford_Nanopore/oxford_PC_HG02.3attempt_0633_1_ch176_file37_strand.fast5	865350
data/AshkenazimTrio/HG002_NA24385_son/CORNELL_Oxford_Nanopore/oxford_PC_HG02.3attempt_0633_1_ch176_file46_strand.fast5	862386
data/AshkenazimTrio/HG002_NA24385_son/CORNELL_Oxford_Nanopore/oxford_PC_HG02.3attempt_0633_1_ch176_file70_strand.fast5	2274202
data/AshkenazimTrio/HG002_NA24385_son/CORNELL_Oxford_Nanopore/oxford_PC_HG02.3attempt_0633_1_ch176_file84_strand.fast5	5461626
data/AshkenazimTrio/HG002_NA24385_son/CORNELL_Oxford_Nanopore/oxford_PC_HG02.3attempt_0633_1_ch180_file31_strand.fast5	2109552
data/AshkenazimTrio/HG002_NA24385_son/CORNELL_Oxford_Nanopore/oxford_PC_HG02.3attempt_0633_1_ch180_file68_strand.fast5	1945006
data/AshkenazimTrio/HG002_NA24385_son/CORNELL_Oxford_Nanopore/oxford_PC_HG02.3attempt_0633_1_ch180_file75_strand.fast5	2210166
data/AshkenazimTrio/HG002_NA24385_son/CORNELL_Oxford_Nanopore/oxford_PC_HG02.3attempt_0633_1_ch180_file80_strand.fast5	2298462
data/AshkenazimTrio/HG002_NA24385_son/CORNELL_Oxford_Nanopore/oxford_PC_HG02.3attempt_0633_1_ch180_file84_strand.fast5	3957812
data/AshkenazimTrio/HG002_NA24385_son/CORNELL_Oxford_Nanopore/oxford_PC_HG02.3attempt_0633_1_ch180_file95_strand.fast5	3407255
data/AshkenazimTrio/HG002_NA24385_son/CORNELL_Oxford_Nanopore/oxford_PC_HG02.3attempt_0633_1_ch180_file96_strand.fast5	2817018
data/AshkenazimTrio/HG002_NA24385_son/CORNELL_Oxford_Nanopore/oxford_PC_HG02.3attempt_0633_1_ch181_file13_strand.fast5	2763642
data/AshkenazimTrio/HG002_NA24385_son/CORNELL_Oxford_Nanopore/oxford_PC_HG02.3attempt_0633_1_ch181_file144_strand.fast5	3075092
data/AshkenazimTrio/HG002_NA24385_son/CORNELL_Oxford_Nanopore/oxford_PC_HG02.3attempt_0633_1_ch181_file16_strand.fast5	1704232
data/AshkenazimTrio/HG002_NA24385_son/CORNELL_Oxford_Nanopore/oxford_PC_HG02.3attempt_0633_1_ch181_file34_strand.fast5	5047191
data/AshkenazimTrio/HG002_NA24385_son/CORNELL_Oxford_Nanopore/oxford_PC_HG02.3attempt_0633_1_ch181_file46_strand.fast5	1061218
data/AshkenazimTrio/HG002_NA24385_son/CORNELL_Oxford_Nanopore/oxford_PC_HG02.3attempt_0633_1_ch181_file50_strand.fast5	1770442
data/AshkenazimTrio/HG002_NA24385_son/CORNELL_Oxford_Nanopore/oxford_PC_HG02.3attempt_0633_1_ch181_file52_strand.fast5	1633620
data/AshkenazimTrio/HG002_NA24385_son/CORNELL_Oxford_Nanopore/oxford_PC_HG02.3attempt_0633_1_ch181_file58_strand.fast5	2213736
data/AshkenazimTrio/HG002_NA24385_son/CORNELL_Oxford_Nanopore/oxford_PC_HG02.3attempt_0633_1_ch181_file6_strand.fast5	1949695
data/AshkenazimTrio/HG002_NA24385_son/CORNELL_Oxford_Nanopore/oxford_PC_HG02.3attempt_0633_1_ch181_file7_strand.fast5	2912415
data/AshkenazimTrio/HG002_NA24385_son/CORNELL_Oxford_Nanopore/oxford_PC_HG02.3attempt_0633_1_ch183_file0_strand.fast5	2127076
data/AshkenazimTrio/HG002_NA24385_son/CORNELL_Oxford_Nanopore/oxford_PC_HG02.3attempt_0633_1_ch183_file114_strand.fast5	2873534
data/AshkenazimTrio/HG002_NA24385_son/CORNELL_Oxford_Nanopore/oxford_PC_HG02.3attempt_0633_1_ch183_file11_strand.fast5	287669
data/AshkenazimTrio/HG002_NA24385_son/CORNELL_Oxford_Nanopore/oxford_PC_HG02.3attempt_0633_1_ch183_file12_strand.fast5	4494782
data/AshkenazimTrio/HG002_NA24385_son/CORNELL_Oxford_Nanopore/oxford_PC_HG02.3attempt_0633_1_ch183_file19_strand.fast5	1278218
data/AshkenazimTrio/HG002_NA24385_son/CORNELL_Oxford_Nanopore/oxford_PC_HG02.3attempt_0633_1_ch183_file49_strand.fast5	705828
data/AshkenazimTrio/HG002_NA24385_son/CORNELL_Oxford_Nanopore/oxford_PC_HG02.3attempt_0633_1_ch183_file50_strand.fast5	2452744
data/AshkenazimTrio/HG002_NA24385_son/CORNELL_Oxford_Nanopore/oxford_PC_HG02.3attempt_0633_1_ch183_file54_strand.fast5	1677476
data/AshkenazimTrio/HG002_NA24385_son/CORNELL_Oxford_Nanopore/oxford_PC_HG02.3attempt_0633_1_ch183_file64_strand.fast5	1997947
data/AshkenazimTrio/HG002_NA24385_son/CORNELL_Oxford_Nanopore/oxford_PC_HG02.3attempt_0633_1_ch183_file6_strand.fast5	4104136
data/AshkenazimTrio/HG002_NA24385_son/CORNELL_Oxford_Nanopore/oxford_PC_HG02.3attempt_0633_1_ch183_file83_strand.fast5	594548
data/AshkenazimTrio/HG002_NA24385_son/CORNELL_Oxford_Nanopore/oxford_PC_HG02.3attempt_0633_1_ch183_file84_strand.fast5	837393
data/AshkenazimTrio/HG002_NA24385_son/CORNELL_Oxford_Nanopore/oxford_PC_HG02.3attempt_0633_1_ch183_file86_strand.fast5	1528770
data/AshkenazimTrio/HG002_NA24385_son/CORNELL_Oxford_Nanopore/oxford_PC_HG02.3attempt_0633_1_ch183_file98_strand.fast5	2208213
data/AshkenazimTrio/HG002_NA24385_son/CORNELL_Oxford_Nanopore/oxford_PC_HG02.3attempt_0633_1_ch183_file9_strand.fast5	1775454
data/AshkenazimTrio/HG002_NA24385_son/CORNELL_Oxford_Nanopore/oxford_PC_HG02.3attempt_0633_1_ch184_file1_strand.fast5	2741202
data/AshkenazimTrio/HG002_NA24385_son/CORNELL_Oxford_Nanopore/oxford_PC_HG02.3attempt_0633_1_ch184_file2_strand.fast5	786427
data/AshkenazimTrio/HG002_NA24385_son/CORNELL_Oxford_Nanopore/oxford_PC_HG02.3attempt_0633_1_ch184_file30_strand.fast5	2344706
data/AshkenazimTrio/HG002_NA24385_son/CORNELL_Oxford_Nanopore/oxford_PC_HG02.3attempt_0633_1_ch184_file37_strand.fast5	2797642
data/AshkenazimTrio/HG002_NA24385_son/CORNELL_Oxford_Nanopore/oxford_PC_HG02.3attempt_0633_1_ch184_file47_strand.fast5	1733593
data/AshkenazimTrio/HG002_NA24385_son/CORNELL_Oxford_Nanopore/oxford_PC_HG02.3attempt_0633_1_ch184_file48_strand.fast5	2531603
data/AshkenazimTrio/HG002_NA24385_son/CORNELL_Oxford_Nanopore/oxford_PC_HG02.3attempt_0633_1_ch184_file4_strand.fast5	2790603
data/AshkenazimTrio/HG002_NA24385_son/CORNELL_Oxford_Nanopore/oxford_PC_HG02.3attempt_0633_1_ch184_file7_strand.fast5	1581976
data/AshkenazimTrio/HG002_NA24385_son/CORNELL_Oxford_Nanopore/oxford_PC_HG02.3attempt_0633_1_ch186_file10_strand.fast5	2410371
data/AshkenazimTrio/HG002_NA24385_son/CORNELL_Oxford_Nanopore/oxford_PC_HG02.3attempt_0633_1_ch186_file22_strand.fast5	2032784
data/AshkenazimTrio/HG002_NA24385_son/CORNELL_Oxford_Nanopore/oxford_PC_HG02.3attempt_0633_1_ch186_file23_strand.fast5	2232527
data/AshkenazimTrio/HG002_NA24385_son/CORNELL_Oxford_Nanopore/oxford_PC_HG02.3attempt_0633_1_ch186_file27_strand.fast5	2546082
data/AshkenazimTrio/HG002_NA24385_son/CORNELL_Oxford_Nanopore/oxford_PC_HG02.3attempt_0633_1_ch186_file2_strand.fast5	2548486
data/AshkenazimTrio/HG002_NA24385_son/CORNELL_Oxford_Nanopore/oxford_PC_HG02.3attempt_0633_1_ch186_file3_strand.fast5	1810081
data/AshkenazimTrio/HG002_NA24385_son/CORNELL_Oxford_Nanopore/oxford_PC_HG02.3attempt_0633_1_ch186_file5_strand.fast5	2494206
data/AshkenazimTrio/HG002_NA24385_son/CORNELL_Oxford_Nanopore/oxford_PC_HG02.3attempt_0633_1_ch186_file6_strand.fast5	5741025
data/AshkenazimTrio/HG002_NA24385_son/CORNELL_Oxford_Nanopore/oxford_PC_HG02.3attempt_0633_1_ch186_file9_strand.fast5	2543503
data/AshkenazimTrio/HG002_NA24385_son/CORNELL_Oxford_Nanopore/oxford_PC_HG02.3attempt_0633_1_ch188_file1_strand.fast5	716432
data/AshkenazimTrio/HG002_NA24385_son/CORNELL_Oxford_Nanopore/oxford_PC_HG02.3attempt_0633_1_ch188_file39_strand.fast5	2765898
data/AshkenazimTrio/HG002_NA24385_son/CORNELL_Oxford_Nanopore/oxford_PC_HG02.3attempt_0633_1_ch189_file0_strand.fast5	1553694
data/AshkenazimTrio/HG002_NA24385_son/CORNELL_Oxford_Nanopore/oxford_PC_HG02.3attempt_0633_1_ch189_file100_strand.fast5	2032354
data/AshkenazimTrio/HG002_NA24385_son/CORNELL_Oxford_Nanopore/oxford_PC_HG02.3attempt_0633_1_ch18_file0_strand.fast5	384805
data/AshkenazimTrio/HG002_NA24385_son/CORNELL_Oxford_Nanopore/oxford_PC_HG02.3attempt_0633_1_ch18_file58_strand.fast5	330460
data/AshkenazimTrio/HG002_NA24385_son/CORNELL_Oxford_Nanopore/oxford_PC_HG02.3attempt_0633_1_ch18_file91_strand.fast5	3512080
data/AshkenazimTrio/HG002_NA24385_son/CORNELL_Oxford_Nanopore/oxford_PC_HG02.3attempt_0633_1_ch190_file0_strand.fast5	1774452
data/AshkenazimTrio/HG002_NA24385_son/CORNELL_Oxford_Nanopore/oxford_PC_HG02.3attempt_0633_1_ch190_file13_strand.fast5	852854
data/AshkenazimTrio/HG002_NA24385_son/CORNELL_Oxford_Nanopore/oxford_PC_HG02.3attempt_0633_1_ch190_file16_strand.fast5	1122776
data/AshkenazimTrio/HG002_NA24385_son/CORNELL_Oxford_Nanopore/oxford_PC_HG02.3attempt_0633_1_ch190_file27_strand.fast5	4189630
data/AshkenazimTrio/HG002_NA24385_son/CORNELL_Oxford_Nanopore/oxford_PC_HG02.3attempt_0633_1_ch190_file37_strand.fast5	427915
data/AshkenazimTrio/HG002_NA24385_son/CORNELL_Oxford_Nanopore/oxford_PC_HG02.3attempt_0633_1_ch190_file42_strand.fast5	1555142
data/AshkenazimTrio/HG002_NA24385_son/CORNELL_Oxford_Nanopore/oxford_PC_HG02.3attempt_0633_1_ch190_file47_strand.fast5	1273312
data/AshkenazimTrio/HG002_NA24385_son/CORNELL_Oxford_Nanopore/oxford_PC_HG02.3attempt_0633_1_ch190_file6_strand.fast5	916504
data/AshkenazimTrio/HG002_NA24385_son/CORNELL_Oxford_Nanopore/oxford_PC_HG02.3attempt_0633_1_ch190_file81_strand.fast5	3188796
data/AshkenazimTrio/HG002_NA24385_son/CORNELL_Oxford_Nanopore/oxford_PC_HG02.3attempt_0633_1_ch190_file84_strand.fast5	1835066
data/AshkenazimTrio/HG002_NA24385_son/CORNELL_Oxford_Nanopore/oxford_PC_HG02.3attempt_0633_1_ch192_file17_strand.fast5	2328375
data/AshkenazimTrio/HG002_NA24385_son/CORNELL_Oxford_Nanopore/oxford_PC_HG02.3attempt_0633_1_ch192_file18_strand.fast5	2487151
data/AshkenazimTrio/HG002_NA24385_son/CORNELL_Oxford_Nanopore/oxford_PC_HG02.3attempt_0633_1_ch192_file26_strand.fast5	3209354
data/AshkenazimTrio/HG002_NA24385_son/CORNELL_Oxford_Nanopore/oxford_PC_HG02.3attempt_0633_1_ch193_file11_strand.fast5	913246
data/AshkenazimTrio/HG002_NA24385_son/CORNELL_Oxford_Nanopore/oxford_PC_HG02.3attempt_0633_1_ch193_file9_strand.fast5	915114
data/AshkenazimTrio/HG002_NA24385_son/CORNELL_Oxford_Nanopore/oxford_PC_HG02.3attempt_0633_1_ch194_file107_strand.fast5	2864677
data/AshkenazimTrio/HG002_NA24385_son/CORNELL_Oxford_Nanopore/oxford_PC_HG02.3attempt_0633_1_ch194_file12_strand.fast5	4043420
data/AshkenazimTrio/HG002_NA24385_son/CORNELL_Oxford_Nanopore/oxford_PC_HG02.3attempt_0633_1_ch194_file15_strand.fast5	2028951
data/AshkenazimTrio/HG002_NA24385_son/CORNELL_Oxford_Nanopore/oxford_PC_HG02.3attempt_0633_1_ch194_file24_strand.fast5	5041636
data/AshkenazimTrio/HG002_NA24385_son/CORNELL_Oxford_Nanopore/oxford_PC_HG02.3attempt_0633_1_ch194_file27_strand.fast5	1522800
data/AshkenazimTrio/HG002_NA24385_son/CORNELL_Oxford_Nanopore/oxford_PC_HG02.3attempt_0633_1_ch194_file29_strand.fast5	1855496
data/AshkenazimTrio/HG002_NA24385_son/CORNELL_Oxford_Nanopore/oxford_PC_HG02.3attempt_0633_1_ch194_file36_strand.fast5	3325517
data/AshkenazimTrio/HG002_NA24385_son/CORNELL_Oxford_Nanopore/oxford_PC_HG02.3attempt_0633_1_ch194_file4_strand.fast5	1251690
data/AshkenazimTrio/HG002_NA24385_son/CORNELL_Oxford_Nanopore/oxford_PC_HG02.3attempt_0633_1_ch194_file53_strand.fast5	2724388
data/AshkenazimTrio/HG002_NA24385_son/CORNELL_Oxford_Nanopore/oxford_PC_HG02.3attempt_0633_1_ch194_file69_strand.fast5	2464991
data/AshkenazimTrio/HG002_NA24385_son/CORNELL_Oxford_Nanopore/oxford_PC_HG02.3attempt_0633_1_ch194_file9_strand.fast5	960471
data/AshkenazimTrio/HG002_NA24385_son/CORNELL_Oxford_Nanopore/oxford_PC_HG02.3attempt_0633_1_ch196_file24_strand.fast5	1385807
data/AshkenazimTrio/HG002_NA24385_son/CORNELL_Oxford_Nanopore/oxford_PC_HG02.3attempt_0633_1_ch196_file2_strand.fast5	3240864
data/AshkenazimTrio/HG002_NA24385_son/CORNELL_Oxford_Nanopore/oxford_PC_HG02.3attempt_0633_1_ch196_file35_strand.fast5	868380
data/AshkenazimTrio/HG002_NA24385_son/CORNELL_Oxford_Nanopore/oxford_PC_HG02.3attempt_0633_1_ch196_file41_strand.fast5	2895554
data/AshkenazimTrio/HG002_NA24385_son/CORNELL_Oxford_Nanopore/oxford_PC_HG02.3attempt_0633_1_ch196_file54_strand.fast5	1535605
data/AshkenazimTrio/HG002_NA24385_son/CORNELL_Oxford_Nanopore/oxford_PC_HG02.3attempt_0633_1_ch196_file72_strand.fast5	2809030
data/AshkenazimTrio/HG002_NA24385_son/CORNELL_Oxford_Nanopore/oxford_PC_HG02.3attempt_0633_1_ch196_file9_strand.fast5	1279995
data/AshkenazimTrio/HG002_NA24385_son/CORNELL_Oxford_Nanopore/oxford_PC_HG02.3attempt_0633_1_ch197_file10_strand.fast5	1395408
data/AshkenazimTrio/HG002_NA24385_son/CORNELL_Oxford_Nanopore/oxford_PC_HG02.3attempt_0633_1_ch197_file143_strand.fast5	2413074
data/AshkenazimTrio/HG002_NA24385_son/CORNELL_Oxford_Nanopore/oxford_PC_HG02.3attempt_0633_1_ch197_file14_strand.fast5	2894807
data/AshkenazimTrio/HG002_NA24385_son/CORNELL_Oxford_Nanopore/oxford_PC_HG02.3attempt_0633_1_ch197_file16_strand.fast5	1609075
data/AshkenazimTrio/HG002_NA24385_son/CORNELL_Oxford_Nanopore/oxford_PC_HG02.3attempt_0633_1_ch197_file29_strand.fast5	1727101
data/AshkenazimTrio/HG002_NA24385_son/CORNELL_Oxford_Nanopore/oxford_PC_HG02.3attempt_0633_1_ch197_file34_strand.fast5	2915906
data/AshkenazimTrio/HG002_NA24385_son/CORNELL_Oxford_Nanopore/oxford_PC_HG02.3attempt_0633_1_ch197_file44_strand.fast5	2684197
data/AshkenazimTrio/HG002_NA24385_son/CORNELL_Oxford_Nanopore/oxford_PC_HG02.3attempt_0633_1_ch197_file46_strand.fast5	2356899
data/AshkenazimTrio/HG002_NA24385_son/CORNELL_Oxford_Nanopore/oxford_PC_HG02.3attempt_0633_1_ch197_file69_strand.fast5	3562037
data/AshkenazimTrio/HG002_NA24385_son/CORNELL_Oxford_Nanopore/oxford_PC_HG02.3attempt_0633_1_ch197_file80_strand.fast5	2306931
data/AshkenazimTrio/HG002_NA24385_son/CORNELL_Oxford_Nanopore/oxford_PC_HG02.3attempt_0633_1_ch197_file9_strand.fast5	2200527
data/AshkenazimTrio/HG002_NA24385_son/CORNELL_Oxford_Nanopore/oxford_PC_HG02.3attempt_0633_1_ch198_file15_strand.fast5	3174233
data/AshkenazimTrio/HG002_NA24385_son/CORNELL_Oxford_Nanopore/oxford_PC_HG02.3attempt_0633_1_ch198_file20_strand.fast5	2400356
data/AshkenazimTrio/HG002_NA24385_son/CORNELL_Oxford_Nanopore/oxford_PC_HG02.3attempt_0633_1_ch198_file22_strand.fast5	2353905
data/AshkenazimTrio/HG002_NA24385_son/CORNELL_Oxford_Nanopore/oxford_PC_HG02.3attempt_0633_1_ch198_file23_strand.fast5	1416627
data/AshkenazimTrio/HG002_NA24385_son/CORNELL_Oxford_Nanopore/oxford_PC_HG02.3attempt_0633_1_ch198_file35_strand.fast5	1059708
data/AshkenazimTrio/HG002_NA24385_son/CORNELL_Oxford_Nanopore/oxford_PC_HG02.3attempt_0633_1_ch198_file39_strand.fast5	1276662
data/AshkenazimTrio/HG002_NA24385_son/CORNELL_Oxford_Nanopore/oxford_PC_HG02.3attempt_0633_1_ch198_file41_strand.fast5	3833659
data/AshkenazimTrio/HG002_NA24385_son/CORNELL_Oxford_Nanopore/oxford_PC_HG02.3attempt_0633_1_ch198_file43_strand.fast5	2676546
data/AshkenazimTrio/HG002_NA24385_son/CORNELL_Oxford_Nanopore/oxford_PC_HG02.3attempt_0633_1_ch198_file54_strand.fast5	1282436
data/AshkenazimTrio/HG002_NA24385_son/CORNELL_Oxford_Nanopore/oxford_PC_HG02.3attempt_0633_1_ch198_file58_strand.fast5	1115933
data/AshkenazimTrio/HG002_NA24385_son/CORNELL_Oxford_Nanopore/oxford_PC_HG02.3attempt_0633_1_ch198_file74_strand.fast5	2165487
data/AshkenazimTrio/HG002_NA24385_son/CORNELL_Oxford_Nanopore/oxford_PC_HG02.3attempt_0633_1_ch198_file7_strand.fast5	4849464
data/AshkenazimTrio/HG002_NA24385_son/CORNELL_Oxford_Nanopore/oxford_PC_HG02.3attempt_0633_1_ch199_file60_strand.fast5	2345439
data/AshkenazimTrio/HG002_NA24385_son/CORNELL_Oxford_Nanopore/oxford_PC_HG02.3attempt_0633_1_ch199_file61_strand.fast5	2731750
data/AshkenazimTrio/HG002_NA24385_son/CORNELL_Oxford_Nanopore/oxford_PC_HG02.3attempt_0633_1_ch199_file62_strand.fast5	1837112
data/AshkenazimTrio/HG002_NA24385_son/CORNELL_Oxford_Nanopore/oxford_PC_HG02.3attempt_0633_1_ch199_file65_strand.fast5	1831343
data/AshkenazimTrio/HG002_NA24385_son/CORNELL_Oxford_Nanopore/oxford_PC_HG02.3attempt_0633_1_ch19_file12_strand.fast5	1241476
data/AshkenazimTrio/HG002_NA24385_son/CORNELL_Oxford_Nanopore/oxford_PC_HG02.3attempt_0633_1_ch19_file14_strand.fast5	661830
data/AshkenazimTrio/HG002_NA24385_son/CORNELL_Oxford_Nanopore/oxford_PC_HG02.3attempt_0633_1_ch19_file25_strand.fast5	3083669
data/AshkenazimTrio/HG002_NA24385_son/CORNELL_Oxford_Nanopore/oxford_PC_HG02.3attempt_0633_1_ch19_file2_strand.fast5	928154
data/AshkenazimTrio/HG002_NA24385_son/CORNELL_Oxford_Nanopore/oxford_PC_HG02.3attempt_0633_1_ch19_file32_strand.fast5	2433914
data/AshkenazimTrio/HG002_NA24385_son/CORNELL_Oxford_Nanopore/oxford_PC_HG02.3attempt_0633_1_ch19_file4_strand.fast5	1798150
data/AshkenazimTrio/HG002_NA24385_son/CORNELL_Oxford_Nanopore/oxford_PC_HG02.3attempt_0633_1_ch19_file54_strand.fast5	2013010
data/AshkenazimTrio/HG002_NA24385_son/CORNELL_Oxford_Nanopore/oxford_PC_HG02.3attempt_0633_1_ch1_file33_strand.fast5	2076310
data/AshkenazimTrio/HG002_NA24385_son/CORNELL_Oxford_Nanopore/oxford_PC_HG02.3attempt_0633_1_ch1_file34_strand.fast5	2221780
data/AshkenazimTrio/HG002_NA24385_son/CORNELL_Oxford_Nanopore/oxford_PC_HG02.3attempt_0633_1_ch1_file7_strand.fast5	1293088
data/AshkenazimTrio/HG002_NA24385_son/CORNELL_Oxford_Nanopore/oxford_PC_HG02.3attempt_0633_1_ch200_file0_strand.fast5	1947681
data/AshkenazimTrio/HG002_NA24385_son/CORNELL_Oxford_Nanopore/oxford_PC_HG02.3attempt_0633_1_ch200_file10_strand.fast5	1544980
data/AshkenazimTrio/HG002_NA24385_son/CORNELL_Oxford_Nanopore/oxford_PC_HG02.3attempt_0633_1_ch200_file11_strand.fast5	2585232
data/AshkenazimTrio/HG002_NA24385_son/CORNELL_Oxford_Nanopore/oxford_PC_HG02.3attempt_0633_1_ch200_file13_strand.fast5	1890938
data/AshkenazimTrio/HG002_NA24385_son/CORNELL_Oxford_Nanopore/oxford_PC_HG02.3attempt_0633_1_ch200_file15_strand.fast5	428087
data/AshkenazimTrio/HG002_NA24385_son/CORNELL_Oxford_Nanopore/oxford_PC_HG02.3attempt_0633_1_ch200_file16_strand.fast5	1780224
data/AshkenazimTrio/HG002_NA24385_son/CORNELL_Oxford_Nanopore/oxford_PC_HG02.3attempt_0633_1_ch200_file27_strand.fast5	671064
data/AshkenazimTrio/HG002_NA24385_son/CORNELL_Oxford_Nanopore/oxford_PC_HG02.3attempt_0633_1_ch200_file29_strand.fast5	2575220
data/AshkenazimTrio/HG002_NA24385_son/CORNELL_Oxford_Nanopore/oxford_PC_HG02.3attempt_0633_1_ch200_file2_strand.fast5	2759684
data/AshkenazimTrio/HG002_NA24385_son/CORNELL_Oxford_Nanopore/oxford_PC_HG02.3attempt_0633_1_ch200_file34_strand.fast5	826243
data/AshkenazimTrio/HG002_NA24385_son/CORNELL_Oxford_Nanopore/oxford_PC_HG02.3attempt_0633_1_ch200_file41_strand.fast5	554992
data/AshkenazimTrio/HG002_NA24385_son/CORNELL_Oxford_Nanopore/oxford_PC_HG02.3attempt_0633_1_ch200_file46_strand.fast5	645964
data/AshkenazimTrio/HG002_NA24385_son/CORNELL_Oxford_Nanopore/oxford_PC_HG02.3attempt_0633_1_ch200_file47_strand.fast5	1806330
data/AshkenazimTrio/HG002_NA24385_son/CORNELL_Oxford_Nanopore/oxford_PC_HG02.3attempt_0633_1_ch200_file48_strand.fast5	1573891
data/AshkenazimTrio/HG002_NA24385_son/CORNELL_Oxford_Nanopore/oxford_PC_HG02.3attempt_0633_1_ch200_file8_strand.fast5	2818649
data/AshkenazimTrio/HG002_NA24385_son/CORNELL_Oxford_Nanopore/oxford_PC_HG02.3attempt_0633_1_ch201_file11_strand.fast5	631498
data/AshkenazimTrio/HG002_NA24385_son/CORNELL_Oxford_Nanopore/oxford_PC_HG02.3attempt_0633_1_ch201_file13_strand.fast5	2775163
data/AshkenazimTrio/HG002_NA24385_son/CORNELL_Oxford_Nanopore/oxford_PC_HG02.3attempt_0633_1_ch201_file18_strand.fast5	1642563
data/AshkenazimTrio/HG002_NA24385_son/CORNELL_Oxford_Nanopore/oxford_PC_HG02.3attempt_0633_1_ch201_file36_strand.fast5	2534391
data/AshkenazimTrio/HG002_NA24385_son/CORNELL_Oxford_Nanopore/oxford_PC_HG02.3attempt_0633_1_ch201_file63_strand.fast5	1446420
data/AshkenazimTrio/HG002_NA24385_son/CORNELL_Oxford_Nanopore/oxford_PC_HG02.3attempt_0633_1_ch201_file72_strand.fast5	3674556
data/AshkenazimTrio/HG002_NA24385_son/CORNELL_Oxford_Nanopore/oxford_PC_HG02.3attempt_0633_1_ch201_file78_strand.fast5	3530745
data/AshkenazimTrio/HG002_NA24385_son/CORNELL_Oxford_Nanopore/oxford_PC_HG02.3attempt_0633_1_ch201_file80_strand.fast5	1559343
data/AshkenazimTrio/HG002_NA24385_son/CORNELL_Oxford_Nanopore/oxford_PC_HG02.3attempt_0633_1_ch201_file85_strand.fast5	1789727
data/AshkenazimTrio/HG002_NA24385_son/CORNELL_Oxford_Nanopore/oxford_PC_HG02.3attempt_0633_1_ch201_file92_strand.fast5	2381995
data/AshkenazimTrio/HG002_NA24385_son/CORNELL_Oxford_Nanopore/oxford_PC_HG02.3attempt_0633_1_ch202_file18_strand.fast5	2629158
data/AshkenazimTrio/HG002_NA24385_son/CORNELL_Oxford_Nanopore/oxford_PC_HG02.3attempt_0633_1_ch202_file6_strand.fast5	1569866
data/AshkenazimTrio/HG002_NA24385_son/CORNELL_Oxford_Nanopore/oxford_PC_HG02.3attempt_0633_1_ch202_file75_strand.fast5	3878193
data/AshkenazimTrio/HG002_NA24385_son/CORNELL_Oxford_Nanopore/oxford_PC_HG02.3attempt_0633_1_ch203_file10_strand.fast5	1238766
data/AshkenazimTrio/HG002_NA24385_son/CORNELL_Oxford_Nanopore/oxford_PC_HG02.3attempt_0633_1_ch203_file2_strand.fast5	1796534
data/AshkenazimTrio/HG002_NA24385_son/CORNELL_Oxford_Nanopore/oxford_PC_HG02.3attempt_0633_1_ch203_file6_strand.fast5	1769625
data/AshkenazimTrio/HG002_NA24385_son/CORNELL_Oxford_Nanopore/oxford_PC_HG02.3attempt_0633_1_ch203_file9_strand.fast5	583763
data/AshkenazimTrio/HG002_NA24385_son/CORNELL_Oxford_Nanopore/oxford_PC_HG02.3attempt_0633_1_ch204_file24_strand.fast5	3679169
data/AshkenazimTrio/HG002_NA24385_son/CORNELL_Oxford_Nanopore/oxford_PC_HG02.3attempt_0633_1_ch204_file25_strand.fast5	439159
data/AshkenazimTrio/HG002_NA24385_son/CORNELL_Oxford_Nanopore/oxford_PC_HG02.3attempt_0633_1_ch204_file34_strand.fast5	1655868
data/AshkenazimTrio/HG002_NA24385_son/CORNELL_Oxford_Nanopore/oxford_PC_HG02.3attempt_0633_1_ch204_file4_strand.fast5	1284876
data/AshkenazimTrio/HG002_NA24385_son/CORNELL_Oxford_Nanopore/oxford_PC_HG02.3attempt_0633_1_ch204_file8_strand.fast5	3464116
data/AshkenazimTrio/HG002_NA24385_son/CORNELL_Oxford_Nanopore/oxford_PC_HG02.3attempt_0633_1_ch205_file11_strand.fast5	902745
data/AshkenazimTrio/HG002_NA24385_son/CORNELL_Oxford_Nanopore/oxford_PC_HG02.3attempt_0633_1_ch205_file12_strand.fast5	2006715
data/AshkenazimTrio/HG002_NA24385_son/CORNELL_Oxford_Nanopore/oxford_PC_HG02.3attempt_0633_1_ch205_file2_strand.fast5	2438167
data/AshkenazimTrio/HG002_NA24385_son/CORNELL_Oxford_Nanopore/oxford_PC_HG02.3attempt_0633_1_ch205_file31_strand.fast5	1373150
data/AshkenazimTrio/HG002_NA24385_son/CORNELL_Oxford_Nanopore/oxford_PC_HG02.3attempt_0633_1_ch205_file36_strand.fast5	3522584
data/AshkenazimTrio/HG002_NA24385_son/CORNELL_Oxford_Nanopore/oxford_PC_HG02.3attempt_0633_1_ch205_file44_strand.fast5	532822
data/AshkenazimTrio/HG002_NA24385_son/CORNELL_Oxford_Nanopore/oxford_PC_HG02.3attempt_0633_1_ch205_file4_strand.fast5	2318319
data/AshkenazimTrio/HG002_NA24385_son/CORNELL_Oxford_Nanopore/oxford_PC_HG02.3attempt_0633_1_ch205_file5_strand.fast5	1838953
data/AshkenazimTrio/HG002_NA24385_son/CORNELL_Oxford_Nanopore/oxford_PC_HG02.3attempt_0633_1_ch205_file7_strand.fast5	2245212
data/AshkenazimTrio/HG002_NA24385_son/CORNELL_Oxford_Nanopore/oxford_PC_HG02.3attempt_0633_1_ch205_file85_strand.fast5	3020885
data/AshkenazimTrio/HG002_NA24385_son/CORNELL_Oxford_Nanopore/oxford_PC_HG02.3attempt_0633_1_ch205_file9_strand.fast5	2926137
data/AshkenazimTrio/HG002_NA24385_son/CORNELL_Oxford_Nanopore/oxford_PC_HG02.3attempt_0633_1_ch207_file13_strand.fast5	2425345
data/AshkenazimTrio/HG002_NA24385_son/CORNELL_Oxford_Nanopore/oxford_PC_HG02.3attempt_0633_1_ch207_file14_strand.fast5	422701
data/AshkenazimTrio/HG002_NA24385_son/CORNELL_Oxford_Nanopore/oxford_PC_HG02.3attempt_0633_1_ch207_file16_strand.fast5	1132621
data/AshkenazimTrio/HG002_NA24385_son/CORNELL_Oxford_Nanopore/oxford_PC_HG02.3attempt_0633_1_ch207_file19_strand.fast5	3919283
data/AshkenazimTrio/HG002_NA24385_son/CORNELL_Oxford_Nanopore/oxford_PC_HG02.3attempt_0633_1_ch207_file1_strand.fast5	1509942
data/AshkenazimTrio/HG002_NA24385_son/CORNELL_Oxford_Nanopore/oxford_PC_HG02.3attempt_0633_1_ch207_file21_strand.fast5	516118
data/AshkenazimTrio/HG002_NA24385_son/CORNELL_Oxford_Nanopore/oxford_PC_HG02.3attempt_0633_1_ch207_file25_strand.fast5	3928272
data/AshkenazimTrio/HG002_NA24385_son/CORNELL_Oxford_Nanopore/oxford_PC_HG02.3attempt_0633_1_ch207_file29_strand.fast5	2069287
data/AshkenazimTrio/HG002_NA24385_son/CORNELL_Oxford_Nanopore/oxford_PC_HG02.3attempt_0633_1_ch207_file3_strand.fast5	1171489
data/AshkenazimTrio/HG002_NA24385_son/CORNELL_Oxford_Nanopore/oxford_PC_HG02.3attempt_0633_1_ch208_file122_strand.fast5	1911179
data/AshkenazimTrio/HG002_NA24385_son/CORNELL_Oxford_Nanopore/oxford_PC_HG02.3attempt_0633_1_ch208_file159_strand.fast5	1538548
data/AshkenazimTrio/HG002_NA24385_son/CORNELL_Oxford_Nanopore/oxford_PC_HG02.3attempt_0633_1_ch208_file174_strand.fast5	2711229
data/AshkenazimTrio/HG002_NA24385_son/CORNELL_Oxford_Nanopore/oxford_PC_HG02.3attempt_0633_1_ch208_file17_strand.fast5	1772917
data/AshkenazimTrio/HG002_NA24385_son/CORNELL_Oxford_Nanopore/oxford_PC_HG02.3attempt_0633_1_ch208_file190_strand.fast5	1742602
data/AshkenazimTrio/HG002_NA24385_son/CORNELL_Oxford_Nanopore/oxford_PC_HG02.3attempt_0633_1_ch208_file191_strand.fast5	2260827
data/AshkenazimTrio/HG002_NA24385_son/CORNELL_Oxford_Nanopore/oxford_PC_HG02.3attempt_0633_1_ch208_file20_strand.fast5	1810257
data/AshkenazimTrio/HG002_NA24385_son/CORNELL_Oxford_Nanopore/oxford_PC_HG02.3attempt_0633_1_ch208_file43_strand.fast5	1242176
data/AshkenazimTrio/HG002_NA24385_son/CORNELL_Oxford_Nanopore/oxford_PC_HG02.3attempt_0633_1_ch208_file49_strand.fast5	1580824
data/AshkenazimTrio/HG002_NA24385_son/CORNELL_Oxford_Nanopore/oxford_PC_HG02.3attempt_0633_1_ch208_file4_strand.fast5	1791266
data/AshkenazimTrio/HG002_NA24385_son/CORNELL_Oxford_Nanopore/oxford_PC_HG02.3attempt_0633_1_ch208_file55_strand.fast5	2168702
data/AshkenazimTrio/HG002_NA24385_son/CORNELL_Oxford_Nanopore/oxford_PC_HG02.3attempt_0633_1_ch208_file97_strand.fast5	2554523
data/AshkenazimTrio/HG002_NA24385_son/CORNELL_Oxford_Nanopore/oxford_PC_HG02.3attempt_0633_1_ch208_file9_strand.fast5	2247001
data/AshkenazimTrio/HG002_NA24385_son/CORNELL_Oxford_Nanopore/oxford_PC_HG02.3attempt_0633_1_ch209_file15_strand.fast5	499558
data/AshkenazimTrio/HG002_NA24385_son/CORNELL_Oxford_Nanopore/oxford_PC_HG02.3attempt_0633_1_ch209_file16_strand.fast5	1624912
data/AshkenazimTrio/HG002_NA24385_son/CORNELL_Oxford_Nanopore/oxford_PC_HG02.3attempt_0633_1_ch20_file11_strand.fast5	2190091
data/AshkenazimTrio/HG002_NA24385_son/CORNELL_Oxford_Nanopore/oxford_PC_HG02.3attempt_0633_1_ch20_file13_strand.fast5	1470016
data/AshkenazimTrio/HG002_NA24385_son/CORNELL_Oxford_Nanopore/oxford_PC_HG02.3attempt_0633_1_ch20_file25_strand.fast5	2079432
data/AshkenazimTrio/HG002_NA24385_son/CORNELL_Oxford_Nanopore/oxford_PC_HG02.3attempt_0633_1_ch20_file44_strand.fast5	1884588
data/AshkenazimTrio/HG002_NA24385_son/CORNELL_Oxford_Nanopore/oxford_PC_HG02.3attempt_0633_1_ch20_file51_strand.fast5	2231600
data/AshkenazimTrio/HG002_NA24385_son/CORNELL_Oxford_Nanopore/oxford_PC_HG02.3attempt_0633_1_ch20_file7_strand.fast5	1966292
data/AshkenazimTrio/HG002_NA24385_son/CORNELL_Oxford_Nanopore/oxford_PC_HG02.3attempt_0633_1_ch20_file8_strand.fast5	315652
data/AshkenazimTrio/HG002_NA24385_son/CORNELL_Oxford_Nanopore/oxford_PC_HG02.3attempt_0633_1_ch210_file10_strand.fast5	1138867
data/AshkenazimTrio/HG002_NA24385_son/CORNELL_Oxford_Nanopore/oxford_PC_HG02.3attempt_0633_1_ch210_file12_strand.fast5	2572833
data/AshkenazimTrio/HG002_NA24385_son/CORNELL_Oxford_Nanopore/oxford_PC_HG02.3attempt_0633_1_ch210_file22_strand.fast5	2573794
data/AshkenazimTrio/HG002_NA24385_son/CORNELL_Oxford_Nanopore/oxford_PC_HG02.3attempt_0633_1_ch211_file10_strand.fast5	1633703
data/AshkenazimTrio/HG002_NA24385_son/CORNELL_Oxford_Nanopore/oxford_PC_HG02.3attempt_0633_1_ch211_file16_strand.fast5	758765
data/AshkenazimTrio/HG002_NA24385_son/CORNELL_Oxford_Nanopore/oxford_PC_HG02.3attempt_0633_1_ch211_file21_strand.fast5	1933174
data/AshkenazimTrio/HG002_NA24385_son/CORNELL_Oxford_Nanopore/oxford_PC_HG02.3attempt_0633_1_ch211_file22_strand.fast5	2251900
data/AshkenazimTrio/HG002_NA24385_son/CORNELL_Oxford_Nanopore/oxford_PC_HG02.3attempt_0633_1_ch211_file25_strand.fast5	2398917
data/AshkenazimTrio/HG002_NA24385_son/CORNELL_Oxford_Nanopore/oxford_PC_HG02.3attempt_0633_1_ch211_file47_strand.fast5	2412350
data/AshkenazimTrio/HG002_NA24385_son/CORNELL_Oxford_Nanopore/oxford_PC_HG02.3attempt_0633_1_ch211_file53_strand.fast5	1990403
data/AshkenazimTrio/HG002_NA24385_son/CORNELL_Oxford_Nanopore/oxford_PC_HG02.3attempt_0633_1_ch211_file8_strand.fast5	3203209
data/AshkenazimTrio/HG002_NA24385_son/CORNELL_Oxford_Nanopore/oxford_PC_HG02.3attempt_0633_1_ch212_file12_strand.fast5	1104686
data/AshkenazimTrio/HG002_NA24385_son/CORNELL_Oxford_Nanopore/oxford_PC_HG02.3attempt_0633_1_ch212_file190_strand.fast5	1715653
data/AshkenazimTrio/HG002_NA24385_son/CORNELL_Oxford_Nanopore/oxford_PC_HG02.3attempt_0633_1_ch212_file191_strand.fast5	2037305
data/AshkenazimTrio/HG002_NA24385_son/CORNELL_Oxford_Nanopore/oxford_PC_HG02.3attempt_0633_1_ch212_file203_strand.fast5	1755891
data/AshkenazimTrio/HG002_NA24385_son/CORNELL_Oxford_Nanopore/oxford_PC_HG02.3attempt_0633_1_ch212_file204_strand.fast5	2553954
data/AshkenazimTrio/HG002_NA24385_son/CORNELL_Oxford_Nanopore/oxford_PC_HG02.3attempt_0633_1_ch213_file0_strand.fast5	2342431
data/AshkenazimTrio/HG002_NA24385_son/CORNELL_Oxford_Nanopore/oxford_PC_HG02.3attempt_0633_1_ch213_file105_strand.fast5	2066564
data/AshkenazimTrio/HG002_NA24385_son/CORNELL_Oxford_Nanopore/oxford_PC_HG02.3attempt_0633_1_ch213_file11_strand.fast5	472487
data/AshkenazimTrio/HG002_NA24385_son/CORNELL_Oxford_Nanopore/oxford_PC_HG02.3attempt_0633_1_ch213_file1_strand.fast5	1991214
data/AshkenazimTrio/HG002_NA24385_son/CORNELL_Oxford_Nanopore/oxford_PC_HG02.3attempt_0633_1_ch213_file20_strand.fast5	2299955
data/AshkenazimTrio/HG002_NA24385_son/CORNELL_Oxford_Nanopore/oxford_PC_HG02.3attempt_0633_1_ch213_file28_strand.fast5	3683383
data/AshkenazimTrio/HG002_NA24385_son/CORNELL_Oxford_Nanopore/oxford_PC_HG02.3attempt_0633_1_ch213_file55_strand.fast5	1879146
data/AshkenazimTrio/HG002_NA24385_son/CORNELL_Oxford_Nanopore/oxford_PC_HG02.3attempt_0633_1_ch213_file59_strand.fast5	755131
data/AshkenazimTrio/HG002_NA24385_son/CORNELL_Oxford_Nanopore/oxford_PC_HG02.3attempt_0633_1_ch213_file78_strand.fast5	2784596
data/AshkenazimTrio/HG002_NA24385_son/CORNELL_Oxford_Nanopore/oxford_PC_HG02.3attempt_0633_1_ch213_file79_strand.fast5	2385552
data/AshkenazimTrio/HG002_NA24385_son/CORNELL_Oxford_Nanopore/oxford_PC_HG02.3attempt_0633_1_ch213_file93_strand.fast5	1620312
data/AshkenazimTrio/HG002_NA24385_son/CORNELL_Oxford_Nanopore/oxford_PC_HG02.3attempt_0633_1_ch214_file19_strand.fast5	1752307
data/AshkenazimTrio/HG002_NA24385_son/CORNELL_Oxford_Nanopore/oxford_PC_HG02.3attempt_0633_1_ch214_file26_strand.fast5	560733
data/AshkenazimTrio/HG002_NA24385_son/CORNELL_Oxford_Nanopore/oxford_PC_HG02.3attempt_0633_1_ch214_file3_strand.fast5	1825983
data/AshkenazimTrio/HG002_NA24385_son/CORNELL_Oxford_Nanopore/oxford_PC_HG02.3attempt_0633_1_ch214_file83_strand.fast5	1227591
data/AshkenazimTrio/HG002_NA24385_son/CORNELL_Oxford_Nanopore/oxford_PC_HG02.3attempt_0633_1_ch215_file33_strand.fast5	2589615
data/AshkenazimTrio/HG002_NA24385_son/CORNELL_Oxford_Nanopore/oxford_PC_HG02.3attempt_0633_1_ch215_file35_strand.fast5	2123806
data/AshkenazimTrio/HG002_NA24385_son/CORNELL_Oxford_Nanopore/oxford_PC_HG02.3attempt_0633_1_ch215_file39_strand.fast5	1919598
data/AshkenazimTrio/HG002_NA24385_son/CORNELL_Oxford_Nanopore/oxford_PC_HG02.3attempt_0633_1_ch215_file42_strand.fast5	2824576
data/AshkenazimTrio/HG002_NA24385_son/CORNELL_Oxford_Nanopore/oxford_PC_HG02.3attempt_0633_1_ch215_file87_strand.fast5	910458
data/AshkenazimTrio/HG002_NA24385_son/CORNELL_Oxford_Nanopore/oxford_PC_HG02.3attempt_0633_1_ch216_file0_strand.fast5	1976602
data/AshkenazimTrio/HG002_NA24385_son/CORNELL_Oxford_Nanopore/oxford_PC_HG02.3attempt_0633_1_ch216_file16_strand.fast5	664406
data/AshkenazimTrio/HG002_NA24385_son/CORNELL_Oxford_Nanopore/oxford_PC_HG02.3attempt_0633_1_ch216_file21_strand.fast5	1611379
data/AshkenazimTrio/HG002_NA24385_son/CORNELL_Oxford_Nanopore/oxford_PC_HG02.3attempt_0633_1_ch216_file30_strand.fast5	2037984
data/AshkenazimTrio/HG002_NA24385_son/CORNELL_Oxford_Nanopore/oxford_PC_HG02.3attempt_0633_1_ch216_file37_strand.fast5	2376096
data/AshkenazimTrio/HG002_NA24385_son/CORNELL_Oxford_Nanopore/oxford_PC_HG02.3attempt_0633_1_ch216_file40_strand.fast5	2028013
data/AshkenazimTrio/HG002_NA24385_son/CORNELL_Oxford_Nanopore/oxford_PC_HG02.3attempt_0633_1_ch216_file4_strand.fast5	624223
data/AshkenazimTrio/HG002_NA24385_son/CORNELL_Oxford_Nanopore/oxford_PC_HG02.3attempt_0633_1_ch216_file56_strand.fast5	940371
data/AshkenazimTrio/HG002_NA24385_son/CORNELL_Oxford_Nanopore/oxford_PC_HG02.3attempt_0633_1_ch216_file70_strand.fast5	1252301
data/AshkenazimTrio/HG002_NA24385_son/CORNELL_Oxford_Nanopore/oxford_PC_HG02.3attempt_0633_1_ch216_file90_strand.fast5	3179303
data/AshkenazimTrio/HG002_NA24385_son/CORNELL_Oxford_Nanopore/oxford_PC_HG02.3attempt_0633_1_ch216_file92_strand.fast5	1642778
data/AshkenazimTrio/HG002_NA24385_son/CORNELL_Oxford_Nanopore/oxford_PC_HG02.3attempt_0633_1_ch216_file95_strand.fast5	1584888
data/AshkenazimTrio/HG002_NA24385_son/CORNELL_Oxford_Nanopore/oxford_PC_HG02.3attempt_0633_1_ch216_file98_strand.fast5	2236929
data/AshkenazimTrio/HG002_NA24385_son/CORNELL_Oxford_Nanopore/oxford_PC_HG02.3attempt_0633_1_ch218_file13_strand.fast5	457743
data/AshkenazimTrio/HG002_NA24385_son/CORNELL_Oxford_Nanopore/oxford_PC_HG02.3attempt_0633_1_ch218_file29_strand.fast5	2865341
data/AshkenazimTrio/HG002_NA24385_son/CORNELL_Oxford_Nanopore/oxford_PC_HG02.3attempt_0633_1_ch218_file2_strand.fast5	712681
data/AshkenazimTrio/HG002_NA24385_son/CORNELL_Oxford_Nanopore/oxford_PC_HG02.3attempt_0633_1_ch218_file31_strand.fast5	4419981
data/AshkenazimTrio/HG002_NA24385_son/CORNELL_Oxford_Nanopore/oxford_PC_HG02.3attempt_0633_1_ch218_file3_strand.fast5	4944286
data/AshkenazimTrio/HG002_NA24385_son/CORNELL_Oxford_Nanopore/oxford_PC_HG02.3attempt_0633_1_ch218_file45_strand.fast5	2099761
data/AshkenazimTrio/HG002_NA24385_son/CORNELL_Oxford_Nanopore/oxford_PC_HG02.3attempt_0633_1_ch218_file57_strand.fast5	936603
data/AshkenazimTrio/HG002_NA24385_son/CORNELL_Oxford_Nanopore/oxford_PC_HG02.3attempt_0633_1_ch218_file61_strand.fast5	1721274
data/AshkenazimTrio/HG002_NA24385_son/CORNELL_Oxford_Nanopore/oxford_PC_HG02.3attempt_0633_1_ch218_file67_strand.fast5	1461818
data/AshkenazimTrio/HG002_NA24385_son/CORNELL_Oxford_Nanopore/oxford_PC_HG02.3attempt_0633_1_ch218_file82_strand.fast5	673235
data/AshkenazimTrio/HG002_NA24385_son/CORNELL_Oxford_Nanopore/oxford_PC_HG02.3attempt_0633_1_ch218_file85_strand.fast5	4705405
data/AshkenazimTrio/HG002_NA24385_son/CORNELL_Oxford_Nanopore/oxford_PC_HG02.3attempt_0633_1_ch219_file123_strand.fast5	2713347
data/AshkenazimTrio/HG002_NA24385_son/CORNELL_Oxford_Nanopore/oxford_PC_HG02.3attempt_0633_1_ch219_file16_strand.fast5	2069770
data/AshkenazimTrio/HG002_NA24385_son/CORNELL_Oxford_Nanopore/oxford_PC_HG02.3attempt_0633_1_ch219_file17_strand.fast5	2462364
data/AshkenazimTrio/HG002_NA24385_son/CORNELL_Oxford_Nanopore/oxford_PC_HG02.3attempt_0633_1_ch219_file1_strand.fast5	2023187
data/AshkenazimTrio/HG002_NA24385_son/CORNELL_Oxford_Nanopore/oxford_PC_HG02.3attempt_0633_1_ch219_file21_strand.fast5	2024933
data/AshkenazimTrio/HG002_NA24385_son/CORNELL_Oxford_Nanopore/oxford_PC_HG02.3attempt_0633_1_ch219_file38_strand.fast5	1675700
data/AshkenazimTrio/HG002_NA24385_son/CORNELL_Oxford_Nanopore/oxford_PC_HG02.3attempt_0633_1_ch219_file40_strand.fast5	2139975
data/AshkenazimTrio/HG002_NA24385_son/CORNELL_Oxford_Nanopore/oxford_PC_HG02.3attempt_0633_1_ch219_file43_strand.fast5	2255616
data/AshkenazimTrio/HG002_NA24385_son/CORNELL_Oxford_Nanopore/oxford_PC_HG02.3attempt_0633_1_ch219_file47_strand.fast5	1667243
data/AshkenazimTrio/HG002_NA24385_son/CORNELL_Oxford_Nanopore/oxford_PC_HG02.3attempt_0633_1_ch219_file49_strand.fast5	2221137
data/AshkenazimTrio/HG002_NA24385_son/CORNELL_Oxford_Nanopore/oxford_PC_HG02.3attempt_0633_1_ch219_file4_strand.fast5	1511326
data/AshkenazimTrio/HG002_NA24385_son/CORNELL_Oxford_Nanopore/oxford_PC_HG02.3attempt_0633_1_ch219_file53_strand.fast5	2289936
data/AshkenazimTrio/HG002_NA24385_son/CORNELL_Oxford_Nanopore/oxford_PC_HG02.3attempt_0633_1_ch21_file15_strand.fast5	2348214
data/AshkenazimTrio/HG002_NA24385_son/CORNELL_Oxford_Nanopore/oxford_PC_HG02.3attempt_0633_1_ch21_file3_strand.fast5	1263324
data/AshkenazimTrio/HG002_NA24385_son/CORNELL_Oxford_Nanopore/oxford_PC_HG02.3attempt_0633_1_ch21_file7_strand.fast5	2865977
data/AshkenazimTrio/HG002_NA24385_son/CORNELL_Oxford_Nanopore/oxford_PC_HG02.3attempt_0633_1_ch222_file104_strand.fast5	1994357
data/AshkenazimTrio/HG002_NA24385_son/CORNELL_Oxford_Nanopore/oxford_PC_HG02.3attempt_0633_1_ch222_file116_strand.fast5	4435117
data/AshkenazimTrio/HG002_NA24385_son/CORNELL_Oxford_Nanopore/oxford_PC_HG02.3attempt_0633_1_ch222_file19_strand.fast5	1802073
data/AshkenazimTrio/HG002_NA24385_son/CORNELL_Oxford_Nanopore/oxford_PC_HG02.3attempt_0633_1_ch222_file1_strand.fast5	1892486
data/AshkenazimTrio/HG002_NA24385_son/CORNELL_Oxford_Nanopore/oxford_PC_HG02.3attempt_0633_1_ch222_file27_strand.fast5	4699591
data/AshkenazimTrio/HG002_NA24385_son/CORNELL_Oxford_Nanopore/oxford_PC_HG02.3attempt_0633_1_ch222_file49_strand.fast5	1621490
data/AshkenazimTrio/HG002_NA24385_son/CORNELL_Oxford_Nanopore/oxford_PC_HG02.3attempt_0633_1_ch222_file54_strand.fast5	1634188
data/AshkenazimTrio/HG002_NA24385_son/CORNELL_Oxford_Nanopore/oxford_PC_HG02.3attempt_0633_1_ch222_file5_strand.fast5	2179693
data/AshkenazimTrio/HG002_NA24385_son/CORNELL_Oxford_Nanopore/oxford_PC_HG02.3attempt_0633_1_ch222_file60_strand.fast5	1794888
data/AshkenazimTrio/HG002_NA24385_son/CORNELL_Oxford_Nanopore/oxford_PC_HG02.3attempt_0633_1_ch222_file62_strand.fast5	1149956
data/AshkenazimTrio/HG002_NA24385_son/CORNELL_Oxford_Nanopore/oxford_PC_HG02.3attempt_0633_1_ch222_file69_strand.fast5	2010028
data/AshkenazimTrio/HG002_NA24385_son/CORNELL_Oxford_Nanopore/oxford_PC_HG02.3attempt_0633_1_ch222_file86_strand.fast5	556651
data/AshkenazimTrio/HG002_NA24385_son/CORNELL_Oxford_Nanopore/oxford_PC_HG02.3attempt_0633_1_ch222_file8_strand.fast5	1178721
data/AshkenazimTrio/HG002_NA24385_son/CORNELL_Oxford_Nanopore/oxford_PC_HG02.3attempt_0633_1_ch222_file90_strand.fast5	2285829
data/AshkenazimTrio/HG002_NA24385_son/CORNELL_Oxford_Nanopore/oxford_PC_HG02.3attempt_0633_1_ch223_file127_strand.fast5	3723676
data/AshkenazimTrio/HG002_NA24385_son/CORNELL_Oxford_Nanopore/oxford_PC_HG02.3attempt_0633_1_ch223_file136_strand.fast5	2140192
data/AshkenazimTrio/HG002_NA24385_son/CORNELL_Oxford_Nanopore/oxford_PC_HG02.3attempt_0633_1_ch223_file4_strand.fast5	2767143
data/AshkenazimTrio/HG002_NA24385_son/CORNELL_Oxford_Nanopore/oxford_PC_HG02.3attempt_0633_1_ch224_file33_strand.fast5	984223
data/AshkenazimTrio/HG002_NA24385_son/CORNELL_Oxford_Nanopore/oxford_PC_HG02.3attempt_0633_1_ch224_file3_strand.fast5	1845883
data/AshkenazimTrio/HG002_NA24385_son/CORNELL_Oxford_Nanopore/oxford_PC_HG02.3attempt_0633_1_ch224_file42_strand.fast5	2368077
data/AshkenazimTrio/HG002_NA24385_son/CORNELL_Oxford_Nanopore/oxford_PC_HG02.3attempt_0633_1_ch225_file0_strand.fast5	3280209
data/AshkenazimTrio/HG002_NA24385_son/CORNELL_Oxford_Nanopore/oxford_PC_HG02.3attempt_0633_1_ch227_file11_strand.fast5	2583788
data/AshkenazimTrio/HG002_NA24385_son/CORNELL_Oxford_Nanopore/oxford_PC_HG02.3attempt_0633_1_ch227_file14_strand.fast5	1190042
data/AshkenazimTrio/HG002_NA24385_son/CORNELL_Oxford_Nanopore/oxford_PC_HG02.3attempt_0633_1_ch227_file17_strand.fast5	1719572
data/AshkenazimTrio/HG002_NA24385_son/CORNELL_Oxford_Nanopore/oxford_PC_HG02.3attempt_0633_1_ch227_file5_strand.fast5	2971810
data/AshkenazimTrio/HG002_NA24385_son/CORNELL_Oxford_Nanopore/oxford_PC_HG02.3attempt_0633_1_ch229_file0_strand.fast5	1021977
data/AshkenazimTrio/HG002_NA24385_son/CORNELL_Oxford_Nanopore/oxford_PC_HG02.3attempt_0633_1_ch229_file10_strand.fast5	3014082
data/AshkenazimTrio/HG002_NA24385_son/CORNELL_Oxford_Nanopore/oxford_PC_HG02.3attempt_0633_1_ch229_file1_strand.fast5	1481956
data/AshkenazimTrio/HG002_NA24385_son/CORNELL_Oxford_Nanopore/oxford_PC_HG02.3attempt_0633_1_ch229_file22_strand.fast5	564613
data/AshkenazimTrio/HG002_NA24385_son/CORNELL_Oxford_Nanopore/oxford_PC_HG02.3attempt_0633_1_ch229_file24_strand.fast5	2130634
data/AshkenazimTrio/HG002_NA24385_son/CORNELL_Oxford_Nanopore/oxford_PC_HG02.3attempt_0633_1_ch229_file26_strand.fast5	3150777
data/AshkenazimTrio/HG002_NA24385_son/CORNELL_Oxford_Nanopore/oxford_PC_HG02.3attempt_0633_1_ch229_file3_strand.fast5	3778805
data/AshkenazimTrio/HG002_NA24385_son/CORNELL_Oxford_Nanopore/oxford_PC_HG02.3attempt_0633_1_ch229_file40_strand.fast5	1689709
data/AshkenazimTrio/HG002_NA24385_son/CORNELL_Oxford_Nanopore/oxford_PC_HG02.3attempt_0633_1_ch22_file104_strand.fast5	2104121
data/AshkenazimTrio/HG002_NA24385_son/CORNELL_Oxford_Nanopore/oxford_PC_HG02.3attempt_0633_1_ch22_file14_strand.fast5	1427208
data/AshkenazimTrio/HG002_NA24385_son/CORNELL_Oxford_Nanopore/oxford_PC_HG02.3attempt_0633_1_ch22_file16_strand.fast5	3037708
data/AshkenazimTrio/HG002_NA24385_son/CORNELL_Oxford_Nanopore/oxford_PC_HG02.3attempt_0633_1_ch22_file21_strand.fast5	3990845
data/AshkenazimTrio/HG002_NA24385_son/CORNELL_Oxford_Nanopore/oxford_PC_HG02.3attempt_0633_1_ch22_file42_strand.fast5	1322746
data/AshkenazimTrio/HG002_NA24385_son/CORNELL_Oxford_Nanopore/oxford_PC_HG02.3attempt_0633_1_ch22_file50_strand.fast5	1865066
data/AshkenazimTrio/HG002_NA24385_son/CORNELL_Oxford_Nanopore/oxford_PC_HG02.3attempt_0633_1_ch22_file51_strand.fast5	1122287
data/AshkenazimTrio/HG002_NA24385_son/CORNELL_Oxford_Nanopore/oxford_PC_HG02.3attempt_0633_1_ch22_file59_strand.fast5	1548499
data/AshkenazimTrio/HG002_NA24385_son/CORNELL_Oxford_Nanopore/oxford_PC_HG02.3attempt_0633_1_ch22_file6_strand.fast5	3115444
data/AshkenazimTrio/HG002_NA24385_son/CORNELL_Oxford_Nanopore/oxford_PC_HG02.3attempt_0633_1_ch22_file80_strand.fast5	1891933
data/AshkenazimTrio/HG002_NA24385_son/CORNELL_Oxford_Nanopore/oxford_PC_HG02.3attempt_0633_1_ch22_file86_strand.fast5	1623214
data/AshkenazimTrio/HG002_NA24385_son/CORNELL_Oxford_Nanopore/oxford_PC_HG02.3attempt_0633_1_ch22_file87_strand.fast5	3643722
data/AshkenazimTrio/HG002_NA24385_son/CORNELL_Oxford_Nanopore/oxford_PC_HG02.3attempt_0633_1_ch22_file94_strand.fast5	3349693
data/AshkenazimTrio/HG002_NA24385_son/CORNELL_Oxford_Nanopore/oxford_PC_HG02.3attempt_0633_1_ch232_file0_strand.fast5	2813135
data/AshkenazimTrio/HG002_NA24385_son/CORNELL_Oxford_Nanopore/oxford_PC_HG02.3attempt_0633_1_ch232_file13_strand.fast5	1677394
data/AshkenazimTrio/HG002_NA24385_son/CORNELL_Oxford_Nanopore/oxford_PC_HG02.3attempt_0633_1_ch232_file14_strand.fast5	1637683
data/AshkenazimTrio/HG002_NA24385_son/CORNELL_Oxford_Nanopore/oxford_PC_HG02.3attempt_0633_1_ch232_file18_strand.fast5	2648620
data/AshkenazimTrio/HG002_NA24385_son/CORNELL_Oxford_Nanopore/oxford_PC_HG02.3attempt_0633_1_ch232_file24_strand.fast5	2384071
data/AshkenazimTrio/HG002_NA24385_son/CORNELL_Oxford_Nanopore/oxford_PC_HG02.3attempt_0633_1_ch232_file27_strand.fast5	1309983
data/AshkenazimTrio/HG002_NA24385_son/CORNELL_Oxford_Nanopore/oxford_PC_HG02.3attempt_0633_1_ch232_file3_strand.fast5	1402059
data/AshkenazimTrio/HG002_NA24385_son/CORNELL_Oxford_Nanopore/oxford_PC_HG02.3attempt_0633_1_ch232_file6_strand.fast5	2447636
data/AshkenazimTrio/HG002_NA24385_son/CORNELL_Oxford_Nanopore/oxford_PC_HG02.3attempt_0633_1_ch233_file13_strand.fast5	2190624
data/AshkenazimTrio/HG002_NA24385_son/CORNELL_Oxford_Nanopore/oxford_PC_HG02.3attempt_0633_1_ch233_file22_strand.fast5	4021237
data/AshkenazimTrio/HG002_NA24385_son/CORNELL_Oxford_Nanopore/oxford_PC_HG02.3attempt_0633_1_ch233_file24_strand.fast5	1529630
data/AshkenazimTrio/HG002_NA24385_son/CORNELL_Oxford_Nanopore/oxford_PC_HG02.3attempt_0633_1_ch233_file46_strand.fast5	1522132
data/AshkenazimTrio/HG002_NA24385_son/CORNELL_Oxford_Nanopore/oxford_PC_HG02.3attempt_0633_1_ch233_file4_strand.fast5	2193458
data/AshkenazimTrio/HG002_NA24385_son/CORNELL_Oxford_Nanopore/oxford_PC_HG02.3attempt_0633_1_ch233_file50_strand.fast5	3006954
data/AshkenazimTrio/HG002_NA24385_son/CORNELL_Oxford_Nanopore/oxford_PC_HG02.3attempt_0633_1_ch233_file55_strand.fast5	1709048
data/AshkenazimTrio/HG002_NA24385_son/CORNELL_Oxford_Nanopore/oxford_PC_HG02.3attempt_0633_1_ch233_file63_strand.fast5	2999978
data/AshkenazimTrio/HG002_NA24385_son/CORNELL_Oxford_Nanopore/oxford_PC_HG02.3attempt_0633_1_ch233_file66_strand.fast5	4125378
data/AshkenazimTrio/HG002_NA24385_son/CORNELL_Oxford_Nanopore/oxford_PC_HG02.3attempt_0633_1_ch234_file11_strand.fast5	3358738
data/AshkenazimTrio/HG002_NA24385_son/CORNELL_Oxford_Nanopore/oxford_PC_HG02.3attempt_0633_1_ch234_file139_strand.fast5	2057083
data/AshkenazimTrio/HG002_NA24385_son/CORNELL_Oxford_Nanopore/oxford_PC_HG02.3attempt_0633_1_ch234_file13_strand.fast5	1909039
data/AshkenazimTrio/HG002_NA24385_son/CORNELL_Oxford_Nanopore/oxford_PC_HG02.3attempt_0633_1_ch234_file19_strand.fast5	2396552
data/AshkenazimTrio/HG002_NA24385_son/CORNELL_Oxford_Nanopore/oxford_PC_HG02.3attempt_0633_1_ch234_file24_strand.fast5	893182
data/AshkenazimTrio/HG002_NA24385_son/CORNELL_Oxford_Nanopore/oxford_PC_HG02.3attempt_0633_1_ch234_file31_strand.fast5	1538502
data/AshkenazimTrio/HG002_NA24385_son/CORNELL_Oxford_Nanopore/oxford_PC_HG02.3attempt_0633_1_ch234_file33_strand.fast5	372224
data/AshkenazimTrio/HG002_NA24385_son/CORNELL_Oxford_Nanopore/oxford_PC_HG02.3attempt_0633_1_ch234_file34_strand.fast5	1324545
data/AshkenazimTrio/HG002_NA24385_son/CORNELL_Oxford_Nanopore/oxford_PC_HG02.3attempt_0633_1_ch234_file3_strand.fast5	2769433
data/AshkenazimTrio/HG002_NA24385_son/CORNELL_Oxford_Nanopore/oxford_PC_HG02.3attempt_0633_1_ch234_file45_strand.fast5	3123923
data/AshkenazimTrio/HG002_NA24385_son/CORNELL_Oxford_Nanopore/oxford_PC_HG02.3attempt_0633_1_ch234_file6_strand.fast5	2417023
data/AshkenazimTrio/HG002_NA24385_son/CORNELL_Oxford_Nanopore/oxford_PC_HG02.3attempt_0633_1_ch235_file0_strand.fast5	1358912
data/AshkenazimTrio/HG002_NA24385_son/CORNELL_Oxford_Nanopore/oxford_PC_HG02.3attempt_0633_1_ch235_file100_strand.fast5	3573979
data/AshkenazimTrio/HG002_NA24385_son/CORNELL_Oxford_Nanopore/oxford_PC_HG02.3attempt_0633_1_ch235_file83_strand.fast5	2445878
data/AshkenazimTrio/HG002_NA24385_son/CORNELL_Oxford_Nanopore/oxford_PC_HG02.3attempt_0633_1_ch236_file0_strand.fast5	2043913
data/AshkenazimTrio/HG002_NA24385_son/CORNELL_Oxford_Nanopore/oxford_PC_HG02.3attempt_0633_1_ch236_file29_strand.fast5	2541757
data/AshkenazimTrio/HG002_NA24385_son/CORNELL_Oxford_Nanopore/oxford_PC_HG02.3attempt_0633_1_ch236_file45_strand.fast5	802574
data/AshkenazimTrio/HG002_NA24385_son/CORNELL_Oxford_Nanopore/oxford_PC_HG02.3attempt_0633_1_ch236_file5_strand.fast5	2837524
data/AshkenazimTrio/HG002_NA24385_son/CORNELL_Oxford_Nanopore/oxford_PC_HG02.3attempt_0633_1_ch237_file14_strand.fast5	3063578
data/AshkenazimTrio/HG002_NA24385_son/CORNELL_Oxford_Nanopore/oxford_PC_HG02.3attempt_0633_1_ch237_file20_strand.fast5	1697594
data/AshkenazimTrio/HG002_NA24385_son/CORNELL_Oxford_Nanopore/oxford_PC_HG02.3attempt_0633_1_ch237_file23_strand.fast5	2542034
data/AshkenazimTrio/HG002_NA24385_son/CORNELL_Oxford_Nanopore/oxford_PC_HG02.3attempt_0633_1_ch237_file24_strand.fast5	2734041
data/AshkenazimTrio/HG002_NA24385_son/CORNELL_Oxford_Nanopore/oxford_PC_HG02.3attempt_0633_1_ch237_file28_strand.fast5	1899742
data/AshkenazimTrio/HG002_NA24385_son/CORNELL_Oxford_Nanopore/oxford_PC_HG02.3attempt_0633_1_ch237_file35_strand.fast5	1220514
data/AshkenazimTrio/HG002_NA24385_son/CORNELL_Oxford_Nanopore/oxford_PC_HG02.3attempt_0633_1_ch237_file44_strand.fast5	1880303
data/AshkenazimTrio/HG002_NA24385_son/CORNELL_Oxford_Nanopore/oxford_PC_HG02.3attempt_0633_1_ch237_file48_strand.fast5	1333270
data/AshkenazimTrio/HG002_NA24385_son/CORNELL_Oxford_Nanopore/oxford_PC_HG02.3attempt_0633_1_ch237_file54_strand.fast5	2342198
data/AshkenazimTrio/HG002_NA24385_son/CORNELL_Oxford_Nanopore/oxford_PC_HG02.3attempt_0633_1_ch237_file59_strand.fast5	1428170
data/AshkenazimTrio/HG002_NA24385_son/CORNELL_Oxford_Nanopore/oxford_PC_HG02.3attempt_0633_1_ch237_file66_strand.fast5	2703605
data/AshkenazimTrio/HG002_NA24385_son/CORNELL_Oxford_Nanopore/oxford_PC_HG02.3attempt_0633_1_ch238_file101_strand.fast5	2591914
data/AshkenazimTrio/HG002_NA24385_son/CORNELL_Oxford_Nanopore/oxford_PC_HG02.3attempt_0633_1_ch238_file10_strand.fast5	498314
data/AshkenazimTrio/HG002_NA24385_son/CORNELL_Oxford_Nanopore/oxford_PC_HG02.3attempt_0633_1_ch238_file17_strand.fast5	2941466
data/AshkenazimTrio/HG002_NA24385_son/CORNELL_Oxford_Nanopore/oxford_PC_HG02.3attempt_0633_1_ch238_file2_strand.fast5	2459240
data/AshkenazimTrio/HG002_NA24385_son/CORNELL_Oxford_Nanopore/oxford_PC_HG02.3attempt_0633_1_ch238_file3_strand.fast5	3021862
data/AshkenazimTrio/HG002_NA24385_son/CORNELL_Oxford_Nanopore/oxford_PC_HG02.3attempt_0633_1_ch238_file44_strand.fast5	1735670
data/AshkenazimTrio/HG002_NA24385_son/CORNELL_Oxford_Nanopore/oxford_PC_HG02.3attempt_0633_1_ch238_file5_strand.fast5	2082613
data/AshkenazimTrio/HG002_NA24385_son/CORNELL_Oxford_Nanopore/oxford_PC_HG02.3attempt_0633_1_ch238_file60_strand.fast5	1973775
data/AshkenazimTrio/HG002_NA24385_son/CORNELL_Oxford_Nanopore/oxford_PC_HG02.3attempt_0633_1_ch238_file7_strand.fast5	1654451
data/AshkenazimTrio/HG002_NA24385_son/CORNELL_Oxford_Nanopore/oxford_PC_HG02.3attempt_0633_1_ch238_file95_strand.fast5	2666758
data/AshkenazimTrio/HG002_NA24385_son/CORNELL_Oxford_Nanopore/oxford_PC_HG02.3attempt_0633_1_ch238_file96_strand.fast5	4775930
data/AshkenazimTrio/HG002_NA24385_son/CORNELL_Oxford_Nanopore/oxford_PC_HG02.3attempt_0633_1_ch238_file97_strand.fast5	2770782
data/AshkenazimTrio/HG002_NA24385_son/CORNELL_Oxford_Nanopore/oxford_PC_HG02.3attempt_0633_1_ch240_file14_strand.fast5	2753917
data/AshkenazimTrio/HG002_NA24385_son/CORNELL_Oxford_Nanopore/oxford_PC_HG02.3attempt_0633_1_ch240_file20_strand.fast5	1831381
data/AshkenazimTrio/HG002_NA24385_son/CORNELL_Oxford_Nanopore/oxford_PC_HG02.3attempt_0633_1_ch240_file26_strand.fast5	2148320
data/AshkenazimTrio/HG002_NA24385_son/CORNELL_Oxford_Nanopore/oxford_PC_HG02.3attempt_0633_1_ch240_file32_strand.fast5	2507275
data/AshkenazimTrio/HG002_NA24385_son/CORNELL_Oxford_Nanopore/oxford_PC_HG02.3attempt_0633_1_ch242_file12_strand.fast5	2207909
data/AshkenazimTrio/HG002_NA24385_son/CORNELL_Oxford_Nanopore/oxford_PC_HG02.3attempt_0633_1_ch242_file24_strand.fast5	2641781
data/AshkenazimTrio/HG002_NA24385_son/CORNELL_Oxford_Nanopore/oxford_PC_HG02.3attempt_0633_1_ch242_file33_strand.fast5	2592405
data/AshkenazimTrio/HG002_NA24385_son/CORNELL_Oxford_Nanopore/oxford_PC_HG02.3attempt_0633_1_ch242_file34_strand.fast5	921561
data/AshkenazimTrio/HG002_NA24385_son/CORNELL_Oxford_Nanopore/oxford_PC_HG02.3attempt_0633_1_ch242_file41_strand.fast5	2019381
data/AshkenazimTrio/HG002_NA24385_son/CORNELL_Oxford_Nanopore/oxford_PC_HG02.3attempt_0633_1_ch242_file4_strand.fast5	922418
data/AshkenazimTrio/HG002_NA24385_son/CORNELL_Oxford_Nanopore/oxford_PC_HG02.3attempt_0633_1_ch242_file6_strand.fast5	2941441
data/AshkenazimTrio/HG002_NA24385_son/CORNELL_Oxford_Nanopore/oxford_PC_HG02.3attempt_0633_1_ch242_file97_strand.fast5	947692
data/AshkenazimTrio/HG002_NA24385_son/CORNELL_Oxford_Nanopore/oxford_PC_HG02.3attempt_0633_1_ch244_file14_strand.fast5	3211670
data/AshkenazimTrio/HG002_NA24385_son/CORNELL_Oxford_Nanopore/oxford_PC_HG02.3attempt_0633_1_ch244_file20_strand.fast5	3793335
data/AshkenazimTrio/HG002_NA24385_son/CORNELL_Oxford_Nanopore/oxford_PC_HG02.3attempt_0633_1_ch244_file24_strand.fast5	2025316
data/AshkenazimTrio/HG002_NA24385_son/CORNELL_Oxford_Nanopore/oxford_PC_HG02.3attempt_0633_1_ch244_file25_strand.fast5	1472158
data/AshkenazimTrio/HG002_NA24385_son/CORNELL_Oxford_Nanopore/oxford_PC_HG02.3attempt_0633_1_ch244_file30_strand.fast5	475726
data/AshkenazimTrio/HG002_NA24385_son/CORNELL_Oxford_Nanopore/oxford_PC_HG02.3attempt_0633_1_ch245_file11_strand.fast5	1363279
data/AshkenazimTrio/HG002_NA24385_son/CORNELL_Oxford_Nanopore/oxford_PC_HG02.3attempt_0633_1_ch245_file47_strand.fast5	3488419
data/AshkenazimTrio/HG002_NA24385_son/CORNELL_Oxford_Nanopore/oxford_PC_HG02.3attempt_0633_1_ch245_file55_strand.fast5	2367312
data/AshkenazimTrio/HG002_NA24385_son/CORNELL_Oxford_Nanopore/oxford_PC_HG02.3attempt_0633_1_ch246_file111_strand.fast5	1685187
data/AshkenazimTrio/HG002_NA24385_son/CORNELL_Oxford_Nanopore/oxford_PC_HG02.3attempt_0633_1_ch246_file118_strand.fast5	3581600
data/AshkenazimTrio/HG002_NA24385_son/CORNELL_Oxford_Nanopore/oxford_PC_HG02.3attempt_0633_1_ch246_file129_strand.fast5	1865290
data/AshkenazimTrio/HG002_NA24385_son/CORNELL_Oxford_Nanopore/oxford_PC_HG02.3attempt_0633_1_ch246_file12_strand.fast5	2300149
data/AshkenazimTrio/HG002_NA24385_son/CORNELL_Oxford_Nanopore/oxford_PC_HG02.3attempt_0633_1_ch246_file133_strand.fast5	3901076
data/AshkenazimTrio/HG002_NA24385_son/CORNELL_Oxford_Nanopore/oxford_PC_HG02.3attempt_0633_1_ch246_file14_strand.fast5	1880189
data/AshkenazimTrio/HG002_NA24385_son/CORNELL_Oxford_Nanopore/oxford_PC_HG02.3attempt_0633_1_ch246_file16_strand.fast5	3293716
data/AshkenazimTrio/HG002_NA24385_son/CORNELL_Oxford_Nanopore/oxford_PC_HG02.3attempt_0633_1_ch246_file30_strand.fast5	2079543
data/AshkenazimTrio/HG002_NA24385_son/CORNELL_Oxford_Nanopore/oxford_PC_HG02.3attempt_0633_1_ch246_file31_strand.fast5	460947
data/AshkenazimTrio/HG002_NA24385_son/CORNELL_Oxford_Nanopore/oxford_PC_HG02.3attempt_0633_1_ch246_file34_strand.fast5	1373882
data/AshkenazimTrio/HG002_NA24385_son/CORNELL_Oxford_Nanopore/oxford_PC_HG02.3attempt_0633_1_ch246_file38_strand.fast5	1391129
data/AshkenazimTrio/HG002_NA24385_son/CORNELL_Oxford_Nanopore/oxford_PC_HG02.3attempt_0633_1_ch246_file5_strand.fast5	2877172
data/AshkenazimTrio/HG002_NA24385_son/CORNELL_Oxford_Nanopore/oxford_PC_HG02.3attempt_0633_1_ch246_file75_strand.fast5	2188857
data/AshkenazimTrio/HG002_NA24385_son/CORNELL_Oxford_Nanopore/oxford_PC_HG02.3attempt_0633_1_ch246_file77_strand.fast5	4309871
data/AshkenazimTrio/HG002_NA24385_son/CORNELL_Oxford_Nanopore/oxford_PC_HG02.3attempt_0633_1_ch246_file7_strand.fast5	1740507
data/AshkenazimTrio/HG002_NA24385_son/CORNELL_Oxford_Nanopore/oxford_PC_HG02.3attempt_0633_1_ch246_file89_strand.fast5	1396982
data/AshkenazimTrio/HG002_NA24385_son/CORNELL_Oxford_Nanopore/oxford_PC_HG02.3attempt_0633_1_ch246_file9_strand.fast5	2345663
data/AshkenazimTrio/HG002_NA24385_son/CORNELL_Oxford_Nanopore/oxford_PC_HG02.3attempt_0633_1_ch248_file104_strand.fast5	2676744
data/AshkenazimTrio/HG002_NA24385_son/CORNELL_Oxford_Nanopore/oxford_PC_HG02.3attempt_0633_1_ch248_file13_strand.fast5	1939777
data/AshkenazimTrio/HG002_NA24385_son/CORNELL_Oxford_Nanopore/oxford_PC_HG02.3attempt_0633_1_ch248_file19_strand.fast5	1267244
data/AshkenazimTrio/HG002_NA24385_son/CORNELL_Oxford_Nanopore/oxford_PC_HG02.3attempt_0633_1_ch248_file1_strand.fast5	1491858
data/AshkenazimTrio/HG002_NA24385_son/CORNELL_Oxford_Nanopore/oxford_PC_HG02.3attempt_0633_1_ch248_file25_strand.fast5	406816
data/AshkenazimTrio/HG002_NA24385_son/CORNELL_Oxford_Nanopore/oxford_PC_HG02.3attempt_0633_1_ch248_file28_strand.fast5	3213477
data/AshkenazimTrio/HG002_NA24385_son/CORNELL_Oxford_Nanopore/oxford_PC_HG02.3attempt_0633_1_ch248_file2_strand.fast5	1493149
data/AshkenazimTrio/HG002_NA24385_son/CORNELL_Oxford_Nanopore/oxford_PC_HG02.3attempt_0633_1_ch248_file30_strand.fast5	1402458
data/AshkenazimTrio/HG002_NA24385_son/CORNELL_Oxford_Nanopore/oxford_PC_HG02.3attempt_0633_1_ch248_file40_strand.fast5	1256348
data/AshkenazimTrio/HG002_NA24385_son/CORNELL_Oxford_Nanopore/oxford_PC_HG02.3attempt_0633_1_ch248_file44_strand.fast5	1801514
data/AshkenazimTrio/HG002_NA24385_son/CORNELL_Oxford_Nanopore/oxford_PC_HG02.3attempt_0633_1_ch248_file46_strand.fast5	1575652
data/AshkenazimTrio/HG002_NA24385_son/CORNELL_Oxford_Nanopore/oxford_PC_HG02.3attempt_0633_1_ch248_file49_strand.fast5	742320
data/AshkenazimTrio/HG002_NA24385_son/CORNELL_Oxford_Nanopore/oxford_PC_HG02.3attempt_0633_1_ch248_file58_strand.fast5	2899913
data/AshkenazimTrio/HG002_NA24385_son/CORNELL_Oxford_Nanopore/oxford_PC_HG02.3attempt_0633_1_ch248_file61_strand.fast5	1702030
data/AshkenazimTrio/HG002_NA24385_son/CORNELL_Oxford_Nanopore/oxford_PC_HG02.3attempt_0633_1_ch248_file66_strand.fast5	1145691
data/AshkenazimTrio/HG002_NA24385_son/CORNELL_Oxford_Nanopore/oxford_PC_HG02.3attempt_0633_1_ch248_file72_strand.fast5	2836790
data/AshkenazimTrio/HG002_NA24385_son/CORNELL_Oxford_Nanopore/oxford_PC_HG02.3attempt_0633_1_ch248_file77_strand.fast5	2274235
data/AshkenazimTrio/HG002_NA24385_son/CORNELL_Oxford_Nanopore/oxford_PC_HG02.3attempt_0633_1_ch248_file7_strand.fast5	1388524
data/AshkenazimTrio/HG002_NA24385_son/CORNELL_Oxford_Nanopore/oxford_PC_HG02.3attempt_0633_1_ch248_file82_strand.fast5	1315342
data/AshkenazimTrio/HG002_NA24385_son/CORNELL_Oxford_Nanopore/oxford_PC_HG02.3attempt_0633_1_ch249_file10_strand.fast5	2124595
data/AshkenazimTrio/HG002_NA24385_son/CORNELL_Oxford_Nanopore/oxford_PC_HG02.3attempt_0633_1_ch249_file15_strand.fast5	1977934
data/AshkenazimTrio/HG002_NA24385_son/CORNELL_Oxford_Nanopore/oxford_PC_HG02.3attempt_0633_1_ch249_file29_strand.fast5	1029128
data/AshkenazimTrio/HG002_NA24385_son/CORNELL_Oxford_Nanopore/oxford_PC_HG02.3attempt_0633_1_ch249_file32_strand.fast5	2521066
data/AshkenazimTrio/HG002_NA24385_son/CORNELL_Oxford_Nanopore/oxford_PC_HG02.3attempt_0633_1_ch249_file36_strand.fast5	3153747
data/AshkenazimTrio/HG002_NA24385_son/CORNELL_Oxford_Nanopore/oxford_PC_HG02.3attempt_0633_1_ch249_file51_strand.fast5	2438276
data/AshkenazimTrio/HG002_NA24385_son/CORNELL_Oxford_Nanopore/oxford_PC_HG02.3attempt_0633_1_ch249_file56_strand.fast5	1159994
data/AshkenazimTrio/HG002_NA24385_son/CORNELL_Oxford_Nanopore/oxford_PC_HG02.3attempt_0633_1_ch249_file65_strand.fast5	1748884
data/AshkenazimTrio/HG002_NA24385_son/CORNELL_Oxford_Nanopore/oxford_PC_HG02.3attempt_0633_1_ch249_file68_strand.fast5	2640422
data/AshkenazimTrio/HG002_NA24385_son/CORNELL_Oxford_Nanopore/oxford_PC_HG02.3attempt_0633_1_ch249_file75_strand.fast5	3162894
data/AshkenazimTrio/HG002_NA24385_son/CORNELL_Oxford_Nanopore/oxford_PC_HG02.3attempt_0633_1_ch249_file7_strand.fast5	1847400
data/AshkenazimTrio/HG002_NA24385_son/CORNELL_Oxford_Nanopore/oxford_PC_HG02.3attempt_0633_1_ch250_file0_strand.fast5	1237045
data/AshkenazimTrio/HG002_NA24385_son/CORNELL_Oxford_Nanopore/oxford_PC_HG02.3attempt_0633_1_ch250_file2_strand.fast5	2020937
data/AshkenazimTrio/HG002_NA24385_son/CORNELL_Oxford_Nanopore/oxford_PC_HG02.3attempt_0633_1_ch252_file17_strand.fast5	2021554
data/AshkenazimTrio/HG002_NA24385_son/CORNELL_Oxford_Nanopore/oxford_PC_HG02.3attempt_0633_1_ch253_file0_strand.fast5	2697405
data/AshkenazimTrio/HG002_NA24385_son/CORNELL_Oxford_Nanopore/oxford_PC_HG02.3attempt_0633_1_ch253_file15_strand.fast5	628508
data/AshkenazimTrio/HG002_NA24385_son/CORNELL_Oxford_Nanopore/oxford_PC_HG02.3attempt_0633_1_ch253_file17_strand.fast5	1917937
data/AshkenazimTrio/HG002_NA24385_son/CORNELL_Oxford_Nanopore/oxford_PC_HG02.3attempt_0633_1_ch253_file19_strand.fast5	1554805
data/AshkenazimTrio/HG002_NA24385_son/CORNELL_Oxford_Nanopore/oxford_PC_HG02.3attempt_0633_1_ch253_file25_strand.fast5	2314660
data/AshkenazimTrio/HG002_NA24385_son/CORNELL_Oxford_Nanopore/oxford_PC_HG02.3attempt_0633_1_ch253_file31_strand.fast5	2391309
data/AshkenazimTrio/HG002_NA24385_son/CORNELL_Oxford_Nanopore/oxford_PC_HG02.3attempt_0633_1_ch253_file4_strand.fast5	454453
data/AshkenazimTrio/HG002_NA24385_son/CORNELL_Oxford_Nanopore/oxford_PC_HG02.3attempt_0633_1_ch253_file71_strand.fast5	2211485
data/AshkenazimTrio/HG002_NA24385_son/CORNELL_Oxford_Nanopore/oxford_PC_HG02.3attempt_0633_1_ch253_file8_strand.fast5	1487489
data/AshkenazimTrio/HG002_NA24385_son/CORNELL_Oxford_Nanopore/oxford_PC_HG02.3attempt_0633_1_ch254_file10_strand.fast5	669899
data/AshkenazimTrio/HG002_NA24385_son/CORNELL_Oxford_Nanopore/oxford_PC_HG02.3attempt_0633_1_ch256_file0_strand.fast5	2650482
data/AshkenazimTrio/HG002_NA24385_son/CORNELL_Oxford_Nanopore/oxford_PC_HG02.3attempt_0633_1_ch256_file5_strand.fast5	3185165
data/AshkenazimTrio/HG002_NA24385_son/CORNELL_Oxford_Nanopore/oxford_PC_HG02.3attempt_0633_1_ch257_file23_strand.fast5	1847438
data/AshkenazimTrio/HG002_NA24385_son/CORNELL_Oxford_Nanopore/oxford_PC_HG02.3attempt_0633_1_ch257_file41_strand.fast5	2546412
data/AshkenazimTrio/HG002_NA24385_son/CORNELL_Oxford_Nanopore/oxford_PC_HG02.3attempt_0633_1_ch257_file44_strand.fast5	553955
data/AshkenazimTrio/HG002_NA24385_son/CORNELL_Oxford_Nanopore/oxford_PC_HG02.3attempt_0633_1_ch257_file4_strand.fast5	1467439
data/AshkenazimTrio/HG002_NA24385_son/CORNELL_Oxford_Nanopore/oxford_PC_HG02.3attempt_0633_1_ch258_file112_strand.fast5	2709243
data/AshkenazimTrio/HG002_NA24385_son/CORNELL_Oxford_Nanopore/oxford_PC_HG02.3attempt_0633_1_ch258_file126_strand.fast5	1725351
data/AshkenazimTrio/HG002_NA24385_son/CORNELL_Oxford_Nanopore/oxford_PC_HG02.3attempt_0633_1_ch258_file15_strand.fast5	4134725
data/AshkenazimTrio/HG002_NA24385_son/CORNELL_Oxford_Nanopore/oxford_PC_HG02.3attempt_0633_1_ch258_file1_strand.fast5	2685347
data/AshkenazimTrio/HG002_NA24385_son/CORNELL_Oxford_Nanopore/oxford_PC_HG02.3attempt_0633_1_ch258_file31_strand.fast5	1422161
data/AshkenazimTrio/HG002_NA24385_son/CORNELL_Oxford_Nanopore/oxford_PC_HG02.3attempt_0633_1_ch258_file40_strand.fast5	2239814
data/AshkenazimTrio/HG002_NA24385_son/CORNELL_Oxford_Nanopore/oxford_PC_HG02.3attempt_0633_1_ch258_file46_strand.fast5	1595843
data/AshkenazimTrio/HG002_NA24385_son/CORNELL_Oxford_Nanopore/oxford_PC_HG02.3attempt_0633_1_ch258_file47_strand.fast5	1732376
data/AshkenazimTrio/HG002_NA24385_son/CORNELL_Oxford_Nanopore/oxford_PC_HG02.3attempt_0633_1_ch258_file55_strand.fast5	4947067
data/AshkenazimTrio/HG002_NA24385_son/CORNELL_Oxford_Nanopore/oxford_PC_HG02.3attempt_0633_1_ch258_file59_strand.fast5	487337
data/AshkenazimTrio/HG002_NA24385_son/CORNELL_Oxford_Nanopore/oxford_PC_HG02.3attempt_0633_1_ch258_file60_strand.fast5	2170024
data/AshkenazimTrio/HG002_NA24385_son/CORNELL_Oxford_Nanopore/oxford_PC_HG02.3attempt_0633_1_ch258_file62_strand.fast5	2396878
data/AshkenazimTrio/HG002_NA24385_son/CORNELL_Oxford_Nanopore/oxford_PC_HG02.3attempt_0633_1_ch258_file71_strand.fast5	2841905
data/AshkenazimTrio/HG002_NA24385_son/CORNELL_Oxford_Nanopore/oxford_PC_HG02.3attempt_0633_1_ch258_file76_strand.fast5	1813756
data/AshkenazimTrio/HG002_NA24385_son/CORNELL_Oxford_Nanopore/oxford_PC_HG02.3attempt_0633_1_ch258_file78_strand.fast5	1305706
data/AshkenazimTrio/HG002_NA24385_son/CORNELL_Oxford_Nanopore/oxford_PC_HG02.3attempt_0633_1_ch258_file80_strand.fast5	2154360
data/AshkenazimTrio/HG002_NA24385_son/CORNELL_Oxford_Nanopore/oxford_PC_HG02.3attempt_0633_1_ch259_file20_strand.fast5	2212280
data/AshkenazimTrio/HG002_NA24385_son/CORNELL_Oxford_Nanopore/oxford_PC_HG02.3attempt_0633_1_ch260_file14_strand.fast5	2061510
data/AshkenazimTrio/HG002_NA24385_son/CORNELL_Oxford_Nanopore/oxford_PC_HG02.3attempt_0633_1_ch260_file35_strand.fast5	1893669
data/AshkenazimTrio/HG002_NA24385_son/CORNELL_Oxford_Nanopore/oxford_PC_HG02.3attempt_0633_1_ch260_file36_strand.fast5	2161539
data/AshkenazimTrio/HG002_NA24385_son/CORNELL_Oxford_Nanopore/oxford_PC_HG02.3attempt_0633_1_ch260_file40_strand.fast5	1267806
data/AshkenazimTrio/HG002_NA24385_son/CORNELL_Oxford_Nanopore/oxford_PC_HG02.3attempt_0633_1_ch260_file44_strand.fast5	1479522
data/AshkenazimTrio/HG002_NA24385_son/CORNELL_Oxford_Nanopore/oxford_PC_HG02.3attempt_0633_1_ch260_file50_strand.fast5	1432013
data/AshkenazimTrio/HG002_NA24385_son/CORNELL_Oxford_Nanopore/oxford_PC_HG02.3attempt_0633_1_ch260_file56_strand.fast5	1420611
data/AshkenazimTrio/HG002_NA24385_son/CORNELL_Oxford_Nanopore/oxford_PC_HG02.3attempt_0633_1_ch260_file6_strand.fast5	3708708
data/AshkenazimTrio/HG002_NA24385_son/CORNELL_Oxford_Nanopore/oxford_PC_HG02.3attempt_0633_1_ch260_file7_strand.fast5	1845945
data/AshkenazimTrio/HG002_NA24385_son/CORNELL_Oxford_Nanopore/oxford_PC_HG02.3attempt_0633_1_ch260_file8_strand.fast5	1365816
data/AshkenazimTrio/HG002_NA24385_son/CORNELL_Oxford_Nanopore/oxford_PC_HG02.3attempt_0633_1_ch260_file9_strand.fast5	1570593
data/AshkenazimTrio/HG002_NA24385_son/CORNELL_Oxford_Nanopore/oxford_PC_HG02.3attempt_0633_1_ch261_file129_strand.fast5	2946805
data/AshkenazimTrio/HG002_NA24385_son/CORNELL_Oxford_Nanopore/oxford_PC_HG02.3attempt_0633_1_ch261_file12_strand.fast5	2299788
data/AshkenazimTrio/HG002_NA24385_son/CORNELL_Oxford_Nanopore/oxford_PC_HG02.3attempt_0633_1_ch261_file35_strand.fast5	2808595
data/AshkenazimTrio/HG002_NA24385_son/CORNELL_Oxford_Nanopore/oxford_PC_HG02.3attempt_0633_1_ch261_file51_strand.fast5	3588088
data/AshkenazimTrio/HG002_NA24385_son/CORNELL_Oxford_Nanopore/oxford_PC_HG02.3attempt_0633_1_ch261_file54_strand.fast5	4811030
data/AshkenazimTrio/HG002_NA24385_son/CORNELL_Oxford_Nanopore/oxford_PC_HG02.3attempt_0633_1_ch261_file55_strand.fast5	4228758
data/AshkenazimTrio/HG002_NA24385_son/CORNELL_Oxford_Nanopore/oxford_PC_HG02.3attempt_0633_1_ch261_file78_strand.fast5	1913685
data/AshkenazimTrio/HG002_NA24385_son/CORNELL_Oxford_Nanopore/oxford_PC_HG02.3attempt_0633_1_ch261_file7_strand.fast5	1839072
data/AshkenazimTrio/HG002_NA24385_son/CORNELL_Oxford_Nanopore/oxford_PC_HG02.3attempt_0633_1_ch261_file82_strand.fast5	2123876
data/AshkenazimTrio/HG002_NA24385_son/CORNELL_Oxford_Nanopore/oxford_PC_HG02.3attempt_0633_1_ch262_file15_strand.fast5	2224263
data/AshkenazimTrio/HG002_NA24385_son/CORNELL_Oxford_Nanopore/oxford_PC_HG02.3attempt_0633_1_ch262_file59_strand.fast5	2666040
data/AshkenazimTrio/HG002_NA24385_son/CORNELL_Oxford_Nanopore/oxford_PC_HG02.3attempt_0633_1_ch263_file12_strand.fast5	4442628
data/AshkenazimTrio/HG002_NA24385_son/CORNELL_Oxford_Nanopore/oxford_PC_HG02.3attempt_0633_1_ch263_file17_strand.fast5	1782830
data/AshkenazimTrio/HG002_NA24385_son/CORNELL_Oxford_Nanopore/oxford_PC_HG02.3attempt_0633_1_ch263_file5_strand.fast5	787381
data/AshkenazimTrio/HG002_NA24385_son/CORNELL_Oxford_Nanopore/oxford_PC_HG02.3attempt_0633_1_ch263_file74_strand.fast5	3522858
data/AshkenazimTrio/HG002_NA24385_son/CORNELL_Oxford_Nanopore/oxford_PC_HG02.3attempt_0633_1_ch263_file76_strand.fast5	2466979
data/AshkenazimTrio/HG002_NA24385_son/CORNELL_Oxford_Nanopore/oxford_PC_HG02.3attempt_0633_1_ch264_file12_strand.fast5	3124620
data/AshkenazimTrio/HG002_NA24385_son/CORNELL_Oxford_Nanopore/oxford_PC_HG02.3attempt_0633_1_ch264_file23_strand.fast5	2238273
data/AshkenazimTrio/HG002_NA24385_son/CORNELL_Oxford_Nanopore/oxford_PC_HG02.3attempt_0633_1_ch264_file34_strand.fast5	521950
data/AshkenazimTrio/HG002_NA24385_son/CORNELL_Oxford_Nanopore/oxford_PC_HG02.3attempt_0633_1_ch264_file39_strand.fast5	1829240
data/AshkenazimTrio/HG002_NA24385_son/CORNELL_Oxford_Nanopore/oxford_PC_HG02.3attempt_0633_1_ch264_file52_strand.fast5	1289878
data/AshkenazimTrio/HG002_NA24385_son/CORNELL_Oxford_Nanopore/oxford_PC_HG02.3attempt_0633_1_ch264_file53_strand.fast5	987803
data/AshkenazimTrio/HG002_NA24385_son/CORNELL_Oxford_Nanopore/oxford_PC_HG02.3attempt_0633_1_ch264_file91_strand.fast5	3782030
data/AshkenazimTrio/HG002_NA24385_son/CORNELL_Oxford_Nanopore/oxford_PC_HG02.3attempt_0633_1_ch264_file93_strand.fast5	2138074
data/AshkenazimTrio/HG002_NA24385_son/CORNELL_Oxford_Nanopore/oxford_PC_HG02.3attempt_0633_1_ch267_file2_strand.fast5	1694620
data/AshkenazimTrio/HG002_NA24385_son/CORNELL_Oxford_Nanopore/oxford_PC_HG02.3attempt_0633_1_ch267_file3_strand.fast5	2885783
data/AshkenazimTrio/HG002_NA24385_son/CORNELL_Oxford_Nanopore/oxford_PC_HG02.3attempt_0633_1_ch267_file5_strand.fast5	1705405
data/AshkenazimTrio/HG002_NA24385_son/CORNELL_Oxford_Nanopore/oxford_PC_HG02.3attempt_0633_1_ch267_file7_strand.fast5	1547798
data/AshkenazimTrio/HG002_NA24385_son/CORNELL_Oxford_Nanopore/oxford_PC_HG02.3attempt_0633_1_ch268_file102_strand.fast5	2904604
data/AshkenazimTrio/HG002_NA24385_son/CORNELL_Oxford_Nanopore/oxford_PC_HG02.3attempt_0633_1_ch268_file109_strand.fast5	2596969
data/AshkenazimTrio/HG002_NA24385_son/CORNELL_Oxford_Nanopore/oxford_PC_HG02.3attempt_0633_1_ch268_file122_strand.fast5	3464641
data/AshkenazimTrio/HG002_NA24385_son/CORNELL_Oxford_Nanopore/oxford_PC_HG02.3attempt_0633_1_ch268_file130_strand.fast5	1800024
data/AshkenazimTrio/HG002_NA24385_son/CORNELL_Oxford_Nanopore/oxford_PC_HG02.3attempt_0633_1_ch268_file139_strand.fast5	2518820
data/AshkenazimTrio/HG002_NA24385_son/CORNELL_Oxford_Nanopore/oxford_PC_HG02.3attempt_0633_1_ch268_file15_strand.fast5	790200
data/AshkenazimTrio/HG002_NA24385_son/CORNELL_Oxford_Nanopore/oxford_PC_HG02.3attempt_0633_1_ch268_file18_strand.fast5	2651786
data/AshkenazimTrio/HG002_NA24385_son/CORNELL_Oxford_Nanopore/oxford_PC_HG02.3attempt_0633_1_ch268_file20_strand.fast5	2015065
data/AshkenazimTrio/HG002_NA24385_son/CORNELL_Oxford_Nanopore/oxford_PC_HG02.3attempt_0633_1_ch268_file26_strand.fast5	1884813
data/AshkenazimTrio/HG002_NA24385_son/CORNELL_Oxford_Nanopore/oxford_PC_HG02.3attempt_0633_1_ch268_file44_strand.fast5	2819838
data/AshkenazimTrio/HG002_NA24385_son/CORNELL_Oxford_Nanopore/oxford_PC_HG02.3attempt_0633_1_ch268_file46_strand.fast5	983031
data/AshkenazimTrio/HG002_NA24385_son/CORNELL_Oxford_Nanopore/oxford_PC_HG02.3attempt_0633_1_ch268_file4_strand.fast5	877059
data/AshkenazimTrio/HG002_NA24385_son/CORNELL_Oxford_Nanopore/oxford_PC_HG02.3attempt_0633_1_ch268_file52_strand.fast5	2108376
data/AshkenazimTrio/HG002_NA24385_son/CORNELL_Oxford_Nanopore/oxford_PC_HG02.3attempt_0633_1_ch268_file67_strand.fast5	1389794
data/AshkenazimTrio/HG002_NA24385_son/CORNELL_Oxford_Nanopore/oxford_PC_HG02.3attempt_0633_1_ch268_file7_strand.fast5	689837
data/AshkenazimTrio/HG002_NA24385_son/CORNELL_Oxford_Nanopore/oxford_PC_HG02.3attempt_0633_1_ch268_file82_strand.fast5	2051889
data/AshkenazimTrio/HG002_NA24385_son/CORNELL_Oxford_Nanopore/oxford_PC_HG02.3attempt_0633_1_ch269_file21_strand.fast5	1914717
data/AshkenazimTrio/HG002_NA24385_son/CORNELL_Oxford_Nanopore/oxford_PC_HG02.3attempt_0633_1_ch269_file23_strand.fast5	3167604
data/AshkenazimTrio/HG002_NA24385_son/CORNELL_Oxford_Nanopore/oxford_PC_HG02.3attempt_0633_1_ch269_file27_strand.fast5	2086472
data/AshkenazimTrio/HG002_NA24385_son/CORNELL_Oxford_Nanopore/oxford_PC_HG02.3attempt_0633_1_ch269_file29_strand.fast5	2129991
data/AshkenazimTrio/HG002_NA24385_son/CORNELL_Oxford_Nanopore/oxford_PC_HG02.3attempt_0633_1_ch269_file32_strand.fast5	3060197
data/AshkenazimTrio/HG002_NA24385_son/CORNELL_Oxford_Nanopore/oxford_PC_HG02.3attempt_0633_1_ch269_file6_strand.fast5	1550884
data/AshkenazimTrio/HG002_NA24385_son/CORNELL_Oxford_Nanopore/oxford_PC_HG02.3attempt_0633_1_ch270_file10_strand.fast5	1875449
data/AshkenazimTrio/HG002_NA24385_son/CORNELL_Oxford_Nanopore/oxford_PC_HG02.3attempt_0633_1_ch270_file131_strand.fast5	1625735
data/AshkenazimTrio/HG002_NA24385_son/CORNELL_Oxford_Nanopore/oxford_PC_HG02.3attempt_0633_1_ch270_file14_strand.fast5	1528110
data/AshkenazimTrio/HG002_NA24385_son/CORNELL_Oxford_Nanopore/oxford_PC_HG02.3attempt_0633_1_ch270_file15_strand.fast5	2113315
data/AshkenazimTrio/HG002_NA24385_son/CORNELL_Oxford_Nanopore/oxford_PC_HG02.3attempt_0633_1_ch270_file27_strand.fast5	2159317
data/AshkenazimTrio/HG002_NA24385_son/CORNELL_Oxford_Nanopore/oxford_PC_HG02.3attempt_0633_1_ch270_file47_strand.fast5	2452509
data/AshkenazimTrio/HG002_NA24385_son/CORNELL_Oxford_Nanopore/oxford_PC_HG02.3attempt_0633_1_ch270_file64_strand.fast5	2756882
data/AshkenazimTrio/HG002_NA24385_son/CORNELL_Oxford_Nanopore/oxford_PC_HG02.3attempt_0633_1_ch270_file65_strand.fast5	3147265
data/AshkenazimTrio/HG002_NA24385_son/CORNELL_Oxford_Nanopore/oxford_PC_HG02.3attempt_0633_1_ch270_file7_strand.fast5	1980354
data/AshkenazimTrio/HG002_NA24385_son/CORNELL_Oxford_Nanopore/oxford_PC_HG02.3attempt_0633_1_ch270_file9_strand.fast5	1968260
data/AshkenazimTrio/HG002_NA24385_son/CORNELL_Oxford_Nanopore/oxford_PC_HG02.3attempt_0633_1_ch271_file100_strand.fast5	4502372
data/AshkenazimTrio/HG002_NA24385_son/CORNELL_Oxford_Nanopore/oxford_PC_HG02.3attempt_0633_1_ch271_file111_strand.fast5	2526419
data/AshkenazimTrio/HG002_NA24385_son/CORNELL_Oxford_Nanopore/oxford_PC_HG02.3attempt_0633_1_ch271_file114_strand.fast5	1710318
data/AshkenazimTrio/HG002_NA24385_son/CORNELL_Oxford_Nanopore/oxford_PC_HG02.3attempt_0633_1_ch271_file11_strand.fast5	1595792
data/AshkenazimTrio/HG002_NA24385_son/CORNELL_Oxford_Nanopore/oxford_PC_HG02.3attempt_0633_1_ch271_file13_strand.fast5	4451766
data/AshkenazimTrio/HG002_NA24385_son/CORNELL_Oxford_Nanopore/oxford_PC_HG02.3attempt_0633_1_ch271_file1_strand.fast5	3652041
data/AshkenazimTrio/HG002_NA24385_son/CORNELL_Oxford_Nanopore/oxford_PC_HG02.3attempt_0633_1_ch271_file21_strand.fast5	1999586
data/AshkenazimTrio/HG002_NA24385_son/CORNELL_Oxford_Nanopore/oxford_PC_HG02.3attempt_0633_1_ch271_file26_strand.fast5	1806944
data/AshkenazimTrio/HG002_NA24385_son/CORNELL_Oxford_Nanopore/oxford_PC_HG02.3attempt_0633_1_ch271_file34_strand.fast5	2801840
data/AshkenazimTrio/HG002_NA24385_son/CORNELL_Oxford_Nanopore/oxford_PC_HG02.3attempt_0633_1_ch271_file46_strand.fast5	3743615
data/AshkenazimTrio/HG002_NA24385_son/CORNELL_Oxford_Nanopore/oxford_PC_HG02.3attempt_0633_1_ch271_file58_strand.fast5	2276340
data/AshkenazimTrio/HG002_NA24385_son/CORNELL_Oxford_Nanopore/oxford_PC_HG02.3attempt_0633_1_ch271_file59_strand.fast5	2839900
data/AshkenazimTrio/HG002_NA24385_son/CORNELL_Oxford_Nanopore/oxford_PC_HG02.3attempt_0633_1_ch271_file64_strand.fast5	957940
data/AshkenazimTrio/HG002_NA24385_son/CORNELL_Oxford_Nanopore/oxford_PC_HG02.3attempt_0633_1_ch271_file6_strand.fast5	395099
data/AshkenazimTrio/HG002_NA24385_son/CORNELL_Oxford_Nanopore/oxford_PC_HG02.3attempt_0633_1_ch271_file7_strand.fast5	433189
data/AshkenazimTrio/HG002_NA24385_son/CORNELL_Oxford_Nanopore/oxford_PC_HG02.3attempt_0633_1_ch271_file82_strand.fast5	1785672
data/AshkenazimTrio/HG002_NA24385_son/CORNELL_Oxford_Nanopore/oxford_PC_HG02.3attempt_0633_1_ch271_file92_strand.fast5	2424081
data/AshkenazimTrio/HG002_NA24385_son/CORNELL_Oxford_Nanopore/oxford_PC_HG02.3attempt_0633_1_ch271_file97_strand.fast5	2391763
data/AshkenazimTrio/HG002_NA24385_son/CORNELL_Oxford_Nanopore/oxford_PC_HG02.3attempt_0633_1_ch271_file9_strand.fast5	3047567
data/AshkenazimTrio/HG002_NA24385_son/CORNELL_Oxford_Nanopore/oxford_PC_HG02.3attempt_0633_1_ch272_file14_strand.fast5	2973175
data/AshkenazimTrio/HG002_NA24385_son/CORNELL_Oxford_Nanopore/oxford_PC_HG02.3attempt_0633_1_ch272_file19_strand.fast5	1155444
data/AshkenazimTrio/HG002_NA24385_son/CORNELL_Oxford_Nanopore/oxford_PC_HG02.3attempt_0633_1_ch272_file42_strand.fast5	2928534
data/AshkenazimTrio/HG002_NA24385_son/CORNELL_Oxford_Nanopore/oxford_PC_HG02.3attempt_0633_1_ch273_file18_strand.fast5	1533750
data/AshkenazimTrio/HG002_NA24385_son/CORNELL_Oxford_Nanopore/oxford_PC_HG02.3attempt_0633_1_ch273_file30_strand.fast5	2598379
data/AshkenazimTrio/HG002_NA24385_son/CORNELL_Oxford_Nanopore/oxford_PC_HG02.3attempt_0633_1_ch273_file35_strand.fast5	1780678
data/AshkenazimTrio/HG002_NA24385_son/CORNELL_Oxford_Nanopore/oxford_PC_HG02.3attempt_0633_1_ch273_file5_strand.fast5	1589957
data/AshkenazimTrio/HG002_NA24385_son/CORNELL_Oxford_Nanopore/oxford_PC_HG02.3attempt_0633_1_ch273_file74_strand.fast5	1205356
data/AshkenazimTrio/HG002_NA24385_son/CORNELL_Oxford_Nanopore/oxford_PC_HG02.3attempt_0633_1_ch274_file10_strand.fast5	3453875
data/AshkenazimTrio/HG002_NA24385_son/CORNELL_Oxford_Nanopore/oxford_PC_HG02.3attempt_0633_1_ch274_file12_strand.fast5	2207445
data/AshkenazimTrio/HG002_NA24385_son/CORNELL_Oxford_Nanopore/oxford_PC_HG02.3attempt_0633_1_ch274_file23_strand.fast5	539264
data/AshkenazimTrio/HG002_NA24385_son/CORNELL_Oxford_Nanopore/oxford_PC_HG02.3attempt_0633_1_ch274_file38_strand.fast5	1981330
data/AshkenazimTrio/HG002_NA24385_son/CORNELL_Oxford_Nanopore/oxford_PC_HG02.3attempt_0633_1_ch274_file41_strand.fast5	1200050
data/AshkenazimTrio/HG002_NA24385_son/CORNELL_Oxford_Nanopore/oxford_PC_HG02.3attempt_0633_1_ch274_file46_strand.fast5	1816927
data/AshkenazimTrio/HG002_NA24385_son/CORNELL_Oxford_Nanopore/oxford_PC_HG02.3attempt_0633_1_ch275_file16_strand.fast5	607319
data/AshkenazimTrio/HG002_NA24385_son/CORNELL_Oxford_Nanopore/oxford_PC_HG02.3attempt_0633_1_ch275_file17_strand.fast5	1599692
data/AshkenazimTrio/HG002_NA24385_son/CORNELL_Oxford_Nanopore/oxford_PC_HG02.3attempt_0633_1_ch275_file50_strand.fast5	2833202
data/AshkenazimTrio/HG002_NA24385_son/CORNELL_Oxford_Nanopore/oxford_PC_HG02.3attempt_0633_1_ch275_file57_strand.fast5	2394572
data/AshkenazimTrio/HG002_NA24385_son/CORNELL_Oxford_Nanopore/oxford_PC_HG02.3attempt_0633_1_ch275_file7_strand.fast5	426945
data/AshkenazimTrio/HG002_NA24385_son/CORNELL_Oxford_Nanopore/oxford_PC_HG02.3attempt_0633_1_ch276_file105_strand.fast5	2257548
data/AshkenazimTrio/HG002_NA24385_son/CORNELL_Oxford_Nanopore/oxford_PC_HG02.3attempt_0633_1_ch276_file110_strand.fast5	3267125
data/AshkenazimTrio/HG002_NA24385_son/CORNELL_Oxford_Nanopore/oxford_PC_HG02.3attempt_0633_1_ch276_file112_strand.fast5	1708246
data/AshkenazimTrio/HG002_NA24385_son/CORNELL_Oxford_Nanopore/oxford_PC_HG02.3attempt_0633_1_ch276_file117_strand.fast5	779951
data/AshkenazimTrio/HG002_NA24385_son/CORNELL_Oxford_Nanopore/oxford_PC_HG02.3attempt_0633_1_ch276_file125_strand.fast5	2367687
data/AshkenazimTrio/HG002_NA24385_son/CORNELL_Oxford_Nanopore/oxford_PC_HG02.3attempt_0633_1_ch276_file130_strand.fast5	2846442
data/AshkenazimTrio/HG002_NA24385_son/CORNELL_Oxford_Nanopore/oxford_PC_HG02.3attempt_0633_1_ch276_file133_strand.fast5	1957447
data/AshkenazimTrio/HG002_NA24385_son/CORNELL_Oxford_Nanopore/oxford_PC_HG02.3attempt_0633_1_ch276_file139_strand.fast5	1353471
data/AshkenazimTrio/HG002_NA24385_son/CORNELL_Oxford_Nanopore/oxford_PC_HG02.3attempt_0633_1_ch276_file146_strand.fast5	2043358
data/AshkenazimTrio/HG002_NA24385_son/CORNELL_Oxford_Nanopore/oxford_PC_HG02.3attempt_0633_1_ch276_file176_strand.fast5	2657502
data/AshkenazimTrio/HG002_NA24385_son/CORNELL_Oxford_Nanopore/oxford_PC_HG02.3attempt_0633_1_ch276_file178_strand.fast5	2841116
data/AshkenazimTrio/HG002_NA24385_son/CORNELL_Oxford_Nanopore/oxford_PC_HG02.3attempt_0633_1_ch276_file8_strand.fast5	1321555
data/AshkenazimTrio/HG002_NA24385_son/CORNELL_Oxford_Nanopore/oxford_PC_HG02.3attempt_0633_1_ch277_file4_strand.fast5	2351156
data/AshkenazimTrio/HG002_NA24385_son/CORNELL_Oxford_Nanopore/oxford_PC_HG02.3attempt_0633_1_ch278_file111_strand.fast5	1622094
data/AshkenazimTrio/HG002_NA24385_son/CORNELL_Oxford_Nanopore/oxford_PC_HG02.3attempt_0633_1_ch278_file14_strand.fast5	2667709
data/AshkenazimTrio/HG002_NA24385_son/CORNELL_Oxford_Nanopore/oxford_PC_HG02.3attempt_0633_1_ch278_file16_strand.fast5	2147373
data/AshkenazimTrio/HG002_NA24385_son/CORNELL_Oxford_Nanopore/oxford_PC_HG02.3attempt_0633_1_ch278_file17_strand.fast5	3370439
data/AshkenazimTrio/HG002_NA24385_son/CORNELL_Oxford_Nanopore/oxford_PC_HG02.3attempt_0633_1_ch278_file24_strand.fast5	2306150
data/AshkenazimTrio/HG002_NA24385_son/CORNELL_Oxford_Nanopore/oxford_PC_HG02.3attempt_0633_1_ch278_file26_strand.fast5	2151219
data/AshkenazimTrio/HG002_NA24385_son/CORNELL_Oxford_Nanopore/oxford_PC_HG02.3attempt_0633_1_ch278_file2_strand.fast5	565107
data/AshkenazimTrio/HG002_NA24385_son/CORNELL_Oxford_Nanopore/oxford_PC_HG02.3attempt_0633_1_ch278_file30_strand.fast5	2928386
data/AshkenazimTrio/HG002_NA24385_son/CORNELL_Oxford_Nanopore/oxford_PC_HG02.3attempt_0633_1_ch278_file35_strand.fast5	3675528
data/AshkenazimTrio/HG002_NA24385_son/CORNELL_Oxford_Nanopore/oxford_PC_HG02.3attempt_0633_1_ch278_file3_strand.fast5	2663933
data/AshkenazimTrio/HG002_NA24385_son/CORNELL_Oxford_Nanopore/oxford_PC_HG02.3attempt_0633_1_ch278_file70_strand.fast5	491588
data/AshkenazimTrio/HG002_NA24385_son/CORNELL_Oxford_Nanopore/oxford_PC_HG02.3attempt_0633_1_ch278_file7_strand.fast5	522224
data/AshkenazimTrio/HG002_NA24385_son/CORNELL_Oxford_Nanopore/oxford_PC_HG02.3attempt_0633_1_ch278_file8_strand.fast5	1401785
data/AshkenazimTrio/HG002_NA24385_son/CORNELL_Oxford_Nanopore/oxford_PC_HG02.3attempt_0633_1_ch279_file0_strand.fast5	3612896
data/AshkenazimTrio/HG002_NA24385_son/CORNELL_Oxford_Nanopore/oxford_PC_HG02.3attempt_0633_1_ch279_file102_strand.fast5	2172598
data/AshkenazimTrio/HG002_NA24385_son/CORNELL_Oxford_Nanopore/oxford_PC_HG02.3attempt_0633_1_ch279_file109_strand.fast5	1714294
data/AshkenazimTrio/HG002_NA24385_son/CORNELL_Oxford_Nanopore/oxford_PC_HG02.3attempt_0633_1_ch279_file131_strand.fast5	1662281
data/AshkenazimTrio/HG002_NA24385_son/CORNELL_Oxford_Nanopore/oxford_PC_HG02.3attempt_0633_1_ch279_file1_strand.fast5	1059999
data/AshkenazimTrio/HG002_NA24385_son/CORNELL_Oxford_Nanopore/oxford_PC_HG02.3attempt_0633_1_ch279_file22_strand.fast5	1869313
data/AshkenazimTrio/HG002_NA24385_son/CORNELL_Oxford_Nanopore/oxford_PC_HG02.3attempt_0633_1_ch279_file27_strand.fast5	2475912
data/AshkenazimTrio/HG002_NA24385_son/CORNELL_Oxford_Nanopore/oxford_PC_HG02.3attempt_0633_1_ch279_file3_strand.fast5	1777249
data/AshkenazimTrio/HG002_NA24385_son/CORNELL_Oxford_Nanopore/oxford_PC_HG02.3attempt_0633_1_ch279_file43_strand.fast5	2327811
data/AshkenazimTrio/HG002_NA24385_son/CORNELL_Oxford_Nanopore/oxford_PC_HG02.3attempt_0633_1_ch279_file46_strand.fast5	1833014
data/AshkenazimTrio/HG002_NA24385_son/CORNELL_Oxford_Nanopore/oxford_PC_HG02.3attempt_0633_1_ch279_file50_strand.fast5	1512716
data/AshkenazimTrio/HG002_NA24385_son/CORNELL_Oxford_Nanopore/oxford_PC_HG02.3attempt_0633_1_ch279_file51_strand.fast5	2712688
data/AshkenazimTrio/HG002_NA24385_son/CORNELL_Oxford_Nanopore/oxford_PC_HG02.3attempt_0633_1_ch279_file71_strand.fast5	2081819
data/AshkenazimTrio/HG002_NA24385_son/CORNELL_Oxford_Nanopore/oxford_PC_HG02.3attempt_0633_1_ch279_file74_strand.fast5	1539709
data/AshkenazimTrio/HG002_NA24385_son/CORNELL_Oxford_Nanopore/oxford_PC_HG02.3attempt_0633_1_ch279_file96_strand.fast5	1628709
data/AshkenazimTrio/HG002_NA24385_son/CORNELL_Oxford_Nanopore/oxford_PC_HG02.3attempt_0633_1_ch279_file9_strand.fast5	547231
data/AshkenazimTrio/HG002_NA24385_son/CORNELL_Oxford_Nanopore/oxford_PC_HG02.3attempt_0633_1_ch27_file1_strand.fast5	2106866
data/AshkenazimTrio/HG002_NA24385_son/CORNELL_Oxford_Nanopore/oxford_PC_HG02.3attempt_0633_1_ch27_file22_strand.fast5	1772326
data/AshkenazimTrio/HG002_NA24385_son/CORNELL_Oxford_Nanopore/oxford_PC_HG02.3attempt_0633_1_ch27_file4_strand.fast5	955268
data/AshkenazimTrio/HG002_NA24385_son/CORNELL_Oxford_Nanopore/oxford_PC_HG02.3attempt_0633_1_ch27_file51_strand.fast5	434552
data/AshkenazimTrio/HG002_NA24385_son/CORNELL_Oxford_Nanopore/oxford_PC_HG02.3attempt_0633_1_ch27_file60_strand.fast5	2250197
data/AshkenazimTrio/HG002_NA24385_son/CORNELL_Oxford_Nanopore/oxford_PC_HG02.3attempt_0633_1_ch27_file70_strand.fast5	3050207
data/AshkenazimTrio/HG002_NA24385_son/CORNELL_Oxford_Nanopore/oxford_PC_HG02.3attempt_0633_1_ch27_file88_strand.fast5	5166740
data/AshkenazimTrio/HG002_NA24385_son/CORNELL_Oxford_Nanopore/oxford_PC_HG02.3attempt_0633_1_ch280_file10_strand.fast5	739813
data/AshkenazimTrio/HG002_NA24385_son/CORNELL_Oxford_Nanopore/oxford_PC_HG02.3attempt_0633_1_ch280_file23_strand.fast5	1701451
data/AshkenazimTrio/HG002_NA24385_son/CORNELL_Oxford_Nanopore/oxford_PC_HG02.3attempt_0633_1_ch280_file35_strand.fast5	1532235
data/AshkenazimTrio/HG002_NA24385_son/CORNELL_Oxford_Nanopore/oxford_PC_HG02.3attempt_0633_1_ch280_file36_strand.fast5	2610225
data/AshkenazimTrio/HG002_NA24385_son/CORNELL_Oxford_Nanopore/oxford_PC_HG02.3attempt_0633_1_ch280_file45_strand.fast5	3040172
data/AshkenazimTrio/HG002_NA24385_son/CORNELL_Oxford_Nanopore/oxford_PC_HG02.3attempt_0633_1_ch281_file0_strand.fast5	2719326
data/AshkenazimTrio/HG002_NA24385_son/CORNELL_Oxford_Nanopore/oxford_PC_HG02.3attempt_0633_1_ch281_file11_strand.fast5	1824377
data/AshkenazimTrio/HG002_NA24385_son/CORNELL_Oxford_Nanopore/oxford_PC_HG02.3attempt_0633_1_ch281_file27_strand.fast5	2145984
data/AshkenazimTrio/HG002_NA24385_son/CORNELL_Oxford_Nanopore/oxford_PC_HG02.3attempt_0633_1_ch281_file38_strand.fast5	597576
data/AshkenazimTrio/HG002_NA24385_son/CORNELL_Oxford_Nanopore/oxford_PC_HG02.3attempt_0633_1_ch281_file8_strand.fast5	2258691
data/AshkenazimTrio/HG002_NA24385_son/CORNELL_Oxford_Nanopore/oxford_PC_HG02.3attempt_0633_1_ch282_file0_strand.fast5	1645211
data/AshkenazimTrio/HG002_NA24385_son/CORNELL_Oxford_Nanopore/oxford_PC_HG02.3attempt_0633_1_ch282_file13_strand.fast5	3167920
data/AshkenazimTrio/HG002_NA24385_son/CORNELL_Oxford_Nanopore/oxford_PC_HG02.3attempt_0633_1_ch282_file14_strand.fast5	1523364
data/AshkenazimTrio/HG002_NA24385_son/CORNELL_Oxford_Nanopore/oxford_PC_HG02.3attempt_0633_1_ch282_file17_strand.fast5	1804327
data/AshkenazimTrio/HG002_NA24385_son/CORNELL_Oxford_Nanopore/oxford_PC_HG02.3attempt_0633_1_ch282_file18_strand.fast5	624919
data/AshkenazimTrio/HG002_NA24385_son/CORNELL_Oxford_Nanopore/oxford_PC_HG02.3attempt_0633_1_ch282_file19_strand.fast5	4742671
data/AshkenazimTrio/HG002_NA24385_son/CORNELL_Oxford_Nanopore/oxford_PC_HG02.3attempt_0633_1_ch282_file2_strand.fast5	794411
data/AshkenazimTrio/HG002_NA24385_son/CORNELL_Oxford_Nanopore/oxford_PC_HG02.3attempt_0633_1_ch282_file31_strand.fast5	2401647
data/AshkenazimTrio/HG002_NA24385_son/CORNELL_Oxford_Nanopore/oxford_PC_HG02.3attempt_0633_1_ch282_file37_strand.fast5	2040466
data/AshkenazimTrio/HG002_NA24385_son/CORNELL_Oxford_Nanopore/oxford_PC_HG02.3attempt_0633_1_ch282_file42_strand.fast5	4378592
data/AshkenazimTrio/HG002_NA24385_son/CORNELL_Oxford_Nanopore/oxford_PC_HG02.3attempt_0633_1_ch282_file46_strand.fast5	2596512
data/AshkenazimTrio/HG002_NA24385_son/CORNELL_Oxford_Nanopore/oxford_PC_HG02.3attempt_0633_1_ch282_file47_strand.fast5	2701116
data/AshkenazimTrio/HG002_NA24385_son/CORNELL_Oxford_Nanopore/oxford_PC_HG02.3attempt_0633_1_ch282_file48_strand.fast5	3956301
data/AshkenazimTrio/HG002_NA24385_son/CORNELL_Oxford_Nanopore/oxford_PC_HG02.3attempt_0633_1_ch282_file56_strand.fast5	413447
data/AshkenazimTrio/HG002_NA24385_son/CORNELL_Oxford_Nanopore/oxford_PC_HG02.3attempt_0633_1_ch282_file67_strand.fast5	1553757
data/AshkenazimTrio/HG002_NA24385_son/CORNELL_Oxford_Nanopore/oxford_PC_HG02.3attempt_0633_1_ch282_file69_strand.fast5	1154548
data/AshkenazimTrio/HG002_NA24385_son/CORNELL_Oxford_Nanopore/oxford_PC_HG02.3attempt_0633_1_ch282_file7_strand.fast5	1998375
data/AshkenazimTrio/HG002_NA24385_son/CORNELL_Oxford_Nanopore/oxford_PC_HG02.3attempt_0633_1_ch283_file10_strand.fast5	3524296
data/AshkenazimTrio/HG002_NA24385_son/CORNELL_Oxford_Nanopore/oxford_PC_HG02.3attempt_0633_1_ch283_file13_strand.fast5	3729729
data/AshkenazimTrio/HG002_NA24385_son/CORNELL_Oxford_Nanopore/oxford_PC_HG02.3attempt_0633_1_ch283_file50_strand.fast5	4903929
data/AshkenazimTrio/HG002_NA24385_son/CORNELL_Oxford_Nanopore/oxford_PC_HG02.3attempt_0633_1_ch283_file65_strand.fast5	3732016
data/AshkenazimTrio/HG002_NA24385_son/CORNELL_Oxford_Nanopore/oxford_PC_HG02.3attempt_0633_1_ch283_file73_strand.fast5	5701868
data/AshkenazimTrio/HG002_NA24385_son/CORNELL_Oxford_Nanopore/oxford_PC_HG02.3attempt_0633_1_ch284_file15_strand.fast5	3677566
data/AshkenazimTrio/HG002_NA24385_son/CORNELL_Oxford_Nanopore/oxford_PC_HG02.3attempt_0633_1_ch284_file22_strand.fast5	1412084
data/AshkenazimTrio/HG002_NA24385_son/CORNELL_Oxford_Nanopore/oxford_PC_HG02.3attempt_0633_1_ch284_file31_strand.fast5	1534728
data/AshkenazimTrio/HG002_NA24385_son/CORNELL_Oxford_Nanopore/oxford_PC_HG02.3attempt_0633_1_ch284_file52_strand.fast5	4665004
data/AshkenazimTrio/HG002_NA24385_son/CORNELL_Oxford_Nanopore/oxford_PC_HG02.3attempt_0633_1_ch284_file5_strand.fast5	2088809
data/AshkenazimTrio/HG002_NA24385_son/CORNELL_Oxford_Nanopore/oxford_PC_HG02.3attempt_0633_1_ch284_file70_strand.fast5	2647592
data/AshkenazimTrio/HG002_NA24385_son/CORNELL_Oxford_Nanopore/oxford_PC_HG02.3attempt_0633_1_ch285_file100_strand.fast5	2685746
data/AshkenazimTrio/HG002_NA24385_son/CORNELL_Oxford_Nanopore/oxford_PC_HG02.3attempt_0633_1_ch285_file114_strand.fast5	1532652
data/AshkenazimTrio/HG002_NA24385_son/CORNELL_Oxford_Nanopore/oxford_PC_HG02.3attempt_0633_1_ch285_file116_strand.fast5	2134756
data/AshkenazimTrio/HG002_NA24385_son/CORNELL_Oxford_Nanopore/oxford_PC_HG02.3attempt_0633_1_ch285_file127_strand.fast5	2935549
data/AshkenazimTrio/HG002_NA24385_son/CORNELL_Oxford_Nanopore/oxford_PC_HG02.3attempt_0633_1_ch285_file131_strand.fast5	3019315
data/AshkenazimTrio/HG002_NA24385_son/CORNELL_Oxford_Nanopore/oxford_PC_HG02.3attempt_0633_1_ch285_file18_strand.fast5	1131412
data/AshkenazimTrio/HG002_NA24385_son/CORNELL_Oxford_Nanopore/oxford_PC_HG02.3attempt_0633_1_ch285_file3_strand.fast5	2161922
data/AshkenazimTrio/HG002_NA24385_son/CORNELL_Oxford_Nanopore/oxford_PC_HG02.3attempt_0633_1_ch285_file4_strand.fast5	2708668
data/AshkenazimTrio/HG002_NA24385_son/CORNELL_Oxford_Nanopore/oxford_PC_HG02.3attempt_0633_1_ch286_file13_strand.fast5	2519351
data/AshkenazimTrio/HG002_NA24385_son/CORNELL_Oxford_Nanopore/oxford_PC_HG02.3attempt_0633_1_ch286_file16_strand.fast5	1376415
data/AshkenazimTrio/HG002_NA24385_son/CORNELL_Oxford_Nanopore/oxford_PC_HG02.3attempt_0633_1_ch286_file18_strand.fast5	1791887
data/AshkenazimTrio/HG002_NA24385_son/CORNELL_Oxford_Nanopore/oxford_PC_HG02.3attempt_0633_1_ch286_file4_strand.fast5	2379186
data/AshkenazimTrio/HG002_NA24385_son/CORNELL_Oxford_Nanopore/oxford_PC_HG02.3attempt_0633_1_ch286_file53_strand.fast5	2270108
data/AshkenazimTrio/HG002_NA24385_son/CORNELL_Oxford_Nanopore/oxford_PC_HG02.3attempt_0633_1_ch286_file55_strand.fast5	3439608
data/AshkenazimTrio/HG002_NA24385_son/CORNELL_Oxford_Nanopore/oxford_PC_HG02.3attempt_0633_1_ch286_file59_strand.fast5	2071724
data/AshkenazimTrio/HG002_NA24385_son/CORNELL_Oxford_Nanopore/oxford_PC_HG02.3attempt_0633_1_ch286_file5_strand.fast5	2150158
data/AshkenazimTrio/HG002_NA24385_son/CORNELL_Oxford_Nanopore/oxford_PC_HG02.3attempt_0633_1_ch286_file67_strand.fast5	1939015
data/AshkenazimTrio/HG002_NA24385_son/CORNELL_Oxford_Nanopore/oxford_PC_HG02.3attempt_0633_1_ch286_file73_strand.fast5	1008182
data/AshkenazimTrio/HG002_NA24385_son/CORNELL_Oxford_Nanopore/oxford_PC_HG02.3attempt_0633_1_ch286_file80_strand.fast5	2800122
data/AshkenazimTrio/HG002_NA24385_son/CORNELL_Oxford_Nanopore/oxford_PC_HG02.3attempt_0633_1_ch286_file9_strand.fast5	2850454
data/AshkenazimTrio/HG002_NA24385_son/CORNELL_Oxford_Nanopore/oxford_PC_HG02.3attempt_0633_1_ch287_file0_strand.fast5	2157079
data/AshkenazimTrio/HG002_NA24385_son/CORNELL_Oxford_Nanopore/oxford_PC_HG02.3attempt_0633_1_ch287_file118_strand.fast5	2449741
data/AshkenazimTrio/HG002_NA24385_son/CORNELL_Oxford_Nanopore/oxford_PC_HG02.3attempt_0633_1_ch287_file119_strand.fast5	1956452
data/AshkenazimTrio/HG002_NA24385_son/CORNELL_Oxford_Nanopore/oxford_PC_HG02.3attempt_0633_1_ch287_file132_strand.fast5	2560800
data/AshkenazimTrio/HG002_NA24385_son/CORNELL_Oxford_Nanopore/oxford_PC_HG02.3attempt_0633_1_ch287_file142_strand.fast5	2377787
data/AshkenazimTrio/HG002_NA24385_son/CORNELL_Oxford_Nanopore/oxford_PC_HG02.3attempt_0633_1_ch287_file19_strand.fast5	1699826
data/AshkenazimTrio/HG002_NA24385_son/CORNELL_Oxford_Nanopore/oxford_PC_HG02.3attempt_0633_1_ch287_file24_strand.fast5	1431975
data/AshkenazimTrio/HG002_NA24385_son/CORNELL_Oxford_Nanopore/oxford_PC_HG02.3attempt_0633_1_ch287_file25_strand.fast5	2410749
data/AshkenazimTrio/HG002_NA24385_son/CORNELL_Oxford_Nanopore/oxford_PC_HG02.3attempt_0633_1_ch287_file4_strand.fast5	1775794
data/AshkenazimTrio/HG002_NA24385_son/CORNELL_Oxford_Nanopore/oxford_PC_HG02.3attempt_0633_1_ch288_file124_strand.fast5	2331514
data/AshkenazimTrio/HG002_NA24385_son/CORNELL_Oxford_Nanopore/oxford_PC_HG02.3attempt_0633_1_ch288_file13_strand.fast5	1088994
data/AshkenazimTrio/HG002_NA24385_son/CORNELL_Oxford_Nanopore/oxford_PC_HG02.3attempt_0633_1_ch288_file155_strand.fast5	5496236
data/AshkenazimTrio/HG002_NA24385_son/CORNELL_Oxford_Nanopore/oxford_PC_HG02.3attempt_0633_1_ch288_file1_strand.fast5	2208834
data/AshkenazimTrio/HG002_NA24385_son/CORNELL_Oxford_Nanopore/oxford_PC_HG02.3attempt_0633_1_ch288_file2_strand.fast5	1919271
data/AshkenazimTrio/HG002_NA24385_son/CORNELL_Oxford_Nanopore/oxford_PC_HG02.3attempt_0633_1_ch288_file30_strand.fast5	1638386
data/AshkenazimTrio/HG002_NA24385_son/CORNELL_Oxford_Nanopore/oxford_PC_HG02.3attempt_0633_1_ch288_file41_strand.fast5	2102859
data/AshkenazimTrio/HG002_NA24385_son/CORNELL_Oxford_Nanopore/oxford_PC_HG02.3attempt_0633_1_ch288_file52_strand.fast5	2188330
data/AshkenazimTrio/HG002_NA24385_son/CORNELL_Oxford_Nanopore/oxford_PC_HG02.3attempt_0633_1_ch288_file55_strand.fast5	2231174
data/AshkenazimTrio/HG002_NA24385_son/CORNELL_Oxford_Nanopore/oxford_PC_HG02.3attempt_0633_1_ch288_file7_strand.fast5	2781952
data/AshkenazimTrio/HG002_NA24385_son/CORNELL_Oxford_Nanopore/oxford_PC_HG02.3attempt_0633_1_ch288_file91_strand.fast5	1565312
data/AshkenazimTrio/HG002_NA24385_son/CORNELL_Oxford_Nanopore/oxford_PC_HG02.3attempt_0633_1_ch290_file11_strand.fast5	2631978
data/AshkenazimTrio/HG002_NA24385_son/CORNELL_Oxford_Nanopore/oxford_PC_HG02.3attempt_0633_1_ch290_file151_strand.fast5	1754365
data/AshkenazimTrio/HG002_NA24385_son/CORNELL_Oxford_Nanopore/oxford_PC_HG02.3attempt_0633_1_ch290_file24_strand.fast5	2812496
data/AshkenazimTrio/HG002_NA24385_son/CORNELL_Oxford_Nanopore/oxford_PC_HG02.3attempt_0633_1_ch290_file29_strand.fast5	3025529
data/AshkenazimTrio/HG002_NA24385_son/CORNELL_Oxford_Nanopore/oxford_PC_HG02.3attempt_0633_1_ch290_file4_strand.fast5	3626135
data/AshkenazimTrio/HG002_NA24385_son/CORNELL_Oxford_Nanopore/oxford_PC_HG02.3attempt_0633_1_ch290_file8_strand.fast5	2086624
data/AshkenazimTrio/HG002_NA24385_son/CORNELL_Oxford_Nanopore/oxford_PC_HG02.3attempt_0633_1_ch291_file10_strand.fast5	1703962
data/AshkenazimTrio/HG002_NA24385_son/CORNELL_Oxford_Nanopore/oxford_PC_HG02.3attempt_0633_1_ch291_file11_strand.fast5	3040568
data/AshkenazimTrio/HG002_NA24385_son/CORNELL_Oxford_Nanopore/oxford_PC_HG02.3attempt_0633_1_ch291_file16_strand.fast5	1484408
data/AshkenazimTrio/HG002_NA24385_son/CORNELL_Oxford_Nanopore/oxford_PC_HG02.3attempt_0633_1_ch291_file26_strand.fast5	2013495
data/AshkenazimTrio/HG002_NA24385_son/CORNELL_Oxford_Nanopore/oxford_PC_HG02.3attempt_0633_1_ch291_file37_strand.fast5	1064852
data/AshkenazimTrio/HG002_NA24385_son/CORNELL_Oxford_Nanopore/oxford_PC_HG02.3attempt_0633_1_ch291_file4_strand.fast5	2563496
data/AshkenazimTrio/HG002_NA24385_son/CORNELL_Oxford_Nanopore/oxford_PC_HG02.3attempt_0633_1_ch293_file0_strand.fast5	2477171
data/AshkenazimTrio/HG002_NA24385_son/CORNELL_Oxford_Nanopore/oxford_PC_HG02.3attempt_0633_1_ch293_file11_strand.fast5	1035922
data/AshkenazimTrio/HG002_NA24385_son/CORNELL_Oxford_Nanopore/oxford_PC_HG02.3attempt_0633_1_ch293_file12_strand.fast5	2190277
data/AshkenazimTrio/HG002_NA24385_son/CORNELL_Oxford_Nanopore/oxford_PC_HG02.3attempt_0633_1_ch293_file17_strand.fast5	2149304
data/AshkenazimTrio/HG002_NA24385_son/CORNELL_Oxford_Nanopore/oxford_PC_HG02.3attempt_0633_1_ch293_file2_strand.fast5	2474426
data/AshkenazimTrio/HG002_NA24385_son/CORNELL_Oxford_Nanopore/oxford_PC_HG02.3attempt_0633_1_ch293_file3_strand.fast5	1004887
data/AshkenazimTrio/HG002_NA24385_son/CORNELL_Oxford_Nanopore/oxford_PC_HG02.3attempt_0633_1_ch293_file8_strand.fast5	2156263
data/AshkenazimTrio/HG002_NA24385_son/CORNELL_Oxford_Nanopore/oxford_PC_HG02.3attempt_0633_1_ch294_file35_strand.fast5	2269500
data/AshkenazimTrio/HG002_NA24385_son/CORNELL_Oxford_Nanopore/oxford_PC_HG02.3attempt_0633_1_ch294_file39_strand.fast5	1345380
data/AshkenazimTrio/HG002_NA24385_son/CORNELL_Oxford_Nanopore/oxford_PC_HG02.3attempt_0633_1_ch294_file41_strand.fast5	826434
data/AshkenazimTrio/HG002_NA24385_son/CORNELL_Oxford_Nanopore/oxford_PC_HG02.3attempt_0633_1_ch294_file45_strand.fast5	1588949
data/AshkenazimTrio/HG002_NA24385_son/CORNELL_Oxford_Nanopore/oxford_PC_HG02.3attempt_0633_1_ch294_file54_strand.fast5	1751689
data/AshkenazimTrio/HG002_NA24385_son/CORNELL_Oxford_Nanopore/oxford_PC_HG02.3attempt_0633_1_ch294_file55_strand.fast5	2086482
data/AshkenazimTrio/HG002_NA24385_son/CORNELL_Oxford_Nanopore/oxford_PC_HG02.3attempt_0633_1_ch294_file86_strand.fast5	3107245
data/AshkenazimTrio/HG002_NA24385_son/CORNELL_Oxford_Nanopore/oxford_PC_HG02.3attempt_0633_1_ch295_file10_strand.fast5	1245031
data/AshkenazimTrio/HG002_NA24385_son/CORNELL_Oxford_Nanopore/oxford_PC_HG02.3attempt_0633_1_ch295_file16_strand.fast5	2105179
data/AshkenazimTrio/HG002_NA24385_son/CORNELL_Oxford_Nanopore/oxford_PC_HG02.3attempt_0633_1_ch295_file23_strand.fast5	2490138
data/AshkenazimTrio/HG002_NA24385_son/CORNELL_Oxford_Nanopore/oxford_PC_HG02.3attempt_0633_1_ch295_file3_strand.fast5	1647984
data/AshkenazimTrio/HG002_NA24385_son/CORNELL_Oxford_Nanopore/oxford_PC_HG02.3attempt_0633_1_ch295_file4_strand.fast5	1026002
data/AshkenazimTrio/HG002_NA24385_son/CORNELL_Oxford_Nanopore/oxford_PC_HG02.3attempt_0633_1_ch295_file6_strand.fast5	2137784
data/AshkenazimTrio/HG002_NA24385_son/CORNELL_Oxford_Nanopore/oxford_PC_HG02.3attempt_0633_1_ch295_file9_strand.fast5	2954055
data/AshkenazimTrio/HG002_NA24385_son/CORNELL_Oxford_Nanopore/oxford_PC_HG02.3attempt_0633_1_ch296_file2_strand.fast5	2214482
data/AshkenazimTrio/HG002_NA24385_son/CORNELL_Oxford_Nanopore/oxford_PC_HG02.3attempt_0633_1_ch296_file43_strand.fast5	2026330
data/AshkenazimTrio/HG002_NA24385_son/CORNELL_Oxford_Nanopore/oxford_PC_HG02.3attempt_0633_1_ch296_file7_strand.fast5	1643104
data/AshkenazimTrio/HG002_NA24385_son/CORNELL_Oxford_Nanopore/oxford_PC_HG02.3attempt_0633_1_ch297_file13_strand.fast5	1212622
data/AshkenazimTrio/HG002_NA24385_son/CORNELL_Oxford_Nanopore/oxford_PC_HG02.3attempt_0633_1_ch297_file20_strand.fast5	1691877
data/AshkenazimTrio/HG002_NA24385_son/CORNELL_Oxford_Nanopore/oxford_PC_HG02.3attempt_0633_1_ch297_file44_strand.fast5	1574859
data/AshkenazimTrio/HG002_NA24385_son/CORNELL_Oxford_Nanopore/oxford_PC_HG02.3attempt_0633_1_ch297_file48_strand.fast5	1179470
data/AshkenazimTrio/HG002_NA24385_son/CORNELL_Oxford_Nanopore/oxford_PC_HG02.3attempt_0633_1_ch297_file49_strand.fast5	723828
data/AshkenazimTrio/HG002_NA24385_son/CORNELL_Oxford_Nanopore/oxford_PC_HG02.3attempt_0633_1_ch297_file59_strand.fast5	2162158
data/AshkenazimTrio/HG002_NA24385_son/CORNELL_Oxford_Nanopore/oxford_PC_HG02.3attempt_0633_1_ch297_file74_strand.fast5	2144861
data/AshkenazimTrio/HG002_NA24385_son/CORNELL_Oxford_Nanopore/oxford_PC_HG02.3attempt_0633_1_ch297_file78_strand.fast5	1443635
data/AshkenazimTrio/HG002_NA24385_son/CORNELL_Oxford_Nanopore/oxford_PC_HG02.3attempt_0633_1_ch297_file8_strand.fast5	1006936
data/AshkenazimTrio/HG002_NA24385_son/CORNELL_Oxford_Nanopore/oxford_PC_HG02.3attempt_0633_1_ch297_file90_strand.fast5	1735399
data/AshkenazimTrio/HG002_NA24385_son/CORNELL_Oxford_Nanopore/oxford_PC_HG02.3attempt_0633_1_ch297_file94_strand.fast5	1710619
data/AshkenazimTrio/HG002_NA24385_son/CORNELL_Oxford_Nanopore/oxford_PC_HG02.3attempt_0633_1_ch297_file96_strand.fast5	1196162
data/AshkenazimTrio/HG002_NA24385_son/CORNELL_Oxford_Nanopore/oxford_PC_HG02.3attempt_0633_1_ch298_file10_strand.fast5	2128115
data/AshkenazimTrio/HG002_NA24385_son/CORNELL_Oxford_Nanopore/oxford_PC_HG02.3attempt_0633_1_ch298_file110_strand.fast5	3119696
data/AshkenazimTrio/HG002_NA24385_son/CORNELL_Oxford_Nanopore/oxford_PC_HG02.3attempt_0633_1_ch298_file117_strand.fast5	1348421
data/AshkenazimTrio/HG002_NA24385_son/CORNELL_Oxford_Nanopore/oxford_PC_HG02.3attempt_0633_1_ch298_file120_strand.fast5	2301313
data/AshkenazimTrio/HG002_NA24385_son/CORNELL_Oxford_Nanopore/oxford_PC_HG02.3attempt_0633_1_ch298_file127_strand.fast5	1782402
data/AshkenazimTrio/HG002_NA24385_son/CORNELL_Oxford_Nanopore/oxford_PC_HG02.3attempt_0633_1_ch298_file133_strand.fast5	1772922
data/AshkenazimTrio/HG002_NA24385_son/CORNELL_Oxford_Nanopore/oxford_PC_HG02.3attempt_0633_1_ch298_file29_strand.fast5	1792318
data/AshkenazimTrio/HG002_NA24385_son/CORNELL_Oxford_Nanopore/oxford_PC_HG02.3attempt_0633_1_ch298_file38_strand.fast5	3371235
data/AshkenazimTrio/HG002_NA24385_son/CORNELL_Oxford_Nanopore/oxford_PC_HG02.3attempt_0633_1_ch298_file42_strand.fast5	2804582
data/AshkenazimTrio/HG002_NA24385_son/CORNELL_Oxford_Nanopore/oxford_PC_HG02.3attempt_0633_1_ch298_file47_strand.fast5	2779869
data/AshkenazimTrio/HG002_NA24385_son/CORNELL_Oxford_Nanopore/oxford_PC_HG02.3attempt_0633_1_ch298_file4_strand.fast5	1207142
data/AshkenazimTrio/HG002_NA24385_son/CORNELL_Oxford_Nanopore/oxford_PC_HG02.3attempt_0633_1_ch298_file52_strand.fast5	3685635
data/AshkenazimTrio/HG002_NA24385_son/CORNELL_Oxford_Nanopore/oxford_PC_HG02.3attempt_0633_1_ch298_file83_strand.fast5	2848558
data/AshkenazimTrio/HG002_NA24385_son/CORNELL_Oxford_Nanopore/oxford_PC_HG02.3attempt_0633_1_ch298_file85_strand.fast5	2218517
data/AshkenazimTrio/HG002_NA24385_son/CORNELL_Oxford_Nanopore/oxford_PC_HG02.3attempt_0633_1_ch299_file0_strand.fast5	1200767
data/AshkenazimTrio/HG002_NA24385_son/CORNELL_Oxford_Nanopore/oxford_PC_HG02.3attempt_0633_1_ch299_file10_strand.fast5	4100485
data/AshkenazimTrio/HG002_NA24385_son/CORNELL_Oxford_Nanopore/oxford_PC_HG02.3attempt_0633_1_ch299_file116_strand.fast5	2075647
data/AshkenazimTrio/HG002_NA24385_son/CORNELL_Oxford_Nanopore/oxford_PC_HG02.3attempt_0633_1_ch299_file120_strand.fast5	3228594
data/AshkenazimTrio/HG002_NA24385_son/CORNELL_Oxford_Nanopore/oxford_PC_HG02.3attempt_0633_1_ch299_file125_strand.fast5	1785531
data/AshkenazimTrio/HG002_NA24385_son/CORNELL_Oxford_Nanopore/oxford_PC_HG02.3attempt_0633_1_ch299_file159_strand.fast5	2167331
data/AshkenazimTrio/HG002_NA24385_son/CORNELL_Oxford_Nanopore/oxford_PC_HG02.3attempt_0633_1_ch299_file28_strand.fast5	1940749
data/AshkenazimTrio/HG002_NA24385_son/CORNELL_Oxford_Nanopore/oxford_PC_HG02.3attempt_0633_1_ch299_file33_strand.fast5	2212254
data/AshkenazimTrio/HG002_NA24385_son/CORNELL_Oxford_Nanopore/oxford_PC_HG02.3attempt_0633_1_ch299_file35_strand.fast5	1300395
data/AshkenazimTrio/HG002_NA24385_son/CORNELL_Oxford_Nanopore/oxford_PC_HG02.3attempt_0633_1_ch299_file36_strand.fast5	2790995
data/AshkenazimTrio/HG002_NA24385_son/CORNELL_Oxford_Nanopore/oxford_PC_HG02.3attempt_0633_1_ch299_file40_strand.fast5	1550427
data/AshkenazimTrio/HG002_NA24385_son/CORNELL_Oxford_Nanopore/oxford_PC_HG02.3attempt_0633_1_ch299_file44_strand.fast5	2537930
data/AshkenazimTrio/HG002_NA24385_son/CORNELL_Oxford_Nanopore/oxford_PC_HG02.3attempt_0633_1_ch2_file26_strand.fast5	1884079
data/AshkenazimTrio/HG002_NA24385_son/CORNELL_Oxford_Nanopore/oxford_PC_HG02.3attempt_0633_1_ch2_file3_strand.fast5	2190137
data/AshkenazimTrio/HG002_NA24385_son/CORNELL_Oxford_Nanopore/oxford_PC_HG02.3attempt_0633_1_ch2_file45_strand.fast5	436631
data/AshkenazimTrio/HG002_NA24385_son/CORNELL_Oxford_Nanopore/oxford_PC_HG02.3attempt_0633_1_ch301_file12_strand.fast5	1583101
data/AshkenazimTrio/HG002_NA24385_son/CORNELL_Oxford_Nanopore/oxford_PC_HG02.3attempt_0633_1_ch301_file16_strand.fast5	1572869
data/AshkenazimTrio/HG002_NA24385_son/CORNELL_Oxford_Nanopore/oxford_PC_HG02.3attempt_0633_1_ch301_file17_strand.fast5	1758739
data/AshkenazimTrio/HG002_NA24385_son/CORNELL_Oxford_Nanopore/oxford_PC_HG02.3attempt_0633_1_ch301_file22_strand.fast5	3766826
data/AshkenazimTrio/HG002_NA24385_son/CORNELL_Oxford_Nanopore/oxford_PC_HG02.3attempt_0633_1_ch301_file29_strand.fast5	2744132
data/AshkenazimTrio/HG002_NA24385_son/CORNELL_Oxford_Nanopore/oxford_PC_HG02.3attempt_0633_1_ch301_file3_strand.fast5	1431733
data/AshkenazimTrio/HG002_NA24385_son/CORNELL_Oxford_Nanopore/oxford_PC_HG02.3attempt_0633_1_ch301_file5_strand.fast5	1456350
data/AshkenazimTrio/HG002_NA24385_son/CORNELL_Oxford_Nanopore/oxford_PC_HG02.3attempt_0633_1_ch302_file11_strand.fast5	588474
data/AshkenazimTrio/HG002_NA24385_son/CORNELL_Oxford_Nanopore/oxford_PC_HG02.3attempt_0633_1_ch302_file18_strand.fast5	3640138
data/AshkenazimTrio/HG002_NA24385_son/CORNELL_Oxford_Nanopore/oxford_PC_HG02.3attempt_0633_1_ch302_file7_strand.fast5	1755470
data/AshkenazimTrio/HG002_NA24385_son/CORNELL_Oxford_Nanopore/oxford_PC_HG02.3attempt_0633_1_ch303_file13_strand.fast5	1479988
data/AshkenazimTrio/HG002_NA24385_son/CORNELL_Oxford_Nanopore/oxford_PC_HG02.3attempt_0633_1_ch303_file17_strand.fast5	1987505
data/AshkenazimTrio/HG002_NA24385_son/CORNELL_Oxford_Nanopore/oxford_PC_HG02.3attempt_0633_1_ch303_file18_strand.fast5	1049638
data/AshkenazimTrio/HG002_NA24385_son/CORNELL_Oxford_Nanopore/oxford_PC_HG02.3attempt_0633_1_ch303_file24_strand.fast5	1097704
data/AshkenazimTrio/HG002_NA24385_son/CORNELL_Oxford_Nanopore/oxford_PC_HG02.3attempt_0633_1_ch303_file35_strand.fast5	1970605
data/AshkenazimTrio/HG002_NA24385_son/CORNELL_Oxford_Nanopore/oxford_PC_HG02.3attempt_0633_1_ch303_file36_strand.fast5	2433012
data/AshkenazimTrio/HG002_NA24385_son/CORNELL_Oxford_Nanopore/oxford_PC_HG02.3attempt_0633_1_ch303_file37_strand.fast5	2398760
data/AshkenazimTrio/HG002_NA24385_son/CORNELL_Oxford_Nanopore/oxford_PC_HG02.3attempt_0633_1_ch303_file3_strand.fast5	4604868
data/AshkenazimTrio/HG002_NA24385_son/CORNELL_Oxford_Nanopore/oxford_PC_HG02.3attempt_0633_1_ch303_file50_strand.fast5	543491
data/AshkenazimTrio/HG002_NA24385_son/CORNELL_Oxford_Nanopore/oxford_PC_HG02.3attempt_0633_1_ch303_file5_strand.fast5	627085
data/AshkenazimTrio/HG002_NA24385_son/CORNELL_Oxford_Nanopore/oxford_PC_HG02.3attempt_0633_1_ch303_file60_strand.fast5	2280676
data/AshkenazimTrio/HG002_NA24385_son/CORNELL_Oxford_Nanopore/oxford_PC_HG02.3attempt_0633_1_ch303_file6_strand.fast5	1711826
data/AshkenazimTrio/HG002_NA24385_son/CORNELL_Oxford_Nanopore/oxford_PC_HG02.3attempt_0633_1_ch303_file9_strand.fast5	1936794
data/AshkenazimTrio/HG002_NA24385_son/CORNELL_Oxford_Nanopore/oxford_PC_HG02.3attempt_0633_1_ch305_file12_strand.fast5	4145765
data/AshkenazimTrio/HG002_NA24385_son/CORNELL_Oxford_Nanopore/oxford_PC_HG02.3attempt_0633_1_ch305_file19_strand.fast5	2752185
data/AshkenazimTrio/HG002_NA24385_son/CORNELL_Oxford_Nanopore/oxford_PC_HG02.3attempt_0633_1_ch305_file1_strand.fast5	2364026
data/AshkenazimTrio/HG002_NA24385_son/CORNELL_Oxford_Nanopore/oxford_PC_HG02.3attempt_0633_1_ch305_file20_strand.fast5	2131402
data/AshkenazimTrio/HG002_NA24385_son/CORNELL_Oxford_Nanopore/oxford_PC_HG02.3attempt_0633_1_ch305_file5_strand.fast5	2001602
data/AshkenazimTrio/HG002_NA24385_son/CORNELL_Oxford_Nanopore/oxford_PC_HG02.3attempt_0633_1_ch305_file7_strand.fast5	678611
data/AshkenazimTrio/HG002_NA24385_son/CORNELL_Oxford_Nanopore/oxford_PC_HG02.3attempt_0633_1_ch305_file8_strand.fast5	2023171
data/AshkenazimTrio/HG002_NA24385_son/CORNELL_Oxford_Nanopore/oxford_PC_HG02.3attempt_0633_1_ch308_file35_strand.fast5	2073239
data/AshkenazimTrio/HG002_NA24385_son/CORNELL_Oxford_Nanopore/oxford_PC_HG02.3attempt_0633_1_ch308_file38_strand.fast5	1545628
data/AshkenazimTrio/HG002_NA24385_son/CORNELL_Oxford_Nanopore/oxford_PC_HG02.3attempt_0633_1_ch308_file40_strand.fast5	3131380
data/AshkenazimTrio/HG002_NA24385_son/CORNELL_Oxford_Nanopore/oxford_PC_HG02.3attempt_0633_1_ch308_file46_strand.fast5	2374563
data/AshkenazimTrio/HG002_NA24385_son/CORNELL_Oxford_Nanopore/oxford_PC_HG02.3attempt_0633_1_ch308_file4_strand.fast5	2193061
data/AshkenazimTrio/HG002_NA24385_son/CORNELL_Oxford_Nanopore/oxford_PC_HG02.3attempt_0633_1_ch308_file51_strand.fast5	2030362
data/AshkenazimTrio/HG002_NA24385_son/CORNELL_Oxford_Nanopore/oxford_PC_HG02.3attempt_0633_1_ch308_file63_strand.fast5	2590309
data/AshkenazimTrio/HG002_NA24385_son/CORNELL_Oxford_Nanopore/oxford_PC_HG02.3attempt_0633_1_ch308_file65_strand.fast5	2076740
data/AshkenazimTrio/HG002_NA24385_son/CORNELL_Oxford_Nanopore/oxford_PC_HG02.3attempt_0633_1_ch308_file70_strand.fast5	2217725
data/AshkenazimTrio/HG002_NA24385_son/CORNELL_Oxford_Nanopore/oxford_PC_HG02.3attempt_0633_1_ch308_file80_strand.fast5	1946315
data/AshkenazimTrio/HG002_NA24385_son/CORNELL_Oxford_Nanopore/oxford_PC_HG02.3attempt_0633_1_ch309_file105_strand.fast5	2257500
data/AshkenazimTrio/HG002_NA24385_son/CORNELL_Oxford_Nanopore/oxford_PC_HG02.3attempt_0633_1_ch309_file106_strand.fast5	2372580
data/AshkenazimTrio/HG002_NA24385_son/CORNELL_Oxford_Nanopore/oxford_PC_HG02.3attempt_0633_1_ch309_file14_strand.fast5	1499006
data/AshkenazimTrio/HG002_NA24385_son/CORNELL_Oxford_Nanopore/oxford_PC_HG02.3attempt_0633_1_ch309_file17_strand.fast5	1559699
data/AshkenazimTrio/HG002_NA24385_son/CORNELL_Oxford_Nanopore/oxford_PC_HG02.3attempt_0633_1_ch309_file19_strand.fast5	2587713
data/AshkenazimTrio/HG002_NA24385_son/CORNELL_Oxford_Nanopore/oxford_PC_HG02.3attempt_0633_1_ch309_file28_strand.fast5	1509924
data/AshkenazimTrio/HG002_NA24385_son/CORNELL_Oxford_Nanopore/oxford_PC_HG02.3attempt_0633_1_ch309_file29_strand.fast5	770597
data/AshkenazimTrio/HG002_NA24385_son/CORNELL_Oxford_Nanopore/oxford_PC_HG02.3attempt_0633_1_ch309_file31_strand.fast5	1248075
data/AshkenazimTrio/HG002_NA24385_son/CORNELL_Oxford_Nanopore/oxford_PC_HG02.3attempt_0633_1_ch309_file52_strand.fast5	2317127
data/AshkenazimTrio/HG002_NA24385_son/CORNELL_Oxford_Nanopore/oxford_PC_HG02.3attempt_0633_1_ch309_file75_strand.fast5	1548372
data/AshkenazimTrio/HG002_NA24385_son/CORNELL_Oxford_Nanopore/oxford_PC_HG02.3attempt_0633_1_ch309_file76_strand.fast5	543225
data/AshkenazimTrio/HG002_NA24385_son/CORNELL_Oxford_Nanopore/oxford_PC_HG02.3attempt_0633_1_ch309_file7_strand.fast5	1905552
data/AshkenazimTrio/HG002_NA24385_son/CORNELL_Oxford_Nanopore/oxford_PC_HG02.3attempt_0633_1_ch309_file94_strand.fast5	1795466
data/AshkenazimTrio/HG002_NA24385_son/CORNELL_Oxford_Nanopore/oxford_PC_HG02.3attempt_0633_1_ch312_file4_strand.fast5	1387681
data/AshkenazimTrio/HG002_NA24385_son/CORNELL_Oxford_Nanopore/oxford_PC_HG02.3attempt_0633_1_ch313_file11_strand.fast5	2033025
data/AshkenazimTrio/HG002_NA24385_son/CORNELL_Oxford_Nanopore/oxford_PC_HG02.3attempt_0633_1_ch313_file13_strand.fast5	2144662
data/AshkenazimTrio/HG002_NA24385_son/CORNELL_Oxford_Nanopore/oxford_PC_HG02.3attempt_0633_1_ch313_file21_strand.fast5	2123010
data/AshkenazimTrio/HG002_NA24385_son/CORNELL_Oxford_Nanopore/oxford_PC_HG02.3attempt_0633_1_ch313_file25_strand.fast5	2102033
data/AshkenazimTrio/HG002_NA24385_son/CORNELL_Oxford_Nanopore/oxford_PC_HG02.3attempt_0633_1_ch313_file33_strand.fast5	3409311
data/AshkenazimTrio/HG002_NA24385_son/CORNELL_Oxford_Nanopore/oxford_PC_HG02.3attempt_0633_1_ch313_file39_strand.fast5	1696911
data/AshkenazimTrio/HG002_NA24385_son/CORNELL_Oxford_Nanopore/oxford_PC_HG02.3attempt_0633_1_ch313_file3_strand.fast5	1055104
data/AshkenazimTrio/HG002_NA24385_son/CORNELL_Oxford_Nanopore/oxford_PC_HG02.3attempt_0633_1_ch313_file44_strand.fast5	1455574
data/AshkenazimTrio/HG002_NA24385_son/CORNELL_Oxford_Nanopore/oxford_PC_HG02.3attempt_0633_1_ch313_file49_strand.fast5	511048
data/AshkenazimTrio/HG002_NA24385_son/CORNELL_Oxford_Nanopore/oxford_PC_HG02.3attempt_0633_1_ch313_file77_strand.fast5	1178783
data/AshkenazimTrio/HG002_NA24385_son/CORNELL_Oxford_Nanopore/oxford_PC_HG02.3attempt_0633_1_ch313_file96_strand.fast5	2065977
data/AshkenazimTrio/HG002_NA24385_son/CORNELL_Oxford_Nanopore/oxford_PC_HG02.3attempt_0633_1_ch315_file13_strand.fast5	1693348
data/AshkenazimTrio/HG002_NA24385_son/CORNELL_Oxford_Nanopore/oxford_PC_HG02.3attempt_0633_1_ch315_file16_strand.fast5	1870676
data/AshkenazimTrio/HG002_NA24385_son/CORNELL_Oxford_Nanopore/oxford_PC_HG02.3attempt_0633_1_ch315_file3_strand.fast5	2945589
data/AshkenazimTrio/HG002_NA24385_son/CORNELL_Oxford_Nanopore/oxford_PC_HG02.3attempt_0633_1_ch315_file5_strand.fast5	2454865
data/AshkenazimTrio/HG002_NA24385_son/CORNELL_Oxford_Nanopore/oxford_PC_HG02.3attempt_0633_1_ch315_file8_strand.fast5	1886739
data/AshkenazimTrio/HG002_NA24385_son/CORNELL_Oxford_Nanopore/oxford_PC_HG02.3attempt_0633_1_ch316_file14_strand.fast5	3802310
data/AshkenazimTrio/HG002_NA24385_son/CORNELL_Oxford_Nanopore/oxford_PC_HG02.3attempt_0633_1_ch316_file20_strand.fast5	651536
data/AshkenazimTrio/HG002_NA24385_son/CORNELL_Oxford_Nanopore/oxford_PC_HG02.3attempt_0633_1_ch316_file2_strand.fast5	3211699
data/AshkenazimTrio/HG002_NA24385_son/CORNELL_Oxford_Nanopore/oxford_PC_HG02.3attempt_0633_1_ch316_file40_strand.fast5	2681845
data/AshkenazimTrio/HG002_NA24385_son/CORNELL_Oxford_Nanopore/oxford_PC_HG02.3attempt_0633_1_ch316_file58_strand.fast5	1501960
data/AshkenazimTrio/HG002_NA24385_son/CORNELL_Oxford_Nanopore/oxford_PC_HG02.3attempt_0633_1_ch316_file61_strand.fast5	1049941
data/AshkenazimTrio/HG002_NA24385_son/CORNELL_Oxford_Nanopore/oxford_PC_HG02.3attempt_0633_1_ch316_file70_strand.fast5	2150984
data/AshkenazimTrio/HG002_NA24385_son/CORNELL_Oxford_Nanopore/oxford_PC_HG02.3attempt_0633_1_ch316_file7_strand.fast5	2650918
data/AshkenazimTrio/HG002_NA24385_son/CORNELL_Oxford_Nanopore/oxford_PC_HG02.3attempt_0633_1_ch316_file83_strand.fast5	1058593
data/AshkenazimTrio/HG002_NA24385_son/CORNELL_Oxford_Nanopore/oxford_PC_HG02.3attempt_0633_1_ch316_file84_strand.fast5	2764260
data/AshkenazimTrio/HG002_NA24385_son/CORNELL_Oxford_Nanopore/oxford_PC_HG02.3attempt_0633_1_ch316_file86_strand.fast5	3118962
data/AshkenazimTrio/HG002_NA24385_son/CORNELL_Oxford_Nanopore/oxford_PC_HG02.3attempt_0633_1_ch316_file97_strand.fast5	598920
data/AshkenazimTrio/HG002_NA24385_son/CORNELL_Oxford_Nanopore/oxford_PC_HG02.3attempt_0633_1_ch319_file10_strand.fast5	920809
data/AshkenazimTrio/HG002_NA24385_son/CORNELL_Oxford_Nanopore/oxford_PC_HG02.3attempt_0633_1_ch319_file11_strand.fast5	770279
data/AshkenazimTrio/HG002_NA24385_son/CORNELL_Oxford_Nanopore/oxford_PC_HG02.3attempt_0633_1_ch319_file28_strand.fast5	1874482
data/AshkenazimTrio/HG002_NA24385_son/CORNELL_Oxford_Nanopore/oxford_PC_HG02.3attempt_0633_1_ch319_file4_strand.fast5	1549531
data/AshkenazimTrio/HG002_NA24385_son/CORNELL_Oxford_Nanopore/oxford_PC_HG02.3attempt_0633_1_ch319_file70_strand.fast5	1674271
data/AshkenazimTrio/HG002_NA24385_son/CORNELL_Oxford_Nanopore/oxford_PC_HG02.3attempt_0633_1_ch319_file73_strand.fast5	2423085
data/AshkenazimTrio/HG002_NA24385_son/CORNELL_Oxford_Nanopore/oxford_PC_HG02.3attempt_0633_1_ch31_file17_strand.fast5	1557570
data/AshkenazimTrio/HG002_NA24385_son/CORNELL_Oxford_Nanopore/oxford_PC_HG02.3attempt_0633_1_ch31_file19_strand.fast5	1088322
data/AshkenazimTrio/HG002_NA24385_son/CORNELL_Oxford_Nanopore/oxford_PC_HG02.3attempt_0633_1_ch31_file20_strand.fast5	1539628
data/AshkenazimTrio/HG002_NA24385_son/CORNELL_Oxford_Nanopore/oxford_PC_HG02.3attempt_0633_1_ch31_file30_strand.fast5	1351606
data/AshkenazimTrio/HG002_NA24385_son/CORNELL_Oxford_Nanopore/oxford_PC_HG02.3attempt_0633_1_ch31_file37_strand.fast5	840813
data/AshkenazimTrio/HG002_NA24385_son/CORNELL_Oxford_Nanopore/oxford_PC_HG02.3attempt_0633_1_ch31_file3_strand.fast5	659047
data/AshkenazimTrio/HG002_NA24385_son/CORNELL_Oxford_Nanopore/oxford_PC_HG02.3attempt_0633_1_ch31_file73_strand.fast5	957563
data/AshkenazimTrio/HG002_NA24385_son/CORNELL_Oxford_Nanopore/oxford_PC_HG02.3attempt_0633_1_ch31_file78_strand.fast5	2551405
data/AshkenazimTrio/HG002_NA24385_son/CORNELL_Oxford_Nanopore/oxford_PC_HG02.3attempt_0633_1_ch31_file79_strand.fast5	1361770
data/AshkenazimTrio/HG002_NA24385_son/CORNELL_Oxford_Nanopore/oxford_PC_HG02.3attempt_0633_1_ch31_file7_strand.fast5	2328691
data/AshkenazimTrio/HG002_NA24385_son/CORNELL_Oxford_Nanopore/oxford_PC_HG02.3attempt_0633_1_ch320_file0_strand.fast5	799044
data/AshkenazimTrio/HG002_NA24385_son/CORNELL_Oxford_Nanopore/oxford_PC_HG02.3attempt_0633_1_ch320_file103_strand.fast5	3039587
data/AshkenazimTrio/HG002_NA24385_son/CORNELL_Oxford_Nanopore/oxford_PC_HG02.3attempt_0633_1_ch320_file12_strand.fast5	1460079
data/AshkenazimTrio/HG002_NA24385_son/CORNELL_Oxford_Nanopore/oxford_PC_HG02.3attempt_0633_1_ch320_file13_strand.fast5	452523
data/AshkenazimTrio/HG002_NA24385_son/CORNELL_Oxford_Nanopore/oxford_PC_HG02.3attempt_0633_1_ch320_file19_strand.fast5	2050225
data/AshkenazimTrio/HG002_NA24385_son/CORNELL_Oxford_Nanopore/oxford_PC_HG02.3attempt_0633_1_ch320_file20_strand.fast5	1751802
data/AshkenazimTrio/HG002_NA24385_son/CORNELL_Oxford_Nanopore/oxford_PC_HG02.3attempt_0633_1_ch320_file21_strand.fast5	2031943
data/AshkenazimTrio/HG002_NA24385_son/CORNELL_Oxford_Nanopore/oxford_PC_HG02.3attempt_0633_1_ch320_file35_strand.fast5	1870937
data/AshkenazimTrio/HG002_NA24385_son/CORNELL_Oxford_Nanopore/oxford_PC_HG02.3attempt_0633_1_ch320_file49_strand.fast5	2439864
data/AshkenazimTrio/HG002_NA24385_son/CORNELL_Oxford_Nanopore/oxford_PC_HG02.3attempt_0633_1_ch320_file4_strand.fast5	4156583
data/AshkenazimTrio/HG002_NA24385_son/CORNELL_Oxford_Nanopore/oxford_PC_HG02.3attempt_0633_1_ch320_file56_strand.fast5	1432677
data/AshkenazimTrio/HG002_NA24385_son/CORNELL_Oxford_Nanopore/oxford_PC_HG02.3attempt_0633_1_ch320_file65_strand.fast5	1787975
data/AshkenazimTrio/HG002_NA24385_son/CORNELL_Oxford_Nanopore/oxford_PC_HG02.3attempt_0633_1_ch320_file6_strand.fast5	1552439
data/AshkenazimTrio/HG002_NA24385_son/CORNELL_Oxford_Nanopore/oxford_PC_HG02.3attempt_0633_1_ch320_file73_strand.fast5	2939544
data/AshkenazimTrio/HG002_NA24385_son/CORNELL_Oxford_Nanopore/oxford_PC_HG02.3attempt_0633_1_ch320_file79_strand.fast5	1408310
data/AshkenazimTrio/HG002_NA24385_son/CORNELL_Oxford_Nanopore/oxford_PC_HG02.3attempt_0633_1_ch320_file87_strand.fast5	1469944
data/AshkenazimTrio/HG002_NA24385_son/CORNELL_Oxford_Nanopore/oxford_PC_HG02.3attempt_0633_1_ch320_file94_strand.fast5	2665746
data/AshkenazimTrio/HG002_NA24385_son/CORNELL_Oxford_Nanopore/oxford_PC_HG02.3attempt_0633_1_ch320_file9_strand.fast5	1862095
data/AshkenazimTrio/HG002_NA24385_son/CORNELL_Oxford_Nanopore/oxford_PC_HG02.3attempt_0633_1_ch321_file26_strand.fast5	952106
data/AshkenazimTrio/HG002_NA24385_son/CORNELL_Oxford_Nanopore/oxford_PC_HG02.3attempt_0633_1_ch321_file38_strand.fast5	1480156
data/AshkenazimTrio/HG002_NA24385_son/CORNELL_Oxford_Nanopore/oxford_PC_HG02.3attempt_0633_1_ch321_file45_strand.fast5	3296376
data/AshkenazimTrio/HG002_NA24385_son/CORNELL_Oxford_Nanopore/oxford_PC_HG02.3attempt_0633_1_ch321_file48_strand.fast5	2944515
data/AshkenazimTrio/HG002_NA24385_son/CORNELL_Oxford_Nanopore/oxford_PC_HG02.3attempt_0633_1_ch321_file50_strand.fast5	1912026
data/AshkenazimTrio/HG002_NA24385_son/CORNELL_Oxford_Nanopore/oxford_PC_HG02.3attempt_0633_1_ch321_file52_strand.fast5	1526818
data/AshkenazimTrio/HG002_NA24385_son/CORNELL_Oxford_Nanopore/oxford_PC_HG02.3attempt_0633_1_ch322_file114_strand.fast5	990959
data/AshkenazimTrio/HG002_NA24385_son/CORNELL_Oxford_Nanopore/oxford_PC_HG02.3attempt_0633_1_ch322_file121_strand.fast5	3022618
data/AshkenazimTrio/HG002_NA24385_son/CORNELL_Oxford_Nanopore/oxford_PC_HG02.3attempt_0633_1_ch322_file123_strand.fast5	1867146
data/AshkenazimTrio/HG002_NA24385_son/CORNELL_Oxford_Nanopore/oxford_PC_HG02.3attempt_0633_1_ch322_file134_strand.fast5	1193563
data/AshkenazimTrio/HG002_NA24385_son/CORNELL_Oxford_Nanopore/oxford_PC_HG02.3attempt_0633_1_ch322_file51_strand.fast5	1461635
data/AshkenazimTrio/HG002_NA24385_son/CORNELL_Oxford_Nanopore/oxford_PC_HG02.3attempt_0633_1_ch322_file5_strand.fast5	2730253
data/AshkenazimTrio/HG002_NA24385_son/CORNELL_Oxford_Nanopore/oxford_PC_HG02.3attempt_0633_1_ch322_file81_strand.fast5	2830949
data/AshkenazimTrio/HG002_NA24385_son/CORNELL_Oxford_Nanopore/oxford_PC_HG02.3attempt_0633_1_ch322_file83_strand.fast5	771415
data/AshkenazimTrio/HG002_NA24385_son/CORNELL_Oxford_Nanopore/oxford_PC_HG02.3attempt_0633_1_ch323_file1_strand.fast5	1718352
data/AshkenazimTrio/HG002_NA24385_son/CORNELL_Oxford_Nanopore/oxford_PC_HG02.3attempt_0633_1_ch323_file26_strand.fast5	1261248
data/AshkenazimTrio/HG002_NA24385_son/CORNELL_Oxford_Nanopore/oxford_PC_HG02.3attempt_0633_1_ch323_file28_strand.fast5	1050397
data/AshkenazimTrio/HG002_NA24385_son/CORNELL_Oxford_Nanopore/oxford_PC_HG02.3attempt_0633_1_ch323_file29_strand.fast5	3642106
data/AshkenazimTrio/HG002_NA24385_son/CORNELL_Oxford_Nanopore/oxford_PC_HG02.3attempt_0633_1_ch323_file54_strand.fast5	3249180
data/AshkenazimTrio/HG002_NA24385_son/CORNELL_Oxford_Nanopore/oxford_PC_HG02.3attempt_0633_1_ch323_file58_strand.fast5	2255842
data/AshkenazimTrio/HG002_NA24385_son/CORNELL_Oxford_Nanopore/oxford_PC_HG02.3attempt_0633_1_ch323_file6_strand.fast5	398886
data/AshkenazimTrio/HG002_NA24385_son/CORNELL_Oxford_Nanopore/oxford_PC_HG02.3attempt_0633_1_ch323_file8_strand.fast5	2542567
data/AshkenazimTrio/HG002_NA24385_son/CORNELL_Oxford_Nanopore/oxford_PC_HG02.3attempt_0633_1_ch323_file90_strand.fast5	2355699
data/AshkenazimTrio/HG002_NA24385_son/CORNELL_Oxford_Nanopore/oxford_PC_HG02.3attempt_0633_1_ch323_file95_strand.fast5	1579527
data/AshkenazimTrio/HG002_NA24385_son/CORNELL_Oxford_Nanopore/oxford_PC_HG02.3attempt_0633_1_ch325_file13_strand.fast5	3008722
data/AshkenazimTrio/HG002_NA24385_son/CORNELL_Oxford_Nanopore/oxford_PC_HG02.3attempt_0633_1_ch326_file8_strand.fast5	1867262
data/AshkenazimTrio/HG002_NA24385_son/CORNELL_Oxford_Nanopore/oxford_PC_HG02.3attempt_0633_1_ch327_file10_strand.fast5	2034542
data/AshkenazimTrio/HG002_NA24385_son/CORNELL_Oxford_Nanopore/oxford_PC_HG02.3attempt_0633_1_ch327_file12_strand.fast5	501903
data/AshkenazimTrio/HG002_NA24385_son/CORNELL_Oxford_Nanopore/oxford_PC_HG02.3attempt_0633_1_ch327_file13_strand.fast5	2532467
data/AshkenazimTrio/HG002_NA24385_son/CORNELL_Oxford_Nanopore/oxford_PC_HG02.3attempt_0633_1_ch328_file15_strand.fast5	1223727
data/AshkenazimTrio/HG002_NA24385_son/CORNELL_Oxford_Nanopore/oxford_PC_HG02.3attempt_0633_1_ch328_file163_strand.fast5	2271161
data/AshkenazimTrio/HG002_NA24385_son/CORNELL_Oxford_Nanopore/oxford_PC_HG02.3attempt_0633_1_ch328_file2_strand.fast5	1814813
data/AshkenazimTrio/HG002_NA24385_son/CORNELL_Oxford_Nanopore/oxford_PC_HG02.3attempt_0633_1_ch328_file3_strand.fast5	3934995
data/AshkenazimTrio/HG002_NA24385_son/CORNELL_Oxford_Nanopore/oxford_PC_HG02.3attempt_0633_1_ch329_file22_strand.fast5	2385337
data/AshkenazimTrio/HG002_NA24385_son/CORNELL_Oxford_Nanopore/oxford_PC_HG02.3attempt_0633_1_ch32_file4_strand.fast5	1636944
data/AshkenazimTrio/HG002_NA24385_son/CORNELL_Oxford_Nanopore/oxford_PC_HG02.3attempt_0633_1_ch330_file23_strand.fast5	2934074
data/AshkenazimTrio/HG002_NA24385_son/CORNELL_Oxford_Nanopore/oxford_PC_HG02.3attempt_0633_1_ch330_file40_strand.fast5	2272062
data/AshkenazimTrio/HG002_NA24385_son/CORNELL_Oxford_Nanopore/oxford_PC_HG02.3attempt_0633_1_ch330_file41_strand.fast5	1834163
data/AshkenazimTrio/HG002_NA24385_son/CORNELL_Oxford_Nanopore/oxford_PC_HG02.3attempt_0633_1_ch330_file42_strand.fast5	1264354
data/AshkenazimTrio/HG002_NA24385_son/CORNELL_Oxford_Nanopore/oxford_PC_HG02.3attempt_0633_1_ch331_file107_strand.fast5	6330536
data/AshkenazimTrio/HG002_NA24385_son/CORNELL_Oxford_Nanopore/oxford_PC_HG02.3attempt_0633_1_ch331_file3_strand.fast5	1575721
data/AshkenazimTrio/HG002_NA24385_son/CORNELL_Oxford_Nanopore/oxford_PC_HG02.3attempt_0633_1_ch331_file59_strand.fast5	1649593
data/AshkenazimTrio/HG002_NA24385_son/CORNELL_Oxford_Nanopore/oxford_PC_HG02.3attempt_0633_1_ch331_file69_strand.fast5	2464565
data/AshkenazimTrio/HG002_NA24385_son/CORNELL_Oxford_Nanopore/oxford_PC_HG02.3attempt_0633_1_ch331_file6_strand.fast5	1758165
data/AshkenazimTrio/HG002_NA24385_son/CORNELL_Oxford_Nanopore/oxford_PC_HG02.3attempt_0633_1_ch331_file74_strand.fast5	4416930
data/AshkenazimTrio/HG002_NA24385_son/CORNELL_Oxford_Nanopore/oxford_PC_HG02.3attempt_0633_1_ch331_file81_strand.fast5	1531830
data/AshkenazimTrio/HG002_NA24385_son/CORNELL_Oxford_Nanopore/oxford_PC_HG02.3attempt_0633_1_ch331_file92_strand.fast5	946673
data/AshkenazimTrio/HG002_NA24385_son/CORNELL_Oxford_Nanopore/oxford_PC_HG02.3attempt_0633_1_ch331_file97_strand.fast5	1616084
data/AshkenazimTrio/HG002_NA24385_son/CORNELL_Oxford_Nanopore/oxford_PC_HG02.3attempt_0633_1_ch332_file0_strand.fast5	541086
data/AshkenazimTrio/HG002_NA24385_son/CORNELL_Oxford_Nanopore/oxford_PC_HG02.3attempt_0633_1_ch332_file100_strand.fast5	1693879
data/AshkenazimTrio/HG002_NA24385_son/CORNELL_Oxford_Nanopore/oxford_PC_HG02.3attempt_0633_1_ch332_file12_strand.fast5	2594820
data/AshkenazimTrio/HG002_NA24385_son/CORNELL_Oxford_Nanopore/oxford_PC_HG02.3attempt_0633_1_ch332_file158_strand.fast5	2914015
data/AshkenazimTrio/HG002_NA24385_son/CORNELL_Oxford_Nanopore/oxford_PC_HG02.3attempt_0633_1_ch332_file32_strand.fast5	1859998
data/AshkenazimTrio/HG002_NA24385_son/CORNELL_Oxford_Nanopore/oxford_PC_HG02.3attempt_0633_1_ch332_file33_strand.fast5	1106964
data/AshkenazimTrio/HG002_NA24385_son/CORNELL_Oxford_Nanopore/oxford_PC_HG02.3attempt_0633_1_ch332_file35_strand.fast5	686231
data/AshkenazimTrio/HG002_NA24385_son/CORNELL_Oxford_Nanopore/oxford_PC_HG02.3attempt_0633_1_ch332_file37_strand.fast5	1631104
data/AshkenazimTrio/HG002_NA24385_son/CORNELL_Oxford_Nanopore/oxford_PC_HG02.3attempt_0633_1_ch332_file38_strand.fast5	1519069
data/AshkenazimTrio/HG002_NA24385_son/CORNELL_Oxford_Nanopore/oxford_PC_HG02.3attempt_0633_1_ch332_file4_strand.fast5	779006
data/AshkenazimTrio/HG002_NA24385_son/CORNELL_Oxford_Nanopore/oxford_PC_HG02.3attempt_0633_1_ch332_file51_strand.fast5	3983203
data/AshkenazimTrio/HG002_NA24385_son/CORNELL_Oxford_Nanopore/oxford_PC_HG02.3attempt_0633_1_ch332_file52_strand.fast5	1217002
data/AshkenazimTrio/HG002_NA24385_son/CORNELL_Oxford_Nanopore/oxford_PC_HG02.3attempt_0633_1_ch332_file69_strand.fast5	1584789
data/AshkenazimTrio/HG002_NA24385_son/CORNELL_Oxford_Nanopore/oxford_PC_HG02.3attempt_0633_1_ch332_file70_strand.fast5	552626
data/AshkenazimTrio/HG002_NA24385_son/CORNELL_Oxford_Nanopore/oxford_PC_HG02.3attempt_0633_1_ch332_file82_strand.fast5	2498902
data/AshkenazimTrio/HG002_NA24385_son/CORNELL_Oxford_Nanopore/oxford_PC_HG02.3attempt_0633_1_ch332_file86_strand.fast5	3024249
data/AshkenazimTrio/HG002_NA24385_son/CORNELL_Oxford_Nanopore/oxford_PC_HG02.3attempt_0633_1_ch332_file87_strand.fast5	1778488
data/AshkenazimTrio/HG002_NA24385_son/CORNELL_Oxford_Nanopore/oxford_PC_HG02.3attempt_0633_1_ch333_file14_strand.fast5	2307169
data/AshkenazimTrio/HG002_NA24385_son/CORNELL_Oxford_Nanopore/oxford_PC_HG02.3attempt_0633_1_ch333_file1_strand.fast5	1561551
data/AshkenazimTrio/HG002_NA24385_son/CORNELL_Oxford_Nanopore/oxford_PC_HG02.3attempt_0633_1_ch333_file21_strand.fast5	358987
data/AshkenazimTrio/HG002_NA24385_son/CORNELL_Oxford_Nanopore/oxford_PC_HG02.3attempt_0633_1_ch333_file26_strand.fast5	941905
data/AshkenazimTrio/HG002_NA24385_son/CORNELL_Oxford_Nanopore/oxford_PC_HG02.3attempt_0633_1_ch333_file5_strand.fast5	1254364
data/AshkenazimTrio/HG002_NA24385_son/CORNELL_Oxford_Nanopore/oxford_PC_HG02.3attempt_0633_1_ch333_file9_strand.fast5	2282095
data/AshkenazimTrio/HG002_NA24385_son/CORNELL_Oxford_Nanopore/oxford_PC_HG02.3attempt_0633_1_ch334_file122_strand.fast5	3275492
data/AshkenazimTrio/HG002_NA24385_son/CORNELL_Oxford_Nanopore/oxford_PC_HG02.3attempt_0633_1_ch334_file21_strand.fast5	2503522
data/AshkenazimTrio/HG002_NA24385_son/CORNELL_Oxford_Nanopore/oxford_PC_HG02.3attempt_0633_1_ch334_file26_strand.fast5	815193
data/AshkenazimTrio/HG002_NA24385_son/CORNELL_Oxford_Nanopore/oxford_PC_HG02.3attempt_0633_1_ch334_file29_strand.fast5	840191
data/AshkenazimTrio/HG002_NA24385_son/CORNELL_Oxford_Nanopore/oxford_PC_HG02.3attempt_0633_1_ch334_file36_strand.fast5	889503
data/AshkenazimTrio/HG002_NA24385_son/CORNELL_Oxford_Nanopore/oxford_PC_HG02.3attempt_0633_1_ch334_file53_strand.fast5	1614806
data/AshkenazimTrio/HG002_NA24385_son/CORNELL_Oxford_Nanopore/oxford_PC_HG02.3attempt_0633_1_ch334_file56_strand.fast5	1113247
data/AshkenazimTrio/HG002_NA24385_son/CORNELL_Oxford_Nanopore/oxford_PC_HG02.3attempt_0633_1_ch334_file61_strand.fast5	1726936
data/AshkenazimTrio/HG002_NA24385_son/CORNELL_Oxford_Nanopore/oxford_PC_HG02.3attempt_0633_1_ch334_file79_strand.fast5	2776810
data/AshkenazimTrio/HG002_NA24385_son/CORNELL_Oxford_Nanopore/oxford_PC_HG02.3attempt_0633_1_ch334_file7_strand.fast5	2724020
data/AshkenazimTrio/HG002_NA24385_son/CORNELL_Oxford_Nanopore/oxford_PC_HG02.3attempt_0633_1_ch334_file82_strand.fast5	4343693
data/AshkenazimTrio/HG002_NA24385_son/CORNELL_Oxford_Nanopore/oxford_PC_HG02.3attempt_0633_1_ch334_file93_strand.fast5	2457298
data/AshkenazimTrio/HG002_NA24385_son/CORNELL_Oxford_Nanopore/oxford_PC_HG02.3attempt_0633_1_ch334_file9_strand.fast5	1380964
data/AshkenazimTrio/HG002_NA24385_son/CORNELL_Oxford_Nanopore/oxford_PC_HG02.3attempt_0633_1_ch335_file112_strand.fast5	1858422
data/AshkenazimTrio/HG002_NA24385_son/CORNELL_Oxford_Nanopore/oxford_PC_HG02.3attempt_0633_1_ch335_file11_strand.fast5	2105345
data/AshkenazimTrio/HG002_NA24385_son/CORNELL_Oxford_Nanopore/oxford_PC_HG02.3attempt_0633_1_ch335_file19_strand.fast5	1295301
data/AshkenazimTrio/HG002_NA24385_son/CORNELL_Oxford_Nanopore/oxford_PC_HG02.3attempt_0633_1_ch335_file33_strand.fast5	1586838
data/AshkenazimTrio/HG002_NA24385_son/CORNELL_Oxford_Nanopore/oxford_PC_HG02.3attempt_0633_1_ch335_file56_strand.fast5	2428964
data/AshkenazimTrio/HG002_NA24385_son/CORNELL_Oxford_Nanopore/oxford_PC_HG02.3attempt_0633_1_ch335_file57_strand.fast5	1820288
data/AshkenazimTrio/HG002_NA24385_son/CORNELL_Oxford_Nanopore/oxford_PC_HG02.3attempt_0633_1_ch335_file5_strand.fast5	650002
data/AshkenazimTrio/HG002_NA24385_son/CORNELL_Oxford_Nanopore/oxford_PC_HG02.3attempt_0633_1_ch335_file75_strand.fast5	4387992
data/AshkenazimTrio/HG002_NA24385_son/CORNELL_Oxford_Nanopore/oxford_PC_HG02.3attempt_0633_1_ch335_file86_strand.fast5	2070072
data/AshkenazimTrio/HG002_NA24385_son/CORNELL_Oxford_Nanopore/oxford_PC_HG02.3attempt_0633_1_ch336_file0_strand.fast5	1355345
data/AshkenazimTrio/HG002_NA24385_son/CORNELL_Oxford_Nanopore/oxford_PC_HG02.3attempt_0633_1_ch336_file138_strand.fast5	5174835
data/AshkenazimTrio/HG002_NA24385_son/CORNELL_Oxford_Nanopore/oxford_PC_HG02.3attempt_0633_1_ch336_file162_strand.fast5	476138
data/AshkenazimTrio/HG002_NA24385_son/CORNELL_Oxford_Nanopore/oxford_PC_HG02.3attempt_0633_1_ch336_file22_strand.fast5	1814649
data/AshkenazimTrio/HG002_NA24385_son/CORNELL_Oxford_Nanopore/oxford_PC_HG02.3attempt_0633_1_ch336_file42_strand.fast5	1207732
data/AshkenazimTrio/HG002_NA24385_son/CORNELL_Oxford_Nanopore/oxford_PC_HG02.3attempt_0633_1_ch336_file45_strand.fast5	1960227
data/AshkenazimTrio/HG002_NA24385_son/CORNELL_Oxford_Nanopore/oxford_PC_HG02.3attempt_0633_1_ch337_file101_strand.fast5	2754793
data/AshkenazimTrio/HG002_NA24385_son/CORNELL_Oxford_Nanopore/oxford_PC_HG02.3attempt_0633_1_ch338_file13_strand.fast5	2268043
data/AshkenazimTrio/HG002_NA24385_son/CORNELL_Oxford_Nanopore/oxford_PC_HG02.3attempt_0633_1_ch339_file10_strand.fast5	3186217
data/AshkenazimTrio/HG002_NA24385_son/CORNELL_Oxford_Nanopore/oxford_PC_HG02.3attempt_0633_1_ch339_file117_strand.fast5	2630676
data/AshkenazimTrio/HG002_NA24385_son/CORNELL_Oxford_Nanopore/oxford_PC_HG02.3attempt_0633_1_ch339_file125_strand.fast5	1540005
data/AshkenazimTrio/HG002_NA24385_son/CORNELL_Oxford_Nanopore/oxford_PC_HG02.3attempt_0633_1_ch339_file16_strand.fast5	1895533
data/AshkenazimTrio/HG002_NA24385_son/CORNELL_Oxford_Nanopore/oxford_PC_HG02.3attempt_0633_1_ch339_file205_strand.fast5	1469716
data/AshkenazimTrio/HG002_NA24385_son/CORNELL_Oxford_Nanopore/oxford_PC_HG02.3attempt_0633_1_ch339_file29_strand.fast5	1627714
data/AshkenazimTrio/HG002_NA24385_son/CORNELL_Oxford_Nanopore/oxford_PC_HG02.3attempt_0633_1_ch339_file36_strand.fast5	3750157
data/AshkenazimTrio/HG002_NA24385_son/CORNELL_Oxford_Nanopore/oxford_PC_HG02.3attempt_0633_1_ch339_file40_strand.fast5	3246454
data/AshkenazimTrio/HG002_NA24385_son/CORNELL_Oxford_Nanopore/oxford_PC_HG02.3attempt_0633_1_ch339_file42_strand.fast5	1588235
data/AshkenazimTrio/HG002_NA24385_son/CORNELL_Oxford_Nanopore/oxford_PC_HG02.3attempt_0633_1_ch339_file44_strand.fast5	2346671
data/AshkenazimTrio/HG002_NA24385_son/CORNELL_Oxford_Nanopore/oxford_PC_HG02.3attempt_0633_1_ch339_file47_strand.fast5	1705512
data/AshkenazimTrio/HG002_NA24385_son/CORNELL_Oxford_Nanopore/oxford_PC_HG02.3attempt_0633_1_ch339_file51_strand.fast5	1216985
data/AshkenazimTrio/HG002_NA24385_son/CORNELL_Oxford_Nanopore/oxford_PC_HG02.3attempt_0633_1_ch339_file53_strand.fast5	773264
data/AshkenazimTrio/HG002_NA24385_son/CORNELL_Oxford_Nanopore/oxford_PC_HG02.3attempt_0633_1_ch339_file62_strand.fast5	2334648
data/AshkenazimTrio/HG002_NA24385_son/CORNELL_Oxford_Nanopore/oxford_PC_HG02.3attempt_0633_1_ch339_file63_strand.fast5	1821601
data/AshkenazimTrio/HG002_NA24385_son/CORNELL_Oxford_Nanopore/oxford_PC_HG02.3attempt_0633_1_ch339_file64_strand.fast5	3599558
data/AshkenazimTrio/HG002_NA24385_son/CORNELL_Oxford_Nanopore/oxford_PC_HG02.3attempt_0633_1_ch339_file65_strand.fast5	1526897
data/AshkenazimTrio/HG002_NA24385_son/CORNELL_Oxford_Nanopore/oxford_PC_HG02.3attempt_0633_1_ch339_file71_strand.fast5	791261
data/AshkenazimTrio/HG002_NA24385_son/CORNELL_Oxford_Nanopore/oxford_PC_HG02.3attempt_0633_1_ch339_file82_strand.fast5	993882
data/AshkenazimTrio/HG002_NA24385_son/CORNELL_Oxford_Nanopore/oxford_PC_HG02.3attempt_0633_1_ch339_file85_strand.fast5	2593628
data/AshkenazimTrio/HG002_NA24385_son/CORNELL_Oxford_Nanopore/oxford_PC_HG02.3attempt_0633_1_ch339_file88_strand.fast5	1402778
data/AshkenazimTrio/HG002_NA24385_son/CORNELL_Oxford_Nanopore/oxford_PC_HG02.3attempt_0633_1_ch33_file0_strand.fast5	1370319
data/AshkenazimTrio/HG002_NA24385_son/CORNELL_Oxford_Nanopore/oxford_PC_HG02.3attempt_0633_1_ch33_file101_strand.fast5	1871692
data/AshkenazimTrio/HG002_NA24385_son/CORNELL_Oxford_Nanopore/oxford_PC_HG02.3attempt_0633_1_ch33_file113_strand.fast5	2695242
data/AshkenazimTrio/HG002_NA24385_son/CORNELL_Oxford_Nanopore/oxford_PC_HG02.3attempt_0633_1_ch33_file114_strand.fast5	4841546
data/AshkenazimTrio/HG002_NA24385_son/CORNELL_Oxford_Nanopore/oxford_PC_HG02.3attempt_0633_1_ch33_file123_strand.fast5	2421082
data/AshkenazimTrio/HG002_NA24385_son/CORNELL_Oxford_Nanopore/oxford_PC_HG02.3attempt_0633_1_ch33_file136_strand.fast5	2376074
data/AshkenazimTrio/HG002_NA24385_son/CORNELL_Oxford_Nanopore/oxford_PC_HG02.3attempt_0633_1_ch33_file137_strand.fast5	2049854
data/AshkenazimTrio/HG002_NA24385_son/CORNELL_Oxford_Nanopore/oxford_PC_HG02.3attempt_0633_1_ch33_file150_strand.fast5	1494644
data/AshkenazimTrio/HG002_NA24385_son/CORNELL_Oxford_Nanopore/oxford_PC_HG02.3attempt_0633_1_ch33_file157_strand.fast5	2506935
data/AshkenazimTrio/HG002_NA24385_son/CORNELL_Oxford_Nanopore/oxford_PC_HG02.3attempt_0633_1_ch33_file163_strand.fast5	3371123
data/AshkenazimTrio/HG002_NA24385_son/CORNELL_Oxford_Nanopore/oxford_PC_HG02.3attempt_0633_1_ch33_file19_strand.fast5	2886167
data/AshkenazimTrio/HG002_NA24385_son/CORNELL_Oxford_Nanopore/oxford_PC_HG02.3attempt_0633_1_ch33_file32_strand.fast5	1727308
data/AshkenazimTrio/HG002_NA24385_son/CORNELL_Oxford_Nanopore/oxford_PC_HG02.3attempt_0633_1_ch33_file41_strand.fast5	3104158
data/AshkenazimTrio/HG002_NA24385_son/CORNELL_Oxford_Nanopore/oxford_PC_HG02.3attempt_0633_1_ch33_file44_strand.fast5	2001952
data/AshkenazimTrio/HG002_NA24385_son/CORNELL_Oxford_Nanopore/oxford_PC_HG02.3attempt_0633_1_ch33_file66_strand.fast5	3647116
data/AshkenazimTrio/HG002_NA24385_son/CORNELL_Oxford_Nanopore/oxford_PC_HG02.3attempt_0633_1_ch33_file74_strand.fast5	3418848
data/AshkenazimTrio/HG002_NA24385_son/CORNELL_Oxford_Nanopore/oxford_PC_HG02.3attempt_0633_1_ch340_file15_strand.fast5	1947206
data/AshkenazimTrio/HG002_NA24385_son/CORNELL_Oxford_Nanopore/oxford_PC_HG02.3attempt_0633_1_ch340_file1_strand.fast5	1154123
data/AshkenazimTrio/HG002_NA24385_son/CORNELL_Oxford_Nanopore/oxford_PC_HG02.3attempt_0633_1_ch340_file36_strand.fast5	2310791
data/AshkenazimTrio/HG002_NA24385_son/CORNELL_Oxford_Nanopore/oxford_PC_HG02.3attempt_0633_1_ch342_file140_strand.fast5	2285290
data/AshkenazimTrio/HG002_NA24385_son/CORNELL_Oxford_Nanopore/oxford_PC_HG02.3attempt_0633_1_ch342_file159_strand.fast5	1333268
data/AshkenazimTrio/HG002_NA24385_son/CORNELL_Oxford_Nanopore/oxford_PC_HG02.3attempt_0633_1_ch342_file80_strand.fast5	2512996
data/AshkenazimTrio/HG002_NA24385_son/CORNELL_Oxford_Nanopore/oxford_PC_HG02.3attempt_0633_1_ch342_file98_strand.fast5	2113849
data/AshkenazimTrio/HG002_NA24385_son/CORNELL_Oxford_Nanopore/oxford_PC_HG02.3attempt_0633_1_ch343_file0_strand.fast5	2481599
data/AshkenazimTrio/HG002_NA24385_son/CORNELL_Oxford_Nanopore/oxford_PC_HG02.3attempt_0633_1_ch343_file103_strand.fast5	2238884
data/AshkenazimTrio/HG002_NA24385_son/CORNELL_Oxford_Nanopore/oxford_PC_HG02.3attempt_0633_1_ch343_file104_strand.fast5	2371948
data/AshkenazimTrio/HG002_NA24385_son/CORNELL_Oxford_Nanopore/oxford_PC_HG02.3attempt_0633_1_ch343_file120_strand.fast5	3666214
data/AshkenazimTrio/HG002_NA24385_son/CORNELL_Oxford_Nanopore/oxford_PC_HG02.3attempt_0633_1_ch343_file130_strand.fast5	3139945
data/AshkenazimTrio/HG002_NA24385_son/CORNELL_Oxford_Nanopore/oxford_PC_HG02.3attempt_0633_1_ch343_file134_strand.fast5	2643616
data/AshkenazimTrio/HG002_NA24385_son/CORNELL_Oxford_Nanopore/oxford_PC_HG02.3attempt_0633_1_ch343_file139_strand.fast5	1720096
data/AshkenazimTrio/HG002_NA24385_son/CORNELL_Oxford_Nanopore/oxford_PC_HG02.3attempt_0633_1_ch343_file36_strand.fast5	2194879
data/AshkenazimTrio/HG002_NA24385_son/CORNELL_Oxford_Nanopore/oxford_PC_HG02.3attempt_0633_1_ch343_file66_strand.fast5	2151448
data/AshkenazimTrio/HG002_NA24385_son/CORNELL_Oxford_Nanopore/oxford_PC_HG02.3attempt_0633_1_ch343_file71_strand.fast5	3390140
data/AshkenazimTrio/HG002_NA24385_son/CORNELL_Oxford_Nanopore/oxford_PC_HG02.3attempt_0633_1_ch343_file7_strand.fast5	2805446
data/AshkenazimTrio/HG002_NA24385_son/CORNELL_Oxford_Nanopore/oxford_PC_HG02.3attempt_0633_1_ch343_file81_strand.fast5	1788009
data/AshkenazimTrio/HG002_NA24385_son/CORNELL_Oxford_Nanopore/oxford_PC_HG02.3attempt_0633_1_ch343_file88_strand.fast5	2641742
data/AshkenazimTrio/HG002_NA24385_son/CORNELL_Oxford_Nanopore/oxford_PC_HG02.3attempt_0633_1_ch343_file8_strand.fast5	1438852
data/AshkenazimTrio/HG002_NA24385_son/CORNELL_Oxford_Nanopore/oxford_PC_HG02.3attempt_0633_1_ch343_file9_strand.fast5	561015
data/AshkenazimTrio/HG002_NA24385_son/CORNELL_Oxford_Nanopore/oxford_PC_HG02.3attempt_0633_1_ch344_file60_strand.fast5	2802277
data/AshkenazimTrio/HG002_NA24385_son/CORNELL_Oxford_Nanopore/oxford_PC_HG02.3attempt_0633_1_ch344_file68_strand.fast5	2973299
data/AshkenazimTrio/HG002_NA24385_son/CORNELL_Oxford_Nanopore/oxford_PC_HG02.3attempt_0633_1_ch344_file73_strand.fast5	379297
data/AshkenazimTrio/HG002_NA24385_son/CORNELL_Oxford_Nanopore/oxford_PC_HG02.3attempt_0633_1_ch344_file7_strand.fast5	1582413
data/AshkenazimTrio/HG002_NA24385_son/CORNELL_Oxford_Nanopore/oxford_PC_HG02.3attempt_0633_1_ch344_file81_strand.fast5	3035809
data/AshkenazimTrio/HG002_NA24385_son/CORNELL_Oxford_Nanopore/oxford_PC_HG02.3attempt_0633_1_ch344_file9_strand.fast5	2571088
data/AshkenazimTrio/HG002_NA24385_son/CORNELL_Oxford_Nanopore/oxford_PC_HG02.3attempt_0633_1_ch345_file0_strand.fast5	2089309
data/AshkenazimTrio/HG002_NA24385_son/CORNELL_Oxford_Nanopore/oxford_PC_HG02.3attempt_0633_1_ch345_file103_strand.fast5	2094509
data/AshkenazimTrio/HG002_NA24385_son/CORNELL_Oxford_Nanopore/oxford_PC_HG02.3attempt_0633_1_ch345_file10_strand.fast5	518563
data/AshkenazimTrio/HG002_NA24385_son/CORNELL_Oxford_Nanopore/oxford_PC_HG02.3attempt_0633_1_ch345_file30_strand.fast5	1219832
data/AshkenazimTrio/HG002_NA24385_son/CORNELL_Oxford_Nanopore/oxford_PC_HG02.3attempt_0633_1_ch345_file32_strand.fast5	1685514
data/AshkenazimTrio/HG002_NA24385_son/CORNELL_Oxford_Nanopore/oxford_PC_HG02.3attempt_0633_1_ch345_file53_strand.fast5	2468016
data/AshkenazimTrio/HG002_NA24385_son/CORNELL_Oxford_Nanopore/oxford_PC_HG02.3attempt_0633_1_ch345_file55_strand.fast5	6331998
data/AshkenazimTrio/HG002_NA24385_son/CORNELL_Oxford_Nanopore/oxford_PC_HG02.3attempt_0633_1_ch345_file57_strand.fast5	1436741
data/AshkenazimTrio/HG002_NA24385_son/CORNELL_Oxford_Nanopore/oxford_PC_HG02.3attempt_0633_1_ch345_file5_strand.fast5	284868
data/AshkenazimTrio/HG002_NA24385_son/CORNELL_Oxford_Nanopore/oxford_PC_HG02.3attempt_0633_1_ch345_file66_strand.fast5	2703172
data/AshkenazimTrio/HG002_NA24385_son/CORNELL_Oxford_Nanopore/oxford_PC_HG02.3attempt_0633_1_ch345_file78_strand.fast5	2930341
data/AshkenazimTrio/HG002_NA24385_son/CORNELL_Oxford_Nanopore/oxford_PC_HG02.3attempt_0633_1_ch345_file7_strand.fast5	1978695
data/AshkenazimTrio/HG002_NA24385_son/CORNELL_Oxford_Nanopore/oxford_PC_HG02.3attempt_0633_1_ch346_file1_strand.fast5	2861519
data/AshkenazimTrio/HG002_NA24385_son/CORNELL_Oxford_Nanopore/oxford_PC_HG02.3attempt_0633_1_ch346_file45_strand.fast5	2290961
data/AshkenazimTrio/HG002_NA24385_son/CORNELL_Oxford_Nanopore/oxford_PC_HG02.3attempt_0633_1_ch346_file48_strand.fast5	2411408
data/AshkenazimTrio/HG002_NA24385_son/CORNELL_Oxford_Nanopore/oxford_PC_HG02.3attempt_0633_1_ch346_file4_strand.fast5	3559948
data/AshkenazimTrio/HG002_NA24385_son/CORNELL_Oxford_Nanopore/oxford_PC_HG02.3attempt_0633_1_ch346_file57_strand.fast5	2855025
data/AshkenazimTrio/HG002_NA24385_son/CORNELL_Oxford_Nanopore/oxford_PC_HG02.3attempt_0633_1_ch346_file66_strand.fast5	617378
data/AshkenazimTrio/HG002_NA24385_son/CORNELL_Oxford_Nanopore/oxford_PC_HG02.3attempt_0633_1_ch346_file67_strand.fast5	2617598
data/AshkenazimTrio/HG002_NA24385_son/CORNELL_Oxford_Nanopore/oxford_PC_HG02.3attempt_0633_1_ch346_file73_strand.fast5	6116018
data/AshkenazimTrio/HG002_NA24385_son/CORNELL_Oxford_Nanopore/oxford_PC_HG02.3attempt_0633_1_ch346_file77_strand.fast5	2899865
data/AshkenazimTrio/HG002_NA24385_son/CORNELL_Oxford_Nanopore/oxford_PC_HG02.3attempt_0633_1_ch346_file80_strand.fast5	1683285
data/AshkenazimTrio/HG002_NA24385_son/CORNELL_Oxford_Nanopore/oxford_PC_HG02.3attempt_0633_1_ch347_file21_strand.fast5	1180228
data/AshkenazimTrio/HG002_NA24385_son/CORNELL_Oxford_Nanopore/oxford_PC_HG02.3attempt_0633_1_ch347_file23_strand.fast5	3994619
data/AshkenazimTrio/HG002_NA24385_son/CORNELL_Oxford_Nanopore/oxford_PC_HG02.3attempt_0633_1_ch347_file50_strand.fast5	1603915
data/AshkenazimTrio/HG002_NA24385_son/CORNELL_Oxford_Nanopore/oxford_PC_HG02.3attempt_0633_1_ch347_file93_strand.fast5	2295510
data/AshkenazimTrio/HG002_NA24385_son/CORNELL_Oxford_Nanopore/oxford_PC_HG02.3attempt_0633_1_ch348_file10_strand.fast5	2543218
data/AshkenazimTrio/HG002_NA24385_son/CORNELL_Oxford_Nanopore/oxford_PC_HG02.3attempt_0633_1_ch348_file1_strand.fast5	2924514
data/AshkenazimTrio/HG002_NA24385_son/CORNELL_Oxford_Nanopore/oxford_PC_HG02.3attempt_0633_1_ch348_file28_strand.fast5	1250753
data/AshkenazimTrio/HG002_NA24385_son/CORNELL_Oxford_Nanopore/oxford_PC_HG02.3attempt_0633_1_ch348_file57_strand.fast5	2566457
data/AshkenazimTrio/HG002_NA24385_son/CORNELL_Oxford_Nanopore/oxford_PC_HG02.3attempt_0633_1_ch348_file5_strand.fast5	1345319
data/AshkenazimTrio/HG002_NA24385_son/CORNELL_Oxford_Nanopore/oxford_PC_HG02.3attempt_0633_1_ch348_file60_strand.fast5	3224793
data/AshkenazimTrio/HG002_NA24385_son/CORNELL_Oxford_Nanopore/oxford_PC_HG02.3attempt_0633_1_ch348_file6_strand.fast5	1461900
data/AshkenazimTrio/HG002_NA24385_son/CORNELL_Oxford_Nanopore/oxford_PC_HG02.3attempt_0633_1_ch349_file125_strand.fast5	1183940
data/AshkenazimTrio/HG002_NA24385_son/CORNELL_Oxford_Nanopore/oxford_PC_HG02.3attempt_0633_1_ch349_file143_strand.fast5	2717258
data/AshkenazimTrio/HG002_NA24385_son/CORNELL_Oxford_Nanopore/oxford_PC_HG02.3attempt_0633_1_ch349_file150_strand.fast5	1915523
data/AshkenazimTrio/HG002_NA24385_son/CORNELL_Oxford_Nanopore/oxford_PC_HG02.3attempt_0633_1_ch34_file113_strand.fast5	1834547
data/AshkenazimTrio/HG002_NA24385_son/CORNELL_Oxford_Nanopore/oxford_PC_HG02.3attempt_0633_1_ch34_file26_strand.fast5	2166533
data/AshkenazimTrio/HG002_NA24385_son/CORNELL_Oxford_Nanopore/oxford_PC_HG02.3attempt_0633_1_ch34_file29_strand.fast5	1439084
data/AshkenazimTrio/HG002_NA24385_son/CORNELL_Oxford_Nanopore/oxford_PC_HG02.3attempt_0633_1_ch34_file30_strand.fast5	2038285
data/AshkenazimTrio/HG002_NA24385_son/CORNELL_Oxford_Nanopore/oxford_PC_HG02.3attempt_0633_1_ch34_file46_strand.fast5	2091640
data/AshkenazimTrio/HG002_NA24385_son/CORNELL_Oxford_Nanopore/oxford_PC_HG02.3attempt_0633_1_ch34_file58_strand.fast5	1524762
data/AshkenazimTrio/HG002_NA24385_son/CORNELL_Oxford_Nanopore/oxford_PC_HG02.3attempt_0633_1_ch34_file79_strand.fast5	1956723
data/AshkenazimTrio/HG002_NA24385_son/CORNELL_Oxford_Nanopore/oxford_PC_HG02.3attempt_0633_1_ch350_file1_strand.fast5	2231933
data/AshkenazimTrio/HG002_NA24385_son/CORNELL_Oxford_Nanopore/oxford_PC_HG02.3attempt_0633_1_ch350_file3_strand.fast5	2541915
data/AshkenazimTrio/HG002_NA24385_son/CORNELL_Oxford_Nanopore/oxford_PC_HG02.3attempt_0633_1_ch350_file4_strand.fast5	2527156
data/AshkenazimTrio/HG002_NA24385_son/CORNELL_Oxford_Nanopore/oxford_PC_HG02.3attempt_0633_1_ch351_file11_strand.fast5	999533
data/AshkenazimTrio/HG002_NA24385_son/CORNELL_Oxford_Nanopore/oxford_PC_HG02.3attempt_0633_1_ch351_file13_strand.fast5	2649299
data/AshkenazimTrio/HG002_NA24385_son/CORNELL_Oxford_Nanopore/oxford_PC_HG02.3attempt_0633_1_ch351_file16_strand.fast5	1829480
data/AshkenazimTrio/HG002_NA24385_son/CORNELL_Oxford_Nanopore/oxford_PC_HG02.3attempt_0633_1_ch351_file23_strand.fast5	585696
data/AshkenazimTrio/HG002_NA24385_son/CORNELL_Oxford_Nanopore/oxford_PC_HG02.3attempt_0633_1_ch351_file26_strand.fast5	2518122
data/AshkenazimTrio/HG002_NA24385_son/CORNELL_Oxford_Nanopore/oxford_PC_HG02.3attempt_0633_1_ch351_file27_strand.fast5	867947
data/AshkenazimTrio/HG002_NA24385_son/CORNELL_Oxford_Nanopore/oxford_PC_HG02.3attempt_0633_1_ch351_file28_strand.fast5	2359448
data/AshkenazimTrio/HG002_NA24385_son/CORNELL_Oxford_Nanopore/oxford_PC_HG02.3attempt_0633_1_ch351_file2_strand.fast5	2848929
data/AshkenazimTrio/HG002_NA24385_son/CORNELL_Oxford_Nanopore/oxford_PC_HG02.3attempt_0633_1_ch351_file39_strand.fast5	1432457
data/AshkenazimTrio/HG002_NA24385_son/CORNELL_Oxford_Nanopore/oxford_PC_HG02.3attempt_0633_1_ch351_file43_strand.fast5	2019593
data/AshkenazimTrio/HG002_NA24385_son/CORNELL_Oxford_Nanopore/oxford_PC_HG02.3attempt_0633_1_ch351_file49_strand.fast5	1514791
data/AshkenazimTrio/HG002_NA24385_son/CORNELL_Oxford_Nanopore/oxford_PC_HG02.3attempt_0633_1_ch351_file51_strand.fast5	890340
data/AshkenazimTrio/HG002_NA24385_son/CORNELL_Oxford_Nanopore/oxford_PC_HG02.3attempt_0633_1_ch351_file6_strand.fast5	890775
data/AshkenazimTrio/HG002_NA24385_son/CORNELL_Oxford_Nanopore/oxford_PC_HG02.3attempt_0633_1_ch352_file11_strand.fast5	2252215
data/AshkenazimTrio/HG002_NA24385_son/CORNELL_Oxford_Nanopore/oxford_PC_HG02.3attempt_0633_1_ch352_file13_strand.fast5	1745851
data/AshkenazimTrio/HG002_NA24385_son/CORNELL_Oxford_Nanopore/oxford_PC_HG02.3attempt_0633_1_ch352_file22_strand.fast5	692484
data/AshkenazimTrio/HG002_NA24385_son/CORNELL_Oxford_Nanopore/oxford_PC_HG02.3attempt_0633_1_ch352_file24_strand.fast5	591609
data/AshkenazimTrio/HG002_NA24385_son/CORNELL_Oxford_Nanopore/oxford_PC_HG02.3attempt_0633_1_ch352_file6_strand.fast5	2350022
data/AshkenazimTrio/HG002_NA24385_son/CORNELL_Oxford_Nanopore/oxford_PC_HG02.3attempt_0633_1_ch352_file8_strand.fast5	459419
data/AshkenazimTrio/HG002_NA24385_son/CORNELL_Oxford_Nanopore/oxford_PC_HG02.3attempt_0633_1_ch354_file10_strand.fast5	2315813
data/AshkenazimTrio/HG002_NA24385_son/CORNELL_Oxford_Nanopore/oxford_PC_HG02.3attempt_0633_1_ch354_file20_strand.fast5	1583408
data/AshkenazimTrio/HG002_NA24385_son/CORNELL_Oxford_Nanopore/oxford_PC_HG02.3attempt_0633_1_ch354_file22_strand.fast5	1135169
data/AshkenazimTrio/HG002_NA24385_son/CORNELL_Oxford_Nanopore/oxford_PC_HG02.3attempt_0633_1_ch354_file23_strand.fast5	644057
data/AshkenazimTrio/HG002_NA24385_son/CORNELL_Oxford_Nanopore/oxford_PC_HG02.3attempt_0633_1_ch354_file38_strand.fast5	1647970
data/AshkenazimTrio/HG002_NA24385_son/CORNELL_Oxford_Nanopore/oxford_PC_HG02.3attempt_0633_1_ch355_file0_strand.fast5	3216689
data/AshkenazimTrio/HG002_NA24385_son/CORNELL_Oxford_Nanopore/oxford_PC_HG02.3attempt_0633_1_ch356_file0_strand.fast5	3312161
data/AshkenazimTrio/HG002_NA24385_son/CORNELL_Oxford_Nanopore/oxford_PC_HG02.3attempt_0633_1_ch356_file104_strand.fast5	2259830
data/AshkenazimTrio/HG002_NA24385_son/CORNELL_Oxford_Nanopore/oxford_PC_HG02.3attempt_0633_1_ch356_file117_strand.fast5	4173636
data/AshkenazimTrio/HG002_NA24385_son/CORNELL_Oxford_Nanopore/oxford_PC_HG02.3attempt_0633_1_ch356_file13_strand.fast5	1696533
data/AshkenazimTrio/HG002_NA24385_son/CORNELL_Oxford_Nanopore/oxford_PC_HG02.3attempt_0633_1_ch356_file14_strand.fast5	2070481
data/AshkenazimTrio/HG002_NA24385_son/CORNELL_Oxford_Nanopore/oxford_PC_HG02.3attempt_0633_1_ch356_file158_strand.fast5	1571003
data/AshkenazimTrio/HG002_NA24385_son/CORNELL_Oxford_Nanopore/oxford_PC_HG02.3attempt_0633_1_ch356_file160_strand.fast5	1691484
data/AshkenazimTrio/HG002_NA24385_son/CORNELL_Oxford_Nanopore/oxford_PC_HG02.3attempt_0633_1_ch356_file172_strand.fast5	3738953
data/AshkenazimTrio/HG002_NA24385_son/CORNELL_Oxford_Nanopore/oxford_PC_HG02.3attempt_0633_1_ch356_file1_strand.fast5	2421090
data/AshkenazimTrio/HG002_NA24385_son/CORNELL_Oxford_Nanopore/oxford_PC_HG02.3attempt_0633_1_ch356_file39_strand.fast5	2485397
data/AshkenazimTrio/HG002_NA24385_son/CORNELL_Oxford_Nanopore/oxford_PC_HG02.3attempt_0633_1_ch356_file3_strand.fast5	3351782
data/AshkenazimTrio/HG002_NA24385_son/CORNELL_Oxford_Nanopore/oxford_PC_HG02.3attempt_0633_1_ch356_file59_strand.fast5	5435183
data/AshkenazimTrio/HG002_NA24385_son/CORNELL_Oxford_Nanopore/oxford_PC_HG02.3attempt_0633_1_ch356_file65_strand.fast5	998691
data/AshkenazimTrio/HG002_NA24385_son/CORNELL_Oxford_Nanopore/oxford_PC_HG02.3attempt_0633_1_ch356_file66_strand.fast5	1771835
data/AshkenazimTrio/HG002_NA24385_son/CORNELL_Oxford_Nanopore/oxford_PC_HG02.3attempt_0633_1_ch356_file89_strand.fast5	3108267
data/AshkenazimTrio/HG002_NA24385_son/CORNELL_Oxford_Nanopore/oxford_PC_HG02.3attempt_0633_1_ch356_file8_strand.fast5	1444027
data/AshkenazimTrio/HG002_NA24385_son/CORNELL_Oxford_Nanopore/oxford_PC_HG02.3attempt_0633_1_ch357_file12_strand.fast5	1436333
data/AshkenazimTrio/HG002_NA24385_son/CORNELL_Oxford_Nanopore/oxford_PC_HG02.3attempt_0633_1_ch357_file14_strand.fast5	2102575
data/AshkenazimTrio/HG002_NA24385_son/CORNELL_Oxford_Nanopore/oxford_PC_HG02.3attempt_0633_1_ch357_file3_strand.fast5	1783755
data/AshkenazimTrio/HG002_NA24385_son/CORNELL_Oxford_Nanopore/oxford_PC_HG02.3attempt_0633_1_ch357_file41_strand.fast5	2147697
data/AshkenazimTrio/HG002_NA24385_son/CORNELL_Oxford_Nanopore/oxford_PC_HG02.3attempt_0633_1_ch357_file44_strand.fast5	2287197
data/AshkenazimTrio/HG002_NA24385_son/CORNELL_Oxford_Nanopore/oxford_PC_HG02.3attempt_0633_1_ch357_file55_strand.fast5	1029189
data/AshkenazimTrio/HG002_NA24385_son/CORNELL_Oxford_Nanopore/oxford_PC_HG02.3attempt_0633_1_ch357_file60_strand.fast5	3313375
data/AshkenazimTrio/HG002_NA24385_son/CORNELL_Oxford_Nanopore/oxford_PC_HG02.3attempt_0633_1_ch357_file63_strand.fast5	2429704
data/AshkenazimTrio/HG002_NA24385_son/CORNELL_Oxford_Nanopore/oxford_PC_HG02.3attempt_0633_1_ch357_file64_strand.fast5	396013
data/AshkenazimTrio/HG002_NA24385_son/CORNELL_Oxford_Nanopore/oxford_PC_HG02.3attempt_0633_1_ch358_file16_strand.fast5	2271112
data/AshkenazimTrio/HG002_NA24385_son/CORNELL_Oxford_Nanopore/oxford_PC_HG02.3attempt_0633_1_ch358_file23_strand.fast5	731595
data/AshkenazimTrio/HG002_NA24385_son/CORNELL_Oxford_Nanopore/oxford_PC_HG02.3attempt_0633_1_ch358_file31_strand.fast5	1500261
data/AshkenazimTrio/HG002_NA24385_son/CORNELL_Oxford_Nanopore/oxford_PC_HG02.3attempt_0633_1_ch358_file4_strand.fast5	1406256
data/AshkenazimTrio/HG002_NA24385_son/CORNELL_Oxford_Nanopore/oxford_PC_HG02.3attempt_0633_1_ch358_file6_strand.fast5	1862768
data/AshkenazimTrio/HG002_NA24385_son/CORNELL_Oxford_Nanopore/oxford_PC_HG02.3attempt_0633_1_ch358_file7_strand.fast5	1699198
data/AshkenazimTrio/HG002_NA24385_son/CORNELL_Oxford_Nanopore/oxford_PC_HG02.3attempt_0633_1_ch35_file47_strand.fast5	3573500
data/AshkenazimTrio/HG002_NA24385_son/CORNELL_Oxford_Nanopore/oxford_PC_HG02.3attempt_0633_1_ch361_file1_strand.fast5	1775295
data/AshkenazimTrio/HG002_NA24385_son/CORNELL_Oxford_Nanopore/oxford_PC_HG02.3attempt_0633_1_ch363_file13_strand.fast5	2928441
data/AshkenazimTrio/HG002_NA24385_son/CORNELL_Oxford_Nanopore/oxford_PC_HG02.3attempt_0633_1_ch363_file15_strand.fast5	1091026
data/AshkenazimTrio/HG002_NA24385_son/CORNELL_Oxford_Nanopore/oxford_PC_HG02.3attempt_0633_1_ch363_file181_strand.fast5	2412477
data/AshkenazimTrio/HG002_NA24385_son/CORNELL_Oxford_Nanopore/oxford_PC_HG02.3attempt_0633_1_ch363_file188_strand.fast5	3556588
data/AshkenazimTrio/HG002_NA24385_son/CORNELL_Oxford_Nanopore/oxford_PC_HG02.3attempt_0633_1_ch363_file204_strand.fast5	4455290
data/AshkenazimTrio/HG002_NA24385_son/CORNELL_Oxford_Nanopore/oxford_PC_HG02.3attempt_0633_1_ch363_file27_strand.fast5	955880
data/AshkenazimTrio/HG002_NA24385_son/CORNELL_Oxford_Nanopore/oxford_PC_HG02.3attempt_0633_1_ch363_file48_strand.fast5	3022906
data/AshkenazimTrio/HG002_NA24385_son/CORNELL_Oxford_Nanopore/oxford_PC_HG02.3attempt_0633_1_ch363_file53_strand.fast5	902198
data/AshkenazimTrio/HG002_NA24385_son/CORNELL_Oxford_Nanopore/oxford_PC_HG02.3attempt_0633_1_ch363_file74_strand.fast5	2634436
data/AshkenazimTrio/HG002_NA24385_son/CORNELL_Oxford_Nanopore/oxford_PC_HG02.3attempt_0633_1_ch363_file79_strand.fast5	1806105
data/AshkenazimTrio/HG002_NA24385_son/CORNELL_Oxford_Nanopore/oxford_PC_HG02.3attempt_0633_1_ch363_file88_strand.fast5	2304789
data/AshkenazimTrio/HG002_NA24385_son/CORNELL_Oxford_Nanopore/oxford_PC_HG02.3attempt_0633_1_ch366_file10_strand.fast5	1997222
data/AshkenazimTrio/HG002_NA24385_son/CORNELL_Oxford_Nanopore/oxford_PC_HG02.3attempt_0633_1_ch366_file11_strand.fast5	877680
data/AshkenazimTrio/HG002_NA24385_son/CORNELL_Oxford_Nanopore/oxford_PC_HG02.3attempt_0633_1_ch366_file15_strand.fast5	1845886
data/AshkenazimTrio/HG002_NA24385_son/CORNELL_Oxford_Nanopore/oxford_PC_HG02.3attempt_0633_1_ch366_file22_strand.fast5	4315392
data/AshkenazimTrio/HG002_NA24385_son/CORNELL_Oxford_Nanopore/oxford_PC_HG02.3attempt_0633_1_ch366_file23_strand.fast5	1587277
data/AshkenazimTrio/HG002_NA24385_son/CORNELL_Oxford_Nanopore/oxford_PC_HG02.3attempt_0633_1_ch366_file9_strand.fast5	2303591
data/AshkenazimTrio/HG002_NA24385_son/CORNELL_Oxford_Nanopore/oxford_PC_HG02.3attempt_0633_1_ch368_file10_strand.fast5	1774774
data/AshkenazimTrio/HG002_NA24385_son/CORNELL_Oxford_Nanopore/oxford_PC_HG02.3attempt_0633_1_ch368_file13_strand.fast5	1748674
data/AshkenazimTrio/HG002_NA24385_son/CORNELL_Oxford_Nanopore/oxford_PC_HG02.3attempt_0633_1_ch368_file34_strand.fast5	1756041
data/AshkenazimTrio/HG002_NA24385_son/CORNELL_Oxford_Nanopore/oxford_PC_HG02.3attempt_0633_1_ch369_file11_strand.fast5	1989410
data/AshkenazimTrio/HG002_NA24385_son/CORNELL_Oxford_Nanopore/oxford_PC_HG02.3attempt_0633_1_ch369_file12_strand.fast5	2379633
data/AshkenazimTrio/HG002_NA24385_son/CORNELL_Oxford_Nanopore/oxford_PC_HG02.3attempt_0633_1_ch369_file34_strand.fast5	2894626
data/AshkenazimTrio/HG002_NA24385_son/CORNELL_Oxford_Nanopore/oxford_PC_HG02.3attempt_0633_1_ch369_file3_strand.fast5	1864547
data/AshkenazimTrio/HG002_NA24385_son/CORNELL_Oxford_Nanopore/oxford_PC_HG02.3attempt_0633_1_ch369_file5_strand.fast5	1765800
data/AshkenazimTrio/HG002_NA24385_son/CORNELL_Oxford_Nanopore/oxford_PC_HG02.3attempt_0633_1_ch369_file7_strand.fast5	1192827
data/AshkenazimTrio/HG002_NA24385_son/CORNELL_Oxford_Nanopore/oxford_PC_HG02.3attempt_0633_1_ch36_file120_strand.fast5	1130000
data/AshkenazimTrio/HG002_NA24385_son/CORNELL_Oxford_Nanopore/oxford_PC_HG02.3attempt_0633_1_ch36_file18_strand.fast5	1262568
data/AshkenazimTrio/HG002_NA24385_son/CORNELL_Oxford_Nanopore/oxford_PC_HG02.3attempt_0633_1_ch36_file32_strand.fast5	2956985
data/AshkenazimTrio/HG002_NA24385_son/CORNELL_Oxford_Nanopore/oxford_PC_HG02.3attempt_0633_1_ch370_file111_strand.fast5	2087884
data/AshkenazimTrio/HG002_NA24385_son/CORNELL_Oxford_Nanopore/oxford_PC_HG02.3attempt_0633_1_ch370_file13_strand.fast5	3195962
data/AshkenazimTrio/HG002_NA24385_son/CORNELL_Oxford_Nanopore/oxford_PC_HG02.3attempt_0633_1_ch370_file42_strand.fast5	1799788
data/AshkenazimTrio/HG002_NA24385_son/CORNELL_Oxford_Nanopore/oxford_PC_HG02.3attempt_0633_1_ch370_file72_strand.fast5	5360243
data/AshkenazimTrio/HG002_NA24385_son/CORNELL_Oxford_Nanopore/oxford_PC_HG02.3attempt_0633_1_ch370_file74_strand.fast5	3992982
data/AshkenazimTrio/HG002_NA24385_son/CORNELL_Oxford_Nanopore/oxford_PC_HG02.3attempt_0633_1_ch370_file77_strand.fast5	3804757
data/AshkenazimTrio/HG002_NA24385_son/CORNELL_Oxford_Nanopore/oxford_PC_HG02.3attempt_0633_1_ch370_file94_strand.fast5	2674784
data/AshkenazimTrio/HG002_NA24385_son/CORNELL_Oxford_Nanopore/oxford_PC_HG02.3attempt_0633_1_ch371_file102_strand.fast5	4451701
data/AshkenazimTrio/HG002_NA24385_son/CORNELL_Oxford_Nanopore/oxford_PC_HG02.3attempt_0633_1_ch371_file110_strand.fast5	1604312
data/AshkenazimTrio/HG002_NA24385_son/CORNELL_Oxford_Nanopore/oxford_PC_HG02.3attempt_0633_1_ch371_file111_strand.fast5	4119066
data/AshkenazimTrio/HG002_NA24385_son/CORNELL_Oxford_Nanopore/oxford_PC_HG02.3attempt_0633_1_ch371_file130_strand.fast5	3416639
data/AshkenazimTrio/HG002_NA24385_son/CORNELL_Oxford_Nanopore/oxford_PC_HG02.3attempt_0633_1_ch371_file136_strand.fast5	2386881
data/AshkenazimTrio/HG002_NA24385_son/CORNELL_Oxford_Nanopore/oxford_PC_HG02.3attempt_0633_1_ch371_file139_strand.fast5	2545735
data/AshkenazimTrio/HG002_NA24385_son/CORNELL_Oxford_Nanopore/oxford_PC_HG02.3attempt_0633_1_ch371_file140_strand.fast5	2330223
data/AshkenazimTrio/HG002_NA24385_son/CORNELL_Oxford_Nanopore/oxford_PC_HG02.3attempt_0633_1_ch371_file181_strand.fast5	3807845
data/AshkenazimTrio/HG002_NA24385_son/CORNELL_Oxford_Nanopore/oxford_PC_HG02.3attempt_0633_1_ch371_file204_strand.fast5	1449503
data/AshkenazimTrio/HG002_NA24385_son/CORNELL_Oxford_Nanopore/oxford_PC_HG02.3attempt_0633_1_ch371_file21_strand.fast5	2505499
data/AshkenazimTrio/HG002_NA24385_son/CORNELL_Oxford_Nanopore/oxford_PC_HG02.3attempt_0633_1_ch371_file228_strand.fast5	1687824
data/AshkenazimTrio/HG002_NA24385_son/CORNELL_Oxford_Nanopore/oxford_PC_HG02.3attempt_0633_1_ch371_file229_strand.fast5	2283299
data/AshkenazimTrio/HG002_NA24385_son/CORNELL_Oxford_Nanopore/oxford_PC_HG02.3attempt_0633_1_ch371_file25_strand.fast5	429331
data/AshkenazimTrio/HG002_NA24385_son/CORNELL_Oxford_Nanopore/oxford_PC_HG02.3attempt_0633_1_ch371_file36_strand.fast5	1882650
data/AshkenazimTrio/HG002_NA24385_son/CORNELL_Oxford_Nanopore/oxford_PC_HG02.3attempt_0633_1_ch371_file49_strand.fast5	2455216
data/AshkenazimTrio/HG002_NA24385_son/CORNELL_Oxford_Nanopore/oxford_PC_HG02.3attempt_0633_1_ch371_file63_strand.fast5	476226
data/AshkenazimTrio/HG002_NA24385_son/CORNELL_Oxford_Nanopore/oxford_PC_HG02.3attempt_0633_1_ch371_file6_strand.fast5	3576648
data/AshkenazimTrio/HG002_NA24385_son/CORNELL_Oxford_Nanopore/oxford_PC_HG02.3attempt_0633_1_ch371_file71_strand.fast5	3201750
data/AshkenazimTrio/HG002_NA24385_son/CORNELL_Oxford_Nanopore/oxford_PC_HG02.3attempt_0633_1_ch371_file99_strand.fast5	1715706
data/AshkenazimTrio/HG002_NA24385_son/CORNELL_Oxford_Nanopore/oxford_PC_HG02.3attempt_0633_1_ch373_file10_strand.fast5	1616344
data/AshkenazimTrio/HG002_NA24385_son/CORNELL_Oxford_Nanopore/oxford_PC_HG02.3attempt_0633_1_ch373_file12_strand.fast5	766736
data/AshkenazimTrio/HG002_NA24385_son/CORNELL_Oxford_Nanopore/oxford_PC_HG02.3attempt_0633_1_ch373_file35_strand.fast5	2904450
data/AshkenazimTrio/HG002_NA24385_son/CORNELL_Oxford_Nanopore/oxford_PC_HG02.3attempt_0633_1_ch373_file49_strand.fast5	860829
data/AshkenazimTrio/HG002_NA24385_son/CORNELL_Oxford_Nanopore/oxford_PC_HG02.3attempt_0633_1_ch373_file57_strand.fast5	2876759
data/AshkenazimTrio/HG002_NA24385_son/CORNELL_Oxford_Nanopore/oxford_PC_HG02.3attempt_0633_1_ch374_file10_strand.fast5	1284246
data/AshkenazimTrio/HG002_NA24385_son/CORNELL_Oxford_Nanopore/oxford_PC_HG02.3attempt_0633_1_ch374_file16_strand.fast5	1055866
data/AshkenazimTrio/HG002_NA24385_son/CORNELL_Oxford_Nanopore/oxford_PC_HG02.3attempt_0633_1_ch374_file17_strand.fast5	2228762
data/AshkenazimTrio/HG002_NA24385_son/CORNELL_Oxford_Nanopore/oxford_PC_HG02.3attempt_0633_1_ch374_file9_strand.fast5	2818394
data/AshkenazimTrio/HG002_NA24385_son/CORNELL_Oxford_Nanopore/oxford_PC_HG02.3attempt_0633_1_ch377_file14_strand.fast5	2685670
data/AshkenazimTrio/HG002_NA24385_son/CORNELL_Oxford_Nanopore/oxford_PC_HG02.3attempt_0633_1_ch377_file1_strand.fast5	1279433
data/AshkenazimTrio/HG002_NA24385_son/CORNELL_Oxford_Nanopore/oxford_PC_HG02.3attempt_0633_1_ch377_file20_strand.fast5	1836797
data/AshkenazimTrio/HG002_NA24385_son/CORNELL_Oxford_Nanopore/oxford_PC_HG02.3attempt_0633_1_ch377_file22_strand.fast5	2209394
data/AshkenazimTrio/HG002_NA24385_son/CORNELL_Oxford_Nanopore/oxford_PC_HG02.3attempt_0633_1_ch377_file25_strand.fast5	2576365
data/AshkenazimTrio/HG002_NA24385_son/CORNELL_Oxford_Nanopore/oxford_PC_HG02.3attempt_0633_1_ch377_file37_strand.fast5	516487
data/AshkenazimTrio/HG002_NA24385_son/CORNELL_Oxford_Nanopore/oxford_PC_HG02.3attempt_0633_1_ch377_file6_strand.fast5	1292152
data/AshkenazimTrio/HG002_NA24385_son/CORNELL_Oxford_Nanopore/oxford_PC_HG02.3attempt_0633_1_ch378_file0_strand.fast5	1192819
data/AshkenazimTrio/HG002_NA24385_son/CORNELL_Oxford_Nanopore/oxford_PC_HG02.3attempt_0633_1_ch378_file15_strand.fast5	751091
data/AshkenazimTrio/HG002_NA24385_son/CORNELL_Oxford_Nanopore/oxford_PC_HG02.3attempt_0633_1_ch378_file161_strand.fast5	2240607
data/AshkenazimTrio/HG002_NA24385_son/CORNELL_Oxford_Nanopore/oxford_PC_HG02.3attempt_0633_1_ch378_file169_strand.fast5	1920853
data/AshkenazimTrio/HG002_NA24385_son/CORNELL_Oxford_Nanopore/oxford_PC_HG02.3attempt_0633_1_ch378_file185_strand.fast5	1560059
data/AshkenazimTrio/HG002_NA24385_son/CORNELL_Oxford_Nanopore/oxford_PC_HG02.3attempt_0633_1_ch378_file1_strand.fast5	1765607
data/AshkenazimTrio/HG002_NA24385_son/CORNELL_Oxford_Nanopore/oxford_PC_HG02.3attempt_0633_1_ch378_file42_strand.fast5	1193576
data/AshkenazimTrio/HG002_NA24385_son/CORNELL_Oxford_Nanopore/oxford_PC_HG02.3attempt_0633_1_ch378_file4_strand.fast5	1642837
data/AshkenazimTrio/HG002_NA24385_son/CORNELL_Oxford_Nanopore/oxford_PC_HG02.3attempt_0633_1_ch378_file74_strand.fast5	2664760
data/AshkenazimTrio/HG002_NA24385_son/CORNELL_Oxford_Nanopore/oxford_PC_HG02.3attempt_0633_1_ch378_file83_strand.fast5	1820179
data/AshkenazimTrio/HG002_NA24385_son/CORNELL_Oxford_Nanopore/oxford_PC_HG02.3attempt_0633_1_ch379_file12_strand.fast5	1071955
data/AshkenazimTrio/HG002_NA24385_son/CORNELL_Oxford_Nanopore/oxford_PC_HG02.3attempt_0633_1_ch379_file14_strand.fast5	1816710
data/AshkenazimTrio/HG002_NA24385_son/CORNELL_Oxford_Nanopore/oxford_PC_HG02.3attempt_0633_1_ch379_file17_strand.fast5	1640535
data/AshkenazimTrio/HG002_NA24385_son/CORNELL_Oxford_Nanopore/oxford_PC_HG02.3attempt_0633_1_ch379_file18_strand.fast5	1597188
data/AshkenazimTrio/HG002_NA24385_son/CORNELL_Oxford_Nanopore/oxford_PC_HG02.3attempt_0633_1_ch379_file19_strand.fast5	2261836
data/AshkenazimTrio/HG002_NA24385_son/CORNELL_Oxford_Nanopore/oxford_PC_HG02.3attempt_0633_1_ch379_file20_strand.fast5	4427711
data/AshkenazimTrio/HG002_NA24385_son/CORNELL_Oxford_Nanopore/oxford_PC_HG02.3attempt_0633_1_ch379_file3_strand.fast5	1467454
data/AshkenazimTrio/HG002_NA24385_son/CORNELL_Oxford_Nanopore/oxford_PC_HG02.3attempt_0633_1_ch379_file4_strand.fast5	1934474
data/AshkenazimTrio/HG002_NA24385_son/CORNELL_Oxford_Nanopore/oxford_PC_HG02.3attempt_0633_1_ch37_file123_strand.fast5	1680701
data/AshkenazimTrio/HG002_NA24385_son/CORNELL_Oxford_Nanopore/oxford_PC_HG02.3attempt_0633_1_ch37_file131_strand.fast5	4145293
data/AshkenazimTrio/HG002_NA24385_son/CORNELL_Oxford_Nanopore/oxford_PC_HG02.3attempt_0633_1_ch37_file16_strand.fast5	2094668
data/AshkenazimTrio/HG002_NA24385_son/CORNELL_Oxford_Nanopore/oxford_PC_HG02.3attempt_0633_1_ch37_file3_strand.fast5	2214126
data/AshkenazimTrio/HG002_NA24385_son/CORNELL_Oxford_Nanopore/oxford_PC_HG02.3attempt_0633_1_ch37_file56_strand.fast5	2110161
data/AshkenazimTrio/HG002_NA24385_son/CORNELL_Oxford_Nanopore/oxford_PC_HG02.3attempt_0633_1_ch37_file67_strand.fast5	2474581
data/AshkenazimTrio/HG002_NA24385_son/CORNELL_Oxford_Nanopore/oxford_PC_HG02.3attempt_0633_1_ch37_file74_strand.fast5	1956321
data/AshkenazimTrio/HG002_NA24385_son/CORNELL_Oxford_Nanopore/oxford_PC_HG02.3attempt_0633_1_ch380_file0_strand.fast5	1391864
data/AshkenazimTrio/HG002_NA24385_son/CORNELL_Oxford_Nanopore/oxford_PC_HG02.3attempt_0633_1_ch380_file7_strand.fast5	1166744
data/AshkenazimTrio/HG002_NA24385_son/CORNELL_Oxford_Nanopore/oxford_PC_HG02.3attempt_0633_1_ch381_file10_strand.fast5	1374824
data/AshkenazimTrio/HG002_NA24385_son/CORNELL_Oxford_Nanopore/oxford_PC_HG02.3attempt_0633_1_ch381_file15_strand.fast5	2504391
data/AshkenazimTrio/HG002_NA24385_son/CORNELL_Oxford_Nanopore/oxford_PC_HG02.3attempt_0633_1_ch381_file20_strand.fast5	2011828
data/AshkenazimTrio/HG002_NA24385_son/CORNELL_Oxford_Nanopore/oxford_PC_HG02.3attempt_0633_1_ch381_file21_strand.fast5	599370
data/AshkenazimTrio/HG002_NA24385_son/CORNELL_Oxford_Nanopore/oxford_PC_HG02.3attempt_0633_1_ch381_file39_strand.fast5	2519686
data/AshkenazimTrio/HG002_NA24385_son/CORNELL_Oxford_Nanopore/oxford_PC_HG02.3attempt_0633_1_ch381_file3_strand.fast5	1191308
data/AshkenazimTrio/HG002_NA24385_son/CORNELL_Oxford_Nanopore/oxford_PC_HG02.3attempt_0633_1_ch381_file45_strand.fast5	2276557
data/AshkenazimTrio/HG002_NA24385_son/CORNELL_Oxford_Nanopore/oxford_PC_HG02.3attempt_0633_1_ch381_file5_strand.fast5	2929342
data/AshkenazimTrio/HG002_NA24385_son/CORNELL_Oxford_Nanopore/oxford_PC_HG02.3attempt_0633_1_ch383_file12_strand.fast5	1163157
data/AshkenazimTrio/HG002_NA24385_son/CORNELL_Oxford_Nanopore/oxford_PC_HG02.3attempt_0633_1_ch383_file17_strand.fast5	2813592
data/AshkenazimTrio/HG002_NA24385_son/CORNELL_Oxford_Nanopore/oxford_PC_HG02.3attempt_0633_1_ch383_file1_strand.fast5	1814011
data/AshkenazimTrio/HG002_NA24385_son/CORNELL_Oxford_Nanopore/oxford_PC_HG02.3attempt_0633_1_ch383_file29_strand.fast5	2337950
data/AshkenazimTrio/HG002_NA24385_son/CORNELL_Oxford_Nanopore/oxford_PC_HG02.3attempt_0633_1_ch383_file35_strand.fast5	3759933
data/AshkenazimTrio/HG002_NA24385_son/CORNELL_Oxford_Nanopore/oxford_PC_HG02.3attempt_0633_1_ch383_file39_strand.fast5	1122138
data/AshkenazimTrio/HG002_NA24385_son/CORNELL_Oxford_Nanopore/oxford_PC_HG02.3attempt_0633_1_ch383_file53_strand.fast5	2658488
data/AshkenazimTrio/HG002_NA24385_son/CORNELL_Oxford_Nanopore/oxford_PC_HG02.3attempt_0633_1_ch383_file6_strand.fast5	1728431
data/AshkenazimTrio/HG002_NA24385_son/CORNELL_Oxford_Nanopore/oxford_PC_HG02.3attempt_0633_1_ch383_file8_strand.fast5	3475460
data/AshkenazimTrio/HG002_NA24385_son/CORNELL_Oxford_Nanopore/oxford_PC_HG02.3attempt_0633_1_ch383_file9_strand.fast5	1389936
data/AshkenazimTrio/HG002_NA24385_son/CORNELL_Oxford_Nanopore/oxford_PC_HG02.3attempt_0633_1_ch385_file10_strand.fast5	829389
data/AshkenazimTrio/HG002_NA24385_son/CORNELL_Oxford_Nanopore/oxford_PC_HG02.3attempt_0633_1_ch385_file16_strand.fast5	2421440
data/AshkenazimTrio/HG002_NA24385_son/CORNELL_Oxford_Nanopore/oxford_PC_HG02.3attempt_0633_1_ch385_file23_strand.fast5	2080294
data/AshkenazimTrio/HG002_NA24385_son/CORNELL_Oxford_Nanopore/oxford_PC_HG02.3attempt_0633_1_ch385_file2_strand.fast5	1443361
data/AshkenazimTrio/HG002_NA24385_son/CORNELL_Oxford_Nanopore/oxford_PC_HG02.3attempt_0633_1_ch385_file37_strand.fast5	647009
data/AshkenazimTrio/HG002_NA24385_son/CORNELL_Oxford_Nanopore/oxford_PC_HG02.3attempt_0633_1_ch385_file45_strand.fast5	1984905
data/AshkenazimTrio/HG002_NA24385_son/CORNELL_Oxford_Nanopore/oxford_PC_HG02.3attempt_0633_1_ch385_file4_strand.fast5	2391620
data/AshkenazimTrio/HG002_NA24385_son/CORNELL_Oxford_Nanopore/oxford_PC_HG02.3attempt_0633_1_ch385_file74_strand.fast5	2422271
data/AshkenazimTrio/HG002_NA24385_son/CORNELL_Oxford_Nanopore/oxford_PC_HG02.3attempt_0633_1_ch385_file84_strand.fast5	1429804
data/AshkenazimTrio/HG002_NA24385_son/CORNELL_Oxford_Nanopore/oxford_PC_HG02.3attempt_0633_1_ch385_file92_strand.fast5	1791599
data/AshkenazimTrio/HG002_NA24385_son/CORNELL_Oxford_Nanopore/oxford_PC_HG02.3attempt_0633_1_ch386_file19_strand.fast5	1304418
data/AshkenazimTrio/HG002_NA24385_son/CORNELL_Oxford_Nanopore/oxford_PC_HG02.3attempt_0633_1_ch386_file62_strand.fast5	2880939
data/AshkenazimTrio/HG002_NA24385_son/CORNELL_Oxford_Nanopore/oxford_PC_HG02.3attempt_0633_1_ch386_file64_strand.fast5	3349067
data/AshkenazimTrio/HG002_NA24385_son/CORNELL_Oxford_Nanopore/oxford_PC_HG02.3attempt_0633_1_ch386_file67_strand.fast5	2220314
data/AshkenazimTrio/HG002_NA24385_son/CORNELL_Oxford_Nanopore/oxford_PC_HG02.3attempt_0633_1_ch387_file11_strand.fast5	1153461
data/AshkenazimTrio/HG002_NA24385_son/CORNELL_Oxford_Nanopore/oxford_PC_HG02.3attempt_0633_1_ch387_file4_strand.fast5	1514572
data/AshkenazimTrio/HG002_NA24385_son/CORNELL_Oxford_Nanopore/oxford_PC_HG02.3attempt_0633_1_ch387_file5_strand.fast5	501358
data/AshkenazimTrio/HG002_NA24385_son/CORNELL_Oxford_Nanopore/oxford_PC_HG02.3attempt_0633_1_ch387_file8_strand.fast5	1972330
data/AshkenazimTrio/HG002_NA24385_son/CORNELL_Oxford_Nanopore/oxford_PC_HG02.3attempt_0633_1_ch387_file9_strand.fast5	395811
data/AshkenazimTrio/HG002_NA24385_son/CORNELL_Oxford_Nanopore/oxford_PC_HG02.3attempt_0633_1_ch388_file0_strand.fast5	2301379
data/AshkenazimTrio/HG002_NA24385_son/CORNELL_Oxford_Nanopore/oxford_PC_HG02.3attempt_0633_1_ch388_file102_strand.fast5	2796681
data/AshkenazimTrio/HG002_NA24385_son/CORNELL_Oxford_Nanopore/oxford_PC_HG02.3attempt_0633_1_ch388_file104_strand.fast5	2263081
data/AshkenazimTrio/HG002_NA24385_son/CORNELL_Oxford_Nanopore/oxford_PC_HG02.3attempt_0633_1_ch388_file122_strand.fast5	987770
data/AshkenazimTrio/HG002_NA24385_son/CORNELL_Oxford_Nanopore/oxford_PC_HG02.3attempt_0633_1_ch388_file128_strand.fast5	2301158
data/AshkenazimTrio/HG002_NA24385_son/CORNELL_Oxford_Nanopore/oxford_PC_HG02.3attempt_0633_1_ch388_file150_strand.fast5	2651774
data/AshkenazimTrio/HG002_NA24385_son/CORNELL_Oxford_Nanopore/oxford_PC_HG02.3attempt_0633_1_ch388_file17_strand.fast5	1386999
data/AshkenazimTrio/HG002_NA24385_son/CORNELL_Oxford_Nanopore/oxford_PC_HG02.3attempt_0633_1_ch388_file28_strand.fast5	1804507
data/AshkenazimTrio/HG002_NA24385_son/CORNELL_Oxford_Nanopore/oxford_PC_HG02.3attempt_0633_1_ch388_file39_strand.fast5	3276376
data/AshkenazimTrio/HG002_NA24385_son/CORNELL_Oxford_Nanopore/oxford_PC_HG02.3attempt_0633_1_ch388_file40_strand.fast5	780593
data/AshkenazimTrio/HG002_NA24385_son/CORNELL_Oxford_Nanopore/oxford_PC_HG02.3attempt_0633_1_ch388_file45_strand.fast5	2844924
data/AshkenazimTrio/HG002_NA24385_son/CORNELL_Oxford_Nanopore/oxford_PC_HG02.3attempt_0633_1_ch388_file47_strand.fast5	1411931
data/AshkenazimTrio/HG002_NA24385_son/CORNELL_Oxford_Nanopore/oxford_PC_HG02.3attempt_0633_1_ch388_file4_strand.fast5	322272
data/AshkenazimTrio/HG002_NA24385_son/CORNELL_Oxford_Nanopore/oxford_PC_HG02.3attempt_0633_1_ch388_file50_strand.fast5	2455598
data/AshkenazimTrio/HG002_NA24385_son/CORNELL_Oxford_Nanopore/oxford_PC_HG02.3attempt_0633_1_ch388_file70_strand.fast5	2233593
data/AshkenazimTrio/HG002_NA24385_son/CORNELL_Oxford_Nanopore/oxford_PC_HG02.3attempt_0633_1_ch388_file8_strand.fast5	3565288
data/AshkenazimTrio/HG002_NA24385_son/CORNELL_Oxford_Nanopore/oxford_PC_HG02.3attempt_0633_1_ch388_file95_strand.fast5	2813555
data/AshkenazimTrio/HG002_NA24385_son/CORNELL_Oxford_Nanopore/oxford_PC_HG02.3attempt_0633_1_ch388_file96_strand.fast5	1466288
data/AshkenazimTrio/HG002_NA24385_son/CORNELL_Oxford_Nanopore/oxford_PC_HG02.3attempt_0633_1_ch388_file97_strand.fast5	2047153
data/AshkenazimTrio/HG002_NA24385_son/CORNELL_Oxford_Nanopore/oxford_PC_HG02.3attempt_0633_1_ch388_file9_strand.fast5	2879340
data/AshkenazimTrio/HG002_NA24385_son/CORNELL_Oxford_Nanopore/oxford_PC_HG02.3attempt_0633_1_ch389_file12_strand.fast5	2977473
data/AshkenazimTrio/HG002_NA24385_son/CORNELL_Oxford_Nanopore/oxford_PC_HG02.3attempt_0633_1_ch389_file2_strand.fast5	810239
data/AshkenazimTrio/HG002_NA24385_son/CORNELL_Oxford_Nanopore/oxford_PC_HG02.3attempt_0633_1_ch389_file5_strand.fast5	1963114
data/AshkenazimTrio/HG002_NA24385_son/CORNELL_Oxford_Nanopore/oxford_PC_HG02.3attempt_0633_1_ch38_file0_strand.fast5	1881522
data/AshkenazimTrio/HG002_NA24385_son/CORNELL_Oxford_Nanopore/oxford_PC_HG02.3attempt_0633_1_ch38_file20_strand.fast5	519344
data/AshkenazimTrio/HG002_NA24385_son/CORNELL_Oxford_Nanopore/oxford_PC_HG02.3attempt_0633_1_ch390_file106_strand.fast5	2381821
data/AshkenazimTrio/HG002_NA24385_son/CORNELL_Oxford_Nanopore/oxford_PC_HG02.3attempt_0633_1_ch390_file108_strand.fast5	6209056
data/AshkenazimTrio/HG002_NA24385_son/CORNELL_Oxford_Nanopore/oxford_PC_HG02.3attempt_0633_1_ch390_file12_strand.fast5	2311869
data/AshkenazimTrio/HG002_NA24385_son/CORNELL_Oxford_Nanopore/oxford_PC_HG02.3attempt_0633_1_ch390_file20_strand.fast5	4139061
data/AshkenazimTrio/HG002_NA24385_son/CORNELL_Oxford_Nanopore/oxford_PC_HG02.3attempt_0633_1_ch390_file48_strand.fast5	1540670
data/AshkenazimTrio/HG002_NA24385_son/CORNELL_Oxford_Nanopore/oxford_PC_HG02.3attempt_0633_1_ch390_file52_strand.fast5	4661195
data/AshkenazimTrio/HG002_NA24385_son/CORNELL_Oxford_Nanopore/oxford_PC_HG02.3attempt_0633_1_ch390_file70_strand.fast5	2340069
data/AshkenazimTrio/HG002_NA24385_son/CORNELL_Oxford_Nanopore/oxford_PC_HG02.3attempt_0633_1_ch390_file78_strand.fast5	1338714
data/AshkenazimTrio/HG002_NA24385_son/CORNELL_Oxford_Nanopore/oxford_PC_HG02.3attempt_0633_1_ch390_file81_strand.fast5	2346332
data/AshkenazimTrio/HG002_NA24385_son/CORNELL_Oxford_Nanopore/oxford_PC_HG02.3attempt_0633_1_ch390_file86_strand.fast5	1988616
data/AshkenazimTrio/HG002_NA24385_son/CORNELL_Oxford_Nanopore/oxford_PC_HG02.3attempt_0633_1_ch391_file100_strand.fast5	681861
data/AshkenazimTrio/HG002_NA24385_son/CORNELL_Oxford_Nanopore/oxford_PC_HG02.3attempt_0633_1_ch391_file10_strand.fast5	1171528
data/AshkenazimTrio/HG002_NA24385_son/CORNELL_Oxford_Nanopore/oxford_PC_HG02.3attempt_0633_1_ch391_file126_strand.fast5	2445978
data/AshkenazimTrio/HG002_NA24385_son/CORNELL_Oxford_Nanopore/oxford_PC_HG02.3attempt_0633_1_ch391_file141_strand.fast5	2305045
data/AshkenazimTrio/HG002_NA24385_son/CORNELL_Oxford_Nanopore/oxford_PC_HG02.3attempt_0633_1_ch391_file14_strand.fast5	1836037
data/AshkenazimTrio/HG002_NA24385_son/CORNELL_Oxford_Nanopore/oxford_PC_HG02.3attempt_0633_1_ch391_file1_strand.fast5	792047
data/AshkenazimTrio/HG002_NA24385_son/CORNELL_Oxford_Nanopore/oxford_PC_HG02.3attempt_0633_1_ch391_file21_strand.fast5	1195343
data/AshkenazimTrio/HG002_NA24385_son/CORNELL_Oxford_Nanopore/oxford_PC_HG02.3attempt_0633_1_ch391_file23_strand.fast5	1869464
data/AshkenazimTrio/HG002_NA24385_son/CORNELL_Oxford_Nanopore/oxford_PC_HG02.3attempt_0633_1_ch391_file43_strand.fast5	1236105
data/AshkenazimTrio/HG002_NA24385_son/CORNELL_Oxford_Nanopore/oxford_PC_HG02.3attempt_0633_1_ch391_file51_strand.fast5	2309530
data/AshkenazimTrio/HG002_NA24385_son/CORNELL_Oxford_Nanopore/oxford_PC_HG02.3attempt_0633_1_ch391_file55_strand.fast5	2523242
data/AshkenazimTrio/HG002_NA24385_son/CORNELL_Oxford_Nanopore/oxford_PC_HG02.3attempt_0633_1_ch391_file7_strand.fast5	2225319
data/AshkenazimTrio/HG002_NA24385_son/CORNELL_Oxford_Nanopore/oxford_PC_HG02.3attempt_0633_1_ch392_file101_strand.fast5	2873172
data/AshkenazimTrio/HG002_NA24385_son/CORNELL_Oxford_Nanopore/oxford_PC_HG02.3attempt_0633_1_ch392_file110_strand.fast5	1130954
data/AshkenazimTrio/HG002_NA24385_son/CORNELL_Oxford_Nanopore/oxford_PC_HG02.3attempt_0633_1_ch392_file18_strand.fast5	637425
data/AshkenazimTrio/HG002_NA24385_son/CORNELL_Oxford_Nanopore/oxford_PC_HG02.3attempt_0633_1_ch392_file1_strand.fast5	2392662
data/AshkenazimTrio/HG002_NA24385_son/CORNELL_Oxford_Nanopore/oxford_PC_HG02.3attempt_0633_1_ch392_file24_strand.fast5	3501512
data/AshkenazimTrio/HG002_NA24385_son/CORNELL_Oxford_Nanopore/oxford_PC_HG02.3attempt_0633_1_ch392_file28_strand.fast5	3826760
data/AshkenazimTrio/HG002_NA24385_son/CORNELL_Oxford_Nanopore/oxford_PC_HG02.3attempt_0633_1_ch392_file2_strand.fast5	1607560
data/AshkenazimTrio/HG002_NA24385_son/CORNELL_Oxford_Nanopore/oxford_PC_HG02.3attempt_0633_1_ch392_file33_strand.fast5	2826494
data/AshkenazimTrio/HG002_NA24385_son/CORNELL_Oxford_Nanopore/oxford_PC_HG02.3attempt_0633_1_ch392_file43_strand.fast5	2359593
data/AshkenazimTrio/HG002_NA24385_son/CORNELL_Oxford_Nanopore/oxford_PC_HG02.3attempt_0633_1_ch392_file48_strand.fast5	2662035
data/AshkenazimTrio/HG002_NA24385_son/CORNELL_Oxford_Nanopore/oxford_PC_HG02.3attempt_0633_1_ch392_file4_strand.fast5	1648898
data/AshkenazimTrio/HG002_NA24385_son/CORNELL_Oxford_Nanopore/oxford_PC_HG02.3attempt_0633_1_ch392_file67_strand.fast5	2540981
data/AshkenazimTrio/HG002_NA24385_son/CORNELL_Oxford_Nanopore/oxford_PC_HG02.3attempt_0633_1_ch392_file6_strand.fast5	979583
data/AshkenazimTrio/HG002_NA24385_son/CORNELL_Oxford_Nanopore/oxford_PC_HG02.3attempt_0633_1_ch392_file7_strand.fast5	1404394
data/AshkenazimTrio/HG002_NA24385_son/CORNELL_Oxford_Nanopore/oxford_PC_HG02.3attempt_0633_1_ch396_file23_strand.fast5	1038576
data/AshkenazimTrio/HG002_NA24385_son/CORNELL_Oxford_Nanopore/oxford_PC_HG02.3attempt_0633_1_ch396_file9_strand.fast5	1466231
data/AshkenazimTrio/HG002_NA24385_son/CORNELL_Oxford_Nanopore/oxford_PC_HG02.3attempt_0633_1_ch397_file15_strand.fast5	2340574
data/AshkenazimTrio/HG002_NA24385_son/CORNELL_Oxford_Nanopore/oxford_PC_HG02.3attempt_0633_1_ch397_file16_strand.fast5	1275780
data/AshkenazimTrio/HG002_NA24385_son/CORNELL_Oxford_Nanopore/oxford_PC_HG02.3attempt_0633_1_ch397_file30_strand.fast5	718183
data/AshkenazimTrio/HG002_NA24385_son/CORNELL_Oxford_Nanopore/oxford_PC_HG02.3attempt_0633_1_ch397_file31_strand.fast5	2428314
data/AshkenazimTrio/HG002_NA24385_son/CORNELL_Oxford_Nanopore/oxford_PC_HG02.3attempt_0633_1_ch397_file37_strand.fast5	1179861
data/AshkenazimTrio/HG002_NA24385_son/CORNELL_Oxford_Nanopore/oxford_PC_HG02.3attempt_0633_1_ch397_file4_strand.fast5	3165003
data/AshkenazimTrio/HG002_NA24385_son/CORNELL_Oxford_Nanopore/oxford_PC_HG02.3attempt_0633_1_ch397_file50_strand.fast5	594070
data/AshkenazimTrio/HG002_NA24385_son/CORNELL_Oxford_Nanopore/oxford_PC_HG02.3attempt_0633_1_ch397_file52_strand.fast5	2377697
data/AshkenazimTrio/HG002_NA24385_son/CORNELL_Oxford_Nanopore/oxford_PC_HG02.3attempt_0633_1_ch398_file115_strand.fast5	2409444
data/AshkenazimTrio/HG002_NA24385_son/CORNELL_Oxford_Nanopore/oxford_PC_HG02.3attempt_0633_1_ch398_file120_strand.fast5	1627304
data/AshkenazimTrio/HG002_NA24385_son/CORNELL_Oxford_Nanopore/oxford_PC_HG02.3attempt_0633_1_ch398_file28_strand.fast5	3523254
data/AshkenazimTrio/HG002_NA24385_son/CORNELL_Oxford_Nanopore/oxford_PC_HG02.3attempt_0633_1_ch398_file29_strand.fast5	556603
data/AshkenazimTrio/HG002_NA24385_son/CORNELL_Oxford_Nanopore/oxford_PC_HG02.3attempt_0633_1_ch398_file32_strand.fast5	2382852
data/AshkenazimTrio/HG002_NA24385_son/CORNELL_Oxford_Nanopore/oxford_PC_HG02.3attempt_0633_1_ch398_file3_strand.fast5	2319176
data/AshkenazimTrio/HG002_NA24385_son/CORNELL_Oxford_Nanopore/oxford_PC_HG02.3attempt_0633_1_ch398_file41_strand.fast5	2943033
data/AshkenazimTrio/HG002_NA24385_son/CORNELL_Oxford_Nanopore/oxford_PC_HG02.3attempt_0633_1_ch398_file54_strand.fast5	1591107
data/AshkenazimTrio/HG002_NA24385_son/CORNELL_Oxford_Nanopore/oxford_PC_HG02.3attempt_0633_1_ch398_file73_strand.fast5	989812
data/AshkenazimTrio/HG002_NA24385_son/CORNELL_Oxford_Nanopore/oxford_PC_HG02.3attempt_0633_1_ch398_file7_strand.fast5	2239022
data/AshkenazimTrio/HG002_NA24385_son/CORNELL_Oxford_Nanopore/oxford_PC_HG02.3attempt_0633_1_ch398_file86_strand.fast5	2371496
data/AshkenazimTrio/HG002_NA24385_son/CORNELL_Oxford_Nanopore/oxford_PC_HG02.3attempt_0633_1_ch398_file8_strand.fast5	2771949
data/AshkenazimTrio/HG002_NA24385_son/CORNELL_Oxford_Nanopore/oxford_PC_HG02.3attempt_0633_1_ch399_file30_strand.fast5	2150074
data/AshkenazimTrio/HG002_NA24385_son/CORNELL_Oxford_Nanopore/oxford_PC_HG02.3attempt_0633_1_ch399_file44_strand.fast5	2237772
data/AshkenazimTrio/HG002_NA24385_son/CORNELL_Oxford_Nanopore/oxford_PC_HG02.3attempt_0633_1_ch39_file15_strand.fast5	2206832
data/AshkenazimTrio/HG002_NA24385_son/CORNELL_Oxford_Nanopore/oxford_PC_HG02.3attempt_0633_1_ch39_file4_strand.fast5	1974162
data/AshkenazimTrio/HG002_NA24385_son/CORNELL_Oxford_Nanopore/oxford_PC_HG02.3attempt_0633_1_ch39_file60_strand.fast5	1381431
data/AshkenazimTrio/HG002_NA24385_son/CORNELL_Oxford_Nanopore/oxford_PC_HG02.3attempt_0633_1_ch39_file69_strand.fast5	3385997
data/AshkenazimTrio/HG002_NA24385_son/CORNELL_Oxford_Nanopore/oxford_PC_HG02.3attempt_0633_1_ch39_file8_strand.fast5	2616898
data/AshkenazimTrio/HG002_NA24385_son/CORNELL_Oxford_Nanopore/oxford_PC_HG02.3attempt_0633_1_ch39_file9_strand.fast5	1999078
data/AshkenazimTrio/HG002_NA24385_son/CORNELL_Oxford_Nanopore/oxford_PC_HG02.3attempt_0633_1_ch3_file10_strand.fast5	1656206
data/AshkenazimTrio/HG002_NA24385_son/CORNELL_Oxford_Nanopore/oxford_PC_HG02.3attempt_0633_1_ch3_file111_strand.fast5	1499090
data/AshkenazimTrio/HG002_NA24385_son/CORNELL_Oxford_Nanopore/oxford_PC_HG02.3attempt_0633_1_ch3_file114_strand.fast5	1482744
data/AshkenazimTrio/HG002_NA24385_son/CORNELL_Oxford_Nanopore/oxford_PC_HG02.3attempt_0633_1_ch3_file118_strand.fast5	2711303
data/AshkenazimTrio/HG002_NA24385_son/CORNELL_Oxford_Nanopore/oxford_PC_HG02.3attempt_0633_1_ch3_file155_strand.fast5	2173698
data/AshkenazimTrio/HG002_NA24385_son/CORNELL_Oxford_Nanopore/oxford_PC_HG02.3attempt_0633_1_ch3_file180_strand.fast5	1600872
data/AshkenazimTrio/HG002_NA24385_son/CORNELL_Oxford_Nanopore/oxford_PC_HG02.3attempt_0633_1_ch3_file18_strand.fast5	1317214
data/AshkenazimTrio/HG002_NA24385_son/CORNELL_Oxford_Nanopore/oxford_PC_HG02.3attempt_0633_1_ch3_file206_strand.fast5	1468240
data/AshkenazimTrio/HG002_NA24385_son/CORNELL_Oxford_Nanopore/oxford_PC_HG02.3attempt_0633_1_ch3_file25_strand.fast5	2886277
data/AshkenazimTrio/HG002_NA24385_son/CORNELL_Oxford_Nanopore/oxford_PC_HG02.3attempt_0633_1_ch3_file43_strand.fast5	2316272
data/AshkenazimTrio/HG002_NA24385_son/CORNELL_Oxford_Nanopore/oxford_PC_HG02.3attempt_0633_1_ch3_file6_strand.fast5	2070782
data/AshkenazimTrio/HG002_NA24385_son/CORNELL_Oxford_Nanopore/oxford_PC_HG02.3attempt_0633_1_ch3_file87_strand.fast5	2675039
data/AshkenazimTrio/HG002_NA24385_son/CORNELL_Oxford_Nanopore/oxford_PC_HG02.3attempt_0633_1_ch400_file109_strand.fast5	2383808
data/AshkenazimTrio/HG002_NA24385_son/CORNELL_Oxford_Nanopore/oxford_PC_HG02.3attempt_0633_1_ch400_file125_strand.fast5	526751
data/AshkenazimTrio/HG002_NA24385_son/CORNELL_Oxford_Nanopore/oxford_PC_HG02.3attempt_0633_1_ch400_file12_strand.fast5	2096601
data/AshkenazimTrio/HG002_NA24385_son/CORNELL_Oxford_Nanopore/oxford_PC_HG02.3attempt_0633_1_ch400_file130_strand.fast5	1940759
data/AshkenazimTrio/HG002_NA24385_son/CORNELL_Oxford_Nanopore/oxford_PC_HG02.3attempt_0633_1_ch400_file132_strand.fast5	1879353
data/AshkenazimTrio/HG002_NA24385_son/CORNELL_Oxford_Nanopore/oxford_PC_HG02.3attempt_0633_1_ch400_file139_strand.fast5	2699342
data/AshkenazimTrio/HG002_NA24385_son/CORNELL_Oxford_Nanopore/oxford_PC_HG02.3attempt_0633_1_ch400_file151_strand.fast5	1077864
data/AshkenazimTrio/HG002_NA24385_son/CORNELL_Oxford_Nanopore/oxford_PC_HG02.3attempt_0633_1_ch400_file154_strand.fast5	536563
data/AshkenazimTrio/HG002_NA24385_son/CORNELL_Oxford_Nanopore/oxford_PC_HG02.3attempt_0633_1_ch400_file23_strand.fast5	1618227
data/AshkenazimTrio/HG002_NA24385_son/CORNELL_Oxford_Nanopore/oxford_PC_HG02.3attempt_0633_1_ch400_file27_strand.fast5	1308217
data/AshkenazimTrio/HG002_NA24385_son/CORNELL_Oxford_Nanopore/oxford_PC_HG02.3attempt_0633_1_ch400_file2_strand.fast5	3356441
data/AshkenazimTrio/HG002_NA24385_son/CORNELL_Oxford_Nanopore/oxford_PC_HG02.3attempt_0633_1_ch400_file32_strand.fast5	2004933
data/AshkenazimTrio/HG002_NA24385_son/CORNELL_Oxford_Nanopore/oxford_PC_HG02.3attempt_0633_1_ch400_file37_strand.fast5	724518
data/AshkenazimTrio/HG002_NA24385_son/CORNELL_Oxford_Nanopore/oxford_PC_HG02.3attempt_0633_1_ch400_file38_strand.fast5	1705240
data/AshkenazimTrio/HG002_NA24385_son/CORNELL_Oxford_Nanopore/oxford_PC_HG02.3attempt_0633_1_ch400_file45_strand.fast5	1460670
data/AshkenazimTrio/HG002_NA24385_son/CORNELL_Oxford_Nanopore/oxford_PC_HG02.3attempt_0633_1_ch400_file55_strand.fast5	1050970
data/AshkenazimTrio/HG002_NA24385_son/CORNELL_Oxford_Nanopore/oxford_PC_HG02.3attempt_0633_1_ch400_file91_strand.fast5	791479
data/AshkenazimTrio/HG002_NA24385_son/CORNELL_Oxford_Nanopore/oxford_PC_HG02.3attempt_0633_1_ch401_file102_strand.fast5	716291
data/AshkenazimTrio/HG002_NA24385_son/CORNELL_Oxford_Nanopore/oxford_PC_HG02.3attempt_0633_1_ch401_file106_strand.fast5	2523736
data/AshkenazimTrio/HG002_NA24385_son/CORNELL_Oxford_Nanopore/oxford_PC_HG02.3attempt_0633_1_ch401_file166_strand.fast5	3201821
data/AshkenazimTrio/HG002_NA24385_son/CORNELL_Oxford_Nanopore/oxford_PC_HG02.3attempt_0633_1_ch401_file20_strand.fast5	3035905
data/AshkenazimTrio/HG002_NA24385_son/CORNELL_Oxford_Nanopore/oxford_PC_HG02.3attempt_0633_1_ch401_file24_strand.fast5	1195796
data/AshkenazimTrio/HG002_NA24385_son/CORNELL_Oxford_Nanopore/oxford_PC_HG02.3attempt_0633_1_ch401_file5_strand.fast5	2839296
data/AshkenazimTrio/HG002_NA24385_son/CORNELL_Oxford_Nanopore/oxford_PC_HG02.3attempt_0633_1_ch401_file73_strand.fast5	2052912
data/AshkenazimTrio/HG002_NA24385_son/CORNELL_Oxford_Nanopore/oxford_PC_HG02.3attempt_0633_1_ch402_file224_strand.fast5	808535
data/AshkenazimTrio/HG002_NA24385_son/CORNELL_Oxford_Nanopore/oxford_PC_HG02.3attempt_0633_1_ch402_file241_strand.fast5	869174
data/AshkenazimTrio/HG002_NA24385_son/CORNELL_Oxford_Nanopore/oxford_PC_HG02.3attempt_0633_1_ch403_file24_strand.fast5	821154
data/AshkenazimTrio/HG002_NA24385_son/CORNELL_Oxford_Nanopore/oxford_PC_HG02.3attempt_0633_1_ch403_file36_strand.fast5	3623428
data/AshkenazimTrio/HG002_NA24385_son/CORNELL_Oxford_Nanopore/oxford_PC_HG02.3attempt_0633_1_ch403_file7_strand.fast5	1435194
data/AshkenazimTrio/HG002_NA24385_son/CORNELL_Oxford_Nanopore/oxford_PC_HG02.3attempt_0633_1_ch404_file10_strand.fast5	2447340
data/AshkenazimTrio/HG002_NA24385_son/CORNELL_Oxford_Nanopore/oxford_PC_HG02.3attempt_0633_1_ch404_file117_strand.fast5	2641127
data/AshkenazimTrio/HG002_NA24385_son/CORNELL_Oxford_Nanopore/oxford_PC_HG02.3attempt_0633_1_ch404_file123_strand.fast5	2689327
data/AshkenazimTrio/HG002_NA24385_son/CORNELL_Oxford_Nanopore/oxford_PC_HG02.3attempt_0633_1_ch404_file145_strand.fast5	1272442
data/AshkenazimTrio/HG002_NA24385_son/CORNELL_Oxford_Nanopore/oxford_PC_HG02.3attempt_0633_1_ch404_file152_strand.fast5	3450471
data/AshkenazimTrio/HG002_NA24385_son/CORNELL_Oxford_Nanopore/oxford_PC_HG02.3attempt_0633_1_ch404_file166_strand.fast5	1241065
data/AshkenazimTrio/HG002_NA24385_son/CORNELL_Oxford_Nanopore/oxford_PC_HG02.3attempt_0633_1_ch404_file173_strand.fast5	2748917
data/AshkenazimTrio/HG002_NA24385_son/CORNELL_Oxford_Nanopore/oxford_PC_HG02.3attempt_0633_1_ch404_file17_strand.fast5	1060640
data/AshkenazimTrio/HG002_NA24385_son/CORNELL_Oxford_Nanopore/oxford_PC_HG02.3attempt_0633_1_ch404_file20_strand.fast5	354759
data/AshkenazimTrio/HG002_NA24385_son/CORNELL_Oxford_Nanopore/oxford_PC_HG02.3attempt_0633_1_ch404_file25_strand.fast5	2666275
data/AshkenazimTrio/HG002_NA24385_son/CORNELL_Oxford_Nanopore/oxford_PC_HG02.3attempt_0633_1_ch404_file26_strand.fast5	2351623
data/AshkenazimTrio/HG002_NA24385_son/CORNELL_Oxford_Nanopore/oxford_PC_HG02.3attempt_0633_1_ch404_file2_strand.fast5	1745604
data/AshkenazimTrio/HG002_NA24385_son/CORNELL_Oxford_Nanopore/oxford_PC_HG02.3attempt_0633_1_ch404_file40_strand.fast5	1648977
data/AshkenazimTrio/HG002_NA24385_son/CORNELL_Oxford_Nanopore/oxford_PC_HG02.3attempt_0633_1_ch404_file51_strand.fast5	2523105
data/AshkenazimTrio/HG002_NA24385_son/CORNELL_Oxford_Nanopore/oxford_PC_HG02.3attempt_0633_1_ch404_file53_strand.fast5	1943982
data/AshkenazimTrio/HG002_NA24385_son/CORNELL_Oxford_Nanopore/oxford_PC_HG02.3attempt_0633_1_ch404_file74_strand.fast5	1096478
data/AshkenazimTrio/HG002_NA24385_son/CORNELL_Oxford_Nanopore/oxford_PC_HG02.3attempt_0633_1_ch404_file79_strand.fast5	1639739
data/AshkenazimTrio/HG002_NA24385_son/CORNELL_Oxford_Nanopore/oxford_PC_HG02.3attempt_0633_1_ch404_file7_strand.fast5	1532231
data/AshkenazimTrio/HG002_NA24385_son/CORNELL_Oxford_Nanopore/oxford_PC_HG02.3attempt_0633_1_ch404_file85_strand.fast5	3130173
data/AshkenazimTrio/HG002_NA24385_son/CORNELL_Oxford_Nanopore/oxford_PC_HG02.3attempt_0633_1_ch405_file119_strand.fast5	3070102
data/AshkenazimTrio/HG002_NA24385_son/CORNELL_Oxford_Nanopore/oxford_PC_HG02.3attempt_0633_1_ch405_file129_strand.fast5	2328462
data/AshkenazimTrio/HG002_NA24385_son/CORNELL_Oxford_Nanopore/oxford_PC_HG02.3attempt_0633_1_ch405_file14_strand.fast5	3498964
data/AshkenazimTrio/HG002_NA24385_son/CORNELL_Oxford_Nanopore/oxford_PC_HG02.3attempt_0633_1_ch405_file1_strand.fast5	1777682
data/AshkenazimTrio/HG002_NA24385_son/CORNELL_Oxford_Nanopore/oxford_PC_HG02.3attempt_0633_1_ch406_file0_strand.fast5	2491932
data/AshkenazimTrio/HG002_NA24385_son/CORNELL_Oxford_Nanopore/oxford_PC_HG02.3attempt_0633_1_ch406_file16_strand.fast5	1373647
data/AshkenazimTrio/HG002_NA24385_son/CORNELL_Oxford_Nanopore/oxford_PC_HG02.3attempt_0633_1_ch406_file20_strand.fast5	442469
data/AshkenazimTrio/HG002_NA24385_son/CORNELL_Oxford_Nanopore/oxford_PC_HG02.3attempt_0633_1_ch406_file26_strand.fast5	2952053
data/AshkenazimTrio/HG002_NA24385_son/CORNELL_Oxford_Nanopore/oxford_PC_HG02.3attempt_0633_1_ch406_file28_strand.fast5	1535647
data/AshkenazimTrio/HG002_NA24385_son/CORNELL_Oxford_Nanopore/oxford_PC_HG02.3attempt_0633_1_ch406_file33_strand.fast5	1539926
data/AshkenazimTrio/HG002_NA24385_son/CORNELL_Oxford_Nanopore/oxford_PC_HG02.3attempt_0633_1_ch406_file47_strand.fast5	926656
data/AshkenazimTrio/HG002_NA24385_son/CORNELL_Oxford_Nanopore/oxford_PC_HG02.3attempt_0633_1_ch406_file4_strand.fast5	3332602
data/AshkenazimTrio/HG002_NA24385_son/CORNELL_Oxford_Nanopore/oxford_PC_HG02.3attempt_0633_1_ch406_file51_strand.fast5	3191141
data/AshkenazimTrio/HG002_NA24385_son/CORNELL_Oxford_Nanopore/oxford_PC_HG02.3attempt_0633_1_ch406_file53_strand.fast5	790392
data/AshkenazimTrio/HG002_NA24385_son/CORNELL_Oxford_Nanopore/oxford_PC_HG02.3attempt_0633_1_ch407_file13_strand.fast5	1831355
data/AshkenazimTrio/HG002_NA24385_son/CORNELL_Oxford_Nanopore/oxford_PC_HG02.3attempt_0633_1_ch407_file16_strand.fast5	2381587
data/AshkenazimTrio/HG002_NA24385_son/CORNELL_Oxford_Nanopore/oxford_PC_HG02.3attempt_0633_1_ch407_file22_strand.fast5	2572185
data/AshkenazimTrio/HG002_NA24385_son/CORNELL_Oxford_Nanopore/oxford_PC_HG02.3attempt_0633_1_ch407_file24_strand.fast5	2296741
data/AshkenazimTrio/HG002_NA24385_son/CORNELL_Oxford_Nanopore/oxford_PC_HG02.3attempt_0633_1_ch407_file25_strand.fast5	1974632
data/AshkenazimTrio/HG002_NA24385_son/CORNELL_Oxford_Nanopore/oxford_PC_HG02.3attempt_0633_1_ch407_file29_strand.fast5	2212709
data/AshkenazimTrio/HG002_NA24385_son/CORNELL_Oxford_Nanopore/oxford_PC_HG02.3attempt_0633_1_ch407_file2_strand.fast5	923280
data/AshkenazimTrio/HG002_NA24385_son/CORNELL_Oxford_Nanopore/oxford_PC_HG02.3attempt_0633_1_ch407_file3_strand.fast5	3126072
data/AshkenazimTrio/HG002_NA24385_son/CORNELL_Oxford_Nanopore/oxford_PC_HG02.3attempt_0633_1_ch407_file40_strand.fast5	1634436
data/AshkenazimTrio/HG002_NA24385_son/CORNELL_Oxford_Nanopore/oxford_PC_HG02.3attempt_0633_1_ch407_file53_strand.fast5	453942
data/AshkenazimTrio/HG002_NA24385_son/CORNELL_Oxford_Nanopore/oxford_PC_HG02.3attempt_0633_1_ch407_file56_strand.fast5	3600374
data/AshkenazimTrio/HG002_NA24385_son/CORNELL_Oxford_Nanopore/oxford_PC_HG02.3attempt_0633_1_ch407_file57_strand.fast5	783272
data/AshkenazimTrio/HG002_NA24385_son/CORNELL_Oxford_Nanopore/oxford_PC_HG02.3attempt_0633_1_ch407_file5_strand.fast5	1101459
data/AshkenazimTrio/HG002_NA24385_son/CORNELL_Oxford_Nanopore/oxford_PC_HG02.3attempt_0633_1_ch407_file82_strand.fast5	1564789
data/AshkenazimTrio/HG002_NA24385_son/CORNELL_Oxford_Nanopore/oxford_PC_HG02.3attempt_0633_1_ch407_file9_strand.fast5	1786074
data/AshkenazimTrio/HG002_NA24385_son/CORNELL_Oxford_Nanopore/oxford_PC_HG02.3attempt_0633_1_ch408_file17_strand.fast5	1789188
data/AshkenazimTrio/HG002_NA24385_son/CORNELL_Oxford_Nanopore/oxford_PC_HG02.3attempt_0633_1_ch408_file19_strand.fast5	524476
data/AshkenazimTrio/HG002_NA24385_son/CORNELL_Oxford_Nanopore/oxford_PC_HG02.3attempt_0633_1_ch408_file36_strand.fast5	2887809
data/AshkenazimTrio/HG002_NA24385_son/CORNELL_Oxford_Nanopore/oxford_PC_HG02.3attempt_0633_1_ch408_file47_strand.fast5	2071359
data/AshkenazimTrio/HG002_NA24385_son/CORNELL_Oxford_Nanopore/oxford_PC_HG02.3attempt_0633_1_ch409_file53_strand.fast5	1253418
data/AshkenazimTrio/HG002_NA24385_son/CORNELL_Oxford_Nanopore/oxford_PC_HG02.3attempt_0633_1_ch409_file55_strand.fast5	1321915
data/AshkenazimTrio/HG002_NA24385_son/CORNELL_Oxford_Nanopore/oxford_PC_HG02.3attempt_0633_1_ch409_file58_strand.fast5	1737160
data/AshkenazimTrio/HG002_NA24385_son/CORNELL_Oxford_Nanopore/oxford_PC_HG02.3attempt_0633_1_ch409_file67_strand.fast5	2860325
data/AshkenazimTrio/HG002_NA24385_son/CORNELL_Oxford_Nanopore/oxford_PC_HG02.3attempt_0633_1_ch410_file15_strand.fast5	2288423
data/AshkenazimTrio/HG002_NA24385_son/CORNELL_Oxford_Nanopore/oxford_PC_HG02.3attempt_0633_1_ch410_file18_strand.fast5	2397563
data/AshkenazimTrio/HG002_NA24385_son/CORNELL_Oxford_Nanopore/oxford_PC_HG02.3attempt_0633_1_ch410_file25_strand.fast5	1594446
data/AshkenazimTrio/HG002_NA24385_son/CORNELL_Oxford_Nanopore/oxford_PC_HG02.3attempt_0633_1_ch412_file26_strand.fast5	3940109
data/AshkenazimTrio/HG002_NA24385_son/CORNELL_Oxford_Nanopore/oxford_PC_HG02.3attempt_0633_1_ch412_file36_strand.fast5	1120480
data/AshkenazimTrio/HG002_NA24385_son/CORNELL_Oxford_Nanopore/oxford_PC_HG02.3attempt_0633_1_ch412_file37_strand.fast5	2156715
data/AshkenazimTrio/HG002_NA24385_son/CORNELL_Oxford_Nanopore/oxford_PC_HG02.3attempt_0633_1_ch412_file39_strand.fast5	1421605
data/AshkenazimTrio/HG002_NA24385_son/CORNELL_Oxford_Nanopore/oxford_PC_HG02.3attempt_0633_1_ch412_file5_strand.fast5	1694916
data/AshkenazimTrio/HG002_NA24385_son/CORNELL_Oxford_Nanopore/oxford_PC_HG02.3attempt_0633_1_ch412_file75_strand.fast5	2018645
data/AshkenazimTrio/HG002_NA24385_son/CORNELL_Oxford_Nanopore/oxford_PC_HG02.3attempt_0633_1_ch413_file10_strand.fast5	2096080
data/AshkenazimTrio/HG002_NA24385_son/CORNELL_Oxford_Nanopore/oxford_PC_HG02.3attempt_0633_1_ch413_file1_strand.fast5	2374010
data/AshkenazimTrio/HG002_NA24385_son/CORNELL_Oxford_Nanopore/oxford_PC_HG02.3attempt_0633_1_ch413_file26_strand.fast5	1861587
data/AshkenazimTrio/HG002_NA24385_son/CORNELL_Oxford_Nanopore/oxford_PC_HG02.3attempt_0633_1_ch413_file43_strand.fast5	1447297
data/AshkenazimTrio/HG002_NA24385_son/CORNELL_Oxford_Nanopore/oxford_PC_HG02.3attempt_0633_1_ch413_file50_strand.fast5	3026794
data/AshkenazimTrio/HG002_NA24385_son/CORNELL_Oxford_Nanopore/oxford_PC_HG02.3attempt_0633_1_ch413_file54_strand.fast5	1339149
data/AshkenazimTrio/HG002_NA24385_son/CORNELL_Oxford_Nanopore/oxford_PC_HG02.3attempt_0633_1_ch413_file70_strand.fast5	1014642
data/AshkenazimTrio/HG002_NA24385_son/CORNELL_Oxford_Nanopore/oxford_PC_HG02.3attempt_0633_1_ch413_file7_strand.fast5	2870475
data/AshkenazimTrio/HG002_NA24385_son/CORNELL_Oxford_Nanopore/oxford_PC_HG02.3attempt_0633_1_ch413_file9_strand.fast5	1870748
data/AshkenazimTrio/HG002_NA24385_son/CORNELL_Oxford_Nanopore/oxford_PC_HG02.3attempt_0633_1_ch414_file28_strand.fast5	1309621
data/AshkenazimTrio/HG002_NA24385_son/CORNELL_Oxford_Nanopore/oxford_PC_HG02.3attempt_0633_1_ch414_file3_strand.fast5	1373140
data/AshkenazimTrio/HG002_NA24385_son/CORNELL_Oxford_Nanopore/oxford_PC_HG02.3attempt_0633_1_ch414_file4_strand.fast5	2036773
data/AshkenazimTrio/HG002_NA24385_son/CORNELL_Oxford_Nanopore/oxford_PC_HG02.3attempt_0633_1_ch415_file20_strand.fast5	2446045
data/AshkenazimTrio/HG002_NA24385_son/CORNELL_Oxford_Nanopore/oxford_PC_HG02.3attempt_0633_1_ch415_file22_strand.fast5	2048305
data/AshkenazimTrio/HG002_NA24385_son/CORNELL_Oxford_Nanopore/oxford_PC_HG02.3attempt_0633_1_ch416_file10_strand.fast5	1540336
data/AshkenazimTrio/HG002_NA24385_son/CORNELL_Oxford_Nanopore/oxford_PC_HG02.3attempt_0633_1_ch416_file12_strand.fast5	2795649
data/AshkenazimTrio/HG002_NA24385_son/CORNELL_Oxford_Nanopore/oxford_PC_HG02.3attempt_0633_1_ch416_file13_strand.fast5	1295969
data/AshkenazimTrio/HG002_NA24385_son/CORNELL_Oxford_Nanopore/oxford_PC_HG02.3attempt_0633_1_ch416_file34_strand.fast5	3462637
data/AshkenazimTrio/HG002_NA24385_son/CORNELL_Oxford_Nanopore/oxford_PC_HG02.3attempt_0633_1_ch416_file3_strand.fast5	2665671
data/AshkenazimTrio/HG002_NA24385_son/CORNELL_Oxford_Nanopore/oxford_PC_HG02.3attempt_0633_1_ch416_file42_strand.fast5	2313787
data/AshkenazimTrio/HG002_NA24385_son/CORNELL_Oxford_Nanopore/oxford_PC_HG02.3attempt_0633_1_ch416_file8_strand.fast5	2651756
data/AshkenazimTrio/HG002_NA24385_son/CORNELL_Oxford_Nanopore/oxford_PC_HG02.3attempt_0633_1_ch418_file5_strand.fast5	2184793
data/AshkenazimTrio/HG002_NA24385_son/CORNELL_Oxford_Nanopore/oxford_PC_HG02.3attempt_0633_1_ch420_file111_strand.fast5	2256876
data/AshkenazimTrio/HG002_NA24385_son/CORNELL_Oxford_Nanopore/oxford_PC_HG02.3attempt_0633_1_ch420_file120_strand.fast5	1380579
data/AshkenazimTrio/HG002_NA24385_son/CORNELL_Oxford_Nanopore/oxford_PC_HG02.3attempt_0633_1_ch420_file23_strand.fast5	1891380
data/AshkenazimTrio/HG002_NA24385_son/CORNELL_Oxford_Nanopore/oxford_PC_HG02.3attempt_0633_1_ch420_file27_strand.fast5	3303311
data/AshkenazimTrio/HG002_NA24385_son/CORNELL_Oxford_Nanopore/oxford_PC_HG02.3attempt_0633_1_ch420_file46_strand.fast5	3253494
data/AshkenazimTrio/HG002_NA24385_son/CORNELL_Oxford_Nanopore/oxford_PC_HG02.3attempt_0633_1_ch420_file59_strand.fast5	2388272
data/AshkenazimTrio/HG002_NA24385_son/CORNELL_Oxford_Nanopore/oxford_PC_HG02.3attempt_0633_1_ch420_file73_strand.fast5	1094902
data/AshkenazimTrio/HG002_NA24385_son/CORNELL_Oxford_Nanopore/oxford_PC_HG02.3attempt_0633_1_ch420_file95_strand.fast5	2446904
data/AshkenazimTrio/HG002_NA24385_son/CORNELL_Oxford_Nanopore/oxford_PC_HG02.3attempt_0633_1_ch424_file21_strand.fast5	2747399
data/AshkenazimTrio/HG002_NA24385_son/CORNELL_Oxford_Nanopore/oxford_PC_HG02.3attempt_0633_1_ch424_file6_strand.fast5	3803113
data/AshkenazimTrio/HG002_NA24385_son/CORNELL_Oxford_Nanopore/oxford_PC_HG02.3attempt_0633_1_ch425_file31_strand.fast5	1288000
data/AshkenazimTrio/HG002_NA24385_son/CORNELL_Oxford_Nanopore/oxford_PC_HG02.3attempt_0633_1_ch425_file44_strand.fast5	1638043
data/AshkenazimTrio/HG002_NA24385_son/CORNELL_Oxford_Nanopore/oxford_PC_HG02.3attempt_0633_1_ch425_file46_strand.fast5	2740420
data/AshkenazimTrio/HG002_NA24385_son/CORNELL_Oxford_Nanopore/oxford_PC_HG02.3attempt_0633_1_ch425_file4_strand.fast5	411541
data/AshkenazimTrio/HG002_NA24385_son/CORNELL_Oxford_Nanopore/oxford_PC_HG02.3attempt_0633_1_ch425_file59_strand.fast5	1092347
data/AshkenazimTrio/HG002_NA24385_son/CORNELL_Oxford_Nanopore/oxford_PC_HG02.3attempt_0633_1_ch425_file63_strand.fast5	643618
data/AshkenazimTrio/HG002_NA24385_son/CORNELL_Oxford_Nanopore/oxford_PC_HG02.3attempt_0633_1_ch425_file67_strand.fast5	3281226
data/AshkenazimTrio/HG002_NA24385_son/CORNELL_Oxford_Nanopore/oxford_PC_HG02.3attempt_0633_1_ch427_file100_strand.fast5	2450708
data/AshkenazimTrio/HG002_NA24385_son/CORNELL_Oxford_Nanopore/oxford_PC_HG02.3attempt_0633_1_ch427_file120_strand.fast5	2278739
data/AshkenazimTrio/HG002_NA24385_son/CORNELL_Oxford_Nanopore/oxford_PC_HG02.3attempt_0633_1_ch427_file13_strand.fast5	2716726
data/AshkenazimTrio/HG002_NA24385_son/CORNELL_Oxford_Nanopore/oxford_PC_HG02.3attempt_0633_1_ch427_file36_strand.fast5	1232762
data/AshkenazimTrio/HG002_NA24385_son/CORNELL_Oxford_Nanopore/oxford_PC_HG02.3attempt_0633_1_ch427_file59_strand.fast5	3383221
data/AshkenazimTrio/HG002_NA24385_son/CORNELL_Oxford_Nanopore/oxford_PC_HG02.3attempt_0633_1_ch427_file62_strand.fast5	1537095
data/AshkenazimTrio/HG002_NA24385_son/CORNELL_Oxford_Nanopore/oxford_PC_HG02.3attempt_0633_1_ch427_file76_strand.fast5	2404404
data/AshkenazimTrio/HG002_NA24385_son/CORNELL_Oxford_Nanopore/oxford_PC_HG02.3attempt_0633_1_ch427_file83_strand.fast5	2011791
data/AshkenazimTrio/HG002_NA24385_son/CORNELL_Oxford_Nanopore/oxford_PC_HG02.3attempt_0633_1_ch427_file92_strand.fast5	2925527
data/AshkenazimTrio/HG002_NA24385_son/CORNELL_Oxford_Nanopore/oxford_PC_HG02.3attempt_0633_1_ch428_file10_strand.fast5	1197148
data/AshkenazimTrio/HG002_NA24385_son/CORNELL_Oxford_Nanopore/oxford_PC_HG02.3attempt_0633_1_ch428_file11_strand.fast5	1801696
data/AshkenazimTrio/HG002_NA24385_son/CORNELL_Oxford_Nanopore/oxford_PC_HG02.3attempt_0633_1_ch428_file15_strand.fast5	1696273
data/AshkenazimTrio/HG002_NA24385_son/CORNELL_Oxford_Nanopore/oxford_PC_HG02.3attempt_0633_1_ch428_file19_strand.fast5	2986516
data/AshkenazimTrio/HG002_NA24385_son/CORNELL_Oxford_Nanopore/oxford_PC_HG02.3attempt_0633_1_ch428_file58_strand.fast5	3400137
data/AshkenazimTrio/HG002_NA24385_son/CORNELL_Oxford_Nanopore/oxford_PC_HG02.3attempt_0633_1_ch428_file5_strand.fast5	3174140
data/AshkenazimTrio/HG002_NA24385_son/CORNELL_Oxford_Nanopore/oxford_PC_HG02.3attempt_0633_1_ch428_file9_strand.fast5	3393627
data/AshkenazimTrio/HG002_NA24385_son/CORNELL_Oxford_Nanopore/oxford_PC_HG02.3attempt_0633_1_ch429_file169_strand.fast5	1332022
data/AshkenazimTrio/HG002_NA24385_son/CORNELL_Oxford_Nanopore/oxford_PC_HG02.3attempt_0633_1_ch429_file20_strand.fast5	2929137
data/AshkenazimTrio/HG002_NA24385_son/CORNELL_Oxford_Nanopore/oxford_PC_HG02.3attempt_0633_1_ch429_file3_strand.fast5	1959192
data/AshkenazimTrio/HG002_NA24385_son/CORNELL_Oxford_Nanopore/oxford_PC_HG02.3attempt_0633_1_ch429_file43_strand.fast5	3141015
data/AshkenazimTrio/HG002_NA24385_son/CORNELL_Oxford_Nanopore/oxford_PC_HG02.3attempt_0633_1_ch429_file61_strand.fast5	736847
data/AshkenazimTrio/HG002_NA24385_son/CORNELL_Oxford_Nanopore/oxford_PC_HG02.3attempt_0633_1_ch429_file6_strand.fast5	3739934
data/AshkenazimTrio/HG002_NA24385_son/CORNELL_Oxford_Nanopore/oxford_PC_HG02.3attempt_0633_1_ch429_file7_strand.fast5	2272668
data/AshkenazimTrio/HG002_NA24385_son/CORNELL_Oxford_Nanopore/oxford_PC_HG02.3attempt_0633_1_ch429_file8_strand.fast5	1479825
data/AshkenazimTrio/HG002_NA24385_son/CORNELL_Oxford_Nanopore/oxford_PC_HG02.3attempt_0633_1_ch429_file98_strand.fast5	1992339
data/AshkenazimTrio/HG002_NA24385_son/CORNELL_Oxford_Nanopore/oxford_PC_HG02.3attempt_0633_1_ch42_file10_strand.fast5	2557187
data/AshkenazimTrio/HG002_NA24385_son/CORNELL_Oxford_Nanopore/oxford_PC_HG02.3attempt_0633_1_ch42_file4_strand.fast5	2184384
data/AshkenazimTrio/HG002_NA24385_son/CORNELL_Oxford_Nanopore/oxford_PC_HG02.3attempt_0633_1_ch430_file113_strand.fast5	3354833
data/AshkenazimTrio/HG002_NA24385_son/CORNELL_Oxford_Nanopore/oxford_PC_HG02.3attempt_0633_1_ch430_file13_strand.fast5	1687140
data/AshkenazimTrio/HG002_NA24385_son/CORNELL_Oxford_Nanopore/oxford_PC_HG02.3attempt_0633_1_ch430_file15_strand.fast5	2002508
data/AshkenazimTrio/HG002_NA24385_son/CORNELL_Oxford_Nanopore/oxford_PC_HG02.3attempt_0633_1_ch430_file20_strand.fast5	1200621
data/AshkenazimTrio/HG002_NA24385_son/CORNELL_Oxford_Nanopore/oxford_PC_HG02.3attempt_0633_1_ch430_file37_strand.fast5	1874428
data/AshkenazimTrio/HG002_NA24385_son/CORNELL_Oxford_Nanopore/oxford_PC_HG02.3attempt_0633_1_ch430_file5_strand.fast5	1428577
data/AshkenazimTrio/HG002_NA24385_son/CORNELL_Oxford_Nanopore/oxford_PC_HG02.3attempt_0633_1_ch430_file89_strand.fast5	2149075
data/AshkenazimTrio/HG002_NA24385_son/CORNELL_Oxford_Nanopore/oxford_PC_HG02.3attempt_0633_1_ch430_file8_strand.fast5	1774894
data/AshkenazimTrio/HG002_NA24385_son/CORNELL_Oxford_Nanopore/oxford_PC_HG02.3attempt_0633_1_ch434_file16_strand.fast5	1385398
data/AshkenazimTrio/HG002_NA24385_son/CORNELL_Oxford_Nanopore/oxford_PC_HG02.3attempt_0633_1_ch434_file42_strand.fast5	3275508
data/AshkenazimTrio/HG002_NA24385_son/CORNELL_Oxford_Nanopore/oxford_PC_HG02.3attempt_0633_1_ch434_file52_strand.fast5	1692505
data/AshkenazimTrio/HG002_NA24385_son/CORNELL_Oxford_Nanopore/oxford_PC_HG02.3attempt_0633_1_ch434_file5_strand.fast5	2699049
data/AshkenazimTrio/HG002_NA24385_son/CORNELL_Oxford_Nanopore/oxford_PC_HG02.3attempt_0633_1_ch434_file6_strand.fast5	2751236
data/AshkenazimTrio/HG002_NA24385_son/CORNELL_Oxford_Nanopore/oxford_PC_HG02.3attempt_0633_1_ch434_file73_strand.fast5	2676632
data/AshkenazimTrio/HG002_NA24385_son/CORNELL_Oxford_Nanopore/oxford_PC_HG02.3attempt_0633_1_ch434_file74_strand.fast5	3219926
data/AshkenazimTrio/HG002_NA24385_son/CORNELL_Oxford_Nanopore/oxford_PC_HG02.3attempt_0633_1_ch435_file16_strand.fast5	1548634
data/AshkenazimTrio/HG002_NA24385_son/CORNELL_Oxford_Nanopore/oxford_PC_HG02.3attempt_0633_1_ch435_file2_strand.fast5	2598923
data/AshkenazimTrio/HG002_NA24385_son/CORNELL_Oxford_Nanopore/oxford_PC_HG02.3attempt_0633_1_ch436_file4_strand.fast5	2575988
data/AshkenazimTrio/HG002_NA24385_son/CORNELL_Oxford_Nanopore/oxford_PC_HG02.3attempt_0633_1_ch436_file5_strand.fast5	1242211
data/AshkenazimTrio/HG002_NA24385_son/CORNELL_Oxford_Nanopore/oxford_PC_HG02.3attempt_0633_1_ch437_file42_strand.fast5	2635856
data/AshkenazimTrio/HG002_NA24385_son/CORNELL_Oxford_Nanopore/oxford_PC_HG02.3attempt_0633_1_ch437_file46_strand.fast5	2416556
data/AshkenazimTrio/HG002_NA24385_son/CORNELL_Oxford_Nanopore/oxford_PC_HG02.3attempt_0633_1_ch437_file50_strand.fast5	3668595
data/AshkenazimTrio/HG002_NA24385_son/CORNELL_Oxford_Nanopore/oxford_PC_HG02.3attempt_0633_1_ch438_file16_strand.fast5	2463225
data/AshkenazimTrio/HG002_NA24385_son/CORNELL_Oxford_Nanopore/oxford_PC_HG02.3attempt_0633_1_ch438_file18_strand.fast5	1906976
data/AshkenazimTrio/HG002_NA24385_son/CORNELL_Oxford_Nanopore/oxford_PC_HG02.3attempt_0633_1_ch438_file3_strand.fast5	1982960
data/AshkenazimTrio/HG002_NA24385_son/CORNELL_Oxford_Nanopore/oxford_PC_HG02.3attempt_0633_1_ch438_file6_strand.fast5	1471346
data/AshkenazimTrio/HG002_NA24385_son/CORNELL_Oxford_Nanopore/oxford_PC_HG02.3attempt_0633_1_ch439_file100_strand.fast5	3298107
data/AshkenazimTrio/HG002_NA24385_son/CORNELL_Oxford_Nanopore/oxford_PC_HG02.3attempt_0633_1_ch439_file10_strand.fast5	836151
data/AshkenazimTrio/HG002_NA24385_son/CORNELL_Oxford_Nanopore/oxford_PC_HG02.3attempt_0633_1_ch439_file133_strand.fast5	2019819
data/AshkenazimTrio/HG002_NA24385_son/CORNELL_Oxford_Nanopore/oxford_PC_HG02.3attempt_0633_1_ch439_file16_strand.fast5	605099
data/AshkenazimTrio/HG002_NA24385_son/CORNELL_Oxford_Nanopore/oxford_PC_HG02.3attempt_0633_1_ch439_file22_strand.fast5	1978388
data/AshkenazimTrio/HG002_NA24385_son/CORNELL_Oxford_Nanopore/oxford_PC_HG02.3attempt_0633_1_ch439_file2_strand.fast5	3525196
data/AshkenazimTrio/HG002_NA24385_son/CORNELL_Oxford_Nanopore/oxford_PC_HG02.3attempt_0633_1_ch439_file30_strand.fast5	2773226
data/AshkenazimTrio/HG002_NA24385_son/CORNELL_Oxford_Nanopore/oxford_PC_HG02.3attempt_0633_1_ch439_file76_strand.fast5	5259068
data/AshkenazimTrio/HG002_NA24385_son/CORNELL_Oxford_Nanopore/oxford_PC_HG02.3attempt_0633_1_ch43_file12_strand.fast5	1545261
data/AshkenazimTrio/HG002_NA24385_son/CORNELL_Oxford_Nanopore/oxford_PC_HG02.3attempt_0633_1_ch43_file14_strand.fast5	2160070
data/AshkenazimTrio/HG002_NA24385_son/CORNELL_Oxford_Nanopore/oxford_PC_HG02.3attempt_0633_1_ch43_file17_strand.fast5	3287186
data/AshkenazimTrio/HG002_NA24385_son/CORNELL_Oxford_Nanopore/oxford_PC_HG02.3attempt_0633_1_ch43_file183_strand.fast5	3004533
data/AshkenazimTrio/HG002_NA24385_son/CORNELL_Oxford_Nanopore/oxford_PC_HG02.3attempt_0633_1_ch43_file1_strand.fast5	722077
data/AshkenazimTrio/HG002_NA24385_son/CORNELL_Oxford_Nanopore/oxford_PC_HG02.3attempt_0633_1_ch43_file205_strand.fast5	3201400
data/AshkenazimTrio/HG002_NA24385_son/CORNELL_Oxford_Nanopore/oxford_PC_HG02.3attempt_0633_1_ch43_file20_strand.fast5	1434533
data/AshkenazimTrio/HG002_NA24385_son/CORNELL_Oxford_Nanopore/oxford_PC_HG02.3attempt_0633_1_ch43_file49_strand.fast5	625919
data/AshkenazimTrio/HG002_NA24385_son/CORNELL_Oxford_Nanopore/oxford_PC_HG02.3attempt_0633_1_ch43_file4_strand.fast5	539587
data/AshkenazimTrio/HG002_NA24385_son/CORNELL_Oxford_Nanopore/oxford_PC_HG02.3attempt_0633_1_ch43_file50_strand.fast5	2693217
data/AshkenazimTrio/HG002_NA24385_son/CORNELL_Oxford_Nanopore/oxford_PC_HG02.3attempt_0633_1_ch43_file51_strand.fast5	1527722
data/AshkenazimTrio/HG002_NA24385_son/CORNELL_Oxford_Nanopore/oxford_PC_HG02.3attempt_0633_1_ch43_file9_strand.fast5	2650627
data/AshkenazimTrio/HG002_NA24385_son/CORNELL_Oxford_Nanopore/oxford_PC_HG02.3attempt_0633_1_ch440_file11_strand.fast5	2773653
data/AshkenazimTrio/HG002_NA24385_son/CORNELL_Oxford_Nanopore/oxford_PC_HG02.3attempt_0633_1_ch440_file12_strand.fast5	1607843
data/AshkenazimTrio/HG002_NA24385_son/CORNELL_Oxford_Nanopore/oxford_PC_HG02.3attempt_0633_1_ch440_file14_strand.fast5	2183362
data/AshkenazimTrio/HG002_NA24385_son/CORNELL_Oxford_Nanopore/oxford_PC_HG02.3attempt_0633_1_ch440_file19_strand.fast5	2201798
data/AshkenazimTrio/HG002_NA24385_son/CORNELL_Oxford_Nanopore/oxford_PC_HG02.3attempt_0633_1_ch440_file21_strand.fast5	1788901
data/AshkenazimTrio/HG002_NA24385_son/CORNELL_Oxford_Nanopore/oxford_PC_HG02.3attempt_0633_1_ch440_file38_strand.fast5	1885328
data/AshkenazimTrio/HG002_NA24385_son/CORNELL_Oxford_Nanopore/oxford_PC_HG02.3attempt_0633_1_ch440_file4_strand.fast5	1857463
data/AshkenazimTrio/HG002_NA24385_son/CORNELL_Oxford_Nanopore/oxford_PC_HG02.3attempt_0633_1_ch440_file63_strand.fast5	1372995
data/AshkenazimTrio/HG002_NA24385_son/CORNELL_Oxford_Nanopore/oxford_PC_HG02.3attempt_0633_1_ch440_file9_strand.fast5	2109739
data/AshkenazimTrio/HG002_NA24385_son/CORNELL_Oxford_Nanopore/oxford_PC_HG02.3attempt_0633_1_ch442_file0_strand.fast5	3588842
data/AshkenazimTrio/HG002_NA24385_son/CORNELL_Oxford_Nanopore/oxford_PC_HG02.3attempt_0633_1_ch442_file118_strand.fast5	3340273
data/AshkenazimTrio/HG002_NA24385_son/CORNELL_Oxford_Nanopore/oxford_PC_HG02.3attempt_0633_1_ch442_file27_strand.fast5	1829926
data/AshkenazimTrio/HG002_NA24385_son/CORNELL_Oxford_Nanopore/oxford_PC_HG02.3attempt_0633_1_ch442_file3_strand.fast5	2145868
data/AshkenazimTrio/HG002_NA24385_son/CORNELL_Oxford_Nanopore/oxford_PC_HG02.3attempt_0633_1_ch442_file40_strand.fast5	2138309
data/AshkenazimTrio/HG002_NA24385_son/CORNELL_Oxford_Nanopore/oxford_PC_HG02.3attempt_0633_1_ch442_file44_strand.fast5	2700935
data/AshkenazimTrio/HG002_NA24385_son/CORNELL_Oxford_Nanopore/oxford_PC_HG02.3attempt_0633_1_ch442_file51_strand.fast5	599451
data/AshkenazimTrio/HG002_NA24385_son/CORNELL_Oxford_Nanopore/oxford_PC_HG02.3attempt_0633_1_ch442_file58_strand.fast5	4481004
data/AshkenazimTrio/HG002_NA24385_son/CORNELL_Oxford_Nanopore/oxford_PC_HG02.3attempt_0633_1_ch442_file63_strand.fast5	2226062
data/AshkenazimTrio/HG002_NA24385_son/CORNELL_Oxford_Nanopore/oxford_PC_HG02.3attempt_0633_1_ch442_file88_strand.fast5	2164009
data/AshkenazimTrio/HG002_NA24385_son/CORNELL_Oxford_Nanopore/oxford_PC_HG02.3attempt_0633_1_ch443_file71_strand.fast5	3147819
data/AshkenazimTrio/HG002_NA24385_son/CORNELL_Oxford_Nanopore/oxford_PC_HG02.3attempt_0633_1_ch445_file112_strand.fast5	1285793
data/AshkenazimTrio/HG002_NA24385_son/CORNELL_Oxford_Nanopore/oxford_PC_HG02.3attempt_0633_1_ch445_file120_strand.fast5	2432711
data/AshkenazimTrio/HG002_NA24385_son/CORNELL_Oxford_Nanopore/oxford_PC_HG02.3attempt_0633_1_ch445_file15_strand.fast5	2246337
data/AshkenazimTrio/HG002_NA24385_son/CORNELL_Oxford_Nanopore/oxford_PC_HG02.3attempt_0633_1_ch445_file16_strand.fast5	2399659
data/AshkenazimTrio/HG002_NA24385_son/CORNELL_Oxford_Nanopore/oxford_PC_HG02.3attempt_0633_1_ch445_file19_strand.fast5	3850673
data/AshkenazimTrio/HG002_NA24385_son/CORNELL_Oxford_Nanopore/oxford_PC_HG02.3attempt_0633_1_ch445_file20_strand.fast5	1686032
data/AshkenazimTrio/HG002_NA24385_son/CORNELL_Oxford_Nanopore/oxford_PC_HG02.3attempt_0633_1_ch445_file36_strand.fast5	842489
data/AshkenazimTrio/HG002_NA24385_son/CORNELL_Oxford_Nanopore/oxford_PC_HG02.3attempt_0633_1_ch445_file8_strand.fast5	1930957
data/AshkenazimTrio/HG002_NA24385_son/CORNELL_Oxford_Nanopore/oxford_PC_HG02.3attempt_0633_1_ch446_file10_strand.fast5	2623856
data/AshkenazimTrio/HG002_NA24385_son/CORNELL_Oxford_Nanopore/oxford_PC_HG02.3attempt_0633_1_ch446_file12_strand.fast5	2251441
data/AshkenazimTrio/HG002_NA24385_son/CORNELL_Oxford_Nanopore/oxford_PC_HG02.3attempt_0633_1_ch446_file21_strand.fast5	1035312
data/AshkenazimTrio/HG002_NA24385_son/CORNELL_Oxford_Nanopore/oxford_PC_HG02.3attempt_0633_1_ch449_file1_strand.fast5	1665468
data/AshkenazimTrio/HG002_NA24385_son/CORNELL_Oxford_Nanopore/oxford_PC_HG02.3attempt_0633_1_ch449_file31_strand.fast5	1610214
data/AshkenazimTrio/HG002_NA24385_son/CORNELL_Oxford_Nanopore/oxford_PC_HG02.3attempt_0633_1_ch449_file32_strand.fast5	1864850
data/AshkenazimTrio/HG002_NA24385_son/CORNELL_Oxford_Nanopore/oxford_PC_HG02.3attempt_0633_1_ch449_file34_strand.fast5	2224777
data/AshkenazimTrio/HG002_NA24385_son/CORNELL_Oxford_Nanopore/oxford_PC_HG02.3attempt_0633_1_ch449_file3_strand.fast5	932547
data/AshkenazimTrio/HG002_NA24385_son/CORNELL_Oxford_Nanopore/oxford_PC_HG02.3attempt_0633_1_ch449_file43_strand.fast5	1783469
data/AshkenazimTrio/HG002_NA24385_son/CORNELL_Oxford_Nanopore/oxford_PC_HG02.3attempt_0633_1_ch449_file44_strand.fast5	1524098
data/AshkenazimTrio/HG002_NA24385_son/CORNELL_Oxford_Nanopore/oxford_PC_HG02.3attempt_0633_1_ch449_file50_strand.fast5	535876
data/AshkenazimTrio/HG002_NA24385_son/CORNELL_Oxford_Nanopore/oxford_PC_HG02.3attempt_0633_1_ch449_file54_strand.fast5	1232815
data/AshkenazimTrio/HG002_NA24385_son/CORNELL_Oxford_Nanopore/oxford_PC_HG02.3attempt_0633_1_ch449_file65_strand.fast5	1292912
data/AshkenazimTrio/HG002_NA24385_son/CORNELL_Oxford_Nanopore/oxford_PC_HG02.3attempt_0633_1_ch449_file66_strand.fast5	3532112
data/AshkenazimTrio/HG002_NA24385_son/CORNELL_Oxford_Nanopore/oxford_PC_HG02.3attempt_0633_1_ch449_file67_strand.fast5	2580059
data/AshkenazimTrio/HG002_NA24385_son/CORNELL_Oxford_Nanopore/oxford_PC_HG02.3attempt_0633_1_ch449_file77_strand.fast5	421353
data/AshkenazimTrio/HG002_NA24385_son/CORNELL_Oxford_Nanopore/oxford_PC_HG02.3attempt_0633_1_ch44_file0_strand.fast5	2353212
data/AshkenazimTrio/HG002_NA24385_son/CORNELL_Oxford_Nanopore/oxford_PC_HG02.3attempt_0633_1_ch44_file10_strand.fast5	2579737
data/AshkenazimTrio/HG002_NA24385_son/CORNELL_Oxford_Nanopore/oxford_PC_HG02.3attempt_0633_1_ch44_file6_strand.fast5	1258385
data/AshkenazimTrio/HG002_NA24385_son/CORNELL_Oxford_Nanopore/oxford_PC_HG02.3attempt_0633_1_ch44_file82_strand.fast5	3636259
data/AshkenazimTrio/HG002_NA24385_son/CORNELL_Oxford_Nanopore/oxford_PC_HG02.3attempt_0633_1_ch450_file2_strand.fast5	971375
data/AshkenazimTrio/HG002_NA24385_son/CORNELL_Oxford_Nanopore/oxford_PC_HG02.3attempt_0633_1_ch450_file41_strand.fast5	1365477
data/AshkenazimTrio/HG002_NA24385_son/CORNELL_Oxford_Nanopore/oxford_PC_HG02.3attempt_0633_1_ch450_file42_strand.fast5	1930820
data/AshkenazimTrio/HG002_NA24385_son/CORNELL_Oxford_Nanopore/oxford_PC_HG02.3attempt_0633_1_ch450_file54_strand.fast5	2262893
data/AshkenazimTrio/HG002_NA24385_son/CORNELL_Oxford_Nanopore/oxford_PC_HG02.3attempt_0633_1_ch450_file5_strand.fast5	2397018
data/AshkenazimTrio/HG002_NA24385_son/CORNELL_Oxford_Nanopore/oxford_PC_HG02.3attempt_0633_1_ch451_file121_strand.fast5	1439959
data/AshkenazimTrio/HG002_NA24385_son/CORNELL_Oxford_Nanopore/oxford_PC_HG02.3attempt_0633_1_ch451_file22_strand.fast5	1257293
data/AshkenazimTrio/HG002_NA24385_son/CORNELL_Oxford_Nanopore/oxford_PC_HG02.3attempt_0633_1_ch452_file1_strand.fast5	1380953
data/AshkenazimTrio/HG002_NA24385_son/CORNELL_Oxford_Nanopore/oxford_PC_HG02.3attempt_0633_1_ch452_file38_strand.fast5	2090855
data/AshkenazimTrio/HG002_NA24385_son/CORNELL_Oxford_Nanopore/oxford_PC_HG02.3attempt_0633_1_ch452_file54_strand.fast5	4240083
data/AshkenazimTrio/HG002_NA24385_son/CORNELL_Oxford_Nanopore/oxford_PC_HG02.3attempt_0633_1_ch452_file55_strand.fast5	1933457
data/AshkenazimTrio/HG002_NA24385_son/CORNELL_Oxford_Nanopore/oxford_PC_HG02.3attempt_0633_1_ch452_file5_strand.fast5	2368441
data/AshkenazimTrio/HG002_NA24385_son/CORNELL_Oxford_Nanopore/oxford_PC_HG02.3attempt_0633_1_ch452_file6_strand.fast5	2975845
data/AshkenazimTrio/HG002_NA24385_son/CORNELL_Oxford_Nanopore/oxford_PC_HG02.3attempt_0633_1_ch452_file9_strand.fast5	1306666
data/AshkenazimTrio/HG002_NA24385_son/CORNELL_Oxford_Nanopore/oxford_PC_HG02.3attempt_0633_1_ch453_file100_strand.fast5	2501820
data/AshkenazimTrio/HG002_NA24385_son/CORNELL_Oxford_Nanopore/oxford_PC_HG02.3attempt_0633_1_ch453_file105_strand.fast5	2358698
data/AshkenazimTrio/HG002_NA24385_son/CORNELL_Oxford_Nanopore/oxford_PC_HG02.3attempt_0633_1_ch454_file35_strand.fast5	791649
data/AshkenazimTrio/HG002_NA24385_son/CORNELL_Oxford_Nanopore/oxford_PC_HG02.3attempt_0633_1_ch454_file38_strand.fast5	2686417
data/AshkenazimTrio/HG002_NA24385_son/CORNELL_Oxford_Nanopore/oxford_PC_HG02.3attempt_0633_1_ch454_file67_strand.fast5	3361657
data/AshkenazimTrio/HG002_NA24385_son/CORNELL_Oxford_Nanopore/oxford_PC_HG02.3attempt_0633_1_ch454_file8_strand.fast5	2031436
data/AshkenazimTrio/HG002_NA24385_son/CORNELL_Oxford_Nanopore/oxford_PC_HG02.3attempt_0633_1_ch454_file9_strand.fast5	2005964
data/AshkenazimTrio/HG002_NA24385_son/CORNELL_Oxford_Nanopore/oxford_PC_HG02.3attempt_0633_1_ch456_file22_strand.fast5	4632918
data/AshkenazimTrio/HG002_NA24385_son/CORNELL_Oxford_Nanopore/oxford_PC_HG02.3attempt_0633_1_ch456_file26_strand.fast5	3012828
data/AshkenazimTrio/HG002_NA24385_son/CORNELL_Oxford_Nanopore/oxford_PC_HG02.3attempt_0633_1_ch457_file13_strand.fast5	1845629
data/AshkenazimTrio/HG002_NA24385_son/CORNELL_Oxford_Nanopore/oxford_PC_HG02.3attempt_0633_1_ch457_file17_strand.fast5	1645291
data/AshkenazimTrio/HG002_NA24385_son/CORNELL_Oxford_Nanopore/oxford_PC_HG02.3attempt_0633_1_ch457_file19_strand.fast5	1582566
data/AshkenazimTrio/HG002_NA24385_son/CORNELL_Oxford_Nanopore/oxford_PC_HG02.3attempt_0633_1_ch457_file38_strand.fast5	1843625
data/AshkenazimTrio/HG002_NA24385_son/CORNELL_Oxford_Nanopore/oxford_PC_HG02.3attempt_0633_1_ch457_file8_strand.fast5	1481143
data/AshkenazimTrio/HG002_NA24385_son/CORNELL_Oxford_Nanopore/oxford_PC_HG02.3attempt_0633_1_ch458_file10_strand.fast5	1206397
data/AshkenazimTrio/HG002_NA24385_son/CORNELL_Oxford_Nanopore/oxford_PC_HG02.3attempt_0633_1_ch458_file15_strand.fast5	3382969
data/AshkenazimTrio/HG002_NA24385_son/CORNELL_Oxford_Nanopore/oxford_PC_HG02.3attempt_0633_1_ch458_file16_strand.fast5	1704176
data/AshkenazimTrio/HG002_NA24385_son/CORNELL_Oxford_Nanopore/oxford_PC_HG02.3attempt_0633_1_ch459_file11_strand.fast5	3113201
data/AshkenazimTrio/HG002_NA24385_son/CORNELL_Oxford_Nanopore/oxford_PC_HG02.3attempt_0633_1_ch459_file8_strand.fast5	1848857
data/AshkenazimTrio/HG002_NA24385_son/CORNELL_Oxford_Nanopore/oxford_PC_HG02.3attempt_0633_1_ch460_file12_strand.fast5	1640656
data/AshkenazimTrio/HG002_NA24385_son/CORNELL_Oxford_Nanopore/oxford_PC_HG02.3attempt_0633_1_ch460_file20_strand.fast5	2275721
data/AshkenazimTrio/HG002_NA24385_son/CORNELL_Oxford_Nanopore/oxford_PC_HG02.3attempt_0633_1_ch460_file46_strand.fast5	1884804
data/AshkenazimTrio/HG002_NA24385_son/CORNELL_Oxford_Nanopore/oxford_PC_HG02.3attempt_0633_1_ch460_file4_strand.fast5	1599702
data/AshkenazimTrio/HG002_NA24385_son/CORNELL_Oxford_Nanopore/oxford_PC_HG02.3attempt_0633_1_ch460_file66_strand.fast5	4178860
data/AshkenazimTrio/HG002_NA24385_son/CORNELL_Oxford_Nanopore/oxford_PC_HG02.3attempt_0633_1_ch460_file6_strand.fast5	3254003
data/AshkenazimTrio/HG002_NA24385_son/CORNELL_Oxford_Nanopore/oxford_PC_HG02.3attempt_0633_1_ch462_file129_strand.fast5	3346786
data/AshkenazimTrio/HG002_NA24385_son/CORNELL_Oxford_Nanopore/oxford_PC_HG02.3attempt_0633_1_ch462_file136_strand.fast5	465263
data/AshkenazimTrio/HG002_NA24385_son/CORNELL_Oxford_Nanopore/oxford_PC_HG02.3attempt_0633_1_ch462_file156_strand.fast5	2210515
data/AshkenazimTrio/HG002_NA24385_son/CORNELL_Oxford_Nanopore/oxford_PC_HG02.3attempt_0633_1_ch462_file157_strand.fast5	1416846
data/AshkenazimTrio/HG002_NA24385_son/CORNELL_Oxford_Nanopore/oxford_PC_HG02.3attempt_0633_1_ch462_file1_strand.fast5	2037408
data/AshkenazimTrio/HG002_NA24385_son/CORNELL_Oxford_Nanopore/oxford_PC_HG02.3attempt_0633_1_ch462_file4_strand.fast5	1490851
data/AshkenazimTrio/HG002_NA24385_son/CORNELL_Oxford_Nanopore/oxford_PC_HG02.3attempt_0633_1_ch463_file12_strand.fast5	463497
data/AshkenazimTrio/HG002_NA24385_son/CORNELL_Oxford_Nanopore/oxford_PC_HG02.3attempt_0633_1_ch463_file14_strand.fast5	1210113
data/AshkenazimTrio/HG002_NA24385_son/CORNELL_Oxford_Nanopore/oxford_PC_HG02.3attempt_0633_1_ch463_file18_strand.fast5	1163778
data/AshkenazimTrio/HG002_NA24385_son/CORNELL_Oxford_Nanopore/oxford_PC_HG02.3attempt_0633_1_ch463_file21_strand.fast5	2935121
data/AshkenazimTrio/HG002_NA24385_son/CORNELL_Oxford_Nanopore/oxford_PC_HG02.3attempt_0633_1_ch463_file35_strand.fast5	2074388
data/AshkenazimTrio/HG002_NA24385_son/CORNELL_Oxford_Nanopore/oxford_PC_HG02.3attempt_0633_1_ch463_file36_strand.fast5	2312579
data/AshkenazimTrio/HG002_NA24385_son/CORNELL_Oxford_Nanopore/oxford_PC_HG02.3attempt_0633_1_ch463_file37_strand.fast5	2266926
data/AshkenazimTrio/HG002_NA24385_son/CORNELL_Oxford_Nanopore/oxford_PC_HG02.3attempt_0633_1_ch463_file40_strand.fast5	3727981
data/AshkenazimTrio/HG002_NA24385_son/CORNELL_Oxford_Nanopore/oxford_PC_HG02.3attempt_0633_1_ch463_file48_strand.fast5	1077967
data/AshkenazimTrio/HG002_NA24385_son/CORNELL_Oxford_Nanopore/oxford_PC_HG02.3attempt_0633_1_ch465_file104_strand.fast5	3121539
data/AshkenazimTrio/HG002_NA24385_son/CORNELL_Oxford_Nanopore/oxford_PC_HG02.3attempt_0633_1_ch465_file115_strand.fast5	1922908
data/AshkenazimTrio/HG002_NA24385_son/CORNELL_Oxford_Nanopore/oxford_PC_HG02.3attempt_0633_1_ch465_file17_strand.fast5	2725394
data/AshkenazimTrio/HG002_NA24385_son/CORNELL_Oxford_Nanopore/oxford_PC_HG02.3attempt_0633_1_ch465_file3_strand.fast5	775075
data/AshkenazimTrio/HG002_NA24385_son/CORNELL_Oxford_Nanopore/oxford_PC_HG02.3attempt_0633_1_ch465_file7_strand.fast5	2282891
data/AshkenazimTrio/HG002_NA24385_son/CORNELL_Oxford_Nanopore/oxford_PC_HG02.3attempt_0633_1_ch465_file8_strand.fast5	764756
data/AshkenazimTrio/HG002_NA24385_son/CORNELL_Oxford_Nanopore/oxford_PC_HG02.3attempt_0633_1_ch466_file11_strand.fast5	2022773
data/AshkenazimTrio/HG002_NA24385_son/CORNELL_Oxford_Nanopore/oxford_PC_HG02.3attempt_0633_1_ch466_file21_strand.fast5	2505893
data/AshkenazimTrio/HG002_NA24385_son/CORNELL_Oxford_Nanopore/oxford_PC_HG02.3attempt_0633_1_ch466_file22_strand.fast5	907304
data/AshkenazimTrio/HG002_NA24385_son/CORNELL_Oxford_Nanopore/oxford_PC_HG02.3attempt_0633_1_ch466_file39_strand.fast5	1840194
data/AshkenazimTrio/HG002_NA24385_son/CORNELL_Oxford_Nanopore/oxford_PC_HG02.3attempt_0633_1_ch466_file3_strand.fast5	1863460
data/AshkenazimTrio/HG002_NA24385_son/CORNELL_Oxford_Nanopore/oxford_PC_HG02.3attempt_0633_1_ch466_file49_strand.fast5	1618605
data/AshkenazimTrio/HG002_NA24385_son/CORNELL_Oxford_Nanopore/oxford_PC_HG02.3attempt_0633_1_ch466_file4_strand.fast5	1418797
data/AshkenazimTrio/HG002_NA24385_son/CORNELL_Oxford_Nanopore/oxford_PC_HG02.3attempt_0633_1_ch466_file54_strand.fast5	3373786
data/AshkenazimTrio/HG002_NA24385_son/CORNELL_Oxford_Nanopore/oxford_PC_HG02.3attempt_0633_1_ch467_file18_strand.fast5	2375676
data/AshkenazimTrio/HG002_NA24385_son/CORNELL_Oxford_Nanopore/oxford_PC_HG02.3attempt_0633_1_ch467_file23_strand.fast5	2226456
data/AshkenazimTrio/HG002_NA24385_son/CORNELL_Oxford_Nanopore/oxford_PC_HG02.3attempt_0633_1_ch467_file24_strand.fast5	2655234
data/AshkenazimTrio/HG002_NA24385_son/CORNELL_Oxford_Nanopore/oxford_PC_HG02.3attempt_0633_1_ch467_file27_strand.fast5	2630007
data/AshkenazimTrio/HG002_NA24385_son/CORNELL_Oxford_Nanopore/oxford_PC_HG02.3attempt_0633_1_ch467_file2_strand.fast5	843525
data/AshkenazimTrio/HG002_NA24385_son/CORNELL_Oxford_Nanopore/oxford_PC_HG02.3attempt_0633_1_ch467_file34_strand.fast5	2114697
data/AshkenazimTrio/HG002_NA24385_son/CORNELL_Oxford_Nanopore/oxford_PC_HG02.3attempt_0633_1_ch467_file64_strand.fast5	330004
data/AshkenazimTrio/HG002_NA24385_son/CORNELL_Oxford_Nanopore/oxford_PC_HG02.3attempt_0633_1_ch467_file66_strand.fast5	834564
data/AshkenazimTrio/HG002_NA24385_son/CORNELL_Oxford_Nanopore/oxford_PC_HG02.3attempt_0633_1_ch467_file6_strand.fast5	955942
data/AshkenazimTrio/HG002_NA24385_son/CORNELL_Oxford_Nanopore/oxford_PC_HG02.3attempt_0633_1_ch467_file86_strand.fast5	3699434
data/AshkenazimTrio/HG002_NA24385_son/CORNELL_Oxford_Nanopore/oxford_PC_HG02.3attempt_0633_1_ch467_file9_strand.fast5	2635112
data/AshkenazimTrio/HG002_NA24385_son/CORNELL_Oxford_Nanopore/oxford_PC_HG02.3attempt_0633_1_ch468_file18_strand.fast5	3431850
data/AshkenazimTrio/HG002_NA24385_son/CORNELL_Oxford_Nanopore/oxford_PC_HG02.3attempt_0633_1_ch468_file42_strand.fast5	1596939
data/AshkenazimTrio/HG002_NA24385_son/CORNELL_Oxford_Nanopore/oxford_PC_HG02.3attempt_0633_1_ch469_file13_strand.fast5	2886563
data/AshkenazimTrio/HG002_NA24385_son/CORNELL_Oxford_Nanopore/oxford_PC_HG02.3attempt_0633_1_ch469_file28_strand.fast5	1430452
data/AshkenazimTrio/HG002_NA24385_son/CORNELL_Oxford_Nanopore/oxford_PC_HG02.3attempt_0633_1_ch469_file33_strand.fast5	2377542
data/AshkenazimTrio/HG002_NA24385_son/CORNELL_Oxford_Nanopore/oxford_PC_HG02.3attempt_0633_1_ch469_file34_strand.fast5	1700563
data/AshkenazimTrio/HG002_NA24385_son/CORNELL_Oxford_Nanopore/oxford_PC_HG02.3attempt_0633_1_ch469_file43_strand.fast5	3400883
data/AshkenazimTrio/HG002_NA24385_son/CORNELL_Oxford_Nanopore/oxford_PC_HG02.3attempt_0633_1_ch469_file4_strand.fast5	1691996
data/AshkenazimTrio/HG002_NA24385_son/CORNELL_Oxford_Nanopore/oxford_PC_HG02.3attempt_0633_1_ch46_file13_strand.fast5	2006266
data/AshkenazimTrio/HG002_NA24385_son/CORNELL_Oxford_Nanopore/oxford_PC_HG02.3attempt_0633_1_ch46_file17_strand.fast5	1503993
data/AshkenazimTrio/HG002_NA24385_son/CORNELL_Oxford_Nanopore/oxford_PC_HG02.3attempt_0633_1_ch46_file21_strand.fast5	2097820
data/AshkenazimTrio/HG002_NA24385_son/CORNELL_Oxford_Nanopore/oxford_PC_HG02.3attempt_0633_1_ch46_file31_strand.fast5	3387701
data/AshkenazimTrio/HG002_NA24385_son/CORNELL_Oxford_Nanopore/oxford_PC_HG02.3attempt_0633_1_ch46_file43_strand.fast5	1696586
data/AshkenazimTrio/HG002_NA24385_son/CORNELL_Oxford_Nanopore/oxford_PC_HG02.3attempt_0633_1_ch46_file67_strand.fast5	2226146
data/AshkenazimTrio/HG002_NA24385_son/CORNELL_Oxford_Nanopore/oxford_PC_HG02.3attempt_0633_1_ch46_file70_strand.fast5	3332422
data/AshkenazimTrio/HG002_NA24385_son/CORNELL_Oxford_Nanopore/oxford_PC_HG02.3attempt_0633_1_ch472_file14_strand.fast5	933116
data/AshkenazimTrio/HG002_NA24385_son/CORNELL_Oxford_Nanopore/oxford_PC_HG02.3attempt_0633_1_ch472_file1_strand.fast5	2480989
data/AshkenazimTrio/HG002_NA24385_son/CORNELL_Oxford_Nanopore/oxford_PC_HG02.3attempt_0633_1_ch472_file6_strand.fast5	1859344
data/AshkenazimTrio/HG002_NA24385_son/CORNELL_Oxford_Nanopore/oxford_PC_HG02.3attempt_0633_1_ch473_file18_strand.fast5	1993232
data/AshkenazimTrio/HG002_NA24385_son/CORNELL_Oxford_Nanopore/oxford_PC_HG02.3attempt_0633_1_ch473_file3_strand.fast5	1449299
data/AshkenazimTrio/HG002_NA24385_son/CORNELL_Oxford_Nanopore/oxford_PC_HG02.3attempt_0633_1_ch473_file44_strand.fast5	1404797
data/AshkenazimTrio/HG002_NA24385_son/CORNELL_Oxford_Nanopore/oxford_PC_HG02.3attempt_0633_1_ch473_file45_strand.fast5	1633792
data/AshkenazimTrio/HG002_NA24385_son/CORNELL_Oxford_Nanopore/oxford_PC_HG02.3attempt_0633_1_ch475_file104_strand.fast5	1750515
data/AshkenazimTrio/HG002_NA24385_son/CORNELL_Oxford_Nanopore/oxford_PC_HG02.3attempt_0633_1_ch475_file109_strand.fast5	1132798
data/AshkenazimTrio/HG002_NA24385_son/CORNELL_Oxford_Nanopore/oxford_PC_HG02.3attempt_0633_1_ch475_file112_strand.fast5	3029599
data/AshkenazimTrio/HG002_NA24385_son/CORNELL_Oxford_Nanopore/oxford_PC_HG02.3attempt_0633_1_ch475_file12_strand.fast5	962609
data/AshkenazimTrio/HG002_NA24385_son/CORNELL_Oxford_Nanopore/oxford_PC_HG02.3attempt_0633_1_ch475_file16_strand.fast5	1875237
data/AshkenazimTrio/HG002_NA24385_son/CORNELL_Oxford_Nanopore/oxford_PC_HG02.3attempt_0633_1_ch475_file18_strand.fast5	3311021
data/AshkenazimTrio/HG002_NA24385_son/CORNELL_Oxford_Nanopore/oxford_PC_HG02.3attempt_0633_1_ch475_file2_strand.fast5	1191797
data/AshkenazimTrio/HG002_NA24385_son/CORNELL_Oxford_Nanopore/oxford_PC_HG02.3attempt_0633_1_ch475_file57_strand.fast5	2890885
data/AshkenazimTrio/HG002_NA24385_son/CORNELL_Oxford_Nanopore/oxford_PC_HG02.3attempt_0633_1_ch475_file60_strand.fast5	2508624
data/AshkenazimTrio/HG002_NA24385_son/CORNELL_Oxford_Nanopore/oxford_PC_HG02.3attempt_0633_1_ch475_file66_strand.fast5	800499
data/AshkenazimTrio/HG002_NA24385_son/CORNELL_Oxford_Nanopore/oxford_PC_HG02.3attempt_0633_1_ch475_file86_strand.fast5	750926
data/AshkenazimTrio/HG002_NA24385_son/CORNELL_Oxford_Nanopore/oxford_PC_HG02.3attempt_0633_1_ch475_file88_strand.fast5	1560803
data/AshkenazimTrio/HG002_NA24385_son/CORNELL_Oxford_Nanopore/oxford_PC_HG02.3attempt_0633_1_ch475_file9_strand.fast5	1081975
data/AshkenazimTrio/HG002_NA24385_son/CORNELL_Oxford_Nanopore/oxford_PC_HG02.3attempt_0633_1_ch476_file2_strand.fast5	424843
data/AshkenazimTrio/HG002_NA24385_son/CORNELL_Oxford_Nanopore/oxford_PC_HG02.3attempt_0633_1_ch476_file5_strand.fast5	3290412
data/AshkenazimTrio/HG002_NA24385_son/CORNELL_Oxford_Nanopore/oxford_PC_HG02.3attempt_0633_1_ch479_file100_strand.fast5	2215454
data/AshkenazimTrio/HG002_NA24385_son/CORNELL_Oxford_Nanopore/oxford_PC_HG02.3attempt_0633_1_ch479_file104_strand.fast5	2562548
data/AshkenazimTrio/HG002_NA24385_son/CORNELL_Oxford_Nanopore/oxford_PC_HG02.3attempt_0633_1_ch479_file119_strand.fast5	1910890
data/AshkenazimTrio/HG002_NA24385_son/CORNELL_Oxford_Nanopore/oxford_PC_HG02.3attempt_0633_1_ch479_file120_strand.fast5	591585
data/AshkenazimTrio/HG002_NA24385_son/CORNELL_Oxford_Nanopore/oxford_PC_HG02.3attempt_0633_1_ch479_file133_strand.fast5	1028555
data/AshkenazimTrio/HG002_NA24385_son/CORNELL_Oxford_Nanopore/oxford_PC_HG02.3attempt_0633_1_ch479_file14_strand.fast5	1161186
data/AshkenazimTrio/HG002_NA24385_son/CORNELL_Oxford_Nanopore/oxford_PC_HG02.3attempt_0633_1_ch479_file18_strand.fast5	1921427
data/AshkenazimTrio/HG002_NA24385_son/CORNELL_Oxford_Nanopore/oxford_PC_HG02.3attempt_0633_1_ch479_file24_strand.fast5	480687
data/AshkenazimTrio/HG002_NA24385_son/CORNELL_Oxford_Nanopore/oxford_PC_HG02.3attempt_0633_1_ch479_file2_strand.fast5	1880500
data/AshkenazimTrio/HG002_NA24385_son/CORNELL_Oxford_Nanopore/oxford_PC_HG02.3attempt_0633_1_ch479_file38_strand.fast5	827211
data/AshkenazimTrio/HG002_NA24385_son/CORNELL_Oxford_Nanopore/oxford_PC_HG02.3attempt_0633_1_ch479_file40_strand.fast5	1699377
data/AshkenazimTrio/HG002_NA24385_son/CORNELL_Oxford_Nanopore/oxford_PC_HG02.3attempt_0633_1_ch479_file49_strand.fast5	2091210
data/AshkenazimTrio/HG002_NA24385_son/CORNELL_Oxford_Nanopore/oxford_PC_HG02.3attempt_0633_1_ch479_file4_strand.fast5	2023738
data/AshkenazimTrio/HG002_NA24385_son/CORNELL_Oxford_Nanopore/oxford_PC_HG02.3attempt_0633_1_ch479_file64_strand.fast5	3395568
data/AshkenazimTrio/HG002_NA24385_son/CORNELL_Oxford_Nanopore/oxford_PC_HG02.3attempt_0633_1_ch479_file65_strand.fast5	1405396
data/AshkenazimTrio/HG002_NA24385_son/CORNELL_Oxford_Nanopore/oxford_PC_HG02.3attempt_0633_1_ch479_file67_strand.fast5	2143754
data/AshkenazimTrio/HG002_NA24385_son/CORNELL_Oxford_Nanopore/oxford_PC_HG02.3attempt_0633_1_ch479_file69_strand.fast5	748711
data/AshkenazimTrio/HG002_NA24385_son/CORNELL_Oxford_Nanopore/oxford_PC_HG02.3attempt_0633_1_ch479_file70_strand.fast5	1547451
data/AshkenazimTrio/HG002_NA24385_son/CORNELL_Oxford_Nanopore/oxford_PC_HG02.3attempt_0633_1_ch479_file86_strand.fast5	3286950
data/AshkenazimTrio/HG002_NA24385_son/CORNELL_Oxford_Nanopore/oxford_PC_HG02.3attempt_0633_1_ch479_file8_strand.fast5	1448307
data/AshkenazimTrio/HG002_NA24385_son/CORNELL_Oxford_Nanopore/oxford_PC_HG02.3attempt_0633_1_ch479_file90_strand.fast5	3014262
data/AshkenazimTrio/HG002_NA24385_son/CORNELL_Oxford_Nanopore/oxford_PC_HG02.3attempt_0633_1_ch479_file92_strand.fast5	2398023
data/AshkenazimTrio/HG002_NA24385_son/CORNELL_Oxford_Nanopore/oxford_PC_HG02.3attempt_0633_1_ch480_file10_strand.fast5	643874
data/AshkenazimTrio/HG002_NA24385_son/CORNELL_Oxford_Nanopore/oxford_PC_HG02.3attempt_0633_1_ch480_file15_strand.fast5	938031
data/AshkenazimTrio/HG002_NA24385_son/CORNELL_Oxford_Nanopore/oxford_PC_HG02.3attempt_0633_1_ch480_file19_strand.fast5	1875685
data/AshkenazimTrio/HG002_NA24385_son/CORNELL_Oxford_Nanopore/oxford_PC_HG02.3attempt_0633_1_ch480_file1_strand.fast5	1373148
data/AshkenazimTrio/HG002_NA24385_son/CORNELL_Oxford_Nanopore/oxford_PC_HG02.3attempt_0633_1_ch480_file24_strand.fast5	774152
data/AshkenazimTrio/HG002_NA24385_son/CORNELL_Oxford_Nanopore/oxford_PC_HG02.3attempt_0633_1_ch480_file4_strand.fast5	1421499
data/AshkenazimTrio/HG002_NA24385_son/CORNELL_Oxford_Nanopore/oxford_PC_HG02.3attempt_0633_1_ch481_file18_strand.fast5	2165536
data/AshkenazimTrio/HG002_NA24385_son/CORNELL_Oxford_Nanopore/oxford_PC_HG02.3attempt_0633_1_ch481_file27_strand.fast5	2273518
data/AshkenazimTrio/HG002_NA24385_son/CORNELL_Oxford_Nanopore/oxford_PC_HG02.3attempt_0633_1_ch481_file28_strand.fast5	2198549
data/AshkenazimTrio/HG002_NA24385_son/CORNELL_Oxford_Nanopore/oxford_PC_HG02.3attempt_0633_1_ch481_file29_strand.fast5	546176
data/AshkenazimTrio/HG002_NA24385_son/CORNELL_Oxford_Nanopore/oxford_PC_HG02.3attempt_0633_1_ch481_file49_strand.fast5	2029378
data/AshkenazimTrio/HG002_NA24385_son/CORNELL_Oxford_Nanopore/oxford_PC_HG02.3attempt_0633_1_ch481_file62_strand.fast5	3190318
data/AshkenazimTrio/HG002_NA24385_son/CORNELL_Oxford_Nanopore/oxford_PC_HG02.3attempt_0633_1_ch482_file33_strand.fast5	1938427
data/AshkenazimTrio/HG002_NA24385_son/CORNELL_Oxford_Nanopore/oxford_PC_HG02.3attempt_0633_1_ch482_file37_strand.fast5	1733338
data/AshkenazimTrio/HG002_NA24385_son/CORNELL_Oxford_Nanopore/oxford_PC_HG02.3attempt_0633_1_ch482_file3_strand.fast5	1241050
data/AshkenazimTrio/HG002_NA24385_son/CORNELL_Oxford_Nanopore/oxford_PC_HG02.3attempt_0633_1_ch482_file4_strand.fast5	1655742
data/AshkenazimTrio/HG002_NA24385_son/CORNELL_Oxford_Nanopore/oxford_PC_HG02.3attempt_0633_1_ch482_file85_strand.fast5	2236645
data/AshkenazimTrio/HG002_NA24385_son/CORNELL_Oxford_Nanopore/oxford_PC_HG02.3attempt_0633_1_ch482_file8_strand.fast5	1406058
data/AshkenazimTrio/HG002_NA24385_son/CORNELL_Oxford_Nanopore/oxford_PC_HG02.3attempt_0633_1_ch483_file107_strand.fast5	2423594
data/AshkenazimTrio/HG002_NA24385_son/CORNELL_Oxford_Nanopore/oxford_PC_HG02.3attempt_0633_1_ch483_file119_strand.fast5	1247998
data/AshkenazimTrio/HG002_NA24385_son/CORNELL_Oxford_Nanopore/oxford_PC_HG02.3attempt_0633_1_ch483_file12_strand.fast5	2816300
data/AshkenazimTrio/HG002_NA24385_son/CORNELL_Oxford_Nanopore/oxford_PC_HG02.3attempt_0633_1_ch483_file134_strand.fast5	1358607
data/AshkenazimTrio/HG002_NA24385_son/CORNELL_Oxford_Nanopore/oxford_PC_HG02.3attempt_0633_1_ch483_file14_strand.fast5	2072648
data/AshkenazimTrio/HG002_NA24385_son/CORNELL_Oxford_Nanopore/oxford_PC_HG02.3attempt_0633_1_ch483_file215_strand.fast5	1974925
data/AshkenazimTrio/HG002_NA24385_son/CORNELL_Oxford_Nanopore/oxford_PC_HG02.3attempt_0633_1_ch483_file21_strand.fast5	1387780
data/AshkenazimTrio/HG002_NA24385_son/CORNELL_Oxford_Nanopore/oxford_PC_HG02.3attempt_0633_1_ch483_file227_strand.fast5	2200835
data/AshkenazimTrio/HG002_NA24385_son/CORNELL_Oxford_Nanopore/oxford_PC_HG02.3attempt_0633_1_ch483_file22_strand.fast5	980835
data/AshkenazimTrio/HG002_NA24385_son/CORNELL_Oxford_Nanopore/oxford_PC_HG02.3attempt_0633_1_ch483_file252_strand.fast5	1692189
data/AshkenazimTrio/HG002_NA24385_son/CORNELL_Oxford_Nanopore/oxford_PC_HG02.3attempt_0633_1_ch483_file253_strand.fast5	2476428
data/AshkenazimTrio/HG002_NA24385_son/CORNELL_Oxford_Nanopore/oxford_PC_HG02.3attempt_0633_1_ch483_file2_strand.fast5	2595480
data/AshkenazimTrio/HG002_NA24385_son/CORNELL_Oxford_Nanopore/oxford_PC_HG02.3attempt_0633_1_ch483_file31_strand.fast5	2100229
data/AshkenazimTrio/HG002_NA24385_son/CORNELL_Oxford_Nanopore/oxford_PC_HG02.3attempt_0633_1_ch483_file32_strand.fast5	2563247
data/AshkenazimTrio/HG002_NA24385_son/CORNELL_Oxford_Nanopore/oxford_PC_HG02.3attempt_0633_1_ch483_file44_strand.fast5	2834877
data/AshkenazimTrio/HG002_NA24385_son/CORNELL_Oxford_Nanopore/oxford_PC_HG02.3attempt_0633_1_ch483_file7_strand.fast5	1114354
data/AshkenazimTrio/HG002_NA24385_son/CORNELL_Oxford_Nanopore/oxford_PC_HG02.3attempt_0633_1_ch484_file114_strand.fast5	1994996
data/AshkenazimTrio/HG002_NA24385_son/CORNELL_Oxford_Nanopore/oxford_PC_HG02.3attempt_0633_1_ch484_file20_strand.fast5	2376046
data/AshkenazimTrio/HG002_NA24385_son/CORNELL_Oxford_Nanopore/oxford_PC_HG02.3attempt_0633_1_ch484_file2_strand.fast5	1845755
data/AshkenazimTrio/HG002_NA24385_son/CORNELL_Oxford_Nanopore/oxford_PC_HG02.3attempt_0633_1_ch484_file75_strand.fast5	1129071
data/AshkenazimTrio/HG002_NA24385_son/CORNELL_Oxford_Nanopore/oxford_PC_HG02.3attempt_0633_1_ch487_file4_strand.fast5	865304
data/AshkenazimTrio/HG002_NA24385_son/CORNELL_Oxford_Nanopore/oxford_PC_HG02.3attempt_0633_1_ch488_file10_strand.fast5	2929623
data/AshkenazimTrio/HG002_NA24385_son/CORNELL_Oxford_Nanopore/oxford_PC_HG02.3attempt_0633_1_ch488_file11_strand.fast5	1491746
data/AshkenazimTrio/HG002_NA24385_son/CORNELL_Oxford_Nanopore/oxford_PC_HG02.3attempt_0633_1_ch488_file25_strand.fast5	3237783
data/AshkenazimTrio/HG002_NA24385_son/CORNELL_Oxford_Nanopore/oxford_PC_HG02.3attempt_0633_1_ch488_file29_strand.fast5	2739845
data/AshkenazimTrio/HG002_NA24385_son/CORNELL_Oxford_Nanopore/oxford_PC_HG02.3attempt_0633_1_ch488_file34_strand.fast5	2498715
data/AshkenazimTrio/HG002_NA24385_son/CORNELL_Oxford_Nanopore/oxford_PC_HG02.3attempt_0633_1_ch488_file37_strand.fast5	2018752
data/AshkenazimTrio/HG002_NA24385_son/CORNELL_Oxford_Nanopore/oxford_PC_HG02.3attempt_0633_1_ch488_file51_strand.fast5	1717481
data/AshkenazimTrio/HG002_NA24385_son/CORNELL_Oxford_Nanopore/oxford_PC_HG02.3attempt_0633_1_ch488_file9_strand.fast5	1934797
data/AshkenazimTrio/HG002_NA24385_son/CORNELL_Oxford_Nanopore/oxford_PC_HG02.3attempt_0633_1_ch489_file121_strand.fast5	2752519
data/AshkenazimTrio/HG002_NA24385_son/CORNELL_Oxford_Nanopore/oxford_PC_HG02.3attempt_0633_1_ch489_file123_strand.fast5	3253005
data/AshkenazimTrio/HG002_NA24385_son/CORNELL_Oxford_Nanopore/oxford_PC_HG02.3attempt_0633_1_ch489_file124_strand.fast5	3713268
data/AshkenazimTrio/HG002_NA24385_son/CORNELL_Oxford_Nanopore/oxford_PC_HG02.3attempt_0633_1_ch489_file159_strand.fast5	1744332
data/AshkenazimTrio/HG002_NA24385_son/CORNELL_Oxford_Nanopore/oxford_PC_HG02.3attempt_0633_1_ch489_file15_strand.fast5	1876961
data/AshkenazimTrio/HG002_NA24385_son/CORNELL_Oxford_Nanopore/oxford_PC_HG02.3attempt_0633_1_ch489_file161_strand.fast5	1895269
data/AshkenazimTrio/HG002_NA24385_son/CORNELL_Oxford_Nanopore/oxford_PC_HG02.3attempt_0633_1_ch489_file30_strand.fast5	2342106
data/AshkenazimTrio/HG002_NA24385_son/CORNELL_Oxford_Nanopore/oxford_PC_HG02.3attempt_0633_1_ch489_file50_strand.fast5	3383362
data/AshkenazimTrio/HG002_NA24385_son/CORNELL_Oxford_Nanopore/oxford_PC_HG02.3attempt_0633_1_ch489_file62_strand.fast5	1933681
data/AshkenazimTrio/HG002_NA24385_son/CORNELL_Oxford_Nanopore/oxford_PC_HG02.3attempt_0633_1_ch489_file65_strand.fast5	1850991
data/AshkenazimTrio/HG002_NA24385_son/CORNELL_Oxford_Nanopore/oxford_PC_HG02.3attempt_0633_1_ch489_file67_strand.fast5	1689026
data/AshkenazimTrio/HG002_NA24385_son/CORNELL_Oxford_Nanopore/oxford_PC_HG02.3attempt_0633_1_ch489_file95_strand.fast5	2886062
data/AshkenazimTrio/HG002_NA24385_son/CORNELL_Oxford_Nanopore/oxford_PC_HG02.3attempt_0633_1_ch492_file10_strand.fast5	978264
data/AshkenazimTrio/HG002_NA24385_son/CORNELL_Oxford_Nanopore/oxford_PC_HG02.3attempt_0633_1_ch492_file12_strand.fast5	1786349
data/AshkenazimTrio/HG002_NA24385_son/CORNELL_Oxford_Nanopore/oxford_PC_HG02.3attempt_0633_1_ch492_file15_strand.fast5	1726632
data/AshkenazimTrio/HG002_NA24385_son/CORNELL_Oxford_Nanopore/oxford_PC_HG02.3attempt_0633_1_ch492_file23_strand.fast5	1386331
data/AshkenazimTrio/HG002_NA24385_son/CORNELL_Oxford_Nanopore/oxford_PC_HG02.3attempt_0633_1_ch492_file34_strand.fast5	1355741
data/AshkenazimTrio/HG002_NA24385_son/CORNELL_Oxford_Nanopore/oxford_PC_HG02.3attempt_0633_1_ch492_file9_strand.fast5	1146877
data/AshkenazimTrio/HG002_NA24385_son/CORNELL_Oxford_Nanopore/oxford_PC_HG02.3attempt_0633_1_ch494_file113_strand.fast5	1132136
data/AshkenazimTrio/HG002_NA24385_son/CORNELL_Oxford_Nanopore/oxford_PC_HG02.3attempt_0633_1_ch494_file118_strand.fast5	2950356
data/AshkenazimTrio/HG002_NA24385_son/CORNELL_Oxford_Nanopore/oxford_PC_HG02.3attempt_0633_1_ch494_file17_strand.fast5	2454026
data/AshkenazimTrio/HG002_NA24385_son/CORNELL_Oxford_Nanopore/oxford_PC_HG02.3attempt_0633_1_ch494_file29_strand.fast5	1866488
data/AshkenazimTrio/HG002_NA24385_son/CORNELL_Oxford_Nanopore/oxford_PC_HG02.3attempt_0633_1_ch494_file54_strand.fast5	3335251
data/AshkenazimTrio/HG002_NA24385_son/CORNELL_Oxford_Nanopore/oxford_PC_HG02.3attempt_0633_1_ch494_file56_strand.fast5	2470178
data/AshkenazimTrio/HG002_NA24385_son/CORNELL_Oxford_Nanopore/oxford_PC_HG02.3attempt_0633_1_ch494_file68_strand.fast5	557821
data/AshkenazimTrio/HG002_NA24385_son/CORNELL_Oxford_Nanopore/oxford_PC_HG02.3attempt_0633_1_ch494_file71_strand.fast5	2157781
data/AshkenazimTrio/HG002_NA24385_son/CORNELL_Oxford_Nanopore/oxford_PC_HG02.3attempt_0633_1_ch494_file76_strand.fast5	2327559
data/AshkenazimTrio/HG002_NA24385_son/CORNELL_Oxford_Nanopore/oxford_PC_HG02.3attempt_0633_1_ch494_file93_strand.fast5	4657919
data/AshkenazimTrio/HG002_NA24385_son/CORNELL_Oxford_Nanopore/oxford_PC_HG02.3attempt_0633_1_ch495_file22_strand.fast5	1394897
data/AshkenazimTrio/HG002_NA24385_son/CORNELL_Oxford_Nanopore/oxford_PC_HG02.3attempt_0633_1_ch495_file23_strand.fast5	711595
data/AshkenazimTrio/HG002_NA24385_son/CORNELL_Oxford_Nanopore/oxford_PC_HG02.3attempt_0633_1_ch495_file32_strand.fast5	1818288
data/AshkenazimTrio/HG002_NA24385_son/CORNELL_Oxford_Nanopore/oxford_PC_HG02.3attempt_0633_1_ch495_file33_strand.fast5	1492182
data/AshkenazimTrio/HG002_NA24385_son/CORNELL_Oxford_Nanopore/oxford_PC_HG02.3attempt_0633_1_ch495_file44_strand.fast5	1430371
data/AshkenazimTrio/HG002_NA24385_son/CORNELL_Oxford_Nanopore/oxford_PC_HG02.3attempt_0633_1_ch495_file46_strand.fast5	2036078
data/AshkenazimTrio/HG002_NA24385_son/CORNELL_Oxford_Nanopore/oxford_PC_HG02.3attempt_0633_1_ch496_file15_strand.fast5	988266
data/AshkenazimTrio/HG002_NA24385_son/CORNELL_Oxford_Nanopore/oxford_PC_HG02.3attempt_0633_1_ch496_file30_strand.fast5	1870645
data/AshkenazimTrio/HG002_NA24385_son/CORNELL_Oxford_Nanopore/oxford_PC_HG02.3attempt_0633_1_ch496_file36_strand.fast5	740143
data/AshkenazimTrio/HG002_NA24385_son/CORNELL_Oxford_Nanopore/oxford_PC_HG02.3attempt_0633_1_ch496_file50_strand.fast5	1532064
data/AshkenazimTrio/HG002_NA24385_son/CORNELL_Oxford_Nanopore/oxford_PC_HG02.3attempt_0633_1_ch497_file130_strand.fast5	2293432
data/AshkenazimTrio/HG002_NA24385_son/CORNELL_Oxford_Nanopore/oxford_PC_HG02.3attempt_0633_1_ch497_file22_strand.fast5	2493371
data/AshkenazimTrio/HG002_NA24385_son/CORNELL_Oxford_Nanopore/oxford_PC_HG02.3attempt_0633_1_ch497_file2_strand.fast5	2200791
data/AshkenazimTrio/HG002_NA24385_son/CORNELL_Oxford_Nanopore/oxford_PC_HG02.3attempt_0633_1_ch497_file36_strand.fast5	4453045
data/AshkenazimTrio/HG002_NA24385_son/CORNELL_Oxford_Nanopore/oxford_PC_HG02.3attempt_0633_1_ch497_file61_strand.fast5	3184530
data/AshkenazimTrio/HG002_NA24385_son/CORNELL_Oxford_Nanopore/oxford_PC_HG02.3attempt_0633_1_ch497_file63_strand.fast5	2558069
data/AshkenazimTrio/HG002_NA24385_son/CORNELL_Oxford_Nanopore/oxford_PC_HG02.3attempt_0633_1_ch497_file65_strand.fast5	2875544
data/AshkenazimTrio/HG002_NA24385_son/CORNELL_Oxford_Nanopore/oxford_PC_HG02.3attempt_0633_1_ch497_file70_strand.fast5	1854440
data/AshkenazimTrio/HG002_NA24385_son/CORNELL_Oxford_Nanopore/oxford_PC_HG02.3attempt_0633_1_ch497_file93_strand.fast5	2334160
data/AshkenazimTrio/HG002_NA24385_son/CORNELL_Oxford_Nanopore/oxford_PC_HG02.3attempt_0633_1_ch499_file15_strand.fast5	1443236
data/AshkenazimTrio/HG002_NA24385_son/CORNELL_Oxford_Nanopore/oxford_PC_HG02.3attempt_0633_1_ch499_file21_strand.fast5	1601388
data/AshkenazimTrio/HG002_NA24385_son/CORNELL_Oxford_Nanopore/oxford_PC_HG02.3attempt_0633_1_ch499_file46_strand.fast5	1763683
data/AshkenazimTrio/HG002_NA24385_son/CORNELL_Oxford_Nanopore/oxford_PC_HG02.3attempt_0633_1_ch4_file6_strand.fast5	1782425
data/AshkenazimTrio/HG002_NA24385_son/CORNELL_Oxford_Nanopore/oxford_PC_HG02.3attempt_0633_1_ch500_file110_strand.fast5	2012600
data/AshkenazimTrio/HG002_NA24385_son/CORNELL_Oxford_Nanopore/oxford_PC_HG02.3attempt_0633_1_ch500_file121_strand.fast5	2264041
data/AshkenazimTrio/HG002_NA24385_son/CORNELL_Oxford_Nanopore/oxford_PC_HG02.3attempt_0633_1_ch500_file144_strand.fast5	2467544
data/AshkenazimTrio/HG002_NA24385_son/CORNELL_Oxford_Nanopore/oxford_PC_HG02.3attempt_0633_1_ch501_file34_strand.fast5	1308862
data/AshkenazimTrio/HG002_NA24385_son/CORNELL_Oxford_Nanopore/oxford_PC_HG02.3attempt_0633_1_ch502_file14_strand.fast5	1081411
data/AshkenazimTrio/HG002_NA24385_son/CORNELL_Oxford_Nanopore/oxford_PC_HG02.3attempt_0633_1_ch502_file15_strand.fast5	4701327
data/AshkenazimTrio/HG002_NA24385_son/CORNELL_Oxford_Nanopore/oxford_PC_HG02.3attempt_0633_1_ch502_file41_strand.fast5	3508557
data/AshkenazimTrio/HG002_NA24385_son/CORNELL_Oxford_Nanopore/oxford_PC_HG02.3attempt_0633_1_ch503_file12_strand.fast5	1136908
data/AshkenazimTrio/HG002_NA24385_son/CORNELL_Oxford_Nanopore/oxford_PC_HG02.3attempt_0633_1_ch503_file38_strand.fast5	2508462
data/AshkenazimTrio/HG002_NA24385_son/CORNELL_Oxford_Nanopore/oxford_PC_HG02.3attempt_0633_1_ch503_file43_strand.fast5	2667698
data/AshkenazimTrio/HG002_NA24385_son/CORNELL_Oxford_Nanopore/oxford_PC_HG02.3attempt_0633_1_ch503_file47_strand.fast5	3348114
data/AshkenazimTrio/HG002_NA24385_son/CORNELL_Oxford_Nanopore/oxford_PC_HG02.3attempt_0633_1_ch503_file61_strand.fast5	980391
data/AshkenazimTrio/HG002_NA24385_son/CORNELL_Oxford_Nanopore/oxford_PC_HG02.3attempt_0633_1_ch503_file76_strand.fast5	2504705
data/AshkenazimTrio/HG002_NA24385_son/CORNELL_Oxford_Nanopore/oxford_PC_HG02.3attempt_0633_1_ch503_file79_strand.fast5	1920503
data/AshkenazimTrio/HG002_NA24385_son/CORNELL_Oxford_Nanopore/oxford_PC_HG02.3attempt_0633_1_ch503_file8_strand.fast5	2749860
data/AshkenazimTrio/HG002_NA24385_son/CORNELL_Oxford_Nanopore/oxford_PC_HG02.3attempt_0633_1_ch503_file93_strand.fast5	2156812
data/AshkenazimTrio/HG002_NA24385_son/CORNELL_Oxford_Nanopore/oxford_PC_HG02.3attempt_0633_1_ch503_file9_strand.fast5	2669018
data/AshkenazimTrio/HG002_NA24385_son/CORNELL_Oxford_Nanopore/oxford_PC_HG02.3attempt_0633_1_ch504_file16_strand.fast5	3245106
data/AshkenazimTrio/HG002_NA24385_son/CORNELL_Oxford_Nanopore/oxford_PC_HG02.3attempt_0633_1_ch504_file24_strand.fast5	1086653
data/AshkenazimTrio/HG002_NA24385_son/CORNELL_Oxford_Nanopore/oxford_PC_HG02.3attempt_0633_1_ch504_file33_strand.fast5	2145684
data/AshkenazimTrio/HG002_NA24385_son/CORNELL_Oxford_Nanopore/oxford_PC_HG02.3attempt_0633_1_ch504_file42_strand.fast5	2041731
data/AshkenazimTrio/HG002_NA24385_son/CORNELL_Oxford_Nanopore/oxford_PC_HG02.3attempt_0633_1_ch504_file5_strand.fast5	1153931
data/AshkenazimTrio/HG002_NA24385_son/CORNELL_Oxford_Nanopore/oxford_PC_HG02.3attempt_0633_1_ch504_file64_strand.fast5	1450902
data/AshkenazimTrio/HG002_NA24385_son/CORNELL_Oxford_Nanopore/oxford_PC_HG02.3attempt_0633_1_ch504_file72_strand.fast5	572869
data/AshkenazimTrio/HG002_NA24385_son/CORNELL_Oxford_Nanopore/oxford_PC_HG02.3attempt_0633_1_ch504_file73_strand.fast5	2286820
data/AshkenazimTrio/HG002_NA24385_son/CORNELL_Oxford_Nanopore/oxford_PC_HG02.3attempt_0633_1_ch504_file77_strand.fast5	2812868
data/AshkenazimTrio/HG002_NA24385_son/CORNELL_Oxford_Nanopore/oxford_PC_HG02.3attempt_0633_1_ch504_file80_strand.fast5	2625043
data/AshkenazimTrio/HG002_NA24385_son/CORNELL_Oxford_Nanopore/oxford_PC_HG02.3attempt_0633_1_ch506_file13_strand.fast5	586013
data/AshkenazimTrio/HG002_NA24385_son/CORNELL_Oxford_Nanopore/oxford_PC_HG02.3attempt_0633_1_ch507_file196_strand.fast5	1525265
data/AshkenazimTrio/HG002_NA24385_son/CORNELL_Oxford_Nanopore/oxford_PC_HG02.3attempt_0633_1_ch507_file198_strand.fast5	2238919
data/AshkenazimTrio/HG002_NA24385_son/CORNELL_Oxford_Nanopore/oxford_PC_HG02.3attempt_0633_1_ch507_file199_strand.fast5	1849540
data/AshkenazimTrio/HG002_NA24385_son/CORNELL_Oxford_Nanopore/oxford_PC_HG02.3attempt_0633_1_ch507_file212_strand.fast5	1662151
data/AshkenazimTrio/HG002_NA24385_son/CORNELL_Oxford_Nanopore/oxford_PC_HG02.3attempt_0633_1_ch507_file216_strand.fast5	2903431
data/AshkenazimTrio/HG002_NA24385_son/CORNELL_Oxford_Nanopore/oxford_PC_HG02.3attempt_0633_1_ch507_file227_strand.fast5	1792012
data/AshkenazimTrio/HG002_NA24385_son/CORNELL_Oxford_Nanopore/oxford_PC_HG02.3attempt_0633_1_ch508_file100_strand.fast5	1914582
data/AshkenazimTrio/HG002_NA24385_son/CORNELL_Oxford_Nanopore/oxford_PC_HG02.3attempt_0633_1_ch508_file11_strand.fast5	1603829
data/AshkenazimTrio/HG002_NA24385_son/CORNELL_Oxford_Nanopore/oxford_PC_HG02.3attempt_0633_1_ch508_file18_strand.fast5	1368886
data/AshkenazimTrio/HG002_NA24385_son/CORNELL_Oxford_Nanopore/oxford_PC_HG02.3attempt_0633_1_ch508_file4_strand.fast5	1347566
data/AshkenazimTrio/HG002_NA24385_son/CORNELL_Oxford_Nanopore/oxford_PC_HG02.3attempt_0633_1_ch509_file10_strand.fast5	693330
data/AshkenazimTrio/HG002_NA24385_son/CORNELL_Oxford_Nanopore/oxford_PC_HG02.3attempt_0633_1_ch509_file13_strand.fast5	1435861
data/AshkenazimTrio/HG002_NA24385_son/CORNELL_Oxford_Nanopore/oxford_PC_HG02.3attempt_0633_1_ch509_file1_strand.fast5	1028056
data/AshkenazimTrio/HG002_NA24385_son/CORNELL_Oxford_Nanopore/oxford_PC_HG02.3attempt_0633_1_ch509_file2_strand.fast5	968701
data/AshkenazimTrio/HG002_NA24385_son/CORNELL_Oxford_Nanopore/oxford_PC_HG02.3attempt_0633_1_ch509_file9_strand.fast5	2324791
data/AshkenazimTrio/HG002_NA24385_son/CORNELL_Oxford_Nanopore/oxford_PC_HG02.3attempt_0633_1_ch510_file11_strand.fast5	739977
data/AshkenazimTrio/HG002_NA24385_son/CORNELL_Oxford_Nanopore/oxford_PC_HG02.3attempt_0633_1_ch510_file14_strand.fast5	796305
data/AshkenazimTrio/HG002_NA24385_son/CORNELL_Oxford_Nanopore/oxford_PC_HG02.3attempt_0633_1_ch510_file20_strand.fast5	2643080
data/AshkenazimTrio/HG002_NA24385_son/CORNELL_Oxford_Nanopore/oxford_PC_HG02.3attempt_0633_1_ch52_file103_strand.fast5	2391640
data/AshkenazimTrio/HG002_NA24385_son/CORNELL_Oxford_Nanopore/oxford_PC_HG02.3attempt_0633_1_ch52_file105_strand.fast5	874146
data/AshkenazimTrio/HG002_NA24385_son/CORNELL_Oxford_Nanopore/oxford_PC_HG02.3attempt_0633_1_ch52_file160_strand.fast5	2324647
data/AshkenazimTrio/HG002_NA24385_son/CORNELL_Oxford_Nanopore/oxford_PC_HG02.3attempt_0633_1_ch52_file46_strand.fast5	1930823
data/AshkenazimTrio/HG002_NA24385_son/CORNELL_Oxford_Nanopore/oxford_PC_HG02.3attempt_0633_1_ch52_file47_strand.fast5	1573454
data/AshkenazimTrio/HG002_NA24385_son/CORNELL_Oxford_Nanopore/oxford_PC_HG02.3attempt_0633_1_ch52_file66_strand.fast5	526797
data/AshkenazimTrio/HG002_NA24385_son/CORNELL_Oxford_Nanopore/oxford_PC_HG02.3attempt_0633_1_ch52_file69_strand.fast5	2335581
data/AshkenazimTrio/HG002_NA24385_son/CORNELL_Oxford_Nanopore/oxford_PC_HG02.3attempt_0633_1_ch52_file76_strand.fast5	2738932
data/AshkenazimTrio/HG002_NA24385_son/CORNELL_Oxford_Nanopore/oxford_PC_HG02.3attempt_0633_1_ch53_file0_strand.fast5	2339454
data/AshkenazimTrio/HG002_NA24385_son/CORNELL_Oxford_Nanopore/oxford_PC_HG02.3attempt_0633_1_ch54_file15_strand.fast5	2706513
data/AshkenazimTrio/HG002_NA24385_son/CORNELL_Oxford_Nanopore/oxford_PC_HG02.3attempt_0633_1_ch54_file16_strand.fast5	2130342
data/AshkenazimTrio/HG002_NA24385_son/CORNELL_Oxford_Nanopore/oxford_PC_HG02.3attempt_0633_1_ch54_file3_strand.fast5	628854
data/AshkenazimTrio/HG002_NA24385_son/CORNELL_Oxford_Nanopore/oxford_PC_HG02.3attempt_0633_1_ch54_file4_strand.fast5	1681444
data/AshkenazimTrio/HG002_NA24385_son/CORNELL_Oxford_Nanopore/oxford_PC_HG02.3attempt_0633_1_ch54_file6_strand.fast5	3501834
data/AshkenazimTrio/HG002_NA24385_son/CORNELL_Oxford_Nanopore/oxford_PC_HG02.3attempt_0633_1_ch55_file5_strand.fast5	1713260
data/AshkenazimTrio/HG002_NA24385_son/CORNELL_Oxford_Nanopore/oxford_PC_HG02.3attempt_0633_1_ch56_file47_strand.fast5	2713349
data/AshkenazimTrio/HG002_NA24385_son/CORNELL_Oxford_Nanopore/oxford_PC_HG02.3attempt_0633_1_ch58_file139_strand.fast5	3439193
data/AshkenazimTrio/HG002_NA24385_son/CORNELL_Oxford_Nanopore/oxford_PC_HG02.3attempt_0633_1_ch58_file14_strand.fast5	1475182
data/AshkenazimTrio/HG002_NA24385_son/CORNELL_Oxford_Nanopore/oxford_PC_HG02.3attempt_0633_1_ch58_file28_strand.fast5	1869320
data/AshkenazimTrio/HG002_NA24385_son/CORNELL_Oxford_Nanopore/oxford_PC_HG02.3attempt_0633_1_ch58_file78_strand.fast5	3251783
data/AshkenazimTrio/HG002_NA24385_son/CORNELL_Oxford_Nanopore/oxford_PC_HG02.3attempt_0633_1_ch58_file94_strand.fast5	402731
data/AshkenazimTrio/HG002_NA24385_son/CORNELL_Oxford_Nanopore/oxford_PC_HG02.3attempt_0633_1_ch59_file124_strand.fast5	1343840
data/AshkenazimTrio/HG002_NA24385_son/CORNELL_Oxford_Nanopore/oxford_PC_HG02.3attempt_0633_1_ch59_file4_strand.fast5	4081472
data/AshkenazimTrio/HG002_NA24385_son/CORNELL_Oxford_Nanopore/oxford_PC_HG02.3attempt_0633_1_ch59_file6_strand.fast5	2173418
data/AshkenazimTrio/HG002_NA24385_son/CORNELL_Oxford_Nanopore/oxford_PC_HG02.3attempt_0633_1_ch5_file11_strand.fast5	2158843
data/AshkenazimTrio/HG002_NA24385_son/CORNELL_Oxford_Nanopore/oxford_PC_HG02.3attempt_0633_1_ch5_file16_strand.fast5	2369904
data/AshkenazimTrio/HG002_NA24385_son/CORNELL_Oxford_Nanopore/oxford_PC_HG02.3attempt_0633_1_ch5_file3_strand.fast5	1261993
data/AshkenazimTrio/HG002_NA24385_son/CORNELL_Oxford_Nanopore/oxford_PC_HG02.3attempt_0633_1_ch5_file57_strand.fast5	2141251
data/AshkenazimTrio/HG002_NA24385_son/CORNELL_Oxford_Nanopore/oxford_PC_HG02.3attempt_0633_1_ch5_file66_strand.fast5	7209611
data/AshkenazimTrio/HG002_NA24385_son/CORNELL_Oxford_Nanopore/oxford_PC_HG02.3attempt_0633_1_ch61_file10_strand.fast5	542675
data/AshkenazimTrio/HG002_NA24385_son/CORNELL_Oxford_Nanopore/oxford_PC_HG02.3attempt_0633_1_ch61_file18_strand.fast5	2136434
data/AshkenazimTrio/HG002_NA24385_son/CORNELL_Oxford_Nanopore/oxford_PC_HG02.3attempt_0633_1_ch61_file24_strand.fast5	1926943
data/AshkenazimTrio/HG002_NA24385_son/CORNELL_Oxford_Nanopore/oxford_PC_HG02.3attempt_0633_1_ch61_file26_strand.fast5	1757417
data/AshkenazimTrio/HG002_NA24385_son/CORNELL_Oxford_Nanopore/oxford_PC_HG02.3attempt_0633_1_ch61_file8_strand.fast5	3514674
data/AshkenazimTrio/HG002_NA24385_son/CORNELL_Oxford_Nanopore/oxford_PC_HG02.3attempt_0633_1_ch63_file4_strand.fast5	3215888
data/AshkenazimTrio/HG002_NA24385_son/CORNELL_Oxford_Nanopore/oxford_PC_HG02.3attempt_0633_1_ch63_file6_strand.fast5	1520823
data/AshkenazimTrio/HG002_NA24385_son/CORNELL_Oxford_Nanopore/oxford_PC_HG02.3attempt_0633_1_ch64_file15_strand.fast5	2504515
data/AshkenazimTrio/HG002_NA24385_son/CORNELL_Oxford_Nanopore/oxford_PC_HG02.3attempt_0633_1_ch64_file46_strand.fast5	600085
data/AshkenazimTrio/HG002_NA24385_son/CORNELL_Oxford_Nanopore/oxford_PC_HG02.3attempt_0633_1_ch64_file6_strand.fast5	1229810
data/AshkenazimTrio/HG002_NA24385_son/CORNELL_Oxford_Nanopore/oxford_PC_HG02.3attempt_0633_1_ch65_file112_strand.fast5	859160
data/AshkenazimTrio/HG002_NA24385_son/CORNELL_Oxford_Nanopore/oxford_PC_HG02.3attempt_0633_1_ch65_file14_strand.fast5	2649279
data/AshkenazimTrio/HG002_NA24385_son/CORNELL_Oxford_Nanopore/oxford_PC_HG02.3attempt_0633_1_ch65_file16_strand.fast5	1299478
data/AshkenazimTrio/HG002_NA24385_son/CORNELL_Oxford_Nanopore/oxford_PC_HG02.3attempt_0633_1_ch65_file2_strand.fast5	793870
data/AshkenazimTrio/HG002_NA24385_son/CORNELL_Oxford_Nanopore/oxford_PC_HG02.3attempt_0633_1_ch65_file4_strand.fast5	4941201
data/AshkenazimTrio/HG002_NA24385_son/CORNELL_Oxford_Nanopore/oxford_PC_HG02.3attempt_0633_1_ch65_file64_strand.fast5	4015443
data/AshkenazimTrio/HG002_NA24385_son/CORNELL_Oxford_Nanopore/oxford_PC_HG02.3attempt_0633_1_ch65_file71_strand.fast5	2284907
data/AshkenazimTrio/HG002_NA24385_son/CORNELL_Oxford_Nanopore/oxford_PC_HG02.3attempt_0633_1_ch65_file78_strand.fast5	2328984
data/AshkenazimTrio/HG002_NA24385_son/CORNELL_Oxford_Nanopore/oxford_PC_HG02.3attempt_0633_1_ch65_file81_strand.fast5	1992968
data/AshkenazimTrio/HG002_NA24385_son/CORNELL_Oxford_Nanopore/oxford_PC_HG02.3attempt_0633_1_ch65_file82_strand.fast5	2673988
data/AshkenazimTrio/HG002_NA24385_son/CORNELL_Oxford_Nanopore/oxford_PC_HG02.3attempt_0633_1_ch65_file83_strand.fast5	1997462
data/AshkenazimTrio/HG002_NA24385_son/CORNELL_Oxford_Nanopore/oxford_PC_HG02.3attempt_0633_1_ch65_file88_strand.fast5	1437566
data/AshkenazimTrio/HG002_NA24385_son/CORNELL_Oxford_Nanopore/oxford_PC_HG02.3attempt_0633_1_ch65_file98_strand.fast5	1887136
data/AshkenazimTrio/HG002_NA24385_son/CORNELL_Oxford_Nanopore/oxford_PC_HG02.3attempt_0633_1_ch66_file0_strand.fast5	1316254
data/AshkenazimTrio/HG002_NA24385_son/CORNELL_Oxford_Nanopore/oxford_PC_HG02.3attempt_0633_1_ch66_file13_strand.fast5	2570994
data/AshkenazimTrio/HG002_NA24385_son/CORNELL_Oxford_Nanopore/oxford_PC_HG02.3attempt_0633_1_ch66_file24_strand.fast5	2539133
data/AshkenazimTrio/HG002_NA24385_son/CORNELL_Oxford_Nanopore/oxford_PC_HG02.3attempt_0633_1_ch66_file32_strand.fast5	1773752
data/AshkenazimTrio/HG002_NA24385_son/CORNELL_Oxford_Nanopore/oxford_PC_HG02.3attempt_0633_1_ch66_file55_strand.fast5	2553658
data/AshkenazimTrio/HG002_NA24385_son/CORNELL_Oxford_Nanopore/oxford_PC_HG02.3attempt_0633_1_ch66_file59_strand.fast5	1958587
data/AshkenazimTrio/HG002_NA24385_son/CORNELL_Oxford_Nanopore/oxford_PC_HG02.3attempt_0633_1_ch66_file61_strand.fast5	1427611
data/AshkenazimTrio/HG002_NA24385_son/CORNELL_Oxford_Nanopore/oxford_PC_HG02.3attempt_0633_1_ch66_file63_strand.fast5	676748
data/AshkenazimTrio/HG002_NA24385_son/CORNELL_Oxford_Nanopore/oxford_PC_HG02.3attempt_0633_1_ch66_file66_strand.fast5	4184307
data/AshkenazimTrio/HG002_NA24385_son/CORNELL_Oxford_Nanopore/oxford_PC_HG02.3attempt_0633_1_ch66_file70_strand.fast5	1037832
data/AshkenazimTrio/HG002_NA24385_son/CORNELL_Oxford_Nanopore/oxford_PC_HG02.3attempt_0633_1_ch66_file74_strand.fast5	2580025
data/AshkenazimTrio/HG002_NA24385_son/CORNELL_Oxford_Nanopore/oxford_PC_HG02.3attempt_0633_1_ch66_file7_strand.fast5	879021
data/AshkenazimTrio/HG002_NA24385_son/CORNELL_Oxford_Nanopore/oxford_PC_HG02.3attempt_0633_1_ch66_file90_strand.fast5	1671599
data/AshkenazimTrio/HG002_NA24385_son/CORNELL_Oxford_Nanopore/oxford_PC_HG02.3attempt_0633_1_ch66_file91_strand.fast5	3571632
data/AshkenazimTrio/HG002_NA24385_son/CORNELL_Oxford_Nanopore/oxford_PC_HG02.3attempt_0633_1_ch66_file9_strand.fast5	1614681
data/AshkenazimTrio/HG002_NA24385_son/CORNELL_Oxford_Nanopore/oxford_PC_HG02.3attempt_0633_1_ch67_file110_strand.fast5	1269470
data/AshkenazimTrio/HG002_NA24385_son/CORNELL_Oxford_Nanopore/oxford_PC_HG02.3attempt_0633_1_ch67_file130_strand.fast5	2636210
data/AshkenazimTrio/HG002_NA24385_son/CORNELL_Oxford_Nanopore/oxford_PC_HG02.3attempt_0633_1_ch67_file17_strand.fast5	1658578
data/AshkenazimTrio/HG002_NA24385_son/CORNELL_Oxford_Nanopore/oxford_PC_HG02.3attempt_0633_1_ch67_file55_strand.fast5	3037078
data/AshkenazimTrio/HG002_NA24385_son/CORNELL_Oxford_Nanopore/oxford_PC_HG02.3attempt_0633_1_ch67_file60_strand.fast5	1809838
data/AshkenazimTrio/HG002_NA24385_son/CORNELL_Oxford_Nanopore/oxford_PC_HG02.3attempt_0633_1_ch67_file73_strand.fast5	2481316
data/AshkenazimTrio/HG002_NA24385_son/CORNELL_Oxford_Nanopore/oxford_PC_HG02.3attempt_0633_1_ch67_file8_strand.fast5	1428696
data/AshkenazimTrio/HG002_NA24385_son/CORNELL_Oxford_Nanopore/oxford_PC_HG02.3attempt_0633_1_ch68_file102_strand.fast5	4299154
data/AshkenazimTrio/HG002_NA24385_son/CORNELL_Oxford_Nanopore/oxford_PC_HG02.3attempt_0633_1_ch68_file103_strand.fast5	2148827
data/AshkenazimTrio/HG002_NA24385_son/CORNELL_Oxford_Nanopore/oxford_PC_HG02.3attempt_0633_1_ch68_file18_strand.fast5	2582125
data/AshkenazimTrio/HG002_NA24385_son/CORNELL_Oxford_Nanopore/oxford_PC_HG02.3attempt_0633_1_ch68_file26_strand.fast5	2711017
data/AshkenazimTrio/HG002_NA24385_son/CORNELL_Oxford_Nanopore/oxford_PC_HG02.3attempt_0633_1_ch68_file2_strand.fast5	1442751
data/AshkenazimTrio/HG002_NA24385_son/CORNELL_Oxford_Nanopore/oxford_PC_HG02.3attempt_0633_1_ch68_file36_strand.fast5	2268183
data/AshkenazimTrio/HG002_NA24385_son/CORNELL_Oxford_Nanopore/oxford_PC_HG02.3attempt_0633_1_ch68_file4_strand.fast5	2072039
data/AshkenazimTrio/HG002_NA24385_son/CORNELL_Oxford_Nanopore/oxford_PC_HG02.3attempt_0633_1_ch68_file62_strand.fast5	2208869
data/AshkenazimTrio/HG002_NA24385_son/CORNELL_Oxford_Nanopore/oxford_PC_HG02.3attempt_0633_1_ch68_file6_strand.fast5	2341174
data/AshkenazimTrio/HG002_NA24385_son/CORNELL_Oxford_Nanopore/oxford_PC_HG02.3attempt_0633_1_ch68_file9_strand.fast5	1891966
data/AshkenazimTrio/HG002_NA24385_son/CORNELL_Oxford_Nanopore/oxford_PC_HG02.3attempt_0633_1_ch69_file122_strand.fast5	1182139
data/AshkenazimTrio/HG002_NA24385_son/CORNELL_Oxford_Nanopore/oxford_PC_HG02.3attempt_0633_1_ch69_file12_strand.fast5	2585957
data/AshkenazimTrio/HG002_NA24385_son/CORNELL_Oxford_Nanopore/oxford_PC_HG02.3attempt_0633_1_ch69_file19_strand.fast5	705288
data/AshkenazimTrio/HG002_NA24385_son/CORNELL_Oxford_Nanopore/oxford_PC_HG02.3attempt_0633_1_ch69_file22_strand.fast5	1241943
data/AshkenazimTrio/HG002_NA24385_son/CORNELL_Oxford_Nanopore/oxford_PC_HG02.3attempt_0633_1_ch69_file24_strand.fast5	1132528
data/AshkenazimTrio/HG002_NA24385_son/CORNELL_Oxford_Nanopore/oxford_PC_HG02.3attempt_0633_1_ch69_file33_strand.fast5	1863195
data/AshkenazimTrio/HG002_NA24385_son/CORNELL_Oxford_Nanopore/oxford_PC_HG02.3attempt_0633_1_ch69_file35_strand.fast5	507794
data/AshkenazimTrio/HG002_NA24385_son/CORNELL_Oxford_Nanopore/oxford_PC_HG02.3attempt_0633_1_ch69_file36_strand.fast5	818976
data/AshkenazimTrio/HG002_NA24385_son/CORNELL_Oxford_Nanopore/oxford_PC_HG02.3attempt_0633_1_ch69_file3_strand.fast5	707380
data/AshkenazimTrio/HG002_NA24385_son/CORNELL_Oxford_Nanopore/oxford_PC_HG02.3attempt_0633_1_ch69_file41_strand.fast5	2059160
data/AshkenazimTrio/HG002_NA24385_son/CORNELL_Oxford_Nanopore/oxford_PC_HG02.3attempt_0633_1_ch69_file42_strand.fast5	1458991
data/AshkenazimTrio/HG002_NA24385_son/CORNELL_Oxford_Nanopore/oxford_PC_HG02.3attempt_0633_1_ch69_file48_strand.fast5	779280
data/AshkenazimTrio/HG002_NA24385_son/CORNELL_Oxford_Nanopore/oxford_PC_HG02.3attempt_0633_1_ch6_file4_strand.fast5	2749969
data/AshkenazimTrio/HG002_NA24385_son/CORNELL_Oxford_Nanopore/oxford_PC_HG02.3attempt_0633_1_ch70_file13_strand.fast5	1207343
data/AshkenazimTrio/HG002_NA24385_son/CORNELL_Oxford_Nanopore/oxford_PC_HG02.3attempt_0633_1_ch70_file183_strand.fast5	2932431
data/AshkenazimTrio/HG002_NA24385_son/CORNELL_Oxford_Nanopore/oxford_PC_HG02.3attempt_0633_1_ch70_file197_strand.fast5	2861894
data/AshkenazimTrio/HG002_NA24385_son/CORNELL_Oxford_Nanopore/oxford_PC_HG02.3attempt_0633_1_ch70_file1_strand.fast5	2293581
data/AshkenazimTrio/HG002_NA24385_son/CORNELL_Oxford_Nanopore/oxford_PC_HG02.3attempt_0633_1_ch70_file23_strand.fast5	1224530
data/AshkenazimTrio/HG002_NA24385_son/CORNELL_Oxford_Nanopore/oxford_PC_HG02.3attempt_0633_1_ch70_file28_strand.fast5	931519
data/AshkenazimTrio/HG002_NA24385_son/CORNELL_Oxford_Nanopore/oxford_PC_HG02.3attempt_0633_1_ch70_file38_strand.fast5	2076031
data/AshkenazimTrio/HG002_NA24385_son/CORNELL_Oxford_Nanopore/oxford_PC_HG02.3attempt_0633_1_ch70_file46_strand.fast5	2205360
data/AshkenazimTrio/HG002_NA24385_son/CORNELL_Oxford_Nanopore/oxford_PC_HG02.3attempt_0633_1_ch70_file5_strand.fast5	2323637
data/AshkenazimTrio/HG002_NA24385_son/CORNELL_Oxford_Nanopore/oxford_PC_HG02.3attempt_0633_1_ch70_file6_strand.fast5	1425382
data/AshkenazimTrio/HG002_NA24385_son/CORNELL_Oxford_Nanopore/oxford_PC_HG02.3attempt_0633_1_ch71_file102_strand.fast5	1784518
data/AshkenazimTrio/HG002_NA24385_son/CORNELL_Oxford_Nanopore/oxford_PC_HG02.3attempt_0633_1_ch71_file119_strand.fast5	731772
data/AshkenazimTrio/HG002_NA24385_son/CORNELL_Oxford_Nanopore/oxford_PC_HG02.3attempt_0633_1_ch71_file125_strand.fast5	987758
data/AshkenazimTrio/HG002_NA24385_son/CORNELL_Oxford_Nanopore/oxford_PC_HG02.3attempt_0633_1_ch71_file130_strand.fast5	2823065
data/AshkenazimTrio/HG002_NA24385_son/CORNELL_Oxford_Nanopore/oxford_PC_HG02.3attempt_0633_1_ch71_file158_strand.fast5	1667455
data/AshkenazimTrio/HG002_NA24385_son/CORNELL_Oxford_Nanopore/oxford_PC_HG02.3attempt_0633_1_ch71_file168_strand.fast5	1717179
data/AshkenazimTrio/HG002_NA24385_son/CORNELL_Oxford_Nanopore/oxford_PC_HG02.3attempt_0633_1_ch71_file16_strand.fast5	1973642
data/AshkenazimTrio/HG002_NA24385_son/CORNELL_Oxford_Nanopore/oxford_PC_HG02.3attempt_0633_1_ch71_file173_strand.fast5	3062799
data/AshkenazimTrio/HG002_NA24385_son/CORNELL_Oxford_Nanopore/oxford_PC_HG02.3attempt_0633_1_ch71_file27_strand.fast5	488272
data/AshkenazimTrio/HG002_NA24385_son/CORNELL_Oxford_Nanopore/oxford_PC_HG02.3attempt_0633_1_ch71_file35_strand.fast5	1631279
data/AshkenazimTrio/HG002_NA24385_son/CORNELL_Oxford_Nanopore/oxford_PC_HG02.3attempt_0633_1_ch71_file3_strand.fast5	1514451
data/AshkenazimTrio/HG002_NA24385_son/CORNELL_Oxford_Nanopore/oxford_PC_HG02.3attempt_0633_1_ch71_file43_strand.fast5	3027129
data/AshkenazimTrio/HG002_NA24385_son/CORNELL_Oxford_Nanopore/oxford_PC_HG02.3attempt_0633_1_ch71_file5_strand.fast5	3182792
data/AshkenazimTrio/HG002_NA24385_son/CORNELL_Oxford_Nanopore/oxford_PC_HG02.3attempt_0633_1_ch71_file60_strand.fast5	2231790
data/AshkenazimTrio/HG002_NA24385_son/CORNELL_Oxford_Nanopore/oxford_PC_HG02.3attempt_0633_1_ch71_file7_strand.fast5	3211402
data/AshkenazimTrio/HG002_NA24385_son/CORNELL_Oxford_Nanopore/oxford_PC_HG02.3attempt_0633_1_ch71_file80_strand.fast5	2870686
data/AshkenazimTrio/HG002_NA24385_son/CORNELL_Oxford_Nanopore/oxford_PC_HG02.3attempt_0633_1_ch71_file87_strand.fast5	3464755
data/AshkenazimTrio/HG002_NA24385_son/CORNELL_Oxford_Nanopore/oxford_PC_HG02.3attempt_0633_1_ch72_file12_strand.fast5	821390
data/AshkenazimTrio/HG002_NA24385_son/CORNELL_Oxford_Nanopore/oxford_PC_HG02.3attempt_0633_1_ch72_file16_strand.fast5	1161872
data/AshkenazimTrio/HG002_NA24385_son/CORNELL_Oxford_Nanopore/oxford_PC_HG02.3attempt_0633_1_ch73_file100_strand.fast5	1898700
data/AshkenazimTrio/HG002_NA24385_son/CORNELL_Oxford_Nanopore/oxford_PC_HG02.3attempt_0633_1_ch73_file17_strand.fast5	1192050
data/AshkenazimTrio/HG002_NA24385_son/CORNELL_Oxford_Nanopore/oxford_PC_HG02.3attempt_0633_1_ch73_file4_strand.fast5	808103
data/AshkenazimTrio/HG002_NA24385_son/CORNELL_Oxford_Nanopore/oxford_PC_HG02.3attempt_0633_1_ch74_file113_strand.fast5	3575735
data/AshkenazimTrio/HG002_NA24385_son/CORNELL_Oxford_Nanopore/oxford_PC_HG02.3attempt_0633_1_ch74_file12_strand.fast5	2272846
data/AshkenazimTrio/HG002_NA24385_son/CORNELL_Oxford_Nanopore/oxford_PC_HG02.3attempt_0633_1_ch74_file14_strand.fast5	3052909
data/AshkenazimTrio/HG002_NA24385_son/CORNELL_Oxford_Nanopore/oxford_PC_HG02.3attempt_0633_1_ch74_file17_strand.fast5	1652876
data/AshkenazimTrio/HG002_NA24385_son/CORNELL_Oxford_Nanopore/oxford_PC_HG02.3attempt_0633_1_ch74_file19_strand.fast5	1975286
data/AshkenazimTrio/HG002_NA24385_son/CORNELL_Oxford_Nanopore/oxford_PC_HG02.3attempt_0633_1_ch74_file20_strand.fast5	1717638
data/AshkenazimTrio/HG002_NA24385_son/CORNELL_Oxford_Nanopore/oxford_PC_HG02.3attempt_0633_1_ch74_file23_strand.fast5	654439
data/AshkenazimTrio/HG002_NA24385_son/CORNELL_Oxford_Nanopore/oxford_PC_HG02.3attempt_0633_1_ch74_file4_strand.fast5	1434802
data/AshkenazimTrio/HG002_NA24385_son/CORNELL_Oxford_Nanopore/oxford_PC_HG02.3attempt_0633_1_ch74_file51_strand.fast5	1754133
data/AshkenazimTrio/HG002_NA24385_son/CORNELL_Oxford_Nanopore/oxford_PC_HG02.3attempt_0633_1_ch74_file6_strand.fast5	3415453
data/AshkenazimTrio/HG002_NA24385_son/CORNELL_Oxford_Nanopore/oxford_PC_HG02.3attempt_0633_1_ch74_file7_strand.fast5	926607
data/AshkenazimTrio/HG002_NA24385_son/CORNELL_Oxford_Nanopore/oxford_PC_HG02.3attempt_0633_1_ch74_file81_strand.fast5	502561
data/AshkenazimTrio/HG002_NA24385_son/CORNELL_Oxford_Nanopore/oxford_PC_HG02.3attempt_0633_1_ch75_file13_strand.fast5	1839266
data/AshkenazimTrio/HG002_NA24385_son/CORNELL_Oxford_Nanopore/oxford_PC_HG02.3attempt_0633_1_ch75_file6_strand.fast5	992985
data/AshkenazimTrio/HG002_NA24385_son/CORNELL_Oxford_Nanopore/oxford_PC_HG02.3attempt_0633_1_ch76_file107_strand.fast5	2289579
data/AshkenazimTrio/HG002_NA24385_son/CORNELL_Oxford_Nanopore/oxford_PC_HG02.3attempt_0633_1_ch76_file10_strand.fast5	1952163
data/AshkenazimTrio/HG002_NA24385_son/CORNELL_Oxford_Nanopore/oxford_PC_HG02.3attempt_0633_1_ch76_file114_strand.fast5	508343
data/AshkenazimTrio/HG002_NA24385_son/CORNELL_Oxford_Nanopore/oxford_PC_HG02.3attempt_0633_1_ch76_file115_strand.fast5	2224239
data/AshkenazimTrio/HG002_NA24385_son/CORNELL_Oxford_Nanopore/oxford_PC_HG02.3attempt_0633_1_ch76_file15_strand.fast5	1599918
data/AshkenazimTrio/HG002_NA24385_son/CORNELL_Oxford_Nanopore/oxford_PC_HG02.3attempt_0633_1_ch76_file1_strand.fast5	2492929
data/AshkenazimTrio/HG002_NA24385_son/CORNELL_Oxford_Nanopore/oxford_PC_HG02.3attempt_0633_1_ch76_file31_strand.fast5	3762806
data/AshkenazimTrio/HG002_NA24385_son/CORNELL_Oxford_Nanopore/oxford_PC_HG02.3attempt_0633_1_ch76_file3_strand.fast5	2702276
data/AshkenazimTrio/HG002_NA24385_son/CORNELL_Oxford_Nanopore/oxford_PC_HG02.3attempt_0633_1_ch76_file41_strand.fast5	2957363
data/AshkenazimTrio/HG002_NA24385_son/CORNELL_Oxford_Nanopore/oxford_PC_HG02.3attempt_0633_1_ch76_file42_strand.fast5	1313501
data/AshkenazimTrio/HG002_NA24385_son/CORNELL_Oxford_Nanopore/oxford_PC_HG02.3attempt_0633_1_ch76_file43_strand.fast5	3080980
data/AshkenazimTrio/HG002_NA24385_son/CORNELL_Oxford_Nanopore/oxford_PC_HG02.3attempt_0633_1_ch76_file48_strand.fast5	1379321
data/AshkenazimTrio/HG002_NA24385_son/CORNELL_Oxford_Nanopore/oxford_PC_HG02.3attempt_0633_1_ch76_file5_strand.fast5	2165512
data/AshkenazimTrio/HG002_NA24385_son/CORNELL_Oxford_Nanopore/oxford_PC_HG02.3attempt_0633_1_ch76_file68_strand.fast5	615549
data/AshkenazimTrio/HG002_NA24385_son/CORNELL_Oxford_Nanopore/oxford_PC_HG02.3attempt_0633_1_ch76_file74_strand.fast5	4768974
data/AshkenazimTrio/HG002_NA24385_son/CORNELL_Oxford_Nanopore/oxford_PC_HG02.3attempt_0633_1_ch76_file85_strand.fast5	1960142
data/AshkenazimTrio/HG002_NA24385_son/CORNELL_Oxford_Nanopore/oxford_PC_HG02.3attempt_0633_1_ch76_file96_strand.fast5	2795530
data/AshkenazimTrio/HG002_NA24385_son/CORNELL_Oxford_Nanopore/oxford_PC_HG02.3attempt_0633_1_ch77_file18_strand.fast5	2351688
data/AshkenazimTrio/HG002_NA24385_son/CORNELL_Oxford_Nanopore/oxford_PC_HG02.3attempt_0633_1_ch77_file7_strand.fast5	1804608
data/AshkenazimTrio/HG002_NA24385_son/CORNELL_Oxford_Nanopore/oxford_PC_HG02.3attempt_0633_1_ch77_file8_strand.fast5	1723638
data/AshkenazimTrio/HG002_NA24385_son/CORNELL_Oxford_Nanopore/oxford_PC_HG02.3attempt_0633_1_ch79_file19_strand.fast5	375713
data/AshkenazimTrio/HG002_NA24385_son/CORNELL_Oxford_Nanopore/oxford_PC_HG02.3attempt_0633_1_ch79_file24_strand.fast5	2397072
data/AshkenazimTrio/HG002_NA24385_son/CORNELL_Oxford_Nanopore/oxford_PC_HG02.3attempt_0633_1_ch79_file55_strand.fast5	1056311
data/AshkenazimTrio/HG002_NA24385_son/CORNELL_Oxford_Nanopore/oxford_PC_HG02.3attempt_0633_1_ch79_file59_strand.fast5	1209405
data/AshkenazimTrio/HG002_NA24385_son/CORNELL_Oxford_Nanopore/oxford_PC_HG02.3attempt_0633_1_ch79_file6_strand.fast5	3647003
data/AshkenazimTrio/HG002_NA24385_son/CORNELL_Oxford_Nanopore/oxford_PC_HG02.3attempt_0633_1_ch79_file7_strand.fast5	1396195
data/AshkenazimTrio/HG002_NA24385_son/CORNELL_Oxford_Nanopore/oxford_PC_HG02.3attempt_0633_1_ch79_file84_strand.fast5	2434259
data/AshkenazimTrio/HG002_NA24385_son/CORNELL_Oxford_Nanopore/oxford_PC_HG02.3attempt_0633_1_ch79_file89_strand.fast5	1870700
data/AshkenazimTrio/HG002_NA24385_son/CORNELL_Oxford_Nanopore/oxford_PC_HG02.3attempt_0633_1_ch79_file8_strand.fast5	1068410
data/AshkenazimTrio/HG002_NA24385_son/CORNELL_Oxford_Nanopore/oxford_PC_HG02.3attempt_0633_1_ch79_file91_strand.fast5	6805038
data/AshkenazimTrio/HG002_NA24385_son/CORNELL_Oxford_Nanopore/oxford_PC_HG02.3attempt_0633_1_ch79_file92_strand.fast5	2303983
data/AshkenazimTrio/HG002_NA24385_son/CORNELL_Oxford_Nanopore/oxford_PC_HG02.3attempt_0633_1_ch7_file2_strand.fast5	488543
data/AshkenazimTrio/HG002_NA24385_son/CORNELL_Oxford_Nanopore/oxford_PC_HG02.3attempt_0633_1_ch7_file44_strand.fast5	1745715
data/AshkenazimTrio/HG002_NA24385_son/CORNELL_Oxford_Nanopore/oxford_PC_HG02.3attempt_0633_1_ch81_file14_strand.fast5	587551
data/AshkenazimTrio/HG002_NA24385_son/CORNELL_Oxford_Nanopore/oxford_PC_HG02.3attempt_0633_1_ch81_file22_strand.fast5	2832661
data/AshkenazimTrio/HG002_NA24385_son/CORNELL_Oxford_Nanopore/oxford_PC_HG02.3attempt_0633_1_ch81_file25_strand.fast5	1918877
data/AshkenazimTrio/HG002_NA24385_son/CORNELL_Oxford_Nanopore/oxford_PC_HG02.3attempt_0633_1_ch81_file51_strand.fast5	1476770
data/AshkenazimTrio/HG002_NA24385_son/CORNELL_Oxford_Nanopore/oxford_PC_HG02.3attempt_0633_1_ch81_file68_strand.fast5	2670285
data/AshkenazimTrio/HG002_NA24385_son/CORNELL_Oxford_Nanopore/oxford_PC_HG02.3attempt_0633_1_ch81_file6_strand.fast5	2391933
data/AshkenazimTrio/HG002_NA24385_son/CORNELL_Oxford_Nanopore/oxford_PC_HG02.3attempt_0633_1_ch81_file81_strand.fast5	1407154
data/AshkenazimTrio/HG002_NA24385_son/CORNELL_Oxford_Nanopore/oxford_PC_HG02.3attempt_0633_1_ch81_file86_strand.fast5	1848439
data/AshkenazimTrio/HG002_NA24385_son/CORNELL_Oxford_Nanopore/oxford_PC_HG02.3attempt_0633_1_ch81_file8_strand.fast5	2727909
data/AshkenazimTrio/HG002_NA24385_son/CORNELL_Oxford_Nanopore/oxford_PC_HG02.3attempt_0633_1_ch81_file9_strand.fast5	2117242
data/AshkenazimTrio/HG002_NA24385_son/CORNELL_Oxford_Nanopore/oxford_PC_HG02.3attempt_0633_1_ch82_file108_strand.fast5	2316167
data/AshkenazimTrio/HG002_NA24385_son/CORNELL_Oxford_Nanopore/oxford_PC_HG02.3attempt_0633_1_ch82_file47_strand.fast5	2516960
data/AshkenazimTrio/HG002_NA24385_son/CORNELL_Oxford_Nanopore/oxford_PC_HG02.3attempt_0633_1_ch82_file62_strand.fast5	2753671
data/AshkenazimTrio/HG002_NA24385_son/CORNELL_Oxford_Nanopore/oxford_PC_HG02.3attempt_0633_1_ch82_file86_strand.fast5	2235435
data/AshkenazimTrio/HG002_NA24385_son/CORNELL_Oxford_Nanopore/oxford_PC_HG02.3attempt_0633_1_ch82_file91_strand.fast5	2008476
data/AshkenazimTrio/HG002_NA24385_son/CORNELL_Oxford_Nanopore/oxford_PC_HG02.3attempt_0633_1_ch83_file0_strand.fast5	3125913
data/AshkenazimTrio/HG002_NA24385_son/CORNELL_Oxford_Nanopore/oxford_PC_HG02.3attempt_0633_1_ch83_file1_strand.fast5	2449145
data/AshkenazimTrio/HG002_NA24385_son/CORNELL_Oxford_Nanopore/oxford_PC_HG02.3attempt_0633_1_ch83_file20_strand.fast5	1969866
data/AshkenazimTrio/HG002_NA24385_son/CORNELL_Oxford_Nanopore/oxford_PC_HG02.3attempt_0633_1_ch83_file9_strand.fast5	3079323
data/AshkenazimTrio/HG002_NA24385_son/CORNELL_Oxford_Nanopore/oxford_PC_HG02.3attempt_0633_1_ch84_file0_strand.fast5	1452347
data/AshkenazimTrio/HG002_NA24385_son/CORNELL_Oxford_Nanopore/oxford_PC_HG02.3attempt_0633_1_ch84_file104_strand.fast5	2352986
data/AshkenazimTrio/HG002_NA24385_son/CORNELL_Oxford_Nanopore/oxford_PC_HG02.3attempt_0633_1_ch84_file116_strand.fast5	2726026
data/AshkenazimTrio/HG002_NA24385_son/CORNELL_Oxford_Nanopore/oxford_PC_HG02.3attempt_0633_1_ch84_file25_strand.fast5	947406
data/AshkenazimTrio/HG002_NA24385_son/CORNELL_Oxford_Nanopore/oxford_PC_HG02.3attempt_0633_1_ch84_file41_strand.fast5	1276975
data/AshkenazimTrio/HG002_NA24385_son/CORNELL_Oxford_Nanopore/oxford_PC_HG02.3attempt_0633_1_ch84_file59_strand.fast5	2324799
data/AshkenazimTrio/HG002_NA24385_son/CORNELL_Oxford_Nanopore/oxford_PC_HG02.3attempt_0633_1_ch84_file61_strand.fast5	1930337
data/AshkenazimTrio/HG002_NA24385_son/CORNELL_Oxford_Nanopore/oxford_PC_HG02.3attempt_0633_1_ch84_file80_strand.fast5	2157672
data/AshkenazimTrio/HG002_NA24385_son/CORNELL_Oxford_Nanopore/oxford_PC_HG02.3attempt_0633_1_ch84_file88_strand.fast5	1149446
data/AshkenazimTrio/HG002_NA24385_son/CORNELL_Oxford_Nanopore/oxford_PC_HG02.3attempt_0633_1_ch85_file136_strand.fast5	2424166
data/AshkenazimTrio/HG002_NA24385_son/CORNELL_Oxford_Nanopore/oxford_PC_HG02.3attempt_0633_1_ch85_file14_strand.fast5	1859353
data/AshkenazimTrio/HG002_NA24385_son/CORNELL_Oxford_Nanopore/oxford_PC_HG02.3attempt_0633_1_ch85_file15_strand.fast5	1797415
data/AshkenazimTrio/HG002_NA24385_son/CORNELL_Oxford_Nanopore/oxford_PC_HG02.3attempt_0633_1_ch85_file163_strand.fast5	1505225
data/AshkenazimTrio/HG002_NA24385_son/CORNELL_Oxford_Nanopore/oxford_PC_HG02.3attempt_0633_1_ch85_file1_strand.fast5	1891171
data/AshkenazimTrio/HG002_NA24385_son/CORNELL_Oxford_Nanopore/oxford_PC_HG02.3attempt_0633_1_ch85_file39_strand.fast5	2263380
data/AshkenazimTrio/HG002_NA24385_son/CORNELL_Oxford_Nanopore/oxford_PC_HG02.3attempt_0633_1_ch85_file3_strand.fast5	1816473
data/AshkenazimTrio/HG002_NA24385_son/CORNELL_Oxford_Nanopore/oxford_PC_HG02.3attempt_0633_1_ch85_file41_strand.fast5	2933800
data/AshkenazimTrio/HG002_NA24385_son/CORNELL_Oxford_Nanopore/oxford_PC_HG02.3attempt_0633_1_ch85_file75_strand.fast5	895456
data/AshkenazimTrio/HG002_NA24385_son/CORNELL_Oxford_Nanopore/oxford_PC_HG02.3attempt_0633_1_ch85_file84_strand.fast5	721490
data/AshkenazimTrio/HG002_NA24385_son/CORNELL_Oxford_Nanopore/oxford_PC_HG02.3attempt_0633_1_ch85_file88_strand.fast5	2491061
data/AshkenazimTrio/HG002_NA24385_son/CORNELL_Oxford_Nanopore/oxford_PC_HG02.3attempt_0633_1_ch86_file2_strand.fast5	951405
data/AshkenazimTrio/HG002_NA24385_son/CORNELL_Oxford_Nanopore/oxford_PC_HG02.3attempt_0633_1_ch87_file65_strand.fast5	3197866
data/AshkenazimTrio/HG002_NA24385_son/CORNELL_Oxford_Nanopore/oxford_PC_HG02.3attempt_0633_1_ch87_file71_strand.fast5	3072099
data/AshkenazimTrio/HG002_NA24385_son/CORNELL_Oxford_Nanopore/oxford_PC_HG02.3attempt_0633_1_ch89_file24_strand.fast5	1913868
data/AshkenazimTrio/HG002_NA24385_son/CORNELL_Oxford_Nanopore/oxford_PC_HG02.3attempt_0633_1_ch89_file32_strand.fast5	1671741
data/AshkenazimTrio/HG002_NA24385_son/CORNELL_Oxford_Nanopore/oxford_PC_HG02.3attempt_0633_1_ch89_file54_strand.fast5	1694664
data/AshkenazimTrio/HG002_NA24385_son/CORNELL_Oxford_Nanopore/oxford_PC_HG02.3attempt_0633_1_ch89_file55_strand.fast5	2018006
data/AshkenazimTrio/HG002_NA24385_son/CORNELL_Oxford_Nanopore/oxford_PC_HG02.3attempt_0633_1_ch89_file82_strand.fast5	2076542
data/AshkenazimTrio/HG002_NA24385_son/CORNELL_Oxford_Nanopore/oxford_PC_HG02.3attempt_0633_1_ch8_file107_strand.fast5	2977829
data/AshkenazimTrio/HG002_NA24385_son/CORNELL_Oxford_Nanopore/oxford_PC_HG02.3attempt_0633_1_ch8_file15_strand.fast5	2233661
data/AshkenazimTrio/HG002_NA24385_son/CORNELL_Oxford_Nanopore/oxford_PC_HG02.3attempt_0633_1_ch8_file81_strand.fast5	2353911
data/AshkenazimTrio/HG002_NA24385_son/CORNELL_Oxford_Nanopore/oxford_PC_HG02.3attempt_0633_1_ch90_file18_strand.fast5	2979061
data/AshkenazimTrio/HG002_NA24385_son/CORNELL_Oxford_Nanopore/oxford_PC_HG02.3attempt_0633_1_ch90_file20_strand.fast5	1624758
data/AshkenazimTrio/HG002_NA24385_son/CORNELL_Oxford_Nanopore/oxford_PC_HG02.3attempt_0633_1_ch90_file23_strand.fast5	3378535
data/AshkenazimTrio/HG002_NA24385_son/CORNELL_Oxford_Nanopore/oxford_PC_HG02.3attempt_0633_1_ch90_file4_strand.fast5	764168
data/AshkenazimTrio/HG002_NA24385_son/CORNELL_Oxford_Nanopore/oxford_PC_HG02.3attempt_0633_1_ch90_file5_strand.fast5	461794
data/AshkenazimTrio/HG002_NA24385_son/CORNELL_Oxford_Nanopore/oxford_PC_HG02.3attempt_0633_1_ch90_file63_strand.fast5	2321147
data/AshkenazimTrio/HG002_NA24385_son/CORNELL_Oxford_Nanopore/oxford_PC_HG02.3attempt_0633_1_ch90_file66_strand.fast5	2119119
data/AshkenazimTrio/HG002_NA24385_son/CORNELL_Oxford_Nanopore/oxford_PC_HG02.3attempt_0633_1_ch90_file7_strand.fast5	1128663
data/AshkenazimTrio/HG002_NA24385_son/CORNELL_Oxford_Nanopore/oxford_PC_HG02.3attempt_0633_1_ch90_file99_strand.fast5	2511366
data/AshkenazimTrio/HG002_NA24385_son/CORNELL_Oxford_Nanopore/oxford_PC_HG02.3attempt_0633_1_ch91_file108_strand.fast5	2653079
data/AshkenazimTrio/HG002_NA24385_son/CORNELL_Oxford_Nanopore/oxford_PC_HG02.3attempt_0633_1_ch91_file13_strand.fast5	731055
data/AshkenazimTrio/HG002_NA24385_son/CORNELL_Oxford_Nanopore/oxford_PC_HG02.3attempt_0633_1_ch91_file31_strand.fast5	1793329
data/AshkenazimTrio/HG002_NA24385_son/CORNELL_Oxford_Nanopore/oxford_PC_HG02.3attempt_0633_1_ch91_file35_strand.fast5	486359
data/AshkenazimTrio/HG002_NA24385_son/CORNELL_Oxford_Nanopore/oxford_PC_HG02.3attempt_0633_1_ch91_file36_strand.fast5	2612745
data/AshkenazimTrio/HG002_NA24385_son/CORNELL_Oxford_Nanopore/oxford_PC_HG02.3attempt_0633_1_ch91_file49_strand.fast5	2107725
data/AshkenazimTrio/HG002_NA24385_son/CORNELL_Oxford_Nanopore/oxford_PC_HG02.3attempt_0633_1_ch91_file6_strand.fast5	3808285
data/AshkenazimTrio/HG002_NA24385_son/CORNELL_Oxford_Nanopore/oxford_PC_HG02.3attempt_0633_1_ch91_file90_strand.fast5	2398647
data/AshkenazimTrio/HG002_NA24385_son/CORNELL_Oxford_Nanopore/oxford_PC_HG02.3attempt_0633_1_ch92_file10_strand.fast5	1407657
data/AshkenazimTrio/HG002_NA24385_son/CORNELL_Oxford_Nanopore/oxford_PC_HG02.3attempt_0633_1_ch92_file18_strand.fast5	1359493
data/AshkenazimTrio/HG002_NA24385_son/CORNELL_Oxford_Nanopore/oxford_PC_HG02.3attempt_0633_1_ch92_file22_strand.fast5	907895
data/AshkenazimTrio/HG002_NA24385_son/CORNELL_Oxford_Nanopore/oxford_PC_HG02.3attempt_0633_1_ch92_file23_strand.fast5	2850084
data/AshkenazimTrio/HG002_NA24385_son/CORNELL_Oxford_Nanopore/oxford_PC_HG02.3attempt_0633_1_ch92_file41_strand.fast5	2438751
data/AshkenazimTrio/HG002_NA24385_son/CORNELL_Oxford_Nanopore/oxford_PC_HG02.3attempt_0633_1_ch92_file4_strand.fast5	1107819
data/AshkenazimTrio/HG002_NA24385_son/CORNELL_Oxford_Nanopore/oxford_PC_HG02.3attempt_0633_1_ch92_file50_strand.fast5	2135650
data/AshkenazimTrio/HG002_NA24385_son/CORNELL_Oxford_Nanopore/oxford_PC_HG02.3attempt_0633_1_ch92_file60_strand.fast5	5030130
data/AshkenazimTrio/HG002_NA24385_son/CORNELL_Oxford_Nanopore/oxford_PC_HG02.3attempt_0633_1_ch92_file68_strand.fast5	1527383
data/AshkenazimTrio/HG002_NA24385_son/CORNELL_Oxford_Nanopore/oxford_PC_HG02.3attempt_0633_1_ch92_file70_strand.fast5	3831954
data/AshkenazimTrio/HG002_NA24385_son/CORNELL_Oxford_Nanopore/oxford_PC_HG02.3attempt_0633_1_ch93_file10_strand.fast5	2065611
data/AshkenazimTrio/HG002_NA24385_son/CORNELL_Oxford_Nanopore/oxford_PC_HG02.3attempt_0633_1_ch93_file112_strand.fast5	1844218
data/AshkenazimTrio/HG002_NA24385_son/CORNELL_Oxford_Nanopore/oxford_PC_HG02.3attempt_0633_1_ch93_file115_strand.fast5	1902055
data/AshkenazimTrio/HG002_NA24385_son/CORNELL_Oxford_Nanopore/oxford_PC_HG02.3attempt_0633_1_ch93_file117_strand.fast5	1943525
data/AshkenazimTrio/HG002_NA24385_son/CORNELL_Oxford_Nanopore/oxford_PC_HG02.3attempt_0633_1_ch93_file119_strand.fast5	3103597
data/AshkenazimTrio/HG002_NA24385_son/CORNELL_Oxford_Nanopore/oxford_PC_HG02.3attempt_0633_1_ch93_file129_strand.fast5	2044243
data/AshkenazimTrio/HG002_NA24385_son/CORNELL_Oxford_Nanopore/oxford_PC_HG02.3attempt_0633_1_ch93_file130_strand.fast5	3728164
data/AshkenazimTrio/HG002_NA24385_son/CORNELL_Oxford_Nanopore/oxford_PC_HG02.3attempt_0633_1_ch93_file13_strand.fast5	1765763
data/AshkenazimTrio/HG002_NA24385_son/CORNELL_Oxford_Nanopore/oxford_PC_HG02.3attempt_0633_1_ch93_file142_strand.fast5	1264668
data/AshkenazimTrio/HG002_NA24385_son/CORNELL_Oxford_Nanopore/oxford_PC_HG02.3attempt_0633_1_ch93_file150_strand.fast5	3121442
data/AshkenazimTrio/HG002_NA24385_son/CORNELL_Oxford_Nanopore/oxford_PC_HG02.3attempt_0633_1_ch93_file15_strand.fast5	1348408
data/AshkenazimTrio/HG002_NA24385_son/CORNELL_Oxford_Nanopore/oxford_PC_HG02.3attempt_0633_1_ch93_file2_strand.fast5	832462
data/AshkenazimTrio/HG002_NA24385_son/CORNELL_Oxford_Nanopore/oxford_PC_HG02.3attempt_0633_1_ch93_file41_strand.fast5	1829079
data/AshkenazimTrio/HG002_NA24385_son/CORNELL_Oxford_Nanopore/oxford_PC_HG02.3attempt_0633_1_ch93_file76_strand.fast5	1983675
data/AshkenazimTrio/HG002_NA24385_son/CORNELL_Oxford_Nanopore/oxford_PC_HG02.3attempt_0633_1_ch93_file79_strand.fast5	1716008
data/AshkenazimTrio/HG002_NA24385_son/CORNELL_Oxford_Nanopore/oxford_PC_HG02.3attempt_0633_1_ch93_file83_strand.fast5	3016558
data/AshkenazimTrio/HG002_NA24385_son/CORNELL_Oxford_Nanopore/oxford_PC_HG02.3attempt_0633_1_ch93_file88_strand.fast5	2055198
data/AshkenazimTrio/HG002_NA24385_son/CORNELL_Oxford_Nanopore/oxford_PC_HG02.3attempt_0633_1_ch93_file9_strand.fast5	2573974
data/AshkenazimTrio/HG002_NA24385_son/CORNELL_Oxford_Nanopore/oxford_PC_HG02.3attempt_0633_1_ch94_file0_strand.fast5	1214444
data/AshkenazimTrio/HG002_NA24385_son/CORNELL_Oxford_Nanopore/oxford_PC_HG02.3attempt_0633_1_ch94_file2_strand.fast5	1854325
data/AshkenazimTrio/HG002_NA24385_son/CORNELL_Oxford_Nanopore/oxford_PC_HG02.3attempt_0633_1_ch94_file45_strand.fast5	3023655
data/AshkenazimTrio/HG002_NA24385_son/CORNELL_Oxford_Nanopore/oxford_PC_HG02.3attempt_0633_1_ch94_file5_strand.fast5	1193780
data/AshkenazimTrio/HG002_NA24385_son/CORNELL_Oxford_Nanopore/oxford_PC_HG02.3attempt_0633_1_ch94_file60_strand.fast5	2329097
data/AshkenazimTrio/HG002_NA24385_son/CORNELL_Oxford_Nanopore/oxford_PC_HG02.3attempt_0633_1_ch94_file61_strand.fast5	639470
data/AshkenazimTrio/HG002_NA24385_son/CORNELL_Oxford_Nanopore/oxford_PC_HG02.3attempt_0633_1_ch94_file72_strand.fast5	1254426
data/AshkenazimTrio/HG002_NA24385_son/CORNELL_Oxford_Nanopore/oxford_PC_HG02.3attempt_0633_1_ch94_file86_strand.fast5	418613
data/AshkenazimTrio/HG002_NA24385_son/CORNELL_Oxford_Nanopore/oxford_PC_HG02.3attempt_0633_1_ch96_file108_strand.fast5	4442569
data/AshkenazimTrio/HG002_NA24385_son/CORNELL_Oxford_Nanopore/oxford_PC_HG02.3attempt_0633_1_ch96_file65_strand.fast5	2814998
data/AshkenazimTrio/HG002_NA24385_son/CORNELL_Oxford_Nanopore/oxford_PC_HG02.3attempt_0633_1_ch96_file73_strand.fast5	1217883
data/AshkenazimTrio/HG002_NA24385_son/CORNELL_Oxford_Nanopore/oxford_PC_HG02.3attempt_0633_1_ch96_file77_strand.fast5	2179949
data/AshkenazimTrio/HG002_NA24385_son/CORNELL_Oxford_Nanopore/oxford_PC_HG02.3attempt_0633_1_ch96_file81_strand.fast5	1455627
data/AshkenazimTrio/HG002_NA24385_son/CORNELL_Oxford_Nanopore/oxford_PC_HG02.3attempt_0633_1_ch97_file1_strand.fast5	2607901
data/AshkenazimTrio/HG002_NA24385_son/CORNELL_Oxford_Nanopore/oxford_PC_HG02.3attempt_0633_1_ch97_file21_strand.fast5	3534666
data/AshkenazimTrio/HG002_NA24385_son/CORNELL_Oxford_Nanopore/oxford_PC_HG02.3attempt_0633_1_ch97_file27_strand.fast5	1343170
data/AshkenazimTrio/HG002_NA24385_son/CORNELL_Oxford_Nanopore/oxford_PC_HG02.3attempt_0633_1_ch97_file35_strand.fast5	2388374
data/AshkenazimTrio/HG002_NA24385_son/CORNELL_Oxford_Nanopore/oxford_PC_HG02.3attempt_0633_1_ch97_file4_strand.fast5	2381437
data/AshkenazimTrio/HG002_NA24385_son/CORNELL_Oxford_Nanopore/oxford_PC_HG02.3attempt_0633_1_ch97_file75_strand.fast5	4337369
data/AshkenazimTrio/HG002_NA24385_son/CORNELL_Oxford_Nanopore/oxford_PC_HG02.3attempt_0633_1_ch9_file22_strand.fast5	2087593
data/AshkenazimTrio/HG002_NA24385_son/CORNELL_Oxford_Nanopore/oxford_PC_HG02.3attempt_0633_1_ch9_file50_strand.fast5	2594947
data/AshkenazimTrio/HG002_NA24385_son/CORNELL_Oxford_Nanopore/oxford_PC_HG02.3attempt_0633_1_ch9_file52_strand.fast5	2226794
data/AshkenazimTrio/HG002_NA24385_son/UCSC_Ultralong_OxfordNanopore_Promethion/GM24385_1.fastq.gz	29164844008
data/AshkenazimTrio/HG002_NA24385_son/UCSC_Ultralong_OxfordNanopore_Promethion/GM24385_1.sequencing_summary.txt.gz	193428715
data/AshkenazimTrio/HG002_NA24385_son/UCSC_Ultralong_OxfordNanopore_Promethion/GM24385_2.fastq.gz	78742127490
data/AshkenazimTrio/HG002_NA24385_son/UCSC_Ultralong_OxfordNanopore_Promethion/GM24385_2.sequencing_summary.txt.gz	539331465
data/AshkenazimTrio/HG002_NA24385_son/UCSC_Ultralong_OxfordNanopore_Promethion/GM24385_3.fastq.gz	63450847634
data/AshkenazimTrio/HG002_NA24385_son/UCSC_Ultralong_OxfordNanopore_Promethion/GM24385_3.sequencing_summary.txt.gz	560037795
data/AshkenazimTrio/HG002_NA24385_son/UCSC_Ultralong_OxfordNanopore_Promethion/HG002_GRCh37_ONT-UL_UCSC_20200508.phased.bam	188702992449
data/AshkenazimTrio/HG002_NA24385_son/UCSC_Ultralong_OxfordNanopore_Promethion/HG002_GRCh37_ONT-UL_UCSC_20200508.phased.bam.bai	52827752
data/AshkenazimTrio/HG002_NA24385_son/UCSC_Ultralong_OxfordNanopore_Promethion/HG002_GRCh37_ONT-UL_UCSC_20200508.qc.txt	735
data/AshkenazimTrio/HG002_NA24385_son/UCSC_Ultralong_OxfordNanopore_Promethion/HG002_GRCh38_ONT-UL_UCSC_20200508.phased.bam	187513444960
data/AshkenazimTrio/HG002_NA24385_son/UCSC_Ultralong_OxfordNanopore_Promethion/HG002_GRCh38_ONT-UL_UCSC_20200508.phased.bam.bai	54635240
data/AshkenazimTrio/HG002_NA24385_son/UCSC_Ultralong_OxfordNanopore_Promethion/HG002_GRCh38_ONT-UL_UCSC_20200508.qc.txt	735
data/AshkenazimTrio/HG002_NA24385_son/UCSC_Ultralong_OxfordNanopore_Promethion/HG002_ONT-UL_UCSC_20200508_metadata.csv	433
data/AshkenazimTrio/HG002_NA24385_son/UCSC_Ultralong_OxfordNanopore_Promethion/README_ONT-UL_UCSC_HG002.md	9135
data/AshkenazimTrio/HG002_NA24385_son/UCSC_Ultralong_OxfordNanopore_Promethion/md5sum_bams.in	476
data/AshkenazimTrio/HG002_NA24385_son/Ultralong_OxfordNanopore/combined_2018-05-18/README_2018-05-17	1827
data/AshkenazimTrio/HG002_NA24385_son/Ultralong_OxfordNanopore/combined_2018-05-18/combined_2018-05-18.fastq.gz	19233039866
data/AshkenazimTrio/HG002_NA24385_son/Ultralong_OxfordNanopore/combined_2018-05-18/combined_2018-05-18.hg38.qc.pdf	5308
data/AshkenazimTrio/HG002_NA24385_son/Ultralong_OxfordNanopore/combined_2018-05-18/combined_2018-05-18.hg38.qc.txt	630
data/AshkenazimTrio/HG002_NA24385_son/Ultralong_OxfordNanopore/combined_2018-05-18/combined_2018-05-18.hg38.sorted.cram	14180093773
data/AshkenazimTrio/HG002_NA24385_son/Ultralong_OxfordNanopore/combined_2018-05-18/combined_2018-05-18.hg38.sorted.cram.crai	91940
data/AshkenazimTrio/HG002_NA24385_son/Ultralong_OxfordNanopore/combined_2018-05-18/combined_2018-05-18.hs37d5.qc.txt	630
data/AshkenazimTrio/HG002_NA24385_son/Ultralong_OxfordNanopore/combined_2018-05-18/combined_2018-05-18.hs37d5.sorted.cram	14270218800
data/AshkenazimTrio/HG002_NA24385_son/Ultralong_OxfordNanopore/combined_2018-05-18/combined_2018-05-18.hs37d5.sorted.cram.crai	82558
data/AshkenazimTrio/HG002_NA24385_son/Ultralong_OxfordNanopore/combined_2018-05-18/md5sum	669
data/AshkenazimTrio/HG002_NA24385_son/Ultralong_OxfordNanopore/combined_2018-08-10/HG002_ONTrel2_16x_RG_HP10xtrioRTG.cram.bam	64309394496
data/AshkenazimTrio/HG002_NA24385_son/Ultralong_OxfordNanopore/combined_2018-08-10/HG002_ONTrel2_16x_RG_HP10xtrioRTG.cram.bam.bai	23756776
data/AshkenazimTrio/HG002_NA24385_son/Ultralong_OxfordNanopore/combined_2018-08-10/HG002_ONTrel2_16x_RG_HP10xtrioRTG.cram.md5	147
data/AshkenazimTrio/HG002_NA24385_son/Ultralong_OxfordNanopore/combined_2018-08-10/HG002_ONTrel2_16x_RG_HP10xtrioRTG.cram_filename_change_01292020.README	303
data/AshkenazimTrio/HG002_NA24385_son/Ultralong_OxfordNanopore/combined_2018-08-10/README_2018-08-10	3020
data/AshkenazimTrio/HG002_NA24385_son/Ultralong_OxfordNanopore/combined_2018-08-10/combined_2018-08-10.fastq.gz	54227005220
data/AshkenazimTrio/HG002_NA24385_son/Ultralong_OxfordNanopore/combined_2018-08-10/combined_2018-08-10.hg38.qc.pdf	5087
data/AshkenazimTrio/HG002_NA24385_son/Ultralong_OxfordNanopore/combined_2018-08-10/combined_2018-08-10.hg38.qc.txt	651
data/AshkenazimTrio/HG002_NA24385_son/Ultralong_OxfordNanopore/combined_2018-08-10/combined_2018-08-10.hg38.sorted.cram	40308445167
data/AshkenazimTrio/HG002_NA24385_son/Ultralong_OxfordNanopore/combined_2018-08-10/combined_2018-08-10.hg38.sorted.cram.crai	245021
data/AshkenazimTrio/HG002_NA24385_son/Ultralong_OxfordNanopore/combined_2018-08-10/combined_2018-08-10.hs37d5.qc.pdf	5096
data/AshkenazimTrio/HG002_NA24385_son/Ultralong_OxfordNanopore/combined_2018-08-10/combined_2018-08-10.hs37d5.qc.txt	651
data/AshkenazimTrio/HG002_NA24385_son/Ultralong_OxfordNanopore/combined_2018-08-10/combined_2018-08-10.hs37d5.sorted.cram	40625683132
data/AshkenazimTrio/HG002_NA24385_son/Ultralong_OxfordNanopore/combined_2018-08-10/combined_2018-08-10.hs37d5.sorted.cram.crai	235119
data/AshkenazimTrio/HG002_NA24385_son/Ultralong_OxfordNanopore/combined_2018-08-10/combined_2018-08-10.raw_fast5s.1.tar	149768825344
data/AshkenazimTrio/HG002_NA24385_son/Ultralong_OxfordNanopore/combined_2018-08-10/combined_2018-08-10.raw_fast5s.10.tar	74274875392
data/AshkenazimTrio/HG002_NA24385_son/Ultralong_OxfordNanopore/combined_2018-08-10/combined_2018-08-10.raw_fast5s.2.tar	50805978624
data/AshkenazimTrio/HG002_NA24385_son/Ultralong_OxfordNanopore/combined_2018-08-10/combined_2018-08-10.raw_fast5s.3.tar	248050912256
data/AshkenazimTrio/HG002_NA24385_son/Ultralong_OxfordNanopore/combined_2018-08-10/combined_2018-08-10.raw_fast5s.4.tar	27700715520
data/AshkenazimTrio/HG002_NA24385_son/Ultralong_OxfordNanopore/combined_2018-08-10/combined_2018-08-10.raw_fast5s.5.tar	47602691584
data/AshkenazimTrio/HG002_NA24385_son/Ultralong_OxfordNanopore/combined_2018-08-10/combined_2018-08-10.raw_fast5s.6.tar	71557231616
data/AshkenazimTrio/HG002_NA24385_son/Ultralong_OxfordNanopore/combined_2018-08-10/combined_2018-08-10.raw_fast5s.7.tar	44619270144
data/AshkenazimTrio/HG002_NA24385_son/Ultralong_OxfordNanopore/combined_2018-08-10/combined_2018-08-10.raw_fast5s.8.tar	45108689408
data/AshkenazimTrio/HG002_NA24385_son/Ultralong_OxfordNanopore/combined_2018-08-10/combined_2018-08-10.raw_fast5s.9.tar	47498231296
data/AshkenazimTrio/HG002_NA24385_son/Ultralong_OxfordNanopore/combined_2018-08-10/md5.in	1426
data/AshkenazimTrio/HG002_NA24385_son/Ultralong_OxfordNanopore/combined_2018-08-10/md5sum.chk	1381
data/AshkenazimTrio/HG002_NA24385_son/Ultralong_OxfordNanopore/guppy-V2.3.4_2019-06-26/README.txt	4890
data/AshkenazimTrio/HG002_NA24385_son/Ultralong_OxfordNanopore/guppy-V2.3.4_2019-06-26/md5sum.chk	911
data/AshkenazimTrio/HG002_NA24385_son/Ultralong_OxfordNanopore/guppy-V2.3.4_2019-06-26/mis-labeled-sample_read-ids.txt.gz	10053908
data/AshkenazimTrio/HG002_NA24385_son/Ultralong_OxfordNanopore/guppy-V2.3.4_2019-06-26/mis-labeled-sample_run-ids.txt	1066
data/AshkenazimTrio/HG002_NA24385_son/Ultralong_OxfordNanopore/guppy-V2.3.4_2019-06-26/run_metadata.tsv	22878
data/AshkenazimTrio/HG002_NA24385_son/Ultralong_OxfordNanopore/guppy-V2.3.4_2019-06-26/ultra-long-ont.GRCh38.qc.txt	656
data/AshkenazimTrio/HG002_NA24385_son/Ultralong_OxfordNanopore/guppy-V2.3.4_2019-06-26/ultra-long-ont.fastq.gz	206140031293
data/AshkenazimTrio/HG002_NA24385_son/Ultralong_OxfordNanopore/guppy-V2.3.4_2019-06-26/ultra-long-ont.hs37d5.qc.txt	656
data/AshkenazimTrio/HG002_NA24385_son/Ultralong_OxfordNanopore/guppy-V2.3.4_2019-06-26/ultra-long-ont.sequencing_summary.txt.gz	1048824387
data/AshkenazimTrio/HG002_NA24385_son/Ultralong_OxfordNanopore/guppy-V2.3.4_2019-06-26/ultra-long-ont_GRCh38.qc.pdf	5133
data/AshkenazimTrio/HG002_NA24385_son/Ultralong_OxfordNanopore/guppy-V2.3.4_2019-06-26/ultra-long-ont_GRCh38_reheader.bam	232490741467
data/AshkenazimTrio/HG002_NA24385_son/Ultralong_OxfordNanopore/guppy-V2.3.4_2019-06-26/ultra-long-ont_GRCh38_reheader.bam.bai	65912024
data/AshkenazimTrio/HG002_NA24385_son/Ultralong_OxfordNanopore/guppy-V2.3.4_2019-06-26/ultra-long-ont_hs37d5.qc.pdf	5138
data/AshkenazimTrio/HG002_NA24385_son/Ultralong_OxfordNanopore/guppy-V2.3.4_2019-06-26/ultra-long-ont_hs37d5_phased.bam	233698356766
data/AshkenazimTrio/HG002_NA24385_son/Ultralong_OxfordNanopore/guppy-V2.3.4_2019-06-26/ultra-long-ont_hs37d5_phased.bam.bai	63814544
data/AshkenazimTrio/HG002_NA24385_son/Ultralong_OxfordNanopore/guppy-V3.2.4_2020-01-22/HG002_GRCh38_ONT-UL_GIAB_20200122.phased.bam	213961825406
data/AshkenazimTrio/HG002_NA24385_son/Ultralong_OxfordNanopore/guppy-V3.2.4_2020-01-22/HG002_GRCh38_ONT-UL_GIAB_20200122.phased.bam.bai	66427592
data/AshkenazimTrio/HG002_NA24385_son/Ultralong_OxfordNanopore/guppy-V3.2.4_2020-01-22/HG002_GRCh38_ONT-UL_GIAB_20200122.phased.qc.txt	755
data/AshkenazimTrio/HG002_NA24385_son/Ultralong_OxfordNanopore/guppy-V3.2.4_2020-01-22/HG002_ONT-UL_GIAB_20200122.fastq.gz	179931949856
data/AshkenazimTrio/HG002_NA24385_son/Ultralong_OxfordNanopore/guppy-V3.2.4_2020-01-22/HG002_ONT-UL_GIAB_20200122.metadata.csv	11713
data/AshkenazimTrio/HG002_NA24385_son/Ultralong_OxfordNanopore/guppy-V3.2.4_2020-01-22/HG002_ONT-UL_GIAB_20200122.sequencing_summary.txt.gz	932932330
data/AshkenazimTrio/HG002_NA24385_son/Ultralong_OxfordNanopore/guppy-V3.2.4_2020-01-22/HG002_hs37d5_ONT-UL_GIAB_20200122.phased.bam	218165527347
data/AshkenazimTrio/HG002_NA24385_son/Ultralong_OxfordNanopore/guppy-V3.2.4_2020-01-22/HG002_hs37d5_ONT-UL_GIAB_20200122.phased.bam.bai	62748496
data/AshkenazimTrio/HG002_NA24385_son/Ultralong_OxfordNanopore/guppy-V3.2.4_2020-01-22/HG002_hs37d5_ONT-UL_GIAB_20200122.phased.qc.txt	755
data/AshkenazimTrio/HG002_NA24385_son/Ultralong_OxfordNanopore/guppy-V3.2.4_2020-01-22/README	5098
data/AshkenazimTrio/HG002_NA24385_son/Ultralong_OxfordNanopore/guppy-V3.2.4_2020-01-22/md5.in	764
data/AshkenazimTrio/HG002_NA24385_son/Ultralong_OxfordNanopore/guppy-V3.2.4_2020-01-22/md5sum.chk	719
data/AshkenazimTrio/HG002_NA24385_son/Ultralong_OxfordNanopore/guppy-V3.4.5/HG002_GRCh38_ONT-UL_GIAB_20200204.bam	200552200216
data/AshkenazimTrio/HG002_NA24385_son/Ultralong_OxfordNanopore/guppy-V3.4.5/HG002_GRCh38_ONT-UL_GIAB_20200204.bam.bai	64190272
data/AshkenazimTrio/HG002_NA24385_son/Ultralong_OxfordNanopore/guppy-V3.4.5/HG002_GRCh38_ONT-UL_GIAB_20200204_qc.txt	755
data/AshkenazimTrio/HG002_NA24385_son/Ultralong_OxfordNanopore/guppy-V3.4.5/HG002_ONT-UL_GIAB_20200204.fastq.gz	181883590056
data/AshkenazimTrio/HG002_NA24385_son/Ultralong_OxfordNanopore/guppy-V3.4.5/HG002_ONT-UL_GIAB_20200204.metadata.csv	11713
data/AshkenazimTrio/HG002_NA24385_son/Ultralong_OxfordNanopore/guppy-V3.4.5/HG002_ONT-UL_GIAB_20200204.sequencing_summary.txt.gz	900794655
data/AshkenazimTrio/HG002_NA24385_son/Ultralong_OxfordNanopore/guppy-V3.4.5/HG002_hs37d5_ONT-UL_GIAB_20200204.bam	201764638198
data/AshkenazimTrio/HG002_NA24385_son/Ultralong_OxfordNanopore/guppy-V3.4.5/HG002_hs37d5_ONT-UL_GIAB_20200204.bam.bai	62009728
data/AshkenazimTrio/HG002_NA24385_son/Ultralong_OxfordNanopore/guppy-V3.4.5/HG002_hs37d5_ONT-UL_GIAB_20200204_qc.txt	755
data/AshkenazimTrio/HG002_NA24385_son/Ultralong_OxfordNanopore/guppy-V3.4.5/README_ONT-UL_GIAB_HG002.md	5176
data/AshkenazimTrio/HG002_NA24385_son/Ultralong_OxfordNanopore/guppy-V3.4.5/md5sum.in	695
