data_somatic/HG008/Liss_lab/Arima_HiC-ILMN_20240112/GIAB_deepQC.xlsx	9796
data_somatic/HG008/Liss_lab/Arima_HiC-ILMN_20240112/HG008-N-D_HiC-Arima_ILMN-2x150_R1.fastq.gz	79374269168
data_somatic/HG008/Liss_lab/Arima_HiC-ILMN_20240112/HG008-N-D_HiC-Arima_ILMN-2x150_R2.fastq.gz	81889851065
data_somatic/HG008/Liss_lab/Arima_HiC-ILMN_20240112/HG008-T_HiC-Arima_ILMN-2x150_R1.fastq.gz	78101726185
data_somatic/HG008/Liss_lab/Arima_HiC-ILMN_20240112/HG008-T_HiC-Arima_ILMN-2x150_R2.fastq.gz	81585813332
data_somatic/HG008/Liss_lab/Arima_HiC-ILMN_20240112/README_Arima.md	11968
data_somatic/HG008/Liss_lab/Arima_HiC-ILMN_20240112/checksums.md5	355
data_somatic/HG008/Liss_lab/Bionano_OpticalMapping_20231019/.MGH3066_Molecules_400x.cmap	12386042
data_somatic/HG008/Liss_lab/Bionano_OpticalMapping_20231019/MGH3066_Molecules_400x.bnx.gz	2824112858
data_somatic/HG008/Liss_lab/Bionano_OpticalMapping_20231019/MGH3066_Molecules_400x.cmap	8628175
data_somatic/HG008/Liss_lab/Bionano_OpticalMapping_20231019/MGH3066_Molecules_400x_noPmap.cmap	11617915
data_somatic/HG008/Liss_lab/Bionano_OpticalMapping_20231019/README_Bionano.md	12692
data_somatic/HG008/Liss_lab/Bionano_OpticalMapping_20231019/checksums.md5.txt	124
data_somatic/HG008/Liss_lab/Bioskryb_ResolveDNA_20230914/.DS_Store	6148
data_somatic/HG008/Liss_lab/Bioskryb_ResolveDNA_20230914/091423_Bioskryb_Final_Report.pdf	809534
data_somatic/HG008/Liss_lab/Bioskryb_ResolveDNA_20230914/HG008-T_Bioskryb_120cells_QC1X_fastqs.tar.gz	14679654156
data_somatic/HG008/Liss_lab/Bioskryb_ResolveDNA_20230914/HG008-T_Bioskryb_120cells_QC1X_fastqs_orig.tar.gz	14679654958
data_somatic/HG008/Liss_lab/Bioskryb_ResolveDNA_20230914/HG008-T_Bioskryb_120cells_QC1X_primary-data.tar.gz	102852754
data_somatic/HG008/Liss_lab/Bioskryb_ResolveDNA_20230914/HG008-T_Bioskryb_120cells_QC1X_secondary-analysis.tar.gz	14214273206
data_somatic/HG008/Liss_lab/Bioskryb_ResolveDNA_20230914/README_Bioskryb.md	11666
data_somatic/HG008/Liss_lab/Bioskryb_ResolveDNA_20230914/checksums.md5	378
data_somatic/HG008/Liss_lab/Dovetail_LinkPrep-ILMN_HG8NP_20250625/Dovetail_HG008-N-P_QC.xlsx	10009
data_somatic/HG008/Liss_lab/Dovetail_LinkPrep-ILMN_HG8NP_20250625/HG008-N-P_LinkPrep_20250625_sorted_GRCh38.bam	107618221394
data_somatic/HG008/Liss_lab/Dovetail_LinkPrep-ILMN_HG8NP_20250625/HG008-N-P_LinkPrep_20250625_sorted_GRCh38.bam.bai	9850320
data_somatic/HG008/Liss_lab/Dovetail_LinkPrep-ILMN_HG8NP_20250625/README_20250625.md	7828
data_somatic/HG008/Liss_lab/Dovetail_LinkPrep-ILMN_HG8NP_20250625/VLGLP20A_R1.fastq.gz	18649444540
data_somatic/HG008/Liss_lab/Dovetail_LinkPrep-ILMN_HG8NP_20250625/VLGLP20A_R2.fastq.gz	18883176543
data_somatic/HG008/Liss_lab/Dovetail_LinkPrep-ILMN_HG8NP_20250625/VLGLP20B_R1.fastq.gz	18940912455
data_somatic/HG008/Liss_lab/Dovetail_LinkPrep-ILMN_HG8NP_20250625/VLGLP20B_R2.fastq.gz	19351062956
data_somatic/HG008/Liss_lab/Dovetail_LinkPrep-ILMN_HG8NP_20250625/VLGLP20C_R1.fastq.gz	20535986713
data_somatic/HG008/Liss_lab/Dovetail_LinkPrep-ILMN_HG8NP_20250625/VLGLP20C_R2.fastq.gz	20910698706
data_somatic/HG008/Liss_lab/Dovetail_LinkPrep-ILMN_HG8NP_20250625/checksums.md5	494
data_somatic/HG008/Liss_lab/Element-AVITI-20241216/HG008-N-D_Element-StdInsert_77x_CHM13v2.0.bam	164546570282
data_somatic/HG008/Liss_lab/Element-AVITI-20241216/HG008-N-D_Element-StdInsert_77x_CHM13v2.0.bam.bai	9481400
data_somatic/HG008/Liss_lab/Element-AVITI-20241216/HG008-N-D_Element-StdInsert_77x_GRCh37.bam	165039506735
data_somatic/HG008/Liss_lab/Element-AVITI-20241216/HG008-N-D_Element-StdInsert_77x_GRCh37.bam.bai	9057360
data_somatic/HG008/Liss_lab/Element-AVITI-20241216/HG008-N-D_Element-StdInsert_77x_GRCh38-GIABv3.bam	165897798911
data_somatic/HG008/Liss_lab/Element-AVITI-20241216/HG008-N-D_Element-StdInsert_77x_GRCh38-GIABv3.bam.bai	9245248
data_somatic/HG008/Liss_lab/Element-AVITI-20241216/HG008-N-D_fastqs/AL-L010_HG008-N-D_POR_R1.fastq.gz	103808612356
data_somatic/HG008/Liss_lab/Element-AVITI-20241216/HG008-N-D_fastqs/AL-L010_HG008-N-D_POR_R2.fastq.gz	100899596098
data_somatic/HG008/Liss_lab/Element-AVITI-20241216/HG008-N-P_Element-StdInsert_70x_CHM13v2.0.bam	164512768484
data_somatic/HG008/Liss_lab/Element-AVITI-20241216/HG008-N-P_Element-StdInsert_70x_CHM13v2.0.bam.bai	9510960
data_somatic/HG008/Liss_lab/Element-AVITI-20241216/HG008-N-P_Element-StdInsert_70x_GRCh37.bam	164978670031
data_somatic/HG008/Liss_lab/Element-AVITI-20241216/HG008-N-P_Element-StdInsert_70x_GRCh37.bam.bai	9101456
data_somatic/HG008/Liss_lab/Element-AVITI-20241216/HG008-N-P_Element-StdInsert_70x_GRCh38-GIABv3.bam	165707623022
data_somatic/HG008/Liss_lab/Element-AVITI-20241216/HG008-N-P_Element-StdInsert_70x_GRCh38-GIABv3.bam.bai	9261320
data_somatic/HG008/Liss_lab/Element-AVITI-20241216/HG008-N-P_fastqs/HG008-NP_R1.fastq.gz	105162368213
data_somatic/HG008/Liss_lab/Element-AVITI-20241216/HG008-N-P_fastqs/HG008-NP_R2.fastq.gz	95511841194
data_somatic/HG008/Liss_lab/Element-AVITI-20241216/HG008-T_Element-StdInsert_111x_CHM13v2.0.bam	154982319014
data_somatic/HG008/Liss_lab/Element-AVITI-20241216/HG008-T_Element-StdInsert_111x_CHM13v2.0.bam.bai	9386904
data_somatic/HG008/Liss_lab/Element-AVITI-20241216/HG008-T_Element-StdInsert_111x_GRCh37.bam	155374651752
data_somatic/HG008/Liss_lab/Element-AVITI-20241216/HG008-T_Element-StdInsert_111x_GRCh37.bam.bai	8984704
data_somatic/HG008/Liss_lab/Element-AVITI-20241216/HG008-T_Element-StdInsert_111x_GRCh38-GIABv3.bam	156074456660
data_somatic/HG008/Liss_lab/Element-AVITI-20241216/HG008-T_Element-StdInsert_111x_GRCh38-GIABv3.bam.bai	9146648
data_somatic/HG008/Liss_lab/Element-AVITI-20241216/HG008-T_fastqs/AL-L009_R1.fastq.gz	98344085367
data_somatic/HG008/Liss_lab/Element-AVITI-20241216/HG008-T_fastqs/AL-L009_R2.fastq.gz	96970441084
data_somatic/HG008/Liss_lab/Element-AVITI-20241216/README_Element_20241216.md	20613
data_somatic/HG008/Liss_lab/Element-AVITI-20241216/checksum.md5	1947
data_somatic/HG008/Liss_lab/Element_AVITI_20240118/CHM13v2.0_noPARmasking_CHM13mito/HG008-N-D_Element-StdInsert_61x_CHM13v2.0.bam	93623587965
data_somatic/HG008/Liss_lab/Element_AVITI_20240118/CHM13v2.0_noPARmasking_CHM13mito/HG008-N-D_Element-StdInsert_61x_CHM13v2.0.bam.bai	9361272
data_somatic/HG008/Liss_lab/Element_AVITI_20240118/CHM13v2.0_noPARmasking_CHM13mito/HG008-T_Element-StdInsert_87x_CHM13v2.0.bam	99493703603
data_somatic/HG008/Liss_lab/Element_AVITI_20240118/CHM13v2.0_noPARmasking_CHM13mito/HG008-T_Element-StdInsert_87x_CHM13v2.0.bam.bai	9326232
data_somatic/HG008/Liss_lab/Element_AVITI_20240118/HG008-N-D_Element-StdInsert_2x150_R1.fastq.gz	63968151606
data_somatic/HG008/Liss_lab/Element_AVITI_20240118/HG008-N-D_Element-StdInsert_2x150_R2.fastq.gz	58926746622
data_somatic/HG008/Liss_lab/Element_AVITI_20240118/HG008-N-D_Element-StdInsert_61x_GRCh37.bam	93998514420
data_somatic/HG008/Liss_lab/Element_AVITI_20240118/HG008-N-D_Element-StdInsert_61x_GRCh37.bam.bai	8936528
data_somatic/HG008/Liss_lab/Element_AVITI_20240118/HG008-N-D_Element-StdInsert_61x_GRCh38-GIABv3.bam	94706484436
data_somatic/HG008/Liss_lab/Element_AVITI_20240118/HG008-N-D_Element-StdInsert_61x_GRCh38-GIABv3.bam.bai	9099672
data_somatic/HG008/Liss_lab/Element_AVITI_20240118/HG008-T_Element-StdInsert_2x150_R1.fastq.gz	67608505618
data_somatic/HG008/Liss_lab/Element_AVITI_20240118/HG008-T_Element-StdInsert_2x150_R2.fastq.gz	61895125953
data_somatic/HG008/Liss_lab/Element_AVITI_20240118/HG008-T_Element-StdInsert_87x_GRCh37.bam	99811083517
data_somatic/HG008/Liss_lab/Element_AVITI_20240118/HG008-T_Element-StdInsert_87x_GRCh37.bam.bai	8922576
data_somatic/HG008/Liss_lab/Element_AVITI_20240118/HG008-T_Element-StdInsert_87x_GRCh38-GIABv3.bam	100354261699
data_somatic/HG008/Liss_lab/Element_AVITI_20240118/HG008-T_Element-StdInsert_87x_GRCh38-GIABv3.bam.bai	9065504
data_somatic/HG008/Liss_lab/Element_AVITI_20240118/MAXQ-0195_QC.html	1699418
data_somatic/HG008/Liss_lab/Element_AVITI_20240118/MAXQ-0196_QC.html	1703900
data_somatic/HG008/Liss_lab/Element_AVITI_20240118/README_Element_20240118.md	21738
data_somatic/HG008/Liss_lab/Element_AVITI_20240118/checksums.md5	1502
data_somatic/HG008/Liss_lab/Element_AVITI_20240626/HG008-N-D_Element-LngInsert_27x_CHM13v2.0.bam	56062037662
data_somatic/HG008/Liss_lab/Element_AVITI_20240626/HG008-N-D_Element-LngInsert_27x_CHM13v2.0.bam.bai	9248544
data_somatic/HG008/Liss_lab/Element_AVITI_20240626/HG008-N-D_Element-LngInsert_27x_GRCh37.bam	56269963766
data_somatic/HG008/Liss_lab/Element_AVITI_20240626/HG008-N-D_Element-LngInsert_27x_GRCh37.bam.bai	8832840
data_somatic/HG008/Liss_lab/Element_AVITI_20240626/HG008-N-D_Element-LngInsert_27x_GRCh38-GIABv3.bam	56677176992
data_somatic/HG008/Liss_lab/Element_AVITI_20240626/HG008-N-D_Element-LngInsert_27x_GRCh38-GIABv3.bam.bai	8948944
data_somatic/HG008/Liss_lab/Element_AVITI_20240626/HG008-N-D_Element-StdInsert_72x_CHM13v2.0.bam	152579764557
data_somatic/HG008/Liss_lab/Element_AVITI_20240626/HG008-N-D_Element-StdInsert_72x_CHM13v2.0.bam.bai	9541800
data_somatic/HG008/Liss_lab/Element_AVITI_20240626/HG008-N-D_Element-StdInsert_72x_GRCh37.bam	153012683509
data_somatic/HG008/Liss_lab/Element_AVITI_20240626/HG008-N-D_Element-StdInsert_72x_GRCh37.bam.bai	9118832
data_somatic/HG008/Liss_lab/Element_AVITI_20240626/HG008-N-D_Element-StdInsert_72x_GRCh38-GIABv3.bam	153818251524
data_somatic/HG008/Liss_lab/Element_AVITI_20240626/HG008-N-D_Element-StdInsert_72x_GRCh38-GIABv3.bam.bai	9304032
data_somatic/HG008/Liss_lab/Element_AVITI_20240626/HG008-N-P_Element-LngInsert_19x_CHM13v2.0.bam	41284948915
data_somatic/HG008/Liss_lab/Element_AVITI_20240626/HG008-N-P_Element-LngInsert_19x_CHM13v2.0.bam.bai	9207888
data_somatic/HG008/Liss_lab/Element_AVITI_20240626/HG008-N-P_Element-LngInsert_19x_GRCh37.bam	41437522822
data_somatic/HG008/Liss_lab/Element_AVITI_20240626/HG008-N-P_Element-LngInsert_19x_GRCh37.bam.bai	8801208
data_somatic/HG008/Liss_lab/Element_AVITI_20240626/HG008-N-P_Element-LngInsert_19x_GRCh38-GIABv3.bam	41731051669
data_somatic/HG008/Liss_lab/Element_AVITI_20240626/HG008-N-P_Element-LngInsert_19x_GRCh38-GIABv3.bam.bai	8908648
data_somatic/HG008/Liss_lab/Element_AVITI_20240626/HG008-N-P_Element-StdInsert_70x_CHM13v2.0.bam	143930779452
data_somatic/HG008/Liss_lab/Element_AVITI_20240626/HG008-N-P_Element-StdInsert_70x_CHM13v2.0.bam.bai	9611808
data_somatic/HG008/Liss_lab/Element_AVITI_20240626/HG008-N-P_Element-StdInsert_70x_GRCh37.bam	144364239334
data_somatic/HG008/Liss_lab/Element_AVITI_20240626/HG008-N-P_Element-StdInsert_70x_GRCh37.bam.bai	9199760
data_somatic/HG008/Liss_lab/Element_AVITI_20240626/HG008-N-P_Element-StdInsert_70x_GRCh38-GIABv3.bam	145175482077
data_somatic/HG008/Liss_lab/Element_AVITI_20240626/HG008-N-P_Element-StdInsert_70x_GRCh38-GIABv3.bam.bai	9400208
data_somatic/HG008/Liss_lab/Element_AVITI_20240626/HG008-T_Element-LngInsert_31x_CHM13v2.0.bam	45070636507
data_somatic/HG008/Liss_lab/Element_AVITI_20240626/HG008-T_Element-LngInsert_31x_CHM13v2.0.bam.bai	9146840
data_somatic/HG008/Liss_lab/Element_AVITI_20240626/HG008-T_Element-LngInsert_31x_GRCh37.bam	45201204791
data_somatic/HG008/Liss_lab/Element_AVITI_20240626/HG008-T_Element-LngInsert_31x_GRCh37.bam.bai	8784928
data_somatic/HG008/Liss_lab/Element_AVITI_20240626/HG008-T_Element-LngInsert_31x_GRCh38-GIABv3.bam	45418558737
data_somatic/HG008/Liss_lab/Element_AVITI_20240626/HG008-T_Element-LngInsert_31x_GRCh38-GIABv3.bam.bai	8879384
data_somatic/HG008/Liss_lab/Element_AVITI_20240626/HG008-T_Element-StdInsert_102x_CHM13v2.0.bam	143281037502
data_somatic/HG008/Liss_lab/Element_AVITI_20240626/HG008-T_Element-StdInsert_102x_CHM13v2.0.bam.bai	9566080
data_somatic/HG008/Liss_lab/Element_AVITI_20240626/HG008-T_Element-StdInsert_102x_GRCh37.bam	143607099263
data_somatic/HG008/Liss_lab/Element_AVITI_20240626/HG008-T_Element-StdInsert_102x_GRCh37.bam.bai	9145024
data_somatic/HG008/Liss_lab/Element_AVITI_20240626/HG008-T_Element-StdInsert_102x_GRCh38-GIABv3.bam	144229436650
data_somatic/HG008/Liss_lab/Element_AVITI_20240626/HG008-T_Element-StdInsert_102x_GRCh38-GIABv3.bam.bai	9310528
data_somatic/HG008/Liss_lab/Element_AVITI_20240626/HG008_LngInsert_Fastqs/ND_Long_R1.fastq.gz	30280744663
data_somatic/HG008/Liss_lab/Element_AVITI_20240626/HG008_LngInsert_Fastqs/ND_Long_R2.fastq.gz	34614087051
data_somatic/HG008/Liss_lab/Element_AVITI_20240626/HG008_LngInsert_Fastqs/NP_Long_R1.fastq.gz	21491701491
data_somatic/HG008/Liss_lab/Element_AVITI_20240626/HG008_LngInsert_Fastqs/NP_Long_R2.fastq.gz	25339060966
data_somatic/HG008/Liss_lab/Element_AVITI_20240626/HG008_LngInsert_Fastqs/PDAC3066_Long_R1.fastq.gz	24508458772
data_somatic/HG008/Liss_lab/Element_AVITI_20240626/HG008_LngInsert_Fastqs/PDAC3066_Long_R2.fastq.gz	28328872110
data_somatic/HG008/Liss_lab/Element_AVITI_20240626/HG008_StdInsert_Fastqs/POR_NP_R1.fastq.gz	88223018293
data_somatic/HG008/Liss_lab/Element_AVITI_20240626/HG008_StdInsert_Fastqs/POR_NP_R2.fastq.gz	85131858161
data_somatic/HG008/Liss_lab/Element_AVITI_20240626/HG008_StdInsert_Fastqs/POR_NormalDuodenum_R1.fastq.gz	95327491381
data_somatic/HG008/Liss_lab/Element_AVITI_20240626/HG008_StdInsert_Fastqs/POR_NormalDuodenum_R2.fastq.gz	90857580139
data_somatic/HG008/Liss_lab/Element_AVITI_20240626/HG008_StdInsert_Fastqs/POR_PDAC3066_R1.fastq.gz	88482547081
data_somatic/HG008/Liss_lab/Element_AVITI_20240626/HG008_StdInsert_Fastqs/POR_PDAC3066_R2.fastq.gz	86164926442
data_somatic/HG008/Liss_lab/Element_AVITI_20240626/KOL-0801_QC.html	1807848
data_somatic/HG008/Liss_lab/Element_AVITI_20240626/KOL-0803_QC.html	1808368
data_somatic/HG008/Liss_lab/Element_AVITI_20240626/KOL-0806_QC.html	1790762
data_somatic/HG008/Liss_lab/Element_AVITI_20240626/KOL-0807_QC.html	1794366
data_somatic/HG008/Liss_lab/Element_AVITI_20240626/KOL-0808_QC.html	1796813
data_somatic/HG008/Liss_lab/Element_AVITI_20240626/KOL-0809_QC.html	1788498
data_somatic/HG008/Liss_lab/Element_AVITI_20240626/README_Element_20240626.md	29556
data_somatic/HG008/Liss_lab/Element_AVITI_20240626/checksum.md5	4230
data_somatic/HG008/Liss_lab/HG008-T_bioskryb-libraries-UG100/NIST_Bioskryb_QC_measures.csv	18394
data_somatic/HG008/Liss_lab/HG008-T_bioskryb-libraries-UG100/README_Bioskryb-Ultima.md	10623
data_somatic/HG008/Liss_lab/HG008-T_bioskryb-libraries-UG100/giab-aws_HG008-bioskryb-ultima_data_manifest.tsv	144691
data_somatic/HG008/Liss_lab/PacBio_Onso_20240415/CHM13v2.0_noPARmasking_CHM13mito/HG008-N-D_Pacbio-onso_48x_CHM13v2.0.bam	107514647033
data_somatic/HG008/Liss_lab/PacBio_Onso_20240415/CHM13v2.0_noPARmasking_CHM13mito/HG008-N-D_Pacbio-onso_48x_CHM13v2.0.bam.bai	9605088
data_somatic/HG008/Liss_lab/PacBio_Onso_20240415/CHM13v2.0_noPARmasking_CHM13mito/HG008-T_Pacbio-onso_136x_CHM13v2.0.bam	200331105021
data_somatic/HG008/Liss_lab/PacBio_Onso_20240415/CHM13v2.0_noPARmasking_CHM13mito/HG008-T_Pacbio-onso_136x_CHM13v2.0.bam.bai	10028784
data_somatic/HG008/Liss_lab/PacBio_Onso_20240415/HG008-N-D_Pacbio-onso_48x_GRCh37.bam	107826388865
data_somatic/HG008/Liss_lab/PacBio_Onso_20240415/HG008-N-D_Pacbio-onso_48x_GRCh37.bam.bai	9176784
data_somatic/HG008/Liss_lab/PacBio_Onso_20240415/HG008-N-D_Pacbio-onso_48x_GRCh38-GIABv3.bam	108528228158
data_somatic/HG008/Liss_lab/PacBio_Onso_20240415/HG008-N-D_Pacbio-onso_48x_GRCh38-GIABv3.bam.bai	9353112
data_somatic/HG008/Liss_lab/PacBio_Onso_20240415/HG008-ND_R1_trimmed.fastq.gz	63528834039
data_somatic/HG008/Liss_lab/PacBio_Onso_20240415/HG008-ND_R2_trimmed.fastq.gz	64794166744
data_somatic/HG008/Liss_lab/PacBio_Onso_20240415/HG008-T_Pacbio-onso_136x_GRCh37.bam	200757518932
data_somatic/HG008/Liss_lab/PacBio_Onso_20240415/HG008-T_Pacbio-onso_136x_GRCh37.bam.bai	9610616
data_somatic/HG008/Liss_lab/PacBio_Onso_20240415/HG008-T_Pacbio-onso_136x_GRCh38-GIABv3.bam	201723911756
data_somatic/HG008/Liss_lab/PacBio_Onso_20240415/HG008-T_Pacbio-onso_136x_GRCh38-GIABv3.bam.bai	9833280
data_somatic/HG008/Liss_lab/PacBio_Onso_20240415/HG008-T_R1_trimmed.fastq.gz	120810756532
data_somatic/HG008/Liss_lab/PacBio_Onso_20240415/HG008-T_R2_trimmed.fastq.gz	129626052647
data_somatic/HG008/Liss_lab/PacBio_Onso_20240415/README_PacBio_Onso.md	20500
data_somatic/HG008/Liss_lab/PacBio_Onso_20240415/checksums.md5	1160
data_somatic/HG008/Liss_lab/README	163
data_somatic/HG008/Liss_lab/Ultima-ppmSeq-UG100-20241028/HG008-N-D_Ultima_160x_GRCh38.cram	281025911231
data_somatic/HG008/Liss_lab/Ultima-ppmSeq-UG100-20241028/HG008-N-D_Ultima_160x_GRCh38.cram.crai	6085506
data_somatic/HG008/Liss_lab/Ultima-ppmSeq-UG100-20241028/HG008-T_Ultima_157x_GRCh38.cram	200426738442
data_somatic/HG008/Liss_lab/Ultima-ppmSeq-UG100-20241028/HG008-T_Ultima_157x_GRCh38.cram.crai	4298270
data_somatic/HG008/Liss_lab/Ultima-ppmSeq-UG100-20241028/README_ppmSeq_20241028.md	11529
data_somatic/HG008/Liss_lab/Ultima-ppmSeq-UG100-20241028/Ultima-ppmSeq_QC.tar.gz	279754
data_somatic/HG008/Liss_lab/Ultima-ppmSeq-UG100-20241028/checksum.md5	336
data_somatic/HG008/Liss_lab/Ultima_UG100-WGS_20240530/HG008-N-D_Ultima_234x_CHM13v2.0.cram	266312683587
data_somatic/HG008/Liss_lab/Ultima_UG100-WGS_20240530/HG008-N-D_Ultima_234x_CHM13v2.0.cram.crai	4418149
data_somatic/HG008/Liss_lab/Ultima_UG100-WGS_20240530/HG008-N-D_Ultima_234x_GRCh37.cram	267566800870
data_somatic/HG008/Liss_lab/Ultima_UG100-WGS_20240530/HG008-N-D_Ultima_234x_GRCh37.cram.crai	4412953
data_somatic/HG008/Liss_lab/Ultima_UG100-WGS_20240530/HG008-N-D_Ultima_234x_GRCh38-GIABv3.cram	270002656960
data_somatic/HG008/Liss_lab/Ultima_UG100-WGS_20240530/HG008-N-D_Ultima_234x_GRCh38-GIABv3.cram.crai	4436573
data_somatic/HG008/Liss_lab/Ultima_UG100-WGS_20240530/HG008-T_Ultima_306x_CHM13v2.0.cram	250818855922
data_somatic/HG008/Liss_lab/Ultima_UG100-WGS_20240530/HG008-T_Ultima_306x_CHM13v2.0.cram.crai	4246046
data_somatic/HG008/Liss_lab/Ultima_UG100-WGS_20240530/HG008-T_Ultima_306x_GRCh37.cram	252099345181
data_somatic/HG008/Liss_lab/Ultima_UG100-WGS_20240530/HG008-T_Ultima_306x_GRCh37.cram.crai	4238776
data_somatic/HG008/Liss_lab/Ultima_UG100-WGS_20240530/HG008-T_Ultima_306x_GRCh38-GIABv3.cram	254720453541
data_somatic/HG008/Liss_lab/Ultima_UG100-WGS_20240530/HG008-T_Ultima_306x_GRCh38-GIABv3.cram.crai	4262296
data_somatic/HG008/Liss_lab/Ultima_UG100-WGS_20240530/README_Ultima.md	16072
data_somatic/HG008/Liss_lab/Ultima_UG100-WGS_20240530/checksum.md5	971
data_somatic/HG008/Liss_lab/analysis/BCM_HiFi_ONT_Sniffles-v2.2_02282024/BCM_Sniffles_README.md	9339
data_somatic/HG008/Liss_lab/analysis/BCM_HiFi_ONT_Sniffles-v2.2_02282024/checksums.md5	175
data_somatic/HG008/Liss_lab/analysis/BCM_HiFi_ONT_Sniffles-v2.2_02282024/hg008_merge.vcf.gz	8416010
data_somatic/HG008/Liss_lab/analysis/BCM_HiFi_ONT_Sniffles-v2.2_02282024/hg008_merge_candidates.tsv	138667
data_somatic/HG008/Liss_lab/analysis/BCM_HiFi_ONT_Sniffles-v2.2_02282024/hg008_merge_candidates.vcf.gz	202363
data_somatic/HG008/Liss_lab/analysis/BCM_Revio_20240313/pacbio-wgs-wdl_somatic_20240601/CHM13v2.0/Additional_files_somatic_wdl_CHM13v2.0.tar.gz	1699
data_somatic/HG008/Liss_lab/analysis/BCM_Revio_20240313/pacbio-wgs-wdl_somatic_20240601/CHM13v2.0/HG008.normal.aligned.hiphase.bam	93224403197
data_somatic/HG008/Liss_lab/analysis/BCM_Revio_20240313/pacbio-wgs-wdl_somatic_20240601/CHM13v2.0/HG008.normal.aligned.hiphase.bam.bai	27307760
data_somatic/HG008/Liss_lab/analysis/BCM_Revio_20240313/pacbio-wgs-wdl_somatic_20240601/CHM13v2.0/HG008.normal.clair3.small_variantscorrect_ref.vcf.gz	77089967
data_somatic/HG008/Liss_lab/analysis/BCM_Revio_20240313/pacbio-wgs-wdl_somatic_20240601/CHM13v2.0/HG008.normal.clair3.small_variantscorrect_ref.vcf.gz.tbi	1601275
data_somatic/HG008/Liss_lab/analysis/BCM_Revio_20240313/pacbio-wgs-wdl_somatic_20240601/CHM13v2.0/HG008.normal.cpg.combined.bw	915380234
data_somatic/HG008/Liss_lab/analysis/BCM_Revio_20240313/pacbio-wgs-wdl_somatic_20240601/CHM13v2.0/HG008.normal.cpg.hap1.bw	847011540
data_somatic/HG008/Liss_lab/analysis/BCM_Revio_20240313/pacbio-wgs-wdl_somatic_20240601/CHM13v2.0/HG008.normal.cpg.hap2.bw	847658801
data_somatic/HG008/Liss_lab/analysis/BCM_Revio_20240313/pacbio-wgs-wdl_somatic_20240601/CHM13v2.0/HG008.tumor.aligned.hiphase.bam	99375041026
data_somatic/HG008/Liss_lab/analysis/BCM_Revio_20240313/pacbio-wgs-wdl_somatic_20240601/CHM13v2.0/HG008.tumor.aligned.hiphase.bam.bai	20904904
data_somatic/HG008/Liss_lab/analysis/BCM_Revio_20240313/pacbio-wgs-wdl_somatic_20240601/CHM13v2.0/HG008.tumor.clair3.small_variantscorrect_ref.vcf.gz	65174568
data_somatic/HG008/Liss_lab/analysis/BCM_Revio_20240313/pacbio-wgs-wdl_somatic_20240601/CHM13v2.0/HG008.tumor.clair3.small_variantscorrect_ref.vcf.gz.tbi	1551759
data_somatic/HG008/Liss_lab/analysis/BCM_Revio_20240313/pacbio-wgs-wdl_somatic_20240601/CHM13v2.0/HG008.tumor.cpg.combined.bw	874402813
data_somatic/HG008/Liss_lab/analysis/BCM_Revio_20240313/pacbio-wgs-wdl_somatic_20240601/CHM13v2.0/HG008.tumor.cpg.hap1.bw	514786908
data_somatic/HG008/Liss_lab/analysis/BCM_Revio_20240313/pacbio-wgs-wdl_somatic_20240601/CHM13v2.0/HG008.tumor.cpg.hap2.bw	518297741
data_somatic/HG008/Liss_lab/analysis/BCM_Revio_20240313/pacbio-wgs-wdl_somatic_20240601/CHM13v2.0/HG008_dmr_annotation_summary.tsv.gz	148
data_somatic/HG008/Liss_lab/analysis/BCM_Revio_20240313/pacbio-wgs-wdl_somatic_20240601/CHM13v2.0/HG008_hg38_genes_1to5kb_dmrs.tsv.gz	2618058
data_somatic/HG008/Liss_lab/analysis/BCM_Revio_20240313/pacbio-wgs-wdl_somatic_20240601/CHM13v2.0/HG008_hg38_genes_3UTRs_dmrs.tsv.gz	571063
data_somatic/HG008/Liss_lab/analysis/BCM_Revio_20240313/pacbio-wgs-wdl_somatic_20240601/CHM13v2.0/HG008_hg38_genes_5UTRs_dmrs.tsv.gz	325243
data_somatic/HG008/Liss_lab/analysis/BCM_Revio_20240313/pacbio-wgs-wdl_somatic_20240601/CHM13v2.0/HG008_hg38_genes_exons_dmrs.tsv.g	2769045
data_somatic/HG008/Liss_lab/analysis/BCM_Revio_20240313/pacbio-wgs-wdl_somatic_20240601/CHM13v2.0/HG008_hg38_genes_introns_dmrs.tsv.gz	14537140
data_somatic/HG008/Liss_lab/analysis/BCM_Revio_20240313/pacbio-wgs-wdl_somatic_20240601/CHM13v2.0/HG008_hg38_genes_promoters_dmrs.tsv.gz	1160174
data_somatic/HG008/Liss_lab/analysis/BCM_Revio_20240313/pacbio-wgs-wdl_somatic_20240601/GRCh37/Additional_files_somatic_wdl_GRCh37.tar.gz	6906
data_somatic/HG008/Liss_lab/analysis/BCM_Revio_20240313/pacbio-wgs-wdl_somatic_20240601/GRCh37/HG008.normal.aligned.hiphase.bam	97568333721
data_somatic/HG008/Liss_lab/analysis/BCM_Revio_20240313/pacbio-wgs-wdl_somatic_20240601/GRCh37/HG008.normal.aligned.hiphase.bam.bai	27744392
data_somatic/HG008/Liss_lab/analysis/BCM_Revio_20240313/pacbio-wgs-wdl_somatic_20240601/GRCh37/HG008.normal.clair3.small_variantscorrect_ref.vcf.gz	72176041
data_somatic/HG008/Liss_lab/analysis/BCM_Revio_20240313/pacbio-wgs-wdl_somatic_20240601/GRCh37/HG008.normal.clair3.small_variantscorrect_ref.vcf.gz.tbi	1548421
data_somatic/HG008/Liss_lab/analysis/BCM_Revio_20240313/pacbio-wgs-wdl_somatic_20240601/GRCh37/HG008.normal.cpg.combined.bw	852141405
data_somatic/HG008/Liss_lab/analysis/BCM_Revio_20240313/pacbio-wgs-wdl_somatic_20240601/GRCh37/HG008.normal.cpg.hap1.bw	812446535
data_somatic/HG008/Liss_lab/analysis/BCM_Revio_20240313/pacbio-wgs-wdl_somatic_20240601/GRCh37/HG008.normal.cpg.hap2.bw	812252809
data_somatic/HG008/Liss_lab/analysis/BCM_Revio_20240313/pacbio-wgs-wdl_somatic_20240601/GRCh37/HG008.tumor.aligned.hiphase.bam	105480728318
data_somatic/HG008/Liss_lab/analysis/BCM_Revio_20240313/pacbio-wgs-wdl_somatic_20240601/GRCh37/HG008.tumor.aligned.hiphase.bam.bai	21460984
data_somatic/HG008/Liss_lab/analysis/BCM_Revio_20240313/pacbio-wgs-wdl_somatic_20240601/GRCh37/HG008.tumor.clair3.small_variantscorrect_ref.vcf.gz	59897616
data_somatic/HG008/Liss_lab/analysis/BCM_Revio_20240313/pacbio-wgs-wdl_somatic_20240601/GRCh37/HG008.tumor.clair3.small_variantscorrect_ref.vcf.gz.tbi	1520055
data_somatic/HG008/Liss_lab/analysis/BCM_Revio_20240313/pacbio-wgs-wdl_somatic_20240601/GRCh37/HG008.tumor.cpg.combined.bw	812346198
data_somatic/HG008/Liss_lab/analysis/BCM_Revio_20240313/pacbio-wgs-wdl_somatic_20240601/GRCh37/HG008.tumor.cpg.hap1.bw	490049903
data_somatic/HG008/Liss_lab/analysis/BCM_Revio_20240313/pacbio-wgs-wdl_somatic_20240601/GRCh37/HG008.tumor.cpg.hap2.bw	495362997
data_somatic/HG008/Liss_lab/analysis/BCM_Revio_20240313/pacbio-wgs-wdl_somatic_20240601/GRCh38-GIABv3/Additional_files_somatic_wdl_GRCh38-GIABv3.tar.gz	10214
data_somatic/HG008/Liss_lab/analysis/BCM_Revio_20240313/pacbio-wgs-wdl_somatic_20240601/GRCh38-GIABv3/HG008.normal.aligned.hiphase.bam	95381103412
data_somatic/HG008/Liss_lab/analysis/BCM_Revio_20240313/pacbio-wgs-wdl_somatic_20240601/GRCh38-GIABv3/HG008.normal.aligned.hiphase.bam.bai	28041728
data_somatic/HG008/Liss_lab/analysis/BCM_Revio_20240313/pacbio-wgs-wdl_somatic_20240601/GRCh38-GIABv3/HG008.normal.clair3.small_variantscorrect_ref.vcf.gz	75877606
data_somatic/HG008/Liss_lab/analysis/BCM_Revio_20240313/pacbio-wgs-wdl_somatic_20240601/GRCh38-GIABv3/HG008.normal.clair3.small_variantscorrect_ref.vcf.gz.tbi	1567309
data_somatic/HG008/Liss_lab/analysis/BCM_Revio_20240313/pacbio-wgs-wdl_somatic_20240601/GRCh38-GIABv3/HG008.normal.cpg.combined.bw	865687124
data_somatic/HG008/Liss_lab/analysis/BCM_Revio_20240313/pacbio-wgs-wdl_somatic_20240601/GRCh38-GIABv3/HG008.normal.cpg.hap1.bw	820102453
data_somatic/HG008/Liss_lab/analysis/BCM_Revio_20240313/pacbio-wgs-wdl_somatic_20240601/GRCh38-GIABv3/HG008.normal.cpg.hap2.bw	820121549
data_somatic/HG008/Liss_lab/analysis/BCM_Revio_20240313/pacbio-wgs-wdl_somatic_20240601/GRCh38-GIABv3/HG008.tumor.aligned.hiphase.bam	102324808906
data_somatic/HG008/Liss_lab/analysis/BCM_Revio_20240313/pacbio-wgs-wdl_somatic_20240601/GRCh38-GIABv3/HG008.tumor.aligned.hiphase.bam.bai	21908536
data_somatic/HG008/Liss_lab/analysis/BCM_Revio_20240313/pacbio-wgs-wdl_somatic_20240601/GRCh38-GIABv3/HG008.tumor.clair3.small_variantscorrect_ref.vcf.gz	63642490
data_somatic/HG008/Liss_lab/analysis/BCM_Revio_20240313/pacbio-wgs-wdl_somatic_20240601/GRCh38-GIABv3/HG008.tumor.clair3.small_variantscorrect_ref.vcf.gz.tbi	1536746
data_somatic/HG008/Liss_lab/analysis/BCM_Revio_20240313/pacbio-wgs-wdl_somatic_20240601/GRCh38-GIABv3/HG008.tumor.cpg.combined.bw	826564996
data_somatic/HG008/Liss_lab/analysis/BCM_Revio_20240313/pacbio-wgs-wdl_somatic_20240601/GRCh38-GIABv3/HG008.tumor.cpg.hap1.bw	497126154
data_somatic/HG008/Liss_lab/analysis/BCM_Revio_20240313/pacbio-wgs-wdl_somatic_20240601/GRCh38-GIABv3/HG008.tumor.cpg.hap2.bw	502509398
data_somatic/HG008/Liss_lab/analysis/BCM_Revio_20240313/pacbio-wgs-wdl_somatic_20240601/GRCh38-GIABv3/HG008_deepsomatic.PASS.hiphase.vep.vcf.gz	735123
data_somatic/HG008/Liss_lab/analysis/BCM_Revio_20240313/pacbio-wgs-wdl_somatic_20240601/GRCh38-GIABv3/HG008_deepsomatic.PASS.hiphase.vep.vcf.gz.tbi	134177
data_somatic/HG008/Liss_lab/analysis/BCM_Revio_20240313/pacbio-wgs-wdl_somatic_20240601/GRCh38-GIABv3/HG008_dmr_annotation_summary.tsv.gz	147
data_somatic/HG008/Liss_lab/analysis/BCM_Revio_20240313/pacbio-wgs-wdl_somatic_20240601/GRCh38-GIABv3/HG008_hg38_genes_1to5kb_dmrs.tsv.gz	2363437
data_somatic/HG008/Liss_lab/analysis/BCM_Revio_20240313/pacbio-wgs-wdl_somatic_20240601/GRCh38-GIABv3/HG008_hg38_genes_3UTRs_dmrs.tsv.gz	377412
data_somatic/HG008/Liss_lab/analysis/BCM_Revio_20240313/pacbio-wgs-wdl_somatic_20240601/GRCh38-GIABv3/HG008_hg38_genes_5UTRs_dmrs.tsv.gz	401295
data_somatic/HG008/Liss_lab/analysis/BCM_Revio_20240313/pacbio-wgs-wdl_somatic_20240601/GRCh38-GIABv3/HG008_hg38_genes_exons_dmrs.tsv.gz	2474001
data_somatic/HG008/Liss_lab/analysis/BCM_Revio_20240313/pacbio-wgs-wdl_somatic_20240601/GRCh38-GIABv3/HG008_hg38_genes_introns_dmrs.tsv.gz	12593361
data_somatic/HG008/Liss_lab/analysis/BCM_Revio_20240313/pacbio-wgs-wdl_somatic_20240601/GRCh38-GIABv3/HG008_hg38_genes_promoters_dmrs.tsv.gz	1342460
data_somatic/HG008/Liss_lab/analysis/BCM_Revio_20240313/pacbio-wgs-wdl_somatic_20240601/GRCh38-GIABv3/severus_somatic_HG008.tumor.aligned.hiphase.svpack.vcf.gz	53502
data_somatic/HG008/Liss_lab/analysis/BCM_Revio_20240313/pacbio-wgs-wdl_somatic_20240601/GRCh38-GIABv3/severus_somatic_HG008.tumor.aligned.hiphase.svpack.vcf.gz.tbi	6838
data_somatic/HG008/Liss_lab/analysis/BCM_Revio_20240313/pacbio-wgs-wdl_somatic_20240601/README_BCM_Revio_analysis.md	6888
data_somatic/HG008/Liss_lab/analysis/BCM_Revio_20240313/pacbio-wgs-wdl_somatic_20240601/checksum.md5	5345
data_somatic/HG008/Liss_lab/analysis/Bionano_OpticalMapping-analysis_20231019/MGH3066_RVA_400x_AllSVs.smap	801317
data_somatic/HG008/Liss_lab/analysis/Bionano_OpticalMapping-analysis_20231019/MGH3066_RVA_400x_AllSVs.vcf	675153
data_somatic/HG008/Liss_lab/analysis/Bionano_OpticalMapping-analysis_20231019/MGH3066_RVA_400x_CNVs.bed	1903
data_somatic/HG008/Liss_lab/analysis/Bionano_OpticalMapping-analysis_20231019/MGH3066_RVA_400x_OverlapCancerGenes.bed	2346
data_somatic/HG008/Liss_lab/analysis/Bionano_OpticalMapping-analysis_20231019/MGH3066_RVA_400x_UniqueSVs.smap	52462
data_somatic/HG008/Liss_lab/analysis/Bionano_OpticalMapping-analysis_20231019/MGH3066_RVA_400x_UniqueSVs.vcf	64829
data_somatic/HG008/Liss_lab/analysis/Bionano_OpticalMapping-analysis_20231019/MGH3066_RVA_400x_VIAReport.docx	572653
data_somatic/HG008/Liss_lab/analysis/Bionano_OpticalMapping-analysis_20231019/README_Bionano.md	12313
data_somatic/HG008/Liss_lab/analysis/Bionano_OpticalMapping-analysis_20231019/checksums.md5	565
data_somatic/HG008/Liss_lab/analysis/Bioskryb_ResolveDNA-analysis_20230914/.DS_Store	6148
data_somatic/HG008/Liss_lab/analysis/Bioskryb_ResolveDNA-analysis_20230914/HG008-AdditionalAnalyses.pptx	3715651
data_somatic/HG008/Liss_lab/analysis/Bioskryb_ResolveDNA-analysis_20230914/HG008-PreSeqResults.txt	16673
data_somatic/HG008/Liss_lab/analysis/Bioskryb_ResolveDNA-analysis_20230914/HG008-T_Bioskryb_120cells_QC1X_tertiary-analysis.tar.gz	31503272
data_somatic/HG008/Liss_lab/analysis/Bioskryb_ResolveDNA-analysis_20230914/README_Bioskryb.md	11539
data_somatic/HG008/Liss_lab/analysis/Bioskryb_ResolveDNA-analysis_20230914/SegCopy.binsize_1000000.tsv	700328
data_somatic/HG008/Liss_lab/analysis/Bioskryb_ResolveDNA-analysis_20230914/checksums.md5	381
data_somatic/HG008/Liss_lab/analysis/DRAGEN-v4.2.4_ILMN-WGS_20240312/.DS_Store	8196
data_somatic/HG008/Liss_lab/analysis/DRAGEN-v4.2.4_ILMN-WGS_20240312/README_DRAGEN_20240312.md	9015
data_somatic/HG008/Liss_lab/analysis/DRAGEN-v4.2.4_ILMN-WGS_20240312/checksums.md5	1867
data_somatic/HG008/Liss_lab/analysis/DRAGEN-v4.2.4_ILMN-WGS_20240312/graph-reference-alignments/dragen_4.2.4_HG008-N-P_graph.bam	185690839637
data_somatic/HG008/Liss_lab/analysis/DRAGEN-v4.2.4_ILMN-WGS_20240312/graph-reference-alignments/dragen_4.2.4_HG008-N-P_graph.bam.bai	9741032
data_somatic/HG008/Liss_lab/analysis/DRAGEN-v4.2.4_ILMN-WGS_20240312/graph-reference-alignments/dragen_4.2.4_HG008-T-mosaic_graph.bam	180742915055
data_somatic/HG008/Liss_lab/analysis/DRAGEN-v4.2.4_ILMN-WGS_20240312/graph-reference-alignments/dragen_4.2.4_HG008-T-mosaic_graph.bam.bai	9595200
data_somatic/HG008/Liss_lab/analysis/DRAGEN-v4.2.4_ILMN-WGS_20240312/graph/.DS_Store	6148
data_somatic/HG008/Liss_lab/analysis/DRAGEN-v4.2.4_ILMN-WGS_20240312/graph/dragen_4.2.4_HG008-mosaic_tumor.cnv.vcf.gz	15364
data_somatic/HG008/Liss_lab/analysis/DRAGEN-v4.2.4_ILMN-WGS_20240312/graph/dragen_4.2.4_HG008-mosaic_tumor.cnv.vcf.gz.tbi	5990
data_somatic/HG008/Liss_lab/analysis/DRAGEN-v4.2.4_ILMN-WGS_20240312/graph/dragen_4.2.4_HG008-mosaic_tumor.hard-filtered.vcf.gz	2701268
data_somatic/HG008/Liss_lab/analysis/DRAGEN-v4.2.4_ILMN-WGS_20240312/graph/dragen_4.2.4_HG008-mosaic_tumor.hard-filtered.vcf.gz.tbi	291840
data_somatic/HG008/Liss_lab/analysis/DRAGEN-v4.2.4_ILMN-WGS_20240312/graph/dragen_4.2.4_HG008-mosaic_tumor.sv.vcf.gz	46849
data_somatic/HG008/Liss_lab/analysis/DRAGEN-v4.2.4_ILMN-WGS_20240312/graph/dragen_4.2.4_HG008-mosaic_tumor.sv.vcf.gz.tbi	7137
data_somatic/HG008/Liss_lab/analysis/DRAGEN-v4.2.4_ILMN-WGS_20240312/standard-reference-alignments/dragen_4.2.4_HG008-N-P_standard.bam	185770722457
data_somatic/HG008/Liss_lab/analysis/DRAGEN-v4.2.4_ILMN-WGS_20240312/standard-reference-alignments/dragen_4.2.4_HG008-N-P_standard.bam.bai	9744120
data_somatic/HG008/Liss_lab/analysis/DRAGEN-v4.2.4_ILMN-WGS_20240312/standard-reference-alignments/dragen_4.2.4_HG008-T-mosaic_standard.bam	180801409551
data_somatic/HG008/Liss_lab/analysis/DRAGEN-v4.2.4_ILMN-WGS_20240312/standard-reference-alignments/dragen_4.2.4_HG008-T-mosaic_standard.bam.bai	9595200
data_somatic/HG008/Liss_lab/analysis/DRAGEN-v4.2.4_ILMN-WGS_20240312/standard/dragen_4.2.4_HG008-mosaic_tumor.cnv.vcf.gz	15373
data_somatic/HG008/Liss_lab/analysis/DRAGEN-v4.2.4_ILMN-WGS_20240312/standard/dragen_4.2.4_HG008-mosaic_tumor.cnv.vcf.gz.tbi	5975
data_somatic/HG008/Liss_lab/analysis/DRAGEN-v4.2.4_ILMN-WGS_20240312/standard/dragen_4.2.4_HG008-mosaic_tumor.hard-filtered.vcf.gz	2817770
data_somatic/HG008/Liss_lab/analysis/DRAGEN-v4.2.4_ILMN-WGS_20240312/standard/dragen_4.2.4_HG008-mosaic_tumor.hard-filtered.vcf.gz.tbi	298189
data_somatic/HG008/Liss_lab/analysis/DRAGEN-v4.2.4_ILMN-WGS_20240312/standard/dragen_4.2.4_HG008-mosaic_tumor.sv.vcf.gz	47142
data_somatic/HG008/Liss_lab/analysis/DRAGEN-v4.2.4_ILMN-WGS_20240312/standard/dragen_4.2.4_HG008-mosaic_tumor.sv.vcf.gz.tbi	7146
data_somatic/HG008/Liss_lab/analysis/HG008_ancestry_analysis/.DS_Store	6148
data_somatic/HG008/Liss_lab/analysis/HG008_ancestry_analysis/.Rhistory	0
data_somatic/HG008/Liss_lab/analysis/HG008_ancestry_analysis/HG008_year1-2022_ancestry.R	1369
data_somatic/HG008/Liss_lab/analysis/HG008_ancestry_analysis/HG008_year1-2022_ancestry.md5	186
data_somatic/HG008/Liss_lab/analysis/HG008_ancestry_analysis/HG008_year1-2022_ancestry.pdf	295094
data_somatic/HG008/Liss_lab/analysis/HG008_ancestry_analysis/HG008_year1-2022_ancestry_sh	1055
data_somatic/HG008/Liss_lab/analysis/HG008_ancestry_analysis/README_HG008_ancestry_analysis.md	9133
data_somatic/HG008/Liss_lab/analysis/HKU_HiFi_ClairS-v0.4.1-SNV-INDEL_20241201/HG008_T_N-P_HiFi_CHM13_ClairS-SSRS_v0.4.1_indel.vcf.gz	97465
data_somatic/HG008/Liss_lab/analysis/HKU_HiFi_ClairS-v0.4.1-SNV-INDEL_20241201/HG008_T_N-P_HiFi_CHM13_ClairS-SSRS_v0.4.1_indel.vcf.gz.tbi	30494
data_somatic/HG008/Liss_lab/analysis/HKU_HiFi_ClairS-v0.4.1-SNV-INDEL_20241201/HG008_T_N-P_HiFi_CHM13_ClairS-SSRS_v0.4.1_snv.vcf.gz	430133
data_somatic/HG008/Liss_lab/analysis/HKU_HiFi_ClairS-v0.4.1-SNV-INDEL_20241201/HG008_T_N-P_HiFi_CHM13_ClairS-SSRS_v0.4.1_snv.vcf.gz.tbi	116952
data_somatic/HG008/Liss_lab/analysis/HKU_HiFi_ClairS-v0.4.1-SNV-INDEL_20241201/HG008_T_N-P_HiFi_CHM13_ClairS-SS_v0.4.1_indel.vcf.gz	2124972
data_somatic/HG008/Liss_lab/analysis/HKU_HiFi_ClairS-v0.4.1-SNV-INDEL_20241201/HG008_T_N-P_HiFi_CHM13_ClairS-SS_v0.4.1_indel.vcf.gz.tbi	468424
data_somatic/HG008/Liss_lab/analysis/HKU_HiFi_ClairS-v0.4.1-SNV-INDEL_20241201/HG008_T_N-P_HiFi_CHM13_ClairS-SS_v0.4.1_snv.vcf.gz	2266473
data_somatic/HG008/Liss_lab/analysis/HKU_HiFi_ClairS-v0.4.1-SNV-INDEL_20241201/HG008_T_N-P_HiFi_CHM13_ClairS-SS_v0.4.1_snv.vcf.gz.tbi	168585
data_somatic/HG008/Liss_lab/analysis/HKU_HiFi_ClairS-v0.4.1-SNV-INDEL_20241201/HG008_T_N-P_HiFi_GRCh37_ClairS-SSRS_v0.4.1_indel.vcf.gz	89721
data_somatic/HG008/Liss_lab/analysis/HKU_HiFi_ClairS-v0.4.1-SNV-INDEL_20241201/HG008_T_N-P_HiFi_GRCh37_ClairS-SSRS_v0.4.1_indel.vcf.gz.tbi	29249
data_somatic/HG008/Liss_lab/analysis/HKU_HiFi_ClairS-v0.4.1-SNV-INDEL_20241201/HG008_T_N-P_HiFi_GRCh37_ClairS-SSRS_v0.4.1_snv.vcf.gz	409194
data_somatic/HG008/Liss_lab/analysis/HKU_HiFi_ClairS-v0.4.1-SNV-INDEL_20241201/HG008_T_N-P_HiFi_GRCh37_ClairS-SSRS_v0.4.1_snv.vcf.gz.tbi	113583
data_somatic/HG008/Liss_lab/analysis/HKU_HiFi_ClairS-v0.4.1-SNV-INDEL_20241201/HG008_T_N-P_HiFi_GRCh37_ClairS-SS_v0.4.1_indel.vcf.gz	1914118
data_somatic/HG008/Liss_lab/analysis/HKU_HiFi_ClairS-v0.4.1-SNV-INDEL_20241201/HG008_T_N-P_HiFi_GRCh37_ClairS-SS_v0.4.1_indel.vcf.gz.tbi	450077
data_somatic/HG008/Liss_lab/analysis/HKU_HiFi_ClairS-v0.4.1-SNV-INDEL_20241201/HG008_T_N-P_HiFi_GRCh37_ClairS-SS_v0.4.1_snv.vcf.gz	842397
data_somatic/HG008/Liss_lab/analysis/HKU_HiFi_ClairS-v0.4.1-SNV-INDEL_20241201/HG008_T_N-P_HiFi_GRCh37_ClairS-SS_v0.4.1_snv.vcf.gz.tbi	148868
data_somatic/HG008/Liss_lab/analysis/HKU_HiFi_ClairS-v0.4.1-SNV-INDEL_20241201/HG008_T_N-P_HiFi_GRCh38-GIABv3_ClairS-SSRS_v0.4.1_indel.vcf.gz	90759
data_somatic/HG008/Liss_lab/analysis/HKU_HiFi_ClairS-v0.4.1-SNV-INDEL_20241201/HG008_T_N-P_HiFi_GRCh38-GIABv3_ClairS-SSRS_v0.4.1_indel.vcf.gz.tbi	29446
data_somatic/HG008/Liss_lab/analysis/HKU_HiFi_ClairS-v0.4.1-SNV-INDEL_20241201/HG008_T_N-P_HiFi_GRCh38-GIABv3_ClairS-SSRS_v0.4.1_snv.vcf.gz	426640
data_somatic/HG008/Liss_lab/analysis/HKU_HiFi_ClairS-v0.4.1-SNV-INDEL_20241201/HG008_T_N-P_HiFi_GRCh38-GIABv3_ClairS-SSRS_v0.4.1_snv.vcf.gz.tbi	115165
data_somatic/HG008/Liss_lab/analysis/HKU_HiFi_ClairS-v0.4.1-SNV-INDEL_20241201/HG008_T_N-P_HiFi_GRCh38-GIABv3_ClairS-SS_v0.4.1_indel.vcf.gz	1946430
data_somatic/HG008/Liss_lab/analysis/HKU_HiFi_ClairS-v0.4.1-SNV-INDEL_20241201/HG008_T_N-P_HiFi_GRCh38-GIABv3_ClairS-SS_v0.4.1_indel.vcf.gz.tbi	454699
data_somatic/HG008/Liss_lab/analysis/HKU_HiFi_ClairS-v0.4.1-SNV-INDEL_20241201/HG008_T_N-P_HiFi_GRCh38-GIABv3_ClairS-SS_v0.4.1_snv.vcf.gz	1077457
data_somatic/HG008/Liss_lab/analysis/HKU_HiFi_ClairS-v0.4.1-SNV-INDEL_20241201/HG008_T_N-P_HiFi_GRCh38-GIABv3_ClairS-SS_v0.4.1_snv.vcf.gz.tbi	152175
data_somatic/HG008/Liss_lab/analysis/HKU_HiFi_ClairS-v0.4.1-SNV-INDEL_20241201/README_HKU_HiFi_ClairS-v0.4.1-SNV-INDEL_20241201.md	8338
data_somatic/HG008/Liss_lab/analysis/HKU_HiFi_ClairS-v0.4.1-SNV-INDEL_20241201/checksums.md5	2306
data_somatic/HG008/Liss_lab/analysis/HKU_HiFi_ClairS_v0.1.7-SNV-INDEL_20240326/HG008_T_N-P_HiFi_CHM13v2.0_ClairS_v0.1.7_indel.vcf.gz	3474352
data_somatic/HG008/Liss_lab/analysis/HKU_HiFi_ClairS_v0.1.7-SNV-INDEL_20240326/HG008_T_N-P_HiFi_CHM13v2.0_ClairS_v0.1.7_indel.vcf.gz.tbi	657825
data_somatic/HG008/Liss_lab/analysis/HKU_HiFi_ClairS_v0.1.7-SNV-INDEL_20240326/HG008_T_N-P_HiFi_CHM13v2.0_ClairS_v0.1.7_snv.vcf.gz	2259880
data_somatic/HG008/Liss_lab/analysis/HKU_HiFi_ClairS_v0.1.7-SNV-INDEL_20240326/HG008_T_N-P_HiFi_CHM13v2.0_ClairS_v0.1.7_snv.vcf.gz.tbi	168594
data_somatic/HG008/Liss_lab/analysis/HKU_HiFi_ClairS_v0.1.7-SNV-INDEL_20240326/HG008_T_N-P_HiFi_GRCh37_ClairS_v0.1.7_indel.vcf.gz	3231078
data_somatic/HG008/Liss_lab/analysis/HKU_HiFi_ClairS_v0.1.7-SNV-INDEL_20240326/HG008_T_N-P_HiFi_GRCh37_ClairS_v0.1.7_indel.vcf.gz.tbi	636000
data_somatic/HG008/Liss_lab/analysis/HKU_HiFi_ClairS_v0.1.7-SNV-INDEL_20240326/HG008_T_N-P_HiFi_GRCh37_ClairS_v0.1.7_snv.vcf.gz	833229
data_somatic/HG008/Liss_lab/analysis/HKU_HiFi_ClairS_v0.1.7-SNV-INDEL_20240326/HG008_T_N-P_HiFi_GRCh37_ClairS_v0.1.7_snv.vcf.gz.tbi	149090
data_somatic/HG008/Liss_lab/analysis/HKU_HiFi_ClairS_v0.1.7-SNV-INDEL_20240326/HG008_T_N-P_HiFi_GRCh38-GIABv3_ClairS_v0.1.7_indel.vcf.gz	3267825
data_somatic/HG008/Liss_lab/analysis/HKU_HiFi_ClairS_v0.1.7-SNV-INDEL_20240326/HG008_T_N-P_HiFi_GRCh38-GIABv3_ClairS_v0.1.7_indel.vcf.gz.tbi	642994
data_somatic/HG008/Liss_lab/analysis/HKU_HiFi_ClairS_v0.1.7-SNV-INDEL_20240326/HG008_T_N-P_HiFi_GRCh38-GIABv3_ClairS_v0.1.7_snv.vcf.gz	1066081
data_somatic/HG008/Liss_lab/analysis/HKU_HiFi_ClairS_v0.1.7-SNV-INDEL_20240326/HG008_T_N-P_HiFi_GRCh38-GIABv3_ClairS_v0.1.7_snv.vcf.gz.tbi	152391
data_somatic/HG008/Liss_lab/analysis/HKU_HiFi_ClairS_v0.1.7-SNV-INDEL_20240326/README_HKU_ClairS.md	13185
data_somatic/HG008/Liss_lab/analysis/HKU_HiFi_ClairS_v0.1.7-SNV-INDEL_20240326/checksums.md5	1688
data_somatic/HG008/Liss_lab/analysis/HKU_ONT_ClairS-v0.4.1-SNV-INDEL_20241201/HG008_T_N-D-N-P-merged_ONT_CHM13_ClairS-SSRS_v0.4.1_indel.vcf.gz	125658
data_somatic/HG008/Liss_lab/analysis/HKU_ONT_ClairS-v0.4.1-SNV-INDEL_20241201/HG008_T_N-D-N-P-merged_ONT_CHM13_ClairS-SSRS_v0.4.1_indel.vcf.gz.tbi	29317
data_somatic/HG008/Liss_lab/analysis/HKU_ONT_ClairS-v0.4.1-SNV-INDEL_20241201/HG008_T_N-D-N-P-merged_ONT_CHM13_ClairS-SSRS_v0.4.1_snv.vcf.gz	901381
data_somatic/HG008/Liss_lab/analysis/HKU_ONT_ClairS-v0.4.1-SNV-INDEL_20241201/HG008_T_N-D-N-P-merged_ONT_CHM13_ClairS-SSRS_v0.4.1_snv.vcf.gz.tbi	135613
data_somatic/HG008/Liss_lab/analysis/HKU_ONT_ClairS-v0.4.1-SNV-INDEL_20241201/HG008_T_N-D-N-P-merged_ONT_CHM13_ClairS-SS_v0.4.1_indel.vcf.gz	534694
data_somatic/HG008/Liss_lab/analysis/HKU_ONT_ClairS-v0.4.1-SNV-INDEL_20241201/HG008_T_N-D-N-P-merged_ONT_CHM13_ClairS-SS_v0.4.1_indel.vcf.gz.tbi	81754
data_somatic/HG008/Liss_lab/analysis/HKU_ONT_ClairS-v0.4.1-SNV-INDEL_20241201/HG008_T_N-D-N-P-merged_ONT_CHM13_ClairS-SS_v0.4.1_snv.vcf.gz	2165098
data_somatic/HG008/Liss_lab/analysis/HKU_ONT_ClairS-v0.4.1-SNV-INDEL_20241201/HG008_T_N-D-N-P-merged_ONT_CHM13_ClairS-SS_v0.4.1_snv.vcf.gz.tbi	161635
data_somatic/HG008/Liss_lab/analysis/HKU_ONT_ClairS-v0.4.1-SNV-INDEL_20241201/HG008_T_N-D-N-P-merged_ONT_GRCh37_ClairS-SSRS_v0.4.1_indel.vcf.gz	141128
data_somatic/HG008/Liss_lab/analysis/HKU_ONT_ClairS-v0.4.1-SNV-INDEL_20241201/HG008_T_N-D-N-P-merged_ONT_GRCh37_ClairS-SSRS_v0.4.1_indel.vcf.gz.tbi	28912
data_somatic/HG008/Liss_lab/analysis/HKU_ONT_ClairS-v0.4.1-SNV-INDEL_20241201/HG008_T_N-D-N-P-merged_ONT_GRCh37_ClairS-SSRS_v0.4.1_snv.vcf.gz	703531
data_somatic/HG008/Liss_lab/analysis/HKU_ONT_ClairS-v0.4.1-SNV-INDEL_20241201/HG008_T_N-D-N-P-merged_ONT_GRCh37_ClairS-SSRS_v0.4.1_snv.vcf.gz.tbi	122851
data_somatic/HG008/Liss_lab/analysis/HKU_ONT_ClairS-v0.4.1-SNV-INDEL_20241201/HG008_T_N-D-N-P-merged_ONT_GRCh37_ClairS-SS_v0.4.1_indel.vcf.gz	338005
data_somatic/HG008/Liss_lab/analysis/HKU_ONT_ClairS-v0.4.1-SNV-INDEL_20241201/HG008_T_N-D-N-P-merged_ONT_GRCh37_ClairS-SS_v0.4.1_indel.vcf.gz.tbi	72017
data_somatic/HG008/Liss_lab/analysis/HKU_ONT_ClairS-v0.4.1-SNV-INDEL_20241201/HG008_T_N-D-N-P-merged_ONT_GRCh37_ClairS-SS_v0.4.1_snv.vcf.gz	1002837
data_somatic/HG008/Liss_lab/analysis/HKU_ONT_ClairS-v0.4.1-SNV-INDEL_20241201/HG008_T_N-D-N-P-merged_ONT_GRCh37_ClairS-SS_v0.4.1_snv.vcf.gz.tbi	138924
data_somatic/HG008/Liss_lab/analysis/HKU_ONT_ClairS-v0.4.1-SNV-INDEL_20241201/HG008_T_N-D-N-P-merged_ONT_GRCh38-GIABv3_ClairS-SSRS_v0.4.1_indel.vcf.gz	132502
data_somatic/HG008/Liss_lab/analysis/HKU_ONT_ClairS-v0.4.1-SNV-INDEL_20241201/HG008_T_N-D-N-P-merged_ONT_GRCh38-GIABv3_ClairS-SSRS_v0.4.1_indel.vcf.gz.tbi	28786
data_somatic/HG008/Liss_lab/analysis/HKU_ONT_ClairS-v0.4.1-SNV-INDEL_20241201/HG008_T_N-D-N-P-merged_ONT_GRCh38-GIABv3_ClairS-SSRS_v0.4.1_snv.vcf.gz	668562
data_somatic/HG008/Liss_lab/analysis/HKU_ONT_ClairS-v0.4.1-SNV-INDEL_20241201/HG008_T_N-D-N-P-merged_ONT_GRCh38-GIABv3_ClairS-SSRS_v0.4.1_snv.vcf.gz.tbi	125053
data_somatic/HG008/Liss_lab/analysis/HKU_ONT_ClairS-v0.4.1-SNV-INDEL_20241201/HG008_T_N-D-N-P-merged_ONT_GRCh38-GIABv3_ClairS-SS_v0.4.1_indel.vcf.gz	352541
data_somatic/HG008/Liss_lab/analysis/HKU_ONT_ClairS-v0.4.1-SNV-INDEL_20241201/HG008_T_N-D-N-P-merged_ONT_GRCh38-GIABv3_ClairS-SS_v0.4.1_indel.vcf.gz.tbi	73364
data_somatic/HG008/Liss_lab/analysis/HKU_ONT_ClairS-v0.4.1-SNV-INDEL_20241201/HG008_T_N-D-N-P-merged_ONT_GRCh38-GIABv3_ClairS-SS_v0.4.1_snv.vcf.gz	1095115
data_somatic/HG008/Liss_lab/analysis/HKU_ONT_ClairS-v0.4.1-SNV-INDEL_20241201/HG008_T_N-D-N-P-merged_ONT_GRCh38-GIABv3_ClairS-SS_v0.4.1_snv.vcf.gz.tbi	142397
data_somatic/HG008/Liss_lab/analysis/HKU_ONT_ClairS-v0.4.1-SNV-INDEL_20241201/HG008_T_N-D_ONT_CHM13_ClairS-SSRS_v0.4.1_indel.vcf.gz	144366
data_somatic/HG008/Liss_lab/analysis/HKU_ONT_ClairS-v0.4.1-SNV-INDEL_20241201/HG008_T_N-D_ONT_CHM13_ClairS-SSRS_v0.4.1_indel.vcf.gz.tbi	31131
data_somatic/HG008/Liss_lab/analysis/HKU_ONT_ClairS-v0.4.1-SNV-INDEL_20241201/HG008_T_N-D_ONT_CHM13_ClairS-SSRS_v0.4.1_snv.vcf.gz	1104460
data_somatic/HG008/Liss_lab/analysis/HKU_ONT_ClairS-v0.4.1-SNV-INDEL_20241201/HG008_T_N-D_ONT_CHM13_ClairS-SSRS_v0.4.1_snv.vcf.gz.tbi	136789
data_somatic/HG008/Liss_lab/analysis/HKU_ONT_ClairS-v0.4.1-SNV-INDEL_20241201/HG008_T_N-D_ONT_CHM13_ClairS-SS_v0.4.1_indel.vcf.gz	672556
data_somatic/HG008/Liss_lab/analysis/HKU_ONT_ClairS-v0.4.1-SNV-INDEL_20241201/HG008_T_N-D_ONT_CHM13_ClairS-SS_v0.4.1_indel.vcf.gz.tbi	93961
data_somatic/HG008/Liss_lab/analysis/HKU_ONT_ClairS-v0.4.1-SNV-INDEL_20241201/HG008_T_N-D_ONT_CHM13_ClairS-SS_v0.4.1_snv.vcf.gz	2861365
data_somatic/HG008/Liss_lab/analysis/HKU_ONT_ClairS-v0.4.1-SNV-INDEL_20241201/HG008_T_N-D_ONT_CHM13_ClairS-SS_v0.4.1_snv.vcf.gz.tbi	169432
data_somatic/HG008/Liss_lab/analysis/HKU_ONT_ClairS-v0.4.1-SNV-INDEL_20241201/HG008_T_N-D_ONT_GRCh37_ClairS-SSRS_v0.4.1_indel.vcf.gz	172074
data_somatic/HG008/Liss_lab/analysis/HKU_ONT_ClairS-v0.4.1-SNV-INDEL_20241201/HG008_T_N-D_ONT_GRCh37_ClairS-SSRS_v0.4.1_indel.vcf.gz.tbi	30175
data_somatic/HG008/Liss_lab/analysis/HKU_ONT_ClairS-v0.4.1-SNV-INDEL_20241201/HG008_T_N-D_ONT_GRCh37_ClairS-SSRS_v0.4.1_snv.vcf.gz	980200
data_somatic/HG008/Liss_lab/analysis/HKU_ONT_ClairS-v0.4.1-SNV-INDEL_20241201/HG008_T_N-D_ONT_GRCh37_ClairS-SSRS_v0.4.1_snv.vcf.gz.tbi	123890
data_somatic/HG008/Liss_lab/analysis/HKU_ONT_ClairS-v0.4.1-SNV-INDEL_20241201/HG008_T_N-D_ONT_GRCh37_ClairS-SS_v0.4.1_indel.vcf.gz	450238
data_somatic/HG008/Liss_lab/analysis/HKU_ONT_ClairS-v0.4.1-SNV-INDEL_20241201/HG008_T_N-D_ONT_GRCh37_ClairS-SS_v0.4.1_indel.vcf.gz.tbi	83026
data_somatic/HG008/Liss_lab/analysis/HKU_ONT_ClairS-v0.4.1-SNV-INDEL_20241201/HG008_T_N-D_ONT_GRCh37_ClairS-SS_v0.4.1_snv.vcf.gz	1437949
data_somatic/HG008/Liss_lab/analysis/HKU_ONT_ClairS-v0.4.1-SNV-INDEL_20241201/HG008_T_N-D_ONT_GRCh37_ClairS-SS_v0.4.1_snv.vcf.gz.tbi	145423
data_somatic/HG008/Liss_lab/analysis/HKU_ONT_ClairS-v0.4.1-SNV-INDEL_20241201/HG008_T_N-D_ONT_GRCh38-GIABv3_ClairS-SSRS_v0.4.1_indel.vcf.gz	159608
data_somatic/HG008/Liss_lab/analysis/HKU_ONT_ClairS-v0.4.1-SNV-INDEL_20241201/HG008_T_N-D_ONT_GRCh38-GIABv3_ClairS-SSRS_v0.4.1_indel.vcf.gz.tbi	30293
data_somatic/HG008/Liss_lab/analysis/HKU_ONT_ClairS-v0.4.1-SNV-INDEL_20241201/HG008_T_N-D_ONT_GRCh38-GIABv3_ClairS-SSRS_v0.4.1_snv.vcf.gz	891327
data_somatic/HG008/Liss_lab/analysis/HKU_ONT_ClairS-v0.4.1-SNV-INDEL_20241201/HG008_T_N-D_ONT_GRCh38-GIABv3_ClairS-SSRS_v0.4.1_snv.vcf.gz.tbi	126185
data_somatic/HG008/Liss_lab/analysis/HKU_ONT_ClairS-v0.4.1-SNV-INDEL_20241201/HG008_T_N-D_ONT_GRCh38-GIABv3_ClairS-SS_v0.4.1_indel.vcf.gz	448350
data_somatic/HG008/Liss_lab/analysis/HKU_ONT_ClairS-v0.4.1-SNV-INDEL_20241201/HG008_T_N-D_ONT_GRCh38-GIABv3_ClairS-SS_v0.4.1_indel.vcf.gz.tbi	84927
data_somatic/HG008/Liss_lab/analysis/HKU_ONT_ClairS-v0.4.1-SNV-INDEL_20241201/HG008_T_N-D_ONT_GRCh38-GIABv3_ClairS-SS_v0.4.1_snv.vcf.gz	1488830
data_somatic/HG008/Liss_lab/analysis/HKU_ONT_ClairS-v0.4.1-SNV-INDEL_20241201/HG008_T_N-D_ONT_GRCh38-GIABv3_ClairS-SS_v0.4.1_snv.vcf.gz.tbi	148642
data_somatic/HG008/Liss_lab/analysis/HKU_ONT_ClairS-v0.4.1-SNV-INDEL_20241201/HG008_T_N-P_ONT_CHM13_ClairS-SSRS_v0.4.1_indel.vcf.gz	114775
data_somatic/HG008/Liss_lab/analysis/HKU_ONT_ClairS-v0.4.1-SNV-INDEL_20241201/HG008_T_N-P_ONT_CHM13_ClairS-SSRS_v0.4.1_indel.vcf.gz.tbi	28953
data_somatic/HG008/Liss_lab/analysis/HKU_ONT_ClairS-v0.4.1-SNV-INDEL_20241201/HG008_T_N-P_ONT_CHM13_ClairS-SSRS_v0.4.1_snv.vcf.gz	564844
data_somatic/HG008/Liss_lab/analysis/HKU_ONT_ClairS-v0.4.1-SNV-INDEL_20241201/HG008_T_N-P_ONT_CHM13_ClairS-SSRS_v0.4.1_snv.vcf.gz.tbi	126961
data_somatic/HG008/Liss_lab/analysis/HKU_ONT_ClairS-v0.4.1-SNV-INDEL_20241201/HG008_T_N-P_ONT_CHM13_ClairS-SS_v0.4.1_indel.vcf.gz	597728
data_somatic/HG008/Liss_lab/analysis/HKU_ONT_ClairS-v0.4.1-SNV-INDEL_20241201/HG008_T_N-P_ONT_CHM13_ClairS-SS_v0.4.1_indel.vcf.gz.tbi	108788
data_somatic/HG008/Liss_lab/analysis/HKU_ONT_ClairS-v0.4.1-SNV-INDEL_20241201/HG008_T_N-P_ONT_CHM13_ClairS-SS_v0.4.1_snv.vcf.gz	1825266
data_somatic/HG008/Liss_lab/analysis/HKU_ONT_ClairS-v0.4.1-SNV-INDEL_20241201/HG008_T_N-P_ONT_CHM13_ClairS-SS_v0.4.1_snv.vcf.gz.tbi	174959
data_somatic/HG008/Liss_lab/analysis/HKU_ONT_ClairS-v0.4.1-SNV-INDEL_20241201/HG008_T_N-P_ONT_GRCh37_ClairS-SSRS_v0.4.1_indel.vcf.gz	113831
data_somatic/HG008/Liss_lab/analysis/HKU_ONT_ClairS-v0.4.1-SNV-INDEL_20241201/HG008_T_N-P_ONT_GRCh37_ClairS-SSRS_v0.4.1_indel.vcf.gz.tbi	27595
data_somatic/HG008/Liss_lab/analysis/HKU_ONT_ClairS-v0.4.1-SNV-INDEL_20241201/HG008_T_N-P_ONT_GRCh37_ClairS-SSRS_v0.4.1_snv.vcf.gz	511833
data_somatic/HG008/Liss_lab/analysis/HKU_ONT_ClairS-v0.4.1-SNV-INDEL_20241201/HG008_T_N-P_ONT_GRCh37_ClairS-SSRS_v0.4.1_snv.vcf.gz.tbi	119187
data_somatic/HG008/Liss_lab/analysis/HKU_ONT_ClairS-v0.4.1-SNV-INDEL_20241201/HG008_T_N-P_ONT_GRCh37_ClairS-SS_v0.4.1_indel.vcf.gz	399501
data_somatic/HG008/Liss_lab/analysis/HKU_ONT_ClairS-v0.4.1-SNV-INDEL_20241201/HG008_T_N-P_ONT_GRCh37_ClairS-SS_v0.4.1_indel.vcf.gz.tbi	97607
data_somatic/HG008/Liss_lab/analysis/HKU_ONT_ClairS-v0.4.1-SNV-INDEL_20241201/HG008_T_N-P_ONT_GRCh37_ClairS-SS_v0.4.1_snv.vcf.gz	832869
data_somatic/HG008/Liss_lab/analysis/HKU_ONT_ClairS-v0.4.1-SNV-INDEL_20241201/HG008_T_N-P_ONT_GRCh37_ClairS-SS_v0.4.1_snv.vcf.gz.tbi	154152
data_somatic/HG008/Liss_lab/analysis/HKU_ONT_ClairS-v0.4.1-SNV-INDEL_20241201/HG008_T_N-P_ONT_GRCh38-GIABv3_ClairS-SSRS_v0.4.1_indel.vcf.gz	115478
data_somatic/HG008/Liss_lab/analysis/HKU_ONT_ClairS-v0.4.1-SNV-INDEL_20241201/HG008_T_N-P_ONT_GRCh38-GIABv3_ClairS-SSRS_v0.4.1_indel.vcf.gz.tbi	27864
data_somatic/HG008/Liss_lab/analysis/HKU_ONT_ClairS-v0.4.1-SNV-INDEL_20241201/HG008_T_N-P_ONT_GRCh38-GIABv3_ClairS-SSRS_v0.4.1_snv.vcf.gz	502185
data_somatic/HG008/Liss_lab/analysis/HKU_ONT_ClairS-v0.4.1-SNV-INDEL_20241201/HG008_T_N-P_ONT_GRCh38-GIABv3_ClairS-SSRS_v0.4.1_snv.vcf.gz.tbi	120417
data_somatic/HG008/Liss_lab/analysis/HKU_ONT_ClairS-v0.4.1-SNV-INDEL_20241201/HG008_T_N-P_ONT_GRCh38-GIABv3_ClairS-SS_v0.4.1_indel.vcf.gz	413034
data_somatic/HG008/Liss_lab/analysis/HKU_ONT_ClairS-v0.4.1-SNV-INDEL_20241201/HG008_T_N-P_ONT_GRCh38-GIABv3_ClairS-SS_v0.4.1_indel.vcf.gz.tbi	99111
data_somatic/HG008/Liss_lab/analysis/HKU_ONT_ClairS-v0.4.1-SNV-INDEL_20241201/HG008_T_N-P_ONT_GRCh38-GIABv3_ClairS-SS_v0.4.1_snv.vcf.gz	949467
data_somatic/HG008/Liss_lab/analysis/HKU_ONT_ClairS-v0.4.1-SNV-INDEL_20241201/HG008_T_N-P_ONT_GRCh38-GIABv3_ClairS-SS_v0.4.1_snv.vcf.gz.tbi	157173
data_somatic/HG008/Liss_lab/analysis/HKU_ONT_ClairS-v0.4.1-SNV-INDEL_20241201/README_HKU_ONT_ClairS-v0.4.1-SNV-INDEL_20241201.md	12096
data_somatic/HG008/Liss_lab/analysis/HKU_ONT_ClairS-v0.4.1-SNV-INDEL_20241201/checksums.md5	7010
data_somatic/HG008/Liss_lab/analysis/Hartwig_Oncoanalyzer_BCM-ILMN_20260204/README_Hartwig_Oncoanalyzer_BCM-ILMN_20260204.md	27249
data_somatic/HG008/Liss_lab/analysis/Hartwig_Oncoanalyzer_BCM-ILMN_20260204/amber/HG008-N-D.amber.homozygousregion.tsv	10109
data_somatic/HG008/Liss_lab/analysis/Hartwig_Oncoanalyzer_BCM-ILMN_20260204/amber/HG008-N-D.amber.snp.vcf.gz	1715
data_somatic/HG008/Liss_lab/analysis/Hartwig_Oncoanalyzer_BCM-ILMN_20260204/amber/HG008-N-D.amber.snp.vcf.gz.tbi	4402
data_somatic/HG008/Liss_lab/analysis/Hartwig_Oncoanalyzer_BCM-ILMN_20260204/amber/HG008-T.amber.baf.pcf	7621
data_somatic/HG008/Liss_lab/analysis/Hartwig_Oncoanalyzer_BCM-ILMN_20260204/amber/HG008-T.amber.baf.tsv.gz	20780326
data_somatic/HG008/Liss_lab/analysis/Hartwig_Oncoanalyzer_BCM-ILMN_20260204/amber/HG008-T.amber.contamination.tsv	419929
data_somatic/HG008/Liss_lab/analysis/Hartwig_Oncoanalyzer_BCM-ILMN_20260204/amber/HG008-T.amber.contamination.vcf.gz	137125
data_somatic/HG008/Liss_lab/analysis/Hartwig_Oncoanalyzer_BCM-ILMN_20260204/amber/HG008-T.amber.contamination.vcf.gz.tbi	90886
data_somatic/HG008/Liss_lab/analysis/Hartwig_Oncoanalyzer_BCM-ILMN_20260204/amber/HG008-T.amber.qc	89
data_somatic/HG008/Liss_lab/analysis/Hartwig_Oncoanalyzer_BCM-ILMN_20260204/amber/amber.version	39
data_somatic/HG008/Liss_lab/analysis/Hartwig_Oncoanalyzer_BCM-ILMN_20260204/bamtools/GIAB_BCM_HG008-N-D_bamtools/HG008-N-D.bam_metric.coverage.tsv	2808
data_somatic/HG008/Liss_lab/analysis/Hartwig_Oncoanalyzer_BCM-ILMN_20260204/bamtools/GIAB_BCM_HG008-N-D_bamtools/HG008-N-D.bam_metric.flag_counts.tsv	578
data_somatic/HG008/Liss_lab/analysis/Hartwig_Oncoanalyzer_BCM-ILMN_20260204/bamtools/GIAB_BCM_HG008-N-D_bamtools/HG008-N-D.bam_metric.frag_length.tsv	11055
data_somatic/HG008/Liss_lab/analysis/Hartwig_Oncoanalyzer_BCM-ILMN_20260204/bamtools/GIAB_BCM_HG008-N-D_bamtools/HG008-N-D.bam_metric.partition_stats.tsv	188379
data_somatic/HG008/Liss_lab/analysis/Hartwig_Oncoanalyzer_BCM-ILMN_20260204/bamtools/GIAB_BCM_HG008-N-D_bamtools/HG008-N-D.bam_metric.summary.tsv	675
data_somatic/HG008/Liss_lab/analysis/Hartwig_Oncoanalyzer_BCM-ILMN_20260204/bamtools/GIAB_BCM_HG008-T_bamtools/HG008-T.bam_metric.coverage.tsv	2973
data_somatic/HG008/Liss_lab/analysis/Hartwig_Oncoanalyzer_BCM-ILMN_20260204/bamtools/GIAB_BCM_HG008-T_bamtools/HG008-T.bam_metric.flag_counts.tsv	578
data_somatic/HG008/Liss_lab/analysis/Hartwig_Oncoanalyzer_BCM-ILMN_20260204/bamtools/GIAB_BCM_HG008-T_bamtools/HG008-T.bam_metric.frag_length.tsv	11014
data_somatic/HG008/Liss_lab/analysis/Hartwig_Oncoanalyzer_BCM-ILMN_20260204/bamtools/GIAB_BCM_HG008-T_bamtools/HG008-T.bam_metric.partition_stats.tsv	185904
data_somatic/HG008/Liss_lab/analysis/Hartwig_Oncoanalyzer_BCM-ILMN_20260204/bamtools/GIAB_BCM_HG008-T_bamtools/HG008-T.bam_metric.summary.tsv	675
data_somatic/HG008/Liss_lab/analysis/Hartwig_Oncoanalyzer_BCM-ILMN_20260204/bamtools/HG008-N-D/HG008-N-D.bam_metric.coverage.tsv	2808
data_somatic/HG008/Liss_lab/analysis/Hartwig_Oncoanalyzer_BCM-ILMN_20260204/bamtools/HG008-N-D/HG008-N-D.bam_metric.exon_medians.tsv	295669
data_somatic/HG008/Liss_lab/analysis/Hartwig_Oncoanalyzer_BCM-ILMN_20260204/bamtools/HG008-N-D/HG008-N-D.bam_metric.flag_counts.tsv	587
data_somatic/HG008/Liss_lab/analysis/Hartwig_Oncoanalyzer_BCM-ILMN_20260204/bamtools/HG008-N-D/HG008-N-D.bam_metric.frag_length.tsv	11055
data_somatic/HG008/Liss_lab/analysis/Hartwig_Oncoanalyzer_BCM-ILMN_20260204/bamtools/HG008-N-D/HG008-N-D.bam_metric.gene_coverage.tsv	96328
data_somatic/HG008/Liss_lab/analysis/Hartwig_Oncoanalyzer_BCM-ILMN_20260204/bamtools/HG008-N-D/HG008-N-D.bam_metric.partition_stats.tsv	188377
data_somatic/HG008/Liss_lab/analysis/Hartwig_Oncoanalyzer_BCM-ILMN_20260204/bamtools/HG008-N-D/HG008-N-D.bam_metric.summary.tsv	675
data_somatic/HG008/Liss_lab/analysis/Hartwig_Oncoanalyzer_BCM-ILMN_20260204/bamtools/HG008-T/HG008-T.bam_metric.coverage.tsv	2973
data_somatic/HG008/Liss_lab/analysis/Hartwig_Oncoanalyzer_BCM-ILMN_20260204/bamtools/HG008-T/HG008-T.bam_metric.exon_medians.tsv	292441
data_somatic/HG008/Liss_lab/analysis/Hartwig_Oncoanalyzer_BCM-ILMN_20260204/bamtools/HG008-T/HG008-T.bam_metric.flag_counts.tsv	587
data_somatic/HG008/Liss_lab/analysis/Hartwig_Oncoanalyzer_BCM-ILMN_20260204/bamtools/HG008-T/HG008-T.bam_metric.frag_length.tsv	11014
data_somatic/HG008/Liss_lab/analysis/Hartwig_Oncoanalyzer_BCM-ILMN_20260204/bamtools/HG008-T/HG008-T.bam_metric.gene_coverage.tsv	97675
data_somatic/HG008/Liss_lab/analysis/Hartwig_Oncoanalyzer_BCM-ILMN_20260204/bamtools/HG008-T/HG008-T.bam_metric.partition_stats.tsv	185910
data_somatic/HG008/Liss_lab/analysis/Hartwig_Oncoanalyzer_BCM-ILMN_20260204/bamtools/HG008-T/HG008-T.bam_metric.summary.tsv	675
data_somatic/HG008/Liss_lab/analysis/Hartwig_Oncoanalyzer_BCM-ILMN_20260204/batch-restore.sh	962
data_somatic/HG008/Liss_lab/analysis/Hartwig_Oncoanalyzer_BCM-ILMN_20260204/checksums.md5	31748
data_somatic/HG008/Liss_lab/analysis/Hartwig_Oncoanalyzer_BCM-ILMN_20260204/chord/HG008-T.chord.mutation_contexts.tsv	1964
data_somatic/HG008/Liss_lab/analysis/Hartwig_Oncoanalyzer_BCM-ILMN_20260204/chord/HG008-T.chord.prediction.tsv	126
data_somatic/HG008/Liss_lab/analysis/Hartwig_Oncoanalyzer_BCM-ILMN_20260204/cider/HG008-T.cider.alignment_match.tsv.gz	3053
data_somatic/HG008/Liss_lab/analysis/Hartwig_Oncoanalyzer_BCM-ILMN_20260204/cider/HG008-T.cider.bam	5521463
data_somatic/HG008/Liss_lab/analysis/Hartwig_Oncoanalyzer_BCM-ILMN_20260204/cider/HG008-T.cider.blastn_match.tsv.gz	3353
data_somatic/HG008/Liss_lab/analysis/Hartwig_Oncoanalyzer_BCM-ILMN_20260204/cider/HG008-T.cider.layout.gz	4806142
data_somatic/HG008/Liss_lab/analysis/Hartwig_Oncoanalyzer_BCM-ILMN_20260204/cider/HG008-T.cider.locus_stats.tsv	219
data_somatic/HG008/Liss_lab/analysis/Hartwig_Oncoanalyzer_BCM-ILMN_20260204/cider/HG008-T.cider.vdj.tsv.gz	4701
data_somatic/HG008/Liss_lab/analysis/Hartwig_Oncoanalyzer_BCM-ILMN_20260204/cobalt/HG008-N-D.cobalt.gc.median.tsv	493
data_somatic/HG008/Liss_lab/analysis/Hartwig_Oncoanalyzer_BCM-ILMN_20260204/cobalt/HG008-N-D.cobalt.ratio.median.tsv	485
data_somatic/HG008/Liss_lab/analysis/Hartwig_Oncoanalyzer_BCM-ILMN_20260204/cobalt/HG008-N-D.cobalt.ratio.pcf	104673
data_somatic/HG008/Liss_lab/analysis/Hartwig_Oncoanalyzer_BCM-ILMN_20260204/cobalt/HG008-T.cobalt.gc.median.tsv	480
data_somatic/HG008/Liss_lab/analysis/Hartwig_Oncoanalyzer_BCM-ILMN_20260204/cobalt/HG008-T.cobalt.ratio.pcf	130558
data_somatic/HG008/Liss_lab/analysis/Hartwig_Oncoanalyzer_BCM-ILMN_20260204/cobalt/HG008-T.cobalt.ratio.tsv.gz	61784531
data_somatic/HG008/Liss_lab/analysis/Hartwig_Oncoanalyzer_BCM-ILMN_20260204/cobalt/cobalt.version	39
data_somatic/HG008/Liss_lab/analysis/Hartwig_Oncoanalyzer_BCM-ILMN_20260204/cuppa/HG008-T.cuppa.pred_summ.tsv	1098
data_somatic/HG008/Liss_lab/analysis/Hartwig_Oncoanalyzer_BCM-ILMN_20260204/cuppa/HG008-T.cuppa.vis.png	1489907
data_somatic/HG008/Liss_lab/analysis/Hartwig_Oncoanalyzer_BCM-ILMN_20260204/cuppa/HG008-T.cuppa.vis_data.tsv	111866
data_somatic/HG008/Liss_lab/analysis/Hartwig_Oncoanalyzer_BCM-ILMN_20260204/cuppa/HG008-T.cuppa_data.tsv.gz	20704
data_somatic/HG008/Liss_lab/analysis/Hartwig_Oncoanalyzer_BCM-ILMN_20260204/esvee/HG008-N-D.esvee.prep.bam	1376000535
data_somatic/HG008/Liss_lab/analysis/Hartwig_Oncoanalyzer_BCM-ILMN_20260204/esvee/HG008-N-D.esvee.prep.bam.bai	6301816
data_somatic/HG008/Liss_lab/analysis/Hartwig_Oncoanalyzer_BCM-ILMN_20260204/esvee/HG008-T.esvee.alignment.tsv	15570131
data_somatic/HG008/Liss_lab/analysis/Hartwig_Oncoanalyzer_BCM-ILMN_20260204/esvee/HG008-T.esvee.assembly.tsv	39786645
data_somatic/HG008/Liss_lab/analysis/Hartwig_Oncoanalyzer_BCM-ILMN_20260204/esvee/HG008-T.esvee.breakend.tsv	13839741
data_somatic/HG008/Liss_lab/analysis/Hartwig_Oncoanalyzer_BCM-ILMN_20260204/esvee/HG008-T.esvee.germline.vcf.gz	4030465
data_somatic/HG008/Liss_lab/analysis/Hartwig_Oncoanalyzer_BCM-ILMN_20260204/esvee/HG008-T.esvee.germline.vcf.gz.tbi	168550
data_somatic/HG008/Liss_lab/analysis/Hartwig_Oncoanalyzer_BCM-ILMN_20260204/esvee/HG008-T.esvee.phased_assembly.tsv	40467254
data_somatic/HG008/Liss_lab/analysis/Hartwig_Oncoanalyzer_BCM-ILMN_20260204/esvee/HG008-T.esvee.prep.bam	1153578284
data_somatic/HG008/Liss_lab/analysis/Hartwig_Oncoanalyzer_BCM-ILMN_20260204/esvee/HG008-T.esvee.prep.bam.bai	6120944
data_somatic/HG008/Liss_lab/analysis/Hartwig_Oncoanalyzer_BCM-ILMN_20260204/esvee/HG008-T.esvee.prep.disc_stats.tsv	232
data_somatic/HG008/Liss_lab/analysis/Hartwig_Oncoanalyzer_BCM-ILMN_20260204/esvee/HG008-T.esvee.prep.fragment_length.tsv	6626
data_somatic/HG008/Liss_lab/analysis/Hartwig_Oncoanalyzer_BCM-ILMN_20260204/esvee/HG008-T.esvee.prep.junction.tsv	25931667
data_somatic/HG008/Liss_lab/analysis/Hartwig_Oncoanalyzer_BCM-ILMN_20260204/esvee/HG008-T.esvee.raw.vcf.gz	4515860
data_somatic/HG008/Liss_lab/analysis/Hartwig_Oncoanalyzer_BCM-ILMN_20260204/esvee/HG008-T.esvee.raw.vcf.gz.tbi	145996
data_somatic/HG008/Liss_lab/analysis/Hartwig_Oncoanalyzer_BCM-ILMN_20260204/esvee/HG008-T.esvee.ref_depth.vcf.gz	5398485
data_somatic/HG008/Liss_lab/analysis/Hartwig_Oncoanalyzer_BCM-ILMN_20260204/esvee/HG008-T.esvee.ref_depth.vcf.gz.tbi	236344
data_somatic/HG008/Liss_lab/analysis/Hartwig_Oncoanalyzer_BCM-ILMN_20260204/esvee/HG008-T.esvee.somatic.vcf.gz	65298
data_somatic/HG008/Liss_lab/analysis/Hartwig_Oncoanalyzer_BCM-ILMN_20260204/esvee/HG008-T.esvee.somatic.vcf.gz.tbi	7284
data_somatic/HG008/Liss_lab/analysis/Hartwig_Oncoanalyzer_BCM-ILMN_20260204/esvee/HG008-T.esvee.unfiltered.vcf.gz	6102711
data_somatic/HG008/Liss_lab/analysis/Hartwig_Oncoanalyzer_BCM-ILMN_20260204/esvee/HG008-T.esvee.unfiltered.vcf.gz.tbi	236466
data_somatic/HG008/Liss_lab/analysis/Hartwig_Oncoanalyzer_BCM-ILMN_20260204/esvee/assemble/HG008-T.esvee.alignment.tsv	13720558
data_somatic/HG008/Liss_lab/analysis/Hartwig_Oncoanalyzer_BCM-ILMN_20260204/esvee/assemble/HG008-T.esvee.assembly.tsv	51798610
data_somatic/HG008/Liss_lab/analysis/Hartwig_Oncoanalyzer_BCM-ILMN_20260204/esvee/assemble/HG008-T.esvee.breakend.tsv	10780202
data_somatic/HG008/Liss_lab/analysis/Hartwig_Oncoanalyzer_BCM-ILMN_20260204/esvee/assemble/HG008-T.esvee.phased_assembly.tsv	34462827
data_somatic/HG008/Liss_lab/analysis/Hartwig_Oncoanalyzer_BCM-ILMN_20260204/esvee/assemble/HG008-T.esvee.raw.vcf.gz	3825599
data_somatic/HG008/Liss_lab/analysis/Hartwig_Oncoanalyzer_BCM-ILMN_20260204/esvee/assemble/HG008-T.esvee.raw.vcf.gz.tbi	130908
data_somatic/HG008/Liss_lab/analysis/Hartwig_Oncoanalyzer_BCM-ILMN_20260204/esvee/caller/HG008-T.esvee.germline.vcf.gz	3818819
data_somatic/HG008/Liss_lab/analysis/Hartwig_Oncoanalyzer_BCM-ILMN_20260204/esvee/caller/HG008-T.esvee.germline.vcf.gz.tbi	155489
data_somatic/HG008/Liss_lab/analysis/Hartwig_Oncoanalyzer_BCM-ILMN_20260204/esvee/caller/HG008-T.esvee.somatic.vcf.gz	65601
data_somatic/HG008/Liss_lab/analysis/Hartwig_Oncoanalyzer_BCM-ILMN_20260204/esvee/caller/HG008-T.esvee.somatic.vcf.gz.tbi	7287
data_somatic/HG008/Liss_lab/analysis/Hartwig_Oncoanalyzer_BCM-ILMN_20260204/esvee/caller/HG008-T.esvee.unfiltered.vcf.gz	5511449
data_somatic/HG008/Liss_lab/analysis/Hartwig_Oncoanalyzer_BCM-ILMN_20260204/esvee/caller/HG008-T.esvee.unfiltered.vcf.gz.tbi	213373
data_somatic/HG008/Liss_lab/analysis/Hartwig_Oncoanalyzer_BCM-ILMN_20260204/esvee/depth_annotation/HG008-T.esvee.ref_depth.vcf.gz	4805291
data_somatic/HG008/Liss_lab/analysis/Hartwig_Oncoanalyzer_BCM-ILMN_20260204/esvee/depth_annotation/HG008-T.esvee.ref_depth.vcf.gz.tbi	213178
data_somatic/HG008/Liss_lab/analysis/Hartwig_Oncoanalyzer_BCM-ILMN_20260204/esvee/prep/HG008-N-D.esvee.prep.bam	1500481769
data_somatic/HG008/Liss_lab/analysis/Hartwig_Oncoanalyzer_BCM-ILMN_20260204/esvee/prep/HG008-N-D.esvee.prep.bam.bai	6327200
data_somatic/HG008/Liss_lab/analysis/Hartwig_Oncoanalyzer_BCM-ILMN_20260204/esvee/prep/HG008-T.esvee.prep.bam	1250430058
data_somatic/HG008/Liss_lab/analysis/Hartwig_Oncoanalyzer_BCM-ILMN_20260204/esvee/prep/HG008-T.esvee.prep.bam.bai	6152808
data_somatic/HG008/Liss_lab/analysis/Hartwig_Oncoanalyzer_BCM-ILMN_20260204/esvee/prep/HG008-T.esvee.prep.disc_stats.tsv	167
data_somatic/HG008/Liss_lab/analysis/Hartwig_Oncoanalyzer_BCM-ILMN_20260204/esvee/prep/HG008-T.esvee.prep.fragment_length.tsv	6626
data_somatic/HG008/Liss_lab/analysis/Hartwig_Oncoanalyzer_BCM-ILMN_20260204/esvee/prep/HG008-T.esvee.prep.junction.tsv	27757849
data_somatic/HG008/Liss_lab/analysis/Hartwig_Oncoanalyzer_BCM-ILMN_20260204/lilac/HG008-T.lilac.candidates.coverage.tsv	1165
data_somatic/HG008/Liss_lab/analysis/Hartwig_Oncoanalyzer_BCM-ILMN_20260204/lilac/HG008-T.lilac.qc.tsv	571
data_somatic/HG008/Liss_lab/analysis/Hartwig_Oncoanalyzer_BCM-ILMN_20260204/lilac/HG008-T.lilac.tsv	647
data_somatic/HG008/Liss_lab/analysis/Hartwig_Oncoanalyzer_BCM-ILMN_20260204/linx/HG008-T_linx.html	16017323
data_somatic/HG008/Liss_lab/analysis/Hartwig_Oncoanalyzer_BCM-ILMN_20260204/linx/germline_annotations/HG008-T.linx.germline.breakend.tsv	19732
data_somatic/HG008/Liss_lab/analysis/Hartwig_Oncoanalyzer_BCM-ILMN_20260204/linx/germline_annotations/HG008-T.linx.germline.clusters.tsv	516821
data_somatic/HG008/Liss_lab/analysis/Hartwig_Oncoanalyzer_BCM-ILMN_20260204/linx/germline_annotations/HG008-T.linx.germline.disruption.tsv	47721
data_somatic/HG008/Liss_lab/analysis/Hartwig_Oncoanalyzer_BCM-ILMN_20260204/linx/germline_annotations/HG008-T.linx.germline.driver.catalog.tsv	186
data_somatic/HG008/Liss_lab/analysis/Hartwig_Oncoanalyzer_BCM-ILMN_20260204/linx/germline_annotations/HG008-T.linx.germline.links.tsv	49174
data_somatic/HG008/Liss_lab/analysis/Hartwig_Oncoanalyzer_BCM-ILMN_20260204/linx/germline_annotations/HG008-T.linx.germline.svs.tsv	1917315
data_somatic/HG008/Liss_lab/analysis/Hartwig_Oncoanalyzer_BCM-ILMN_20260204/linx/germline_annotations/linx.version	40
data_somatic/HG008/Liss_lab/analysis/Hartwig_Oncoanalyzer_BCM-ILMN_20260204/linx/somatic_annotations/HG008-T.linx.breakend.tsv	99563
data_somatic/HG008/Liss_lab/analysis/Hartwig_Oncoanalyzer_BCM-ILMN_20260204/linx/somatic_annotations/HG008-T.linx.clusters.tsv	4951
data_somatic/HG008/Liss_lab/analysis/Hartwig_Oncoanalyzer_BCM-ILMN_20260204/linx/somatic_annotations/HG008-T.linx.driver.catalog.tsv	1229
data_somatic/HG008/Liss_lab/analysis/Hartwig_Oncoanalyzer_BCM-ILMN_20260204/linx/somatic_annotations/HG008-T.linx.drivers.tsv	157
data_somatic/HG008/Liss_lab/analysis/Hartwig_Oncoanalyzer_BCM-ILMN_20260204/linx/somatic_annotations/HG008-T.linx.fusion.tsv	4700
data_somatic/HG008/Liss_lab/analysis/Hartwig_Oncoanalyzer_BCM-ILMN_20260204/linx/somatic_annotations/HG008-T.linx.links.tsv	1889
data_somatic/HG008/Liss_lab/analysis/Hartwig_Oncoanalyzer_BCM-ILMN_20260204/linx/somatic_annotations/HG008-T.linx.neoepitope.tsv	5482
data_somatic/HG008/Liss_lab/analysis/Hartwig_Oncoanalyzer_BCM-ILMN_20260204/linx/somatic_annotations/HG008-T.linx.svs.tsv	19957
data_somatic/HG008/Liss_lab/analysis/Hartwig_Oncoanalyzer_BCM-ILMN_20260204/linx/somatic_annotations/HG008-T.linx.vis_copy_number.tsv	16531
data_somatic/HG008/Liss_lab/analysis/Hartwig_Oncoanalyzer_BCM-ILMN_20260204/linx/somatic_annotations/HG008-T.linx.vis_fusion.tsv	175
data_somatic/HG008/Liss_lab/analysis/Hartwig_Oncoanalyzer_BCM-ILMN_20260204/linx/somatic_annotations/HG008-T.linx.vis_gene_exon.tsv	2503
data_somatic/HG008/Liss_lab/analysis/Hartwig_Oncoanalyzer_BCM-ILMN_20260204/linx/somatic_annotations/HG008-T.linx.vis_protein_domain.tsv	1374
data_somatic/HG008/Liss_lab/analysis/Hartwig_Oncoanalyzer_BCM-ILMN_20260204/linx/somatic_annotations/HG008-T.linx.vis_segments.tsv	13409
data_somatic/HG008/Liss_lab/analysis/Hartwig_Oncoanalyzer_BCM-ILMN_20260204/linx/somatic_annotations/HG008-T.linx.vis_sv_data.tsv	17651
data_somatic/HG008/Liss_lab/analysis/Hartwig_Oncoanalyzer_BCM-ILMN_20260204/linx/somatic_annotations/linx.version	40
data_somatic/HG008/Liss_lab/analysis/Hartwig_Oncoanalyzer_BCM-ILMN_20260204/linx/somatic_plots/all/HG008-T.chr1.003.png	450453
data_somatic/HG008/Liss_lab/analysis/Hartwig_Oncoanalyzer_BCM-ILMN_20260204/linx/somatic_plots/all/HG008-T.chr10.003.png	505192
data_somatic/HG008/Liss_lab/analysis/Hartwig_Oncoanalyzer_BCM-ILMN_20260204/linx/somatic_plots/all/HG008-T.chr11.029.png	519852
data_somatic/HG008/Liss_lab/analysis/Hartwig_Oncoanalyzer_BCM-ILMN_20260204/linx/somatic_plots/all/HG008-T.chr12.007.png	482989
data_somatic/HG008/Liss_lab/analysis/Hartwig_Oncoanalyzer_BCM-ILMN_20260204/linx/somatic_plots/all/HG008-T.chr13.007.png	483057
data_somatic/HG008/Liss_lab/analysis/Hartwig_Oncoanalyzer_BCM-ILMN_20260204/linx/somatic_plots/all/HG008-T.chr14.005.png	445013
data_somatic/HG008/Liss_lab/analysis/Hartwig_Oncoanalyzer_BCM-ILMN_20260204/linx/somatic_plots/all/HG008-T.chr15.007.png	515918
data_somatic/HG008/Liss_lab/analysis/Hartwig_Oncoanalyzer_BCM-ILMN_20260204/linx/somatic_plots/all/HG008-T.chr16.001.png	346583
data_somatic/HG008/Liss_lab/analysis/Hartwig_Oncoanalyzer_BCM-ILMN_20260204/linx/somatic_plots/all/HG008-T.chr17.007.png	430256
data_somatic/HG008/Liss_lab/analysis/Hartwig_Oncoanalyzer_BCM-ILMN_20260204/linx/somatic_plots/all/HG008-T.chr18.015.png	662082
data_somatic/HG008/Liss_lab/analysis/Hartwig_Oncoanalyzer_BCM-ILMN_20260204/linx/somatic_plots/all/HG008-T.chr19.027.png	530486
data_somatic/HG008/Liss_lab/analysis/Hartwig_Oncoanalyzer_BCM-ILMN_20260204/linx/somatic_plots/all/HG008-T.chr2.009.png	512806
data_somatic/HG008/Liss_lab/analysis/Hartwig_Oncoanalyzer_BCM-ILMN_20260204/linx/somatic_plots/all/HG008-T.chr20.015.png	533523
data_somatic/HG008/Liss_lab/analysis/Hartwig_Oncoanalyzer_BCM-ILMN_20260204/linx/somatic_plots/all/HG008-T.chr21.000.png	248617
data_somatic/HG008/Liss_lab/analysis/Hartwig_Oncoanalyzer_BCM-ILMN_20260204/linx/somatic_plots/all/HG008-T.chr22.000.png	300132
data_somatic/HG008/Liss_lab/analysis/Hartwig_Oncoanalyzer_BCM-ILMN_20260204/linx/somatic_plots/all/HG008-T.chr3.023.png	502705
data_somatic/HG008/Liss_lab/analysis/Hartwig_Oncoanalyzer_BCM-ILMN_20260204/linx/somatic_plots/all/HG008-T.chr4.005.png	460081
data_somatic/HG008/Liss_lab/analysis/Hartwig_Oncoanalyzer_BCM-ILMN_20260204/linx/somatic_plots/all/HG008-T.chr5.013.png	574926
data_somatic/HG008/Liss_lab/analysis/Hartwig_Oncoanalyzer_BCM-ILMN_20260204/linx/somatic_plots/all/HG008-T.chr6.011.png	576995
data_somatic/HG008/Liss_lab/analysis/Hartwig_Oncoanalyzer_BCM-ILMN_20260204/linx/somatic_plots/all/HG008-T.chr7.011.png	409249
data_somatic/HG008/Liss_lab/analysis/Hartwig_Oncoanalyzer_BCM-ILMN_20260204/linx/somatic_plots/all/HG008-T.chr8.000.png	438913
data_somatic/HG008/Liss_lab/analysis/Hartwig_Oncoanalyzer_BCM-ILMN_20260204/linx/somatic_plots/all/HG008-T.chr9.000.png	309455
data_somatic/HG008/Liss_lab/analysis/Hartwig_Oncoanalyzer_BCM-ILMN_20260204/linx/somatic_plots/all/HG008-T.chrX.009.png	569129
data_somatic/HG008/Liss_lab/analysis/Hartwig_Oncoanalyzer_BCM-ILMN_20260204/linx/somatic_plots/all/HG008-T.cluster-1.resolved_type-DEL.sv_count-1.003.png	280002
data_somatic/HG008/Liss_lab/analysis/Hartwig_Oncoanalyzer_BCM-ILMN_20260204/linx/somatic_plots/all/HG008-T.cluster-116.resolved_type-LINE.sv_count-7.003.png	376927
data_somatic/HG008/Liss_lab/analysis/Hartwig_Oncoanalyzer_BCM-ILMN_20260204/linx/somatic_plots/all/HG008-T.cluster-118.resolved_type-RECIP_TRANS.sv_count-2.007.png	337625
data_somatic/HG008/Liss_lab/analysis/Hartwig_Oncoanalyzer_BCM-ILMN_20260204/linx/somatic_plots/all/HG008-T.cluster-123.resolved_type-COMPLEX.sv_count-4.009.png	411121
data_somatic/HG008/Liss_lab/analysis/Hartwig_Oncoanalyzer_BCM-ILMN_20260204/linx/somatic_plots/all/HG008-T.cluster-143.resolved_type-UNBAL_TRANS_TI.sv_count-2.005.png	383512
data_somatic/HG008/Liss_lab/analysis/Hartwig_Oncoanalyzer_BCM-ILMN_20260204/linx/somatic_plots/all/HG008-T.cluster-149.resolved_type-LINE.sv_count-2.000.png	261301
data_somatic/HG008/Liss_lab/analysis/Hartwig_Oncoanalyzer_BCM-ILMN_20260204/linx/somatic_plots/all/HG008-T.cluster-155.resolved_type-SGL.sv_count-1.001.png	289831
data_somatic/HG008/Liss_lab/analysis/Hartwig_Oncoanalyzer_BCM-ILMN_20260204/linx/somatic_plots/all/HG008-T.cluster-158.resolved_type-COMPLEX.sv_count-3.007.png	343172
data_somatic/HG008/Liss_lab/analysis/Hartwig_Oncoanalyzer_BCM-ILMN_20260204/linx/somatic_plots/all/HG008-T.cluster-161.resolved_type-COMPLEX.sv_count-5.013.png	419162
data_somatic/HG008/Liss_lab/analysis/Hartwig_Oncoanalyzer_BCM-ILMN_20260204/linx/somatic_plots/all/HG008-T.cluster-18.resolved_type-LINE.sv_count-2.001.png	293005
data_somatic/HG008/Liss_lab/analysis/Hartwig_Oncoanalyzer_BCM-ILMN_20260204/linx/somatic_plots/all/HG008-T.cluster-180.resolved_type-DEL.sv_count-1.003.png	337243
data_somatic/HG008/Liss_lab/analysis/Hartwig_Oncoanalyzer_BCM-ILMN_20260204/linx/somatic_plots/all/HG008-T.cluster-181.resolved_type-RECIP_INV_DUPS.sv_count-2.005.png	354829
data_somatic/HG008/Liss_lab/analysis/Hartwig_Oncoanalyzer_BCM-ILMN_20260204/linx/somatic_plots/all/HG008-T.cluster-21.resolved_type-DUP.sv_count-1.003.png	361897
data_somatic/HG008/Liss_lab/analysis/Hartwig_Oncoanalyzer_BCM-ILMN_20260204/linx/somatic_plots/all/HG008-T.cluster-32.resolved_type-RECIP_TRANS.sv_count-2.007.png	307051
data_somatic/HG008/Liss_lab/analysis/Hartwig_Oncoanalyzer_BCM-ILMN_20260204/linx/somatic_plots/all/HG008-T.cluster-33.resolved_type-LINE.sv_count-2.000.png	247396
data_somatic/HG008/Liss_lab/analysis/Hartwig_Oncoanalyzer_BCM-ILMN_20260204/linx/somatic_plots/all/HG008-T.cluster-38.resolved_type-PAIR_OTHER.sv_count-2.005.png	360424
data_somatic/HG008/Liss_lab/analysis/Hartwig_Oncoanalyzer_BCM-ILMN_20260204/linx/somatic_plots/all/HG008-T.cluster-60.resolved_type-COMPLEX.sv_count-3.009.png	320854
data_somatic/HG008/Liss_lab/analysis/Hartwig_Oncoanalyzer_BCM-ILMN_20260204/linx/somatic_plots/all/HG008-T.cluster-66.resolved_type-COMPLEX.sv_count-3.007.png	379088
data_somatic/HG008/Liss_lab/analysis/Hartwig_Oncoanalyzer_BCM-ILMN_20260204/linx/somatic_plots/all/HG008-T.cluster-70.resolved_type-RECIP_INV.sv_count-2.005.png	308642
data_somatic/HG008/Liss_lab/analysis/Hartwig_Oncoanalyzer_BCM-ILMN_20260204/linx/somatic_plots/all/HG008-T.cluster-72.resolved_type-COMPLEX.sv_count-3.009.png	350379
data_somatic/HG008/Liss_lab/analysis/Hartwig_Oncoanalyzer_BCM-ILMN_20260204/linx/somatic_plots/all/HG008-T.cluster-83.resolved_type-INV.sv_count-2.005.png	306922
data_somatic/HG008/Liss_lab/analysis/Hartwig_Oncoanalyzer_BCM-ILMN_20260204/linx/somatic_plots/all/HG008-T.cluster-9.resolved_type-COMPLEX.sv_count-3.007.png	320775
data_somatic/HG008/Liss_lab/analysis/Hartwig_Oncoanalyzer_BCM-ILMN_20260204/linx/somatic_plots/all/HG008-T.cluster-93.resolved_type-LINE.sv_count-2.001.png	313170
data_somatic/HG008/Liss_lab/analysis/Hartwig_Oncoanalyzer_BCM-ILMN_20260204/linx/somatic_plots/all/HG008-T.cluster-98.resolved_type-LINE.sv_count-2.001.png	296283
data_somatic/HG008/Liss_lab/analysis/Hartwig_Oncoanalyzer_BCM-ILMN_20260204/linx/somatic_plots/reportable/HG008-T.cluster-1.resolved_type-DEL.sv_count-1.003.png	280002
data_somatic/HG008/Liss_lab/analysis/Hartwig_Oncoanalyzer_BCM-ILMN_20260204/linx/somatic_plots/reportable/HG008-T.cluster-155.resolved_type-SGL.sv_count-1.001.png	289831
data_somatic/HG008/Liss_lab/analysis/Hartwig_Oncoanalyzer_BCM-ILMN_20260204/linx/somatic_plots/reportable/HG008-T.cluster-180.resolved_type-DEL.sv_count-1.003.png	337243
data_somatic/HG008/Liss_lab/analysis/Hartwig_Oncoanalyzer_BCM-ILMN_20260204/linx/somatic_plots/reportable/HG008-T.cluster-21.resolved_type-DUP.sv_count-1.003.png	361897
data_somatic/HG008/Liss_lab/analysis/Hartwig_Oncoanalyzer_BCM-ILMN_20260204/logs/GIAB_BCM.amber.command.out	3123
data_somatic/HG008/Liss_lab/analysis/Hartwig_Oncoanalyzer_BCM-ILMN_20260204/logs/GIAB_BCM.amber.command.run	12889
data_somatic/HG008/Liss_lab/analysis/Hartwig_Oncoanalyzer_BCM-ILMN_20260204/logs/GIAB_BCM.amber.command.sh	520
data_somatic/HG008/Liss_lab/analysis/Hartwig_Oncoanalyzer_BCM-ILMN_20260204/logs/GIAB_BCM.chord.command.out	1488
data_somatic/HG008/Liss_lab/analysis/Hartwig_Oncoanalyzer_BCM-ILMN_20260204/logs/GIAB_BCM.chord.command.run	13205
data_somatic/HG008/Liss_lab/analysis/Hartwig_Oncoanalyzer_BCM-ILMN_20260204/logs/GIAB_BCM.chord.command.sh	789
data_somatic/HG008/Liss_lab/analysis/Hartwig_Oncoanalyzer_BCM-ILMN_20260204/logs/GIAB_BCM.cobalt.command.out	12695
data_somatic/HG008/Liss_lab/analysis/Hartwig_Oncoanalyzer_BCM-ILMN_20260204/logs/GIAB_BCM.cobalt.command.run	12882
data_somatic/HG008/Liss_lab/analysis/Hartwig_Oncoanalyzer_BCM-ILMN_20260204/logs/GIAB_BCM.cobalt.command.sh	536
data_somatic/HG008/Liss_lab/analysis/Hartwig_Oncoanalyzer_BCM-ILMN_20260204/logs/GIAB_BCM.cuppa.command.out	3357
data_somatic/HG008/Liss_lab/analysis/Hartwig_Oncoanalyzer_BCM-ILMN_20260204/logs/GIAB_BCM.cuppa.command.run	12897
data_somatic/HG008/Liss_lab/analysis/Hartwig_Oncoanalyzer_BCM-ILMN_20260204/logs/GIAB_BCM.cuppa.command.sh	1045
data_somatic/HG008/Liss_lab/analysis/Hartwig_Oncoanalyzer_BCM-ILMN_20260204/logs/GIAB_BCM.esvee.command.out	1168516
data_somatic/HG008/Liss_lab/analysis/Hartwig_Oncoanalyzer_BCM-ILMN_20260204/logs/GIAB_BCM.esvee.command.run	15463
data_somatic/HG008/Liss_lab/analysis/Hartwig_Oncoanalyzer_BCM-ILMN_20260204/logs/GIAB_BCM.esvee.command.sh	945
data_somatic/HG008/Liss_lab/analysis/Hartwig_Oncoanalyzer_BCM-ILMN_20260204/logs/GIAB_BCM.lilac.command.out	9717
data_somatic/HG008/Liss_lab/analysis/Hartwig_Oncoanalyzer_BCM-ILMN_20260204/logs/GIAB_BCM.lilac.command.run	13557
data_somatic/HG008/Liss_lab/analysis/Hartwig_Oncoanalyzer_BCM-ILMN_20260204/logs/GIAB_BCM.lilac.command.sh	597
data_somatic/HG008/Liss_lab/analysis/Hartwig_Oncoanalyzer_BCM-ILMN_20260204/logs/GIAB_BCM.linx_germline.command.out	0
data_somatic/HG008/Liss_lab/analysis/Hartwig_Oncoanalyzer_BCM-ILMN_20260204/logs/GIAB_BCM.linx_germline.command.run	12582
data_somatic/HG008/Liss_lab/analysis/Hartwig_Oncoanalyzer_BCM-ILMN_20260204/logs/GIAB_BCM.linx_germline.command.sh	506
data_somatic/HG008/Liss_lab/analysis/Hartwig_Oncoanalyzer_BCM-ILMN_20260204/logs/GIAB_BCM.linx_somatic.command.out	0
data_somatic/HG008/Liss_lab/analysis/Hartwig_Oncoanalyzer_BCM-ILMN_20260204/logs/GIAB_BCM.linx_somatic.command.run	12730
data_somatic/HG008/Liss_lab/analysis/Hartwig_Oncoanalyzer_BCM-ILMN_20260204/logs/GIAB_BCM.linx_somatic.command.sh	609
data_somatic/HG008/Liss_lab/analysis/Hartwig_Oncoanalyzer_BCM-ILMN_20260204/logs/GIAB_BCM.linx_visualiser.command.out	0
data_somatic/HG008/Liss_lab/analysis/Hartwig_Oncoanalyzer_BCM-ILMN_20260204/logs/GIAB_BCM.linx_visualiser.command.run	12263
data_somatic/HG008/Liss_lab/analysis/Hartwig_Oncoanalyzer_BCM-ILMN_20260204/logs/GIAB_BCM.linx_visualiser.command.sh	3098
data_somatic/HG008/Liss_lab/analysis/Hartwig_Oncoanalyzer_BCM-ILMN_20260204/logs/GIAB_BCM.linxreport.command.out	3141
data_somatic/HG008/Liss_lab/analysis/Hartwig_Oncoanalyzer_BCM-ILMN_20260204/logs/GIAB_BCM.linxreport.command.run	12208
data_somatic/HG008/Liss_lab/analysis/Hartwig_Oncoanalyzer_BCM-ILMN_20260204/logs/GIAB_BCM.linxreport.command.sh	546
data_somatic/HG008/Liss_lab/analysis/Hartwig_Oncoanalyzer_BCM-ILMN_20260204/logs/GIAB_BCM.neo_finder.command.out	563
data_somatic/HG008/Liss_lab/analysis/Hartwig_Oncoanalyzer_BCM-ILMN_20260204/logs/GIAB_BCM.neo_finder.command.run	12998
data_somatic/HG008/Liss_lab/analysis/Hartwig_Oncoanalyzer_BCM-ILMN_20260204/logs/GIAB_BCM.neo_finder.command.sh	550
data_somatic/HG008/Liss_lab/analysis/Hartwig_Oncoanalyzer_BCM-ILMN_20260204/logs/GIAB_BCM.neo_scorer.command.out	1143
data_somatic/HG008/Liss_lab/analysis/Hartwig_Oncoanalyzer_BCM-ILMN_20260204/logs/GIAB_BCM.neo_scorer.command.run	13081
data_somatic/HG008/Liss_lab/analysis/Hartwig_Oncoanalyzer_BCM-ILMN_20260204/logs/GIAB_BCM.neo_scorer.command.sh	888
data_somatic/HG008/Liss_lab/analysis/Hartwig_Oncoanalyzer_BCM-ILMN_20260204/logs/GIAB_BCM.orange.command.out	8910
data_somatic/HG008/Liss_lab/analysis/Hartwig_Oncoanalyzer_BCM-ILMN_20260204/logs/GIAB_BCM.orange.command.run	15680
data_somatic/HG008/Liss_lab/analysis/Hartwig_Oncoanalyzer_BCM-ILMN_20260204/logs/GIAB_BCM.orange.command.sh	2623
data_somatic/HG008/Liss_lab/analysis/Hartwig_Oncoanalyzer_BCM-ILMN_20260204/logs/GIAB_BCM.pave_germline.command.out	6195
data_somatic/HG008/Liss_lab/analysis/Hartwig_Oncoanalyzer_BCM-ILMN_20260204/logs/GIAB_BCM.pave_germline.command.run	14415
data_somatic/HG008/Liss_lab/analysis/Hartwig_Oncoanalyzer_BCM-ILMN_20260204/logs/GIAB_BCM.pave_germline.command.sh	792
data_somatic/HG008/Liss_lab/analysis/Hartwig_Oncoanalyzer_BCM-ILMN_20260204/logs/GIAB_BCM.pave_somatic.command.out	6173
data_somatic/HG008/Liss_lab/analysis/Hartwig_Oncoanalyzer_BCM-ILMN_20260204/logs/GIAB_BCM.pave_somatic.command.run	14328
data_somatic/HG008/Liss_lab/analysis/Hartwig_Oncoanalyzer_BCM-ILMN_20260204/logs/GIAB_BCM.pave_somatic.command.sh	768
data_somatic/HG008/Liss_lab/analysis/Hartwig_Oncoanalyzer_BCM-ILMN_20260204/logs/GIAB_BCM.peach.command.out	2041
data_somatic/HG008/Liss_lab/analysis/Hartwig_Oncoanalyzer_BCM-ILMN_20260204/logs/GIAB_BCM.peach.command.run	12810
data_somatic/HG008/Liss_lab/analysis/Hartwig_Oncoanalyzer_BCM-ILMN_20260204/logs/GIAB_BCM.peach.command.sh	493
data_somatic/HG008/Liss_lab/analysis/Hartwig_Oncoanalyzer_BCM-ILMN_20260204/logs/GIAB_BCM.purple.command.out	3199
data_somatic/HG008/Liss_lab/analysis/Hartwig_Oncoanalyzer_BCM-ILMN_20260204/logs/GIAB_BCM.purple.command.run	15852
data_somatic/HG008/Liss_lab/analysis/Hartwig_Oncoanalyzer_BCM-ILMN_20260204/logs/GIAB_BCM.purple.command.sh	1048
data_somatic/HG008/Liss_lab/analysis/Hartwig_Oncoanalyzer_BCM-ILMN_20260204/logs/GIAB_BCM.sage_germline.command.out	9229
data_somatic/HG008/Liss_lab/analysis/Hartwig_Oncoanalyzer_BCM-ILMN_20260204/logs/GIAB_BCM.sage_germline.command.run	15704
data_somatic/HG008/Liss_lab/analysis/Hartwig_Oncoanalyzer_BCM-ILMN_20260204/logs/GIAB_BCM.sage_germline.command.sh	947
data_somatic/HG008/Liss_lab/analysis/Hartwig_Oncoanalyzer_BCM-ILMN_20260204/logs/GIAB_BCM.sage_somatic.command.out	40219
data_somatic/HG008/Liss_lab/analysis/Hartwig_Oncoanalyzer_BCM-ILMN_20260204/logs/GIAB_BCM.sage_somatic.command.run	16147
data_somatic/HG008/Liss_lab/analysis/Hartwig_Oncoanalyzer_BCM-ILMN_20260204/logs/GIAB_BCM.sage_somatic.command.sh	1046
data_somatic/HG008/Liss_lab/analysis/Hartwig_Oncoanalyzer_BCM-ILMN_20260204/logs/GIAB_BCM.sigs.command.out	463
data_somatic/HG008/Liss_lab/analysis/Hartwig_Oncoanalyzer_BCM-ILMN_20260204/logs/GIAB_BCM.sigs.command.run	12351
data_somatic/HG008/Liss_lab/analysis/Hartwig_Oncoanalyzer_BCM-ILMN_20260204/logs/GIAB_BCM.sigs.command.sh	426
data_somatic/HG008/Liss_lab/analysis/Hartwig_Oncoanalyzer_BCM-ILMN_20260204/logs/GIAB_BCM.teal_pipeline.command.out	1240416
data_somatic/HG008/Liss_lab/analysis/Hartwig_Oncoanalyzer_BCM-ILMN_20260204/logs/GIAB_BCM.teal_pipeline.command.run	13396
data_somatic/HG008/Liss_lab/analysis/Hartwig_Oncoanalyzer_BCM-ILMN_20260204/logs/GIAB_BCM.teal_pipeline.command.sh	705
data_somatic/HG008/Liss_lab/analysis/Hartwig_Oncoanalyzer_BCM-ILMN_20260204/logs/GIAB_BCM.teal_prep.command.out	1235612
data_somatic/HG008/Liss_lab/analysis/Hartwig_Oncoanalyzer_BCM-ILMN_20260204/logs/GIAB_BCM.teal_prep.command.run	12814
data_somatic/HG008/Liss_lab/analysis/Hartwig_Oncoanalyzer_BCM-ILMN_20260204/logs/GIAB_BCM.teal_prep.command.sh	602
data_somatic/HG008/Liss_lab/analysis/Hartwig_Oncoanalyzer_BCM-ILMN_20260204/logs/GIAB_BCM.virusbreakend.command.out	313
data_somatic/HG008/Liss_lab/analysis/Hartwig_Oncoanalyzer_BCM-ILMN_20260204/logs/GIAB_BCM.virusbreakend.command.run	13615
data_somatic/HG008/Liss_lab/analysis/Hartwig_Oncoanalyzer_BCM-ILMN_20260204/logs/GIAB_BCM.virusbreakend.command.sh	615
data_somatic/HG008/Liss_lab/analysis/Hartwig_Oncoanalyzer_BCM-ILMN_20260204/logs/GIAB_BCM.virusinterpreter.command.out	836
data_somatic/HG008/Liss_lab/analysis/Hartwig_Oncoanalyzer_BCM-ILMN_20260204/logs/GIAB_BCM.virusinterpreter.command.run	13227
data_somatic/HG008/Liss_lab/analysis/Hartwig_Oncoanalyzer_BCM-ILMN_20260204/logs/GIAB_BCM.virusinterpreter.command.sh	697
data_somatic/HG008/Liss_lab/analysis/Hartwig_Oncoanalyzer_BCM-ILMN_20260204/logs/GIAB_BCM_HG008-N-D.bamtools.command.out	0
data_somatic/HG008/Liss_lab/analysis/Hartwig_Oncoanalyzer_BCM-ILMN_20260204/logs/GIAB_BCM_HG008-N-D.bamtools.command.run	13034
data_somatic/HG008/Liss_lab/analysis/Hartwig_Oncoanalyzer_BCM-ILMN_20260204/logs/GIAB_BCM_HG008-N-D.bamtools.command.sh	665
data_somatic/HG008/Liss_lab/analysis/Hartwig_Oncoanalyzer_BCM-ILMN_20260204/logs/GIAB_BCM_HG008-N-D.redux.command.out	0
data_somatic/HG008/Liss_lab/analysis/Hartwig_Oncoanalyzer_BCM-ILMN_20260204/logs/GIAB_BCM_HG008-N-D.redux.command.run	14012
data_somatic/HG008/Liss_lab/analysis/Hartwig_Oncoanalyzer_BCM-ILMN_20260204/logs/GIAB_BCM_HG008-N-D.redux.command.sh	778
data_somatic/HG008/Liss_lab/analysis/Hartwig_Oncoanalyzer_BCM-ILMN_20260204/logs/GIAB_BCM_HG008-T.bamtools.command.out	0
data_somatic/HG008/Liss_lab/analysis/Hartwig_Oncoanalyzer_BCM-ILMN_20260204/logs/GIAB_BCM_HG008-T.bamtools.command.run	13016
data_somatic/HG008/Liss_lab/analysis/Hartwig_Oncoanalyzer_BCM-ILMN_20260204/logs/GIAB_BCM_HG008-T.bamtools.command.sh	657
data_somatic/HG008/Liss_lab/analysis/Hartwig_Oncoanalyzer_BCM-ILMN_20260204/logs/GIAB_BCM_HG008-T.cider.command.out	5662
data_somatic/HG008/Liss_lab/analysis/Hartwig_Oncoanalyzer_BCM-ILMN_20260204/logs/GIAB_BCM_HG008-T.cider.command.run	13151
data_somatic/HG008/Liss_lab/analysis/Hartwig_Oncoanalyzer_BCM-ILMN_20260204/logs/GIAB_BCM_HG008-T.cider.command.sh	521
data_somatic/HG008/Liss_lab/analysis/Hartwig_Oncoanalyzer_BCM-ILMN_20260204/logs/GIAB_BCM_HG008-T.redux.command.out	0
data_somatic/HG008/Liss_lab/analysis/Hartwig_Oncoanalyzer_BCM-ILMN_20260204/logs/GIAB_BCM_HG008-T.redux.command.run	15558
data_somatic/HG008/Liss_lab/analysis/Hartwig_Oncoanalyzer_BCM-ILMN_20260204/logs/GIAB_BCM_HG008-T.redux.command.sh	905
data_somatic/HG008/Liss_lab/analysis/Hartwig_Oncoanalyzer_BCM-ILMN_20260204/neo/finder/HG008-T.neo.neo_data.tsv	53985
data_somatic/HG008/Liss_lab/analysis/Hartwig_Oncoanalyzer_BCM-ILMN_20260204/neo/scorer/HG008-T.neo.neoepitope.tsv	34133
data_somatic/HG008/Liss_lab/analysis/Hartwig_Oncoanalyzer_BCM-ILMN_20260204/neo/scorer/HG008-T.neo.peptide_scores.tsv	10957044
data_somatic/HG008/Liss_lab/analysis/Hartwig_Oncoanalyzer_BCM-ILMN_20260204/orange/HG008-T.orange.json	34797533
data_somatic/HG008/Liss_lab/analysis/Hartwig_Oncoanalyzer_BCM-ILMN_20260204/orange/HG008-T.orange.pdf	9631875
data_somatic/HG008/Liss_lab/analysis/Hartwig_Oncoanalyzer_BCM-ILMN_20260204/pave/HG008-T.pave.germline.vcf.gz	527920
data_somatic/HG008/Liss_lab/analysis/Hartwig_Oncoanalyzer_BCM-ILMN_20260204/pave/HG008-T.pave.germline.vcf.gz.tbi	12165
data_somatic/HG008/Liss_lab/analysis/Hartwig_Oncoanalyzer_BCM-ILMN_20260204/pave/HG008-T.pave.somatic.vcf.gz	3610268
data_somatic/HG008/Liss_lab/analysis/Hartwig_Oncoanalyzer_BCM-ILMN_20260204/pave/HG008-T.pave.somatic.vcf.gz.tbi	165083
data_somatic/HG008/Liss_lab/analysis/Hartwig_Oncoanalyzer_BCM-ILMN_20260204/pave/HG008-T.sage.germline.pave.vcf.gz	404278
data_somatic/HG008/Liss_lab/analysis/Hartwig_Oncoanalyzer_BCM-ILMN_20260204/pave/HG008-T.sage.germline.pave.vcf.gz.tbi	11743
data_somatic/HG008/Liss_lab/analysis/Hartwig_Oncoanalyzer_BCM-ILMN_20260204/pave/HG008-T.sage.somatic.pave.vcf.gz	2918068
data_somatic/HG008/Liss_lab/analysis/Hartwig_Oncoanalyzer_BCM-ILMN_20260204/pave/HG008-T.sage.somatic.pave.vcf.gz.tbi	156886
data_somatic/HG008/Liss_lab/analysis/Hartwig_Oncoanalyzer_BCM-ILMN_20260204/peach/HG008-N-D.peach.events.tsv	39
data_somatic/HG008/Liss_lab/analysis/Hartwig_Oncoanalyzer_BCM-ILMN_20260204/peach/HG008-N-D.peach.gene.events.tsv	51
data_somatic/HG008/Liss_lab/analysis/Hartwig_Oncoanalyzer_BCM-ILMN_20260204/peach/HG008-N-D.peach.haplotypes.all.tsv	82
data_somatic/HG008/Liss_lab/analysis/Hartwig_Oncoanalyzer_BCM-ILMN_20260204/peach/HG008-N-D.peach.haplotypes.best.tsv	486
data_somatic/HG008/Liss_lab/analysis/Hartwig_Oncoanalyzer_BCM-ILMN_20260204/peach/HG008-N-D.peach.qc.tsv	34
data_somatic/HG008/Liss_lab/analysis/Hartwig_Oncoanalyzer_BCM-ILMN_20260204/purple/HG008-T.purple.chromosome_arm.tsv	1408
data_somatic/HG008/Liss_lab/analysis/Hartwig_Oncoanalyzer_BCM-ILMN_20260204/purple/HG008-T.purple.cnv.gene.tsv	5877975
data_somatic/HG008/Liss_lab/analysis/Hartwig_Oncoanalyzer_BCM-ILMN_20260204/purple/HG008-T.purple.cnv.somatic.tsv	50576
data_somatic/HG008/Liss_lab/analysis/Hartwig_Oncoanalyzer_BCM-ILMN_20260204/purple/HG008-T.purple.driver.catalog.germline.tsv	186
data_somatic/HG008/Liss_lab/analysis/Hartwig_Oncoanalyzer_BCM-ILMN_20260204/purple/HG008-T.purple.driver.catalog.somatic.tsv	927
data_somatic/HG008/Liss_lab/analysis/Hartwig_Oncoanalyzer_BCM-ILMN_20260204/purple/HG008-T.purple.germline.deletion.tsv	20573
data_somatic/HG008/Liss_lab/analysis/Hartwig_Oncoanalyzer_BCM-ILMN_20260204/purple/HG008-T.purple.germline.vcf.gz	546759
data_somatic/HG008/Liss_lab/analysis/Hartwig_Oncoanalyzer_BCM-ILMN_20260204/purple/HG008-T.purple.germline.vcf.gz.tbi	12167
data_somatic/HG008/Liss_lab/analysis/Hartwig_Oncoanalyzer_BCM-ILMN_20260204/purple/HG008-T.purple.purity.range.tsv	670654
data_somatic/HG008/Liss_lab/analysis/Hartwig_Oncoanalyzer_BCM-ILMN_20260204/purple/HG008-T.purple.purity.tsv	466
data_somatic/HG008/Liss_lab/analysis/Hartwig_Oncoanalyzer_BCM-ILMN_20260204/purple/HG008-T.purple.qc	275
data_somatic/HG008/Liss_lab/analysis/Hartwig_Oncoanalyzer_BCM-ILMN_20260204/purple/HG008-T.purple.segment.tsv	760341
data_somatic/HG008/Liss_lab/analysis/Hartwig_Oncoanalyzer_BCM-ILMN_20260204/purple/HG008-T.purple.somatic.clonality.tsv	78127
data_somatic/HG008/Liss_lab/analysis/Hartwig_Oncoanalyzer_BCM-ILMN_20260204/purple/HG008-T.purple.somatic.hist.tsv	1089
data_somatic/HG008/Liss_lab/analysis/Hartwig_Oncoanalyzer_BCM-ILMN_20260204/purple/HG008-T.purple.somatic.vcf.gz	3904851
data_somatic/HG008/Liss_lab/analysis/Hartwig_Oncoanalyzer_BCM-ILMN_20260204/purple/HG008-T.purple.somatic.vcf.gz.tbi	165470
data_somatic/HG008/Liss_lab/analysis/Hartwig_Oncoanalyzer_BCM-ILMN_20260204/purple/HG008-T.purple.sv.germline.vcf.gz	4560276
data_somatic/HG008/Liss_lab/analysis/Hartwig_Oncoanalyzer_BCM-ILMN_20260204/purple/HG008-T.purple.sv.germline.vcf.gz.tbi	168714
data_somatic/HG008/Liss_lab/analysis/Hartwig_Oncoanalyzer_BCM-ILMN_20260204/purple/HG008-T.purple.sv.vcf.gz	73983
data_somatic/HG008/Liss_lab/analysis/Hartwig_Oncoanalyzer_BCM-ILMN_20260204/purple/HG008-T.purple.sv.vcf.gz.tbi	7320
data_somatic/HG008/Liss_lab/analysis/Hartwig_Oncoanalyzer_BCM-ILMN_20260204/purple/circos/HG008-N-D.ratio.circos	123527
data_somatic/HG008/Liss_lab/analysis/Hartwig_Oncoanalyzer_BCM-ILMN_20260204/purple/circos/HG008-T.baf.circos	707134
data_somatic/HG008/Liss_lab/analysis/Hartwig_Oncoanalyzer_BCM-ILMN_20260204/purple/circos/HG008-T.circos.conf	5959
data_somatic/HG008/Liss_lab/analysis/Hartwig_Oncoanalyzer_BCM-ILMN_20260204/purple/circos/HG008-T.cnv.circos	13305
data_somatic/HG008/Liss_lab/analysis/Hartwig_Oncoanalyzer_BCM-ILMN_20260204/purple/circos/HG008-T.indel.circos	60803
data_somatic/HG008/Liss_lab/analysis/Hartwig_Oncoanalyzer_BCM-ILMN_20260204/purple/circos/HG008-T.input.conf	2914
data_somatic/HG008/Liss_lab/analysis/Hartwig_Oncoanalyzer_BCM-ILMN_20260204/purple/circos/HG008-T.link.circos	14242
data_somatic/HG008/Liss_lab/analysis/Hartwig_Oncoanalyzer_BCM-ILMN_20260204/purple/circos/HG008-T.map.circos	13395
data_somatic/HG008/Liss_lab/analysis/Hartwig_Oncoanalyzer_BCM-ILMN_20260204/purple/circos/HG008-T.ratio.circos	123344
data_somatic/HG008/Liss_lab/analysis/Hartwig_Oncoanalyzer_BCM-ILMN_20260204/purple/circos/HG008-T.snp.circos	427040
data_somatic/HG008/Liss_lab/analysis/Hartwig_Oncoanalyzer_BCM-ILMN_20260204/purple/circos/gaps.txt	733
data_somatic/HG008/Liss_lab/analysis/Hartwig_Oncoanalyzer_BCM-ILMN_20260204/purple/plot/HG008-T.circos.png	1347702
data_somatic/HG008/Liss_lab/analysis/Hartwig_Oncoanalyzer_BCM-ILMN_20260204/purple/plot/HG008-T.copynumber.png	53063
data_somatic/HG008/Liss_lab/analysis/Hartwig_Oncoanalyzer_BCM-ILMN_20260204/purple/plot/HG008-T.input.png	523578
data_somatic/HG008/Liss_lab/analysis/Hartwig_Oncoanalyzer_BCM-ILMN_20260204/purple/plot/HG008-T.map.png	54507
data_somatic/HG008/Liss_lab/analysis/Hartwig_Oncoanalyzer_BCM-ILMN_20260204/purple/plot/HG008-T.purity.range.png	73016
data_somatic/HG008/Liss_lab/analysis/Hartwig_Oncoanalyzer_BCM-ILMN_20260204/purple/plot/HG008-T.segment.png	156011
data_somatic/HG008/Liss_lab/analysis/Hartwig_Oncoanalyzer_BCM-ILMN_20260204/purple/plot/HG008-T.somatic.clonality.png	104664
data_somatic/HG008/Liss_lab/analysis/Hartwig_Oncoanalyzer_BCM-ILMN_20260204/purple/plot/HG008-T.somatic.png	59304
data_somatic/HG008/Liss_lab/analysis/Hartwig_Oncoanalyzer_BCM-ILMN_20260204/purple/plot/HG008-T.somatic.rainfall.png	687179
data_somatic/HG008/Liss_lab/analysis/Hartwig_Oncoanalyzer_BCM-ILMN_20260204/purple/purple.version	39
data_somatic/HG008/Liss_lab/analysis/Hartwig_Oncoanalyzer_BCM-ILMN_20260204/sage/germline/HG008-N-D.sage.bqr.png	331155
data_somatic/HG008/Liss_lab/analysis/Hartwig_Oncoanalyzer_BCM-ILMN_20260204/sage/germline/HG008-N-D.sage.bqr.tsv	50790
data_somatic/HG008/Liss_lab/analysis/Hartwig_Oncoanalyzer_BCM-ILMN_20260204/sage/germline/HG008-T.sage.bqr.png	341113
data_somatic/HG008/Liss_lab/analysis/Hartwig_Oncoanalyzer_BCM-ILMN_20260204/sage/germline/HG008-T.sage.bqr.tsv	50679
data_somatic/HG008/Liss_lab/analysis/Hartwig_Oncoanalyzer_BCM-ILMN_20260204/sage/germline/HG008-T.sage.germline.vcf.gz	496391
data_somatic/HG008/Liss_lab/analysis/Hartwig_Oncoanalyzer_BCM-ILMN_20260204/sage/germline/HG008-T.sage.germline.vcf.gz.tbi	13717
data_somatic/HG008/Liss_lab/analysis/Hartwig_Oncoanalyzer_BCM-ILMN_20260204/sage/somatic/HG008-N-D.sage.bqr.png	331155
data_somatic/HG008/Liss_lab/analysis/Hartwig_Oncoanalyzer_BCM-ILMN_20260204/sage/somatic/HG008-N-D.sage.bqr.tsv	50790
data_somatic/HG008/Liss_lab/analysis/Hartwig_Oncoanalyzer_BCM-ILMN_20260204/sage/somatic/HG008-T.sage.bqr.png	341113
data_somatic/HG008/Liss_lab/analysis/Hartwig_Oncoanalyzer_BCM-ILMN_20260204/sage/somatic/HG008-T.sage.bqr.tsv	50679
data_somatic/HG008/Liss_lab/analysis/Hartwig_Oncoanalyzer_BCM-ILMN_20260204/sage/somatic/HG008-T.sage.somatic.fit_variant.tsv	245340
data_somatic/HG008/Liss_lab/analysis/Hartwig_Oncoanalyzer_BCM-ILMN_20260204/sage/somatic/HG008-T.sage.somatic.vcf.gz	38652216
data_somatic/HG008/Liss_lab/analysis/Hartwig_Oncoanalyzer_BCM-ILMN_20260204/sage/somatic/HG008-T.sage.somatic.vcf.gz.tbi	958853
data_somatic/HG008/Liss_lab/analysis/Hartwig_Oncoanalyzer_BCM-ILMN_20260204/sigs/HG008-T.sig.allocation.tsv	377
data_somatic/HG008/Liss_lab/analysis/Hartwig_Oncoanalyzer_BCM-ILMN_20260204/sigs/HG008-T.sig.snv_counts.csv	1100
data_somatic/HG008/Liss_lab/analysis/Hartwig_Oncoanalyzer_BCM-ILMN_20260204/teal/HG008-N-D.teal.telbam.bam	38433938
data_somatic/HG008/Liss_lab/analysis/Hartwig_Oncoanalyzer_BCM-ILMN_20260204/teal/HG008-N-D.teal.telbam.bam.bai	1710608
data_somatic/HG008/Liss_lab/analysis/Hartwig_Oncoanalyzer_BCM-ILMN_20260204/teal/HG008-N-D.teal.tellength.tsv	272
data_somatic/HG008/Liss_lab/analysis/Hartwig_Oncoanalyzer_BCM-ILMN_20260204/teal/HG008-T.teal.breakend.tsv.gz	54167
data_somatic/HG008/Liss_lab/analysis/Hartwig_Oncoanalyzer_BCM-ILMN_20260204/teal/HG008-T.teal.telbam.bam	18838582
data_somatic/HG008/Liss_lab/analysis/Hartwig_Oncoanalyzer_BCM-ILMN_20260204/teal/HG008-T.teal.telbam.bam.bai	1610064
data_somatic/HG008/Liss_lab/analysis/Hartwig_Oncoanalyzer_BCM-ILMN_20260204/teal/HG008-T.teal.tellength.tsv	269
data_somatic/HG008/Liss_lab/analysis/Hartwig_Oncoanalyzer_BCM-ILMN_20260204/virusbreakend/HG008-T.virusbreakend.vcf	68
data_somatic/HG008/Liss_lab/analysis/Hartwig_Oncoanalyzer_BCM-ILMN_20260204/virusbreakend/HG008-T.virusbreakend.vcf.summary.tsv	0
data_somatic/HG008/Liss_lab/analysis/Hartwig_Oncoanalyzer_BCM-ILMN_20260204/virusinterpreter/HG008-T.virus.annotated.tsv	140
data_somatic/HG008/Liss_lab/analysis/Hartwig_Oncoanalyzer_NYGC-ILMN_20250124/README_Hartwig_Oncoanalyzer_NYGC-ILMN_20250124.md	11742
data_somatic/HG008/Liss_lab/analysis/Hartwig_Oncoanalyzer_NYGC-ILMN_20250124/amber/HG008-N-D.amber.homozygousregion.tsv	10031
data_somatic/HG008/Liss_lab/analysis/Hartwig_Oncoanalyzer_NYGC-ILMN_20250124/amber/HG008-N-D.amber.snp.vcf.gz	1722
data_somatic/HG008/Liss_lab/analysis/Hartwig_Oncoanalyzer_NYGC-ILMN_20250124/amber/HG008-N-D.amber.snp.vcf.gz.tbi	4419
data_somatic/HG008/Liss_lab/analysis/Hartwig_Oncoanalyzer_NYGC-ILMN_20250124/amber/HG008-T.amber.baf.pcf	8789
data_somatic/HG008/Liss_lab/analysis/Hartwig_Oncoanalyzer_NYGC-ILMN_20250124/amber/HG008-T.amber.baf.tsv.gz	20151011
data_somatic/HG008/Liss_lab/analysis/Hartwig_Oncoanalyzer_NYGC-ILMN_20250124/amber/HG008-T.amber.contamination.tsv	625237
data_somatic/HG008/Liss_lab/analysis/Hartwig_Oncoanalyzer_NYGC-ILMN_20250124/amber/HG008-T.amber.contamination.vcf.gz	202014
data_somatic/HG008/Liss_lab/analysis/Hartwig_Oncoanalyzer_NYGC-ILMN_20250124/amber/HG008-T.amber.contamination.vcf.gz.tbi	128240
data_somatic/HG008/Liss_lab/analysis/Hartwig_Oncoanalyzer_NYGC-ILMN_20250124/amber/HG008-T.amber.qc	89
data_somatic/HG008/Liss_lab/analysis/Hartwig_Oncoanalyzer_NYGC-ILMN_20250124/amber/amber.version	41
data_somatic/HG008/Liss_lab/analysis/Hartwig_Oncoanalyzer_NYGC-ILMN_20250124/checksums.md5	9582
data_somatic/HG008/Liss_lab/analysis/Hartwig_Oncoanalyzer_NYGC-ILMN_20250124/chord/HG008-T_chord_prediction.txt	126
data_somatic/HG008/Liss_lab/analysis/Hartwig_Oncoanalyzer_NYGC-ILMN_20250124/chord/HG008-T_chord_signatures.txt	2239
data_somatic/HG008/Liss_lab/analysis/Hartwig_Oncoanalyzer_NYGC-ILMN_20250124/cobalt/HG008-N-D.cobalt.gc.median.tsv	466
data_somatic/HG008/Liss_lab/analysis/Hartwig_Oncoanalyzer_NYGC-ILMN_20250124/cobalt/HG008-N-D.cobalt.ratio.median.tsv	485
data_somatic/HG008/Liss_lab/analysis/Hartwig_Oncoanalyzer_NYGC-ILMN_20250124/cobalt/HG008-N-D.cobalt.ratio.pcf	64193
data_somatic/HG008/Liss_lab/analysis/Hartwig_Oncoanalyzer_NYGC-ILMN_20250124/cobalt/HG008-T.cobalt.gc.median.tsv	443
data_somatic/HG008/Liss_lab/analysis/Hartwig_Oncoanalyzer_NYGC-ILMN_20250124/cobalt/HG008-T.cobalt.ratio.pcf	124416
data_somatic/HG008/Liss_lab/analysis/Hartwig_Oncoanalyzer_NYGC-ILMN_20250124/cobalt/HG008-T.cobalt.ratio.tsv.gz	61124034
data_somatic/HG008/Liss_lab/analysis/Hartwig_Oncoanalyzer_NYGC-ILMN_20250124/cobalt/cobalt.version	40
data_somatic/HG008/Liss_lab/analysis/Hartwig_Oncoanalyzer_NYGC-ILMN_20250124/cuppa/HG008-T.cup.data.csv	76168
data_somatic/HG008/Liss_lab/analysis/Hartwig_Oncoanalyzer_NYGC-ILMN_20250124/cuppa/HG008-T.cup.report.summary.png	639504
data_somatic/HG008/Liss_lab/analysis/Hartwig_Oncoanalyzer_NYGC-ILMN_20250124/cuppa/HG008-T.cuppa.chart.png	2346481
data_somatic/HG008/Liss_lab/analysis/Hartwig_Oncoanalyzer_NYGC-ILMN_20250124/cuppa/HG008-T.cuppa.conclusion.txt	49
data_somatic/HG008/Liss_lab/analysis/Hartwig_Oncoanalyzer_NYGC-ILMN_20250124/cuppa/HG008-T_cup_report.pdf	16569
data_somatic/HG008/Liss_lab/analysis/Hartwig_Oncoanalyzer_NYGC-ILMN_20250124/flagstats/HG008-N-D.flagstat	577
data_somatic/HG008/Liss_lab/analysis/Hartwig_Oncoanalyzer_NYGC-ILMN_20250124/flagstats/HG008-T.flagstat	576
data_somatic/HG008/Liss_lab/analysis/Hartwig_Oncoanalyzer_NYGC-ILMN_20250124/gridss/HG008-T.gridss.vcf.gz	49989936
data_somatic/HG008/Liss_lab/analysis/Hartwig_Oncoanalyzer_NYGC-ILMN_20250124/gridss/HG008-T.gridss.vcf.gz.tbi	851693
data_somatic/HG008/Liss_lab/analysis/Hartwig_Oncoanalyzer_NYGC-ILMN_20250124/gripss/germline/HG008-T.gripss.filtered.germline.vcf.gz	7468295
data_somatic/HG008/Liss_lab/analysis/Hartwig_Oncoanalyzer_NYGC-ILMN_20250124/gripss/germline/HG008-T.gripss.filtered.germline.vcf.gz.tbi	161495
data_somatic/HG008/Liss_lab/analysis/Hartwig_Oncoanalyzer_NYGC-ILMN_20250124/gripss/germline/HG008-T.gripss.germline.vcf.gz	27093493
data_somatic/HG008/Liss_lab/analysis/Hartwig_Oncoanalyzer_NYGC-ILMN_20250124/gripss/germline/HG008-T.gripss.germline.vcf.gz.tbi	534759
data_somatic/HG008/Liss_lab/analysis/Hartwig_Oncoanalyzer_NYGC-ILMN_20250124/gripss/somatic/HG008-T.gripss.filtered.somatic.vcf.gz	81191
data_somatic/HG008/Liss_lab/analysis/Hartwig_Oncoanalyzer_NYGC-ILMN_20250124/gripss/somatic/HG008-T.gripss.filtered.somatic.vcf.gz.tbi	7155
data_somatic/HG008/Liss_lab/analysis/Hartwig_Oncoanalyzer_NYGC-ILMN_20250124/gripss/somatic/HG008-T.gripss.somatic.vcf.gz	687977
data_somatic/HG008/Liss_lab/analysis/Hartwig_Oncoanalyzer_NYGC-ILMN_20250124/gripss/somatic/HG008-T.gripss.somatic.vcf.gz.tbi	36341
data_somatic/HG008/Liss_lab/analysis/Hartwig_Oncoanalyzer_NYGC-ILMN_20250124/lilac/HG008-T.lilac.candidates.coverage.tsv	486
data_somatic/HG008/Liss_lab/analysis/Hartwig_Oncoanalyzer_NYGC-ILMN_20250124/lilac/HG008-T.lilac.qc.tsv	570
data_somatic/HG008/Liss_lab/analysis/Hartwig_Oncoanalyzer_NYGC-ILMN_20250124/lilac/HG008-T.lilac.tsv	645
data_somatic/HG008/Liss_lab/analysis/Hartwig_Oncoanalyzer_NYGC-ILMN_20250124/linx/somatic_plots/all/HG008-T.chr1.003.png	460851
data_somatic/HG008/Liss_lab/analysis/Hartwig_Oncoanalyzer_NYGC-ILMN_20250124/linx/somatic_plots/all/HG008-T.chr10.000.png	508052
data_somatic/HG008/Liss_lab/analysis/Hartwig_Oncoanalyzer_NYGC-ILMN_20250124/linx/somatic_plots/all/HG008-T.chr11.027.png	520812
data_somatic/HG008/Liss_lab/analysis/Hartwig_Oncoanalyzer_NYGC-ILMN_20250124/linx/somatic_plots/all/HG008-T.chr12.007.png	470922
data_somatic/HG008/Liss_lab/analysis/Hartwig_Oncoanalyzer_NYGC-ILMN_20250124/linx/somatic_plots/all/HG008-T.chr13.009.png	604632
data_somatic/HG008/Liss_lab/analysis/Hartwig_Oncoanalyzer_NYGC-ILMN_20250124/linx/somatic_plots/all/HG008-T.chr14.001.png	422633
data_somatic/HG008/Liss_lab/analysis/Hartwig_Oncoanalyzer_NYGC-ILMN_20250124/linx/somatic_plots/all/HG008-T.chr15.007.png	524444
data_somatic/HG008/Liss_lab/analysis/Hartwig_Oncoanalyzer_NYGC-ILMN_20250124/linx/somatic_plots/all/HG008-T.chr18.015.png	612254
data_somatic/HG008/Liss_lab/analysis/Hartwig_Oncoanalyzer_NYGC-ILMN_20250124/linx/somatic_plots/all/HG008-T.chr19.027.png	529962
data_somatic/HG008/Liss_lab/analysis/Hartwig_Oncoanalyzer_NYGC-ILMN_20250124/linx/somatic_plots/all/HG008-T.chr2.007.png	479633
data_somatic/HG008/Liss_lab/analysis/Hartwig_Oncoanalyzer_NYGC-ILMN_20250124/linx/somatic_plots/all/HG008-T.chr20.013.png	541990
data_somatic/HG008/Liss_lab/analysis/Hartwig_Oncoanalyzer_NYGC-ILMN_20250124/linx/somatic_plots/all/HG008-T.chr3.025.png	505951
data_somatic/HG008/Liss_lab/analysis/Hartwig_Oncoanalyzer_NYGC-ILMN_20250124/linx/somatic_plots/all/HG008-T.chr5.009.png	529050
data_somatic/HG008/Liss_lab/analysis/Hartwig_Oncoanalyzer_NYGC-ILMN_20250124/linx/somatic_plots/all/HG008-T.chr6.011.png	541135
data_somatic/HG008/Liss_lab/analysis/Hartwig_Oncoanalyzer_NYGC-ILMN_20250124/linx/somatic_plots/all/HG008-T.chr8.005.png	489258
data_somatic/HG008/Liss_lab/analysis/Hartwig_Oncoanalyzer_NYGC-ILMN_20250124/linx/somatic_plots/all/HG008-T.chrX.015.png	564989
data_somatic/HG008/Liss_lab/analysis/Hartwig_Oncoanalyzer_NYGC-ILMN_20250124/linx/somatic_plots/all/HG008-T.cluster-10.sv4.009.png	425294
data_somatic/HG008/Liss_lab/analysis/Hartwig_Oncoanalyzer_NYGC-ILMN_20250124/linx/somatic_plots/all/HG008-T.cluster-144.sv5.013.png	421688
data_somatic/HG008/Liss_lab/analysis/Hartwig_Oncoanalyzer_NYGC-ILMN_20250124/orange/HG008-T.orange.json	20229623
data_somatic/HG008/Liss_lab/analysis/Hartwig_Oncoanalyzer_NYGC-ILMN_20250124/orange/HG008-T.orange.pdf	8006700
data_somatic/HG008/Liss_lab/analysis/Hartwig_Oncoanalyzer_NYGC-ILMN_20250124/pave/HG008-T.sage.germline.pave.vcf.gz	382110
data_somatic/HG008/Liss_lab/analysis/Hartwig_Oncoanalyzer_NYGC-ILMN_20250124/pave/HG008-T.sage.germline.pave.vcf.gz.tbi	11132
data_somatic/HG008/Liss_lab/analysis/Hartwig_Oncoanalyzer_NYGC-ILMN_20250124/pave/HG008-T.sage.somatic.pave.vcf.gz	3180404
data_somatic/HG008/Liss_lab/analysis/Hartwig_Oncoanalyzer_NYGC-ILMN_20250124/pave/HG008-T.sage.somatic.pave.vcf.gz.tbi	161322
data_somatic/HG008/Liss_lab/analysis/Hartwig_Oncoanalyzer_NYGC-ILMN_20250124/purple/HG008-T.purple.cnv.gene.tsv	5070455
data_somatic/HG008/Liss_lab/analysis/Hartwig_Oncoanalyzer_NYGC-ILMN_20250124/purple/HG008-T.purple.cnv.somatic.tsv	47301
data_somatic/HG008/Liss_lab/analysis/Hartwig_Oncoanalyzer_NYGC-ILMN_20250124/purple/HG008-T.purple.driver.catalog.germline.tsv	186
data_somatic/HG008/Liss_lab/analysis/Hartwig_Oncoanalyzer_NYGC-ILMN_20250124/purple/HG008-T.purple.driver.catalog.somatic.tsv	742
data_somatic/HG008/Liss_lab/analysis/Hartwig_Oncoanalyzer_NYGC-ILMN_20250124/purple/HG008-T.purple.germline.deletion.tsv	10745
data_somatic/HG008/Liss_lab/analysis/Hartwig_Oncoanalyzer_NYGC-ILMN_20250124/purple/HG008-T.purple.germline.vcf.gz	398377
data_somatic/HG008/Liss_lab/analysis/Hartwig_Oncoanalyzer_NYGC-ILMN_20250124/purple/HG008-T.purple.germline.vcf.gz.tbi	11154
data_somatic/HG008/Liss_lab/analysis/Hartwig_Oncoanalyzer_NYGC-ILMN_20250124/purple/HG008-T.purple.purity.range.tsv	670646
data_somatic/HG008/Liss_lab/analysis/Hartwig_Oncoanalyzer_NYGC-ILMN_20250124/purple/HG008-T.purple.purity.tsv	466
data_somatic/HG008/Liss_lab/analysis/Hartwig_Oncoanalyzer_NYGC-ILMN_20250124/purple/HG008-T.purple.qc	231
data_somatic/HG008/Liss_lab/analysis/Hartwig_Oncoanalyzer_NYGC-ILMN_20250124/purple/HG008-T.purple.segment.tsv	681372
data_somatic/HG008/Liss_lab/analysis/Hartwig_Oncoanalyzer_NYGC-ILMN_20250124/purple/HG008-T.purple.somatic.clonality.tsv	78325
data_somatic/HG008/Liss_lab/analysis/Hartwig_Oncoanalyzer_NYGC-ILMN_20250124/purple/HG008-T.purple.somatic.hist.tsv	1121
data_somatic/HG008/Liss_lab/analysis/Hartwig_Oncoanalyzer_NYGC-ILMN_20250124/purple/HG008-T.purple.somatic.vcf.gz	3409676
data_somatic/HG008/Liss_lab/analysis/Hartwig_Oncoanalyzer_NYGC-ILMN_20250124/purple/HG008-T.purple.somatic.vcf.gz.tbi	161564
data_somatic/HG008/Liss_lab/analysis/Hartwig_Oncoanalyzer_NYGC-ILMN_20250124/purple/HG008-T.purple.sv.germline.vcf.gz	148240
data_somatic/HG008/Liss_lab/analysis/Hartwig_Oncoanalyzer_NYGC-ILMN_20250124/purple/HG008-T.purple.sv.germline.vcf.gz.tbi	9956
data_somatic/HG008/Liss_lab/analysis/Hartwig_Oncoanalyzer_NYGC-ILMN_20250124/purple/HG008-T.purple.sv.vcf.gz	95117
data_somatic/HG008/Liss_lab/analysis/Hartwig_Oncoanalyzer_NYGC-ILMN_20250124/purple/HG008-T.purple.sv.vcf.gz.tbi	7232
data_somatic/HG008/Liss_lab/analysis/Hartwig_Oncoanalyzer_NYGC-ILMN_20250124/purple/circos/HG008-N-D.ratio.circos	96278
data_somatic/HG008/Liss_lab/analysis/Hartwig_Oncoanalyzer_NYGC-ILMN_20250124/purple/circos/HG008-T.baf.circos	700853
data_somatic/HG008/Liss_lab/analysis/Hartwig_Oncoanalyzer_NYGC-ILMN_20250124/purple/circos/HG008-T.circos.conf	5959
data_somatic/HG008/Liss_lab/analysis/Hartwig_Oncoanalyzer_NYGC-ILMN_20250124/purple/circos/HG008-T.circos.png.error	2324
data_somatic/HG008/Liss_lab/analysis/Hartwig_Oncoanalyzer_NYGC-ILMN_20250124/purple/circos/HG008-T.circos.png.out	4538
data_somatic/HG008/Liss_lab/analysis/Hartwig_Oncoanalyzer_NYGC-ILMN_20250124/purple/circos/HG008-T.cnv.circos	17439
data_somatic/HG008/Liss_lab/analysis/Hartwig_Oncoanalyzer_NYGC-ILMN_20250124/purple/circos/HG008-T.indel.circos	54055
data_somatic/HG008/Liss_lab/analysis/Hartwig_Oncoanalyzer_NYGC-ILMN_20250124/purple/circos/HG008-T.input.conf	2914
data_somatic/HG008/Liss_lab/analysis/Hartwig_Oncoanalyzer_NYGC-ILMN_20250124/purple/circos/HG008-T.input.png.error	1144
data_somatic/HG008/Liss_lab/analysis/Hartwig_Oncoanalyzer_NYGC-ILMN_20250124/purple/circos/HG008-T.input.png.out	2523
data_somatic/HG008/Liss_lab/analysis/Hartwig_Oncoanalyzer_NYGC-ILMN_20250124/purple/circos/HG008-T.link.circos	9238
data_somatic/HG008/Liss_lab/analysis/Hartwig_Oncoanalyzer_NYGC-ILMN_20250124/purple/circos/HG008-T.map.circos	16845
data_somatic/HG008/Liss_lab/analysis/Hartwig_Oncoanalyzer_NYGC-ILMN_20250124/purple/circos/HG008-T.ratio.circos	72474
data_somatic/HG008/Liss_lab/analysis/Hartwig_Oncoanalyzer_NYGC-ILMN_20250124/purple/circos/HG008-T.snp.circos	418810
data_somatic/HG008/Liss_lab/analysis/Hartwig_Oncoanalyzer_NYGC-ILMN_20250124/purple/circos/gaps.txt	732
data_somatic/HG008/Liss_lab/analysis/Hartwig_Oncoanalyzer_NYGC-ILMN_20250124/purple/plot/HG008-T.circos.png	1306379
data_somatic/HG008/Liss_lab/analysis/Hartwig_Oncoanalyzer_NYGC-ILMN_20250124/purple/plot/HG008-T.copynumber.png	52371
data_somatic/HG008/Liss_lab/analysis/Hartwig_Oncoanalyzer_NYGC-ILMN_20250124/purple/plot/HG008-T.input.png	518323
data_somatic/HG008/Liss_lab/analysis/Hartwig_Oncoanalyzer_NYGC-ILMN_20250124/purple/plot/HG008-T.map.png	51549
data_somatic/HG008/Liss_lab/analysis/Hartwig_Oncoanalyzer_NYGC-ILMN_20250124/purple/plot/HG008-T.purity.range.png	73527
data_somatic/HG008/Liss_lab/analysis/Hartwig_Oncoanalyzer_NYGC-ILMN_20250124/purple/plot/HG008-T.segment.png	151603
data_somatic/HG008/Liss_lab/analysis/Hartwig_Oncoanalyzer_NYGC-ILMN_20250124/purple/plot/HG008-T.somatic.clonality.png	98573
data_somatic/HG008/Liss_lab/analysis/Hartwig_Oncoanalyzer_NYGC-ILMN_20250124/purple/plot/HG008-T.somatic.png	55896
data_somatic/HG008/Liss_lab/analysis/Hartwig_Oncoanalyzer_NYGC-ILMN_20250124/purple/plot/HG008-T.somatic.rainfall.png	682474
data_somatic/HG008/Liss_lab/analysis/Hartwig_Oncoanalyzer_NYGC-ILMN_20250124/purple/plot/HG008-T.somatic_data.tsv	184311
data_somatic/HG008/Liss_lab/analysis/Hartwig_Oncoanalyzer_NYGC-ILMN_20250124/purple/purple.version	41
data_somatic/HG008/Liss_lab/analysis/Hartwig_Oncoanalyzer_NYGC-ILMN_20250124/sage/germline/HG008-N-D.sage.bqr.png	170047
data_somatic/HG008/Liss_lab/analysis/Hartwig_Oncoanalyzer_NYGC-ILMN_20250124/sage/germline/HG008-N-D.sage.bqr.tsv	22796
data_somatic/HG008/Liss_lab/analysis/Hartwig_Oncoanalyzer_NYGC-ILMN_20250124/sage/germline/HG008-N-D.sage.exon.medians.tsv	262551
data_somatic/HG008/Liss_lab/analysis/Hartwig_Oncoanalyzer_NYGC-ILMN_20250124/sage/germline/HG008-N-D.sage.gene.coverage.tsv	86214
data_somatic/HG008/Liss_lab/analysis/Hartwig_Oncoanalyzer_NYGC-ILMN_20250124/sage/germline/HG008-T.sage.bqr.png	169696
data_somatic/HG008/Liss_lab/analysis/Hartwig_Oncoanalyzer_NYGC-ILMN_20250124/sage/germline/HG008-T.sage.bqr.tsv	22957
data_somatic/HG008/Liss_lab/analysis/Hartwig_Oncoanalyzer_NYGC-ILMN_20250124/sage/germline/HG008-T.sage.germline.vcf.gz	339586
data_somatic/HG008/Liss_lab/analysis/Hartwig_Oncoanalyzer_NYGC-ILMN_20250124/sage/germline/HG008-T.sage.germline.vcf.gz.tbi	12051
data_somatic/HG008/Liss_lab/analysis/Hartwig_Oncoanalyzer_NYGC-ILMN_20250124/sage/somatic/HG008-N-D.sage.bqr.png	170047
data_somatic/HG008/Liss_lab/analysis/Hartwig_Oncoanalyzer_NYGC-ILMN_20250124/sage/somatic/HG008-N-D.sage.bqr.tsv	22796
data_somatic/HG008/Liss_lab/analysis/Hartwig_Oncoanalyzer_NYGC-ILMN_20250124/sage/somatic/HG008-T.sage.bqr.png	169696
data_somatic/HG008/Liss_lab/analysis/Hartwig_Oncoanalyzer_NYGC-ILMN_20250124/sage/somatic/HG008-T.sage.bqr.tsv	22957
data_somatic/HG008/Liss_lab/analysis/Hartwig_Oncoanalyzer_NYGC-ILMN_20250124/sage/somatic/HG008-T.sage.exon.medians.tsv	263612
data_somatic/HG008/Liss_lab/analysis/Hartwig_Oncoanalyzer_NYGC-ILMN_20250124/sage/somatic/HG008-T.sage.gene.coverage.tsv	87307
data_somatic/HG008/Liss_lab/analysis/Hartwig_Oncoanalyzer_NYGC-ILMN_20250124/sage/somatic/HG008-T.sage.somatic.vcf.gz	14846989
data_somatic/HG008/Liss_lab/analysis/Hartwig_Oncoanalyzer_NYGC-ILMN_20250124/sage/somatic/HG008-T.sage.somatic.vcf.gz.tbi	614459
data_somatic/HG008/Liss_lab/analysis/Hartwig_Oncoanalyzer_NYGC-ILMN_20250124/sigs/HG008-T.sig.allocation.tsv	399
data_somatic/HG008/Liss_lab/analysis/Hartwig_Oncoanalyzer_NYGC-ILMN_20250124/sigs/HG008-T.sig.snv_counts.csv	1099
data_somatic/HG008/Liss_lab/analysis/Hartwig_Oncoanalyzer_NYGC-ILMN_20250124/virusbreakend/HG008-T.virusbreakend.vcf	68
data_somatic/HG008/Liss_lab/analysis/Hartwig_Oncoanalyzer_NYGC-ILMN_20250124/virusbreakend/HG008-T.virusbreakend.vcf.summary.tsv	0
data_somatic/HG008/Liss_lab/analysis/Hartwig_Oncoanalyzer_NYGC-ILMN_20250124/virusinterpreter/HG008-T.virus.annotated.tsv	128
data_somatic/HG008/Liss_lab/analysis/Harvard_Cheng_hifiasm-assemblies_20240317/.DS_Store	6148
data_somatic/HG008/Liss_lab/analysis/Harvard_Cheng_hifiasm-assemblies_20240317/HG008.normal.hap1.fa.gz	875505329
data_somatic/HG008/Liss_lab/analysis/Harvard_Cheng_hifiasm-assemblies_20240317/HG008.normal.hap1_GRCh38.bam	1562584528
data_somatic/HG008/Liss_lab/analysis/Harvard_Cheng_hifiasm-assemblies_20240317/HG008.normal.hap1_GRCh38.bam.bai	1575248
data_somatic/HG008/Liss_lab/analysis/Harvard_Cheng_hifiasm-assemblies_20240317/HG008.normal.hap2.fa.gz	872634050
data_somatic/HG008/Liss_lab/analysis/Harvard_Cheng_hifiasm-assemblies_20240317/HG008.normal.hap2_GRCh38.bam	1538236891
data_somatic/HG008/Liss_lab/analysis/Harvard_Cheng_hifiasm-assemblies_20240317/HG008.normal.hap2_GRCh38.bam.bai	1574208
data_somatic/HG008/Liss_lab/analysis/Harvard_Cheng_hifiasm-assemblies_20240317/HG008.tumor.hap1.fa.gz	483456394
data_somatic/HG008/Liss_lab/analysis/Harvard_Cheng_hifiasm-assemblies_20240317/HG008.tumor.hap1_GRCh38.bam	1088445522
data_somatic/HG008/Liss_lab/analysis/Harvard_Cheng_hifiasm-assemblies_20240317/HG008.tumor.hap1_GRCh38.bam.bai	1466360
data_somatic/HG008/Liss_lab/analysis/Harvard_Cheng_hifiasm-assemblies_20240317/HG008.tumor.hap2.fa.gz	869772816
data_somatic/HG008/Liss_lab/analysis/Harvard_Cheng_hifiasm-assemblies_20240317/HG008.tumor.hap2_GRCh38.bam	1879750972
data_somatic/HG008/Liss_lab/analysis/Harvard_Cheng_hifiasm-assemblies_20240317/HG008.tumor.hap2_GRCh38.bam.bai	1574160
data_somatic/HG008/Liss_lab/analysis/Harvard_Cheng_hifiasm-assemblies_20240317/README_hifiasm.md	10534
data_somatic/HG008/Liss_lab/analysis/Harvard_Cheng_hifiasm-assemblies_20240317/checksums.md5	1238
data_somatic/HG008/Liss_lab/analysis/Harvard_Cheng_hifiasm-assemblies_20240509/.DS_Store	6148
data_somatic/HG008/Liss_lab/analysis/Harvard_Cheng_hifiasm-assemblies_20240509/HG008.normal.full.asm.hic.hap1.fa.gz	876390145
data_somatic/HG008/Liss_lab/analysis/Harvard_Cheng_hifiasm-assemblies_20240509/HG008.normal.full.asm.hic.hap2.fa.gz	872745219
data_somatic/HG008/Liss_lab/analysis/Harvard_Cheng_hifiasm-assemblies_20240509/HG008.normal.full.asm.hic.p_utg.gfa.gz	1865210106
data_somatic/HG008/Liss_lab/analysis/Harvard_Cheng_hifiasm-assemblies_20240509/HG008.normal.full.asm.hic.r_utg.gfa.gz	2700375150
data_somatic/HG008/Liss_lab/analysis/Harvard_Cheng_hifiasm-assemblies_20240509/HG008.tumor.sub0.asm.hic.p_utg.gfa.gz	1275599425
data_somatic/HG008/Liss_lab/analysis/Harvard_Cheng_hifiasm-assemblies_20240509/HG008.tumor.sub0.hap1.fa.gz	485218902
data_somatic/HG008/Liss_lab/analysis/Harvard_Cheng_hifiasm-assemblies_20240509/HG008.tumor.sub0.hap2.fa.gz	867297098
data_somatic/HG008/Liss_lab/analysis/Harvard_Cheng_hifiasm-assemblies_20240509/HG008.tumor.sub1.asm.hic.p_utg.gfa.gz	1272278226
data_somatic/HG008/Liss_lab/analysis/Harvard_Cheng_hifiasm-assemblies_20240509/HG008.tumor.sub1.hap1.fa.gz	867497406
data_somatic/HG008/Liss_lab/analysis/Harvard_Cheng_hifiasm-assemblies_20240509/HG008.tumor.sub1.hap2.fa.gz	484625459
data_somatic/HG008/Liss_lab/analysis/Harvard_Cheng_hifiasm-assemblies_20240509/README_hifiasm_20240509.md	14857
data_somatic/HG008/Liss_lab/analysis/Harvard_Cheng_hifiasm-assemblies_20240509/checksums.md5	680
data_somatic/HG008/Liss_lab/analysis/NCBI_Element_WGS_Somatic_SVs_GRIDSS2_20240430/README_Element_gridss2_ncbi_20240430	2774
data_somatic/HG008/Liss_lab/analysis/NCBI_Element_WGS_Somatic_SVs_GRIDSS2_20240430/tumor.gripss.filtered.simple_Element_GRCh37.bed	4518
data_somatic/HG008/Liss_lab/analysis/NCBI_Element_WGS_Somatic_SVs_GRIDSS2_20240430/tumor.gripss.filtered.simple_Element_GRCh38.bed	5025
data_somatic/HG008/Liss_lab/analysis/NCBI_Element_WGS_Somatic_SVs_GRIDSS2_20240430/tumor.gripss.filtered.simple_Element_T2TCHM13v2.bed	5026
data_somatic/HG008/Liss_lab/analysis/NCBI_Element_WGS_Somatic_SVs_GRIDSS2_20240430/tumor.gripss.filtered.sv.annotated_Element_GRCh37.vcf	341526
data_somatic/HG008/Liss_lab/analysis/NCBI_Element_WGS_Somatic_SVs_GRIDSS2_20240430/tumor.gripss.filtered.sv.annotated_Element_GRCh38.vcf	354988
data_somatic/HG008/Liss_lab/analysis/NCBI_Element_WGS_Somatic_SVs_GRIDSS2_20240430/tumor.gripss.filtered.sv.annotated_Elewqment_T2TCHM13v2.vcf	351899
data_somatic/HG008/Liss_lab/analysis/NCBI_Illumina_WGS_BCM_Somatic_SVs_GRIDSS2_Passage23_20240510/README_Illumina_Passage23_gridss2_ncbi_20240510	2863
data_somatic/HG008/Liss_lab/analysis/NCBI_Illumina_WGS_BCM_Somatic_SVs_GRIDSS2_Passage23_20240510/tumor.gripss.filtered.simple_Illumina_Passage23_GRCh37.bed	5479
data_somatic/HG008/Liss_lab/analysis/NCBI_Illumina_WGS_BCM_Somatic_SVs_GRIDSS2_Passage23_20240510/tumor.gripss.filtered.simple_Illumina_Passage23_GRCh38.bed	5945
data_somatic/HG008/Liss_lab/analysis/NCBI_Illumina_WGS_BCM_Somatic_SVs_GRIDSS2_Passage23_20240510/tumor.gripss.filtered.simple_Illumina_Passage23_T2TCHM13v2.bed	6139
data_somatic/HG008/Liss_lab/analysis/NCBI_Illumina_WGS_BCM_Somatic_SVs_GRIDSS2_Passage23_20240510/tumor.gripss.filtered.sv.annotated_Illumina_Passage23_GRCh37.vcf	424677
data_somatic/HG008/Liss_lab/analysis/NCBI_Illumina_WGS_BCM_Somatic_SVs_GRIDSS2_Passage23_20240510/tumor.gripss.filtered.sv.annotated_Illumina_Passage23_GRCh38.vcf	425845
data_somatic/HG008/Liss_lab/analysis/NCBI_Illumina_WGS_BCM_Somatic_SVs_GRIDSS2_Passage23_20240510/tumor.gripss.filtered.sv.annotated_Illumina_Passage23_T2TCHM13v2.vcf	430661
data_somatic/HG008/Liss_lab/analysis/NIH-NCI_minda-ensemble_20240710/HG008_minda_ensemble.vcf	38376
data_somatic/HG008/Liss_lab/analysis/NIH-NCI_minda-ensemble_20240710/HG008_support.tsv	513634
data_somatic/HG008/Liss_lab/analysis/NIH-NCI_minda-ensemble_20240710/NIH_ensemble-calls_20240710.md5sum	950
data_somatic/HG008/Liss_lab/analysis/NIH-NCI_minda-ensemble_20240710/README_minda_20240710.md	11311
data_somatic/HG008/Liss_lab/analysis/NIH-NCI_minda-ensemble_20240710/individual-variant-caller-runs.tar	11925932032
data_somatic/HG008/Liss_lab/analysis/NIH-NCI_minda-ensemble_20240710/minda_output.tar	5743104
data_somatic/HG008/Liss_lab/analysis/NIH-NCI_minda-ensemble_20240710/vcf/HG008-T-pancreas.gripss.filtered_vaf.vcf	365090
data_somatic/HG008/Liss_lab/analysis/NIH-NCI_minda-ensemble_20240710/vcf/HG008_vaf_vcfs.tsv	1087
data_somatic/HG008/Liss_lab/analysis/NIH-NCI_minda-ensemble_20240710/vcf/nanomonsv_hifi_vaf.vcf	112538
data_somatic/HG008/Liss_lab/analysis/NIH-NCI_minda-ensemble_20240710/vcf/nanomonsv_ont_vaf.vcf	100501
data_somatic/HG008/Liss_lab/analysis/NIH-NCI_minda-ensemble_20240710/vcf/savana_hifi_vaf.vcf	233727
data_somatic/HG008/Liss_lab/analysis/NIH-NCI_minda-ensemble_20240710/vcf/savana_ont_vaf.vcf	254001
data_somatic/HG008/Liss_lab/analysis/NIH-NCI_minda-ensemble_20240710/vcf/severus_hifi_vaf.vcf	131405
data_somatic/HG008/Liss_lab/analysis/NIH-NCI_minda-ensemble_20240710/vcf/severus_ont_vaf.vcf	190454
data_somatic/HG008/Liss_lab/analysis/NIH-NCI_minda-ensemble_20240710/vcf/sniffles_hifi_vaf.vcf	470414
data_somatic/HG008/Liss_lab/analysis/NIH-NCI_minda-ensemble_20240710/vcf/sniffles_ont_vaf.vcf	1154542
data_somatic/HG008/Liss_lab/analysis/NIH-NCI_minda-ensemble_20240710/vcf/somaticSV_vaf.vcf	699921
data_somatic/HG008/Liss_lab/analysis/NIH-NCI_minda-ensemble_20240710/vcf/svaba_merged.vcf	141056
data_somatic/HG008/Liss_lab/analysis/NIH_HiFi-HiC_Wakhan-CNA_20240424/.DS_Store	6148
data_somatic/HG008/Liss_lab/analysis/NIH_HiFi-HiC_Wakhan-CNA_20240424/HG008_HiFi_HiC_genome_copynumber.html	8305733
data_somatic/HG008/Liss_lab/analysis/NIH_HiFi-HiC_Wakhan-CNA_20240424/HG008_N_HiFi_HiC_phased.vcf.gz	52653336
data_somatic/HG008/Liss_lab/analysis/NIH_HiFi-HiC_Wakhan-CNA_20240424/README_NIH_Wakhan-HIFi-HiC.md	7191
data_somatic/HG008/Liss_lab/analysis/NIH_HiFi-HiC_Wakhan-CNA_20240424/bed_output/HG008_HiFi_HiC_copynumbers_segments.bed	7200
data_somatic/HG008/Liss_lab/analysis/NIH_HiFi-HiC_Wakhan-CNA_20240424/bed_output/HG008_HiFi_HiC_loh_segments.bed	962
data_somatic/HG008/Liss_lab/analysis/NIH_HiFi-HiC_Wakhan-CNA_20240424/bed_output/HG008_HiFi_HiC_snps_counts_cn_regions.bed	4125
data_somatic/HG008/Liss_lab/analysis/NIH_HiFi-HiC_Wakhan-CNA_20240424/checksums.md5	6272
data_somatic/HG008/Liss_lab/analysis/NIH_HiFi-HiC_Wakhan-CNA_20240424/coverage_plots/COVERAGE_INDEX.html	1505
data_somatic/HG008/Liss_lab/analysis/NIH_HiFi-HiC_Wakhan-CNA_20240424/coverage_plots/chr10_cov.html	3748287
data_somatic/HG008/Liss_lab/analysis/NIH_HiFi-HiC_Wakhan-CNA_20240424/coverage_plots/chr11_cov.html	3742595
data_somatic/HG008/Liss_lab/analysis/NIH_HiFi-HiC_Wakhan-CNA_20240424/coverage_plots/chr12_cov.html	3719065
data_somatic/HG008/Liss_lab/analysis/NIH_HiFi-HiC_Wakhan-CNA_20240424/coverage_plots/chr13_cov.html	3712010
data_somatic/HG008/Liss_lab/analysis/NIH_HiFi-HiC_Wakhan-CNA_20240424/coverage_plots/chr14_cov.html	3703016
data_somatic/HG008/Liss_lab/analysis/NIH_HiFi-HiC_Wakhan-CNA_20240424/coverage_plots/chr15_cov.html	3698032
data_somatic/HG008/Liss_lab/analysis/NIH_HiFi-HiC_Wakhan-CNA_20240424/coverage_plots/chr16_cov.html	3677882
data_somatic/HG008/Liss_lab/analysis/NIH_HiFi-HiC_Wakhan-CNA_20240424/coverage_plots/chr17_cov.html	3661052
data_somatic/HG008/Liss_lab/analysis/NIH_HiFi-HiC_Wakhan-CNA_20240424/coverage_plots/chr18_cov.html	3665437
data_somatic/HG008/Liss_lab/analysis/NIH_HiFi-HiC_Wakhan-CNA_20240424/coverage_plots/chr19_cov.html	3639303
data_somatic/HG008/Liss_lab/analysis/NIH_HiFi-HiC_Wakhan-CNA_20240424/coverage_plots/chr1_cov.html	3847165
data_somatic/HG008/Liss_lab/analysis/NIH_HiFi-HiC_Wakhan-CNA_20240424/coverage_plots/chr20_cov.html	3655762
data_somatic/HG008/Liss_lab/analysis/NIH_HiFi-HiC_Wakhan-CNA_20240424/coverage_plots/chr21_cov.html	3626495
data_somatic/HG008/Liss_lab/analysis/NIH_HiFi-HiC_Wakhan-CNA_20240424/coverage_plots/chr22_cov.html	3629587
data_somatic/HG008/Liss_lab/analysis/NIH_HiFi-HiC_Wakhan-CNA_20240424/coverage_plots/chr2_cov.html	3876720
data_somatic/HG008/Liss_lab/analysis/NIH_HiFi-HiC_Wakhan-CNA_20240424/coverage_plots/chr3_cov.html	3801484
data_somatic/HG008/Liss_lab/analysis/NIH_HiFi-HiC_Wakhan-CNA_20240424/coverage_plots/chr4_cov.html	3764082
data_somatic/HG008/Liss_lab/analysis/NIH_HiFi-HiC_Wakhan-CNA_20240424/coverage_plots/chr5_cov.html	3768308
data_somatic/HG008/Liss_lab/analysis/NIH_HiFi-HiC_Wakhan-CNA_20240424/coverage_plots/chr6_cov.html	3749161
data_somatic/HG008/Liss_lab/analysis/NIH_HiFi-HiC_Wakhan-CNA_20240424/coverage_plots/chr7_cov.html	3752179
data_somatic/HG008/Liss_lab/analysis/NIH_HiFi-HiC_Wakhan-CNA_20240424/coverage_plots/chr8_cov.html	3744688
data_somatic/HG008/Liss_lab/analysis/NIH_HiFi-HiC_Wakhan-CNA_20240424/coverage_plots/chr9_cov.html	3712619
data_somatic/HG008/Liss_lab/analysis/NIH_HiFi-HiC_Wakhan-CNA_20240424/variation_plots/SNPs_LOH_CNs_INDEX.html	4611
data_somatic/HG008/Liss_lab/analysis/NIH_HiFi-HiC_Wakhan-CNA_20240424/variation_plots/chr10_cn.html	3716598
data_somatic/HG008/Liss_lab/analysis/NIH_HiFi-HiC_Wakhan-CNA_20240424/variation_plots/chr10_snps.html	7730823
data_somatic/HG008/Liss_lab/analysis/NIH_HiFi-HiC_Wakhan-CNA_20240424/variation_plots/chr10_snps_counts.html	3649097
data_somatic/HG008/Liss_lab/analysis/NIH_HiFi-HiC_Wakhan-CNA_20240424/variation_plots/chr11_cn.html	3713217
data_somatic/HG008/Liss_lab/analysis/NIH_HiFi-HiC_Wakhan-CNA_20240424/variation_plots/chr11_snps.html	7325583
data_somatic/HG008/Liss_lab/analysis/NIH_HiFi-HiC_Wakhan-CNA_20240424/variation_plots/chr11_snps_counts.html	3649533
data_somatic/HG008/Liss_lab/analysis/NIH_HiFi-HiC_Wakhan-CNA_20240424/variation_plots/chr12_cn.html	3695856
data_somatic/HG008/Liss_lab/analysis/NIH_HiFi-HiC_Wakhan-CNA_20240424/variation_plots/chr12_snps.html	6389922
data_somatic/HG008/Liss_lab/analysis/NIH_HiFi-HiC_Wakhan-CNA_20240424/variation_plots/chr12_snps_counts.html	3647544
data_somatic/HG008/Liss_lab/analysis/NIH_HiFi-HiC_Wakhan-CNA_20240424/variation_plots/chr13_cn.html	3687495
data_somatic/HG008/Liss_lab/analysis/NIH_HiFi-HiC_Wakhan-CNA_20240424/variation_plots/chr13_snps.html	7050610
data_somatic/HG008/Liss_lab/analysis/NIH_HiFi-HiC_Wakhan-CNA_20240424/variation_plots/chr13_snps_counts.html	3638582
data_somatic/HG008/Liss_lab/analysis/NIH_HiFi-HiC_Wakhan-CNA_20240424/variation_plots/chr14_cn.html	3679514
data_somatic/HG008/Liss_lab/analysis/NIH_HiFi-HiC_Wakhan-CNA_20240424/variation_plots/chr14_snps.html	6025592
data_somatic/HG008/Liss_lab/analysis/NIH_HiFi-HiC_Wakhan-CNA_20240424/variation_plots/chr14_snps_counts.html	3634400
data_somatic/HG008/Liss_lab/analysis/NIH_HiFi-HiC_Wakhan-CNA_20240424/variation_plots/chr15_cn.html	3675517
data_somatic/HG008/Liss_lab/analysis/NIH_HiFi-HiC_Wakhan-CNA_20240424/variation_plots/chr15_snps.html	6045958
data_somatic/HG008/Liss_lab/analysis/NIH_HiFi-HiC_Wakhan-CNA_20240424/variation_plots/chr15_snps_counts.html	3632083
data_somatic/HG008/Liss_lab/analysis/NIH_HiFi-HiC_Wakhan-CNA_20240424/variation_plots/chr16_cn.html	3661459
data_somatic/HG008/Liss_lab/analysis/NIH_HiFi-HiC_Wakhan-CNA_20240424/variation_plots/chr16_snps.html	5645559
data_somatic/HG008/Liss_lab/analysis/NIH_HiFi-HiC_Wakhan-CNA_20240424/variation_plots/chr16_snps_counts.html	3626308
data_somatic/HG008/Liss_lab/analysis/NIH_HiFi-HiC_Wakhan-CNA_20240424/variation_plots/chr17_cn.html	3649283
data_somatic/HG008/Liss_lab/analysis/NIH_HiFi-HiC_Wakhan-CNA_20240424/variation_plots/chr17_snps.html	5086221
data_somatic/HG008/Liss_lab/analysis/NIH_HiFi-HiC_Wakhan-CNA_20240424/variation_plots/chr17_snps_counts.html	3622650
data_somatic/HG008/Liss_lab/analysis/NIH_HiFi-HiC_Wakhan-CNA_20240424/variation_plots/chr18_cn.html	3652592
data_somatic/HG008/Liss_lab/analysis/NIH_HiFi-HiC_Wakhan-CNA_20240424/variation_plots/chr18_snps.html	5462606
data_somatic/HG008/Liss_lab/analysis/NIH_HiFi-HiC_Wakhan-CNA_20240424/variation_plots/chr18_snps_counts.html	3621501
data_somatic/HG008/Liss_lab/analysis/NIH_HiFi-HiC_Wakhan-CNA_20240424/variation_plots/chr19_cn.html	3632028
data_somatic/HG008/Liss_lab/analysis/NIH_HiFi-HiC_Wakhan-CNA_20240424/variation_plots/chr19_snps.html	4816135
data_somatic/HG008/Liss_lab/analysis/NIH_HiFi-HiC_Wakhan-CNA_20240424/variation_plots/chr19_snps_counts.html	3611484
data_somatic/HG008/Liss_lab/analysis/NIH_HiFi-HiC_Wakhan-CNA_20240424/variation_plots/chr1_cn.html	3796530
data_somatic/HG008/Liss_lab/analysis/NIH_HiFi-HiC_Wakhan-CNA_20240424/variation_plots/chr1_snps.html	8866343
data_somatic/HG008/Liss_lab/analysis/NIH_HiFi-HiC_Wakhan-CNA_20240424/variation_plots/chr1_snps_counts.html	3705986
data_somatic/HG008/Liss_lab/analysis/NIH_HiFi-HiC_Wakhan-CNA_20240424/variation_plots/chr20_cn.html	3643365
data_somatic/HG008/Liss_lab/analysis/NIH_HiFi-HiC_Wakhan-CNA_20240424/variation_plots/chr20_snps.html	5459274
data_somatic/HG008/Liss_lab/analysis/NIH_HiFi-HiC_Wakhan-CNA_20240424/variation_plots/chr20_snps_counts.html	3614298
data_somatic/HG008/Liss_lab/analysis/NIH_HiFi-HiC_Wakhan-CNA_20240424/variation_plots/chr21_cn.html	3620050
data_somatic/HG008/Liss_lab/analysis/NIH_HiFi-HiC_Wakhan-CNA_20240424/variation_plots/chr21_snps.html	4537552
data_somatic/HG008/Liss_lab/analysis/NIH_HiFi-HiC_Wakhan-CNA_20240424/variation_plots/chr21_snps_counts.html	3605561
data_somatic/HG008/Liss_lab/analysis/NIH_HiFi-HiC_Wakhan-CNA_20240424/variation_plots/chr22_cn.html	3622326
data_somatic/HG008/Liss_lab/analysis/NIH_HiFi-HiC_Wakhan-CNA_20240424/variation_plots/chr22_snps.html	4578236
data_somatic/HG008/Liss_lab/analysis/NIH_HiFi-HiC_Wakhan-CNA_20240424/variation_plots/chr22_snps_counts.html	3607455
data_somatic/HG008/Liss_lab/analysis/NIH_HiFi-HiC_Wakhan-CNA_20240424/variation_plots/chr2_cn.html	3818818
data_somatic/HG008/Liss_lab/analysis/NIH_HiFi-HiC_Wakhan-CNA_20240424/variation_plots/chr2_snps.html	9873729
data_somatic/HG008/Liss_lab/analysis/NIH_HiFi-HiC_Wakhan-CNA_20240424/variation_plots/chr2_snps_counts.html	3704283
data_somatic/HG008/Liss_lab/analysis/NIH_HiFi-HiC_Wakhan-CNA_20240424/variation_plots/chr3_cn.html	3761916
data_somatic/HG008/Liss_lab/analysis/NIH_HiFi-HiC_Wakhan-CNA_20240424/variation_plots/chr3_snps.html	8165574
data_somatic/HG008/Liss_lab/analysis/NIH_HiFi-HiC_Wakhan-CNA_20240424/variation_plots/chr3_snps_counts.html	3680689
data_somatic/HG008/Liss_lab/analysis/NIH_HiFi-HiC_Wakhan-CNA_20240424/variation_plots/chr4_cn.html	3733271
data_somatic/HG008/Liss_lab/analysis/NIH_HiFi-HiC_Wakhan-CNA_20240424/variation_plots/chr4_snps.html	7283161
data_somatic/HG008/Liss_lab/analysis/NIH_HiFi-HiC_Wakhan-CNA_20240424/variation_plots/chr4_snps_counts.html	3675688
data_somatic/HG008/Liss_lab/analysis/NIH_HiFi-HiC_Wakhan-CNA_20240424/variation_plots/chr5_cn.html	3735034
data_somatic/HG008/Liss_lab/analysis/NIH_HiFi-HiC_Wakhan-CNA_20240424/variation_plots/chr5_snps.html	7327978
data_somatic/HG008/Liss_lab/analysis/NIH_HiFi-HiC_Wakhan-CNA_20240424/variation_plots/chr5_snps_counts.html	3671647
data_somatic/HG008/Liss_lab/analysis/NIH_HiFi-HiC_Wakhan-CNA_20240424/variation_plots/chr6_cn.html	3720927
data_somatic/HG008/Liss_lab/analysis/NIH_HiFi-HiC_Wakhan-CNA_20240424/variation_plots/chr6_snps.html	7013685
data_somatic/HG008/Liss_lab/analysis/NIH_HiFi-HiC_Wakhan-CNA_20240424/variation_plots/chr6_snps_counts.html	3665932
data_somatic/HG008/Liss_lab/analysis/NIH_HiFi-HiC_Wakhan-CNA_20240424/variation_plots/chr7_cn.html	3722939
data_somatic/HG008/Liss_lab/analysis/NIH_HiFi-HiC_Wakhan-CNA_20240424/variation_plots/chr7_snps.html	7356094
data_somatic/HG008/Liss_lab/analysis/NIH_HiFi-HiC_Wakhan-CNA_20240424/variation_plots/chr7_snps_counts.html	3661027
data_somatic/HG008/Liss_lab/analysis/NIH_HiFi-HiC_Wakhan-CNA_20240424/variation_plots/chr8_cn.html	3713813
data_somatic/HG008/Liss_lab/analysis/NIH_HiFi-HiC_Wakhan-CNA_20240424/variation_plots/chr8_snps.html	7045997
data_somatic/HG008/Liss_lab/analysis/NIH_HiFi-HiC_Wakhan-CNA_20240424/variation_plots/chr8_snps_counts.html	3653935
data_somatic/HG008/Liss_lab/analysis/NIH_HiFi-HiC_Wakhan-CNA_20240424/variation_plots/chr9_cn.html	3691337
data_somatic/HG008/Liss_lab/analysis/NIH_HiFi-HiC_Wakhan-CNA_20240424/variation_plots/chr9_snps.html	6102066
data_somatic/HG008/Liss_lab/analysis/NIH_HiFi-HiC_Wakhan-CNA_20240424/variation_plots/chr9_snps_counts.html	3649338
data_somatic/HG008/Liss_lab/analysis/NIH_HiFi_Severus-SV_20240308/.DS_Store	8196
data_somatic/HG008/Liss_lab/analysis/NIH_HiFi_Severus-SV_20240308/Clair3/merge_output.vcf.gz	71720255
data_somatic/HG008/Liss_lab/analysis/NIH_HiFi_Severus-SV_20240308/Clair3/merge_output.vcf.gz.tbi	1567811
data_somatic/HG008/Liss_lab/analysis/NIH_HiFi_Severus-SV_20240308/HiPhase/merge_output_hiphase.vcf.gz	78320410
data_somatic/HG008/Liss_lab/analysis/NIH_HiFi_Severus-SV_20240308/HiPhase/merge_output_hiphase.vcf.gz.tbi	1583034
data_somatic/HG008/Liss_lab/analysis/NIH_HiFi_Severus-SV_20240308/README_NIH_Severus.md	6856
data_somatic/HG008/Liss_lab/analysis/NIH_HiFi_Severus-SV_20240308/all_SVs/breakpoint_clusters.tsv	9557
data_somatic/HG008/Liss_lab/analysis/NIH_HiFi_Severus-SV_20240308/all_SVs/breakpoint_clusters_list.tsv	2364
data_somatic/HG008/Liss_lab/analysis/NIH_HiFi_Severus-SV_20240308/all_SVs/breakpoint_graph.gv	53453
data_somatic/HG008/Liss_lab/analysis/NIH_HiFi_Severus-SV_20240308/all_SVs/plots/severus_0.html	3615550
data_somatic/HG008/Liss_lab/analysis/NIH_HiFi_Severus-SV_20240308/all_SVs/plots/severus_1.html	3613030
data_somatic/HG008/Liss_lab/analysis/NIH_HiFi_Severus-SV_20240308/all_SVs/plots/severus_10.html	3611498
data_somatic/HG008/Liss_lab/analysis/NIH_HiFi_Severus-SV_20240308/all_SVs/plots/severus_11.html	3611492
data_somatic/HG008/Liss_lab/analysis/NIH_HiFi_Severus-SV_20240308/all_SVs/plots/severus_12.html	3611131
data_somatic/HG008/Liss_lab/analysis/NIH_HiFi_Severus-SV_20240308/all_SVs/plots/severus_13.html	3610197
data_somatic/HG008/Liss_lab/analysis/NIH_HiFi_Severus-SV_20240308/all_SVs/plots/severus_17.html	3609840
data_somatic/HG008/Liss_lab/analysis/NIH_HiFi_Severus-SV_20240308/all_SVs/plots/severus_2.html	3612126
data_somatic/HG008/Liss_lab/analysis/NIH_HiFi_Severus-SV_20240308/all_SVs/plots/severus_22.html	3610258
data_somatic/HG008/Liss_lab/analysis/NIH_HiFi_Severus-SV_20240308/all_SVs/plots/severus_23.html	3610703
data_somatic/HG008/Liss_lab/analysis/NIH_HiFi_Severus-SV_20240308/all_SVs/plots/severus_25.html	3610134
data_somatic/HG008/Liss_lab/analysis/NIH_HiFi_Severus-SV_20240308/all_SVs/plots/severus_26.html	3610512
data_somatic/HG008/Liss_lab/analysis/NIH_HiFi_Severus-SV_20240308/all_SVs/plots/severus_27.html	3610193
data_somatic/HG008/Liss_lab/analysis/NIH_HiFi_Severus-SV_20240308/all_SVs/plots/severus_28.html	3610536
data_somatic/HG008/Liss_lab/analysis/NIH_HiFi_Severus-SV_20240308/all_SVs/plots/severus_29.html	3610485
data_somatic/HG008/Liss_lab/analysis/NIH_HiFi_Severus-SV_20240308/all_SVs/plots/severus_3.html	3612257
data_somatic/HG008/Liss_lab/analysis/NIH_HiFi_Severus-SV_20240308/all_SVs/plots/severus_30.html	3610171
data_somatic/HG008/Liss_lab/analysis/NIH_HiFi_Severus-SV_20240308/all_SVs/plots/severus_31.html	3610154
data_somatic/HG008/Liss_lab/analysis/NIH_HiFi_Severus-SV_20240308/all_SVs/plots/severus_4.html	3612198
data_somatic/HG008/Liss_lab/analysis/NIH_HiFi_Severus-SV_20240308/all_SVs/plots/severus_5.html	3611720
data_somatic/HG008/Liss_lab/analysis/NIH_HiFi_Severus-SV_20240308/all_SVs/plots/severus_6.html	3611171
data_somatic/HG008/Liss_lab/analysis/NIH_HiFi_Severus-SV_20240308/all_SVs/plots/severus_7.html	3611248
data_somatic/HG008/Liss_lab/analysis/NIH_HiFi_Severus-SV_20240308/all_SVs/plots/severus_8.html	3611209
data_somatic/HG008/Liss_lab/analysis/NIH_HiFi_Severus-SV_20240308/all_SVs/plots/severus_9.html	3611493
data_somatic/HG008/Liss_lab/analysis/NIH_HiFi_Severus-SV_20240308/all_SVs/severus_all.vcf	10831950
data_somatic/HG008/Liss_lab/analysis/NIH_HiFi_Severus-SV_20240308/all_SVs/severus_all.vcf.gz	2060925
data_somatic/HG008/Liss_lab/analysis/NIH_HiFi_Severus-SV_20240308/all_SVs/severus_all.vcf.gz.tbi	184315
data_somatic/HG008/Liss_lab/analysis/NIH_HiFi_Severus-SV_20240308/breakpoints_double.csv	2187972
data_somatic/HG008/Liss_lab/analysis/NIH_HiFi_Severus-SV_20240308/checksums.md5	3366
data_somatic/HG008/Liss_lab/analysis/NIH_HiFi_Severus-SV_20240308/read_qual.txt	505
data_somatic/HG008/Liss_lab/analysis/NIH_HiFi_Severus-SV_20240308/severus.log	3427
data_somatic/HG008/Liss_lab/analysis/NIH_HiFi_Severus-SV_20240308/somatic_SVs/breakpoint_clusters.tsv	3577
data_somatic/HG008/Liss_lab/analysis/NIH_HiFi_Severus-SV_20240308/somatic_SVs/breakpoint_clusters_list.tsv	957
data_somatic/HG008/Liss_lab/analysis/NIH_HiFi_Severus-SV_20240308/somatic_SVs/breakpoint_graph.gv	18721
data_somatic/HG008/Liss_lab/analysis/NIH_HiFi_Severus-SV_20240308/somatic_SVs/plots/severus_0.html	3611493
data_somatic/HG008/Liss_lab/analysis/NIH_HiFi_Severus-SV_20240308/somatic_SVs/plots/severus_1.html	3611497
data_somatic/HG008/Liss_lab/analysis/NIH_HiFi_Severus-SV_20240308/somatic_SVs/plots/severus_2.html	3611491
data_somatic/HG008/Liss_lab/analysis/NIH_HiFi_Severus-SV_20240308/somatic_SVs/plots/severus_3.html	3611165
data_somatic/HG008/Liss_lab/analysis/NIH_HiFi_Severus-SV_20240308/somatic_SVs/plots/severus_4.html	3610511
data_somatic/HG008/Liss_lab/analysis/NIH_HiFi_Severus-SV_20240308/somatic_SVs/plots/severus_5.html	3610192
data_somatic/HG008/Liss_lab/analysis/NIH_HiFi_Severus-SV_20240308/somatic_SVs/plots/severus_6.html	3610535
data_somatic/HG008/Liss_lab/analysis/NIH_HiFi_Severus-SV_20240308/somatic_SVs/plots/severus_7.html	3610484
data_somatic/HG008/Liss_lab/analysis/NIH_HiFi_Severus-SV_20240308/somatic_SVs/plots/severus_8.html	3610170
data_somatic/HG008/Liss_lab/analysis/NIH_HiFi_Severus-SV_20240308/somatic_SVs/plots/severus_9.html	3610153
data_somatic/HG008/Liss_lab/analysis/NIH_HiFi_Severus-SV_20240308/somatic_SVs/severus_somatic.vcf	106774
data_somatic/HG008/Liss_lab/analysis/NIH_HiFi_Severus-SV_20240308/somatic_SVs/severus_somatic.vcf.gz	21006
data_somatic/HG008/Liss_lab/analysis/NIH_HiFi_Severus-SV_20240308/somatic_SVs/severus_somatic.vcf.gz.tbi	7258
data_somatic/HG008/Liss_lab/analysis/NIH_HiFi_Wakhan-CNA_20240308/.DS_Store	8196
data_somatic/HG008/Liss_lab/analysis/NIH_HiFi_Wakhan-CNA_20240308/HG008_HiFi_genome_copynumber.html	8301705
data_somatic/HG008/Liss_lab/analysis/NIH_HiFi_Wakhan-CNA_20240308/README_NIH_Wakhan.md	6166
data_somatic/HG008/Liss_lab/analysis/NIH_HiFi_Wakhan-CNA_20240308/bed_output/HG008_HiFi_copynumbers_segments.bed	6779
data_somatic/HG008/Liss_lab/analysis/NIH_HiFi_Wakhan-CNA_20240308/bed_output/HG008_HiFi_loh_segments.bed	939
data_somatic/HG008/Liss_lab/analysis/NIH_HiFi_Wakhan-CNA_20240308/bed_output/HG008_HiFi_snps_counts_cn_regions.bed	3358
data_somatic/HG008/Liss_lab/analysis/NIH_HiFi_Wakhan-CNA_20240308/checksums.md5	6326
data_somatic/HG008/Liss_lab/analysis/NIH_HiFi_Wakhan-CNA_20240308/coverage_plots/COVERAGE_INDEX.html	1505
data_somatic/HG008/Liss_lab/analysis/NIH_HiFi_Wakhan-CNA_20240308/coverage_plots/chr10_cov.html	3791712
data_somatic/HG008/Liss_lab/analysis/NIH_HiFi_Wakhan-CNA_20240308/coverage_plots/chr11_cov.html	3777394
data_somatic/HG008/Liss_lab/analysis/NIH_HiFi_Wakhan-CNA_20240308/coverage_plots/chr12_cov.html	3730744
data_somatic/HG008/Liss_lab/analysis/NIH_HiFi_Wakhan-CNA_20240308/coverage_plots/chr13_cov.html	3739220
data_somatic/HG008/Liss_lab/analysis/NIH_HiFi_Wakhan-CNA_20240308/coverage_plots/chr14_cov.html	3732933
data_somatic/HG008/Liss_lab/analysis/NIH_HiFi_Wakhan-CNA_20240308/coverage_plots/chr15_cov.html	3726095
data_somatic/HG008/Liss_lab/analysis/NIH_HiFi_Wakhan-CNA_20240308/coverage_plots/chr16_cov.html	3692210
data_somatic/HG008/Liss_lab/analysis/NIH_HiFi_Wakhan-CNA_20240308/coverage_plots/chr17_cov.html	3661034
data_somatic/HG008/Liss_lab/analysis/NIH_HiFi_Wakhan-CNA_20240308/coverage_plots/chr18_cov.html	3673669
data_somatic/HG008/Liss_lab/analysis/NIH_HiFi_Wakhan-CNA_20240308/coverage_plots/chr19_cov.html	3641009
data_somatic/HG008/Liss_lab/analysis/NIH_HiFi_Wakhan-CNA_20240308/coverage_plots/chr1_cov.html	3879169
data_somatic/HG008/Liss_lab/analysis/NIH_HiFi_Wakhan-CNA_20240308/coverage_plots/chr20_cov.html	3670327
data_somatic/HG008/Liss_lab/analysis/NIH_HiFi_Wakhan-CNA_20240308/coverage_plots/chr21_cov.html	3628411
data_somatic/HG008/Liss_lab/analysis/NIH_HiFi_Wakhan-CNA_20240308/coverage_plots/chr22_cov.html	3630292
data_somatic/HG008/Liss_lab/analysis/NIH_HiFi_Wakhan-CNA_20240308/coverage_plots/chr2_cov.html	3948258
data_somatic/HG008/Liss_lab/analysis/NIH_HiFi_Wakhan-CNA_20240308/coverage_plots/chr3_cov.html	3836849
data_somatic/HG008/Liss_lab/analysis/NIH_HiFi_Wakhan-CNA_20240308/coverage_plots/chr4_cov.html	3763956
data_somatic/HG008/Liss_lab/analysis/NIH_HiFi_Wakhan-CNA_20240308/coverage_plots/chr5_cov.html	3783196
data_somatic/HG008/Liss_lab/analysis/NIH_HiFi_Wakhan-CNA_20240308/coverage_plots/chr6_cov.html	3752707
data_somatic/HG008/Liss_lab/analysis/NIH_HiFi_Wakhan-CNA_20240308/coverage_plots/chr7_cov.html	3770148
data_somatic/HG008/Liss_lab/analysis/NIH_HiFi_Wakhan-CNA_20240308/coverage_plots/chr8_cov.html	3777015
data_somatic/HG008/Liss_lab/analysis/NIH_HiFi_Wakhan-CNA_20240308/coverage_plots/chr9_cov.html	3713791
data_somatic/HG008/Liss_lab/analysis/NIH_HiFi_Wakhan-CNA_20240308/variation_plots/SNPs_LOH_CNs_INDEX.html	4611
data_somatic/HG008/Liss_lab/analysis/NIH_HiFi_Wakhan-CNA_20240308/variation_plots/chr10_cn.html	3715827
data_somatic/HG008/Liss_lab/analysis/NIH_HiFi_Wakhan-CNA_20240308/variation_plots/chr10_snps.html	3734470
data_somatic/HG008/Liss_lab/analysis/NIH_HiFi_Wakhan-CNA_20240308/variation_plots/chr10_snps_counts.html	3649094
data_somatic/HG008/Liss_lab/analysis/NIH_HiFi_Wakhan-CNA_20240308/variation_plots/chr11_cn.html	3713573
data_somatic/HG008/Liss_lab/analysis/NIH_HiFi_Wakhan-CNA_20240308/variation_plots/chr11_snps.html	3735051
data_somatic/HG008/Liss_lab/analysis/NIH_HiFi_Wakhan-CNA_20240308/variation_plots/chr11_snps_counts.html	3649530
data_somatic/HG008/Liss_lab/analysis/NIH_HiFi_Wakhan-CNA_20240308/variation_plots/chr12_cn.html	3694803
data_somatic/HG008/Liss_lab/analysis/NIH_HiFi_Wakhan-CNA_20240308/variation_plots/chr12_snps.html	3734300
data_somatic/HG008/Liss_lab/analysis/NIH_HiFi_Wakhan-CNA_20240308/variation_plots/chr12_snps_counts.html	3647541
data_somatic/HG008/Liss_lab/analysis/NIH_HiFi_Wakhan-CNA_20240308/variation_plots/chr13_cn.html	3686687
data_somatic/HG008/Liss_lab/analysis/NIH_HiFi_Wakhan-CNA_20240308/variation_plots/chr13_snps.html	3695541
data_somatic/HG008/Liss_lab/analysis/NIH_HiFi_Wakhan-CNA_20240308/variation_plots/chr13_snps_counts.html	3638579
data_somatic/HG008/Liss_lab/analysis/NIH_HiFi_Wakhan-CNA_20240308/variation_plots/chr14_cn.html	3678926
data_somatic/HG008/Liss_lab/analysis/NIH_HiFi_Wakhan-CNA_20240308/variation_plots/chr14_snps.html	3684523
data_somatic/HG008/Liss_lab/analysis/NIH_HiFi_Wakhan-CNA_20240308/variation_plots/chr14_snps_counts.html	3634397
data_somatic/HG008/Liss_lab/analysis/NIH_HiFi_Wakhan-CNA_20240308/variation_plots/chr15_cn.html	3675644
data_somatic/HG008/Liss_lab/analysis/NIH_HiFi_Wakhan-CNA_20240308/variation_plots/chr15_snps.html	3679094
data_somatic/HG008/Liss_lab/analysis/NIH_HiFi_Wakhan-CNA_20240308/variation_plots/chr15_snps_counts.html	3632080
data_somatic/HG008/Liss_lab/analysis/NIH_HiFi_Wakhan-CNA_20240308/variation_plots/chr16_cn.html	3661462
data_somatic/HG008/Liss_lab/analysis/NIH_HiFi_Wakhan-CNA_20240308/variation_plots/chr16_snps.html	3675735
data_somatic/HG008/Liss_lab/analysis/NIH_HiFi_Wakhan-CNA_20240308/variation_plots/chr16_snps_counts.html	3626305
data_somatic/HG008/Liss_lab/analysis/NIH_HiFi_Wakhan-CNA_20240308/variation_plots/chr17_cn.html	3649273
data_somatic/HG008/Liss_lab/analysis/NIH_HiFi_Wakhan-CNA_20240308/variation_plots/chr17_snps.html	3673842
data_somatic/HG008/Liss_lab/analysis/NIH_HiFi_Wakhan-CNA_20240308/variation_plots/chr17_snps_counts.html	3622647
data_somatic/HG008/Liss_lab/analysis/NIH_HiFi_Wakhan-CNA_20240308/variation_plots/chr18_cn.html	3652474
data_somatic/HG008/Liss_lab/analysis/NIH_HiFi_Wakhan-CNA_20240308/variation_plots/chr18_snps.html	3670652
data_somatic/HG008/Liss_lab/analysis/NIH_HiFi_Wakhan-CNA_20240308/variation_plots/chr18_snps_counts.html	3621498
data_somatic/HG008/Liss_lab/analysis/NIH_HiFi_Wakhan-CNA_20240308/variation_plots/chr19_cn.html	3631929
data_somatic/HG008/Liss_lab/analysis/NIH_HiFi_Wakhan-CNA_20240308/variation_plots/chr19_snps.html	3647253
data_somatic/HG008/Liss_lab/analysis/NIH_HiFi_Wakhan-CNA_20240308/variation_plots/chr19_snps_counts.html	3611481
data_somatic/HG008/Liss_lab/analysis/NIH_HiFi_Wakhan-CNA_20240308/variation_plots/chr1_cn.html	3796411
data_somatic/HG008/Liss_lab/analysis/NIH_HiFi_Wakhan-CNA_20240308/variation_plots/chr1_snps.html	3846905
data_somatic/HG008/Liss_lab/analysis/NIH_HiFi_Wakhan-CNA_20240308/variation_plots/chr1_snps_counts.html	3705983
data_somatic/HG008/Liss_lab/analysis/NIH_HiFi_Wakhan-CNA_20240308/variation_plots/chr20_cn.html	3644154
data_somatic/HG008/Liss_lab/analysis/NIH_HiFi_Wakhan-CNA_20240308/variation_plots/chr20_snps.html	3655877
data_somatic/HG008/Liss_lab/analysis/NIH_HiFi_Wakhan-CNA_20240308/variation_plots/chr20_snps_counts.html	3614295
data_somatic/HG008/Liss_lab/analysis/NIH_HiFi_Wakhan-CNA_20240308/variation_plots/chr21_cn.html	3620121
data_somatic/HG008/Liss_lab/analysis/NIH_HiFi_Wakhan-CNA_20240308/variation_plots/chr21_snps.html	3625867
data_somatic/HG008/Liss_lab/analysis/NIH_HiFi_Wakhan-CNA_20240308/variation_plots/chr21_snps_counts.html	3605558
data_somatic/HG008/Liss_lab/analysis/NIH_HiFi_Wakhan-CNA_20240308/variation_plots/chr22_cn.html	3622110
data_somatic/HG008/Liss_lab/analysis/NIH_HiFi_Wakhan-CNA_20240308/variation_plots/chr22_snps.html	3626842
data_somatic/HG008/Liss_lab/analysis/NIH_HiFi_Wakhan-CNA_20240308/variation_plots/chr22_snps_counts.html	3607452
data_somatic/HG008/Liss_lab/analysis/NIH_HiFi_Wakhan-CNA_20240308/variation_plots/chr2_cn.html	3819294
data_somatic/HG008/Liss_lab/analysis/NIH_HiFi_Wakhan-CNA_20240308/variation_plots/chr2_snps.html	3858884
data_somatic/HG008/Liss_lab/analysis/NIH_HiFi_Wakhan-CNA_20240308/variation_plots/chr2_snps_counts.html	3704280
data_somatic/HG008/Liss_lab/analysis/NIH_HiFi_Wakhan-CNA_20240308/variation_plots/chr3_cn.html	3761452
data_somatic/HG008/Liss_lab/analysis/NIH_HiFi_Wakhan-CNA_20240308/variation_plots/chr3_snps.html	3810508
data_somatic/HG008/Liss_lab/analysis/NIH_HiFi_Wakhan-CNA_20240308/variation_plots/chr3_snps_counts.html	3680686
data_somatic/HG008/Liss_lab/analysis/NIH_HiFi_Wakhan-CNA_20240308/variation_plots/chr4_cn.html	3732933
data_somatic/HG008/Liss_lab/analysis/NIH_HiFi_Wakhan-CNA_20240308/variation_plots/chr4_snps.html	3801638
data_somatic/HG008/Liss_lab/analysis/NIH_HiFi_Wakhan-CNA_20240308/variation_plots/chr4_snps_counts.html	3675685
data_somatic/HG008/Liss_lab/analysis/NIH_HiFi_Wakhan-CNA_20240308/variation_plots/chr5_cn.html	3735812
data_somatic/HG008/Liss_lab/analysis/NIH_HiFi_Wakhan-CNA_20240308/variation_plots/chr5_snps.html	3789186
data_somatic/HG008/Liss_lab/analysis/NIH_HiFi_Wakhan-CNA_20240308/variation_plots/chr5_snps_counts.html	3671644
data_somatic/HG008/Liss_lab/analysis/NIH_HiFi_Wakhan-CNA_20240308/variation_plots/chr6_cn.html	3720946
data_somatic/HG008/Liss_lab/analysis/NIH_HiFi_Wakhan-CNA_20240308/variation_plots/chr6_snps.html	3778620
data_somatic/HG008/Liss_lab/analysis/NIH_HiFi_Wakhan-CNA_20240308/variation_plots/chr6_snps_counts.html	3665929
data_somatic/HG008/Liss_lab/analysis/NIH_HiFi_Wakhan-CNA_20240308/variation_plots/chr7_cn.html	3722569
data_somatic/HG008/Liss_lab/analysis/NIH_HiFi_Wakhan-CNA_20240308/variation_plots/chr7_snps.html	3764919
data_somatic/HG008/Liss_lab/analysis/NIH_HiFi_Wakhan-CNA_20240308/variation_plots/chr7_snps_counts.html	3661024
data_somatic/HG008/Liss_lab/analysis/NIH_HiFi_Wakhan-CNA_20240308/variation_plots/chr8_cn.html	3714049
data_somatic/HG008/Liss_lab/analysis/NIH_HiFi_Wakhan-CNA_20240308/variation_plots/chr8_snps.html	3748357
data_somatic/HG008/Liss_lab/analysis/NIH_HiFi_Wakhan-CNA_20240308/variation_plots/chr8_snps_counts.html	3653932
data_somatic/HG008/Liss_lab/analysis/NIH_HiFi_Wakhan-CNA_20240308/variation_plots/chr9_cn.html	3691518
data_somatic/HG008/Liss_lab/analysis/NIH_HiFi_Wakhan-CNA_20240308/variation_plots/chr9_snps.html	3721940
data_somatic/HG008/Liss_lab/analysis/NIH_HiFi_Wakhan-CNA_20240308/variation_plots/chr9_snps_counts.html	3649335
data_somatic/HG008/Liss_lab/analysis/NIH_HiFi_Wakhan-CNA_20240308/vcf_inputs/merge_output.vcf.gz	71720255
data_somatic/HG008/Liss_lab/analysis/NIH_HiFi_Wakhan-CNA_20240308/vcf_inputs/merge_output_tumor.vcf.gz	65617957
data_somatic/HG008/Liss_lab/analysis/NIH_HiFi_mm2_mapping/HG008-N-P_PacBio-HiFi-Revio_20240125_35x_GRCh38-GIABv3_mm2.bam	48618074845
data_somatic/HG008/Liss_lab/analysis/NIH_HiFi_mm2_mapping/HG008-N-P_PacBio-HiFi-Revio_20240125_35x_GRCh38-GIABv3_mm2.bam.bai	11670096
data_somatic/HG008/Liss_lab/analysis/NIH_HiFi_mm2_mapping/HG008-T_PacBio-HiFi-Revio_20240125_116x_GRCh38-GIABv3_mm2.bam	114622750962
data_somatic/HG008/Liss_lab/analysis/NIH_HiFi_mm2_mapping/HG008-T_PacBio-HiFi-Revio_20240125_116x_GRCh38-GIABv3_mm2.bam.bai	25629688
data_somatic/HG008/Liss_lab/analysis/NIH_HiFi_mm2_mapping/README_NIH_HiFi-mm2.md	5906
data_somatic/HG008/Liss_lab/analysis/NIH_HiFi_mm2_mapping/checksums.md5	394
data_somatic/HG008/Liss_lab/analysis/NIST_HG008-T_somatic-smvar_DraftBenchmark_V0.3-20260425/HG008-T_somatic_smvar_benchmark_v0.3_all.bed	1012698
data_somatic/HG008/Liss_lab/analysis/NIST_HG008-T_somatic-smvar_DraftBenchmark_V0.3-20260425/HG008-T_somatic_smvar_benchmark_v0.3_full_tumornormal.vcf.gz	28370178
data_somatic/HG008/Liss_lab/analysis/NIST_HG008-T_somatic-smvar_DraftBenchmark_V0.3-20260425/HG008-T_somatic_smvar_benchmark_v0.3_full_tumornormal.vcf.gz.tbi	1526354
data_somatic/HG008/Liss_lab/analysis/NIST_HG008-T_somatic-smvar_DraftBenchmark_V0.3-20260425/HG008-T_somatic_smvar_benchmark_v0.3_nogermlineinterference.bed	1103115
data_somatic/HG008/Liss_lab/analysis/NIST_HG008-T_somatic-smvar_DraftBenchmark_V0.3-20260425/HG008-T_somatic_smvar_benchmark_v0.3_nogermlinewithin50bp.bed	80798011
data_somatic/HG008/Liss_lab/analysis/NIST_HG008-T_somatic-smvar_DraftBenchmark_V0.3-20260425/HG008-T_somatic_smvar_benchmark_v0.3_somatic_tumornormal.vcf.gz	336017
data_somatic/HG008/Liss_lab/analysis/NIST_HG008-T_somatic-smvar_DraftBenchmark_V0.3-20260425/HG008-T_somatic_smvar_benchmark_v0.3_somatic_tumornormal.vcf.gz.tbi	175910
data_somatic/HG008/Liss_lab/analysis/NIST_HG008-T_somatic-smvar_DraftBenchmark_V0.3-20260425/HG008-T_somatic_smvar_benchmark_v0.3_tumorvariants.vcf.gz	283528
data_somatic/HG008/Liss_lab/analysis/NIST_HG008-T_somatic-smvar_DraftBenchmark_V0.3-20260425/HG008-T_somatic_smvar_benchmark_v0.3_tumorvariants.vcf.gz.tbi	168646
data_somatic/HG008/Liss_lab/analysis/NIST_HG008-T_somatic-smvar_DraftBenchmark_V0.3-20260425/NIST_HG008-T_somatic-smvar_DraftBenchmark_V0.3-20260425.zip	56589263
data_somatic/HG008/Liss_lab/analysis/NIST_HG008-T_somatic-smvar_DraftBenchmark_V0.3-20260425/README.md	19399
data_somatic/HG008/Liss_lab/analysis/NIST_HG008-T_somatic-stvar-CNV_DraftBenchmark_V0.4-20250714/GRCh38_HG008-T-V0.4_somatic-CNV_ALL.draftbenchmark.calls.bedpe	23029
data_somatic/HG008/Liss_lab/analysis/NIST_HG008-T_somatic-stvar-CNV_DraftBenchmark_V0.4-20250714/GRCh38_HG008-T-V0.4_somatic-CNV_PASS.draftbenchmark.calls.bed	7464
data_somatic/HG008/Liss_lab/analysis/NIST_HG008-T_somatic-stvar-CNV_DraftBenchmark_V0.4-20250714/GRCh38_HG008-T-V0.4_somatic-stvar-and-CNV_ALL.draftbenchmark.vcf.gz	15334
data_somatic/HG008/Liss_lab/analysis/NIST_HG008-T_somatic-stvar-CNV_DraftBenchmark_V0.4-20250714/GRCh38_HG008-T-V0.4_somatic-stvar-and-CNV_ALL.draftbenchmark.vcf.gz.tbi	7115
data_somatic/HG008/Liss_lab/analysis/NIST_HG008-T_somatic-stvar-CNV_DraftBenchmark_V0.4-20250714/GRCh38_HG008-T-V0.4_somatic-stvar.draftbenchmark.bed	18393
data_somatic/HG008/Liss_lab/analysis/NIST_HG008-T_somatic-stvar-CNV_DraftBenchmark_V0.4-20250714/GRCh38_HG008-T-V0.4_somatic-stvar_ALL.draftbenchmark.vcf.gz	13322
data_somatic/HG008/Liss_lab/analysis/NIST_HG008-T_somatic-stvar-CNV_DraftBenchmark_V0.4-20250714/GRCh38_HG008-T-V0.4_somatic-stvar_ALL.draftbenchmark.vcf.gz.tbi	6813
data_somatic/HG008/Liss_lab/analysis/NIST_HG008-T_somatic-stvar-CNV_DraftBenchmark_V0.4-20250714/GRCh38_HG008-T-V0.4_somatic-stvar_PASS.draftbenchmark.vcf.gz	9632
data_somatic/HG008/Liss_lab/analysis/NIST_HG008-T_somatic-stvar-CNV_DraftBenchmark_V0.4-20250714/GRCh38_HG008-T-V0.4_somatic-stvar_PASS.draftbenchmark.vcf.gz.tbi	5523
data_somatic/HG008/Liss_lab/analysis/NIST_HG008-T_somatic-stvar-CNV_DraftBenchmark_V0.4-20250714/README.md	35057
data_somatic/HG008/Liss_lab/analysis/NIST_HG008-T_somatic-stvar-CNV_DraftBenchmark_V0.4-20250714/V0.4_CNV_BEDPE_BED_Column_Descriptions.xlsx	10642
data_somatic/HG008/Liss_lab/analysis/NIST_HG008-T_somatic-stvar-CNV_DraftBenchmark_V0.5-20260318/GRCh38_HG008-T-V0.5_somatic-CNV_ALL.draftbenchmark.calls.bedpe	310986
data_somatic/HG008/Liss_lab/analysis/NIST_HG008-T_somatic-stvar-CNV_DraftBenchmark_V0.5-20260318/GRCh38_HG008-T-V0.5_somatic-CNV_PASS.draftbenchmark.calls.bed	7907
data_somatic/HG008/Liss_lab/analysis/NIST_HG008-T_somatic-stvar-CNV_DraftBenchmark_V0.5-20260318/GRCh38_HG008-T-V0.5_somatic-stvar-CNV_ALL.draftbenchmark.vcf.gz	63033
data_somatic/HG008/Liss_lab/analysis/NIST_HG008-T_somatic-stvar-CNV_DraftBenchmark_V0.5-20260318/GRCh38_HG008-T-V0.5_somatic-stvar-CNV_ALL.draftbenchmark.vcf.gz.tbi	7314
data_somatic/HG008/Liss_lab/analysis/NIST_HG008-T_somatic-stvar-CNV_DraftBenchmark_V0.5-20260318/GRCh38_HG008-T-V0.5_somatic-stvar-clonal.draftbenchmark.bed	9330
data_somatic/HG008/Liss_lab/analysis/NIST_HG008-T_somatic-stvar-CNV_DraftBenchmark_V0.5-20260318/GRCh38_HG008-T-V0.5_somatic-stvar-clonal_and_subclonal.draftbenchmark.bed	8807
data_somatic/HG008/Liss_lab/analysis/NIST_HG008-T_somatic-stvar-CNV_DraftBenchmark_V0.5-20260318/GRCh38_HG008-T-V0.5_somatic-stvar_ALL.draftbenchmark.vcf.gz	60308
data_somatic/HG008/Liss_lab/analysis/NIST_HG008-T_somatic-stvar-CNV_DraftBenchmark_V0.5-20260318/GRCh38_HG008-T-V0.5_somatic-stvar_ALL.draftbenchmark.vcf.gz.tbi	7086
data_somatic/HG008/Liss_lab/analysis/NIST_HG008-T_somatic-stvar-CNV_DraftBenchmark_V0.5-20260318/GRCh38_HG008-T-V0.5_somatic-stvar_PASS.draftbenchmark.vcf.gz	58191
data_somatic/HG008/Liss_lab/analysis/NIST_HG008-T_somatic-stvar-CNV_DraftBenchmark_V0.5-20260318/GRCh38_HG008-T-V0.5_somatic-stvar_PASS.draftbenchmark.vcf.gz.tbi	6512
data_somatic/HG008/Liss_lab/analysis/NIST_HG008-T_somatic-stvar-CNV_DraftBenchmark_V0.5-20260318/NIST_HG008-T_somatic-stvar-CNV_DraftBenchmark_V0.5-20260318.zip	326457
data_somatic/HG008/Liss_lab/analysis/NIST_HG008-T_somatic-stvar-CNV_DraftBenchmark_V0.5-20260318/README.md	37301
data_somatic/HG008/Liss_lab/analysis/NIST_HG008-T_somatic-stvar-CNV_DraftBenchmark_V0.5-20260318/V0.5_CNV_BEDPE_BED_Column_Descriptions.xlsx	12233
data_somatic/HG008/Liss_lab/analysis/NIST_HG008-T_somatic-stvar-CNV_DraftBenchmark_V0.5-20260318/checksums.md5	1335
data_somatic/HG008/Liss_lab/analysis/NIST_HG008-T_somatic-stvar_DraftBenchmark_V0.1-20241219/GRCh38_HG008-T-V0.1_somatic-stvar.draftbenchmark.bed	9966
data_somatic/HG008/Liss_lab/analysis/NIST_HG008-T_somatic-stvar_DraftBenchmark_V0.1-20241219/GRCh38_HG008-T-V0.1_somatic-stvar_ALL.draftbenchmark.vcf.gz	9615
data_somatic/HG008/Liss_lab/analysis/NIST_HG008-T_somatic-stvar_DraftBenchmark_V0.1-20241219/GRCh38_HG008-T-V0.1_somatic-stvar_ALL.draftbenchmark.vcf.gz.tbi	6006
data_somatic/HG008/Liss_lab/analysis/NIST_HG008-T_somatic-stvar_DraftBenchmark_V0.1-20241219/GRCh38_HG008-T-V0.1_somatic-stvar_PASS.draftbenchmark.vcf.gz	7298
data_somatic/HG008/Liss_lab/analysis/NIST_HG008-T_somatic-stvar_DraftBenchmark_V0.1-20241219/GRCh38_HG008-T-V0.1_somatic-stvar_PASS.draftbenchmark.vcf.gz.tbi	4859
data_somatic/HG008/Liss_lab/analysis/NIST_HG008-T_somatic-stvar_DraftBenchmark_V0.1-20241219/README.md	7339
data_somatic/HG008/Liss_lab/analysis/NIST_HG008-T_somatic-stvar_DraftBenchmark_V0.1-20241219/checksums.md5	565
data_somatic/HG008/Liss_lab/analysis/NIST_HG008-T_somatic-stvar_DraftBenchmark_V0.2-20250110/20240513_v0.016_HG008N_defrabb_run/20240513_v0.016_HG008N.tar.gz	7778531736
data_somatic/HG008/Liss_lab/analysis/NIST_HG008-T_somatic-stvar_DraftBenchmark_V0.2-20250110/20240513_v0.016_HG008N_defrabb_run/GRCh38_HG8N-HiFiAsm2024040317_stvar_dipcall-z2k.benchmark.bed	8925
data_somatic/HG008/Liss_lab/analysis/NIST_HG008-T_somatic-stvar_DraftBenchmark_V0.2-20250110/GRCh38_HG008-T-V0.2_somatic-stvar.draftbenchmark.bed	9606
data_somatic/HG008/Liss_lab/analysis/NIST_HG008-T_somatic-stvar_DraftBenchmark_V0.2-20250110/GRCh38_HG008-T-V0.2_somatic-stvar_ALL.draftbenchmark.vcf.gz	10243
data_somatic/HG008/Liss_lab/analysis/NIST_HG008-T_somatic-stvar_DraftBenchmark_V0.2-20250110/GRCh38_HG008-T-V0.2_somatic-stvar_ALL.draftbenchmark.vcf.gz.tbi	6187
data_somatic/HG008/Liss_lab/analysis/NIST_HG008-T_somatic-stvar_DraftBenchmark_V0.2-20250110/GRCh38_HG008-T-V0.2_somatic-stvar_PASS.draftbenchmark.vcf.gz	8123
data_somatic/HG008/Liss_lab/analysis/NIST_HG008-T_somatic-stvar_DraftBenchmark_V0.2-20250110/GRCh38_HG008-T-V0.2_somatic-stvar_PASS.draftbenchmark.vcf.gz.tbi	5269
data_somatic/HG008/Liss_lab/analysis/NIST_HG008-T_somatic-stvar_DraftBenchmark_V0.2-20250110/README.md	19956
data_somatic/HG008/Liss_lab/analysis/NIST_HG008-T_somatic-stvar_DraftBenchmark_V0.2-20250110/checksums.md5	703
data_somatic/HG008/Liss_lab/analysis/NIST_HG008-T_somatic-stvar_DraftBenchmark_V0.3-20250220/GRCh38_HG008-T-V0.3_somatic-stvar.draftbenchmark.bed	18374
data_somatic/HG008/Liss_lab/analysis/NIST_HG008-T_somatic-stvar_DraftBenchmark_V0.3-20250220/GRCh38_HG008-T-V0.3_somatic-stvar_ALL.draftbenchmark.vcf.gz	10816
data_somatic/HG008/Liss_lab/analysis/NIST_HG008-T_somatic-stvar_DraftBenchmark_V0.3-20250220/GRCh38_HG008-T-V0.3_somatic-stvar_ALL.draftbenchmark.vcf.gz.tbi	6332
data_somatic/HG008/Liss_lab/analysis/NIST_HG008-T_somatic-stvar_DraftBenchmark_V0.3-20250220/GRCh38_HG008-T-V0.3_somatic-stvar_PASS.draftbenchmark.vcf.gz	8035
data_somatic/HG008/Liss_lab/analysis/NIST_HG008-T_somatic-stvar_DraftBenchmark_V0.3-20250220/GRCh38_HG008-T-V0.3_somatic-stvar_PASS.draftbenchmark.vcf.gz.tbi	5311
data_somatic/HG008/Liss_lab/analysis/NIST_HG008-T_somatic-stvar_DraftBenchmark_V0.3-20250220/README.md	26477
data_somatic/HG008/Liss_lab/analysis/NIST_HG008-T_somatic-stvar_DraftBenchmark_V0.3-20250220/checksums.txt	473
data_somatic/HG008/Liss_lab/analysis/NYGC-somatic-pipeline_20240412/GRCh37/GRCh37_NYGC-somatic-pipeline-manifest.csv	31929
data_somatic/HG008/Liss_lab/analysis/NYGC-somatic-pipeline_20240412/GRCh37/GRCh37_hs37d5.v7.report.html	6484194
data_somatic/HG008/Liss_lab/analysis/NYGC-somatic-pipeline_20240412/GRCh37/HG008-N.autocorroutput.1.100.txt	12
data_somatic/HG008/Liss_lab/analysis/NYGC-somatic-pipeline_20240412/GRCh37/HG008-N.binest.coverage.png	176937
data_somatic/HG008/Liss_lab/analysis/NYGC-somatic-pipeline_20240412/GRCh37/HG008-N.binest.coverage.txt	8453308
data_somatic/HG008/Liss_lab/analysis/NYGC-somatic-pipeline_20240412/GRCh37/HG008-N.binest.sex.txt	111
data_somatic/HG008/Liss_lab/analysis/NYGC-somatic-pipeline_20240412/GRCh37/HG008-N.contamination.table	77
data_somatic/HG008/Liss_lab/analysis/NYGC-somatic-pipeline_20240412/GRCh37/HG008-T--HG008-N.bicseq2.png	21332
data_somatic/HG008/Liss_lab/analysis/NYGC-somatic-pipeline_20240412/GRCh37/HG008-T--HG008-N.bicseq2.txt	23986
data_somatic/HG008/Liss_lab/analysis/NYGC-somatic-pipeline_20240412/GRCh37/HG008-T--HG008-N.indel.strelka2.vcf.gz	17056364
data_somatic/HG008/Liss_lab/analysis/NYGC-somatic-pipeline_20240412/GRCh37/HG008-T--HG008-N.indel.strelka2.vcf.gz.tbi	733066
data_somatic/HG008/Liss_lab/analysis/NYGC-somatic-pipeline_20240412/GRCh37/HG008-T--HG008-N.lancet.vcf.gz	16578635
data_somatic/HG008/Liss_lab/analysis/NYGC-somatic-pipeline_20240412/GRCh37/HG008-T--HG008-N.lancet.vcf.gz.tbi	546354
data_somatic/HG008/Liss_lab/analysis/NYGC-somatic-pipeline_20240412/GRCh37/HG008-T--HG008-N.manta.filtered.vcf.gz	16554
data_somatic/HG008/Liss_lab/analysis/NYGC-somatic-pipeline_20240412/GRCh37/HG008-T--HG008-N.manta.filtered.vcf.gz.tbi	5961
data_somatic/HG008/Liss_lab/analysis/NYGC-somatic-pipeline_20240412/GRCh37/HG008-T--HG008-N.manta.vcf.gz	21179
data_somatic/HG008/Liss_lab/analysis/NYGC-somatic-pipeline_20240412/GRCh37/HG008-T--HG008-N.manta.vcf.gz.tbi	6939
data_somatic/HG008/Liss_lab/analysis/NYGC-somatic-pipeline_20240412/GRCh37/HG008-T--HG008-N.merged.v7.vcf.gz	4020354
data_somatic/HG008/Liss_lab/analysis/NYGC-somatic-pipeline_20240412/GRCh37/HG008-T--HG008-N.merged.v7.vcf.gz.tbi	196205
data_somatic/HG008/Liss_lab/analysis/NYGC-somatic-pipeline_20240412/GRCh37/HG008-T--HG008-N.mutect2.vcf.gz	11615868
data_somatic/HG008/Liss_lab/analysis/NYGC-somatic-pipeline_20240412/GRCh37/HG008-T--HG008-N.mutect2.vcf.gz.tbi	497932
data_somatic/HG008/Liss_lab/analysis/NYGC-somatic-pipeline_20240412/GRCh37/HG008-T--HG008-N.snv.indel.final.v7.annotated.vcf.gz	6400759
data_somatic/HG008/Liss_lab/analysis/NYGC-somatic-pipeline_20240412/GRCh37/HG008-T--HG008-N.snv.indel.final.v7.annotated.vcf.gz.tbi	196844
data_somatic/HG008/Liss_lab/analysis/NYGC-somatic-pipeline_20240412/GRCh37/HG008-T--HG008-N.snv.indel.high_confidence.v7.annotated.vcf.gz	3220710
data_somatic/HG008/Liss_lab/analysis/NYGC-somatic-pipeline_20240412/GRCh37/HG008-T--HG008-N.snv.indel.high_confidence.v7.annotated.vcf.gz.tbi	135284
data_somatic/HG008/Liss_lab/analysis/NYGC-somatic-pipeline_20240412/GRCh37/HG008-T--HG008-N.snv.strelka2.vcf.gz	59184655
data_somatic/HG008/Liss_lab/analysis/NYGC-somatic-pipeline_20240412/GRCh37/HG008-T--HG008-N.snv.strelka2.vcf.gz.tbi	1271276
data_somatic/HG008/Liss_lab/analysis/NYGC-somatic-pipeline_20240412/GRCh37/HG008-T--HG008-N.sv.gridss.vcf.gz	76009
data_somatic/HG008/Liss_lab/analysis/NYGC-somatic-pipeline_20240412/GRCh37/HG008-T--HG008-N.sv.gridss.vcf.gz.tbi	19717
data_somatic/HG008/Liss_lab/analysis/NYGC-somatic-pipeline_20240412/GRCh37/HG008-T.autocorroutput.1.100.txt	11
data_somatic/HG008/Liss_lab/analysis/NYGC-somatic-pipeline_20240412/GRCh37/HG008-T.binest.coverage.png	222011
data_somatic/HG008/Liss_lab/analysis/NYGC-somatic-pipeline_20240412/GRCh37/HG008-T.binest.coverage.txt	8448770
data_somatic/HG008/Liss_lab/analysis/NYGC-somatic-pipeline_20240412/GRCh37/HG008-T.binest.sex.txt	112
data_somatic/HG008/Liss_lab/analysis/NYGC-somatic-pipeline_20240412/GRCh37/HG008-T.contamination.table	77
data_somatic/HG008/Liss_lab/analysis/NYGC-somatic-pipeline_20240412/GRCh37/NYGC-somatic-pipeline-archived-GRCh37.tar.gz	134526810
data_somatic/HG008/Liss_lab/analysis/NYGC-somatic-pipeline_20240412/GRCh37/checksums.md5	2468
data_somatic/HG008/Liss_lab/analysis/NYGC-somatic-pipeline_20240412/GRCh38-GIABv3/GRCh38-GIABv3_NYGC-somatic-pipeline-manifest.csv	16354
data_somatic/HG008/Liss_lab/analysis/NYGC-somatic-pipeline_20240412/GRCh38-GIABv3/GRCh38_GIABv3_no_altToHuman_GRCh38_hla.v7.report.html	8535009
data_somatic/HG008/Liss_lab/analysis/NYGC-somatic-pipeline_20240412/GRCh38-GIABv3/HG008-N.haplotypecaller.gatk.annotated.unfiltered.vcf.gz	1603310244
data_somatic/HG008/Liss_lab/analysis/NYGC-somatic-pipeline_20240412/GRCh38-GIABv3/HG008-N.haplotypecaller.gatk.annotated.unfiltered.vcf.gz.tbi	1994445
data_somatic/HG008/Liss_lab/analysis/NYGC-somatic-pipeline_20240412/GRCh38-GIABv3/HG008-N.haplotypecaller.gatk.annotated.vcf.gz	238303612
data_somatic/HG008/Liss_lab/analysis/NYGC-somatic-pipeline_20240412/GRCh38-GIABv3/HG008-N.haplotypecaller.gatk.annotated.vcf.gz.tbi	1486346
data_somatic/HG008/Liss_lab/analysis/NYGC-somatic-pipeline_20240412/GRCh38-GIABv3/HG008-N.kourami.result	543
data_somatic/HG008/Liss_lab/analysis/NYGC-somatic-pipeline_20240412/GRCh38-GIABv3/HG008-N_continental.qopt	57
data_somatic/HG008/Liss_lab/analysis/NYGC-somatic-pipeline_20240412/GRCh38-GIABv3/HG008-Npopulation.qopt	255
data_somatic/HG008/Liss_lab/analysis/NYGC-somatic-pipeline_20240412/GRCh38-GIABv3/HG008-T--HG008-N.bicseq2.png	20334
data_somatic/HG008/Liss_lab/analysis/NYGC-somatic-pipeline_20240412/GRCh38-GIABv3/HG008-T--HG008-N.bicseq2.txt	19602
data_somatic/HG008/Liss_lab/analysis/NYGC-somatic-pipeline_20240412/GRCh38-GIABv3/HG008-T--HG008-N.cnv.annotated.v7.final.bed	36428
data_somatic/HG008/Liss_lab/analysis/NYGC-somatic-pipeline_20240412/GRCh38-GIABv3/HG008-T--HG008-N.cnv.annotated.v7.supplemental.bed	542077
data_somatic/HG008/Liss_lab/analysis/NYGC-somatic-pipeline_20240412/GRCh38-GIABv3/HG008-T--HG008-N.cosmic.v3.2.deconstructSigs.signatures.highconfidence.counts.txt	1049
data_somatic/HG008/Liss_lab/analysis/NYGC-somatic-pipeline_20240412/GRCh38-GIABv3/HG008-T--HG008-N.cosmic.v3.2.deconstructSigs.signatures.highconfidence.reconstructed.txt	2673
data_somatic/HG008/Liss_lab/analysis/NYGC-somatic-pipeline_20240412/GRCh38-GIABv3/HG008-T--HG008-N.indel.strelka2.vcf.gz	17335954
data_somatic/HG008/Liss_lab/analysis/NYGC-somatic-pipeline_20240412/GRCh38-GIABv3/HG008-T--HG008-N.indel.strelka2.vcf.gz.tbi	743332
data_somatic/HG008/Liss_lab/analysis/NYGC-somatic-pipeline_20240412/GRCh38-GIABv3/HG008-T--HG008-N.lancet.vcf.gz	17900363
data_somatic/HG008/Liss_lab/analysis/NYGC-somatic-pipeline_20240412/GRCh38-GIABv3/HG008-T--HG008-N.lancet.vcf.gz.tbi	589870
data_somatic/HG008/Liss_lab/analysis/NYGC-somatic-pipeline_20240412/GRCh38-GIABv3/HG008-T--HG008-N.manta.filtered.vcf.gz	19804
data_somatic/HG008/Liss_lab/analysis/NYGC-somatic-pipeline_20240412/GRCh38-GIABv3/HG008-T--HG008-N.manta.filtered.vcf.gz.tbi	6113
data_somatic/HG008/Liss_lab/analysis/NYGC-somatic-pipeline_20240412/GRCh38-GIABv3/HG008-T--HG008-N.mantis.WGS-targeted.status.final.tsv	49
data_somatic/HG008/Liss_lab/analysis/NYGC-somatic-pipeline_20240412/GRCh38-GIABv3/HG008-T--HG008-N.mutect2.vcf.gz	24374691
data_somatic/HG008/Liss_lab/analysis/NYGC-somatic-pipeline_20240412/GRCh38-GIABv3/HG008-T--HG008-N.mutect2.vcf.gz.tbi	550439
data_somatic/HG008/Liss_lab/analysis/NYGC-somatic-pipeline_20240412/GRCh38-GIABv3/HG008-T--HG008-N.snv.indel.final.v7.annotated.vcf.gz	562745
data_somatic/HG008/Liss_lab/analysis/NYGC-somatic-pipeline_20240412/GRCh38-GIABv3/HG008-T--HG008-N.snv.indel.final.v7.annotated.vcf.gz.tbi	138317
data_somatic/HG008/Liss_lab/analysis/NYGC-somatic-pipeline_20240412/GRCh38-GIABv3/HG008-T--HG008-N.snv.indel.high_confidence.v7.annotated.vcf.gz	408246
data_somatic/HG008/Liss_lab/analysis/NYGC-somatic-pipeline_20240412/GRCh38-GIABv3/HG008-T--HG008-N.snv.indel.high_confidence.v7.annotated.vcf.gz.tbi	120008
data_somatic/HG008/Liss_lab/analysis/NYGC-somatic-pipeline_20240412/GRCh38-GIABv3/HG008-T--HG008-N.snv.indel.supplemental.v7.annotated.vcf.gz	7391186
data_somatic/HG008/Liss_lab/analysis/NYGC-somatic-pipeline_20240412/GRCh38-GIABv3/HG008-T--HG008-N.snv.indel.supplemental.v7.annotated.vcf.gz.tbi	201304
data_somatic/HG008/Liss_lab/analysis/NYGC-somatic-pipeline_20240412/GRCh38-GIABv3/HG008-T--HG008-N.snv.strelka2.vcf.gz	60813070
data_somatic/HG008/Liss_lab/analysis/NYGC-somatic-pipeline_20240412/GRCh38-GIABv3/HG008-T--HG008-N.snv.strelka2.vcf.gz.tbi	1259434
data_somatic/HG008/Liss_lab/analysis/NYGC-somatic-pipeline_20240412/GRCh38-GIABv3/HG008-T--HG008-N.sv.annotated.v7.somatic.final.bedpe	40848
data_somatic/HG008/Liss_lab/analysis/NYGC-somatic-pipeline_20240412/GRCh38-GIABv3/HG008-T--HG008-N.sv.annotated.v7.somatic.high_confidence.final.bedpe	34272
data_somatic/HG008/Liss_lab/analysis/NYGC-somatic-pipeline_20240412/GRCh38-GIABv3/HG008-T--HG008-N.sv.annotated.v7.somatic.high_confidence.supplemental.bedpe	48671
data_somatic/HG008/Liss_lab/analysis/NYGC-somatic-pipeline_20240412/GRCh38-GIABv3/HG008-T--HG008-N.sv.annotated.v7.somatic.supplemental.bedpe	127985
data_somatic/HG008/Liss_lab/analysis/NYGC-somatic-pipeline_20240412/GRCh38-GIABv3/HG008-T--HG008-N.sv.gridss.vcf.gz	74146
data_somatic/HG008/Liss_lab/analysis/NYGC-somatic-pipeline_20240412/GRCh38-GIABv3/HG008-T--HG008-N.sv.gridss.vcf.gz.tbi	19682
data_somatic/HG008/Liss_lab/analysis/NYGC-somatic-pipeline_20240412/GRCh38-GIABv3/NYGC-somatic-pipeline-archived-GRCh38-GIABv3.tar.gz	45390912
data_somatic/HG008/Liss_lab/analysis/NYGC-somatic-pipeline_20240412/GRCh38-GIABv3/checksums.md5	3214
data_somatic/HG008/Liss_lab/analysis/NYGC-somatic-pipeline_20240412/README_NYGC.md	7218
data_somatic/HG008/Liss_lab/analysis/NYGC_ILMN_Lancet2_20241016/HG008-T__vs__HG008-N-D.Lancet2.ml_scores.PASS.vcf.gz	1047964
data_somatic/HG008/Liss_lab/analysis/NYGC_ILMN_Lancet2_20241016/HG008-T__vs__HG008-N-D.Lancet2.ml_scores.PASS.vcf.gz.tbi	137533
data_somatic/HG008/Liss_lab/analysis/NYGC_ILMN_Lancet2_20241016/HG008-T__vs__HG008-N-D.Lancet2.ml_scores.vcf.gz	971683882
data_somatic/HG008/Liss_lab/analysis/NYGC_ILMN_Lancet2_20241016/HG008-T__vs__HG008-N-D.Lancet2.ml_scores.vcf.gz.tbi	1957281
data_somatic/HG008/Liss_lab/analysis/NYGC_ILMN_Lancet2_20241016/HG008-T__vs__HG008-N-P.Lancet2.ml_scores.PASS.vcf.gz	961620
data_somatic/HG008/Liss_lab/analysis/NYGC_ILMN_Lancet2_20241016/HG008-T__vs__HG008-N-P.Lancet2.ml_scores.PASS.vcf.gz.tbi	134074
data_somatic/HG008/Liss_lab/analysis/NYGC_ILMN_Lancet2_20241016/HG008-T__vs__HG008-N-P.Lancet2.ml_scores.vcf.gz	1290189545
data_somatic/HG008/Liss_lab/analysis/NYGC_ILMN_Lancet2_20241016/HG008-T__vs__HG008-N-P.Lancet2.ml_scores.vcf.gz.tbi	2115743
data_somatic/HG008/Liss_lab/analysis/NYGC_ILMN_Lancet2_20241016/README_NYGC_ILMN_Lancet2_20241016.md	7430
data_somatic/HG008/Liss_lab/analysis/NYGC_ILMN_Lancet2_20241016/checksums.md5	708
data_somatic/HG008/Liss_lab/analysis/PacBio_Revio_20240125/pacbio-wgs-wdl_germline_20240206/Additional_files_WDL_CHM13v2.0.tar.gz	2353
data_somatic/HG008/Liss_lab/analysis/PacBio_Revio_20240125/pacbio-wgs-wdl_germline_20240206/Additional_files_WDL_GRCh37.tar.gz	2248
data_somatic/HG008/Liss_lab/analysis/PacBio_Revio_20240125/pacbio-wgs-wdl_germline_20240206/Additional_files_WDL_GRCh38-GIABv3.tar.gz	2313
data_somatic/HG008/Liss_lab/analysis/PacBio_Revio_20240125/pacbio-wgs-wdl_germline_20240206/HG008-N-P.CHM13.combined.bw	875619739
data_somatic/HG008/Liss_lab/analysis/PacBio_Revio_20240125/pacbio-wgs-wdl_germline_20240206/HG008-N-P.CHM13.deepvariant.g.vcf.gz	619525212
data_somatic/HG008/Liss_lab/analysis/PacBio_Revio_20240125/pacbio-wgs-wdl_germline_20240206/HG008-N-P.CHM13.deepvariant.g.vcf.gz.tbi	708093
data_somatic/HG008/Liss_lab/analysis/PacBio_Revio_20240125/pacbio-wgs-wdl_germline_20240206/HG008-N-P.CHM13.deepvariant.phased.vcf.gz	173158968
data_somatic/HG008/Liss_lab/analysis/PacBio_Revio_20240125/pacbio-wgs-wdl_germline_20240206/HG008-N-P.CHM13.deepvariant.phased.vcf.gz.tbi	1700598
data_somatic/HG008/Liss_lab/analysis/PacBio_Revio_20240125/pacbio-wgs-wdl_germline_20240206/HG008-N-P.CHM13.deepvariant.roh.bed	271073
data_somatic/HG008/Liss_lab/analysis/PacBio_Revio_20240125/pacbio-wgs-wdl_germline_20240206/HG008-N-P.CHM13.hap1.bw	729056295
data_somatic/HG008/Liss_lab/analysis/PacBio_Revio_20240125/pacbio-wgs-wdl_germline_20240206/HG008-N-P.CHM13.hap2.bw	728281787
data_somatic/HG008/Liss_lab/analysis/PacBio_Revio_20240125/pacbio-wgs-wdl_germline_20240206/HG008-N-P.CHM13.pbsv.phased.vcf.gz	4187101
data_somatic/HG008/Liss_lab/analysis/PacBio_Revio_20240125/pacbio-wgs-wdl_germline_20240206/HG008-N-P.CHM13.pbsv.phased.vcf.gz.tbi	353752
data_somatic/HG008/Liss_lab/analysis/PacBio_Revio_20240125/pacbio-wgs-wdl_germline_20240206/HG008-N-P.GRCh37.combined.bw	828142014
data_somatic/HG008/Liss_lab/analysis/PacBio_Revio_20240125/pacbio-wgs-wdl_germline_20240206/HG008-N-P.GRCh37.deepvariant.g.vcf.gz	450947938
data_somatic/HG008/Liss_lab/analysis/PacBio_Revio_20240125/pacbio-wgs-wdl_germline_20240206/HG008-N-P.GRCh37.deepvariant.g.vcf.gz.tbi	630195
data_somatic/HG008/Liss_lab/analysis/PacBio_Revio_20240125/pacbio-wgs-wdl_germline_20240206/HG008-N-P.GRCh37.deepvariant.phased.vcf.gz	113257950
data_somatic/HG008/Liss_lab/analysis/PacBio_Revio_20240125/pacbio-wgs-wdl_germline_20240206/HG008-N-P.GRCh37.deepvariant.phased.vcf.gz.tbi	1588423
data_somatic/HG008/Liss_lab/analysis/PacBio_Revio_20240125/pacbio-wgs-wdl_germline_20240206/HG008-N-P.GRCh37.deepvariant.roh.bed	246015
data_somatic/HG008/Liss_lab/analysis/PacBio_Revio_20240125/pacbio-wgs-wdl_germline_20240206/HG008-N-P.GRCh37.hap1.bw	710171665
data_somatic/HG008/Liss_lab/analysis/PacBio_Revio_20240125/pacbio-wgs-wdl_germline_20240206/HG008-N-P.GRCh37.hap2.bw	708439319
data_somatic/HG008/Liss_lab/analysis/PacBio_Revio_20240125/pacbio-wgs-wdl_germline_20240206/HG008-N-P.GRCh37.pbsv.phased.vcf.gz	4114335
data_somatic/HG008/Liss_lab/analysis/PacBio_Revio_20240125/pacbio-wgs-wdl_germline_20240206/HG008-N-P.GRCh37.pbsv.phased.vcf.gz.tbi	355500
data_somatic/HG008/Liss_lab/analysis/PacBio_Revio_20240125/pacbio-wgs-wdl_germline_20240206/HG008-N-P.GRCh38.combined.bw	838837166
data_somatic/HG008/Liss_lab/analysis/PacBio_Revio_20240125/pacbio-wgs-wdl_germline_20240206/HG008-N-P.GRCh38.deepvariant.g.vcf.gz	544581011
data_somatic/HG008/Liss_lab/analysis/PacBio_Revio_20240125/pacbio-wgs-wdl_germline_20240206/HG008-N-P.GRCh38.deepvariant.g.vcf.gz.tbi	663765
data_somatic/HG008/Liss_lab/analysis/PacBio_Revio_20240125/pacbio-wgs-wdl_germline_20240206/HG008-N-P.GRCh38.deepvariant.phased.vcf.gz	151950921
data_somatic/HG008/Liss_lab/analysis/PacBio_Revio_20240125/pacbio-wgs-wdl_germline_20240206/HG008-N-P.GRCh38.deepvariant.phased.vcf.gz.tbi	1635482
data_somatic/HG008/Liss_lab/analysis/PacBio_Revio_20240125/pacbio-wgs-wdl_germline_20240206/HG008-N-P.GRCh38.deepvariant.roh.bed	292181
data_somatic/HG008/Liss_lab/analysis/PacBio_Revio_20240125/pacbio-wgs-wdl_germline_20240206/HG008-N-P.GRCh38.hap1.bw	716561607
data_somatic/HG008/Liss_lab/analysis/PacBio_Revio_20240125/pacbio-wgs-wdl_germline_20240206/HG008-N-P.GRCh38.hap2.bw	714753598
data_somatic/HG008/Liss_lab/analysis/PacBio_Revio_20240125/pacbio-wgs-wdl_germline_20240206/HG008-N-P.GRCh38.pbsv.phased.vcf.gz	4323779
data_somatic/HG008/Liss_lab/analysis/PacBio_Revio_20240125/pacbio-wgs-wdl_germline_20240206/HG008-N-P.GRCh38.pbsv.phased.vcf.gz.tbi	372530
data_somatic/HG008/Liss_lab/analysis/PacBio_Revio_20240125/pacbio-wgs-wdl_germline_20240206/HG008-T.CHM13.combined.bw	866442267
data_somatic/HG008/Liss_lab/analysis/PacBio_Revio_20240125/pacbio-wgs-wdl_germline_20240206/HG008-T.CHM13.deepvariant.g.vcf.gz	398329603
data_somatic/HG008/Liss_lab/analysis/PacBio_Revio_20240125/pacbio-wgs-wdl_germline_20240206/HG008-T.CHM13.deepvariant.g.vcf.gz.tbi	633286
data_somatic/HG008/Liss_lab/analysis/PacBio_Revio_20240125/pacbio-wgs-wdl_germline_20240206/HG008-T.CHM13.deepvariant.phased.vcf.gz	170120796
data_somatic/HG008/Liss_lab/analysis/PacBio_Revio_20240125/pacbio-wgs-wdl_germline_20240206/HG008-T.CHM13.deepvariant.phased.vcf.gz.tbi	1691445
data_somatic/HG008/Liss_lab/analysis/PacBio_Revio_20240125/pacbio-wgs-wdl_germline_20240206/HG008-T.CHM13.deepvariant.roh.bed	196194
data_somatic/HG008/Liss_lab/analysis/PacBio_Revio_20240125/pacbio-wgs-wdl_germline_20240206/HG008-T.CHM13.hap1.bw	446772340
data_somatic/HG008/Liss_lab/analysis/PacBio_Revio_20240125/pacbio-wgs-wdl_germline_20240206/HG008-T.CHM13.hap2.bw	463000735
data_somatic/HG008/Liss_lab/analysis/PacBio_Revio_20240125/pacbio-wgs-wdl_germline_20240206/HG008-T.CHM13.pbsv.phased.vcf.gz	3899554
data_somatic/HG008/Liss_lab/analysis/PacBio_Revio_20240125/pacbio-wgs-wdl_germline_20240206/HG008-T.CHM13.pbsv.phased.vcf.gz.tbi	317679
data_somatic/HG008/Liss_lab/analysis/PacBio_Revio_20240125/pacbio-wgs-wdl_germline_20240206/HG008-T.GRCh37.combined.bw	811238333
data_somatic/HG008/Liss_lab/analysis/PacBio_Revio_20240125/pacbio-wgs-wdl_germline_20240206/HG008-T.GRCh37.deepvariant.g.vcf.gz	245488328
data_somatic/HG008/Liss_lab/analysis/PacBio_Revio_20240125/pacbio-wgs-wdl_germline_20240206/HG008-T.GRCh37.deepvariant.g.vcf.gz.tbi	564799
data_somatic/HG008/Liss_lab/analysis/PacBio_Revio_20240125/pacbio-wgs-wdl_germline_20240206/HG008-T.GRCh37.deepvariant.phased.vcf.gz	101611651
data_somatic/HG008/Liss_lab/analysis/PacBio_Revio_20240125/pacbio-wgs-wdl_germline_20240206/HG008-T.GRCh37.deepvariant.phased.vcf.gz.tbi	1581179
data_somatic/HG008/Liss_lab/analysis/PacBio_Revio_20240125/pacbio-wgs-wdl_germline_20240206/HG008-T.GRCh37.deepvariant.roh.bed	158135
data_somatic/HG008/Liss_lab/analysis/PacBio_Revio_20240125/pacbio-wgs-wdl_germline_20240206/HG008-T.GRCh37.hap1.bw	427360236
data_somatic/HG008/Liss_lab/analysis/PacBio_Revio_20240125/pacbio-wgs-wdl_germline_20240206/HG008-T.GRCh37.hap2.bw	442779889
data_somatic/HG008/Liss_lab/analysis/PacBio_Revio_20240125/pacbio-wgs-wdl_germline_20240206/HG008-T.GRCh37.pbsv.phased.vcf.gz	3858026
data_somatic/HG008/Liss_lab/analysis/PacBio_Revio_20240125/pacbio-wgs-wdl_germline_20240206/HG008-T.GRCh37.pbsv.phased.vcf.gz.tbi	322266
data_somatic/HG008/Liss_lab/analysis/PacBio_Revio_20240125/pacbio-wgs-wdl_germline_20240206/HG008-T.GRCh38.combined.bw	824694666
data_somatic/HG008/Liss_lab/analysis/PacBio_Revio_20240125/pacbio-wgs-wdl_germline_20240206/HG008-T.GRCh38.deepvariant.g.vcf.gz	341031635
data_somatic/HG008/Liss_lab/analysis/PacBio_Revio_20240125/pacbio-wgs-wdl_germline_20240206/HG008-T.GRCh38.deepvariant.g.vcf.gz.tbi	594814
data_somatic/HG008/Liss_lab/analysis/PacBio_Revio_20240125/pacbio-wgs-wdl_germline_20240206/HG008-T.GRCh38.deepvariant.phased.vcf.gz	146733997
data_somatic/HG008/Liss_lab/analysis/PacBio_Revio_20240125/pacbio-wgs-wdl_germline_20240206/HG008-T.GRCh38.deepvariant.phased.vcf.gz.tbi	1630888
data_somatic/HG008/Liss_lab/analysis/PacBio_Revio_20240125/pacbio-wgs-wdl_germline_20240206/HG008-T.GRCh38.deepvariant.roh.bed	196614
data_somatic/HG008/Liss_lab/analysis/PacBio_Revio_20240125/pacbio-wgs-wdl_germline_20240206/HG008-T.GRCh38.hap1.bw	433484375
data_somatic/HG008/Liss_lab/analysis/PacBio_Revio_20240125/pacbio-wgs-wdl_germline_20240206/HG008-T.GRCh38.hap2.bw	448814661
data_somatic/HG008/Liss_lab/analysis/PacBio_Revio_20240125/pacbio-wgs-wdl_germline_20240206/HG008-T.GRCh38.pbsv.phased.vcf.gz	4068746
data_somatic/HG008/Liss_lab/analysis/PacBio_Revio_20240125/pacbio-wgs-wdl_germline_20240206/HG008-T.GRCh38.pbsv.phased.vcf.gz.tbi	336551
data_somatic/HG008/Liss_lab/analysis/PacBio_Revio_20240125/pacbio-wgs-wdl_germline_20240206/README_PacBio_Revio_analysis.md	6709
data_somatic/HG008/Liss_lab/analysis/PacBio_Revio_20240125/pacbio-wgs-wdl_germline_20240206/checksums.md5	4463
data_somatic/HG008/Liss_lab/analysis/UCSC_HiFi_DeepSomatic-SNV-INDEL_20240308/.DS_Store	6148
data_somatic/HG008/Liss_lab/analysis/UCSC_HiFi_DeepSomatic-SNV-INDEL_20240308/0201_HG008_HiFi_DeepSomatic_v1.6.0_model354.vcf.gz	108409076
data_somatic/HG008/Liss_lab/analysis/UCSC_HiFi_DeepSomatic-SNV-INDEL_20240308/0201_HG008_HiFi_DeepSomatic_v1.6.0_model354.vcf.gz.tbi	1611435
data_somatic/HG008/Liss_lab/analysis/UCSC_HiFi_DeepSomatic-SNV-INDEL_20240308/0201_HG008_HiFi_DeepSomatic_v1.6.0_model354_somaticOnly.vcf.gz	270302
data_somatic/HG008/Liss_lab/analysis/UCSC_HiFi_DeepSomatic-SNV-INDEL_20240308/0201_HG008_HiFi_DeepSomatic_v1.6.0_model354_somaticOnly.vcf.gz.tbi	121461
data_somatic/HG008/Liss_lab/analysis/UCSC_HiFi_DeepSomatic-SNV-INDEL_20240308/README_UCSC_DeepSomatic.md	7601
data_somatic/HG008/Liss_lab/analysis/UCSC_HiFi_DeepSomatic-SNV-INDEL_20240308/checksums.md5	368
data_somatic/HG008/Liss_lab/analysis/Ultima-ppmSeq-SNV_20241028/1000000_HG008.featuremap_df.parquet	336561994
data_somatic/HG008/Liss_lab/analysis/Ultima-ppmSeq-SNV_20241028/1000000_HG008.featuremap_with_qual.vcf.gz	16337561580
data_somatic/HG008/Liss_lab/analysis/Ultima-ppmSeq-SNV_20241028/1000000_HG008.featuremap_with_qual.vcf.gz.tbi	2642792
data_somatic/HG008/Liss_lab/analysis/Ultima-ppmSeq-SNV_20241028/1000000_HG008.pileup.vcf.gz	11890562075
data_somatic/HG008/Liss_lab/analysis/Ultima-ppmSeq-SNV_20241028/1000000_HG008.pileup.vcf.gz.tbi	2627800
data_somatic/HG008/Liss_lab/analysis/Ultima-ppmSeq-SNV_20241028/HG008_ND.featuremap_df.parquet	334100630
data_somatic/HG008/Liss_lab/analysis/Ultima-ppmSeq-SNV_20241028/HG008_ND.featuremap_with_qual.vcf.gz	24241841173
data_somatic/HG008/Liss_lab/analysis/Ultima-ppmSeq-SNV_20241028/HG008_ND.featuremap_with_qual.vcf.gz.tbi	2679580
data_somatic/HG008/Liss_lab/analysis/Ultima-ppmSeq-SNV_20241028/HG008_ND.pileup.vcf.gz	17807523963
data_somatic/HG008/Liss_lab/analysis/Ultima-ppmSeq-SNV_20241028/HG008_ND.pileup.vcf.gz.tbi	2686071
data_somatic/HG008/Liss_lab/analysis/Ultima-ppmSeq-SNV_20241028/README_ppmSeq-SNV_20241028.md	7453
data_somatic/HG008/Liss_lab/analysis/Ultima-ppmSeq-SNV_20241028/checksums.md5	683
data_somatic/HG008/Liss_lab/analysis/Ultima_DeepVariant-somatic-SNV-INDEL_20240822/HG008_edv_AF_recalibration.result.PASS.vcf.gz	2384273
data_somatic/HG008/Liss_lab/analysis/Ultima_DeepVariant-somatic-SNV-INDEL_20240822/HG008_edv_AF_recalibration.result.PASS.vcf.gz.tbi	140680
data_somatic/HG008/Liss_lab/analysis/Ultima_DeepVariant-somatic-SNV-INDEL_20240822/README_Ultima_DeepVariant-somatic.md	5645
data_somatic/HG008/Liss_lab/analysis/Ultima_DeepVariant-somatic-SNV-INDEL_20240822/checksums.md5	162
data_somatic/HG008/Liss_lab/analysis/Verkko_assemblies_05162024/HG008N_hifi_hic_ONTstd_verkko_v2.1/5-untip/unitig-unrolled-unitig-unrolled-popped-unitig-normal-connected-tip.gfa	3896565799
data_somatic/HG008/Liss_lab/analysis/Verkko_assemblies_05162024/HG008N_hifi_hic_ONTstd_verkko_v2.1/5-untip/unitig-unrolled-unitig-unrolled-popped-unitig-normal-connected-tip.hifi-coverage.csv	1076184
data_somatic/HG008/Liss_lab/analysis/Verkko_assemblies_05162024/HG008N_hifi_hic_ONTstd_verkko_v2.1/5-untip/unitig-unrolled-unitig-unrolled-popped-unitig-normal-connected-tip.ont-coverage.csv	1066417
data_somatic/HG008/Liss_lab/analysis/Verkko_assemblies_05162024/HG008N_hifi_hic_ONTstd_verkko_v2.1/7-consensus/ont_subset.id	34669
data_somatic/HG008/Liss_lab/analysis/Verkko_assemblies_05162024/HG008N_hifi_hic_ONTstd_verkko_v2.1/assembly.colors.csv	460440
data_somatic/HG008/Liss_lab/analysis/Verkko_assemblies_05162024/HG008N_hifi_hic_ONTstd_verkko_v2.1/assembly.disconnected.fasta	3266968
data_somatic/HG008/Liss_lab/analysis/Verkko_assemblies_05162024/HG008N_hifi_hic_ONTstd_verkko_v2.1/assembly.fasta	6073390217
data_somatic/HG008/Liss_lab/analysis/Verkko_assemblies_05162024/HG008N_hifi_hic_ONTstd_verkko_v2.1/assembly.haplotype1.fasta	2993844605
data_somatic/HG008/Liss_lab/analysis/Verkko_assemblies_05162024/HG008N_hifi_hic_ONTstd_verkko_v2.1/assembly.haplotype1.fasta.fai	31394
data_somatic/HG008/Liss_lab/analysis/Verkko_assemblies_05162024/HG008N_hifi_hic_ONTstd_verkko_v2.1/assembly.haplotype2.fasta	2977493252
data_somatic/HG008/Liss_lab/analysis/Verkko_assemblies_05162024/HG008N_hifi_hic_ONTstd_verkko_v2.1/assembly.haplotype2.fasta.fai	42509
data_somatic/HG008/Liss_lab/analysis/Verkko_assemblies_05162024/HG008N_hifi_hic_ONTstd_verkko_v2.1/assembly.homopolymer-compressed.layout	409665643
data_somatic/HG008/Liss_lab/analysis/Verkko_assemblies_05162024/HG008N_hifi_hic_ONTstd_verkko_v2.1/assembly.homopolymer-compressed.noseq.gfa	6512562
data_somatic/HG008/Liss_lab/analysis/Verkko_assemblies_05162024/HG008N_hifi_hic_ONTstd_verkko_v2.1/assembly.paths.tsv	894499
data_somatic/HG008/Liss_lab/analysis/Verkko_assemblies_05162024/HG008N_hifi_hic_ONTstd_verkko_v2.1/assembly.scfmap	231684
data_somatic/HG008/Liss_lab/analysis/Verkko_assemblies_05162024/HG008N_hifi_hic_ONTstd_verkko_v2.1/assembly.unassigned.fasta	102052360
data_somatic/HG008/Liss_lab/analysis/Verkko_assemblies_05162024/HG008N_hifi_hic_ONTstd_verkko_v2.1/assembly.unassigned.fasta.fai	77791
data_somatic/HG008/Liss_lab/analysis/Verkko_assemblies_05162024/HG008N_hifi_hic_ONTstd_verkko_v2.1/checksum.md5	1215
data_somatic/HG008/Liss_lab/analysis/Verkko_assemblies_05162024/HG008N_hifi_plus_hic_verkko_v2.0/HG008N.haplotype1.fasta	2932233616
data_somatic/HG008/Liss_lab/analysis/Verkko_assemblies_05162024/HG008N_hifi_plus_hic_verkko_v2.0/HG008N.haplotype1.fasta.fai	110384
data_somatic/HG008/Liss_lab/analysis/Verkko_assemblies_05162024/HG008N_hifi_plus_hic_verkko_v2.0/HG008N.haplotype2.fasta	2946131693
data_somatic/HG008/Liss_lab/analysis/Verkko_assemblies_05162024/HG008N_hifi_plus_hic_verkko_v2.0/HG008N.haplotype2.fasta.fai	99301
data_somatic/HG008/Liss_lab/analysis/Verkko_assemblies_05162024/HG008N_hifi_plus_hic_verkko_v2.0/HG008N.homopolymer-compressed.noseq.gfa	9649116
data_somatic/HG008/Liss_lab/analysis/Verkko_assemblies_05162024/HG008N_hifi_plus_hic_verkko_v2.0/HG008N.unassigned.fasta	268259461
data_somatic/HG008/Liss_lab/analysis/Verkko_assemblies_05162024/HG008N_hifi_plus_hic_verkko_v2.0/HG008N.unassigned.fasta.fai	202955
data_somatic/HG008/Liss_lab/analysis/Verkko_assemblies_05162024/HG008N_hifi_plus_hic_verkko_v2.0/README	448
data_somatic/HG008/Liss_lab/analysis/Verkko_assemblies_05162024/HG008N_hifi_plus_hic_verkko_v2.0/checksum.md5	475
data_somatic/HG008/Liss_lab/analysis/Verkko_assemblies_05162024/HG008T/HG008T_verkko_v2.0/HG008T.haplotype1.fasta	2262614074
data_somatic/HG008/Liss_lab/analysis/Verkko_assemblies_05162024/HG008T/HG008T_verkko_v2.0/HG008T.haplotype1.fasta.fai	1898
data_somatic/HG008/Liss_lab/analysis/Verkko_assemblies_05162024/HG008T/HG008T_verkko_v2.0/HG008T.haplotype2.fasta	1971777587
data_somatic/HG008/Liss_lab/analysis/Verkko_assemblies_05162024/HG008T/HG008T_verkko_v2.0/HG008T.haplotype2.fasta.fai	5336
data_somatic/HG008/Liss_lab/analysis/Verkko_assemblies_05162024/HG008T/HG008T_verkko_v2.0/HG008T.homopolymer-compressed.noseq.gfa	226001
data_somatic/HG008/Liss_lab/analysis/Verkko_assemblies_05162024/HG008T/HG008T_verkko_v2.0/HG008T.unassigned.fasta	386883510
data_somatic/HG008/Liss_lab/analysis/Verkko_assemblies_05162024/HG008T/HG008T_verkko_v2.0/HG008T.unassigned.fasta.fai	19815
data_somatic/HG008/Liss_lab/analysis/Verkko_assemblies_05162024/HG008T/HG008T_verkko_v2.0/README	784
data_somatic/HG008/Liss_lab/analysis/Verkko_assemblies_05162024/HG008T/HG008T_verkko_v2.0/assembly.colors.csv	18626
data_somatic/HG008/Liss_lab/analysis/Verkko_assemblies_05162024/HG008T/HG008T_verkko_v2.0/assembly.disconnected.fasta	1701850
data_somatic/HG008/Liss_lab/analysis/Verkko_assemblies_05162024/HG008T/HG008T_verkko_v2.0/assembly.fasta	4621275171
data_somatic/HG008/Liss_lab/analysis/Verkko_assemblies_05162024/HG008T/HG008T_verkko_v2.0/assembly.homopolymer-compressed.layout	836119684
data_somatic/HG008/Liss_lab/analysis/Verkko_assemblies_05162024/HG008T/HG008T_verkko_v2.0/assembly.homopolymer-compressed.noseq.gfa	226001
data_somatic/HG008/Liss_lab/analysis/Verkko_assemblies_05162024/HG008T/HG008T_verkko_v2.0/assembly.paths.tsv	43370
data_somatic/HG008/Liss_lab/analysis/Verkko_assemblies_05162024/HG008T/HG008T_verkko_v2.0/assembly.scfmap	41689
data_somatic/HG008/Liss_lab/analysis/Verkko_assemblies_05162024/HG008T/HG008T_verkko_v2.0/checksum.md5	863
data_somatic/HG008/Liss_lab/analysis/Verkko_assemblies_05162024/HG008T/HG008T_verkko_v2.1/5-untip/unitig-unrolled-unitig-unrolled-popped-unitig-normal-connected-tip.gfa	3204994817
data_somatic/HG008/Liss_lab/analysis/Verkko_assemblies_05162024/HG008T/HG008T_verkko_v2.1/5-untip/unitig-unrolled-unitig-unrolled-popped-unitig-normal-connected-tip.hifi-coverage.csv	36965
data_somatic/HG008/Liss_lab/analysis/Verkko_assemblies_05162024/HG008T/HG008T_verkko_v2.1/5-untip/unitig-unrolled-unitig-unrolled-popped-unitig-normal-connected-tip.ont-coverage.csv	36707
data_somatic/HG008/Liss_lab/analysis/Verkko_assemblies_05162024/HG008T/HG008T_verkko_v2.1/7-consensus/ont_subset.id	23273
data_somatic/HG008/Liss_lab/analysis/Verkko_assemblies_05162024/HG008T/HG008T_verkko_v2.1/assembly.colors.csv	19876
data_somatic/HG008/Liss_lab/analysis/Verkko_assemblies_05162024/HG008T/HG008T_verkko_v2.1/assembly.disconnected.fasta	1702118
data_somatic/HG008/Liss_lab/analysis/Verkko_assemblies_05162024/HG008T/HG008T_verkko_v2.1/assembly.fasta	4624595247
data_somatic/HG008/Liss_lab/analysis/Verkko_assemblies_05162024/HG008T/HG008T_verkko_v2.1/assembly.haplotype1.fasta	2264949653
data_somatic/HG008/Liss_lab/analysis/Verkko_assemblies_05162024/HG008T/HG008T_verkko_v2.1/assembly.haplotype1.fasta.fai	1961
data_somatic/HG008/Liss_lab/analysis/Verkko_assemblies_05162024/HG008T/HG008T_verkko_v2.1/assembly.haplotype2.fasta	1935319554
data_somatic/HG008/Liss_lab/analysis/Verkko_assemblies_05162024/HG008T/HG008T_verkko_v2.1/assembly.haplotype2.fasta.fai	4254
data_somatic/HG008/Liss_lab/analysis/Verkko_assemblies_05162024/HG008T/HG008T_verkko_v2.1/assembly.hifi-coverage.csv	36965
data_somatic/HG008/Liss_lab/analysis/Verkko_assemblies_05162024/HG008T/HG008T_verkko_v2.1/assembly.homopolymer-compressed.gfa	3204994817
data_somatic/HG008/Liss_lab/analysis/Verkko_assemblies_05162024/HG008T/HG008T_verkko_v2.1/assembly.homopolymer-compressed.layout	837844269
data_somatic/HG008/Liss_lab/analysis/Verkko_assemblies_05162024/HG008T/HG008T_verkko_v2.1/assembly.homopolymer-compressed.noseq.gfa	226466
data_somatic/HG008/Liss_lab/analysis/Verkko_assemblies_05162024/HG008T/HG008T_verkko_v2.1/assembly.ont-coverage.csv	36707
data_somatic/HG008/Liss_lab/analysis/Verkko_assemblies_05162024/HG008T/HG008T_verkko_v2.1/assembly.paths.tsv	42253
data_somatic/HG008/Liss_lab/analysis/Verkko_assemblies_05162024/HG008T/HG008T_verkko_v2.1/assembly.scfmap	40447
data_somatic/HG008/Liss_lab/analysis/Verkko_assemblies_05162024/HG008T/HG008T_verkko_v2.1/assembly.unassigned.fasta	424326040
data_somatic/HG008/Liss_lab/analysis/Verkko_assemblies_05162024/HG008T/HG008T_verkko_v2.1/assembly.unassigned.fasta.fai	19845
data_somatic/HG008/Liss_lab/analysis/Verkko_assemblies_05162024/HG008T/HG008T_verkko_v2.1/checksum.md5	1406
data_somatic/HG008/Liss_lab/analysis/Verkko_assemblies_05162024/HG008T/HG008T_verkko_v2.2.1/BCMhifi_UL_ONTq26/8-hicPipeline/rukki.paths.gaf	106327
data_somatic/HG008/Liss_lab/analysis/Verkko_assemblies_05162024/HG008T/HG008T_verkko_v2.2.1/BCMhifi_UL_ONTq26/asm_chrated_JustinZ/assembly.haplotype1.fasta	1480382055
data_somatic/HG008/Liss_lab/analysis/Verkko_assemblies_05162024/HG008T/HG008T_verkko_v2.2.1/BCMhifi_UL_ONTq26/asm_chrated_JustinZ/assembly.haplotype2.fasta	3104133769
data_somatic/HG008/Liss_lab/analysis/Verkko_assemblies_05162024/HG008T/HG008T_verkko_v2.2.1/BCMhifi_UL_ONTq26/asm_chrated_JustinZ/assembly.hifi-coverage.csv	76816
data_somatic/HG008/Liss_lab/analysis/Verkko_assemblies_05162024/HG008T/HG008T_verkko_v2.2.1/BCMhifi_UL_ONTq26/asm_chrated_JustinZ/assembly.homopolymer-compressed.gfa	3253116880
data_somatic/HG008/Liss_lab/analysis/Verkko_assemblies_05162024/HG008T/HG008T_verkko_v2.2.1/BCMhifi_UL_ONTq26/asm_chrated_JustinZ/assembly.homopolymer-compressed.noseq.gfa	415042
data_somatic/HG008/Liss_lab/analysis/Verkko_assemblies_05162024/HG008T/HG008T_verkko_v2.2.1/BCMhifi_UL_ONTq26/asm_chrated_JustinZ/assembly.ont-coverage.csv	77558
data_somatic/HG008/Liss_lab/analysis/Verkko_assemblies_05162024/HG008T/HG008T_verkko_v2.2.1/BCMhifi_UL_ONTq26/asm_chrated_JustinZ/assembly.unassigned.fasta	87743586
data_somatic/HG008/Liss_lab/analysis/Verkko_assemblies_05162024/HG008T/HG008T_verkko_v2.2.1/BCMhifi_UL_ONTq26/assembly.haplotype1.fasta	1480394352
data_somatic/HG008/Liss_lab/analysis/Verkko_assemblies_05162024/HG008T/HG008T_verkko_v2.2.1/BCMhifi_UL_ONTq26/assembly.haplotype2.fasta	3103431343
data_somatic/HG008/Liss_lab/analysis/Verkko_assemblies_05162024/HG008T/HG008T_verkko_v2.2.1/BCMhifi_UL_ONTq26/assembly.hifi-coverage.csv	76816
data_somatic/HG008/Liss_lab/analysis/Verkko_assemblies_05162024/HG008T/HG008T_verkko_v2.2.1/BCMhifi_UL_ONTq26/assembly.homopolymer-compressed.gfa	3253116880
data_somatic/HG008/Liss_lab/analysis/Verkko_assemblies_05162024/HG008T/HG008T_verkko_v2.2.1/BCMhifi_UL_ONTq26/assembly.homopolymer-compressed.noseq.gfa	415042
data_somatic/HG008/Liss_lab/analysis/Verkko_assemblies_05162024/HG008T/HG008T_verkko_v2.2.1/BCMhifi_UL_ONTq26/assembly.ont-coverage.csv	77558
data_somatic/HG008/Liss_lab/analysis/Verkko_assemblies_05162024/HG008T/HG008T_verkko_v2.2.1/BCMhifi_UL_ONTq26/assembly.unassigned.fasta	87796378
data_somatic/HG008/Liss_lab/analysis/Verkko_assemblies_05162024/HG008T/HG008T_verkko_v2.2.1/BCMhifi_UL_ONTq26/md5sum.txt	326
data_somatic/HG008/Liss_lab/analysis/Verkko_assemblies_05162024/HG008T/HG008T_verkko_v2.2.1/PBhifi_UL_ONTq26/assembly.haplotype1.fasta	2479093924
data_somatic/HG008/Liss_lab/analysis/Verkko_assemblies_05162024/HG008T/HG008T_verkko_v2.2.1/PBhifi_UL_ONTq26/assembly.haplotype2.fasta	2126293506
data_somatic/HG008/Liss_lab/analysis/Verkko_assemblies_05162024/HG008T/HG008T_verkko_v2.2.1/PBhifi_UL_ONTq26/assembly.homopolymer-compressed.gfa	3217889158
data_somatic/HG008/Liss_lab/analysis/Verkko_assemblies_05162024/HG008T/HG008T_verkko_v2.2.1/PBhifi_UL_ONTq26/assembly.homopolymer-compressed.noseq.gfa	132425
data_somatic/HG008/Liss_lab/analysis/Verkko_assemblies_05162024/HG008T/HG008T_verkko_v2.2.1/PBhifi_UL_ONTq26/assembly.unassigned.fasta	26575864
data_somatic/HG008/Liss_lab/analysis/Verkko_assemblies_05162024/HG008T/HG008T_verkko_v2.2.1/PBhifi_UL_ONTq26/md5sum.txt	326
data_somatic/HG008/Liss_lab/analysis/Verkko_assemblies_05162024/HG008T/HG008T_verkko_v2.2.1_herro_corrected/PBhifi+20kbBCMhifi_UL_ONTq26_herro/8-hicPipeline/rukki.paths.gaf	26193
data_somatic/HG008/Liss_lab/analysis/Verkko_assemblies_05162024/HG008T/HG008T_verkko_v2.2.1_herro_corrected/PBhifi+20kbBCMhifi_UL_ONTq26_herro/assembly.colors.csv	8217
data_somatic/HG008/Liss_lab/analysis/Verkko_assemblies_05162024/HG008T/HG008T_verkko_v2.2.1_herro_corrected/PBhifi+20kbBCMhifi_UL_ONTq26_herro/assembly.haplotype1.fasta	1996670463
data_somatic/HG008/Liss_lab/analysis/Verkko_assemblies_05162024/HG008T/HG008T_verkko_v2.2.1_herro_corrected/PBhifi+20kbBCMhifi_UL_ONTq26_herro/assembly.haplotype2.fasta	2625188637
data_somatic/HG008/Liss_lab/analysis/Verkko_assemblies_05162024/HG008T/HG008T_verkko_v2.2.1_herro_corrected/PBhifi+20kbBCMhifi_UL_ONTq26_herro/assembly.hifi-coverage.csv	21128
data_somatic/HG008/Liss_lab/analysis/Verkko_assemblies_05162024/HG008T/HG008T_verkko_v2.2.1_herro_corrected/PBhifi+20kbBCMhifi_UL_ONTq26_herro/assembly.homopolymer-compressed.gfa	3220163427
data_somatic/HG008/Liss_lab/analysis/Verkko_assemblies_05162024/HG008T/HG008T_verkko_v2.2.1_herro_corrected/PBhifi+20kbBCMhifi_UL_ONTq26_herro/assembly.homopolymer-compressed.noseq.gfa	131497
data_somatic/HG008/Liss_lab/analysis/Verkko_assemblies_05162024/HG008T/HG008T_verkko_v2.2.1_herro_corrected/PBhifi+20kbBCMhifi_UL_ONTq26_herro/assembly.ont-coverage.csv	20975
data_somatic/HG008/Liss_lab/analysis/Verkko_assemblies_05162024/HG008T/HG008T_verkko_v2.2.1_herro_corrected/PBhifi+20kbBCMhifi_UL_ONTq26_herro/assembly.unassigned.fasta	34732039
data_somatic/HG008/Liss_lab/analysis/Verkko_assemblies_05162024/HG008T/HG008T_verkko_v2.2.1_herro_corrected/PBhifi+20kbBCMhifi_UL_ONTq26_herro/md5sum.txt	326
data_somatic/HG008/Liss_lab/analysis/Verkko_assemblies_05162024/HG008T/HG008T_verkko_v2.2.1_herro_corrected/PBhifi_UL_ONTq26_herro/8-hicPipeline/rukki.paths.gaf	25519
data_somatic/HG008/Liss_lab/analysis/Verkko_assemblies_05162024/HG008T/HG008T_verkko_v2.2.1_herro_corrected/PBhifi_UL_ONTq26_herro/assembly.colors.csv	8091
data_somatic/HG008/Liss_lab/analysis/Verkko_assemblies_05162024/HG008T/HG008T_verkko_v2.2.1_herro_corrected/PBhifi_UL_ONTq26_herro/assembly.haplotype1.fasta	2033703138
data_somatic/HG008/Liss_lab/analysis/Verkko_assemblies_05162024/HG008T/HG008T_verkko_v2.2.1_herro_corrected/PBhifi_UL_ONTq26_herro/assembly.haplotype2.fasta	2589674370
data_somatic/HG008/Liss_lab/analysis/Verkko_assemblies_05162024/HG008T/HG008T_verkko_v2.2.1_herro_corrected/PBhifi_UL_ONTq26_herro/assembly.hifi-coverage.csv	19984
data_somatic/HG008/Liss_lab/analysis/Verkko_assemblies_05162024/HG008T/HG008T_verkko_v2.2.1_herro_corrected/PBhifi_UL_ONTq26_herro/assembly.homopolymer-compressed.gfa	3218444293
data_somatic/HG008/Liss_lab/analysis/Verkko_assemblies_05162024/HG008T/HG008T_verkko_v2.2.1_herro_corrected/PBhifi_UL_ONTq26_herro/assembly.homopolymer-compressed.noseq.gfa	123378
data_somatic/HG008/Liss_lab/analysis/Verkko_assemblies_05162024/HG008T/HG008T_verkko_v2.2.1_herro_corrected/PBhifi_UL_ONTq26_herro/assembly.ont-coverage.csv	19830
data_somatic/HG008/Liss_lab/analysis/Verkko_assemblies_05162024/HG008T/HG008T_verkko_v2.2.1_herro_corrected/PBhifi_UL_ONTq26_herro/assembly.unassigned.fasta	31115128
data_somatic/HG008/Liss_lab/analysis/Verkko_assemblies_05162024/HG008T/HG008T_verkko_v2.2.1_herro_corrected/PBhifi_UL_ONTq26_herro/md5sum.txt	326
data_somatic/HG008/Liss_lab/analysis/Verkko_assemblies_05162024/HG008T/HG008T_verkko_v2.2/5-untip/combined-edges-1.gfa	30809381
data_somatic/HG008/Liss_lab/analysis/Verkko_assemblies_05162024/HG008T/HG008T_verkko_v2.2/5-untip/combined-edges-final.gfa	31239537
data_somatic/HG008/Liss_lab/analysis/Verkko_assemblies_05162024/HG008T/HG008T_verkko_v2.2/5-untip/combined-nodemap-1.txt	2947497
data_somatic/HG008/Liss_lab/analysis/Verkko_assemblies_05162024/HG008T/HG008T_verkko_v2.2/5-untip/combined-nodemap-final.txt	2991317
data_somatic/HG008/Liss_lab/analysis/Verkko_assemblies_05162024/HG008T/HG008T_verkko_v2.2/5-untip/connected-tip.gfa	3204961379
data_somatic/HG008/Liss_lab/analysis/Verkko_assemblies_05162024/HG008T/HG008T_verkko_v2.2/5-untip/nodecov_hifi_fix.csv	100635
data_somatic/HG008/Liss_lab/analysis/Verkko_assemblies_05162024/HG008T/HG008T_verkko_v2.2/5-untip/nodelens-1.txt	5841608
data_somatic/HG008/Liss_lab/analysis/Verkko_assemblies_05162024/HG008T/HG008T_verkko_v2.2/5-untip/nodelens-final.txt	5927688
data_somatic/HG008/Liss_lab/analysis/Verkko_assemblies_05162024/HG008T/HG008T_verkko_v2.2/5-untip/popinfo_round1.err	4269
data_somatic/HG008/Liss_lab/analysis/Verkko_assemblies_05162024/HG008T/HG008T_verkko_v2.2/5-untip/popinfo_round2.err	22
data_somatic/HG008/Liss_lab/analysis/Verkko_assemblies_05162024/HG008T/HG008T_verkko_v2.2/5-untip/popped-connected-tip.gfa	3199589005
data_somatic/HG008/Liss_lab/analysis/Verkko_assemblies_05162024/HG008T/HG008T_verkko_v2.2/5-untip/popped-unitig-unrolled-popped-connected-tip.gfa	3204634732
data_somatic/HG008/Liss_lab/analysis/Verkko_assemblies_05162024/HG008T/HG008T_verkko_v2.2/5-untip/unitig-connected-tip.gfa	3204337039
data_somatic/HG008/Liss_lab/analysis/Verkko_assemblies_05162024/HG008T/HG008T_verkko_v2.2/5-untip/unitig-mapping-3a.txt	77960
data_somatic/HG008/Liss_lab/analysis/Verkko_assemblies_05162024/HG008T/HG008T_verkko_v2.2/5-untip/unitig-mapping-3b.txt	55631
data_somatic/HG008/Liss_lab/analysis/Verkko_assemblies_05162024/HG008T/HG008T_verkko_v2.2/5-untip/unitig-mapping-4.txt	43688
data_somatic/HG008/Liss_lab/analysis/Verkko_assemblies_05162024/HG008T/HG008T_verkko_v2.2/5-untip/unitig-unrolled-popped-connected-tip.gfa	3204656582
data_somatic/HG008/Liss_lab/analysis/Verkko_assemblies_05162024/HG008T/HG008T_verkko_v2.2/5-untip/unitig-unrolled-unitig-unrolled-popped-unitig-normal-connected-tip.gfa	3205587555
data_somatic/HG008/Liss_lab/analysis/Verkko_assemblies_05162024/HG008T/HG008T_verkko_v2.2/5-untip/unitig-unrolled-unitig-unrolled-popped-unitig-normal-connected-tip.hifi-coverage.csv	35300
data_somatic/HG008/Liss_lab/analysis/Verkko_assemblies_05162024/HG008T/HG008T_verkko_v2.2/5-untip/unitig-unrolled-unitig-unrolled-popped-unitig-normal-connected-tip.ont-coverage.csv	35050
data_somatic/HG008/Liss_lab/analysis/Verkko_assemblies_05162024/HG008T/HG008T_verkko_v2.2/5-untip/unrolled-popped-connected-tip.gfa	3208054844
data_somatic/HG008/Liss_lab/analysis/Verkko_assemblies_05162024/HG008T/HG008T_verkko_v2.2/5-untip/unrolled-popped-unitig-unrolled-popped-connected-tip.gfa	3205744103
data_somatic/HG008/Liss_lab/analysis/Verkko_assemblies_05162024/HG008T/HG008T_verkko_v2.2/5-untip/untip.err	272
data_somatic/HG008/Liss_lab/analysis/Verkko_assemblies_05162024/HG008T/HG008T_verkko_v2.2/5-untip/untip.sh	12381
data_somatic/HG008/Liss_lab/analysis/Verkko_assemblies_05162024/HG008T/HG008T_verkko_v2.2/6-layoutContigs/combined-alignments.gaf	1376392832
data_somatic/HG008/Liss_lab/analysis/Verkko_assemblies_05162024/HG008T/HG008T_verkko_v2.2/6-layoutContigs/combined-edges.gfa	31239537
data_somatic/HG008/Liss_lab/analysis/Verkko_assemblies_05162024/HG008T/HG008T_verkko_v2.2/6-layoutContigs/combined-nodemap.txt	2991317
data_somatic/HG008/Liss_lab/analysis/Verkko_assemblies_05162024/HG008T/HG008T_verkko_v2.2/6-layoutContigs/consensus_paths.txt	35362
data_somatic/HG008/Liss_lab/analysis/Verkko_assemblies_05162024/HG008T/HG008T_verkko_v2.2/6-layoutContigs/createLayout.err	1040810
data_somatic/HG008/Liss_lab/analysis/Verkko_assemblies_05162024/HG008T/HG008T_verkko_v2.2/6-layoutContigs/createLayout.sh	1358
data_somatic/HG008/Liss_lab/analysis/Verkko_assemblies_05162024/HG008T/HG008T_verkko_v2.2/6-layoutContigs/createLayoutInputs.err	0
data_somatic/HG008/Liss_lab/analysis/Verkko_assemblies_05162024/HG008T/HG008T_verkko_v2.2/6-layoutContigs/createLayoutInputs.sh	3555
data_somatic/HG008/Liss_lab/analysis/Verkko_assemblies_05162024/HG008T/HG008T_verkko_v2.2/6-layoutContigs/gaps.txt	0
data_somatic/HG008/Liss_lab/analysis/Verkko_assemblies_05162024/HG008T/HG008T_verkko_v2.2/6-layoutContigs/hifi.alignments.gaf	1376392832
data_somatic/HG008/Liss_lab/analysis/Verkko_assemblies_05162024/HG008T/HG008T_verkko_v2.2/6-layoutContigs/nodelens.txt	5927688
data_somatic/HG008/Liss_lab/analysis/Verkko_assemblies_05162024/HG008T/HG008T_verkko_v2.2/6-layoutContigs/ont-gapfill.txt	23569
data_somatic/HG008/Liss_lab/analysis/Verkko_assemblies_05162024/HG008T/HG008T_verkko_v2.2/6-layoutContigs/ont.alignments.gaf	210079282
data_somatic/HG008/Liss_lab/analysis/Verkko_assemblies_05162024/HG008T/HG008T_verkko_v2.2/6-layoutContigs/unitig-popped.layout	808969026
data_somatic/HG008/Liss_lab/analysis/Verkko_assemblies_05162024/HG008T/HG008T_verkko_v2.2/6-layoutContigs/unitig-popped.layout.scfmap	70806
data_somatic/HG008/Liss_lab/analysis/Verkko_assemblies_05162024/HG008T/HG008T_verkko_v2.2/6-layoutContigs/unitig-popped.layout.scfmap.dropped	5407
data_somatic/HG008/Liss_lab/analysis/Verkko_assemblies_05162024/HG008T/HG008T_verkko_v2.2/6-layoutContigs/unitig_initial.layout	808969026
data_somatic/HG008/Liss_lab/analysis/Verkko_assemblies_05162024/HG008T/HG008T_verkko_v2.2/7-consensus/assembly.disconnected.fasta	2133491
data_somatic/HG008/Liss_lab/analysis/Verkko_assemblies_05162024/HG008T/HG008T_verkko_v2.2/7-consensus/assembly.disconnected.ids	1814
data_somatic/HG008/Liss_lab/analysis/Verkko_assemblies_05162024/HG008T/HG008T_verkko_v2.2/7-consensus/assembly.fasta	4602365539
data_somatic/HG008/Liss_lab/analysis/Verkko_assemblies_05162024/HG008T/HG008T_verkko_v2.2/7-consensus/assembly.ids	36883
data_somatic/HG008/Liss_lab/analysis/Verkko_assemblies_05162024/HG008T/HG008T_verkko_v2.2/7-consensus/buildPackages.err	3919883
data_somatic/HG008/Liss_lab/analysis/Verkko_assemblies_05162024/HG008T/HG008T_verkko_v2.2/7-consensus/buildPackages.sh	626
data_somatic/HG008/Liss_lab/analysis/Verkko_assemblies_05162024/HG008T/HG008T_verkko_v2.2/7-consensus/combineConsensus.err	0
data_somatic/HG008/Liss_lab/analysis/Verkko_assemblies_05162024/HG008T/HG008T_verkko_v2.2/7-consensus/combineConsensus.out	1190
data_somatic/HG008/Liss_lab/analysis/Verkko_assemblies_05162024/HG008T/HG008T_verkko_v2.2/7-consensus/combineConsensus.sh	5631
data_somatic/HG008/Liss_lab/analysis/Verkko_assemblies_05162024/HG008T/HG008T_verkko_v2.2/7-consensus/combined.fasta	4604499030
data_somatic/HG008/Liss_lab/analysis/Verkko_assemblies_05162024/HG008T/HG008T_verkko_v2.2/7-consensus/combined.fasta.lengths	33393
data_somatic/HG008/Liss_lab/analysis/Verkko_assemblies_05162024/HG008T/HG008T_verkko_v2.2/7-consensus/extractONT.err	1968
data_somatic/HG008/Liss_lab/analysis/Verkko_assemblies_05162024/HG008T/HG008T_verkko_v2.2/7-consensus/extractONT.sh	3314
data_somatic/HG008/Liss_lab/analysis/Verkko_assemblies_05162024/HG008T/HG008T_verkko_v2.2/7-consensus/ont_subset.extract	3526
data_somatic/HG008/Liss_lab/analysis/Verkko_assemblies_05162024/HG008T/HG008T_verkko_v2.2/7-consensus/ont_subset.fasta.gz	33374537
data_somatic/HG008/Liss_lab/analysis/Verkko_assemblies_05162024/HG008T/HG008T_verkko_v2.2/7-consensus/ont_subset.id	23532
data_somatic/HG008/Liss_lab/analysis/Verkko_assemblies_05162024/HG008T/HG008T_verkko_v2.2/7-consensus/packages.finished	0
data_somatic/HG008/Liss_lab/analysis/Verkko_assemblies_05162024/HG008T/HG008T_verkko_v2.2/7-consensus/packages.readName_to_ID.map	919409472
data_somatic/HG008/Liss_lab/analysis/Verkko_assemblies_05162024/HG008T/HG008T_verkko_v2.2/7-consensus/packages.report	113924
data_somatic/HG008/Liss_lab/analysis/Verkko_assemblies_05162024/HG008T/HG008T_verkko_v2.2/7-consensus/packages.tigName_to_ID.map	36750
data_somatic/HG008/Liss_lab/analysis/Verkko_assemblies_05162024/HG008T/HG008T_verkko_v2.2/7-consensus/screen-assembly.err	0
data_somatic/HG008/Liss_lab/analysis/Verkko_assemblies_05162024/HG008T/HG008T_verkko_v2.2/7-consensus/screen-assembly.out	739
data_somatic/HG008/Liss_lab/analysis/Verkko_assemblies_05162024/HG008T/HG008T_verkko_v2.2/7-consensus/unitig-popped.bam	0
data_somatic/HG008/Liss_lab/analysis/Verkko_assemblies_05162024/HG008T/HG008T_verkko_v2.2/7-consensus/unitig-popped.fasta	4602365539
data_somatic/HG008/Liss_lab/analysis/Verkko_assemblies_05162024/HG008T/HG008T_verkko_v2.2/7-consensus/unitig-popped.haplotype1.fasta	0
data_somatic/HG008/Liss_lab/analysis/Verkko_assemblies_05162024/HG008T/HG008T_verkko_v2.2/7-consensus/unitig-popped.haplotype2.fasta	0
data_somatic/HG008/Liss_lab/analysis/Verkko_assemblies_05162024/HG008T/HG008T_verkko_v2.2/7-consensus/unitig-popped.unassigned.fasta	0
data_somatic/HG008/Liss_lab/analysis/Verkko_assemblies_05162024/HG008T/HG008T_verkko_v2.2/8-hicPipeline/contigs_rename.map	38697
data_somatic/HG008/Liss_lab/analysis/Verkko_assemblies_05162024/HG008T/HG008T_verkko_v2.2/8-hicPipeline/filtered.gfa	184618
data_somatic/HG008/Liss_lab/analysis/Verkko_assemblies_05162024/HG008T/HG008T_verkko_v2.2/8-hicPipeline/final_contigs/.snakemake/log/2024-09-23T033209.566453.snakemake.log	21624
data_somatic/HG008/Liss_lab/analysis/Verkko_assemblies_05162024/HG008T/HG008T_verkko_v2.2/8-hicPipeline/final_contigs/.snakemake/metadata/Ni1sYXlvdXRDb250aWdzL2dhcHMudHh0	4213
data_somatic/HG008/Liss_lab/analysis/Verkko_assemblies_05162024/HG008T/HG008T_verkko_v2.2/8-hicPipeline/final_contigs/.snakemake/metadata/Ni1sYXlvdXRDb250aWdzL3VuaXRpZy1wb3BwZWQubGF5b3V0	4213
data_somatic/HG008/Liss_lab/analysis/Verkko_assemblies_05162024/HG008T/HG008T_verkko_v2.2/8-hicPipeline/final_contigs/.snakemake/metadata/Ni1sYXlvdXRDb250aWdzL3VuaXRpZy1wb3BwZWQubGF5b3V0LnNjZm1hcA==	4213
data_somatic/HG008/Liss_lab/analysis/Verkko_assemblies_05162024/HG008T/HG008T_verkko_v2.2/8-hicPipeline/final_contigs/.snakemake/metadata/Ny1jb25zZW5zdXMvY29tYmluZWQuZmFzdGE=	15940
data_somatic/HG008/Liss_lab/analysis/Verkko_assemblies_05162024/HG008T/HG008T_verkko_v2.2/8-hicPipeline/final_contigs/.snakemake/metadata/Ny1jb25zZW5zdXMvcGFja2FnZXMuZmluaXNoZWQ=	2709
data_somatic/HG008/Liss_lab/analysis/Verkko_assemblies_05162024/HG008T/HG008T_verkko_v2.2/8-hicPipeline/final_contigs/.snakemake/metadata/Ny1jb25zZW5zdXMvcGFja2FnZXMucmVwb3J0	2709
data_somatic/HG008/Liss_lab/analysis/Verkko_assemblies_05162024/HG008T/HG008T_verkko_v2.2/8-hicPipeline/final_contigs/.snakemake/metadata/Ny1jb25zZW5zdXMvcGFja2FnZXMudGlnTmFtZV90b19JRC5tYXA=	2707
data_somatic/HG008/Liss_lab/analysis/Verkko_assemblies_05162024/HG008T/HG008T_verkko_v2.2/8-hicPipeline/final_contigs/.snakemake/metadata/Ny1jb25zZW5zdXMvcGFja2FnZXMvcGFydDAwMS5mYXN0YQ==	3509
data_somatic/HG008/Liss_lab/analysis/Verkko_assemblies_05162024/HG008T/HG008T_verkko_v2.2/8-hicPipeline/final_contigs/.snakemake/metadata/Ny1jb25zZW5zdXMvcGFja2FnZXMvcGFydDAwMi5mYXN0YQ==	3510
data_somatic/HG008/Liss_lab/analysis/Verkko_assemblies_05162024/HG008T/HG008T_verkko_v2.2/8-hicPipeline/final_contigs/.snakemake/metadata/Ny1jb25zZW5zdXMvcGFja2FnZXMvcGFydDAwMy5mYXN0YQ==	3511
data_somatic/HG008/Liss_lab/analysis/Verkko_assemblies_05162024/HG008T/HG008T_verkko_v2.2/8-hicPipeline/final_contigs/.snakemake/metadata/Ny1jb25zZW5zdXMvcGFja2FnZXMvcGFydDAwNC5mYXN0YQ==	3511
data_somatic/HG008/Liss_lab/analysis/Verkko_assemblies_05162024/HG008T/HG008T_verkko_v2.2/8-hicPipeline/final_contigs/.snakemake/metadata/Ny1jb25zZW5zdXMvcGFja2FnZXMvcGFydDAwNS5mYXN0YQ==	3511
data_somatic/HG008/Liss_lab/analysis/Verkko_assemblies_05162024/HG008T/HG008T_verkko_v2.2/8-hicPipeline/final_contigs/.snakemake/metadata/Ny1jb25zZW5zdXMvcGFja2FnZXMvcGFydDAwNi5mYXN0YQ==	3511
data_somatic/HG008/Liss_lab/analysis/Verkko_assemblies_05162024/HG008T/HG008T_verkko_v2.2/8-hicPipeline/final_contigs/.snakemake/metadata/Ny1jb25zZW5zdXMvcGFja2FnZXMvcGFydDAwNy5mYXN0YQ==	3510
data_somatic/HG008/Liss_lab/analysis/Verkko_assemblies_05162024/HG008T/HG008T_verkko_v2.2/8-hicPipeline/final_contigs/.snakemake/metadata/Ny1jb25zZW5zdXMvcGFja2FnZXMvcGFydDAwOC5mYXN0YQ==	3511
data_somatic/HG008/Liss_lab/analysis/Verkko_assemblies_05162024/HG008T/HG008T_verkko_v2.2/8-hicPipeline/final_contigs/.snakemake/metadata/Ny1jb25zZW5zdXMvcGFja2FnZXMvcGFydDAwOS5mYXN0YQ==	3510
data_somatic/HG008/Liss_lab/analysis/Verkko_assemblies_05162024/HG008T/HG008T_verkko_v2.2/8-hicPipeline/final_contigs/.snakemake/metadata/Ny1jb25zZW5zdXMvcGFja2FnZXMvcGFydDAxMC5mYXN0YQ==	3511
data_somatic/HG008/Liss_lab/analysis/Verkko_assemblies_05162024/HG008T/HG008T_verkko_v2.2/8-hicPipeline/final_contigs/.snakemake/metadata/Ny1jb25zZW5zdXMvcGFja2FnZXMvcGFydDAxMS5mYXN0YQ==	3510
data_somatic/HG008/Liss_lab/analysis/Verkko_assemblies_05162024/HG008T/HG008T_verkko_v2.2/8-hicPipeline/final_contigs/.snakemake/metadata/Ny1jb25zZW5zdXMvcGFja2FnZXMvcGFydDAxMi5mYXN0YQ==	3511
data_somatic/HG008/Liss_lab/analysis/Verkko_assemblies_05162024/HG008T/HG008T_verkko_v2.2/8-hicPipeline/final_contigs/.snakemake/metadata/Ny1jb25zZW5zdXMvcGFja2FnZXMvcGFydDAxMy5mYXN0YQ==	3511
data_somatic/HG008/Liss_lab/analysis/Verkko_assemblies_05162024/HG008T/HG008T_verkko_v2.2/8-hicPipeline/final_contigs/.snakemake/metadata/Ny1jb25zZW5zdXMvcGFja2FnZXMvcGFydDAxNC5mYXN0YQ==	3511
data_somatic/HG008/Liss_lab/analysis/Verkko_assemblies_05162024/HG008T/HG008T_verkko_v2.2/8-hicPipeline/final_contigs/.snakemake/metadata/Ny1jb25zZW5zdXMvcGFja2FnZXMvcGFydDAxNS5mYXN0YQ==	3509
data_somatic/HG008/Liss_lab/analysis/Verkko_assemblies_05162024/HG008T/HG008T_verkko_v2.2/8-hicPipeline/final_contigs/.snakemake/metadata/Ny1jb25zZW5zdXMvcGFja2FnZXMvcGFydDAxNi5mYXN0YQ==	3511
data_somatic/HG008/Liss_lab/analysis/Verkko_assemblies_05162024/HG008T/HG008T_verkko_v2.2/8-hicPipeline/final_contigs/.snakemake/metadata/Ny1jb25zZW5zdXMvcGFja2FnZXMvcGFydDAxNy5mYXN0YQ==	3511
data_somatic/HG008/Liss_lab/analysis/Verkko_assemblies_05162024/HG008T/HG008T_verkko_v2.2/8-hicPipeline/final_contigs/.snakemake/metadata/Ny1jb25zZW5zdXMvcGFja2FnZXMvcGFydDAxOC5mYXN0YQ==	3510
data_somatic/HG008/Liss_lab/analysis/Verkko_assemblies_05162024/HG008T/HG008T_verkko_v2.2/8-hicPipeline/final_contigs/.snakemake/metadata/Ny1jb25zZW5zdXMvcGFja2FnZXMvcGFydDAxOS5mYXN0YQ==	3510
data_somatic/HG008/Liss_lab/analysis/Verkko_assemblies_05162024/HG008T/HG008T_verkko_v2.2/8-hicPipeline/final_contigs/.snakemake/metadata/Ny1jb25zZW5zdXMvcGFja2FnZXMvcGFydDAyMC5mYXN0YQ==	3511
data_somatic/HG008/Liss_lab/analysis/Verkko_assemblies_05162024/HG008T/HG008T_verkko_v2.2/8-hicPipeline/final_contigs/.snakemake/metadata/Ny1jb25zZW5zdXMvcGFja2FnZXMvcGFydDAyMS5mYXN0YQ==	3511
data_somatic/HG008/Liss_lab/analysis/Verkko_assemblies_05162024/HG008T/HG008T_verkko_v2.2/8-hicPipeline/final_contigs/.snakemake/metadata/Ny1jb25zZW5zdXMvcGFja2FnZXMvcGFydDAyMi5mYXN0YQ==	3511
data_somatic/HG008/Liss_lab/analysis/Verkko_assemblies_05162024/HG008T/HG008T_verkko_v2.2/8-hicPipeline/final_contigs/.snakemake/metadata/Ny1jb25zZW5zdXMvcGFja2FnZXMvcGFydDAyMy5mYXN0YQ==	3510
data_somatic/HG008/Liss_lab/analysis/Verkko_assemblies_05162024/HG008T/HG008T_verkko_v2.2/8-hicPipeline/final_contigs/.snakemake/metadata/Ny1jb25zZW5zdXMvcGFja2FnZXMvcGFydDAyNC5mYXN0YQ==	3510
data_somatic/HG008/Liss_lab/analysis/Verkko_assemblies_05162024/HG008T/HG008T_verkko_v2.2/8-hicPipeline/final_contigs/.snakemake/metadata/Ny1jb25zZW5zdXMvcGFja2FnZXMvcGFydDAyNS5mYXN0YQ==	3511
data_somatic/HG008/Liss_lab/analysis/Verkko_assemblies_05162024/HG008T/HG008T_verkko_v2.2/8-hicPipeline/final_contigs/.snakemake/metadata/Ny1jb25zZW5zdXMvdW5pdGlnLXBvcHBlZC51bmFzc2lnbmVkLmZhc3Rh	15938
data_somatic/HG008/Liss_lab/analysis/Verkko_assemblies_05162024/HG008T/HG008T_verkko_v2.2/8-hicPipeline/final_contigs/.snakemake/metadata/Ny1jb25zZW5zdXMvdW5pdGlnLXBvcHBlZC5iYW0=	15939
data_somatic/HG008/Liss_lab/analysis/Verkko_assemblies_05162024/HG008T/HG008T_verkko_v2.2/8-hicPipeline/final_contigs/.snakemake/metadata/Ny1jb25zZW5zdXMvdW5pdGlnLXBvcHBlZC5mYXN0YQ==	15938
data_somatic/HG008/Liss_lab/analysis/Verkko_assemblies_05162024/HG008T/HG008T_verkko_v2.2/8-hicPipeline/final_contigs/.snakemake/metadata/Ny1jb25zZW5zdXMvdW5pdGlnLXBvcHBlZC5oYXBsb3R5cGUxLmZhc3Rh	15940
data_somatic/HG008/Liss_lab/analysis/Verkko_assemblies_05162024/HG008T/HG008T_verkko_v2.2/8-hicPipeline/final_contigs/.snakemake/metadata/Ny1jb25zZW5zdXMvdW5pdGlnLXBvcHBlZC5oYXBsb3R5cGUyLmZhc3Rh	15940
data_somatic/HG008/Liss_lab/analysis/Verkko_assemblies_05162024/HG008T/HG008T_verkko_v2.2/8-hicPipeline/final_contigs/.snakemake/metadata/YXNzZW1ibHkuZmFzdGE=	3770
data_somatic/HG008/Liss_lab/analysis/Verkko_assemblies_05162024/HG008T/HG008T_verkko_v2.2/8-hicPipeline/final_contigs/.snakemake/metadata/YXNzZW1ibHkuaG9tb3BvbHltZXItY29tcHJlc3NlZC5nZmE=	3770
data_somatic/HG008/Liss_lab/analysis/Verkko_assemblies_05162024/HG008T/HG008T_verkko_v2.2/8-hicPipeline/final_contigs/.snakemake/metadata/YXNzZW1ibHkuaG9tb3BvbHltZXItY29tcHJlc3NlZC5sYXlvdXQ=	3770
data_somatic/HG008/Liss_lab/analysis/Verkko_assemblies_05162024/HG008T/HG008T_verkko_v2.2/8-hicPipeline/final_contigs/.snakemake/metadata/YXNzZW1ibHkuaGlmaS1jb3ZlcmFnZS5jc3Y=	3769
data_somatic/HG008/Liss_lab/analysis/Verkko_assemblies_05162024/HG008T/HG008T_verkko_v2.2/8-hicPipeline/final_contigs/.snakemake/metadata/YXNzZW1ibHkub250LWNvdmVyYWdlLmNzdg==	3770
data_somatic/HG008/Liss_lab/analysis/Verkko_assemblies_05162024/HG008T/HG008T_verkko_v2.2/8-hicPipeline/final_contigs/.snakemake/metadata/YXNzZW1ibHkuc2NmbWFw	3770
data_somatic/HG008/Liss_lab/analysis/Verkko_assemblies_05162024/HG008T/HG008T_verkko_v2.2/8-hicPipeline/final_contigs/5-untip/combined-edges-final.gfa	31239537
data_somatic/HG008/Liss_lab/analysis/Verkko_assemblies_05162024/HG008T/HG008T_verkko_v2.2/8-hicPipeline/final_contigs/5-untip/combined-nodemap-final.txt	2991317
data_somatic/HG008/Liss_lab/analysis/Verkko_assemblies_05162024/HG008T/HG008T_verkko_v2.2/8-hicPipeline/final_contigs/5-untip/nodelens-final.txt	5927688
data_somatic/HG008/Liss_lab/analysis/Verkko_assemblies_05162024/HG008T/HG008T_verkko_v2.2/8-hicPipeline/final_contigs/5-untip/unitig-unrolled-unitig-unrolled-popped-unitig-normal-connected-tip.gfa	3205587555
data_somatic/HG008/Liss_lab/analysis/Verkko_assemblies_05162024/HG008T/HG008T_verkko_v2.2/8-hicPipeline/final_contigs/5-untip/unitig-unrolled-unitig-unrolled-popped-unitig-normal-connected-tip.hifi-coverage.csv	35300
data_somatic/HG008/Liss_lab/analysis/Verkko_assemblies_05162024/HG008T/HG008T_verkko_v2.2/8-hicPipeline/final_contigs/5-untip/unitig-unrolled-unitig-unrolled-popped-unitig-normal-connected-tip.ont-coverage.csv	35050
data_somatic/HG008/Liss_lab/analysis/Verkko_assemblies_05162024/HG008T/HG008T_verkko_v2.2/8-hicPipeline/final_contigs/6-layoutContigs/combined-alignments.gaf	1376392832
data_somatic/HG008/Liss_lab/analysis/Verkko_assemblies_05162024/HG008T/HG008T_verkko_v2.2/8-hicPipeline/final_contigs/6-layoutContigs/combined-edges.gfa	31239537
data_somatic/HG008/Liss_lab/analysis/Verkko_assemblies_05162024/HG008T/HG008T_verkko_v2.2/8-hicPipeline/final_contigs/6-layoutContigs/combined-nodemap.txt	2991317
data_somatic/HG008/Liss_lab/analysis/Verkko_assemblies_05162024/HG008T/HG008T_verkko_v2.2/8-hicPipeline/final_contigs/6-layoutContigs/consensus_paths.txt	37961
data_somatic/HG008/Liss_lab/analysis/Verkko_assemblies_05162024/HG008T/HG008T_verkko_v2.2/8-hicPipeline/final_contigs/6-layoutContigs/createLayout.err	1073469
data_somatic/HG008/Liss_lab/analysis/Verkko_assemblies_05162024/HG008T/HG008T_verkko_v2.2/8-hicPipeline/final_contigs/6-layoutContigs/createLayout.sh	1358
data_somatic/HG008/Liss_lab/analysis/Verkko_assemblies_05162024/HG008T/HG008T_verkko_v2.2/8-hicPipeline/final_contigs/6-layoutContigs/gaps.txt	0
data_somatic/HG008/Liss_lab/analysis/Verkko_assemblies_05162024/HG008T/HG008T_verkko_v2.2/8-hicPipeline/final_contigs/6-layoutContigs/hifi.alignments.gaf	1376392832
data_somatic/HG008/Liss_lab/analysis/Verkko_assemblies_05162024/HG008T/HG008T_verkko_v2.2/8-hicPipeline/final_contigs/6-layoutContigs/nodelens.txt	5927688
data_somatic/HG008/Liss_lab/analysis/Verkko_assemblies_05162024/HG008T/HG008T_verkko_v2.2/8-hicPipeline/final_contigs/6-layoutContigs/ont.alignments.gaf	210079282
data_somatic/HG008/Liss_lab/analysis/Verkko_assemblies_05162024/HG008T/HG008T_verkko_v2.2/8-hicPipeline/final_contigs/6-layoutContigs/unitig-popped.layout	836858294
data_somatic/HG008/Liss_lab/analysis/Verkko_assemblies_05162024/HG008T/HG008T_verkko_v2.2/8-hicPipeline/final_contigs/6-layoutContigs/unitig-popped.layout.scfmap	37400
data_somatic/HG008/Liss_lab/analysis/Verkko_assemblies_05162024/HG008T/HG008T_verkko_v2.2/8-hicPipeline/final_contigs/6-layoutContigs/unitig-popped.layout.scfmap.dropped	1398
data_somatic/HG008/Liss_lab/analysis/Verkko_assemblies_05162024/HG008T/HG008T_verkko_v2.2/8-hicPipeline/final_contigs/6-layoutContigs/unitig_initial.layout	836858294
data_somatic/HG008/Liss_lab/analysis/Verkko_assemblies_05162024/HG008T/HG008T_verkko_v2.2/8-hicPipeline/final_contigs/7-consensus/assembly.disconnected.fasta	2139566
data_somatic/HG008/Liss_lab/analysis/Verkko_assemblies_05162024/HG008T/HG008T_verkko_v2.2/8-hicPipeline/final_contigs/7-consensus/assembly.disconnected.ids	2102
data_somatic/HG008/Liss_lab/analysis/Verkko_assemblies_05162024/HG008T/HG008T_verkko_v2.2/8-hicPipeline/final_contigs/7-consensus/assembly.fasta	4624076799
data_somatic/HG008/Liss_lab/analysis/Verkko_assemblies_05162024/HG008T/HG008T_verkko_v2.2/8-hicPipeline/final_contigs/7-consensus/assembly.ids	14149
data_somatic/HG008/Liss_lab/analysis/Verkko_assemblies_05162024/HG008T/HG008T_verkko_v2.2/8-hicPipeline/final_contigs/7-consensus/buildPackages.err	3858683
data_somatic/HG008/Liss_lab/analysis/Verkko_assemblies_05162024/HG008T/HG008T_verkko_v2.2/8-hicPipeline/final_contigs/7-consensus/buildPackages.sh	626
data_somatic/HG008/Liss_lab/analysis/Verkko_assemblies_05162024/HG008T/HG008T_verkko_v2.2/8-hicPipeline/final_contigs/7-consensus/combineConsensus.err	0
data_somatic/HG008/Liss_lab/analysis/Verkko_assemblies_05162024/HG008T/HG008T_verkko_v2.2/8-hicPipeline/final_contigs/7-consensus/combineConsensus.out	1383
data_somatic/HG008/Liss_lab/analysis/Verkko_assemblies_05162024/HG008T/HG008T_verkko_v2.2/8-hicPipeline/final_contigs/7-consensus/combineConsensus.sh	5691
data_somatic/HG008/Liss_lab/analysis/Verkko_assemblies_05162024/HG008T/HG008T_verkko_v2.2/8-hicPipeline/final_contigs/7-consensus/combined.fasta	4626216365
data_somatic/HG008/Liss_lab/analysis/Verkko_assemblies_05162024/HG008T/HG008T_verkko_v2.2/8-hicPipeline/final_contigs/7-consensus/combined.fasta.lengths	14220
data_somatic/HG008/Liss_lab/analysis/Verkko_assemblies_05162024/HG008T/HG008T_verkko_v2.2/8-hicPipeline/final_contigs/7-consensus/ont_subset.fasta.gz	33374537
data_somatic/HG008/Liss_lab/analysis/Verkko_assemblies_05162024/HG008T/HG008T_verkko_v2.2/8-hicPipeline/final_contigs/7-consensus/ont_subset.id	23532
data_somatic/HG008/Liss_lab/analysis/Verkko_assemblies_05162024/HG008T/HG008T_verkko_v2.2/8-hicPipeline/final_contigs/7-consensus/packages.finished	0
data_somatic/HG008/Liss_lab/analysis/Verkko_assemblies_05162024/HG008T/HG008T_verkko_v2.2/8-hicPipeline/final_contigs/7-consensus/packages.readName_to_ID.map	932662027
data_somatic/HG008/Liss_lab/analysis/Verkko_assemblies_05162024/HG008T/HG008T_verkko_v2.2/8-hicPipeline/final_contigs/7-consensus/packages.report	52723
data_somatic/HG008/Liss_lab/analysis/Verkko_assemblies_05162024/HG008T/HG008T_verkko_v2.2/8-hicPipeline/final_contigs/7-consensus/packages.tigName_to_ID.map	16902
data_somatic/HG008/Liss_lab/analysis/Verkko_assemblies_05162024/HG008T/HG008T_verkko_v2.2/8-hicPipeline/final_contigs/7-consensus/paths-haplotype1	684
data_somatic/HG008/Liss_lab/analysis/Verkko_assemblies_05162024/HG008T/HG008T_verkko_v2.2/8-hicPipeline/final_contigs/7-consensus/paths-haplotype2	1292
data_somatic/HG008/Liss_lab/analysis/Verkko_assemblies_05162024/HG008T/HG008T_verkko_v2.2/8-hicPipeline/final_contigs/7-consensus/paths-unassigned	8664
data_somatic/HG008/Liss_lab/analysis/Verkko_assemblies_05162024/HG008T/HG008T_verkko_v2.2/8-hicPipeline/final_contigs/7-consensus/screen-assembly.err	0
data_somatic/HG008/Liss_lab/analysis/Verkko_assemblies_05162024/HG008T/HG008T_verkko_v2.2/8-hicPipeline/final_contigs/7-consensus/screen-assembly.out	736
data_somatic/HG008/Liss_lab/analysis/Verkko_assemblies_05162024/HG008T/HG008T_verkko_v2.2/8-hicPipeline/final_contigs/7-consensus/unitig-popped.bam	0
data_somatic/HG008/Liss_lab/analysis/Verkko_assemblies_05162024/HG008T/HG008T_verkko_v2.2/8-hicPipeline/final_contigs/7-consensus/unitig-popped.fasta	4624076799
data_somatic/HG008/Liss_lab/analysis/Verkko_assemblies_05162024/HG008T/HG008T_verkko_v2.2/8-hicPipeline/final_contigs/7-consensus/unitig-popped.haplotype1.fasta	2450514083
data_somatic/HG008/Liss_lab/analysis/Verkko_assemblies_05162024/HG008T/HG008T_verkko_v2.2/8-hicPipeline/final_contigs/7-consensus/unitig-popped.haplotype2.fasta	2102352486
data_somatic/HG008/Liss_lab/analysis/Verkko_assemblies_05162024/HG008T/HG008T_verkko_v2.2/8-hicPipeline/final_contigs/7-consensus/unitig-popped.unassigned.fasta	71210230
data_somatic/HG008/Liss_lab/analysis/Verkko_assemblies_05162024/HG008T/HG008T_verkko_v2.2/8-hicPipeline/final_contigs/assembly.disconnected.fasta	2139566
data_somatic/HG008/Liss_lab/analysis/Verkko_assemblies_05162024/HG008T/HG008T_verkko_v2.2/8-hicPipeline/final_contigs/assembly.fasta	4624076799
data_somatic/HG008/Liss_lab/analysis/Verkko_assemblies_05162024/HG008T/HG008T_verkko_v2.2/8-hicPipeline/final_contigs/assembly.haplotype1.fasta	2450514083
data_somatic/HG008/Liss_lab/analysis/Verkko_assemblies_05162024/HG008T/HG008T_verkko_v2.2/8-hicPipeline/final_contigs/assembly.haplotype2.fasta	2102352486
data_somatic/HG008/Liss_lab/analysis/Verkko_assemblies_05162024/HG008T/HG008T_verkko_v2.2/8-hicPipeline/final_contigs/assembly.hifi-coverage.csv	35300
data_somatic/HG008/Liss_lab/analysis/Verkko_assemblies_05162024/HG008T/HG008T_verkko_v2.2/8-hicPipeline/final_contigs/assembly.homopolymer-compressed.gfa	3205587555
data_somatic/HG008/Liss_lab/analysis/Verkko_assemblies_05162024/HG008T/HG008T_verkko_v2.2/8-hicPipeline/final_contigs/assembly.homopolymer-compressed.layout	836858294
data_somatic/HG008/Liss_lab/analysis/Verkko_assemblies_05162024/HG008T/HG008T_verkko_v2.2/8-hicPipeline/final_contigs/assembly.ont-coverage.csv	35050
data_somatic/HG008/Liss_lab/analysis/Verkko_assemblies_05162024/HG008T/HG008T_verkko_v2.2/8-hicPipeline/final_contigs/assembly.scfmap	37400
data_somatic/HG008/Liss_lab/analysis/Verkko_assemblies_05162024/HG008T/HG008T_verkko_v2.2/8-hicPipeline/final_contigs/assembly.unassigned.fasta	71210230
data_somatic/HG008/Liss_lab/analysis/Verkko_assemblies_05162024/HG008T/HG008T_verkko_v2.2/8-hicPipeline/final_contigs/emptyfile	0
data_somatic/HG008/Liss_lab/analysis/Verkko_assemblies_05162024/HG008T/HG008T_verkko_v2.2/8-hicPipeline/final_contigs/snakemake.sh	416
data_somatic/HG008/Liss_lab/analysis/Verkko_assemblies_05162024/HG008T/HG008T_verkko_v2.2/8-hicPipeline/final_contigs/snakemake.sh.bak	422
data_somatic/HG008/Liss_lab/analysis/Verkko_assemblies_05162024/HG008T/HG008T_verkko_v2.2/8-hicPipeline/final_contigs/verkko.yml	5525
data_somatic/HG008/Liss_lab/analysis/Verkko_assemblies_05162024/HG008T/HG008T_verkko_v2.2/8-hicPipeline/hic.byread.compressed	3606403
data_somatic/HG008/Liss_lab/analysis/Verkko_assemblies_05162024/HG008T/HG008T_verkko_v2.2/8-hicPipeline/hic_mapping.byread.output	1836722225
data_somatic/HG008/Liss_lab/analysis/Verkko_assemblies_05162024/HG008T/HG008T_verkko_v2.2/8-hicPipeline/hic_phasing.err	17883
data_somatic/HG008/Liss_lab/analysis/Verkko_assemblies_05162024/HG008T/HG008T_verkko_v2.2/8-hicPipeline/hic_phasing.sh	154
data_somatic/HG008/Liss_lab/analysis/Verkko_assemblies_05162024/HG008T/HG008T_verkko_v2.2/8-hicPipeline/hic_scaff.err	79318
data_somatic/HG008/Liss_lab/analysis/Verkko_assemblies_05162024/HG008T/HG008T_verkko_v2.2/8-hicPipeline/hic_scaff.sh	363
data_somatic/HG008/Liss_lab/analysis/Verkko_assemblies_05162024/HG008T/HG008T_verkko_v2.2/8-hicPipeline/hicverkko.colors.tsv	20007
data_somatic/HG008/Liss_lab/analysis/Verkko_assemblies_05162024/HG008T/HG008T_verkko_v2.2/8-hicPipeline/hicverkko.log	2446971
data_somatic/HG008/Liss_lab/analysis/Verkko_assemblies_05162024/HG008T/HG008T_verkko_v2.2/8-hicPipeline/index_bwa.err	8681
data_somatic/HG008/Liss_lab/analysis/Verkko_assemblies_05162024/HG008T/HG008T_verkko_v2.2/8-hicPipeline/index_bwa.sh	208
data_somatic/HG008/Liss_lab/analysis/Verkko_assemblies_05162024/HG008T/HG008T_verkko_v2.2/8-hicPipeline/label1	11
data_somatic/HG008/Liss_lab/analysis/Verkko_assemblies_05162024/HG008T/HG008T_verkko_v2.2/8-hicPipeline/label2	11
data_somatic/HG008/Liss_lab/analysis/Verkko_assemblies_05162024/HG008T/HG008T_verkko_v2.2/8-hicPipeline/mergeBWA.err	0
data_somatic/HG008/Liss_lab/analysis/Verkko_assemblies_05162024/HG008T/HG008T_verkko_v2.2/8-hicPipeline/mergeBWA.sh	1740
data_somatic/HG008/Liss_lab/analysis/Verkko_assemblies_05162024/HG008T/HG008T_verkko_v2.2/8-hicPipeline/out_final_ann.csv	54610
data_somatic/HG008/Liss_lab/analysis/Verkko_assemblies_05162024/HG008T/HG008T_verkko_v2.2/8-hicPipeline/out_init_ann.csv	26072
data_somatic/HG008/Liss_lab/analysis/Verkko_assemblies_05162024/HG008T/HG008T_verkko_v2.2/8-hicPipeline/out_refined_ann.csv	42757
data_somatic/HG008/Liss_lab/analysis/Verkko_assemblies_05162024/HG008T/HG008T_verkko_v2.2/8-hicPipeline/paths.hpc.fasta	3238000883
data_somatic/HG008/Liss_lab/analysis/Verkko_assemblies_05162024/HG008T/HG008T_verkko_v2.2/8-hicPipeline/paths2ref.mashmap	1553997
data_somatic/HG008/Liss_lab/analysis/Verkko_assemblies_05162024/HG008T/HG008T_verkko_v2.2/8-hicPipeline/phasing.log	713598
data_somatic/HG008/Liss_lab/analysis/Verkko_assemblies_05162024/HG008T/HG008T_verkko_v2.2/8-hicPipeline/prepare_hic.err	70
data_somatic/HG008/Liss_lab/analysis/Verkko_assemblies_05162024/HG008T/HG008T_verkko_v2.2/8-hicPipeline/prepare_hic.sh	1180
data_somatic/HG008/Liss_lab/analysis/Verkko_assemblies_05162024/HG008T/HG008T_verkko_v2.2/8-hicPipeline/prepare_ref_mashmap.err	56883
data_somatic/HG008/Liss_lab/analysis/Verkko_assemblies_05162024/HG008T/HG008T_verkko_v2.2/8-hicPipeline/prepare_ref_mashmap.sh	718
data_somatic/HG008/Liss_lab/analysis/Verkko_assemblies_05162024/HG008T/HG008T_verkko_v2.2/8-hicPipeline/prescaf_rukki.paths.gaf	38488
data_somatic/HG008/Liss_lab/analysis/Verkko_assemblies_05162024/HG008T/HG008T_verkko_v2.2/8-hicPipeline/prescaf_rukki.paths.tsv	39891
data_somatic/HG008/Liss_lab/analysis/Verkko_assemblies_05162024/HG008T/HG008T_verkko_v2.2/8-hicPipeline/rukki.paths.gaf	37961
data_somatic/HG008/Liss_lab/analysis/Verkko_assemblies_05162024/HG008T/HG008T_verkko_v2.2/8-hicPipeline/rukki.paths.tsv	39401
data_somatic/HG008/Liss_lab/analysis/Verkko_assemblies_05162024/HG008T/HG008T_verkko_v2.2/8-hicPipeline/rukki_hic.err	3505
data_somatic/HG008/Liss_lab/analysis/Verkko_assemblies_05162024/HG008T/HG008T_verkko_v2.2/8-hicPipeline/rukki_hic.sh	1493
data_somatic/HG008/Liss_lab/analysis/Verkko_assemblies_05162024/HG008T/HG008T_verkko_v2.2/8-hicPipeline/run_mashmap.err	79523
data_somatic/HG008/Liss_lab/analysis/Verkko_assemblies_05162024/HG008T/HG008T_verkko_v2.2/8-hicPipeline/run_mashmap.sh	603
data_somatic/HG008/Liss_lab/analysis/Verkko_assemblies_05162024/HG008T/HG008T_verkko_v2.2/8-hicPipeline/run_seqtktelo.err	39
data_somatic/HG008/Liss_lab/analysis/Verkko_assemblies_05162024/HG008T/HG008T_verkko_v2.2/8-hicPipeline/run_seqtktelo.sh	219
data_somatic/HG008/Liss_lab/analysis/Verkko_assemblies_05162024/HG008T/HG008T_verkko_v2.2/8-hicPipeline/scaff_rukki.paths.gaf	37961
data_somatic/HG008/Liss_lab/analysis/Verkko_assemblies_05162024/HG008T/HG008T_verkko_v2.2/8-hicPipeline/scaff_rukki.paths.tsv	39401
data_somatic/HG008/Liss_lab/analysis/Verkko_assemblies_05162024/HG008T/HG008T_verkko_v2.2/8-hicPipeline/scaffold_mergeBWA.err	0
data_somatic/HG008/Liss_lab/analysis/Verkko_assemblies_05162024/HG008T/HG008T_verkko_v2.2/8-hicPipeline/scaffold_mergeBWA.sh	1547
data_somatic/HG008/Liss_lab/analysis/Verkko_assemblies_05162024/HG008T/HG008T_verkko_v2.2/8-hicPipeline/scaffolding.log	140666578
data_somatic/HG008/Liss_lab/analysis/Verkko_assemblies_05162024/HG008T/HG008T_verkko_v2.2/8-hicPipeline/scaffolding_nodes.list	5134
data_somatic/HG008/Liss_lab/analysis/Verkko_assemblies_05162024/HG008T/HG008T_verkko_v2.2/8-hicPipeline/splitHIC.err	8002
data_somatic/HG008/Liss_lab/analysis/Verkko_assemblies_05162024/HG008T/HG008T_verkko_v2.2/8-hicPipeline/splitHIC.finished	0
data_somatic/HG008/Liss_lab/analysis/Verkko_assemblies_05162024/HG008T/HG008T_verkko_v2.2/8-hicPipeline/splitHIC.sh	1236
data_somatic/HG008/Liss_lab/analysis/Verkko_assemblies_05162024/HG008T/HG008T_verkko_v2.2/8-hicPipeline/transform_bwa.err	0
data_somatic/HG008/Liss_lab/analysis/Verkko_assemblies_05162024/HG008T/HG008T_verkko_v2.2/8-hicPipeline/transform_bwa.sh	335
data_somatic/HG008/Liss_lab/analysis/Verkko_assemblies_05162024/HG008T/HG008T_verkko_v2.2/8-hicPipeline/unitigs.fasta	4604491857
data_somatic/HG008/Liss_lab/analysis/Verkko_assemblies_05162024/HG008T/HG008T_verkko_v2.2/8-hicPipeline/unitigs.fasta.amb	18
data_somatic/HG008/Liss_lab/analysis/Verkko_assemblies_05162024/HG008T/HG008T_verkko_v2.2/8-hicPipeline/unitigs.fasta.ann	59477
data_somatic/HG008/Liss_lab/analysis/Verkko_assemblies_05162024/HG008T/HG008T_verkko_v2.2/8-hicPipeline/unitigs.fasta.bwt	4604473136
data_somatic/HG008/Liss_lab/analysis/Verkko_assemblies_05162024/HG008T/HG008T_verkko_v2.2/8-hicPipeline/unitigs.fasta.pac	1151118261
data_somatic/HG008/Liss_lab/analysis/Verkko_assemblies_05162024/HG008T/HG008T_verkko_v2.2/8-hicPipeline/unitigs.fasta.sa	2302236568
data_somatic/HG008/Liss_lab/analysis/Verkko_assemblies_05162024/HG008T/HG008T_verkko_v2.2/8-hicPipeline/unitigs.hpc.fasta	3205448669
data_somatic/HG008/Liss_lab/analysis/Verkko_assemblies_05162024/HG008T/HG008T_verkko_v2.2/8-hicPipeline/unitigs.hpc.noseq.gfa	216492
data_somatic/HG008/Liss_lab/analysis/Verkko_assemblies_05162024/HG008T/HG008T_verkko_v2.2/8-hicPipeline/unitigs.telo	2012
data_somatic/HG008/Liss_lab/analysis/Verkko_assemblies_05162024/HG008T/HG008T_verkko_v2.2/8-hicPipeline/unitigs_hpc50.mashmap	1289099
data_somatic/HG008/Liss_lab/analysis/Verkko_assemblies_05162024/HG008T/HG008T_verkko_v2.2/8-hicPipeline/unitigs_nonhpc50.mashmap	5257769
data_somatic/HG008/Liss_lab/analysis/Verkko_assemblies_05162024/HG008T/HG008T_verkko_v2.2/assembly.colors.csv	20007
data_somatic/HG008/Liss_lab/analysis/Verkko_assemblies_05162024/HG008T/HG008T_verkko_v2.2/assembly.disconnected.fasta	2139566
data_somatic/HG008/Liss_lab/analysis/Verkko_assemblies_05162024/HG008T/HG008T_verkko_v2.2/assembly.fasta	4624076799
data_somatic/HG008/Liss_lab/analysis/Verkko_assemblies_05162024/HG008T/HG008T_verkko_v2.2/assembly.haplotype1.fasta	2450514083
data_somatic/HG008/Liss_lab/analysis/Verkko_assemblies_05162024/HG008T/HG008T_verkko_v2.2/assembly.haplotype1.fasta.fai	1940
data_somatic/HG008/Liss_lab/analysis/Verkko_assemblies_05162024/HG008T/HG008T_verkko_v2.2/assembly.haplotype2.fasta	2102352486
data_somatic/HG008/Liss_lab/analysis/Verkko_assemblies_05162024/HG008T/HG008T_verkko_v2.2/assembly.haplotype2.fasta.fai	3479
data_somatic/HG008/Liss_lab/analysis/Verkko_assemblies_05162024/HG008T/HG008T_verkko_v2.2/assembly.homopolymer-compressed.gfa	3205587555
data_somatic/HG008/Liss_lab/analysis/Verkko_assemblies_05162024/HG008T/HG008T_verkko_v2.2/assembly.homopolymer-compressed.gfa.fa	3245515704
data_somatic/HG008/Liss_lab/analysis/Verkko_assemblies_05162024/HG008T/HG008T_verkko_v2.2/assembly.homopolymer-compressed.gfa.fa.fai	54714
data_somatic/HG008/Liss_lab/analysis/Verkko_assemblies_05162024/HG008T/HG008T_verkko_v2.2/assembly.homopolymer-compressed.layout	836858294
data_somatic/HG008/Liss_lab/analysis/Verkko_assemblies_05162024/HG008T/HG008T_verkko_v2.2/assembly.homopolymer-compressed.noseq.gfa	216492
data_somatic/HG008/Liss_lab/analysis/Verkko_assemblies_05162024/HG008T/HG008T_verkko_v2.2/assembly.paths.tsv	39401
data_somatic/HG008/Liss_lab/analysis/Verkko_assemblies_05162024/HG008T/HG008T_verkko_v2.2/assembly.scfmap	37400
data_somatic/HG008/Liss_lab/analysis/Verkko_assemblies_05162024/HG008T/HG008T_verkko_v2.2/assembly.unassigned.fasta	71210230
data_somatic/HG008/Liss_lab/analysis/Verkko_assemblies_05162024/HG008T/HG008T_verkko_v2.2/assembly.unassigned.fasta.fai	17807
data_somatic/HG008/Liss_lab/other_passages/analysis/GRCh38/BCM_ONT-std_HG008T-p2_20260313/HG008-T_vs_HG008-N-P/README_HG008-T_vs_HG008-N-P_ONT.md	9024
data_somatic/HG008/Liss_lab/other_passages/analysis/GRCh38/BCM_ONT-std_HG008T-p2_20260313/HG008-T_vs_HG008-N-P/checksums.md5	2630
data_somatic/HG008/Liss_lab/other_passages/analysis/GRCh38/BCM_ONT-std_HG008T-p2_20260313/HG008-T_vs_HG008-N-P/methylation/HG008T-p2.5hmC.dml.tsv	100478
data_somatic/HG008/Liss_lab/other_passages/analysis/GRCh38/BCM_ONT-std_HG008T-p2_20260313/HG008-T_vs_HG008-N-P/methylation/HG008T-p2.5hmC.dmr.tsv	2781
data_somatic/HG008/Liss_lab/other_passages/analysis/GRCh38/BCM_ONT-std_HG008T-p2_20260313/HG008-T_vs_HG008-N-P/methylation/HG008T-p2.5hmC.normal.bedmethyl.gz	470063352
data_somatic/HG008/Liss_lab/other_passages/analysis/GRCh38/BCM_ONT-std_HG008T-p2_20260313/HG008-T_vs_HG008-N-P/methylation/HG008T-p2.5hmC.normal.bedmethyl.gz.tbi	1786060
data_somatic/HG008/Liss_lab/other_passages/analysis/GRCh38/BCM_ONT-std_HG008T-p2_20260313/HG008-T_vs_HG008-N-P/methylation/HG008T-p2.5hmC.tumor.bedmethyl.gz	483683986
data_somatic/HG008/Liss_lab/other_passages/analysis/GRCh38/BCM_ONT-std_HG008T-p2_20260313/HG008-T_vs_HG008-N-P/methylation/HG008T-p2.5hmC.tumor.bedmethyl.gz.tbi	1778287
data_somatic/HG008/Liss_lab/other_passages/analysis/GRCh38/BCM_ONT-std_HG008T-p2_20260313/HG008-T_vs_HG008-N-P/methylation/HG008T-p2.5mC.dml.tsv	481221666
data_somatic/HG008/Liss_lab/other_passages/analysis/GRCh38/BCM_ONT-std_HG008T-p2_20260313/HG008-T_vs_HG008-N-P/methylation/HG008T-p2.5mC.dmr.tsv	7853522
data_somatic/HG008/Liss_lab/other_passages/analysis/GRCh38/BCM_ONT-std_HG008T-p2_20260313/HG008-T_vs_HG008-N-P/methylation/HG008T-p2.5mC.normal.bedmethyl.gz	493843719
data_somatic/HG008/Liss_lab/other_passages/analysis/GRCh38/BCM_ONT-std_HG008T-p2_20260313/HG008-T_vs_HG008-N-P/methylation/HG008T-p2.5mC.normal.bedmethyl.gz.tbi	1788082
data_somatic/HG008/Liss_lab/other_passages/analysis/GRCh38/BCM_ONT-std_HG008T-p2_20260313/HG008-T_vs_HG008-N-P/methylation/HG008T-p2.5mC.tumor.bedmethyl.gz	526180929
data_somatic/HG008/Liss_lab/other_passages/analysis/GRCh38/BCM_ONT-std_HG008T-p2_20260313/HG008-T_vs_HG008-N-P/methylation/HG008T-p2.5mC.tumor.bedmethyl.gz.tbi	1782266
data_somatic/HG008/Liss_lab/other_passages/analysis/GRCh38/BCM_ONT-std_HG008T-p2_20260313/HG008-T_vs_HG008-N-P/methylation/HG008T-p2.combined.normal.bedmethyl.gz	782598617
data_somatic/HG008/Liss_lab/other_passages/analysis/GRCh38/BCM_ONT-std_HG008T-p2_20260313/HG008-T_vs_HG008-N-P/methylation/HG008T-p2.combined.normal.bedmethyl.gz.tbi	1960683
data_somatic/HG008/Liss_lab/other_passages/analysis/GRCh38/BCM_ONT-std_HG008T-p2_20260313/HG008-T_vs_HG008-N-P/methylation/HG008T-p2.combined.tumor.bedmethyl.gz	804269846
data_somatic/HG008/Liss_lab/other_passages/analysis/GRCh38/BCM_ONT-std_HG008T-p2_20260313/HG008-T_vs_HG008-N-P/methylation/HG008T-p2.combined.tumor.bedmethyl.gz.tbi	1953344
data_somatic/HG008/Liss_lab/other_passages/analysis/GRCh38/BCM_ONT-std_HG008T-p2_20260313/HG008-T_vs_HG008-N-P/reports/HG008T-p2.wf-somatic-mod-report.html	14830294
data_somatic/HG008/Liss_lab/other_passages/analysis/GRCh38/BCM_ONT-std_HG008T-p2_20260313/HG008-T_vs_HG008-N-P/reports/HG008T-p2.wf-somatic-snv-report.html	2911044
data_somatic/HG008/Liss_lab/other_passages/analysis/GRCh38/BCM_ONT-std_HG008T-p2_20260313/HG008-T_vs_HG008-N-P/reports/HG008T-p2.wf-somatic-sv-report.html	2429120
data_somatic/HG008/Liss_lab/other_passages/analysis/GRCh38/BCM_ONT-std_HG008T-p2_20260313/HG008-T_vs_HG008-N-P/reports/HG008T-p2.wf-somatic-variation-report.html	2350116
data_somatic/HG008/Liss_lab/other_passages/analysis/GRCh38/BCM_ONT-std_HG008T-p2_20260313/HG008-T_vs_HG008-N-P/small_variants/HG008T-p2.clairs.germline.vcf.gz	65628674
data_somatic/HG008/Liss_lab/other_passages/analysis/GRCh38/BCM_ONT-std_HG008T-p2_20260313/HG008-T_vs_HG008-N-P/small_variants/HG008T-p2.clairs.germline.vcf.gz.tbi	1565710
data_somatic/HG008/Liss_lab/other_passages/analysis/GRCh38/BCM_ONT-std_HG008T-p2_20260313/HG008-T_vs_HG008-N-P/small_variants/HG008T-p2.clairs.somatic.vcf.gz	3116892
data_somatic/HG008/Liss_lab/other_passages/analysis/GRCh38/BCM_ONT-std_HG008T-p2_20260313/HG008-T_vs_HG008-N-P/small_variants/HG008T-p2.clairs.somatic.vcf.gz.tbi	205059
data_somatic/HG008/Liss_lab/other_passages/analysis/GRCh38/BCM_ONT-std_HG008T-p2_20260313/HG008-T_vs_HG008-N-P/small_variants/HG008T-p2.clairs.somatic_indel.vcf.gz	380421
data_somatic/HG008/Liss_lab/other_passages/analysis/GRCh38/BCM_ONT-std_HG008T-p2_20260313/HG008-T_vs_HG008-N-P/small_variants/HG008T-p2.clairs.somatic_indel.vcf.gz.tbi	77196
data_somatic/HG008/Liss_lab/other_passages/analysis/GRCh38/BCM_ONT-std_HG008T-p2_20260313/HG008-T_vs_HG008-N-P/small_variants/HG008T-p2.clairs.somatic_snv.vcf.gz	979973
data_somatic/HG008/Liss_lab/other_passages/analysis/GRCh38/BCM_ONT-std_HG008T-p2_20260313/HG008-T_vs_HG008-N-P/small_variants/HG008T-p2.clairs.somatic_snv.vcf.gz.tbi	147633
data_somatic/HG008/Liss_lab/other_passages/analysis/GRCh38/BCM_ONT-std_HG008T-p2_20260313/HG008-T_vs_HG008-N-P/small_variants/HG008T-p2.clinvar_annotated.vcf	77070
data_somatic/HG008/Liss_lab/other_passages/analysis/GRCh38/BCM_ONT-std_HG008T-p2_20260313/HG008-T_vs_HG008-N-P/structural_variants/HG008T-p2.breakpoint_clusters.tsv	12363
data_somatic/HG008/Liss_lab/other_passages/analysis/GRCh38/BCM_ONT-std_HG008T-p2_20260313/HG008-T_vs_HG008-N-P/structural_variants/HG008T-p2.severus.somatic.vcf.gz	44851
data_somatic/HG008/Liss_lab/other_passages/analysis/GRCh38/BCM_ONT-std_HG008T-p2_20260313/HG008-T_vs_HG008-N-P/structural_variants/HG008T-p2.severus.somatic.vcf.gz.tbi	13357
data_somatic/HG008/Liss_lab/superseded-2022-data/BCM_ILMN-somatic-analysis_20220816/BCM_Illumina_WGS_20220816.md5	1858
data_somatic/HG008/Liss_lab/superseded-2022-data/BCM_ILMN-somatic-analysis_20220816/CHM13v2.0_noPARmasking_CHM13mito/HG008-N-P_Illumina_150x_CHM13v2.0_sorted.bam	158115967743
data_somatic/HG008/Liss_lab/superseded-2022-data/BCM_ILMN-somatic-analysis_20220816/CHM13v2.0_noPARmasking_CHM13mito/HG008-N-P_Illumina_150x_CHM13v2.0_sorted.bam.bai	9776544
data_somatic/HG008/Liss_lab/superseded-2022-data/BCM_ILMN-somatic-analysis_20220816/CHM13v2.0_noPARmasking_CHM13mito/HG008-T_Illumina_191x_CHM13v2.0_sorted.bam	142020766471
data_somatic/HG008/Liss_lab/superseded-2022-data/BCM_ILMN-somatic-analysis_20220816/CHM13v2.0_noPARmasking_CHM13mito/HG008-T_Illumina_191x_CHM13v2.0_sorted.bam.bai	9607584
data_somatic/HG008/Liss_lab/superseded-2022-data/BCM_ILMN-somatic-analysis_20220816/HG008-N-P_Illumina_150x_GRCh37_sorted.bam	158267963376
data_somatic/HG008/Liss_lab/superseded-2022-data/BCM_ILMN-somatic-analysis_20220816/HG008-N-P_Illumina_150x_GRCh37_sorted.bam.bai	9342208
data_somatic/HG008/Liss_lab/superseded-2022-data/BCM_ILMN-somatic-analysis_20220816/HG008-N-P_Illumina_150x_GRCh38-GIABv3_sorted.bam	162144721537
data_somatic/HG008/Liss_lab/superseded-2022-data/BCM_ILMN-somatic-analysis_20220816/HG008-N-P_Illumina_150x_GRCh38-GIABv3_sorted.bam.bai	9505688
data_somatic/HG008/Liss_lab/superseded-2022-data/BCM_ILMN-somatic-analysis_20220816/HG008-N_Illumina_150x_GRCh38.hgv.cram	64112004440
data_somatic/HG008/Liss_lab/superseded-2022-data/BCM_ILMN-somatic-analysis_20220816/HG008-N_Illumina_150x_GRCh38.hgv.cram.crai	5349481
data_somatic/HG008/Liss_lab/superseded-2022-data/BCM_ILMN-somatic-analysis_20220816/HG008-N_Illumina_150x_GRCh38_sorted.bam	158845472320
data_somatic/HG008/Liss_lab/superseded-2022-data/BCM_ILMN-somatic-analysis_20220816/HG008-N_Illumina_150x_GRCh38_sorted.bam.bai	9493344
data_somatic/HG008/Liss_lab/superseded-2022-data/BCM_ILMN-somatic-analysis_20220816/HG008-N_Illumina_R1.fastq.gz	116851787955
data_somatic/HG008/Liss_lab/superseded-2022-data/BCM_ILMN-somatic-analysis_20220816/HG008-N_Illumina_R2.fastq.gz	123243000034
data_somatic/HG008/Liss_lab/superseded-2022-data/BCM_ILMN-somatic-analysis_20220816/HG008-T_Illumina_191x_GRCh37_sorted.bam	142238995552
data_somatic/HG008/Liss_lab/superseded-2022-data/BCM_ILMN-somatic-analysis_20220816/HG008-T_Illumina_191x_GRCh37_sorted.bam.bai	9180352
data_somatic/HG008/Liss_lab/superseded-2022-data/BCM_ILMN-somatic-analysis_20220816/HG008-T_Illumina_191x_GRCh38-GIABv3_sorted.bam	143257817422
data_somatic/HG008/Liss_lab/superseded-2022-data/BCM_ILMN-somatic-analysis_20220816/HG008-T_Illumina_191x_GRCh38-GIABv3_sorted.bam.bai	9385272
data_somatic/HG008/Liss_lab/superseded-2022-data/BCM_ILMN-somatic-analysis_20220816/HG008-T_Illumina_191x_GRCh38.hgv.cram	53940581526
data_somatic/HG008/Liss_lab/superseded-2022-data/BCM_ILMN-somatic-analysis_20220816/HG008-T_Illumina_191x_GRCh38.hgv.cram.crai	4968662
data_somatic/HG008/Liss_lab/superseded-2022-data/BCM_ILMN-somatic-analysis_20220816/HG008-T_Illumina_191x_GRCh38_sorted.bam	143538980094
data_somatic/HG008/Liss_lab/superseded-2022-data/BCM_ILMN-somatic-analysis_20220816/HG008-T_Illumina_191x_GRCh38_sorted.bam.bai	9376224
data_somatic/HG008/Liss_lab/superseded-2022-data/BCM_ILMN-somatic-analysis_20220816/HG008-T_Illumina_R1.fastq.gz	109331812294
data_somatic/HG008/Liss_lab/superseded-2022-data/BCM_ILMN-somatic-analysis_20220816/HG008-T_Illumina_R2.fastq.gz	112852439148
data_somatic/HG008/Liss_lab/superseded-2022-data/BCM_ILMN-somatic-analysis_20220816/README_BCM.md	27150
data_somatic/HG008/Liss_lab/superseded-2022-data/KaryoLogic_20220309/KaryoLogic_20220309.md5	133
data_somatic/HG008/Liss_lab/superseded-2022-data/KaryoLogic_20220309/Karyotype_results_MGH3066.pdf	317297
data_somatic/HG008/Liss_lab/superseded-2022-data/KaryoLogic_20220309/MGH3066_karyotyping_p31.xlsx	12928
data_somatic/HG008/Liss_lab/superseded-2022-data/KaryoLogic_20220309/README_KaryoLogic.md	5859
data_somatic/HG008/Liss_lab/superseded-2022-data/PhaseGenomics_HiC_20220629/HG008-T_HiC_PhaseGenomics_2_R1.fastq.gz	12851221670
data_somatic/HG008/Liss_lab/superseded-2022-data/PhaseGenomics_HiC_20220629/HG008-T_HiC_PhaseGenomics_2_R2.fastq.gz	13507128021
data_somatic/HG008/Liss_lab/superseded-2022-data/PhaseGenomics_HiC_20220629/HG008-T_HiC_PhaseGenomics_R1.fastq.gz	4647559236
data_somatic/HG008/Liss_lab/superseded-2022-data/PhaseGenomics_HiC_20220629/HG008-T_HiC_PhaseGenomics_R2.fastq.gz	5190701257
data_somatic/HG008/Liss_lab/superseded-2022-data/PhaseGenomics_HiC_20220629/HG008-T_HiC_PhaseGenomics_sorted_GRCh38.bam	28312545392
data_somatic/HG008/Liss_lab/superseded-2022-data/PhaseGenomics_HiC_20220629/HG008-T_HiC_PhaseGenomics_sorted_GRCh38.bam.bai	9006768
data_somatic/HG008/Liss_lab/superseded-2022-data/PhaseGenomics_HiC_20220629/HG008-T_HiC_PhaseGenomics_stats.tar.gz	39260920340
data_somatic/HG008/Liss_lab/superseded-2022-data/PhaseGenomics_HiC_20220629/PhaseGenomics_HiC_20220629.md5	539
data_somatic/HG008/Liss_lab/superseded-2022-data/PhaseGenomics_HiC_20220629/README_PhaseGenomics.md	12317
data_somatic/HG008/Liss_lab/superseded-2022-data/analysis/BCM_ILMN-somatic-analysis_20220816/BCM_ILMN-somatic-analysis_20220816.md5sum	7568
data_somatic/HG008/Liss_lab/superseded-2022-data/analysis/BCM_ILMN-somatic-analysis_20220816/Manta_results/IDUDI0002/candidateSV.vcf.gz	6238138
data_somatic/HG008/Liss_lab/superseded-2022-data/analysis/BCM_ILMN-somatic-analysis_20220816/Manta_results/IDUDI0002/candidateSV.vcf.gz.tbi	625176
data_somatic/HG008/Liss_lab/superseded-2022-data/analysis/BCM_ILMN-somatic-analysis_20220816/Manta_results/IDUDI0002/candidateSmallIndels.vcf.gz	3700573
data_somatic/HG008/Liss_lab/superseded-2022-data/analysis/BCM_ILMN-somatic-analysis_20220816/Manta_results/IDUDI0002/candidateSmallIndels.vcf.gz.tbi	728475
data_somatic/HG008/Liss_lab/superseded-2022-data/analysis/BCM_ILMN-somatic-analysis_20220816/Manta_results/IDUDI0002/diploidSV.vcf.gz	1272602
data_somatic/HG008/Liss_lab/superseded-2022-data/analysis/BCM_ILMN-somatic-analysis_20220816/Manta_results/IDUDI0002/diploidSV.vcf.gz.tbi	130825
data_somatic/HG008/Liss_lab/superseded-2022-data/analysis/BCM_ILMN-somatic-analysis_20220816/Manta_results/IDUDI0003/candidateSV.vcf.gz	5505908
data_somatic/HG008/Liss_lab/superseded-2022-data/analysis/BCM_ILMN-somatic-analysis_20220816/Manta_results/IDUDI0003/candidateSV.vcf.gz.tbi	569010
data_somatic/HG008/Liss_lab/superseded-2022-data/analysis/BCM_ILMN-somatic-analysis_20220816/Manta_results/IDUDI0003/candidateSmallIndels.vcf.gz	3214940
data_somatic/HG008/Liss_lab/superseded-2022-data/analysis/BCM_ILMN-somatic-analysis_20220816/Manta_results/IDUDI0003/candidateSmallIndels.vcf.gz.tbi	650568
data_somatic/HG008/Liss_lab/superseded-2022-data/analysis/BCM_ILMN-somatic-analysis_20220816/Manta_results/IDUDI0003/diploidSV.vcf.gz	1188099
data_somatic/HG008/Liss_lab/superseded-2022-data/analysis/BCM_ILMN-somatic-analysis_20220816/Manta_results/IDUDI0003/diploidSV.vcf.gz.tbi	123104
data_somatic/HG008/Liss_lab/superseded-2022-data/analysis/BCM_ILMN-somatic-analysis_20220816/Manta_results/Manta_results.md5	2146
data_somatic/HG008/Liss_lab/superseded-2022-data/analysis/BCM_ILMN-somatic-analysis_20220816/Manta_results/Normal_Tumor/candidateSV.vcf.gz	7335891
data_somatic/HG008/Liss_lab/superseded-2022-data/analysis/BCM_ILMN-somatic-analysis_20220816/Manta_results/Normal_Tumor/candidateSV.vcf.gz.tbi	642038
data_somatic/HG008/Liss_lab/superseded-2022-data/analysis/BCM_ILMN-somatic-analysis_20220816/Manta_results/Normal_Tumor/candidateSmallIndels.vcf.gz	3909546
data_somatic/HG008/Liss_lab/superseded-2022-data/analysis/BCM_ILMN-somatic-analysis_20220816/Manta_results/Normal_Tumor/candidateSmallIndels.vcf.gz.tbi	744745
data_somatic/HG008/Liss_lab/superseded-2022-data/analysis/BCM_ILMN-somatic-analysis_20220816/Manta_results/Normal_Tumor/diploidSV.vcf.gz	1274269
data_somatic/HG008/Liss_lab/superseded-2022-data/analysis/BCM_ILMN-somatic-analysis_20220816/Manta_results/Normal_Tumor/diploidSV.vcf.gz.tbi	132299
data_somatic/HG008/Liss_lab/superseded-2022-data/analysis/BCM_ILMN-somatic-analysis_20220816/Manta_results/Normal_Tumor/somaticSV.vcf	265418
data_somatic/HG008/Liss_lab/superseded-2022-data/analysis/BCM_ILMN-somatic-analysis_20220816/Manta_results/Normal_Tumor/somaticSV.vcf.gz	44550
data_somatic/HG008/Liss_lab/superseded-2022-data/analysis/BCM_ILMN-somatic-analysis_20220816/Manta_results/Normal_Tumor/somaticSV.vcf.gz.tbi	8281
data_somatic/HG008/Liss_lab/superseded-2022-data/analysis/BCM_ILMN-somatic-analysis_20220816/Manta_results/Normal_Tumor/somatic_SURVIVOR_stats.txt	146
data_somatic/HG008/Liss_lab/superseded-2022-data/analysis/BCM_ILMN-somatic-analysis_20220816/Manta_results/Normal_Tumor/somatic_SURVIVOR_stats.txt_CHR	790
data_somatic/HG008/Liss_lab/superseded-2022-data/analysis/BCM_ILMN-somatic-analysis_20220816/Manta_results/Normal_Tumor/somatic_SURVIVOR_summary.txt	93
data_somatic/HG008/Liss_lab/superseded-2022-data/analysis/BCM_ILMN-somatic-analysis_20220816/Manta_results/Normal_Tumor/somatic_SURVIVOR_summary.txt_CHR	14445
data_somatic/HG008/Liss_lab/superseded-2022-data/analysis/BCM_ILMN-somatic-analysis_20220816/Manta_results/Tumor_Only/candidateSV.vcf.gz	5471421
data_somatic/HG008/Liss_lab/superseded-2022-data/analysis/BCM_ILMN-somatic-analysis_20220816/Manta_results/Tumor_Only/candidateSV.vcf.gz.tbi	572187
data_somatic/HG008/Liss_lab/superseded-2022-data/analysis/BCM_ILMN-somatic-analysis_20220816/Manta_results/Tumor_Only/tumorSV.vcf.gz	2206298
data_somatic/HG008/Liss_lab/superseded-2022-data/analysis/BCM_ILMN-somatic-analysis_20220816/Manta_results/Tumor_Only/tumorSV.vcf.gz.tbi	184833
data_somatic/HG008/Liss_lab/superseded-2022-data/analysis/BCM_ILMN-somatic-analysis_20220816/Manta_results/readme.txt	361
data_somatic/HG008/Liss_lab/superseded-2022-data/analysis/BCM_ILMN-somatic-analysis_20220816/README_BCM.md	27162
data_somatic/HG008/Liss_lab/superseded-2022-data/analysis/BCM_ILMN-somatic-analysis_20220816/Strelka_results/Normal_Tumor/results_with_MantaCandidateIndel/stats/runStats.tsv	176
data_somatic/HG008/Liss_lab/superseded-2022-data/analysis/BCM_ILMN-somatic-analysis_20220816/Strelka_results/Normal_Tumor/results_with_MantaCandidateIndel/stats/runStats.xml	454
data_somatic/HG008/Liss_lab/superseded-2022-data/analysis/BCM_ILMN-somatic-analysis_20220816/Strelka_results/Normal_Tumor/results_with_MantaCandidateIndel/variants/somatic.indels.vcf.gz	17748005
data_somatic/HG008/Liss_lab/superseded-2022-data/analysis/BCM_ILMN-somatic-analysis_20220816/Strelka_results/Normal_Tumor/results_with_MantaCandidateIndel/variants/somatic.indels.vcf.gz.tbi	751462
data_somatic/HG008/Liss_lab/superseded-2022-data/analysis/BCM_ILMN-somatic-analysis_20220816/Strelka_results/Normal_Tumor/results_with_MantaCandidateIndel/variants/somatic.snvs.vcf.gz	63864817
data_somatic/HG008/Liss_lab/superseded-2022-data/analysis/BCM_ILMN-somatic-analysis_20220816/Strelka_results/Normal_Tumor/results_with_MantaCandidateIndel/variants/somatic.snvs.vcf.gz.tbi	1392660
data_somatic/HG008/Liss_lab/superseded-2022-data/analysis/BCM_ILMN-somatic-analysis_20220816/Strelka_results/Normal_Tumor/results_without_MantaCandidateIndel/stats/runStats.tsv	176
data_somatic/HG008/Liss_lab/superseded-2022-data/analysis/BCM_ILMN-somatic-analysis_20220816/Strelka_results/Normal_Tumor/results_without_MantaCandidateIndel/stats/runStats.xml	454
data_somatic/HG008/Liss_lab/superseded-2022-data/analysis/BCM_ILMN-somatic-analysis_20220816/Strelka_results/Normal_Tumor/results_without_MantaCandidateIndel/variants/somatic.indels.vcf.gz	17691629
data_somatic/HG008/Liss_lab/superseded-2022-data/analysis/BCM_ILMN-somatic-analysis_20220816/Strelka_results/Normal_Tumor/results_without_MantaCandidateIndel/variants/somatic.indels.vcf.gz.tbi	750779
data_somatic/HG008/Liss_lab/superseded-2022-data/analysis/BCM_ILMN-somatic-analysis_20220816/Strelka_results/Normal_Tumor/results_without_MantaCandidateIndel/variants/somatic.snvs.vcf.gz	63966619
data_somatic/HG008/Liss_lab/superseded-2022-data/analysis/BCM_ILMN-somatic-analysis_20220816/Strelka_results/Normal_Tumor/results_without_MantaCandidateIndel/variants/somatic.snvs.vcf.gz.tbi	1393816
data_somatic/HG008/Liss_lab/superseded-2022-data/analysis/BCM_ILMN-somatic-analysis_20220816/Strelka_results/Strelka_results.md5	1394
data_somatic/HG008/Liss_lab/superseded-2022-data/analysis/BCM_ILMN-somatic-analysis_20220816/xAtlas_results/IDUDI0002/IDUDI0002_indel.vcf	84990536
data_somatic/HG008/Liss_lab/superseded-2022-data/analysis/BCM_ILMN-somatic-analysis_20220816/xAtlas_results/IDUDI0002/IDUDI0002_indel.vcf.gz	22827951
data_somatic/HG008/Liss_lab/superseded-2022-data/analysis/BCM_ILMN-somatic-analysis_20220816/xAtlas_results/IDUDI0002/IDUDI0002_indel.vcf.gz.tbi	1493536
data_somatic/HG008/Liss_lab/superseded-2022-data/analysis/BCM_ILMN-somatic-analysis_20220816/xAtlas_results/IDUDI0002/IDUDI0002_snp.vcf	593815754
data_somatic/HG008/Liss_lab/superseded-2022-data/analysis/BCM_ILMN-somatic-analysis_20220816/xAtlas_results/IDUDI0002/IDUDI0002_snp.vcf.gz	115169039
data_somatic/HG008/Liss_lab/superseded-2022-data/analysis/BCM_ILMN-somatic-analysis_20220816/xAtlas_results/IDUDI0002/IDUDI0002_snp.vcf.gz.tbi	1696739
data_somatic/HG008/Liss_lab/superseded-2022-data/analysis/BCM_ILMN-somatic-analysis_20220816/xAtlas_results/IDUDI0002/xAtlas.sh	787
data_somatic/HG008/Liss_lab/superseded-2022-data/analysis/BCM_ILMN-somatic-analysis_20220816/xAtlas_results/IDUDI0003/IDUDI0003_indel.vcf	75165502
data_somatic/HG008/Liss_lab/superseded-2022-data/analysis/BCM_ILMN-somatic-analysis_20220816/xAtlas_results/IDUDI0003/IDUDI0003_indel.vcf.gz	20025540
data_somatic/HG008/Liss_lab/superseded-2022-data/analysis/BCM_ILMN-somatic-analysis_20220816/xAtlas_results/IDUDI0003/IDUDI0003_indel.vcf.gz.tbi	1433506
data_somatic/HG008/Liss_lab/superseded-2022-data/analysis/BCM_ILMN-somatic-analysis_20220816/xAtlas_results/IDUDI0003/IDUDI0003_snp.vcf	499069199
data_somatic/HG008/Liss_lab/superseded-2022-data/analysis/BCM_ILMN-somatic-analysis_20220816/xAtlas_results/IDUDI0003/IDUDI0003_snp.vcf.gz	92478613
data_somatic/HG008/Liss_lab/superseded-2022-data/analysis/BCM_ILMN-somatic-analysis_20220816/xAtlas_results/IDUDI0003/IDUDI0003_snp.vcf.gz.tbi	1683598
data_somatic/HG008/Liss_lab/superseded-2022-data/analysis/BCM_ILMN-somatic-analysis_20220816/xAtlas_results/IDUDI0003/xAtlas.sh	713
data_somatic/HG008/Liss_lab/superseded-2022-data/analysis/BCM_ILMN-somatic-analysis_20220816/xAtlas_results/xAtlas_results.md5	1160
data_somatic/HG008/Liss_lab/superseded-2022-data/analysis/BCM_Illumina_WGS_20220816/BCM_ILMN-somatic-analysis_20220816.md5sum	7568
data_somatic/HG008/Liss_lab/superseded-2022-data/analysis/BCM_Illumina_WGS_20220816/Manta_results/IDUDI0002/candidateSV.vcf.gz	6238138
data_somatic/HG008/Liss_lab/superseded-2022-data/analysis/BCM_Illumina_WGS_20220816/Manta_results/IDUDI0002/candidateSV.vcf.gz.tbi	625176
data_somatic/HG008/Liss_lab/superseded-2022-data/analysis/BCM_Illumina_WGS_20220816/Manta_results/IDUDI0002/candidateSmallIndels.vcf.gz	3700573
data_somatic/HG008/Liss_lab/superseded-2022-data/analysis/BCM_Illumina_WGS_20220816/Manta_results/IDUDI0002/candidateSmallIndels.vcf.gz.tbi	728475
data_somatic/HG008/Liss_lab/superseded-2022-data/analysis/BCM_Illumina_WGS_20220816/Manta_results/IDUDI0002/diploidSV.vcf.gz	1272602
data_somatic/HG008/Liss_lab/superseded-2022-data/analysis/BCM_Illumina_WGS_20220816/Manta_results/IDUDI0002/diploidSV.vcf.gz.tbi	130825
data_somatic/HG008/Liss_lab/superseded-2022-data/analysis/BCM_Illumina_WGS_20220816/Manta_results/IDUDI0003/candidateSV.vcf.gz	5505908
data_somatic/HG008/Liss_lab/superseded-2022-data/analysis/BCM_Illumina_WGS_20220816/Manta_results/IDUDI0003/candidateSV.vcf.gz.tbi	569010
data_somatic/HG008/Liss_lab/superseded-2022-data/analysis/BCM_Illumina_WGS_20220816/Manta_results/IDUDI0003/candidateSmallIndels.vcf.gz	3214940
data_somatic/HG008/Liss_lab/superseded-2022-data/analysis/BCM_Illumina_WGS_20220816/Manta_results/IDUDI0003/candidateSmallIndels.vcf.gz.tbi	650568
data_somatic/HG008/Liss_lab/superseded-2022-data/analysis/BCM_Illumina_WGS_20220816/Manta_results/IDUDI0003/diploidSV.vcf.gz	1188099
data_somatic/HG008/Liss_lab/superseded-2022-data/analysis/BCM_Illumina_WGS_20220816/Manta_results/IDUDI0003/diploidSV.vcf.gz.tbi	123104
data_somatic/HG008/Liss_lab/superseded-2022-data/analysis/BCM_Illumina_WGS_20220816/Manta_results/Manta_results.md5	2146
data_somatic/HG008/Liss_lab/superseded-2022-data/analysis/BCM_Illumina_WGS_20220816/Manta_results/Normal_Tumor/candidateSV.vcf.gz	7335891
data_somatic/HG008/Liss_lab/superseded-2022-data/analysis/BCM_Illumina_WGS_20220816/Manta_results/Normal_Tumor/candidateSV.vcf.gz.tbi	642038
data_somatic/HG008/Liss_lab/superseded-2022-data/analysis/BCM_Illumina_WGS_20220816/Manta_results/Normal_Tumor/candidateSmallIndels.vcf.gz	3909546
data_somatic/HG008/Liss_lab/superseded-2022-data/analysis/BCM_Illumina_WGS_20220816/Manta_results/Normal_Tumor/candidateSmallIndels.vcf.gz.tbi	744745
data_somatic/HG008/Liss_lab/superseded-2022-data/analysis/BCM_Illumina_WGS_20220816/Manta_results/Normal_Tumor/diploidSV.vcf.gz	1274269
data_somatic/HG008/Liss_lab/superseded-2022-data/analysis/BCM_Illumina_WGS_20220816/Manta_results/Normal_Tumor/diploidSV.vcf.gz.tbi	132299
data_somatic/HG008/Liss_lab/superseded-2022-data/analysis/BCM_Illumina_WGS_20220816/Manta_results/Normal_Tumor/somaticSV.vcf	265418
data_somatic/HG008/Liss_lab/superseded-2022-data/analysis/BCM_Illumina_WGS_20220816/Manta_results/Normal_Tumor/somaticSV.vcf.gz	44550
data_somatic/HG008/Liss_lab/superseded-2022-data/analysis/BCM_Illumina_WGS_20220816/Manta_results/Normal_Tumor/somaticSV.vcf.gz.tbi	8281
data_somatic/HG008/Liss_lab/superseded-2022-data/analysis/BCM_Illumina_WGS_20220816/Manta_results/Normal_Tumor/somatic_SURVIVOR_stats.txt	146
data_somatic/HG008/Liss_lab/superseded-2022-data/analysis/BCM_Illumina_WGS_20220816/Manta_results/Normal_Tumor/somatic_SURVIVOR_stats.txt_CHR	790
data_somatic/HG008/Liss_lab/superseded-2022-data/analysis/BCM_Illumina_WGS_20220816/Manta_results/Normal_Tumor/somatic_SURVIVOR_summary.txt	93
data_somatic/HG008/Liss_lab/superseded-2022-data/analysis/BCM_Illumina_WGS_20220816/Manta_results/Normal_Tumor/somatic_SURVIVOR_summary.txt_CHR	14445
data_somatic/HG008/Liss_lab/superseded-2022-data/analysis/BCM_Illumina_WGS_20220816/Manta_results/Tumor_Only/candidateSV.vcf.gz	5471421
data_somatic/HG008/Liss_lab/superseded-2022-data/analysis/BCM_Illumina_WGS_20220816/Manta_results/Tumor_Only/candidateSV.vcf.gz.tbi	572187
data_somatic/HG008/Liss_lab/superseded-2022-data/analysis/BCM_Illumina_WGS_20220816/Manta_results/Tumor_Only/tumorSV.vcf.gz	2206298
data_somatic/HG008/Liss_lab/superseded-2022-data/analysis/BCM_Illumina_WGS_20220816/Manta_results/Tumor_Only/tumorSV.vcf.gz.tbi	184833
data_somatic/HG008/Liss_lab/superseded-2022-data/analysis/BCM_Illumina_WGS_20220816/Manta_results/readme.txt	361
data_somatic/HG008/Liss_lab/superseded-2022-data/analysis/BCM_Illumina_WGS_20220816/README_BCM.md	27162
data_somatic/HG008/Liss_lab/superseded-2022-data/analysis/BCM_Illumina_WGS_20220816/Strelka_results/Normal_Tumor/results_with_MantaCandidateIndel/stats/runStats.tsv	176
data_somatic/HG008/Liss_lab/superseded-2022-data/analysis/BCM_Illumina_WGS_20220816/Strelka_results/Normal_Tumor/results_with_MantaCandidateIndel/stats/runStats.xml	454
data_somatic/HG008/Liss_lab/superseded-2022-data/analysis/BCM_Illumina_WGS_20220816/Strelka_results/Normal_Tumor/results_with_MantaCandidateIndel/variants/somatic.indels.vcf.gz	17748005
data_somatic/HG008/Liss_lab/superseded-2022-data/analysis/BCM_Illumina_WGS_20220816/Strelka_results/Normal_Tumor/results_with_MantaCandidateIndel/variants/somatic.indels.vcf.gz.tbi	751462
data_somatic/HG008/Liss_lab/superseded-2022-data/analysis/BCM_Illumina_WGS_20220816/Strelka_results/Normal_Tumor/results_with_MantaCandidateIndel/variants/somatic.snvs.vcf.gz	63864817
data_somatic/HG008/Liss_lab/superseded-2022-data/analysis/BCM_Illumina_WGS_20220816/Strelka_results/Normal_Tumor/results_with_MantaCandidateIndel/variants/somatic.snvs.vcf.gz.tbi	1392660
data_somatic/HG008/Liss_lab/superseded-2022-data/analysis/BCM_Illumina_WGS_20220816/Strelka_results/Normal_Tumor/results_without_MantaCandidateIndel/stats/runStats.tsv	176
data_somatic/HG008/Liss_lab/superseded-2022-data/analysis/BCM_Illumina_WGS_20220816/Strelka_results/Normal_Tumor/results_without_MantaCandidateIndel/stats/runStats.xml	454
data_somatic/HG008/Liss_lab/superseded-2022-data/analysis/BCM_Illumina_WGS_20220816/Strelka_results/Normal_Tumor/results_without_MantaCandidateIndel/variants/somatic.indels.vcf.gz	17691629
data_somatic/HG008/Liss_lab/superseded-2022-data/analysis/BCM_Illumina_WGS_20220816/Strelka_results/Normal_Tumor/results_without_MantaCandidateIndel/variants/somatic.indels.vcf.gz.tbi	750779
data_somatic/HG008/Liss_lab/superseded-2022-data/analysis/BCM_Illumina_WGS_20220816/Strelka_results/Normal_Tumor/results_without_MantaCandidateIndel/variants/somatic.snvs.vcf.gz	63966619
data_somatic/HG008/Liss_lab/superseded-2022-data/analysis/BCM_Illumina_WGS_20220816/Strelka_results/Normal_Tumor/results_without_MantaCandidateIndel/variants/somatic.snvs.vcf.gz.tbi	1393816
data_somatic/HG008/Liss_lab/superseded-2022-data/analysis/BCM_Illumina_WGS_20220816/Strelka_results/Strelka_results.md5	1394
data_somatic/HG008/Liss_lab/superseded-2022-data/analysis/BCM_Illumina_WGS_20220816/xAtlas_results/IDUDI0002/IDUDI0002_indel.vcf	84990536
data_somatic/HG008/Liss_lab/superseded-2022-data/analysis/BCM_Illumina_WGS_20220816/xAtlas_results/IDUDI0002/IDUDI0002_indel.vcf.gz	22827951
data_somatic/HG008/Liss_lab/superseded-2022-data/analysis/BCM_Illumina_WGS_20220816/xAtlas_results/IDUDI0002/IDUDI0002_indel.vcf.gz.tbi	1493536
data_somatic/HG008/Liss_lab/superseded-2022-data/analysis/BCM_Illumina_WGS_20220816/xAtlas_results/IDUDI0002/IDUDI0002_snp.vcf	593815754
data_somatic/HG008/Liss_lab/superseded-2022-data/analysis/BCM_Illumina_WGS_20220816/xAtlas_results/IDUDI0002/IDUDI0002_snp.vcf.gz	115169039
data_somatic/HG008/Liss_lab/superseded-2022-data/analysis/BCM_Illumina_WGS_20220816/xAtlas_results/IDUDI0002/IDUDI0002_snp.vcf.gz.tbi	1696739
data_somatic/HG008/Liss_lab/superseded-2022-data/analysis/BCM_Illumina_WGS_20220816/xAtlas_results/IDUDI0002/xAtlas.err	205374
data_somatic/HG008/Liss_lab/superseded-2022-data/analysis/BCM_Illumina_WGS_20220816/xAtlas_results/IDUDI0002/xAtlas.sh	787
data_somatic/HG008/Liss_lab/superseded-2022-data/analysis/BCM_Illumina_WGS_20220816/xAtlas_results/IDUDI0003/IDUDI0003_indel.vcf	75165502
data_somatic/HG008/Liss_lab/superseded-2022-data/analysis/BCM_Illumina_WGS_20220816/xAtlas_results/IDUDI0003/IDUDI0003_indel.vcf.gz	20025540
data_somatic/HG008/Liss_lab/superseded-2022-data/analysis/BCM_Illumina_WGS_20220816/xAtlas_results/IDUDI0003/IDUDI0003_indel.vcf.gz.tbi	1433506
data_somatic/HG008/Liss_lab/superseded-2022-data/analysis/BCM_Illumina_WGS_20220816/xAtlas_results/IDUDI0003/IDUDI0003_snp.vcf	499069199
data_somatic/HG008/Liss_lab/superseded-2022-data/analysis/BCM_Illumina_WGS_20220816/xAtlas_results/IDUDI0003/IDUDI0003_snp.vcf.gz	92478613
data_somatic/HG008/Liss_lab/superseded-2022-data/analysis/BCM_Illumina_WGS_20220816/xAtlas_results/IDUDI0003/IDUDI0003_snp.vcf.gz.tbi	1683598
data_somatic/HG008/Liss_lab/superseded-2022-data/analysis/BCM_Illumina_WGS_20220816/xAtlas_results/IDUDI0003/xAtlas.err	205373
data_somatic/HG008/Liss_lab/superseded-2022-data/analysis/BCM_Illumina_WGS_20220816/xAtlas_results/IDUDI0003/xAtlas.sh	713
data_somatic/HG008/Liss_lab/superseded-2022-data/analysis/BCM_Illumina_WGS_20220816/xAtlas_results/xAtlas_results.md5	1160
data_somatic/HG008/Liss_lab/superseded-2022-data/analysis/DRAGEN-v4.2.4_ILMN-WGS_20230914/README_DRAGEN.md	12474
data_somatic/HG008/Liss_lab/superseded-2022-data/analysis/DRAGEN-v4.2.4_ILMN-WGS_20230914/annotations/README_DRAGEN_annotations.md	8890
data_somatic/HG008/Liss_lab/superseded-2022-data/analysis/DRAGEN-v4.2.4_ILMN-WGS_20230914/annotations/checksums.md5	381
data_somatic/HG008/Liss_lab/superseded-2022-data/analysis/DRAGEN-v4.2.4_ILMN-WGS_20230914/annotations/dragen_4.2.4_HG008_tumor.hard-filtered.hg38_multianno.vcf.gz	4916638
data_somatic/HG008/Liss_lab/superseded-2022-data/analysis/DRAGEN-v4.2.4_ILMN-WGS_20230914/annotations/dragen_4.2.4_HG008_tumor.hard-filtered.hg38_multianno_clinvar.vcf.gz	5057454
data_somatic/HG008/Liss_lab/superseded-2022-data/analysis/DRAGEN-v4.2.4_ILMN-WGS_20230914/annotations/dragen_4.2.4_HG008_tumor.hard-filtered.hg38_multianno_clinvar.vcf.gz.tbi	346812
data_somatic/HG008/Liss_lab/superseded-2022-data/analysis/DRAGEN-v4.2.4_ILMN-WGS_20230914/annotations/dragen_4.2.4_HG008_tumor.hard-filtered.vcf.gz	3193820
data_somatic/HG008/Liss_lab/superseded-2022-data/analysis/DRAGEN-v4.2.4_ILMN-WGS_20230914/annotations/run_annovar.sh	876
data_somatic/HG008/Liss_lab/superseded-2022-data/analysis/DRAGEN-v4.2.4_ILMN-WGS_20230914/dragen_4.2.4_HG008_tumor.cnv.vcf.gz	16163
data_somatic/HG008/Liss_lab/superseded-2022-data/analysis/DRAGEN-v4.2.4_ILMN-WGS_20230914/dragen_4.2.4_HG008_tumor.cnv.vcf.gz.tbi	6232
data_somatic/HG008/Liss_lab/superseded-2022-data/analysis/DRAGEN-v4.2.4_ILMN-WGS_20230914/dragen_4.2.4_HG008_tumor.hard-filtered.vcf.gz	3193820
data_somatic/HG008/Liss_lab/superseded-2022-data/analysis/DRAGEN-v4.2.4_ILMN-WGS_20230914/dragen_4.2.4_HG008_tumor.hard-filtered.vcf.gz.tbi	333735
data_somatic/HG008/Liss_lab/superseded-2022-data/analysis/DRAGEN-v4.2.4_ILMN-WGS_20230914/dragen_4.2.4_HG008_tumor.md5	450
data_somatic/HG008/Liss_lab/superseded-2022-data/analysis/DRAGEN-v4.2.4_ILMN-WGS_20230914/dragen_4.2.4_HG008_tumor.sv.vcf.gz	44407
data_somatic/HG008/Liss_lab/superseded-2022-data/analysis/DRAGEN-v4.2.4_ILMN-WGS_20230914/dragen_4.2.4_HG008_tumor.sv.vcf.gz.tbi	6581
data_somatic/HG008/Liss_lab/superseded-2022-data/analysis/HKU_ILMN_ClairS_v0.1.7-SNV-INDEL_20240326/HG008_T_N-P_Ilmn_CHM13v2.0_ClairS_v0.1.7_snv.vcf.gz	978180
data_somatic/HG008/Liss_lab/superseded-2022-data/analysis/HKU_ILMN_ClairS_v0.1.7-SNV-INDEL_20240326/HG008_T_N-P_Ilmn_CHM13v2.0_ClairS_v0.1.7_snv.vcf.gz.tbi	188473
data_somatic/HG008/Liss_lab/superseded-2022-data/analysis/HKU_ILMN_ClairS_v0.1.7-SNV-INDEL_20240326/HG008_T_N-P_Ilmn_GRCh37_ClairS_v0.1.7_snv.vcf.gz	646944
data_somatic/HG008/Liss_lab/superseded-2022-data/analysis/HKU_ILMN_ClairS_v0.1.7-SNV-INDEL_20240326/HG008_T_N-P_Ilmn_GRCh37_ClairS_v0.1.7_snv.vcf.gz.tbi	157865
data_somatic/HG008/Liss_lab/superseded-2022-data/analysis/HKU_ILMN_ClairS_v0.1.7-SNV-INDEL_20240326/HG008_T_N-P_Ilmn_GRCh38-GIABv3_ClairS_v0.1.7_snv.vcf.gz	814583
data_somatic/HG008/Liss_lab/superseded-2022-data/analysis/HKU_ILMN_ClairS_v0.1.7-SNV-INDEL_20240326/HG008_T_N-P_Ilmn_GRCh38-GIABv3_ClairS_v0.1.7_snv.vcf.gz.tbi	171784
data_somatic/HG008/Liss_lab/superseded-2022-data/analysis/HKU_ILMN_ClairS_v0.1.7-SNV-INDEL_20240326/README_HKU_ClairS.md	13185
data_somatic/HG008/Liss_lab/superseded-2022-data/analysis/HKU_ILMN_ClairS_v0.1.7-SNV-INDEL_20240326/checksums.md5	1688
data_somatic/HG008/Liss_lab/superseded-2022-data/analysis/NCBI_Illumina_WGS_Somatic_SVs_GRIDSS2_20240430/README_Illumina_gridss2_ncbi_20240430	2831
data_somatic/HG008/Liss_lab/superseded-2022-data/analysis/NCBI_Illumina_WGS_Somatic_SVs_GRIDSS2_20240430/tumor.gripss.filtered.simple_Illumina_GRCh37.bed	5617
data_somatic/HG008/Liss_lab/superseded-2022-data/analysis/NCBI_Illumina_WGS_Somatic_SVs_GRIDSS2_20240430/tumor.gripss.filtered.simple_Illumina_GRCh38.bed	6089
data_somatic/HG008/Liss_lab/superseded-2022-data/analysis/NCBI_Illumina_WGS_Somatic_SVs_GRIDSS2_20240430/tumor.gripss.filtered.simple_Illumina_T2TCHM13v2.bed	6035
data_somatic/HG008/Liss_lab/superseded-2022-data/analysis/NCBI_Illumina_WGS_Somatic_SVs_GRIDSS2_20240430/tumor.gripss.filtered.sv.annotated_Illumina_GRCh37.vcf	557298
data_somatic/HG008/Liss_lab/superseded-2022-data/analysis/NCBI_Illumina_WGS_Somatic_SVs_GRIDSS2_20240430/tumor.gripss.filtered.sv.annotated_Illumina_GRCh38.vcf	527826
data_somatic/HG008/Liss_lab/superseded-2022-data/analysis/NCBI_Illumina_WGS_Somatic_SVs_GRIDSS2_20240430/tumor.gripss.filtered.sv.annotated_Illumina_T2TCHM13v2.vcf	590259
data_somatic/HG008/Liss_lab/superseded-2022-data/analysis/NIST-Year1_BCM-ILMN-WGS_2022/.DS_Store	6148
data_somatic/HG008/Liss_lab/superseded-2022-data/analysis/NIST-Year1_BCM-ILMN-WGS_2022/Lancet/lancet_HG008-T_HG008-N-P.vcf.gz	282184660
data_somatic/HG008/Liss_lab/superseded-2022-data/analysis/NIST-Year1_BCM-ILMN-WGS_2022/Lancet/lancet_HG008-T_HG008-N-P.vcf.gz.tbi	1687744
data_somatic/HG008/Liss_lab/superseded-2022-data/analysis/NIST-Year1_BCM-ILMN-WGS_2022/Mutect2/mutect2-GATK-FilterMutectCalls.sh	395
data_somatic/HG008/Liss_lab/superseded-2022-data/analysis/NIST-Year1_BCM-ILMN-WGS_2022/Mutect2/mutect2_HG008-T_HG008-N-P_filtered.vcf.gz	54872873
data_somatic/HG008/Liss_lab/superseded-2022-data/analysis/NIST-Year1_BCM-ILMN-WGS_2022/Mutect2/mutect2_HG008-T_HG008-N-P_filtered.vcf.gz.tbi	1634251
data_somatic/HG008/Liss_lab/superseded-2022-data/analysis/NIST-Year1_BCM-ILMN-WGS_2022/Mutect2/mutect2_HPC-run-script.sh	1498
data_somatic/HG008/Liss_lab/superseded-2022-data/analysis/NIST-Year1_BCM-ILMN-WGS_2022/Neusomatic/NeuSomatic-ensemble_HPC-run.txt	2171
data_somatic/HG008/Liss_lab/superseded-2022-data/analysis/NIST-Year1_BCM-ILMN-WGS_2022/Neusomatic/NeuSomatic-standalone_HPC-run.txt	1988
data_somatic/HG008/Liss_lab/superseded-2022-data/analysis/NIST-Year1_BCM-ILMN-WGS_2022/Neusomatic/neusomatic_ensemble_HG008-T_HG008-N-P.vcf.gz	412967
data_somatic/HG008/Liss_lab/superseded-2022-data/analysis/NIST-Year1_BCM-ILMN-WGS_2022/Neusomatic/neusomatic_ensemble_HG008-T_HG008-N-P.vcf.gz.tbi	136229
data_somatic/HG008/Liss_lab/superseded-2022-data/analysis/NIST-Year1_BCM-ILMN-WGS_2022/Neusomatic/neusomatic_standalone_HG008-T_HG008-N-P.gz	534860
data_somatic/HG008/Liss_lab/superseded-2022-data/analysis/NIST-Year1_BCM-ILMN-WGS_2022/Neusomatic/neusomatic_standalone_HG008-T_HG008-N-P.vcf.gz.tbi	168498
data_somatic/HG008/Liss_lab/superseded-2022-data/analysis/NIST-Year1_BCM-ILMN-WGS_2022/README_NIST-year1-analysis.md	11972
data_somatic/HG008/Liss_lab/superseded-2022-data/analysis/NIST-Year1_BCM-ILMN-WGS_2022/Strelka2/runWorkflow.py	8151
data_somatic/HG008/Liss_lab/superseded-2022-data/analysis/NIST-Year1_BCM-ILMN-WGS_2022/Strelka2/strelka2_HG008-T_HG008-N-P.vcf.gz	102243670
data_somatic/HG008/Liss_lab/superseded-2022-data/analysis/NIST-Year1_BCM-ILMN-WGS_2022/Strelka2/strelka2_HG008-T_HG008-N-P.vcf.gz.tbi	1586950
data_somatic/HG008/Liss_lab/superseded-2022-data/analysis/NIST-Year1_BCM-ILMN-WGS_2022/Strelka2/strelka_snv_indel_combine.sh	1442
data_somatic/HG008/Liss_lab/superseded-2022-data/analysis/NIST-Year1_BCM-ILMN-WGS_2022/checksums.md5	1409
data_somatic/HG008/Liss_lab/superseded-2022-data/analysis/PhaseGenomics_HiC_20220629/HG008-T_PhaseGenomics_coverage_MAF.png	4501125
data_somatic/HG008/Liss_lab/superseded-2022-data/analysis/PhaseGenomics_HiC_20220629/HG008-T_PhaseGenomics_report.pdf	3117767
data_somatic/HG008/Liss_lab/superseded-2022-data/analysis/PhaseGenomics_HiC_20220629/PhaseGenomics_HiC_20220629.md5	274
data_somatic/HG008/Liss_lab/superseded-2022-data/analysis/PhaseGenomics_HiC_20220629/README_PhaseGenomics-analysis.md	7970
data_somatic/HG008/Liss_lab/superseded-2022-data/analysis/PhaseGenomics_HiC_20220629/README_PhaseGenomics.md	10062
data_somatic/HG008/Liss_lab/superseded-2022-data/analysis/PhaseGenomics_HiC_20220629/callset.mgh3066.052623.tsv	335323
data_somatic/HG008/Liss_lab/superseded-2022-data/analysis/UCSC_ILMN_DeepSomatic-SNV-INDEL_20240308/0201_HG008_Ilmn_DeepSomatic_v1.6.0_model277.vcf.gz	397632452
data_somatic/HG008/Liss_lab/superseded-2022-data/analysis/UCSC_ILMN_DeepSomatic-SNV-INDEL_20240308/0201_HG008_Ilmn_DeepSomatic_v1.6.0_model277.vcf.gz.tbi	1775415
data_somatic/HG008/Liss_lab/superseded-2022-data/analysis/UCSC_ILMN_DeepSomatic-SNV-INDEL_20240308/0201_HG008_Ilmn_DeepSomatic_v1.6.0_model277_somaticOnly.vcf.gz	439910
data_somatic/HG008/Liss_lab/superseded-2022-data/analysis/UCSC_ILMN_DeepSomatic-SNV-INDEL_20240308/0201_HG008_Ilmn_DeepSomatic_v1.6.0_model277_somaticOnly.vcf.gz.tbi	177988
data_somatic/HG008/Liss_lab/superseded-2022-data/analysis/UCSC_ILMN_DeepSomatic-SNV-INDEL_20240308/README_UCSC_DeepSomatic.md	7601
data_somatic/HG008/Liss_lab/superseded-2022-data/analysis/UCSC_ILMN_DeepSomatic-SNV-INDEL_20240308/checksums.md5	368
data_somatic/HG008/NIST/HG008-T_bulk/20240508p100/analysis/GRCh38/BCM_Revio_HG008T-p100_20260313/HG008-T_vs_HG008-N-P/README_HG008-T_vs_HG008-N-P.md	12043
data_somatic/HG008/NIST/HG008-T_bulk/20240508p100/analysis/GRCh38/BCM_Revio_HG008T-p100_20260313/HG008-T_vs_HG008-N-P/biomarkers/HG008T-p100.chord_hrd.txt	116
data_somatic/HG008/NIST/HG008-T_bulk/20240508p100/analysis/GRCh38/BCM_Revio_HG008T-p100_20260313/HG008-T_vs_HG008-N-P/biomarkers/HG008T-p100.mutation_signatures.pdf	8772
data_somatic/HG008/NIST/HG008-T_bulk/20240508p100/analysis/GRCh38/BCM_Revio_HG008T-p100_20260313/HG008-T_vs_HG008-N-P/biomarkers/HG008T-p100.owl_msi.txt	129
data_somatic/HG008/NIST/HG008-T_bulk/20240508p100/analysis/GRCh38/BCM_Revio_HG008T-p100_20260313/HG008-T_vs_HG008-N-P/biomarkers/HG008T-p100.tmb_estimate.json	2244
data_somatic/HG008/NIST/HG008-T_bulk/20240508p100/analysis/GRCh38/BCM_Revio_HG008T-p100_20260313/HG008-T_vs_HG008-N-P/checksums.md5	3534
data_somatic/HG008/NIST/HG008-T_bulk/20240508p100/analysis/GRCh38/BCM_Revio_HG008T-p100_20260313/HG008-T_vs_HG008-N-P/copy_number/HG008T-p100.cnvkit.call.cns	368422
data_somatic/HG008/NIST/HG008-T_bulk/20240508p100/analysis/GRCh38/BCM_Revio_HG008T-p100_20260313/HG008-T_vs_HG008-N-P/copy_number/HG008T-p100.cnvkit.cns	425350
data_somatic/HG008/NIST/HG008-T_bulk/20240508p100/analysis/GRCh38/BCM_Revio_HG008T-p100_20260313/HG008-T_vs_HG008-N-P/copy_number/HG008T-p100.cnvkit_diagram.pdf	4133688
data_somatic/HG008/NIST/HG008-T_bulk/20240508p100/analysis/GRCh38/BCM_Revio_HG008T-p100_20260313/HG008-T_vs_HG008-N-P/copy_number/HG008T-p100.cnvkit_scatter.png	175939
data_somatic/HG008/NIST/HG008-T_bulk/20240508p100/analysis/GRCh38/BCM_Revio_HG008T-p100_20260313/HG008-T_vs_HG008-N-P/copy_number/HG008T-p100.purple.cnv.gene.tsv	5148067
data_somatic/HG008/NIST/HG008-T_bulk/20240508p100/analysis/GRCh38/BCM_Revio_HG008T-p100_20260313/HG008-T_vs_HG008-N-P/copy_number/HG008T-p100.purple.germline.deletion.tsv	32255
data_somatic/HG008/NIST/HG008-T_bulk/20240508p100/analysis/GRCh38/BCM_Revio_HG008T-p100_20260313/HG008-T_vs_HG008-N-P/copy_number/HG008T-p100.purple.purity.tsv	474
data_somatic/HG008/NIST/HG008-T_bulk/20240508p100/analysis/GRCh38/BCM_Revio_HG008T-p100_20260313/HG008-T_vs_HG008-N-P/copy_number/HG008T-p100.purple.segment.tsv	260923
data_somatic/HG008/NIST/HG008-T_bulk/20240508p100/analysis/GRCh38/BCM_Revio_HG008T-p100_20260313/HG008-T_vs_HG008-N-P/copy_number/HG008T-p100.wakhan.tar.gz	490240214
data_somatic/HG008/NIST/HG008-T_bulk/20240508p100/analysis/GRCh38/BCM_Revio_HG008T-p100_20260313/HG008-T_vs_HG008-N-P/methylation/HG008-N-P.normal.cpg.combined.bed.gz	295545545
data_somatic/HG008/NIST/HG008-T_bulk/20240508p100/analysis/GRCh38/BCM_Revio_HG008T-p100_20260313/HG008-T_vs_HG008-N-P/methylation/HG008-N-P.normal.cpg.combined.bed.gz.tbi	1703017
data_somatic/HG008/NIST/HG008-T_bulk/20240508p100/analysis/GRCh38/BCM_Revio_HG008T-p100_20260313/HG008-T_vs_HG008-N-P/methylation/HG008-N-P.normal.cpg.hap1.bed.gz	234816981
data_somatic/HG008/NIST/HG008-T_bulk/20240508p100/analysis/GRCh38/BCM_Revio_HG008T-p100_20260313/HG008-T_vs_HG008-N-P/methylation/HG008-N-P.normal.cpg.hap1.bed.gz.tbi	1544736
data_somatic/HG008/NIST/HG008-T_bulk/20240508p100/analysis/GRCh38/BCM_Revio_HG008T-p100_20260313/HG008-T_vs_HG008-N-P/methylation/HG008-N-P.normal.cpg.hap2.bed.gz	234123992
data_somatic/HG008/NIST/HG008-T_bulk/20240508p100/analysis/GRCh38/BCM_Revio_HG008T-p100_20260313/HG008-T_vs_HG008-N-P/methylation/HG008-N-P.normal.cpg.hap2.bed.gz.tbi	1545150
data_somatic/HG008/NIST/HG008-T_bulk/20240508p100/analysis/GRCh38/BCM_Revio_HG008T-p100_20260313/HG008-T_vs_HG008-N-P/methylation/HG008T-p100.DMR.tsv	14404568
data_somatic/HG008/NIST/HG008-T_bulk/20240508p100/analysis/GRCh38/BCM_Revio_HG008T-p100_20260313/HG008-T_vs_HG008-N-P/methylation/HG008T-p100.dmr_intogen_summary.tsv.gz	14876
data_somatic/HG008/NIST/HG008-T_bulk/20240508p100/analysis/GRCh38/BCM_Revio_HG008T-p100_20260313/HG008-T_vs_HG008-N-P/methylation/HG008T-p100.tumor.cpg.combined.bed.gz	279452604
data_somatic/HG008/NIST/HG008-T_bulk/20240508p100/analysis/GRCh38/BCM_Revio_HG008T-p100_20260313/HG008-T_vs_HG008-N-P/methylation/HG008T-p100.tumor.cpg.combined.bed.gz.tbi	1699818
data_somatic/HG008/NIST/HG008-T_bulk/20240508p100/analysis/GRCh38/BCM_Revio_HG008T-p100_20260313/HG008-T_vs_HG008-N-P/methylation/HG008T-p100.tumor.cpg.hap1.bed.gz	187608032
data_somatic/HG008/NIST/HG008-T_bulk/20240508p100/analysis/GRCh38/BCM_Revio_HG008T-p100_20260313/HG008-T_vs_HG008-N-P/methylation/HG008T-p100.tumor.cpg.hap1.bed.gz.tbi	1321706
data_somatic/HG008/NIST/HG008-T_bulk/20240508p100/analysis/GRCh38/BCM_Revio_HG008T-p100_20260313/HG008-T_vs_HG008-N-P/methylation/HG008T-p100.tumor.cpg.hap2.bed.gz	188181854
data_somatic/HG008/NIST/HG008-T_bulk/20240508p100/analysis/GRCh38/BCM_Revio_HG008T-p100_20260313/HG008-T_vs_HG008-N-P/methylation/HG008T-p100.tumor.cpg.hap2.bed.gz.tbi	1327287
data_somatic/HG008/NIST/HG008-T_bulk/20240508p100/analysis/GRCh38/BCM_Revio_HG008T-p100_20260313/HG008-T_vs_HG008-N-P/plots/HG008T-p100.purple.circos.png	621372
data_somatic/HG008/NIST/HG008-T_bulk/20240508p100/analysis/GRCh38/BCM_Revio_HG008T-p100_20260313/HG008-T_vs_HG008-N-P/plots/HG008T-p100.purple.copynumber.png	49370
data_somatic/HG008/NIST/HG008-T_bulk/20240508p100/analysis/GRCh38/BCM_Revio_HG008T-p100_20260313/HG008-T_vs_HG008-N-P/plots/HG008T-p100.purple.purity_range.png	72159
data_somatic/HG008/NIST/HG008-T_bulk/20240508p100/analysis/GRCh38/BCM_Revio_HG008T-p100_20260313/HG008-T_vs_HG008-N-P/plots/HG008T-p100.purple.segment.png	226465
data_somatic/HG008/NIST/HG008-T_bulk/20240508p100/analysis/GRCh38/BCM_Revio_HG008T-p100_20260313/HG008-T_vs_HG008-N-P/small_variants/HG008-N-P.dipcall.germline.vcf.gz	61195256
data_somatic/HG008/NIST/HG008-T_bulk/20240508p100/analysis/GRCh38/BCM_Revio_HG008T-p100_20260313/HG008-T_vs_HG008-N-P/small_variants/HG008-N-P.dipcall.germline.vcf.gz.tbi	1565382
data_somatic/HG008/NIST/HG008-T_bulk/20240508p100/analysis/GRCh38/BCM_Revio_HG008T-p100_20260313/HG008-T_vs_HG008-N-P/small_variants/HG008T-p100.deepsomatic.vcf.gz	371020
data_somatic/HG008/NIST/HG008-T_bulk/20240508p100/analysis/GRCh38/BCM_Revio_HG008T-p100_20260313/HG008-T_vs_HG008-N-P/small_variants/HG008T-p100.deepsomatic.vcf.gz.tbi	144449
data_somatic/HG008/NIST/HG008-T_bulk/20240508p100/analysis/GRCh38/BCM_Revio_HG008T-p100_20260313/HG008-T_vs_HG008-N-P/small_variants/HG008T-p100.deepsomatic.vep.vcf.gz	1001625
data_somatic/HG008/NIST/HG008-T_bulk/20240508p100/analysis/GRCh38/BCM_Revio_HG008T-p100_20260313/HG008-T_vs_HG008-N-P/small_variants/HG008T-p100.deepsomatic.vep.vcf.gz.tbi	161284
data_somatic/HG008/NIST/HG008-T_bulk/20240508p100/analysis/GRCh38/BCM_Revio_HG008T-p100_20260313/HG008-T_vs_HG008-N-P/small_variants/HG008T-p100.dipcall.germline.vcf.gz	60781863
data_somatic/HG008/NIST/HG008-T_bulk/20240508p100/analysis/GRCh38/BCM_Revio_HG008T-p100_20260313/HG008-T_vs_HG008-N-P/small_variants/HG008T-p100.dipcall.germline.vcf.gz.tbi	1564072
data_somatic/HG008/NIST/HG008-T_bulk/20240508p100/analysis/GRCh38/BCM_Revio_HG008T-p100_20260313/HG008-T_vs_HG008-N-P/small_variants/HG008T-p100.intogen_ccg_variants.tsv	545387
data_somatic/HG008/NIST/HG008-T_bulk/20240508p100/analysis/GRCh38/BCM_Revio_HG008T-p100_20260313/HG008-T_vs_HG008-N-P/structural_variants/HG008T-p100.breakpoint_clusters.tsv	1448
data_somatic/HG008/NIST/HG008-T_bulk/20240508p100/analysis/GRCh38/BCM_Revio_HG008T-p100_20260313/HG008-T_vs_HG008-N-P/structural_variants/HG008T-p100.circos.pdf	72483
data_somatic/HG008/NIST/HG008-T_bulk/20240508p100/analysis/GRCh38/BCM_Revio_HG008T-p100_20260313/HG008-T_vs_HG008-N-P/structural_variants/HG008T-p100.severus.somatic.vcf.gz	32583
data_somatic/HG008/NIST/HG008-T_bulk/20240508p100/analysis/GRCh38/BCM_Revio_HG008T-p100_20260313/HG008-T_vs_HG008-N-P/structural_variants/HG008T-p100.severus.somatic.vcf.gz.tbi	7431
data_somatic/HG008/NIST/HG008-T_bulk/20240508p101/Karyologic_20200320/Karyotype_Report-HG008_p101.pdf	340248
data_somatic/HG008/NIST/HG008-T_bulk/20240508p101/Karyologic_20200320/README_KaryoLogic_20250320bulk.md	4783
data_somatic/HG008/NIST/HG008-T_bulk/20240508p18/KaryoLogic_20240612/Karyotype_Report-NIST_p18_HG008.pdf	465614
data_somatic/HG008/NIST/HG008-T_bulk/20240508p18/KaryoLogic_20240612/README_KaryoLogic.md	5642
data_somatic/HG008/NIST/HG008-T_bulk/20240508p18/README_KaryoLogic.md	5642
data_somatic/HG008/NIST/HG008-T_bulk/20240508p21/Dovetail_HiC-ILMN_20250310/Dovetail_HG008-T_QC.xlsx	73296
data_somatic/HG008/NIST/HG008-T_bulk/20240508p21/Dovetail_HiC-ILMN_20250310/HG008-T_LinkPrep_20250310_sorted_GRCh38.bam	86049904723
data_somatic/HG008/NIST/HG008-T_bulk/20240508p21/Dovetail_HiC-ILMN_20250310/HG008-T_LinkPrep_20250310_sorted_GRCh38.bam.bai	9142984
data_somatic/HG008/NIST/HG008-T_bulk/20240508p21/Dovetail_HiC-ILMN_20250310/README_20250310.md	7611
data_somatic/HG008/NIST/HG008-T_bulk/20240508p21/Dovetail_HiC-ILMN_20250310/VLG_LP6J_R1.fastq.gz	11082384061
data_somatic/HG008/NIST/HG008-T_bulk/20240508p21/Dovetail_HiC-ILMN_20250310/VLG_LP6J_R2.fastq.gz	11365996724
data_somatic/HG008/NIST/HG008-T_bulk/20240508p21/Dovetail_HiC-ILMN_20250310/VLG_LP6K_R1.fastq.gz	15575240475
data_somatic/HG008/NIST/HG008-T_bulk/20240508p21/Dovetail_HiC-ILMN_20250310/VLG_LP6K_R2.fastq.gz	15874245344
data_somatic/HG008/NIST/HG008-T_bulk/20240508p21/Dovetail_HiC-ILMN_20250310/VLG_LP6L_R1.fastq.gz	13923620007
data_somatic/HG008/NIST/HG008-T_bulk/20240508p21/Dovetail_HiC-ILMN_20250310/VLG_LP6L_R2.fastq.gz	14096652736
data_somatic/HG008/NIST/HG008-T_bulk/20240508p21/Dovetail_HiC-ILMN_20250310/VLG_LP6M_R1.fastq.gz	14246724965
data_somatic/HG008/NIST/HG008-T_bulk/20240508p21/Dovetail_HiC-ILMN_20250310/VLG_LP6M_R2.fastq.gz	14440127786
data_somatic/HG008/NIST/HG008-T_bulk/20240508p21/Dovetail_HiC-ILMN_20250310/checksums.md5	590
data_somatic/HG008/NIST/HG008-T_bulk/20240508p21/JHU_SingleCell_10X-ATACseq-RNAseq_20240924/ATACseq-fastqs/HG008T-p21_S1_L004_R1_001.fastq.gz	38419329414
data_somatic/HG008/NIST/HG008-T_bulk/20240508p21/JHU_SingleCell_10X-ATACseq-RNAseq_20240924/ATACseq-fastqs/HG008T-p21_S1_L004_R2_001.fastq.gz	21074290243
data_somatic/HG008/NIST/HG008-T_bulk/20240508p21/JHU_SingleCell_10X-ATACseq-RNAseq_20240924/ATACseq-fastqs/HG008T-p21_S1_L004_R3_001.fastq.gz	57005104331
data_somatic/HG008/NIST/HG008-T_bulk/20240508p21/JHU_SingleCell_10X-ATACseq-RNAseq_20240924/README_JHU-ATAC-RNAseq.md	8377
data_somatic/HG008/NIST/HG008-T_bulk/20240508p21/JHU_SingleCell_10X-ATACseq-RNAseq_20240924/RNAseq-fastqs/HG008T-p21_S16_L001_R1_001.fastq.gz	606385408
data_somatic/HG008/NIST/HG008-T_bulk/20240508p21/JHU_SingleCell_10X-ATACseq-RNAseq_20240924/RNAseq-fastqs/HG008T-p21_S16_L001_R2_001.fastq.gz	1300657817
data_somatic/HG008/NIST/HG008-T_bulk/20240508p21/JHU_SingleCell_10X-ATACseq-RNAseq_20240924/RNAseq-fastqs/HG008T-p21_S16_L002_R1_001.fastq.gz	614102914
data_somatic/HG008/NIST/HG008-T_bulk/20240508p21/JHU_SingleCell_10X-ATACseq-RNAseq_20240924/RNAseq-fastqs/HG008T-p21_S16_L002_R2_001.fastq.gz	1318931461
data_somatic/HG008/NIST/HG008-T_bulk/20240508p21/JHU_SingleCell_10X-ATACseq-RNAseq_20240924/RNAseq-fastqs/HG008T-p21_S16_L003_R1_001.fastq.gz	622456213
data_somatic/HG008/NIST/HG008-T_bulk/20240508p21/JHU_SingleCell_10X-ATACseq-RNAseq_20240924/RNAseq-fastqs/HG008T-p21_S16_L003_R2_001.fastq.gz	1334173288
data_somatic/HG008/NIST/HG008-T_bulk/20240508p21/JHU_SingleCell_10X-ATACseq-RNAseq_20240924/RNAseq-fastqs/HG008T-p21_S16_L004_R1_001.fastq.gz	633804215
data_somatic/HG008/NIST/HG008-T_bulk/20240508p21/JHU_SingleCell_10X-ATACseq-RNAseq_20240924/RNAseq-fastqs/HG008T-p21_S16_L004_R2_001.fastq.gz	1359099920
data_somatic/HG008/NIST/HG008-T_bulk/20240508p21/JHU_SingleCell_10X-ATACseq-RNAseq_20240924/RNAseq-fastqs/HG008T-p21_S16_L005_R1_001.fastq.gz	643317700
data_somatic/HG008/NIST/HG008-T_bulk/20240508p21/JHU_SingleCell_10X-ATACseq-RNAseq_20240924/RNAseq-fastqs/HG008T-p21_S16_L005_R2_001.fastq.gz	1380157928
data_somatic/HG008/NIST/HG008-T_bulk/20240508p21/JHU_SingleCell_10X-ATACseq-RNAseq_20240924/checksums.md5	1092
data_somatic/HG008/NIST/HG008-T_bulk/20240508p21/KromaTiD-dGH_20241029/.DS_Store	6148
data_somatic/HG008/NIST/HG008-T_bulk/20240508p21/KromaTiD-dGH_20241029/NIST_HG008_Custom-dGHSCREEN-Report.docx	3567720
data_somatic/HG008/NIST/HG008-T_bulk/20240508p21/KromaTiD-dGH_20241029/NIST_SCREEN_Sample1_earlypassage.zip	6455126
data_somatic/HG008/NIST/HG008-T_bulk/20240508p21/KromaTiD-dGH_20241029/NIST_SCREEN_Sample2_latepassage.zip	7285204
data_somatic/HG008/NIST/HG008-T_bulk/20240508p21/KromaTiD-dGH_20241029/Q240606_NIST_Complete-Table-of-Events-Per-Cell.xlsx	39624
data_somatic/HG008/NIST/HG008-T_bulk/20240508p21/KromaTiD-dGH_20241029/Q240606_NIST_ModalNumber_breakout.xlsx	25269
data_somatic/HG008/NIST/HG008-T_bulk/20240508p21/KromaTiD-dGH_20241029/Q240606_NIST_sample1_scoresheet.xlsx	91604
data_somatic/HG008/NIST/HG008-T_bulk/20240508p21/KromaTiD-dGH_20241029/Q240606_NIST_sample2_scoresheet.xlsx	92426
data_somatic/HG008/NIST/HG008-T_bulk/20240508p21/KromaTiD-dGH_20241029/README_KromaTiD_20241029.md	8805
data_somatic/HG008/NIST/HG008-T_bulk/20240508p21/MGH-Bioskryb_resolveOME-ILMN_20260119/README_MGH_20260119.md	9397
data_somatic/HG008/NIST/HG008-T_bulk/20240508p21/MGH-Bioskryb_resolveOME-ILMN_20260119/alignments/expression_cDNA/alignment_htseq/WGS-Cell10.bam	9885805
data_somatic/HG008/NIST/HG008-T_bulk/20240508p21/MGH-Bioskryb_resolveOME-ILMN_20260119/alignments/expression_cDNA/alignment_htseq/WGS-Cell10.bam.bai	2779592
data_somatic/HG008/NIST/HG008-T_bulk/20240508p21/MGH-Bioskryb_resolveOME-ILMN_20260119/alignments/expression_cDNA/alignment_htseq/WGS-Cell10_Chimeric.out.junction	1431509
data_somatic/HG008/NIST/HG008-T_bulk/20240508p21/MGH-Bioskryb_resolveOME-ILMN_20260119/alignments/expression_cDNA/alignment_htseq/WGS-Cell11.bam	10116075
data_somatic/HG008/NIST/HG008-T_bulk/20240508p21/MGH-Bioskryb_resolveOME-ILMN_20260119/alignments/expression_cDNA/alignment_htseq/WGS-Cell11.bam.bai	3033696
data_somatic/HG008/NIST/HG008-T_bulk/20240508p21/MGH-Bioskryb_resolveOME-ILMN_20260119/alignments/expression_cDNA/alignment_htseq/WGS-Cell11_Chimeric.out.junction	1294866
data_somatic/HG008/NIST/HG008-T_bulk/20240508p21/MGH-Bioskryb_resolveOME-ILMN_20260119/alignments/expression_cDNA/alignment_htseq/WGS-Cell12.bam	9788835
data_somatic/HG008/NIST/HG008-T_bulk/20240508p21/MGH-Bioskryb_resolveOME-ILMN_20260119/alignments/expression_cDNA/alignment_htseq/WGS-Cell12.bam.bai	2694272
data_somatic/HG008/NIST/HG008-T_bulk/20240508p21/MGH-Bioskryb_resolveOME-ILMN_20260119/alignments/expression_cDNA/alignment_htseq/WGS-Cell12_Chimeric.out.junction	1393950
data_somatic/HG008/NIST/HG008-T_bulk/20240508p21/MGH-Bioskryb_resolveOME-ILMN_20260119/alignments/expression_cDNA/alignment_htseq/WGS-Cell15.bam	9987615
data_somatic/HG008/NIST/HG008-T_bulk/20240508p21/MGH-Bioskryb_resolveOME-ILMN_20260119/alignments/expression_cDNA/alignment_htseq/WGS-Cell15.bam.bai	2872688
data_somatic/HG008/NIST/HG008-T_bulk/20240508p21/MGH-Bioskryb_resolveOME-ILMN_20260119/alignments/expression_cDNA/alignment_htseq/WGS-Cell15_Chimeric.out.junction	1218719
data_somatic/HG008/NIST/HG008-T_bulk/20240508p21/MGH-Bioskryb_resolveOME-ILMN_20260119/alignments/expression_cDNA/alignment_htseq/WGS-Cell19.bam	9664703
data_somatic/HG008/NIST/HG008-T_bulk/20240508p21/MGH-Bioskryb_resolveOME-ILMN_20260119/alignments/expression_cDNA/alignment_htseq/WGS-Cell19.bam.bai	2605480
data_somatic/HG008/NIST/HG008-T_bulk/20240508p21/MGH-Bioskryb_resolveOME-ILMN_20260119/alignments/expression_cDNA/alignment_htseq/WGS-Cell19_Chimeric.out.junction	1382838
data_somatic/HG008/NIST/HG008-T_bulk/20240508p21/MGH-Bioskryb_resolveOME-ILMN_20260119/alignments/expression_cDNA/alignment_htseq/WGS-Cell20.bam	9672930
data_somatic/HG008/NIST/HG008-T_bulk/20240508p21/MGH-Bioskryb_resolveOME-ILMN_20260119/alignments/expression_cDNA/alignment_htseq/WGS-Cell20.bam.bai	2643744
data_somatic/HG008/NIST/HG008-T_bulk/20240508p21/MGH-Bioskryb_resolveOME-ILMN_20260119/alignments/expression_cDNA/alignment_htseq/WGS-Cell20_Chimeric.out.junction	1440494
data_somatic/HG008/NIST/HG008-T_bulk/20240508p21/MGH-Bioskryb_resolveOME-ILMN_20260119/alignments/expression_cDNA/alignment_htseq/WGS-Cell27.bam	10137965
data_somatic/HG008/NIST/HG008-T_bulk/20240508p21/MGH-Bioskryb_resolveOME-ILMN_20260119/alignments/expression_cDNA/alignment_htseq/WGS-Cell27.bam.bai	3033672
data_somatic/HG008/NIST/HG008-T_bulk/20240508p21/MGH-Bioskryb_resolveOME-ILMN_20260119/alignments/expression_cDNA/alignment_htseq/WGS-Cell27_Chimeric.out.junction	1264104
data_somatic/HG008/NIST/HG008-T_bulk/20240508p21/MGH-Bioskryb_resolveOME-ILMN_20260119/alignments/expression_cDNA/alignment_htseq/WGS-Cell28.bam	10115709
data_somatic/HG008/NIST/HG008-T_bulk/20240508p21/MGH-Bioskryb_resolveOME-ILMN_20260119/alignments/expression_cDNA/alignment_htseq/WGS-Cell28.bam.bai	3035352
data_somatic/HG008/NIST/HG008-T_bulk/20240508p21/MGH-Bioskryb_resolveOME-ILMN_20260119/alignments/expression_cDNA/alignment_htseq/WGS-Cell28_Chimeric.out.junction	1294394
data_somatic/HG008/NIST/HG008-T_bulk/20240508p21/MGH-Bioskryb_resolveOME-ILMN_20260119/alignments/expression_cDNA/alignment_htseq/WGS-Cell29.bam	10161040
data_somatic/HG008/NIST/HG008-T_bulk/20240508p21/MGH-Bioskryb_resolveOME-ILMN_20260119/alignments/expression_cDNA/alignment_htseq/WGS-Cell29.bam.bai	3037592
data_somatic/HG008/NIST/HG008-T_bulk/20240508p21/MGH-Bioskryb_resolveOME-ILMN_20260119/alignments/expression_cDNA/alignment_htseq/WGS-Cell29_Chimeric.out.junction	1306755
data_somatic/HG008/NIST/HG008-T_bulk/20240508p21/MGH-Bioskryb_resolveOME-ILMN_20260119/alignments/expression_cDNA/alignment_htseq/WGS-Cell30.bam	9789527
data_somatic/HG008/NIST/HG008-T_bulk/20240508p21/MGH-Bioskryb_resolveOME-ILMN_20260119/alignments/expression_cDNA/alignment_htseq/WGS-Cell30.bam.bai	2641648
data_somatic/HG008/NIST/HG008-T_bulk/20240508p21/MGH-Bioskryb_resolveOME-ILMN_20260119/alignments/expression_cDNA/alignment_htseq/WGS-Cell30_Chimeric.out.junction	1439054
data_somatic/HG008/NIST/HG008-T_bulk/20240508p21/MGH-Bioskryb_resolveOME-ILMN_20260119/alignments/expression_cDNA/alignment_htseq/WGS-Cell35.bam	9853018
data_somatic/HG008/NIST/HG008-T_bulk/20240508p21/MGH-Bioskryb_resolveOME-ILMN_20260119/alignments/expression_cDNA/alignment_htseq/WGS-Cell35.bam.bai	2777152
data_somatic/HG008/NIST/HG008-T_bulk/20240508p21/MGH-Bioskryb_resolveOME-ILMN_20260119/alignments/expression_cDNA/alignment_htseq/WGS-Cell35_Chimeric.out.junction	1231163
data_somatic/HG008/NIST/HG008-T_bulk/20240508p21/MGH-Bioskryb_resolveOME-ILMN_20260119/alignments/expression_cDNA/alignment_htseq/WGS-Cell36.bam	9660862
data_somatic/HG008/NIST/HG008-T_bulk/20240508p21/MGH-Bioskryb_resolveOME-ILMN_20260119/alignments/expression_cDNA/alignment_htseq/WGS-Cell36.bam.bai	2672392
data_somatic/HG008/NIST/HG008-T_bulk/20240508p21/MGH-Bioskryb_resolveOME-ILMN_20260119/alignments/expression_cDNA/alignment_htseq/WGS-Cell36_Chimeric.out.junction	1318995
data_somatic/HG008/NIST/HG008-T_bulk/20240508p21/MGH-Bioskryb_resolveOME-ILMN_20260119/alignments/expression_cDNA/alignment_htseq/WGS-Cell37.bam	9922848
data_somatic/HG008/NIST/HG008-T_bulk/20240508p21/MGH-Bioskryb_resolveOME-ILMN_20260119/alignments/expression_cDNA/alignment_htseq/WGS-Cell37.bam.bai	2742304
data_somatic/HG008/NIST/HG008-T_bulk/20240508p21/MGH-Bioskryb_resolveOME-ILMN_20260119/alignments/expression_cDNA/alignment_htseq/WGS-Cell37_Chimeric.out.junction	1268975
data_somatic/HG008/NIST/HG008-T_bulk/20240508p21/MGH-Bioskryb_resolveOME-ILMN_20260119/alignments/expression_cDNA/alignment_htseq/WGS-Cell38.bam	10130181
data_somatic/HG008/NIST/HG008-T_bulk/20240508p21/MGH-Bioskryb_resolveOME-ILMN_20260119/alignments/expression_cDNA/alignment_htseq/WGS-Cell38.bam.bai	3034432
data_somatic/HG008/NIST/HG008-T_bulk/20240508p21/MGH-Bioskryb_resolveOME-ILMN_20260119/alignments/expression_cDNA/alignment_htseq/WGS-Cell38_Chimeric.out.junction	1249867
data_somatic/HG008/NIST/HG008-T_bulk/20240508p21/MGH-Bioskryb_resolveOME-ILMN_20260119/alignments/expression_cDNA/alignment_htseq/WGS-Cell46.bam	8984951
data_somatic/HG008/NIST/HG008-T_bulk/20240508p21/MGH-Bioskryb_resolveOME-ILMN_20260119/alignments/expression_cDNA/alignment_htseq/WGS-Cell46.bam.bai	2442960
data_somatic/HG008/NIST/HG008-T_bulk/20240508p21/MGH-Bioskryb_resolveOME-ILMN_20260119/alignments/expression_cDNA/alignment_htseq/WGS-Cell46_Chimeric.out.junction	1177835
data_somatic/HG008/NIST/HG008-T_bulk/20240508p21/MGH-Bioskryb_resolveOME-ILMN_20260119/alignments/expression_cDNA/alignment_htseq/WGS-Cell48.bam	9998503
data_somatic/HG008/NIST/HG008-T_bulk/20240508p21/MGH-Bioskryb_resolveOME-ILMN_20260119/alignments/expression_cDNA/alignment_htseq/WGS-Cell48.bam.bai	2766512
data_somatic/HG008/NIST/HG008-T_bulk/20240508p21/MGH-Bioskryb_resolveOME-ILMN_20260119/alignments/expression_cDNA/alignment_htseq/WGS-Cell48_Chimeric.out.junction	1265031
data_somatic/HG008/NIST/HG008-T_bulk/20240508p21/MGH-Bioskryb_resolveOME-ILMN_20260119/alignments/expression_cDNA/alignment_htseq/WGS-Cell49.bam	10090122
data_somatic/HG008/NIST/HG008-T_bulk/20240508p21/MGH-Bioskryb_resolveOME-ILMN_20260119/alignments/expression_cDNA/alignment_htseq/WGS-Cell49.bam.bai	3031872
data_somatic/HG008/NIST/HG008-T_bulk/20240508p21/MGH-Bioskryb_resolveOME-ILMN_20260119/alignments/expression_cDNA/alignment_htseq/WGS-Cell49_Chimeric.out.junction	1192643
data_somatic/HG008/NIST/HG008-T_bulk/20240508p21/MGH-Bioskryb_resolveOME-ILMN_20260119/alignments/expression_cDNA/alignment_htseq/WGS-Cell51.bam	9783879
data_somatic/HG008/NIST/HG008-T_bulk/20240508p21/MGH-Bioskryb_resolveOME-ILMN_20260119/alignments/expression_cDNA/alignment_htseq/WGS-Cell51.bam.bai	2763168
data_somatic/HG008/NIST/HG008-T_bulk/20240508p21/MGH-Bioskryb_resolveOME-ILMN_20260119/alignments/expression_cDNA/alignment_htseq/WGS-Cell51_Chimeric.out.junction	1425274
data_somatic/HG008/NIST/HG008-T_bulk/20240508p21/MGH-Bioskryb_resolveOME-ILMN_20260119/alignments/expression_cDNA/alignment_htseq/WGS-Cell52.bam	10086923
data_somatic/HG008/NIST/HG008-T_bulk/20240508p21/MGH-Bioskryb_resolveOME-ILMN_20260119/alignments/expression_cDNA/alignment_htseq/WGS-Cell52.bam.bai	3021848
data_somatic/HG008/NIST/HG008-T_bulk/20240508p21/MGH-Bioskryb_resolveOME-ILMN_20260119/alignments/expression_cDNA/alignment_htseq/WGS-Cell52_Chimeric.out.junction	1337735
data_somatic/HG008/NIST/HG008-T_bulk/20240508p21/MGH-Bioskryb_resolveOME-ILMN_20260119/alignments/expression_cDNA/alignment_htseq/WGS-Cell57.bam	9850074
data_somatic/HG008/NIST/HG008-T_bulk/20240508p21/MGH-Bioskryb_resolveOME-ILMN_20260119/alignments/expression_cDNA/alignment_htseq/WGS-Cell57.bam.bai	2725352
data_somatic/HG008/NIST/HG008-T_bulk/20240508p21/MGH-Bioskryb_resolveOME-ILMN_20260119/alignments/expression_cDNA/alignment_htseq/WGS-Cell57_Chimeric.out.junction	1333777
data_somatic/HG008/NIST/HG008-T_bulk/20240508p21/MGH-Bioskryb_resolveOME-ILMN_20260119/alignments/expression_cDNA/alignment_htseq/WGS-Cell58.bam	9603716
data_somatic/HG008/NIST/HG008-T_bulk/20240508p21/MGH-Bioskryb_resolveOME-ILMN_20260119/alignments/expression_cDNA/alignment_htseq/WGS-Cell58.bam.bai	2549960
data_somatic/HG008/NIST/HG008-T_bulk/20240508p21/MGH-Bioskryb_resolveOME-ILMN_20260119/alignments/expression_cDNA/alignment_htseq/WGS-Cell58_Chimeric.out.junction	1373445
data_somatic/HG008/NIST/HG008-T_bulk/20240508p21/MGH-Bioskryb_resolveOME-ILMN_20260119/alignments/expression_cDNA/alignment_htseq/WGS-Cell63.bam	10071550
data_somatic/HG008/NIST/HG008-T_bulk/20240508p21/MGH-Bioskryb_resolveOME-ILMN_20260119/alignments/expression_cDNA/alignment_htseq/WGS-Cell63.bam.bai	2996768
data_somatic/HG008/NIST/HG008-T_bulk/20240508p21/MGH-Bioskryb_resolveOME-ILMN_20260119/alignments/expression_cDNA/alignment_htseq/WGS-Cell63_Chimeric.out.junction	1272780
data_somatic/HG008/NIST/HG008-T_bulk/20240508p21/MGH-Bioskryb_resolveOME-ILMN_20260119/alignments/expression_cDNA/alignment_htseq/WGS-Cell65.bam	9913862
data_somatic/HG008/NIST/HG008-T_bulk/20240508p21/MGH-Bioskryb_resolveOME-ILMN_20260119/alignments/expression_cDNA/alignment_htseq/WGS-Cell65.bam.bai	2800912
data_somatic/HG008/NIST/HG008-T_bulk/20240508p21/MGH-Bioskryb_resolveOME-ILMN_20260119/alignments/expression_cDNA/alignment_htseq/WGS-Cell65_Chimeric.out.junction	1227947
data_somatic/HG008/NIST/HG008-T_bulk/20240508p21/MGH-Bioskryb_resolveOME-ILMN_20260119/alignments/expression_cDNA/alignment_htseq/WGS-Cell68.bam	10107052
data_somatic/HG008/NIST/HG008-T_bulk/20240508p21/MGH-Bioskryb_resolveOME-ILMN_20260119/alignments/expression_cDNA/alignment_htseq/WGS-Cell68.bam.bai	3042856
data_somatic/HG008/NIST/HG008-T_bulk/20240508p21/MGH-Bioskryb_resolveOME-ILMN_20260119/alignments/expression_cDNA/alignment_htseq/WGS-Cell68_Chimeric.out.junction	1159481
data_somatic/HG008/NIST/HG008-T_bulk/20240508p21/MGH-Bioskryb_resolveOME-ILMN_20260119/alignments/expression_cDNA/alignment_htseq/WGS-Cell70.bam	9833684
data_somatic/HG008/NIST/HG008-T_bulk/20240508p21/MGH-Bioskryb_resolveOME-ILMN_20260119/alignments/expression_cDNA/alignment_htseq/WGS-Cell70.bam.bai	2683448
data_somatic/HG008/NIST/HG008-T_bulk/20240508p21/MGH-Bioskryb_resolveOME-ILMN_20260119/alignments/expression_cDNA/alignment_htseq/WGS-Cell70_Chimeric.out.junction	1183968
data_somatic/HG008/NIST/HG008-T_bulk/20240508p21/MGH-Bioskryb_resolveOME-ILMN_20260119/alignments/expression_cDNA/alignment_htseq/WGS-Cell71.bam	9804548
data_somatic/HG008/NIST/HG008-T_bulk/20240508p21/MGH-Bioskryb_resolveOME-ILMN_20260119/alignments/expression_cDNA/alignment_htseq/WGS-Cell71.bam.bai	2636728
data_somatic/HG008/NIST/HG008-T_bulk/20240508p21/MGH-Bioskryb_resolveOME-ILMN_20260119/alignments/expression_cDNA/alignment_htseq/WGS-Cell71_Chimeric.out.junction	1289680
data_somatic/HG008/NIST/HG008-T_bulk/20240508p21/MGH-Bioskryb_resolveOME-ILMN_20260119/alignments/expression_cDNA/alignment_htseq/WGS-Cell73.bam	10123747
data_somatic/HG008/NIST/HG008-T_bulk/20240508p21/MGH-Bioskryb_resolveOME-ILMN_20260119/alignments/expression_cDNA/alignment_htseq/WGS-Cell73.bam.bai	3030384
data_somatic/HG008/NIST/HG008-T_bulk/20240508p21/MGH-Bioskryb_resolveOME-ILMN_20260119/alignments/expression_cDNA/alignment_htseq/WGS-Cell73_Chimeric.out.junction	1105416
data_somatic/HG008/NIST/HG008-T_bulk/20240508p21/MGH-Bioskryb_resolveOME-ILMN_20260119/alignments/expression_cDNA/alignment_htseq/WGS-Cell74.bam	10066598
data_somatic/HG008/NIST/HG008-T_bulk/20240508p21/MGH-Bioskryb_resolveOME-ILMN_20260119/alignments/expression_cDNA/alignment_htseq/WGS-Cell74.bam.bai	3022624
data_somatic/HG008/NIST/HG008-T_bulk/20240508p21/MGH-Bioskryb_resolveOME-ILMN_20260119/alignments/expression_cDNA/alignment_htseq/WGS-Cell74_Chimeric.out.junction	1257127
data_somatic/HG008/NIST/HG008-T_bulk/20240508p21/MGH-Bioskryb_resolveOME-ILMN_20260119/alignments/expression_cDNA/alignment_htseq/WGS-Cell80.bam	10098943
data_somatic/HG008/NIST/HG008-T_bulk/20240508p21/MGH-Bioskryb_resolveOME-ILMN_20260119/alignments/expression_cDNA/alignment_htseq/WGS-Cell80.bam.bai	3056536
data_somatic/HG008/NIST/HG008-T_bulk/20240508p21/MGH-Bioskryb_resolveOME-ILMN_20260119/alignments/expression_cDNA/alignment_htseq/WGS-Cell80_Chimeric.out.junction	1110818
data_somatic/HG008/NIST/HG008-T_bulk/20240508p21/MGH-Bioskryb_resolveOME-ILMN_20260119/alignments/expression_cDNA/alignment_htseq/WGS-Cell82.bam	9872591
data_somatic/HG008/NIST/HG008-T_bulk/20240508p21/MGH-Bioskryb_resolveOME-ILMN_20260119/alignments/expression_cDNA/alignment_htseq/WGS-Cell82.bam.bai	2783416
data_somatic/HG008/NIST/HG008-T_bulk/20240508p21/MGH-Bioskryb_resolveOME-ILMN_20260119/alignments/expression_cDNA/alignment_htseq/WGS-Cell82_Chimeric.out.junction	1278111
data_somatic/HG008/NIST/HG008-T_bulk/20240508p21/MGH-Bioskryb_resolveOME-ILMN_20260119/alignments/expression_cDNA/alignment_htseq/WGS-Cell83.bam	10110999
data_somatic/HG008/NIST/HG008-T_bulk/20240508p21/MGH-Bioskryb_resolveOME-ILMN_20260119/alignments/expression_cDNA/alignment_htseq/WGS-Cell83.bam.bai	3042688
data_somatic/HG008/NIST/HG008-T_bulk/20240508p21/MGH-Bioskryb_resolveOME-ILMN_20260119/alignments/expression_cDNA/alignment_htseq/WGS-Cell83_Chimeric.out.junction	1130970
data_somatic/HG008/NIST/HG008-T_bulk/20240508p21/MGH-Bioskryb_resolveOME-ILMN_20260119/alignments/expression_cDNA/alignment_htseq/WGS-Cell85.bam	9831076
data_somatic/HG008/NIST/HG008-T_bulk/20240508p21/MGH-Bioskryb_resolveOME-ILMN_20260119/alignments/expression_cDNA/alignment_htseq/WGS-Cell85.bam.bai	2695608
data_somatic/HG008/NIST/HG008-T_bulk/20240508p21/MGH-Bioskryb_resolveOME-ILMN_20260119/alignments/expression_cDNA/alignment_htseq/WGS-Cell85_Chimeric.out.junction	1305822
data_somatic/HG008/NIST/HG008-T_bulk/20240508p21/MGH-Bioskryb_resolveOME-ILMN_20260119/alignments/expression_cDNA/alignment_htseq/WGS-Cell86.bam	10150060
data_somatic/HG008/NIST/HG008-T_bulk/20240508p21/MGH-Bioskryb_resolveOME-ILMN_20260119/alignments/expression_cDNA/alignment_htseq/WGS-Cell86.bam.bai	3020904
data_somatic/HG008/NIST/HG008-T_bulk/20240508p21/MGH-Bioskryb_resolveOME-ILMN_20260119/alignments/expression_cDNA/alignment_htseq/WGS-Cell86_Chimeric.out.junction	1088103
data_somatic/HG008/NIST/HG008-T_bulk/20240508p21/MGH-Bioskryb_resolveOME-ILMN_20260119/alignments/expression_cDNA/alignment_htseq/WGS-Cell87.bam	9828397
data_somatic/HG008/NIST/HG008-T_bulk/20240508p21/MGH-Bioskryb_resolveOME-ILMN_20260119/alignments/expression_cDNA/alignment_htseq/WGS-Cell87.bam.bai	2671776
data_somatic/HG008/NIST/HG008-T_bulk/20240508p21/MGH-Bioskryb_resolveOME-ILMN_20260119/alignments/expression_cDNA/alignment_htseq/WGS-Cell87_Chimeric.out.junction	1208938
data_somatic/HG008/NIST/HG008-T_bulk/20240508p21/MGH-Bioskryb_resolveOME-ILMN_20260119/alignments/expression_cDNA/alignment_htseq/WGS-Cell88.bam	10161593
data_somatic/HG008/NIST/HG008-T_bulk/20240508p21/MGH-Bioskryb_resolveOME-ILMN_20260119/alignments/expression_cDNA/alignment_htseq/WGS-Cell88.bam.bai	3035816
data_somatic/HG008/NIST/HG008-T_bulk/20240508p21/MGH-Bioskryb_resolveOME-ILMN_20260119/alignments/expression_cDNA/alignment_htseq/WGS-Cell88_Chimeric.out.junction	1123562
data_somatic/HG008/NIST/HG008-T_bulk/20240508p21/MGH-Bioskryb_resolveOME-ILMN_20260119/alignments/expression_cDNA/alignment_htseq/WGS-Cell89.bam	10140517
data_somatic/HG008/NIST/HG008-T_bulk/20240508p21/MGH-Bioskryb_resolveOME-ILMN_20260119/alignments/expression_cDNA/alignment_htseq/WGS-Cell89.bam.bai	3030352
data_somatic/HG008/NIST/HG008-T_bulk/20240508p21/MGH-Bioskryb_resolveOME-ILMN_20260119/alignments/expression_cDNA/alignment_htseq/WGS-Cell89_Chimeric.out.junction	1104299
data_somatic/HG008/NIST/HG008-T_bulk/20240508p21/MGH-Bioskryb_resolveOME-ILMN_20260119/alignments/expression_cDNA/alignment_htseq/WGS-Cell90.bam	10199465
data_somatic/HG008/NIST/HG008-T_bulk/20240508p21/MGH-Bioskryb_resolveOME-ILMN_20260119/alignments/expression_cDNA/alignment_htseq/WGS-Cell90.bam.bai	3053568
data_somatic/HG008/NIST/HG008-T_bulk/20240508p21/MGH-Bioskryb_resolveOME-ILMN_20260119/alignments/expression_cDNA/alignment_htseq/WGS-Cell90_Chimeric.out.junction	1123845
data_somatic/HG008/NIST/HG008-T_bulk/20240508p21/MGH-Bioskryb_resolveOME-ILMN_20260119/alignments/expression_cDNA/alignment_htseq/WGS-Cell92.bam	9838041
data_somatic/HG008/NIST/HG008-T_bulk/20240508p21/MGH-Bioskryb_resolveOME-ILMN_20260119/alignments/expression_cDNA/alignment_htseq/WGS-Cell92.bam.bai	2732384
data_somatic/HG008/NIST/HG008-T_bulk/20240508p21/MGH-Bioskryb_resolveOME-ILMN_20260119/alignments/expression_cDNA/alignment_htseq/WGS-Cell92_Chimeric.out.junction	1176892
data_somatic/HG008/NIST/HG008-T_bulk/20240508p21/MGH-Bioskryb_resolveOME-ILMN_20260119/alignments/expression_cDNA/alignment_htseq/WGS-Cell94.bam	10177243
data_somatic/HG008/NIST/HG008-T_bulk/20240508p21/MGH-Bioskryb_resolveOME-ILMN_20260119/alignments/expression_cDNA/alignment_htseq/WGS-Cell94.bam.bai	3036384
data_somatic/HG008/NIST/HG008-T_bulk/20240508p21/MGH-Bioskryb_resolveOME-ILMN_20260119/alignments/expression_cDNA/alignment_htseq/WGS-Cell94_Chimeric.out.junction	1161312
data_somatic/HG008/NIST/HG008-T_bulk/20240508p21/MGH-Bioskryb_resolveOME-ILMN_20260119/alignments/expression_cDNA/alignment_htseq/WGS-Cell95.bam	9789995
data_somatic/HG008/NIST/HG008-T_bulk/20240508p21/MGH-Bioskryb_resolveOME-ILMN_20260119/alignments/expression_cDNA/alignment_htseq/WGS-Cell95.bam.bai	2659456
data_somatic/HG008/NIST/HG008-T_bulk/20240508p21/MGH-Bioskryb_resolveOME-ILMN_20260119/alignments/expression_cDNA/alignment_htseq/WGS-Cell95_Chimeric.out.junction	1294759
data_somatic/HG008/NIST/HG008-T_bulk/20240508p21/MGH-Bioskryb_resolveOME-ILMN_20260119/alignments/expression_cDNA/alignment_htseq/WGS-Cell96.bam	10047618
data_somatic/HG008/NIST/HG008-T_bulk/20240508p21/MGH-Bioskryb_resolveOME-ILMN_20260119/alignments/expression_cDNA/alignment_htseq/WGS-Cell96.bam.bai	2883688
data_somatic/HG008/NIST/HG008-T_bulk/20240508p21/MGH-Bioskryb_resolveOME-ILMN_20260119/alignments/expression_cDNA/alignment_htseq/WGS-Cell96_Chimeric.out.junction	1216846
data_somatic/HG008/NIST/HG008-T_bulk/20240508p21/MGH-Bioskryb_resolveOME-ILMN_20260119/alignments/expression_cDNA/alignment_htseq/cDNA-Cell10.bam	8344227
data_somatic/HG008/NIST/HG008-T_bulk/20240508p21/MGH-Bioskryb_resolveOME-ILMN_20260119/alignments/expression_cDNA/alignment_htseq/cDNA-Cell10.bam.bai	1801944
data_somatic/HG008/NIST/HG008-T_bulk/20240508p21/MGH-Bioskryb_resolveOME-ILMN_20260119/alignments/expression_cDNA/alignment_htseq/cDNA-Cell10_Chimeric.out.junction	285906
data_somatic/HG008/NIST/HG008-T_bulk/20240508p21/MGH-Bioskryb_resolveOME-ILMN_20260119/alignments/expression_cDNA/alignment_htseq/cDNA-Cell11.bam	8307116
data_somatic/HG008/NIST/HG008-T_bulk/20240508p21/MGH-Bioskryb_resolveOME-ILMN_20260119/alignments/expression_cDNA/alignment_htseq/cDNA-Cell11.bam.bai	1787624
data_somatic/HG008/NIST/HG008-T_bulk/20240508p21/MGH-Bioskryb_resolveOME-ILMN_20260119/alignments/expression_cDNA/alignment_htseq/cDNA-Cell11_Chimeric.out.junction	211306
data_somatic/HG008/NIST/HG008-T_bulk/20240508p21/MGH-Bioskryb_resolveOME-ILMN_20260119/alignments/expression_cDNA/alignment_htseq/cDNA-Cell12.bam	8407608
data_somatic/HG008/NIST/HG008-T_bulk/20240508p21/MGH-Bioskryb_resolveOME-ILMN_20260119/alignments/expression_cDNA/alignment_htseq/cDNA-Cell12.bam.bai	1812832
data_somatic/HG008/NIST/HG008-T_bulk/20240508p21/MGH-Bioskryb_resolveOME-ILMN_20260119/alignments/expression_cDNA/alignment_htseq/cDNA-Cell12_Chimeric.out.junction	239925
data_somatic/HG008/NIST/HG008-T_bulk/20240508p21/MGH-Bioskryb_resolveOME-ILMN_20260119/alignments/expression_cDNA/alignment_htseq/cDNA-Cell13.bam	8202794
data_somatic/HG008/NIST/HG008-T_bulk/20240508p21/MGH-Bioskryb_resolveOME-ILMN_20260119/alignments/expression_cDNA/alignment_htseq/cDNA-Cell13.bam.bai	1768280
data_somatic/HG008/NIST/HG008-T_bulk/20240508p21/MGH-Bioskryb_resolveOME-ILMN_20260119/alignments/expression_cDNA/alignment_htseq/cDNA-Cell13_Chimeric.out.junction	276853
data_somatic/HG008/NIST/HG008-T_bulk/20240508p21/MGH-Bioskryb_resolveOME-ILMN_20260119/alignments/expression_cDNA/alignment_htseq/cDNA-Cell14.bam	8355621
data_somatic/HG008/NIST/HG008-T_bulk/20240508p21/MGH-Bioskryb_resolveOME-ILMN_20260119/alignments/expression_cDNA/alignment_htseq/cDNA-Cell14.bam.bai	1833480
data_somatic/HG008/NIST/HG008-T_bulk/20240508p21/MGH-Bioskryb_resolveOME-ILMN_20260119/alignments/expression_cDNA/alignment_htseq/cDNA-Cell14_Chimeric.out.junction	202397
data_somatic/HG008/NIST/HG008-T_bulk/20240508p21/MGH-Bioskryb_resolveOME-ILMN_20260119/alignments/expression_cDNA/alignment_htseq/cDNA-Cell15.bam	7943490
data_somatic/HG008/NIST/HG008-T_bulk/20240508p21/MGH-Bioskryb_resolveOME-ILMN_20260119/alignments/expression_cDNA/alignment_htseq/cDNA-Cell15.bam.bai	1813496
data_somatic/HG008/NIST/HG008-T_bulk/20240508p21/MGH-Bioskryb_resolveOME-ILMN_20260119/alignments/expression_cDNA/alignment_htseq/cDNA-Cell15_Chimeric.out.junction	185311
data_somatic/HG008/NIST/HG008-T_bulk/20240508p21/MGH-Bioskryb_resolveOME-ILMN_20260119/alignments/expression_cDNA/alignment_htseq/cDNA-Cell16.bam	8008070
data_somatic/HG008/NIST/HG008-T_bulk/20240508p21/MGH-Bioskryb_resolveOME-ILMN_20260119/alignments/expression_cDNA/alignment_htseq/cDNA-Cell16.bam.bai	1789856
data_somatic/HG008/NIST/HG008-T_bulk/20240508p21/MGH-Bioskryb_resolveOME-ILMN_20260119/alignments/expression_cDNA/alignment_htseq/cDNA-Cell16_Chimeric.out.junction	203236
data_somatic/HG008/NIST/HG008-T_bulk/20240508p21/MGH-Bioskryb_resolveOME-ILMN_20260119/alignments/expression_cDNA/alignment_htseq/cDNA-Cell18.bam	8712059
data_somatic/HG008/NIST/HG008-T_bulk/20240508p21/MGH-Bioskryb_resolveOME-ILMN_20260119/alignments/expression_cDNA/alignment_htseq/cDNA-Cell18.bam.bai	1765416
data_somatic/HG008/NIST/HG008-T_bulk/20240508p21/MGH-Bioskryb_resolveOME-ILMN_20260119/alignments/expression_cDNA/alignment_htseq/cDNA-Cell18_Chimeric.out.junction	301570
data_somatic/HG008/NIST/HG008-T_bulk/20240508p21/MGH-Bioskryb_resolveOME-ILMN_20260119/alignments/expression_cDNA/alignment_htseq/cDNA-Cell19.bam	8364224
data_somatic/HG008/NIST/HG008-T_bulk/20240508p21/MGH-Bioskryb_resolveOME-ILMN_20260119/alignments/expression_cDNA/alignment_htseq/cDNA-Cell19.bam.bai	1768904
data_somatic/HG008/NIST/HG008-T_bulk/20240508p21/MGH-Bioskryb_resolveOME-ILMN_20260119/alignments/expression_cDNA/alignment_htseq/cDNA-Cell19_Chimeric.out.junction	323098
data_somatic/HG008/NIST/HG008-T_bulk/20240508p21/MGH-Bioskryb_resolveOME-ILMN_20260119/alignments/expression_cDNA/alignment_htseq/cDNA-Cell20.bam	8468725
data_somatic/HG008/NIST/HG008-T_bulk/20240508p21/MGH-Bioskryb_resolveOME-ILMN_20260119/alignments/expression_cDNA/alignment_htseq/cDNA-Cell20.bam.bai	1787952
data_somatic/HG008/NIST/HG008-T_bulk/20240508p21/MGH-Bioskryb_resolveOME-ILMN_20260119/alignments/expression_cDNA/alignment_htseq/cDNA-Cell20_Chimeric.out.junction	252470
data_somatic/HG008/NIST/HG008-T_bulk/20240508p21/MGH-Bioskryb_resolveOME-ILMN_20260119/alignments/expression_cDNA/alignment_htseq/cDNA-Cell21.bam	8424801
data_somatic/HG008/NIST/HG008-T_bulk/20240508p21/MGH-Bioskryb_resolveOME-ILMN_20260119/alignments/expression_cDNA/alignment_htseq/cDNA-Cell21.bam.bai	1777208
data_somatic/HG008/NIST/HG008-T_bulk/20240508p21/MGH-Bioskryb_resolveOME-ILMN_20260119/alignments/expression_cDNA/alignment_htseq/cDNA-Cell21_Chimeric.out.junction	292917
data_somatic/HG008/NIST/HG008-T_bulk/20240508p21/MGH-Bioskryb_resolveOME-ILMN_20260119/alignments/expression_cDNA/alignment_htseq/cDNA-Cell23.bam	8194394
data_somatic/HG008/NIST/HG008-T_bulk/20240508p21/MGH-Bioskryb_resolveOME-ILMN_20260119/alignments/expression_cDNA/alignment_htseq/cDNA-Cell23.bam.bai	1824648
data_somatic/HG008/NIST/HG008-T_bulk/20240508p21/MGH-Bioskryb_resolveOME-ILMN_20260119/alignments/expression_cDNA/alignment_htseq/cDNA-Cell23_Chimeric.out.junction	227524
data_somatic/HG008/NIST/HG008-T_bulk/20240508p21/MGH-Bioskryb_resolveOME-ILMN_20260119/alignments/expression_cDNA/alignment_htseq/cDNA-Cell27.bam	8498230
data_somatic/HG008/NIST/HG008-T_bulk/20240508p21/MGH-Bioskryb_resolveOME-ILMN_20260119/alignments/expression_cDNA/alignment_htseq/cDNA-Cell27.bam.bai	1787960
data_somatic/HG008/NIST/HG008-T_bulk/20240508p21/MGH-Bioskryb_resolveOME-ILMN_20260119/alignments/expression_cDNA/alignment_htseq/cDNA-Cell27_Chimeric.out.junction	285310
data_somatic/HG008/NIST/HG008-T_bulk/20240508p21/MGH-Bioskryb_resolveOME-ILMN_20260119/alignments/expression_cDNA/alignment_htseq/cDNA-Cell28.bam	8398716
data_somatic/HG008/NIST/HG008-T_bulk/20240508p21/MGH-Bioskryb_resolveOME-ILMN_20260119/alignments/expression_cDNA/alignment_htseq/cDNA-Cell28.bam.bai	1766496
data_somatic/HG008/NIST/HG008-T_bulk/20240508p21/MGH-Bioskryb_resolveOME-ILMN_20260119/alignments/expression_cDNA/alignment_htseq/cDNA-Cell28_Chimeric.out.junction	275722
data_somatic/HG008/NIST/HG008-T_bulk/20240508p21/MGH-Bioskryb_resolveOME-ILMN_20260119/alignments/expression_cDNA/alignment_htseq/cDNA-Cell29.bam	8062244
data_somatic/HG008/NIST/HG008-T_bulk/20240508p21/MGH-Bioskryb_resolveOME-ILMN_20260119/alignments/expression_cDNA/alignment_htseq/cDNA-Cell29.bam.bai	1784992
data_somatic/HG008/NIST/HG008-T_bulk/20240508p21/MGH-Bioskryb_resolveOME-ILMN_20260119/alignments/expression_cDNA/alignment_htseq/cDNA-Cell29_Chimeric.out.junction	248804
data_somatic/HG008/NIST/HG008-T_bulk/20240508p21/MGH-Bioskryb_resolveOME-ILMN_20260119/alignments/expression_cDNA/alignment_htseq/cDNA-Cell30.bam	8169596
data_somatic/HG008/NIST/HG008-T_bulk/20240508p21/MGH-Bioskryb_resolveOME-ILMN_20260119/alignments/expression_cDNA/alignment_htseq/cDNA-Cell30.bam.bai	1786048
data_somatic/HG008/NIST/HG008-T_bulk/20240508p21/MGH-Bioskryb_resolveOME-ILMN_20260119/alignments/expression_cDNA/alignment_htseq/cDNA-Cell30_Chimeric.out.junction	265797
data_somatic/HG008/NIST/HG008-T_bulk/20240508p21/MGH-Bioskryb_resolveOME-ILMN_20260119/alignments/expression_cDNA/alignment_htseq/cDNA-Cell35.bam	8384605
data_somatic/HG008/NIST/HG008-T_bulk/20240508p21/MGH-Bioskryb_resolveOME-ILMN_20260119/alignments/expression_cDNA/alignment_htseq/cDNA-Cell35.bam.bai	1770976
data_somatic/HG008/NIST/HG008-T_bulk/20240508p21/MGH-Bioskryb_resolveOME-ILMN_20260119/alignments/expression_cDNA/alignment_htseq/cDNA-Cell35_Chimeric.out.junction	287872
data_somatic/HG008/NIST/HG008-T_bulk/20240508p21/MGH-Bioskryb_resolveOME-ILMN_20260119/alignments/expression_cDNA/alignment_htseq/cDNA-Cell36.bam	8287118
data_somatic/HG008/NIST/HG008-T_bulk/20240508p21/MGH-Bioskryb_resolveOME-ILMN_20260119/alignments/expression_cDNA/alignment_htseq/cDNA-Cell36.bam.bai	1811336
data_somatic/HG008/NIST/HG008-T_bulk/20240508p21/MGH-Bioskryb_resolveOME-ILMN_20260119/alignments/expression_cDNA/alignment_htseq/cDNA-Cell36_Chimeric.out.junction	286941
data_somatic/HG008/NIST/HG008-T_bulk/20240508p21/MGH-Bioskryb_resolveOME-ILMN_20260119/alignments/expression_cDNA/alignment_htseq/cDNA-Cell37.bam	8302559
data_somatic/HG008/NIST/HG008-T_bulk/20240508p21/MGH-Bioskryb_resolveOME-ILMN_20260119/alignments/expression_cDNA/alignment_htseq/cDNA-Cell37.bam.bai	1793408
data_somatic/HG008/NIST/HG008-T_bulk/20240508p21/MGH-Bioskryb_resolveOME-ILMN_20260119/alignments/expression_cDNA/alignment_htseq/cDNA-Cell37_Chimeric.out.junction	294382
data_somatic/HG008/NIST/HG008-T_bulk/20240508p21/MGH-Bioskryb_resolveOME-ILMN_20260119/alignments/expression_cDNA/alignment_htseq/cDNA-Cell38.bam	8835673
data_somatic/HG008/NIST/HG008-T_bulk/20240508p21/MGH-Bioskryb_resolveOME-ILMN_20260119/alignments/expression_cDNA/alignment_htseq/cDNA-Cell38.bam.bai	1775920
data_somatic/HG008/NIST/HG008-T_bulk/20240508p21/MGH-Bioskryb_resolveOME-ILMN_20260119/alignments/expression_cDNA/alignment_htseq/cDNA-Cell38_Chimeric.out.junction	272627
data_somatic/HG008/NIST/HG008-T_bulk/20240508p21/MGH-Bioskryb_resolveOME-ILMN_20260119/alignments/expression_cDNA/alignment_htseq/cDNA-Cell40.bam	7997229
data_somatic/HG008/NIST/HG008-T_bulk/20240508p21/MGH-Bioskryb_resolveOME-ILMN_20260119/alignments/expression_cDNA/alignment_htseq/cDNA-Cell40.bam.bai	1797232
data_somatic/HG008/NIST/HG008-T_bulk/20240508p21/MGH-Bioskryb_resolveOME-ILMN_20260119/alignments/expression_cDNA/alignment_htseq/cDNA-Cell40_Chimeric.out.junction	199987
data_somatic/HG008/NIST/HG008-T_bulk/20240508p21/MGH-Bioskryb_resolveOME-ILMN_20260119/alignments/expression_cDNA/alignment_htseq/cDNA-Cell41.bam	8008763
data_somatic/HG008/NIST/HG008-T_bulk/20240508p21/MGH-Bioskryb_resolveOME-ILMN_20260119/alignments/expression_cDNA/alignment_htseq/cDNA-Cell41.bam.bai	1780568
data_somatic/HG008/NIST/HG008-T_bulk/20240508p21/MGH-Bioskryb_resolveOME-ILMN_20260119/alignments/expression_cDNA/alignment_htseq/cDNA-Cell41_Chimeric.out.junction	227712
data_somatic/HG008/NIST/HG008-T_bulk/20240508p21/MGH-Bioskryb_resolveOME-ILMN_20260119/alignments/expression_cDNA/alignment_htseq/cDNA-Cell44.bam	8729371
data_somatic/HG008/NIST/HG008-T_bulk/20240508p21/MGH-Bioskryb_resolveOME-ILMN_20260119/alignments/expression_cDNA/alignment_htseq/cDNA-Cell44.bam.bai	1802416
data_somatic/HG008/NIST/HG008-T_bulk/20240508p21/MGH-Bioskryb_resolveOME-ILMN_20260119/alignments/expression_cDNA/alignment_htseq/cDNA-Cell44_Chimeric.out.junction	353846
data_somatic/HG008/NIST/HG008-T_bulk/20240508p21/MGH-Bioskryb_resolveOME-ILMN_20260119/alignments/expression_cDNA/alignment_htseq/cDNA-Cell45.bam	8472426
data_somatic/HG008/NIST/HG008-T_bulk/20240508p21/MGH-Bioskryb_resolveOME-ILMN_20260119/alignments/expression_cDNA/alignment_htseq/cDNA-Cell45.bam.bai	1803688
data_somatic/HG008/NIST/HG008-T_bulk/20240508p21/MGH-Bioskryb_resolveOME-ILMN_20260119/alignments/expression_cDNA/alignment_htseq/cDNA-Cell45_Chimeric.out.junction	299320
data_somatic/HG008/NIST/HG008-T_bulk/20240508p21/MGH-Bioskryb_resolveOME-ILMN_20260119/alignments/expression_cDNA/alignment_htseq/cDNA-Cell46.bam	8222573
data_somatic/HG008/NIST/HG008-T_bulk/20240508p21/MGH-Bioskryb_resolveOME-ILMN_20260119/alignments/expression_cDNA/alignment_htseq/cDNA-Cell46.bam.bai	1756952
data_somatic/HG008/NIST/HG008-T_bulk/20240508p21/MGH-Bioskryb_resolveOME-ILMN_20260119/alignments/expression_cDNA/alignment_htseq/cDNA-Cell46_Chimeric.out.junction	237896
data_somatic/HG008/NIST/HG008-T_bulk/20240508p21/MGH-Bioskryb_resolveOME-ILMN_20260119/alignments/expression_cDNA/alignment_htseq/cDNA-Cell47.bam	8301485
data_somatic/HG008/NIST/HG008-T_bulk/20240508p21/MGH-Bioskryb_resolveOME-ILMN_20260119/alignments/expression_cDNA/alignment_htseq/cDNA-Cell47.bam.bai	1774928
data_somatic/HG008/NIST/HG008-T_bulk/20240508p21/MGH-Bioskryb_resolveOME-ILMN_20260119/alignments/expression_cDNA/alignment_htseq/cDNA-Cell47_Chimeric.out.junction	228909
data_somatic/HG008/NIST/HG008-T_bulk/20240508p21/MGH-Bioskryb_resolveOME-ILMN_20260119/alignments/expression_cDNA/alignment_htseq/cDNA-Cell48.bam	7556385
data_somatic/HG008/NIST/HG008-T_bulk/20240508p21/MGH-Bioskryb_resolveOME-ILMN_20260119/alignments/expression_cDNA/alignment_htseq/cDNA-Cell48.bam.bai	1778920
data_somatic/HG008/NIST/HG008-T_bulk/20240508p21/MGH-Bioskryb_resolveOME-ILMN_20260119/alignments/expression_cDNA/alignment_htseq/cDNA-Cell48_Chimeric.out.junction	202125
data_somatic/HG008/NIST/HG008-T_bulk/20240508p21/MGH-Bioskryb_resolveOME-ILMN_20260119/alignments/expression_cDNA/alignment_htseq/cDNA-Cell49.bam	8401589
data_somatic/HG008/NIST/HG008-T_bulk/20240508p21/MGH-Bioskryb_resolveOME-ILMN_20260119/alignments/expression_cDNA/alignment_htseq/cDNA-Cell49.bam.bai	1795400
data_somatic/HG008/NIST/HG008-T_bulk/20240508p21/MGH-Bioskryb_resolveOME-ILMN_20260119/alignments/expression_cDNA/alignment_htseq/cDNA-Cell49_Chimeric.out.junction	284959
data_somatic/HG008/NIST/HG008-T_bulk/20240508p21/MGH-Bioskryb_resolveOME-ILMN_20260119/alignments/expression_cDNA/alignment_htseq/cDNA-Cell51.bam	8478984
data_somatic/HG008/NIST/HG008-T_bulk/20240508p21/MGH-Bioskryb_resolveOME-ILMN_20260119/alignments/expression_cDNA/alignment_htseq/cDNA-Cell51.bam.bai	1797128
data_somatic/HG008/NIST/HG008-T_bulk/20240508p21/MGH-Bioskryb_resolveOME-ILMN_20260119/alignments/expression_cDNA/alignment_htseq/cDNA-Cell51_Chimeric.out.junction	319600
data_somatic/HG008/NIST/HG008-T_bulk/20240508p21/MGH-Bioskryb_resolveOME-ILMN_20260119/alignments/expression_cDNA/alignment_htseq/cDNA-Cell52.bam	7310772
data_somatic/HG008/NIST/HG008-T_bulk/20240508p21/MGH-Bioskryb_resolveOME-ILMN_20260119/alignments/expression_cDNA/alignment_htseq/cDNA-Cell52.bam.bai	1794720
data_somatic/HG008/NIST/HG008-T_bulk/20240508p21/MGH-Bioskryb_resolveOME-ILMN_20260119/alignments/expression_cDNA/alignment_htseq/cDNA-Cell52_Chimeric.out.junction	232090
data_somatic/HG008/NIST/HG008-T_bulk/20240508p21/MGH-Bioskryb_resolveOME-ILMN_20260119/alignments/expression_cDNA/alignment_htseq/cDNA-Cell56.bam	8213588
data_somatic/HG008/NIST/HG008-T_bulk/20240508p21/MGH-Bioskryb_resolveOME-ILMN_20260119/alignments/expression_cDNA/alignment_htseq/cDNA-Cell56.bam.bai	1719952
data_somatic/HG008/NIST/HG008-T_bulk/20240508p21/MGH-Bioskryb_resolveOME-ILMN_20260119/alignments/expression_cDNA/alignment_htseq/cDNA-Cell56_Chimeric.out.junction	227220
data_somatic/HG008/NIST/HG008-T_bulk/20240508p21/MGH-Bioskryb_resolveOME-ILMN_20260119/alignments/expression_cDNA/alignment_htseq/cDNA-Cell58.bam	8116939
data_somatic/HG008/NIST/HG008-T_bulk/20240508p21/MGH-Bioskryb_resolveOME-ILMN_20260119/alignments/expression_cDNA/alignment_htseq/cDNA-Cell58.bam.bai	1753488
data_somatic/HG008/NIST/HG008-T_bulk/20240508p21/MGH-Bioskryb_resolveOME-ILMN_20260119/alignments/expression_cDNA/alignment_htseq/cDNA-Cell58_Chimeric.out.junction	236040
data_somatic/HG008/NIST/HG008-T_bulk/20240508p21/MGH-Bioskryb_resolveOME-ILMN_20260119/alignments/expression_cDNA/alignment_htseq/cDNA-Cell63.bam	8318754
data_somatic/HG008/NIST/HG008-T_bulk/20240508p21/MGH-Bioskryb_resolveOME-ILMN_20260119/alignments/expression_cDNA/alignment_htseq/cDNA-Cell63.bam.bai	1774840
data_somatic/HG008/NIST/HG008-T_bulk/20240508p21/MGH-Bioskryb_resolveOME-ILMN_20260119/alignments/expression_cDNA/alignment_htseq/cDNA-Cell63_Chimeric.out.junction	212757
data_somatic/HG008/NIST/HG008-T_bulk/20240508p21/MGH-Bioskryb_resolveOME-ILMN_20260119/alignments/expression_cDNA/alignment_htseq/cDNA-Cell64.bam	8160381
data_somatic/HG008/NIST/HG008-T_bulk/20240508p21/MGH-Bioskryb_resolveOME-ILMN_20260119/alignments/expression_cDNA/alignment_htseq/cDNA-Cell64.bam.bai	1728048
data_somatic/HG008/NIST/HG008-T_bulk/20240508p21/MGH-Bioskryb_resolveOME-ILMN_20260119/alignments/expression_cDNA/alignment_htseq/cDNA-Cell64_Chimeric.out.junction	184575
data_somatic/HG008/NIST/HG008-T_bulk/20240508p21/MGH-Bioskryb_resolveOME-ILMN_20260119/alignments/expression_cDNA/alignment_htseq/cDNA-Cell65.bam	8749227
data_somatic/HG008/NIST/HG008-T_bulk/20240508p21/MGH-Bioskryb_resolveOME-ILMN_20260119/alignments/expression_cDNA/alignment_htseq/cDNA-Cell65.bam.bai	1822176
data_somatic/HG008/NIST/HG008-T_bulk/20240508p21/MGH-Bioskryb_resolveOME-ILMN_20260119/alignments/expression_cDNA/alignment_htseq/cDNA-Cell65_Chimeric.out.junction	267118
data_somatic/HG008/NIST/HG008-T_bulk/20240508p21/MGH-Bioskryb_resolveOME-ILMN_20260119/alignments/expression_cDNA/alignment_htseq/cDNA-Cell66.bam	8492510
data_somatic/HG008/NIST/HG008-T_bulk/20240508p21/MGH-Bioskryb_resolveOME-ILMN_20260119/alignments/expression_cDNA/alignment_htseq/cDNA-Cell66.bam.bai	1801008
data_somatic/HG008/NIST/HG008-T_bulk/20240508p21/MGH-Bioskryb_resolveOME-ILMN_20260119/alignments/expression_cDNA/alignment_htseq/cDNA-Cell66_Chimeric.out.junction	267799
data_somatic/HG008/NIST/HG008-T_bulk/20240508p21/MGH-Bioskryb_resolveOME-ILMN_20260119/alignments/expression_cDNA/alignment_htseq/cDNA-Cell68.bam	8144526
data_somatic/HG008/NIST/HG008-T_bulk/20240508p21/MGH-Bioskryb_resolveOME-ILMN_20260119/alignments/expression_cDNA/alignment_htseq/cDNA-Cell68.bam.bai	1823632
data_somatic/HG008/NIST/HG008-T_bulk/20240508p21/MGH-Bioskryb_resolveOME-ILMN_20260119/alignments/expression_cDNA/alignment_htseq/cDNA-Cell68_Chimeric.out.junction	279216
data_somatic/HG008/NIST/HG008-T_bulk/20240508p21/MGH-Bioskryb_resolveOME-ILMN_20260119/alignments/expression_cDNA/alignment_htseq/cDNA-Cell69.bam	8520665
data_somatic/HG008/NIST/HG008-T_bulk/20240508p21/MGH-Bioskryb_resolveOME-ILMN_20260119/alignments/expression_cDNA/alignment_htseq/cDNA-Cell69.bam.bai	1773312
data_somatic/HG008/NIST/HG008-T_bulk/20240508p21/MGH-Bioskryb_resolveOME-ILMN_20260119/alignments/expression_cDNA/alignment_htseq/cDNA-Cell69_Chimeric.out.junction	253258
data_somatic/HG008/NIST/HG008-T_bulk/20240508p21/MGH-Bioskryb_resolveOME-ILMN_20260119/alignments/expression_cDNA/alignment_htseq/cDNA-Cell70.bam	8533550
data_somatic/HG008/NIST/HG008-T_bulk/20240508p21/MGH-Bioskryb_resolveOME-ILMN_20260119/alignments/expression_cDNA/alignment_htseq/cDNA-Cell70.bam.bai	1764288
data_somatic/HG008/NIST/HG008-T_bulk/20240508p21/MGH-Bioskryb_resolveOME-ILMN_20260119/alignments/expression_cDNA/alignment_htseq/cDNA-Cell70_Chimeric.out.junction	249949
data_somatic/HG008/NIST/HG008-T_bulk/20240508p21/MGH-Bioskryb_resolveOME-ILMN_20260119/alignments/expression_cDNA/alignment_htseq/cDNA-Cell71.bam	8486646
data_somatic/HG008/NIST/HG008-T_bulk/20240508p21/MGH-Bioskryb_resolveOME-ILMN_20260119/alignments/expression_cDNA/alignment_htseq/cDNA-Cell71.bam.bai	1784264
data_somatic/HG008/NIST/HG008-T_bulk/20240508p21/MGH-Bioskryb_resolveOME-ILMN_20260119/alignments/expression_cDNA/alignment_htseq/cDNA-Cell71_Chimeric.out.junction	293234
data_somatic/HG008/NIST/HG008-T_bulk/20240508p21/MGH-Bioskryb_resolveOME-ILMN_20260119/alignments/expression_cDNA/alignment_htseq/cDNA-Cell74.bam	8673554
data_somatic/HG008/NIST/HG008-T_bulk/20240508p21/MGH-Bioskryb_resolveOME-ILMN_20260119/alignments/expression_cDNA/alignment_htseq/cDNA-Cell74.bam.bai	1786336
data_somatic/HG008/NIST/HG008-T_bulk/20240508p21/MGH-Bioskryb_resolveOME-ILMN_20260119/alignments/expression_cDNA/alignment_htseq/cDNA-Cell74_Chimeric.out.junction	276143
data_somatic/HG008/NIST/HG008-T_bulk/20240508p21/MGH-Bioskryb_resolveOME-ILMN_20260119/alignments/expression_cDNA/alignment_htseq/cDNA-Cell76.bam	8376163
data_somatic/HG008/NIST/HG008-T_bulk/20240508p21/MGH-Bioskryb_resolveOME-ILMN_20260119/alignments/expression_cDNA/alignment_htseq/cDNA-Cell76.bam.bai	1803888
data_somatic/HG008/NIST/HG008-T_bulk/20240508p21/MGH-Bioskryb_resolveOME-ILMN_20260119/alignments/expression_cDNA/alignment_htseq/cDNA-Cell76_Chimeric.out.junction	219139
data_somatic/HG008/NIST/HG008-T_bulk/20240508p21/MGH-Bioskryb_resolveOME-ILMN_20260119/alignments/expression_cDNA/alignment_htseq/cDNA-Cell80.bam	8285153
data_somatic/HG008/NIST/HG008-T_bulk/20240508p21/MGH-Bioskryb_resolveOME-ILMN_20260119/alignments/expression_cDNA/alignment_htseq/cDNA-Cell80.bam.bai	1854872
data_somatic/HG008/NIST/HG008-T_bulk/20240508p21/MGH-Bioskryb_resolveOME-ILMN_20260119/alignments/expression_cDNA/alignment_htseq/cDNA-Cell80_Chimeric.out.junction	263638
data_somatic/HG008/NIST/HG008-T_bulk/20240508p21/MGH-Bioskryb_resolveOME-ILMN_20260119/alignments/expression_cDNA/alignment_htseq/cDNA-Cell82.bam	8613516
data_somatic/HG008/NIST/HG008-T_bulk/20240508p21/MGH-Bioskryb_resolveOME-ILMN_20260119/alignments/expression_cDNA/alignment_htseq/cDNA-Cell82.bam.bai	1828080
data_somatic/HG008/NIST/HG008-T_bulk/20240508p21/MGH-Bioskryb_resolveOME-ILMN_20260119/alignments/expression_cDNA/alignment_htseq/cDNA-Cell82_Chimeric.out.junction	235436
data_somatic/HG008/NIST/HG008-T_bulk/20240508p21/MGH-Bioskryb_resolveOME-ILMN_20260119/alignments/expression_cDNA/alignment_htseq/cDNA-Cell83.bam	8142190
data_somatic/HG008/NIST/HG008-T_bulk/20240508p21/MGH-Bioskryb_resolveOME-ILMN_20260119/alignments/expression_cDNA/alignment_htseq/cDNA-Cell83.bam.bai	1794928
data_somatic/HG008/NIST/HG008-T_bulk/20240508p21/MGH-Bioskryb_resolveOME-ILMN_20260119/alignments/expression_cDNA/alignment_htseq/cDNA-Cell83_Chimeric.out.junction	227740
data_somatic/HG008/NIST/HG008-T_bulk/20240508p21/MGH-Bioskryb_resolveOME-ILMN_20260119/alignments/expression_cDNA/alignment_htseq/cDNA-Cell84.bam	8496746
data_somatic/HG008/NIST/HG008-T_bulk/20240508p21/MGH-Bioskryb_resolveOME-ILMN_20260119/alignments/expression_cDNA/alignment_htseq/cDNA-Cell84.bam.bai	1803968
data_somatic/HG008/NIST/HG008-T_bulk/20240508p21/MGH-Bioskryb_resolveOME-ILMN_20260119/alignments/expression_cDNA/alignment_htseq/cDNA-Cell84_Chimeric.out.junction	261139
data_somatic/HG008/NIST/HG008-T_bulk/20240508p21/MGH-Bioskryb_resolveOME-ILMN_20260119/alignments/expression_cDNA/alignment_htseq/cDNA-Cell85.bam	8487229
data_somatic/HG008/NIST/HG008-T_bulk/20240508p21/MGH-Bioskryb_resolveOME-ILMN_20260119/alignments/expression_cDNA/alignment_htseq/cDNA-Cell85.bam.bai	1789584
data_somatic/HG008/NIST/HG008-T_bulk/20240508p21/MGH-Bioskryb_resolveOME-ILMN_20260119/alignments/expression_cDNA/alignment_htseq/cDNA-Cell85_Chimeric.out.junction	251926
data_somatic/HG008/NIST/HG008-T_bulk/20240508p21/MGH-Bioskryb_resolveOME-ILMN_20260119/alignments/expression_cDNA/alignment_htseq/cDNA-Cell86.bam	8394790
data_somatic/HG008/NIST/HG008-T_bulk/20240508p21/MGH-Bioskryb_resolveOME-ILMN_20260119/alignments/expression_cDNA/alignment_htseq/cDNA-Cell86.bam.bai	1768464
data_somatic/HG008/NIST/HG008-T_bulk/20240508p21/MGH-Bioskryb_resolveOME-ILMN_20260119/alignments/expression_cDNA/alignment_htseq/cDNA-Cell86_Chimeric.out.junction	301437
data_somatic/HG008/NIST/HG008-T_bulk/20240508p21/MGH-Bioskryb_resolveOME-ILMN_20260119/alignments/expression_cDNA/alignment_htseq/cDNA-Cell87.bam	8219433
data_somatic/HG008/NIST/HG008-T_bulk/20240508p21/MGH-Bioskryb_resolveOME-ILMN_20260119/alignments/expression_cDNA/alignment_htseq/cDNA-Cell87.bam.bai	1801496
data_somatic/HG008/NIST/HG008-T_bulk/20240508p21/MGH-Bioskryb_resolveOME-ILMN_20260119/alignments/expression_cDNA/alignment_htseq/cDNA-Cell87_Chimeric.out.junction	254001
data_somatic/HG008/NIST/HG008-T_bulk/20240508p21/MGH-Bioskryb_resolveOME-ILMN_20260119/alignments/expression_cDNA/alignment_htseq/cDNA-Cell88.bam	8490312
data_somatic/HG008/NIST/HG008-T_bulk/20240508p21/MGH-Bioskryb_resolveOME-ILMN_20260119/alignments/expression_cDNA/alignment_htseq/cDNA-Cell88.bam.bai	1780184
data_somatic/HG008/NIST/HG008-T_bulk/20240508p21/MGH-Bioskryb_resolveOME-ILMN_20260119/alignments/expression_cDNA/alignment_htseq/cDNA-Cell88_Chimeric.out.junction	237712
data_somatic/HG008/NIST/HG008-T_bulk/20240508p21/MGH-Bioskryb_resolveOME-ILMN_20260119/alignments/expression_cDNA/alignment_htseq/cDNA-Cell89.bam	8586906
data_somatic/HG008/NIST/HG008-T_bulk/20240508p21/MGH-Bioskryb_resolveOME-ILMN_20260119/alignments/expression_cDNA/alignment_htseq/cDNA-Cell89.bam.bai	1769128
data_somatic/HG008/NIST/HG008-T_bulk/20240508p21/MGH-Bioskryb_resolveOME-ILMN_20260119/alignments/expression_cDNA/alignment_htseq/cDNA-Cell89_Chimeric.out.junction	269713
data_somatic/HG008/NIST/HG008-T_bulk/20240508p21/MGH-Bioskryb_resolveOME-ILMN_20260119/alignments/expression_cDNA/alignment_htseq/cDNA-Cell90.bam	8335467
data_somatic/HG008/NIST/HG008-T_bulk/20240508p21/MGH-Bioskryb_resolveOME-ILMN_20260119/alignments/expression_cDNA/alignment_htseq/cDNA-Cell90.bam.bai	1772392
data_somatic/HG008/NIST/HG008-T_bulk/20240508p21/MGH-Bioskryb_resolveOME-ILMN_20260119/alignments/expression_cDNA/alignment_htseq/cDNA-Cell90_Chimeric.out.junction	192291
data_somatic/HG008/NIST/HG008-T_bulk/20240508p21/MGH-Bioskryb_resolveOME-ILMN_20260119/alignments/expression_cDNA/alignment_htseq/cDNA-Cell92.bam	8281479
data_somatic/HG008/NIST/HG008-T_bulk/20240508p21/MGH-Bioskryb_resolveOME-ILMN_20260119/alignments/expression_cDNA/alignment_htseq/cDNA-Cell92.bam.bai	1758632
data_somatic/HG008/NIST/HG008-T_bulk/20240508p21/MGH-Bioskryb_resolveOME-ILMN_20260119/alignments/expression_cDNA/alignment_htseq/cDNA-Cell92_Chimeric.out.junction	200004
data_somatic/HG008/NIST/HG008-T_bulk/20240508p21/MGH-Bioskryb_resolveOME-ILMN_20260119/alignments/expression_cDNA/alignment_htseq/cDNA-Cell93.bam	8429978
data_somatic/HG008/NIST/HG008-T_bulk/20240508p21/MGH-Bioskryb_resolveOME-ILMN_20260119/alignments/expression_cDNA/alignment_htseq/cDNA-Cell93.bam.bai	1764336
data_somatic/HG008/NIST/HG008-T_bulk/20240508p21/MGH-Bioskryb_resolveOME-ILMN_20260119/alignments/expression_cDNA/alignment_htseq/cDNA-Cell93_Chimeric.out.junction	205123
data_somatic/HG008/NIST/HG008-T_bulk/20240508p21/MGH-Bioskryb_resolveOME-ILMN_20260119/alignments/expression_cDNA/alignment_htseq/cDNA-Cell94.bam	8485626
data_somatic/HG008/NIST/HG008-T_bulk/20240508p21/MGH-Bioskryb_resolveOME-ILMN_20260119/alignments/expression_cDNA/alignment_htseq/cDNA-Cell94.bam.bai	1753360
data_somatic/HG008/NIST/HG008-T_bulk/20240508p21/MGH-Bioskryb_resolveOME-ILMN_20260119/alignments/expression_cDNA/alignment_htseq/cDNA-Cell94_Chimeric.out.junction	188869
data_somatic/HG008/NIST/HG008-T_bulk/20240508p21/MGH-Bioskryb_resolveOME-ILMN_20260119/alignments/expression_cDNA/alignment_htseq/cDNA-Cell95.bam	8177893
data_somatic/HG008/NIST/HG008-T_bulk/20240508p21/MGH-Bioskryb_resolveOME-ILMN_20260119/alignments/expression_cDNA/alignment_htseq/cDNA-Cell95.bam.bai	1717240
data_somatic/HG008/NIST/HG008-T_bulk/20240508p21/MGH-Bioskryb_resolveOME-ILMN_20260119/alignments/expression_cDNA/alignment_htseq/cDNA-Cell95_Chimeric.out.junction	188257
data_somatic/HG008/NIST/HG008-T_bulk/20240508p21/MGH-Bioskryb_resolveOME-ILMN_20260119/alignments/expression_cDNA/alignment_htseq/cDNA-Cell96.bam	8521426
data_somatic/HG008/NIST/HG008-T_bulk/20240508p21/MGH-Bioskryb_resolveOME-ILMN_20260119/alignments/expression_cDNA/alignment_htseq/cDNA-Cell96.bam.bai	1769520
data_somatic/HG008/NIST/HG008-T_bulk/20240508p21/MGH-Bioskryb_resolveOME-ILMN_20260119/alignments/expression_cDNA/alignment_htseq/cDNA-Cell96_Chimeric.out.junction	236281
data_somatic/HG008/NIST/HG008-T_bulk/20240508p21/MGH-Bioskryb_resolveOME-ILMN_20260119/alignments/expression_cDNA/multiqc_report_bj-expression_1.8.7_2556_111940.html	15209892
data_somatic/HG008/NIST/HG008-T_bulk/20240508p21/MGH-Bioskryb_resolveOME-ILMN_20260119/alignments/expression_cDNA/read_counts/WGS-Cell10_read_counts.txt	38
data_somatic/HG008/NIST/HG008-T_bulk/20240508p21/MGH-Bioskryb_resolveOME-ILMN_20260119/alignments/expression_cDNA/read_counts/WGS-Cell10_total_reads.txt	9
data_somatic/HG008/NIST/HG008-T_bulk/20240508p21/MGH-Bioskryb_resolveOME-ILMN_20260119/alignments/expression_cDNA/read_counts/WGS-Cell11_read_counts.txt	38
data_somatic/HG008/NIST/HG008-T_bulk/20240508p21/MGH-Bioskryb_resolveOME-ILMN_20260119/alignments/expression_cDNA/read_counts/WGS-Cell11_total_reads.txt	9
data_somatic/HG008/NIST/HG008-T_bulk/20240508p21/MGH-Bioskryb_resolveOME-ILMN_20260119/alignments/expression_cDNA/read_counts/WGS-Cell12_read_counts.txt	38
data_somatic/HG008/NIST/HG008-T_bulk/20240508p21/MGH-Bioskryb_resolveOME-ILMN_20260119/alignments/expression_cDNA/read_counts/WGS-Cell12_total_reads.txt	9
data_somatic/HG008/NIST/HG008-T_bulk/20240508p21/MGH-Bioskryb_resolveOME-ILMN_20260119/alignments/expression_cDNA/read_counts/WGS-Cell13_read_counts.txt	38
data_somatic/HG008/NIST/HG008-T_bulk/20240508p21/MGH-Bioskryb_resolveOME-ILMN_20260119/alignments/expression_cDNA/read_counts/WGS-Cell13_total_reads.txt	9
data_somatic/HG008/NIST/HG008-T_bulk/20240508p21/MGH-Bioskryb_resolveOME-ILMN_20260119/alignments/expression_cDNA/read_counts/WGS-Cell14_read_counts.txt	38
data_somatic/HG008/NIST/HG008-T_bulk/20240508p21/MGH-Bioskryb_resolveOME-ILMN_20260119/alignments/expression_cDNA/read_counts/WGS-Cell14_total_reads.txt	9
data_somatic/HG008/NIST/HG008-T_bulk/20240508p21/MGH-Bioskryb_resolveOME-ILMN_20260119/alignments/expression_cDNA/read_counts/WGS-Cell15_read_counts.txt	38
data_somatic/HG008/NIST/HG008-T_bulk/20240508p21/MGH-Bioskryb_resolveOME-ILMN_20260119/alignments/expression_cDNA/read_counts/WGS-Cell15_total_reads.txt	9
data_somatic/HG008/NIST/HG008-T_bulk/20240508p21/MGH-Bioskryb_resolveOME-ILMN_20260119/alignments/expression_cDNA/read_counts/WGS-Cell16_read_counts.txt	32
data_somatic/HG008/NIST/HG008-T_bulk/20240508p21/MGH-Bioskryb_resolveOME-ILMN_20260119/alignments/expression_cDNA/read_counts/WGS-Cell16_total_reads.txt	3
data_somatic/HG008/NIST/HG008-T_bulk/20240508p21/MGH-Bioskryb_resolveOME-ILMN_20260119/alignments/expression_cDNA/read_counts/WGS-Cell18_read_counts.txt	38
data_somatic/HG008/NIST/HG008-T_bulk/20240508p21/MGH-Bioskryb_resolveOME-ILMN_20260119/alignments/expression_cDNA/read_counts/WGS-Cell18_total_reads.txt	9
data_somatic/HG008/NIST/HG008-T_bulk/20240508p21/MGH-Bioskryb_resolveOME-ILMN_20260119/alignments/expression_cDNA/read_counts/WGS-Cell19_read_counts.txt	38
data_somatic/HG008/NIST/HG008-T_bulk/20240508p21/MGH-Bioskryb_resolveOME-ILMN_20260119/alignments/expression_cDNA/read_counts/WGS-Cell19_total_reads.txt	9
data_somatic/HG008/NIST/HG008-T_bulk/20240508p21/MGH-Bioskryb_resolveOME-ILMN_20260119/alignments/expression_cDNA/read_counts/WGS-Cell20_read_counts.txt	38
data_somatic/HG008/NIST/HG008-T_bulk/20240508p21/MGH-Bioskryb_resolveOME-ILMN_20260119/alignments/expression_cDNA/read_counts/WGS-Cell20_total_reads.txt	9
data_somatic/HG008/NIST/HG008-T_bulk/20240508p21/MGH-Bioskryb_resolveOME-ILMN_20260119/alignments/expression_cDNA/read_counts/WGS-Cell21_read_counts.txt	38
data_somatic/HG008/NIST/HG008-T_bulk/20240508p21/MGH-Bioskryb_resolveOME-ILMN_20260119/alignments/expression_cDNA/read_counts/WGS-Cell21_total_reads.txt	9
data_somatic/HG008/NIST/HG008-T_bulk/20240508p21/MGH-Bioskryb_resolveOME-ILMN_20260119/alignments/expression_cDNA/read_counts/WGS-Cell23_read_counts.txt	38
data_somatic/HG008/NIST/HG008-T_bulk/20240508p21/MGH-Bioskryb_resolveOME-ILMN_20260119/alignments/expression_cDNA/read_counts/WGS-Cell23_total_reads.txt	9
data_somatic/HG008/NIST/HG008-T_bulk/20240508p21/MGH-Bioskryb_resolveOME-ILMN_20260119/alignments/expression_cDNA/read_counts/WGS-Cell27_read_counts.txt	38
data_somatic/HG008/NIST/HG008-T_bulk/20240508p21/MGH-Bioskryb_resolveOME-ILMN_20260119/alignments/expression_cDNA/read_counts/WGS-Cell27_total_reads.txt	9
data_somatic/HG008/NIST/HG008-T_bulk/20240508p21/MGH-Bioskryb_resolveOME-ILMN_20260119/alignments/expression_cDNA/read_counts/WGS-Cell28_read_counts.txt	38
data_somatic/HG008/NIST/HG008-T_bulk/20240508p21/MGH-Bioskryb_resolveOME-ILMN_20260119/alignments/expression_cDNA/read_counts/WGS-Cell28_total_reads.txt	9
data_somatic/HG008/NIST/HG008-T_bulk/20240508p21/MGH-Bioskryb_resolveOME-ILMN_20260119/alignments/expression_cDNA/read_counts/WGS-Cell29_read_counts.txt	38
data_somatic/HG008/NIST/HG008-T_bulk/20240508p21/MGH-Bioskryb_resolveOME-ILMN_20260119/alignments/expression_cDNA/read_counts/WGS-Cell29_total_reads.txt	9
data_somatic/HG008/NIST/HG008-T_bulk/20240508p21/MGH-Bioskryb_resolveOME-ILMN_20260119/alignments/expression_cDNA/read_counts/WGS-Cell30_read_counts.txt	38
data_somatic/HG008/NIST/HG008-T_bulk/20240508p21/MGH-Bioskryb_resolveOME-ILMN_20260119/alignments/expression_cDNA/read_counts/WGS-Cell30_total_reads.txt	9
data_somatic/HG008/NIST/HG008-T_bulk/20240508p21/MGH-Bioskryb_resolveOME-ILMN_20260119/alignments/expression_cDNA/read_counts/WGS-Cell35_read_counts.txt	38
data_somatic/HG008/NIST/HG008-T_bulk/20240508p21/MGH-Bioskryb_resolveOME-ILMN_20260119/alignments/expression_cDNA/read_counts/WGS-Cell35_total_reads.txt	9
data_somatic/HG008/NIST/HG008-T_bulk/20240508p21/MGH-Bioskryb_resolveOME-ILMN_20260119/alignments/expression_cDNA/read_counts/WGS-Cell36_read_counts.txt	38
data_somatic/HG008/NIST/HG008-T_bulk/20240508p21/MGH-Bioskryb_resolveOME-ILMN_20260119/alignments/expression_cDNA/read_counts/WGS-Cell36_total_reads.txt	9
data_somatic/HG008/NIST/HG008-T_bulk/20240508p21/MGH-Bioskryb_resolveOME-ILMN_20260119/alignments/expression_cDNA/read_counts/WGS-Cell37_read_counts.txt	38
data_somatic/HG008/NIST/HG008-T_bulk/20240508p21/MGH-Bioskryb_resolveOME-ILMN_20260119/alignments/expression_cDNA/read_counts/WGS-Cell37_total_reads.txt	9
data_somatic/HG008/NIST/HG008-T_bulk/20240508p21/MGH-Bioskryb_resolveOME-ILMN_20260119/alignments/expression_cDNA/read_counts/WGS-Cell38_read_counts.txt	38
data_somatic/HG008/NIST/HG008-T_bulk/20240508p21/MGH-Bioskryb_resolveOME-ILMN_20260119/alignments/expression_cDNA/read_counts/WGS-Cell38_total_reads.txt	9
data_somatic/HG008/NIST/HG008-T_bulk/20240508p21/MGH-Bioskryb_resolveOME-ILMN_20260119/alignments/expression_cDNA/read_counts/WGS-Cell40_read_counts.txt	38
data_somatic/HG008/NIST/HG008-T_bulk/20240508p21/MGH-Bioskryb_resolveOME-ILMN_20260119/alignments/expression_cDNA/read_counts/WGS-Cell40_total_reads.txt	9
data_somatic/HG008/NIST/HG008-T_bulk/20240508p21/MGH-Bioskryb_resolveOME-ILMN_20260119/alignments/expression_cDNA/read_counts/WGS-Cell41_read_counts.txt	38
data_somatic/HG008/NIST/HG008-T_bulk/20240508p21/MGH-Bioskryb_resolveOME-ILMN_20260119/alignments/expression_cDNA/read_counts/WGS-Cell41_total_reads.txt	9
data_somatic/HG008/NIST/HG008-T_bulk/20240508p21/MGH-Bioskryb_resolveOME-ILMN_20260119/alignments/expression_cDNA/read_counts/WGS-Cell44_read_counts.txt	38
data_somatic/HG008/NIST/HG008-T_bulk/20240508p21/MGH-Bioskryb_resolveOME-ILMN_20260119/alignments/expression_cDNA/read_counts/WGS-Cell44_total_reads.txt	9
data_somatic/HG008/NIST/HG008-T_bulk/20240508p21/MGH-Bioskryb_resolveOME-ILMN_20260119/alignments/expression_cDNA/read_counts/WGS-Cell45_read_counts.txt	38
data_somatic/HG008/NIST/HG008-T_bulk/20240508p21/MGH-Bioskryb_resolveOME-ILMN_20260119/alignments/expression_cDNA/read_counts/WGS-Cell45_total_reads.txt	9
data_somatic/HG008/NIST/HG008-T_bulk/20240508p21/MGH-Bioskryb_resolveOME-ILMN_20260119/alignments/expression_cDNA/read_counts/WGS-Cell46_read_counts.txt	38
data_somatic/HG008/NIST/HG008-T_bulk/20240508p21/MGH-Bioskryb_resolveOME-ILMN_20260119/alignments/expression_cDNA/read_counts/WGS-Cell46_total_reads.txt	9
data_somatic/HG008/NIST/HG008-T_bulk/20240508p21/MGH-Bioskryb_resolveOME-ILMN_20260119/alignments/expression_cDNA/read_counts/WGS-Cell47_read_counts.txt	38
data_somatic/HG008/NIST/HG008-T_bulk/20240508p21/MGH-Bioskryb_resolveOME-ILMN_20260119/alignments/expression_cDNA/read_counts/WGS-Cell47_total_reads.txt	9
data_somatic/HG008/NIST/HG008-T_bulk/20240508p21/MGH-Bioskryb_resolveOME-ILMN_20260119/alignments/expression_cDNA/read_counts/WGS-Cell48_read_counts.txt	38
data_somatic/HG008/NIST/HG008-T_bulk/20240508p21/MGH-Bioskryb_resolveOME-ILMN_20260119/alignments/expression_cDNA/read_counts/WGS-Cell48_total_reads.txt	9
data_somatic/HG008/NIST/HG008-T_bulk/20240508p21/MGH-Bioskryb_resolveOME-ILMN_20260119/alignments/expression_cDNA/read_counts/WGS-Cell49_read_counts.txt	38
data_somatic/HG008/NIST/HG008-T_bulk/20240508p21/MGH-Bioskryb_resolveOME-ILMN_20260119/alignments/expression_cDNA/read_counts/WGS-Cell49_total_reads.txt	9
data_somatic/HG008/NIST/HG008-T_bulk/20240508p21/MGH-Bioskryb_resolveOME-ILMN_20260119/alignments/expression_cDNA/read_counts/WGS-Cell51_read_counts.txt	38
data_somatic/HG008/NIST/HG008-T_bulk/20240508p21/MGH-Bioskryb_resolveOME-ILMN_20260119/alignments/expression_cDNA/read_counts/WGS-Cell51_total_reads.txt	9
data_somatic/HG008/NIST/HG008-T_bulk/20240508p21/MGH-Bioskryb_resolveOME-ILMN_20260119/alignments/expression_cDNA/read_counts/WGS-Cell52_read_counts.txt	38
data_somatic/HG008/NIST/HG008-T_bulk/20240508p21/MGH-Bioskryb_resolveOME-ILMN_20260119/alignments/expression_cDNA/read_counts/WGS-Cell52_total_reads.txt	9
data_somatic/HG008/NIST/HG008-T_bulk/20240508p21/MGH-Bioskryb_resolveOME-ILMN_20260119/alignments/expression_cDNA/read_counts/WGS-Cell56_read_counts.txt	38
data_somatic/HG008/NIST/HG008-T_bulk/20240508p21/MGH-Bioskryb_resolveOME-ILMN_20260119/alignments/expression_cDNA/read_counts/WGS-Cell56_total_reads.txt	9
data_somatic/HG008/NIST/HG008-T_bulk/20240508p21/MGH-Bioskryb_resolveOME-ILMN_20260119/alignments/expression_cDNA/read_counts/WGS-Cell57_read_counts.txt	38
data_somatic/HG008/NIST/HG008-T_bulk/20240508p21/MGH-Bioskryb_resolveOME-ILMN_20260119/alignments/expression_cDNA/read_counts/WGS-Cell57_total_reads.txt	9
data_somatic/HG008/NIST/HG008-T_bulk/20240508p21/MGH-Bioskryb_resolveOME-ILMN_20260119/alignments/expression_cDNA/read_counts/WGS-Cell58_read_counts.txt	38
data_somatic/HG008/NIST/HG008-T_bulk/20240508p21/MGH-Bioskryb_resolveOME-ILMN_20260119/alignments/expression_cDNA/read_counts/WGS-Cell58_total_reads.txt	9
data_somatic/HG008/NIST/HG008-T_bulk/20240508p21/MGH-Bioskryb_resolveOME-ILMN_20260119/alignments/expression_cDNA/read_counts/WGS-Cell63_read_counts.txt	38
data_somatic/HG008/NIST/HG008-T_bulk/20240508p21/MGH-Bioskryb_resolveOME-ILMN_20260119/alignments/expression_cDNA/read_counts/WGS-Cell63_total_reads.txt	9
data_somatic/HG008/NIST/HG008-T_bulk/20240508p21/MGH-Bioskryb_resolveOME-ILMN_20260119/alignments/expression_cDNA/read_counts/WGS-Cell64_read_counts.txt	38
data_somatic/HG008/NIST/HG008-T_bulk/20240508p21/MGH-Bioskryb_resolveOME-ILMN_20260119/alignments/expression_cDNA/read_counts/WGS-Cell64_total_reads.txt	9
data_somatic/HG008/NIST/HG008-T_bulk/20240508p21/MGH-Bioskryb_resolveOME-ILMN_20260119/alignments/expression_cDNA/read_counts/WGS-Cell65_read_counts.txt	38
data_somatic/HG008/NIST/HG008-T_bulk/20240508p21/MGH-Bioskryb_resolveOME-ILMN_20260119/alignments/expression_cDNA/read_counts/WGS-Cell65_total_reads.txt	9
data_somatic/HG008/NIST/HG008-T_bulk/20240508p21/MGH-Bioskryb_resolveOME-ILMN_20260119/alignments/expression_cDNA/read_counts/WGS-Cell66_read_counts.txt	38
data_somatic/HG008/NIST/HG008-T_bulk/20240508p21/MGH-Bioskryb_resolveOME-ILMN_20260119/alignments/expression_cDNA/read_counts/WGS-Cell66_total_reads.txt	9
data_somatic/HG008/NIST/HG008-T_bulk/20240508p21/MGH-Bioskryb_resolveOME-ILMN_20260119/alignments/expression_cDNA/read_counts/WGS-Cell68_read_counts.txt	38
data_somatic/HG008/NIST/HG008-T_bulk/20240508p21/MGH-Bioskryb_resolveOME-ILMN_20260119/alignments/expression_cDNA/read_counts/WGS-Cell68_total_reads.txt	9
data_somatic/HG008/NIST/HG008-T_bulk/20240508p21/MGH-Bioskryb_resolveOME-ILMN_20260119/alignments/expression_cDNA/read_counts/WGS-Cell69_read_counts.txt	38
data_somatic/HG008/NIST/HG008-T_bulk/20240508p21/MGH-Bioskryb_resolveOME-ILMN_20260119/alignments/expression_cDNA/read_counts/WGS-Cell69_total_reads.txt	9
data_somatic/HG008/NIST/HG008-T_bulk/20240508p21/MGH-Bioskryb_resolveOME-ILMN_20260119/alignments/expression_cDNA/read_counts/WGS-Cell70_read_counts.txt	38
data_somatic/HG008/NIST/HG008-T_bulk/20240508p21/MGH-Bioskryb_resolveOME-ILMN_20260119/alignments/expression_cDNA/read_counts/WGS-Cell70_total_reads.txt	9
data_somatic/HG008/NIST/HG008-T_bulk/20240508p21/MGH-Bioskryb_resolveOME-ILMN_20260119/alignments/expression_cDNA/read_counts/WGS-Cell71_read_counts.txt	38
data_somatic/HG008/NIST/HG008-T_bulk/20240508p21/MGH-Bioskryb_resolveOME-ILMN_20260119/alignments/expression_cDNA/read_counts/WGS-Cell71_total_reads.txt	9
data_somatic/HG008/NIST/HG008-T_bulk/20240508p21/MGH-Bioskryb_resolveOME-ILMN_20260119/alignments/expression_cDNA/read_counts/WGS-Cell73_read_counts.txt	38
data_somatic/HG008/NIST/HG008-T_bulk/20240508p21/MGH-Bioskryb_resolveOME-ILMN_20260119/alignments/expression_cDNA/read_counts/WGS-Cell73_total_reads.txt	9
data_somatic/HG008/NIST/HG008-T_bulk/20240508p21/MGH-Bioskryb_resolveOME-ILMN_20260119/alignments/expression_cDNA/read_counts/WGS-Cell74_read_counts.txt	38
data_somatic/HG008/NIST/HG008-T_bulk/20240508p21/MGH-Bioskryb_resolveOME-ILMN_20260119/alignments/expression_cDNA/read_counts/WGS-Cell74_total_reads.txt	9
data_somatic/HG008/NIST/HG008-T_bulk/20240508p21/MGH-Bioskryb_resolveOME-ILMN_20260119/alignments/expression_cDNA/read_counts/WGS-Cell76_read_counts.txt	38
data_somatic/HG008/NIST/HG008-T_bulk/20240508p21/MGH-Bioskryb_resolveOME-ILMN_20260119/alignments/expression_cDNA/read_counts/WGS-Cell76_total_reads.txt	9
data_somatic/HG008/NIST/HG008-T_bulk/20240508p21/MGH-Bioskryb_resolveOME-ILMN_20260119/alignments/expression_cDNA/read_counts/WGS-Cell80_read_counts.txt	38
data_somatic/HG008/NIST/HG008-T_bulk/20240508p21/MGH-Bioskryb_resolveOME-ILMN_20260119/alignments/expression_cDNA/read_counts/WGS-Cell80_total_reads.txt	9
data_somatic/HG008/NIST/HG008-T_bulk/20240508p21/MGH-Bioskryb_resolveOME-ILMN_20260119/alignments/expression_cDNA/read_counts/WGS-Cell82_read_counts.txt	38
data_somatic/HG008/NIST/HG008-T_bulk/20240508p21/MGH-Bioskryb_resolveOME-ILMN_20260119/alignments/expression_cDNA/read_counts/WGS-Cell82_total_reads.txt	9
data_somatic/HG008/NIST/HG008-T_bulk/20240508p21/MGH-Bioskryb_resolveOME-ILMN_20260119/alignments/expression_cDNA/read_counts/WGS-Cell83_read_counts.txt	38
data_somatic/HG008/NIST/HG008-T_bulk/20240508p21/MGH-Bioskryb_resolveOME-ILMN_20260119/alignments/expression_cDNA/read_counts/WGS-Cell83_total_reads.txt	9
data_somatic/HG008/NIST/HG008-T_bulk/20240508p21/MGH-Bioskryb_resolveOME-ILMN_20260119/alignments/expression_cDNA/read_counts/WGS-Cell84_read_counts.txt	38
data_somatic/HG008/NIST/HG008-T_bulk/20240508p21/MGH-Bioskryb_resolveOME-ILMN_20260119/alignments/expression_cDNA/read_counts/WGS-Cell84_total_reads.txt	9
data_somatic/HG008/NIST/HG008-T_bulk/20240508p21/MGH-Bioskryb_resolveOME-ILMN_20260119/alignments/expression_cDNA/read_counts/WGS-Cell85_read_counts.txt	38
data_somatic/HG008/NIST/HG008-T_bulk/20240508p21/MGH-Bioskryb_resolveOME-ILMN_20260119/alignments/expression_cDNA/read_counts/WGS-Cell85_total_reads.txt	9
data_somatic/HG008/NIST/HG008-T_bulk/20240508p21/MGH-Bioskryb_resolveOME-ILMN_20260119/alignments/expression_cDNA/read_counts/WGS-Cell86_read_counts.txt	38
data_somatic/HG008/NIST/HG008-T_bulk/20240508p21/MGH-Bioskryb_resolveOME-ILMN_20260119/alignments/expression_cDNA/read_counts/WGS-Cell86_total_reads.txt	9
data_somatic/HG008/NIST/HG008-T_bulk/20240508p21/MGH-Bioskryb_resolveOME-ILMN_20260119/alignments/expression_cDNA/read_counts/WGS-Cell87_read_counts.txt	38
data_somatic/HG008/NIST/HG008-T_bulk/20240508p21/MGH-Bioskryb_resolveOME-ILMN_20260119/alignments/expression_cDNA/read_counts/WGS-Cell87_total_reads.txt	9
data_somatic/HG008/NIST/HG008-T_bulk/20240508p21/MGH-Bioskryb_resolveOME-ILMN_20260119/alignments/expression_cDNA/read_counts/WGS-Cell88_read_counts.txt	38
data_somatic/HG008/NIST/HG008-T_bulk/20240508p21/MGH-Bioskryb_resolveOME-ILMN_20260119/alignments/expression_cDNA/read_counts/WGS-Cell88_total_reads.txt	9
data_somatic/HG008/NIST/HG008-T_bulk/20240508p21/MGH-Bioskryb_resolveOME-ILMN_20260119/alignments/expression_cDNA/read_counts/WGS-Cell89_read_counts.txt	38
data_somatic/HG008/NIST/HG008-T_bulk/20240508p21/MGH-Bioskryb_resolveOME-ILMN_20260119/alignments/expression_cDNA/read_counts/WGS-Cell89_total_reads.txt	9
data_somatic/HG008/NIST/HG008-T_bulk/20240508p21/MGH-Bioskryb_resolveOME-ILMN_20260119/alignments/expression_cDNA/read_counts/WGS-Cell90_read_counts.txt	38
data_somatic/HG008/NIST/HG008-T_bulk/20240508p21/MGH-Bioskryb_resolveOME-ILMN_20260119/alignments/expression_cDNA/read_counts/WGS-Cell90_total_reads.txt	9
data_somatic/HG008/NIST/HG008-T_bulk/20240508p21/MGH-Bioskryb_resolveOME-ILMN_20260119/alignments/expression_cDNA/read_counts/WGS-Cell92_read_counts.txt	38
data_somatic/HG008/NIST/HG008-T_bulk/20240508p21/MGH-Bioskryb_resolveOME-ILMN_20260119/alignments/expression_cDNA/read_counts/WGS-Cell92_total_reads.txt	9
data_somatic/HG008/NIST/HG008-T_bulk/20240508p21/MGH-Bioskryb_resolveOME-ILMN_20260119/alignments/expression_cDNA/read_counts/WGS-Cell93_read_counts.txt	38
data_somatic/HG008/NIST/HG008-T_bulk/20240508p21/MGH-Bioskryb_resolveOME-ILMN_20260119/alignments/expression_cDNA/read_counts/WGS-Cell93_total_reads.txt	9
data_somatic/HG008/NIST/HG008-T_bulk/20240508p21/MGH-Bioskryb_resolveOME-ILMN_20260119/alignments/expression_cDNA/read_counts/WGS-Cell94_read_counts.txt	38
data_somatic/HG008/NIST/HG008-T_bulk/20240508p21/MGH-Bioskryb_resolveOME-ILMN_20260119/alignments/expression_cDNA/read_counts/WGS-Cell94_total_reads.txt	9
data_somatic/HG008/NIST/HG008-T_bulk/20240508p21/MGH-Bioskryb_resolveOME-ILMN_20260119/alignments/expression_cDNA/read_counts/WGS-Cell95_read_counts.txt	38
data_somatic/HG008/NIST/HG008-T_bulk/20240508p21/MGH-Bioskryb_resolveOME-ILMN_20260119/alignments/expression_cDNA/read_counts/WGS-Cell95_total_reads.txt	9
data_somatic/HG008/NIST/HG008-T_bulk/20240508p21/MGH-Bioskryb_resolveOME-ILMN_20260119/alignments/expression_cDNA/read_counts/WGS-Cell96_read_counts.txt	38
data_somatic/HG008/NIST/HG008-T_bulk/20240508p21/MGH-Bioskryb_resolveOME-ILMN_20260119/alignments/expression_cDNA/read_counts/WGS-Cell96_total_reads.txt	9
data_somatic/HG008/NIST/HG008-T_bulk/20240508p21/MGH-Bioskryb_resolveOME-ILMN_20260119/alignments/expression_cDNA/read_counts/cDNA-Cell10_read_counts.txt	37
data_somatic/HG008/NIST/HG008-T_bulk/20240508p21/MGH-Bioskryb_resolveOME-ILMN_20260119/alignments/expression_cDNA/read_counts/cDNA-Cell10_total_reads.txt	7
data_somatic/HG008/NIST/HG008-T_bulk/20240508p21/MGH-Bioskryb_resolveOME-ILMN_20260119/alignments/expression_cDNA/read_counts/cDNA-Cell11_read_counts.txt	37
data_somatic/HG008/NIST/HG008-T_bulk/20240508p21/MGH-Bioskryb_resolveOME-ILMN_20260119/alignments/expression_cDNA/read_counts/cDNA-Cell11_total_reads.txt	7
data_somatic/HG008/NIST/HG008-T_bulk/20240508p21/MGH-Bioskryb_resolveOME-ILMN_20260119/alignments/expression_cDNA/read_counts/cDNA-Cell12_read_counts.txt	37
data_somatic/HG008/NIST/HG008-T_bulk/20240508p21/MGH-Bioskryb_resolveOME-ILMN_20260119/alignments/expression_cDNA/read_counts/cDNA-Cell12_total_reads.txt	7
data_somatic/HG008/NIST/HG008-T_bulk/20240508p21/MGH-Bioskryb_resolveOME-ILMN_20260119/alignments/expression_cDNA/read_counts/cDNA-Cell13_read_counts.txt	37
data_somatic/HG008/NIST/HG008-T_bulk/20240508p21/MGH-Bioskryb_resolveOME-ILMN_20260119/alignments/expression_cDNA/read_counts/cDNA-Cell13_total_reads.txt	7
data_somatic/HG008/NIST/HG008-T_bulk/20240508p21/MGH-Bioskryb_resolveOME-ILMN_20260119/alignments/expression_cDNA/read_counts/cDNA-Cell14_read_counts.txt	37
data_somatic/HG008/NIST/HG008-T_bulk/20240508p21/MGH-Bioskryb_resolveOME-ILMN_20260119/alignments/expression_cDNA/read_counts/cDNA-Cell14_total_reads.txt	7
data_somatic/HG008/NIST/HG008-T_bulk/20240508p21/MGH-Bioskryb_resolveOME-ILMN_20260119/alignments/expression_cDNA/read_counts/cDNA-Cell15_read_counts.txt	37
data_somatic/HG008/NIST/HG008-T_bulk/20240508p21/MGH-Bioskryb_resolveOME-ILMN_20260119/alignments/expression_cDNA/read_counts/cDNA-Cell15_total_reads.txt	7
data_somatic/HG008/NIST/HG008-T_bulk/20240508p21/MGH-Bioskryb_resolveOME-ILMN_20260119/alignments/expression_cDNA/read_counts/cDNA-Cell16_read_counts.txt	37
data_somatic/HG008/NIST/HG008-T_bulk/20240508p21/MGH-Bioskryb_resolveOME-ILMN_20260119/alignments/expression_cDNA/read_counts/cDNA-Cell16_total_reads.txt	7
data_somatic/HG008/NIST/HG008-T_bulk/20240508p21/MGH-Bioskryb_resolveOME-ILMN_20260119/alignments/expression_cDNA/read_counts/cDNA-Cell18_read_counts.txt	37
data_somatic/HG008/NIST/HG008-T_bulk/20240508p21/MGH-Bioskryb_resolveOME-ILMN_20260119/alignments/expression_cDNA/read_counts/cDNA-Cell18_total_reads.txt	7
data_somatic/HG008/NIST/HG008-T_bulk/20240508p21/MGH-Bioskryb_resolveOME-ILMN_20260119/alignments/expression_cDNA/read_counts/cDNA-Cell19_read_counts.txt	37
data_somatic/HG008/NIST/HG008-T_bulk/20240508p21/MGH-Bioskryb_resolveOME-ILMN_20260119/alignments/expression_cDNA/read_counts/cDNA-Cell19_total_reads.txt	7
data_somatic/HG008/NIST/HG008-T_bulk/20240508p21/MGH-Bioskryb_resolveOME-ILMN_20260119/alignments/expression_cDNA/read_counts/cDNA-Cell20_read_counts.txt	37
data_somatic/HG008/NIST/HG008-T_bulk/20240508p21/MGH-Bioskryb_resolveOME-ILMN_20260119/alignments/expression_cDNA/read_counts/cDNA-Cell20_total_reads.txt	7
data_somatic/HG008/NIST/HG008-T_bulk/20240508p21/MGH-Bioskryb_resolveOME-ILMN_20260119/alignments/expression_cDNA/read_counts/cDNA-Cell21_read_counts.txt	37
data_somatic/HG008/NIST/HG008-T_bulk/20240508p21/MGH-Bioskryb_resolveOME-ILMN_20260119/alignments/expression_cDNA/read_counts/cDNA-Cell21_total_reads.txt	7
data_somatic/HG008/NIST/HG008-T_bulk/20240508p21/MGH-Bioskryb_resolveOME-ILMN_20260119/alignments/expression_cDNA/read_counts/cDNA-Cell23_read_counts.txt	37
data_somatic/HG008/NIST/HG008-T_bulk/20240508p21/MGH-Bioskryb_resolveOME-ILMN_20260119/alignments/expression_cDNA/read_counts/cDNA-Cell23_total_reads.txt	7
data_somatic/HG008/NIST/HG008-T_bulk/20240508p21/MGH-Bioskryb_resolveOME-ILMN_20260119/alignments/expression_cDNA/read_counts/cDNA-Cell27_read_counts.txt	37
data_somatic/HG008/NIST/HG008-T_bulk/20240508p21/MGH-Bioskryb_resolveOME-ILMN_20260119/alignments/expression_cDNA/read_counts/cDNA-Cell27_total_reads.txt	7
data_somatic/HG008/NIST/HG008-T_bulk/20240508p21/MGH-Bioskryb_resolveOME-ILMN_20260119/alignments/expression_cDNA/read_counts/cDNA-Cell28_read_counts.txt	38
data_somatic/HG008/NIST/HG008-T_bulk/20240508p21/MGH-Bioskryb_resolveOME-ILMN_20260119/alignments/expression_cDNA/read_counts/cDNA-Cell28_total_reads.txt	8
data_somatic/HG008/NIST/HG008-T_bulk/20240508p21/MGH-Bioskryb_resolveOME-ILMN_20260119/alignments/expression_cDNA/read_counts/cDNA-Cell29_read_counts.txt	37
data_somatic/HG008/NIST/HG008-T_bulk/20240508p21/MGH-Bioskryb_resolveOME-ILMN_20260119/alignments/expression_cDNA/read_counts/cDNA-Cell29_total_reads.txt	7
data_somatic/HG008/NIST/HG008-T_bulk/20240508p21/MGH-Bioskryb_resolveOME-ILMN_20260119/alignments/expression_cDNA/read_counts/cDNA-Cell30_read_counts.txt	37
data_somatic/HG008/NIST/HG008-T_bulk/20240508p21/MGH-Bioskryb_resolveOME-ILMN_20260119/alignments/expression_cDNA/read_counts/cDNA-Cell30_total_reads.txt	7
data_somatic/HG008/NIST/HG008-T_bulk/20240508p21/MGH-Bioskryb_resolveOME-ILMN_20260119/alignments/expression_cDNA/read_counts/cDNA-Cell35_read_counts.txt	37
data_somatic/HG008/NIST/HG008-T_bulk/20240508p21/MGH-Bioskryb_resolveOME-ILMN_20260119/alignments/expression_cDNA/read_counts/cDNA-Cell35_total_reads.txt	7
data_somatic/HG008/NIST/HG008-T_bulk/20240508p21/MGH-Bioskryb_resolveOME-ILMN_20260119/alignments/expression_cDNA/read_counts/cDNA-Cell36_read_counts.txt	37
data_somatic/HG008/NIST/HG008-T_bulk/20240508p21/MGH-Bioskryb_resolveOME-ILMN_20260119/alignments/expression_cDNA/read_counts/cDNA-Cell36_total_reads.txt	7
data_somatic/HG008/NIST/HG008-T_bulk/20240508p21/MGH-Bioskryb_resolveOME-ILMN_20260119/alignments/expression_cDNA/read_counts/cDNA-Cell37_read_counts.txt	37
data_somatic/HG008/NIST/HG008-T_bulk/20240508p21/MGH-Bioskryb_resolveOME-ILMN_20260119/alignments/expression_cDNA/read_counts/cDNA-Cell37_total_reads.txt	7
data_somatic/HG008/NIST/HG008-T_bulk/20240508p21/MGH-Bioskryb_resolveOME-ILMN_20260119/alignments/expression_cDNA/read_counts/cDNA-Cell38_read_counts.txt	37
data_somatic/HG008/NIST/HG008-T_bulk/20240508p21/MGH-Bioskryb_resolveOME-ILMN_20260119/alignments/expression_cDNA/read_counts/cDNA-Cell38_total_reads.txt	7
data_somatic/HG008/NIST/HG008-T_bulk/20240508p21/MGH-Bioskryb_resolveOME-ILMN_20260119/alignments/expression_cDNA/read_counts/cDNA-Cell40_read_counts.txt	37
data_somatic/HG008/NIST/HG008-T_bulk/20240508p21/MGH-Bioskryb_resolveOME-ILMN_20260119/alignments/expression_cDNA/read_counts/cDNA-Cell40_total_reads.txt	7
data_somatic/HG008/NIST/HG008-T_bulk/20240508p21/MGH-Bioskryb_resolveOME-ILMN_20260119/alignments/expression_cDNA/read_counts/cDNA-Cell41_read_counts.txt	37
data_somatic/HG008/NIST/HG008-T_bulk/20240508p21/MGH-Bioskryb_resolveOME-ILMN_20260119/alignments/expression_cDNA/read_counts/cDNA-Cell41_total_reads.txt	7
data_somatic/HG008/NIST/HG008-T_bulk/20240508p21/MGH-Bioskryb_resolveOME-ILMN_20260119/alignments/expression_cDNA/read_counts/cDNA-Cell44_read_counts.txt	38
data_somatic/HG008/NIST/HG008-T_bulk/20240508p21/MGH-Bioskryb_resolveOME-ILMN_20260119/alignments/expression_cDNA/read_counts/cDNA-Cell44_total_reads.txt	8
data_somatic/HG008/NIST/HG008-T_bulk/20240508p21/MGH-Bioskryb_resolveOME-ILMN_20260119/alignments/expression_cDNA/read_counts/cDNA-Cell45_read_counts.txt	37
data_somatic/HG008/NIST/HG008-T_bulk/20240508p21/MGH-Bioskryb_resolveOME-ILMN_20260119/alignments/expression_cDNA/read_counts/cDNA-Cell45_total_reads.txt	7
data_somatic/HG008/NIST/HG008-T_bulk/20240508p21/MGH-Bioskryb_resolveOME-ILMN_20260119/alignments/expression_cDNA/read_counts/cDNA-Cell46_read_counts.txt	38
data_somatic/HG008/NIST/HG008-T_bulk/20240508p21/MGH-Bioskryb_resolveOME-ILMN_20260119/alignments/expression_cDNA/read_counts/cDNA-Cell46_total_reads.txt	8
data_somatic/HG008/NIST/HG008-T_bulk/20240508p21/MGH-Bioskryb_resolveOME-ILMN_20260119/alignments/expression_cDNA/read_counts/cDNA-Cell47_read_counts.txt	37
data_somatic/HG008/NIST/HG008-T_bulk/20240508p21/MGH-Bioskryb_resolveOME-ILMN_20260119/alignments/expression_cDNA/read_counts/cDNA-Cell47_total_reads.txt	7
data_somatic/HG008/NIST/HG008-T_bulk/20240508p21/MGH-Bioskryb_resolveOME-ILMN_20260119/alignments/expression_cDNA/read_counts/cDNA-Cell48_read_counts.txt	37
data_somatic/HG008/NIST/HG008-T_bulk/20240508p21/MGH-Bioskryb_resolveOME-ILMN_20260119/alignments/expression_cDNA/read_counts/cDNA-Cell48_total_reads.txt	7
data_somatic/HG008/NIST/HG008-T_bulk/20240508p21/MGH-Bioskryb_resolveOME-ILMN_20260119/alignments/expression_cDNA/read_counts/cDNA-Cell49_read_counts.txt	37
data_somatic/HG008/NIST/HG008-T_bulk/20240508p21/MGH-Bioskryb_resolveOME-ILMN_20260119/alignments/expression_cDNA/read_counts/cDNA-Cell49_total_reads.txt	7
data_somatic/HG008/NIST/HG008-T_bulk/20240508p21/MGH-Bioskryb_resolveOME-ILMN_20260119/alignments/expression_cDNA/read_counts/cDNA-Cell51_read_counts.txt	37
data_somatic/HG008/NIST/HG008-T_bulk/20240508p21/MGH-Bioskryb_resolveOME-ILMN_20260119/alignments/expression_cDNA/read_counts/cDNA-Cell51_total_reads.txt	7
data_somatic/HG008/NIST/HG008-T_bulk/20240508p21/MGH-Bioskryb_resolveOME-ILMN_20260119/alignments/expression_cDNA/read_counts/cDNA-Cell52_read_counts.txt	37
data_somatic/HG008/NIST/HG008-T_bulk/20240508p21/MGH-Bioskryb_resolveOME-ILMN_20260119/alignments/expression_cDNA/read_counts/cDNA-Cell52_total_reads.txt	7
data_somatic/HG008/NIST/HG008-T_bulk/20240508p21/MGH-Bioskryb_resolveOME-ILMN_20260119/alignments/expression_cDNA/read_counts/cDNA-Cell56_read_counts.txt	37
data_somatic/HG008/NIST/HG008-T_bulk/20240508p21/MGH-Bioskryb_resolveOME-ILMN_20260119/alignments/expression_cDNA/read_counts/cDNA-Cell56_total_reads.txt	7
data_somatic/HG008/NIST/HG008-T_bulk/20240508p21/MGH-Bioskryb_resolveOME-ILMN_20260119/alignments/expression_cDNA/read_counts/cDNA-Cell57_read_counts.txt	37
data_somatic/HG008/NIST/HG008-T_bulk/20240508p21/MGH-Bioskryb_resolveOME-ILMN_20260119/alignments/expression_cDNA/read_counts/cDNA-Cell57_total_reads.txt	7
data_somatic/HG008/NIST/HG008-T_bulk/20240508p21/MGH-Bioskryb_resolveOME-ILMN_20260119/alignments/expression_cDNA/read_counts/cDNA-Cell58_read_counts.txt	37
data_somatic/HG008/NIST/HG008-T_bulk/20240508p21/MGH-Bioskryb_resolveOME-ILMN_20260119/alignments/expression_cDNA/read_counts/cDNA-Cell58_total_reads.txt	7
data_somatic/HG008/NIST/HG008-T_bulk/20240508p21/MGH-Bioskryb_resolveOME-ILMN_20260119/alignments/expression_cDNA/read_counts/cDNA-Cell63_read_counts.txt	37
data_somatic/HG008/NIST/HG008-T_bulk/20240508p21/MGH-Bioskryb_resolveOME-ILMN_20260119/alignments/expression_cDNA/read_counts/cDNA-Cell63_total_reads.txt	7
data_somatic/HG008/NIST/HG008-T_bulk/20240508p21/MGH-Bioskryb_resolveOME-ILMN_20260119/alignments/expression_cDNA/read_counts/cDNA-Cell64_read_counts.txt	37
data_somatic/HG008/NIST/HG008-T_bulk/20240508p21/MGH-Bioskryb_resolveOME-ILMN_20260119/alignments/expression_cDNA/read_counts/cDNA-Cell64_total_reads.txt	7
data_somatic/HG008/NIST/HG008-T_bulk/20240508p21/MGH-Bioskryb_resolveOME-ILMN_20260119/alignments/expression_cDNA/read_counts/cDNA-Cell65_read_counts.txt	37
data_somatic/HG008/NIST/HG008-T_bulk/20240508p21/MGH-Bioskryb_resolveOME-ILMN_20260119/alignments/expression_cDNA/read_counts/cDNA-Cell65_total_reads.txt	7
data_somatic/HG008/NIST/HG008-T_bulk/20240508p21/MGH-Bioskryb_resolveOME-ILMN_20260119/alignments/expression_cDNA/read_counts/cDNA-Cell66_read_counts.txt	37
data_somatic/HG008/NIST/HG008-T_bulk/20240508p21/MGH-Bioskryb_resolveOME-ILMN_20260119/alignments/expression_cDNA/read_counts/cDNA-Cell66_total_reads.txt	7
data_somatic/HG008/NIST/HG008-T_bulk/20240508p21/MGH-Bioskryb_resolveOME-ILMN_20260119/alignments/expression_cDNA/read_counts/cDNA-Cell68_read_counts.txt	37
data_somatic/HG008/NIST/HG008-T_bulk/20240508p21/MGH-Bioskryb_resolveOME-ILMN_20260119/alignments/expression_cDNA/read_counts/cDNA-Cell68_total_reads.txt	7
data_somatic/HG008/NIST/HG008-T_bulk/20240508p21/MGH-Bioskryb_resolveOME-ILMN_20260119/alignments/expression_cDNA/read_counts/cDNA-Cell69_read_counts.txt	37
data_somatic/HG008/NIST/HG008-T_bulk/20240508p21/MGH-Bioskryb_resolveOME-ILMN_20260119/alignments/expression_cDNA/read_counts/cDNA-Cell69_total_reads.txt	7
data_somatic/HG008/NIST/HG008-T_bulk/20240508p21/MGH-Bioskryb_resolveOME-ILMN_20260119/alignments/expression_cDNA/read_counts/cDNA-Cell70_read_counts.txt	37
data_somatic/HG008/NIST/HG008-T_bulk/20240508p21/MGH-Bioskryb_resolveOME-ILMN_20260119/alignments/expression_cDNA/read_counts/cDNA-Cell70_total_reads.txt	7
data_somatic/HG008/NIST/HG008-T_bulk/20240508p21/MGH-Bioskryb_resolveOME-ILMN_20260119/alignments/expression_cDNA/read_counts/cDNA-Cell71_read_counts.txt	37
data_somatic/HG008/NIST/HG008-T_bulk/20240508p21/MGH-Bioskryb_resolveOME-ILMN_20260119/alignments/expression_cDNA/read_counts/cDNA-Cell71_total_reads.txt	7
data_somatic/HG008/NIST/HG008-T_bulk/20240508p21/MGH-Bioskryb_resolveOME-ILMN_20260119/alignments/expression_cDNA/read_counts/cDNA-Cell73_read_counts.txt	32
data_somatic/HG008/NIST/HG008-T_bulk/20240508p21/MGH-Bioskryb_resolveOME-ILMN_20260119/alignments/expression_cDNA/read_counts/cDNA-Cell73_total_reads.txt	2
data_somatic/HG008/NIST/HG008-T_bulk/20240508p21/MGH-Bioskryb_resolveOME-ILMN_20260119/alignments/expression_cDNA/read_counts/cDNA-Cell74_read_counts.txt	37
data_somatic/HG008/NIST/HG008-T_bulk/20240508p21/MGH-Bioskryb_resolveOME-ILMN_20260119/alignments/expression_cDNA/read_counts/cDNA-Cell74_total_reads.txt	7
data_somatic/HG008/NIST/HG008-T_bulk/20240508p21/MGH-Bioskryb_resolveOME-ILMN_20260119/alignments/expression_cDNA/read_counts/cDNA-Cell76_read_counts.txt	38
data_somatic/HG008/NIST/HG008-T_bulk/20240508p21/MGH-Bioskryb_resolveOME-ILMN_20260119/alignments/expression_cDNA/read_counts/cDNA-Cell76_total_reads.txt	8
data_somatic/HG008/NIST/HG008-T_bulk/20240508p21/MGH-Bioskryb_resolveOME-ILMN_20260119/alignments/expression_cDNA/read_counts/cDNA-Cell80_read_counts.txt	37
data_somatic/HG008/NIST/HG008-T_bulk/20240508p21/MGH-Bioskryb_resolveOME-ILMN_20260119/alignments/expression_cDNA/read_counts/cDNA-Cell80_total_reads.txt	7
data_somatic/HG008/NIST/HG008-T_bulk/20240508p21/MGH-Bioskryb_resolveOME-ILMN_20260119/alignments/expression_cDNA/read_counts/cDNA-Cell82_read_counts.txt	37
data_somatic/HG008/NIST/HG008-T_bulk/20240508p21/MGH-Bioskryb_resolveOME-ILMN_20260119/alignments/expression_cDNA/read_counts/cDNA-Cell82_total_reads.txt	7
data_somatic/HG008/NIST/HG008-T_bulk/20240508p21/MGH-Bioskryb_resolveOME-ILMN_20260119/alignments/expression_cDNA/read_counts/cDNA-Cell83_read_counts.txt	37
data_somatic/HG008/NIST/HG008-T_bulk/20240508p21/MGH-Bioskryb_resolveOME-ILMN_20260119/alignments/expression_cDNA/read_counts/cDNA-Cell83_total_reads.txt	7
data_somatic/HG008/NIST/HG008-T_bulk/20240508p21/MGH-Bioskryb_resolveOME-ILMN_20260119/alignments/expression_cDNA/read_counts/cDNA-Cell84_read_counts.txt	38
data_somatic/HG008/NIST/HG008-T_bulk/20240508p21/MGH-Bioskryb_resolveOME-ILMN_20260119/alignments/expression_cDNA/read_counts/cDNA-Cell84_total_reads.txt	8
data_somatic/HG008/NIST/HG008-T_bulk/20240508p21/MGH-Bioskryb_resolveOME-ILMN_20260119/alignments/expression_cDNA/read_counts/cDNA-Cell85_read_counts.txt	38
data_somatic/HG008/NIST/HG008-T_bulk/20240508p21/MGH-Bioskryb_resolveOME-ILMN_20260119/alignments/expression_cDNA/read_counts/cDNA-Cell85_total_reads.txt	8
data_somatic/HG008/NIST/HG008-T_bulk/20240508p21/MGH-Bioskryb_resolveOME-ILMN_20260119/alignments/expression_cDNA/read_counts/cDNA-Cell86_read_counts.txt	37
data_somatic/HG008/NIST/HG008-T_bulk/20240508p21/MGH-Bioskryb_resolveOME-ILMN_20260119/alignments/expression_cDNA/read_counts/cDNA-Cell86_total_reads.txt	7
data_somatic/HG008/NIST/HG008-T_bulk/20240508p21/MGH-Bioskryb_resolveOME-ILMN_20260119/alignments/expression_cDNA/read_counts/cDNA-Cell87_read_counts.txt	37
data_somatic/HG008/NIST/HG008-T_bulk/20240508p21/MGH-Bioskryb_resolveOME-ILMN_20260119/alignments/expression_cDNA/read_counts/cDNA-Cell87_total_reads.txt	7
data_somatic/HG008/NIST/HG008-T_bulk/20240508p21/MGH-Bioskryb_resolveOME-ILMN_20260119/alignments/expression_cDNA/read_counts/cDNA-Cell88_read_counts.txt	38
data_somatic/HG008/NIST/HG008-T_bulk/20240508p21/MGH-Bioskryb_resolveOME-ILMN_20260119/alignments/expression_cDNA/read_counts/cDNA-Cell88_total_reads.txt	8
data_somatic/HG008/NIST/HG008-T_bulk/20240508p21/MGH-Bioskryb_resolveOME-ILMN_20260119/alignments/expression_cDNA/read_counts/cDNA-Cell89_read_counts.txt	37
data_somatic/HG008/NIST/HG008-T_bulk/20240508p21/MGH-Bioskryb_resolveOME-ILMN_20260119/alignments/expression_cDNA/read_counts/cDNA-Cell89_total_reads.txt	7
data_somatic/HG008/NIST/HG008-T_bulk/20240508p21/MGH-Bioskryb_resolveOME-ILMN_20260119/alignments/expression_cDNA/read_counts/cDNA-Cell90_read_counts.txt	37
data_somatic/HG008/NIST/HG008-T_bulk/20240508p21/MGH-Bioskryb_resolveOME-ILMN_20260119/alignments/expression_cDNA/read_counts/cDNA-Cell90_total_reads.txt	7
data_somatic/HG008/NIST/HG008-T_bulk/20240508p21/MGH-Bioskryb_resolveOME-ILMN_20260119/alignments/expression_cDNA/read_counts/cDNA-Cell92_read_counts.txt	37
data_somatic/HG008/NIST/HG008-T_bulk/20240508p21/MGH-Bioskryb_resolveOME-ILMN_20260119/alignments/expression_cDNA/read_counts/cDNA-Cell92_total_reads.txt	7
data_somatic/HG008/NIST/HG008-T_bulk/20240508p21/MGH-Bioskryb_resolveOME-ILMN_20260119/alignments/expression_cDNA/read_counts/cDNA-Cell93_read_counts.txt	37
data_somatic/HG008/NIST/HG008-T_bulk/20240508p21/MGH-Bioskryb_resolveOME-ILMN_20260119/alignments/expression_cDNA/read_counts/cDNA-Cell93_total_reads.txt	7
data_somatic/HG008/NIST/HG008-T_bulk/20240508p21/MGH-Bioskryb_resolveOME-ILMN_20260119/alignments/expression_cDNA/read_counts/cDNA-Cell94_read_counts.txt	38
data_somatic/HG008/NIST/HG008-T_bulk/20240508p21/MGH-Bioskryb_resolveOME-ILMN_20260119/alignments/expression_cDNA/read_counts/cDNA-Cell94_total_reads.txt	8
data_somatic/HG008/NIST/HG008-T_bulk/20240508p21/MGH-Bioskryb_resolveOME-ILMN_20260119/alignments/expression_cDNA/read_counts/cDNA-Cell95_read_counts.txt	37
data_somatic/HG008/NIST/HG008-T_bulk/20240508p21/MGH-Bioskryb_resolveOME-ILMN_20260119/alignments/expression_cDNA/read_counts/cDNA-Cell95_total_reads.txt	7
data_somatic/HG008/NIST/HG008-T_bulk/20240508p21/MGH-Bioskryb_resolveOME-ILMN_20260119/alignments/expression_cDNA/read_counts/cDNA-Cell96_read_counts.txt	37
data_somatic/HG008/NIST/HG008-T_bulk/20240508p21/MGH-Bioskryb_resolveOME-ILMN_20260119/alignments/expression_cDNA/read_counts/cDNA-Cell96_total_reads.txt	7
data_somatic/HG008/NIST/HG008-T_bulk/20240508p21/MGH-Bioskryb_resolveOME-ILMN_20260119/alignments/expression_cDNA/read_counts/combined_read_counts.txt	2316
data_somatic/HG008/NIST/HG008-T_bulk/20240508p21/MGH-Bioskryb_resolveOME-ILMN_20260119/alignments/parabricks_wgs/bams/WGS-Cell10_fq2bam/WGS-Cell10.bam	3130264203
data_somatic/HG008/NIST/HG008-T_bulk/20240508p21/MGH-Bioskryb_resolveOME-ILMN_20260119/alignments/parabricks_wgs/bams/WGS-Cell10_fq2bam/WGS-Cell10.bam.bai	2877824
data_somatic/HG008/NIST/HG008-T_bulk/20240508p21/MGH-Bioskryb_resolveOME-ILMN_20260119/alignments/parabricks_wgs/bams/WGS-Cell11_fq2bam/WGS-Cell11.bam	2243543922
data_somatic/HG008/NIST/HG008-T_bulk/20240508p21/MGH-Bioskryb_resolveOME-ILMN_20260119/alignments/parabricks_wgs/bams/WGS-Cell11_fq2bam/WGS-Cell11.bam.bai	2623128
data_somatic/HG008/NIST/HG008-T_bulk/20240508p21/MGH-Bioskryb_resolveOME-ILMN_20260119/alignments/parabricks_wgs/bams/WGS-Cell12_fq2bam/WGS-Cell12.bam	1376122233
data_somatic/HG008/NIST/HG008-T_bulk/20240508p21/MGH-Bioskryb_resolveOME-ILMN_20260119/alignments/parabricks_wgs/bams/WGS-Cell12_fq2bam/WGS-Cell12.bam.bai	3332544
data_somatic/HG008/NIST/HG008-T_bulk/20240508p21/MGH-Bioskryb_resolveOME-ILMN_20260119/alignments/parabricks_wgs/bams/WGS-Cell13_fq2bam/WGS-Cell13.bam	3287801512
data_somatic/HG008/NIST/HG008-T_bulk/20240508p21/MGH-Bioskryb_resolveOME-ILMN_20260119/alignments/parabricks_wgs/bams/WGS-Cell13_fq2bam/WGS-Cell13.bam.bai	2627152
data_somatic/HG008/NIST/HG008-T_bulk/20240508p21/MGH-Bioskryb_resolveOME-ILMN_20260119/alignments/parabricks_wgs/bams/WGS-Cell14_fq2bam/WGS-Cell14.bam	2572919107
data_somatic/HG008/NIST/HG008-T_bulk/20240508p21/MGH-Bioskryb_resolveOME-ILMN_20260119/alignments/parabricks_wgs/bams/WGS-Cell14_fq2bam/WGS-Cell14.bam.bai	2599104
data_somatic/HG008/NIST/HG008-T_bulk/20240508p21/MGH-Bioskryb_resolveOME-ILMN_20260119/alignments/parabricks_wgs/bams/WGS-Cell15_fq2bam/WGS-Cell15.bam	1528319050
data_somatic/HG008/NIST/HG008-T_bulk/20240508p21/MGH-Bioskryb_resolveOME-ILMN_20260119/alignments/parabricks_wgs/bams/WGS-Cell15_fq2bam/WGS-Cell15.bam.bai	2968832
data_somatic/HG008/NIST/HG008-T_bulk/20240508p21/MGH-Bioskryb_resolveOME-ILMN_20260119/alignments/parabricks_wgs/bams/WGS-Cell16_fq2bam/WGS-Cell16.bam	57990
data_somatic/HG008/NIST/HG008-T_bulk/20240508p21/MGH-Bioskryb_resolveOME-ILMN_20260119/alignments/parabricks_wgs/bams/WGS-Cell16_fq2bam/WGS-Cell16.bam.bai	351776
data_somatic/HG008/NIST/HG008-T_bulk/20240508p21/MGH-Bioskryb_resolveOME-ILMN_20260119/alignments/parabricks_wgs/bams/WGS-Cell18_fq2bam/WGS-Cell18.bam	2472061238
data_somatic/HG008/NIST/HG008-T_bulk/20240508p21/MGH-Bioskryb_resolveOME-ILMN_20260119/alignments/parabricks_wgs/bams/WGS-Cell18_fq2bam/WGS-Cell18.bam.bai	2959016
data_somatic/HG008/NIST/HG008-T_bulk/20240508p21/MGH-Bioskryb_resolveOME-ILMN_20260119/alignments/parabricks_wgs/bams/WGS-Cell19_fq2bam/WGS-Cell19.bam	3288549981
data_somatic/HG008/NIST/HG008-T_bulk/20240508p21/MGH-Bioskryb_resolveOME-ILMN_20260119/alignments/parabricks_wgs/bams/WGS-Cell19_fq2bam/WGS-Cell19.bam.bai	3100560
data_somatic/HG008/NIST/HG008-T_bulk/20240508p21/MGH-Bioskryb_resolveOME-ILMN_20260119/alignments/parabricks_wgs/bams/WGS-Cell20_fq2bam/WGS-Cell20.bam	3073274044
data_somatic/HG008/NIST/HG008-T_bulk/20240508p21/MGH-Bioskryb_resolveOME-ILMN_20260119/alignments/parabricks_wgs/bams/WGS-Cell20_fq2bam/WGS-Cell20.bam.bai	3042528
data_somatic/HG008/NIST/HG008-T_bulk/20240508p21/MGH-Bioskryb_resolveOME-ILMN_20260119/alignments/parabricks_wgs/bams/WGS-Cell21_fq2bam/WGS-Cell21.bam	3319160718
data_somatic/HG008/NIST/HG008-T_bulk/20240508p21/MGH-Bioskryb_resolveOME-ILMN_20260119/alignments/parabricks_wgs/bams/WGS-Cell21_fq2bam/WGS-Cell21.bam.bai	2630376
data_somatic/HG008/NIST/HG008-T_bulk/20240508p21/MGH-Bioskryb_resolveOME-ILMN_20260119/alignments/parabricks_wgs/bams/WGS-Cell23_fq2bam/WGS-Cell23.bam	2791842566
data_somatic/HG008/NIST/HG008-T_bulk/20240508p21/MGH-Bioskryb_resolveOME-ILMN_20260119/alignments/parabricks_wgs/bams/WGS-Cell23_fq2bam/WGS-Cell23.bam.bai	2864336
data_somatic/HG008/NIST/HG008-T_bulk/20240508p21/MGH-Bioskryb_resolveOME-ILMN_20260119/alignments/parabricks_wgs/bams/WGS-Cell27_fq2bam/WGS-Cell27.bam	3993339152
data_somatic/HG008/NIST/HG008-T_bulk/20240508p21/MGH-Bioskryb_resolveOME-ILMN_20260119/alignments/parabricks_wgs/bams/WGS-Cell27_fq2bam/WGS-Cell27.bam.bai	2662160
data_somatic/HG008/NIST/HG008-T_bulk/20240508p21/MGH-Bioskryb_resolveOME-ILMN_20260119/alignments/parabricks_wgs/bams/WGS-Cell28_fq2bam/WGS-Cell28.bam	2457423586
data_somatic/HG008/NIST/HG008-T_bulk/20240508p21/MGH-Bioskryb_resolveOME-ILMN_20260119/alignments/parabricks_wgs/bams/WGS-Cell28_fq2bam/WGS-Cell28.bam.bai	2606552
data_somatic/HG008/NIST/HG008-T_bulk/20240508p21/MGH-Bioskryb_resolveOME-ILMN_20260119/alignments/parabricks_wgs/bams/WGS-Cell29_fq2bam/WGS-Cell29.bam	1709836198
data_somatic/HG008/NIST/HG008-T_bulk/20240508p21/MGH-Bioskryb_resolveOME-ILMN_20260119/alignments/parabricks_wgs/bams/WGS-Cell29_fq2bam/WGS-Cell29.bam.bai	2645216
data_somatic/HG008/NIST/HG008-T_bulk/20240508p21/MGH-Bioskryb_resolveOME-ILMN_20260119/alignments/parabricks_wgs/bams/WGS-Cell30_fq2bam/WGS-Cell30.bam	3327983019
data_somatic/HG008/NIST/HG008-T_bulk/20240508p21/MGH-Bioskryb_resolveOME-ILMN_20260119/alignments/parabricks_wgs/bams/WGS-Cell30_fq2bam/WGS-Cell30.bam.bai	3196936
data_somatic/HG008/NIST/HG008-T_bulk/20240508p21/MGH-Bioskryb_resolveOME-ILMN_20260119/alignments/parabricks_wgs/bams/WGS-Cell35_fq2bam/WGS-Cell35.bam	1476881456
data_somatic/HG008/NIST/HG008-T_bulk/20240508p21/MGH-Bioskryb_resolveOME-ILMN_20260119/alignments/parabricks_wgs/bams/WGS-Cell35_fq2bam/WGS-Cell35.bam.bai	3139392
data_somatic/HG008/NIST/HG008-T_bulk/20240508p21/MGH-Bioskryb_resolveOME-ILMN_20260119/alignments/parabricks_wgs/bams/WGS-Cell36_fq2bam/WGS-Cell36.bam	3648490696
data_somatic/HG008/NIST/HG008-T_bulk/20240508p21/MGH-Bioskryb_resolveOME-ILMN_20260119/alignments/parabricks_wgs/bams/WGS-Cell36_fq2bam/WGS-Cell36.bam.bai	2997312
data_somatic/HG008/NIST/HG008-T_bulk/20240508p21/MGH-Bioskryb_resolveOME-ILMN_20260119/alignments/parabricks_wgs/bams/WGS-Cell37_fq2bam/WGS-Cell37.bam	4128104287
data_somatic/HG008/NIST/HG008-T_bulk/20240508p21/MGH-Bioskryb_resolveOME-ILMN_20260119/alignments/parabricks_wgs/bams/WGS-Cell37_fq2bam/WGS-Cell37.bam.bai	2996664
data_somatic/HG008/NIST/HG008-T_bulk/20240508p21/MGH-Bioskryb_resolveOME-ILMN_20260119/alignments/parabricks_wgs/bams/WGS-Cell38_fq2bam/WGS-Cell38.bam	3425824164
data_somatic/HG008/NIST/HG008-T_bulk/20240508p21/MGH-Bioskryb_resolveOME-ILMN_20260119/alignments/parabricks_wgs/bams/WGS-Cell38_fq2bam/WGS-Cell38.bam.bai	2634168
data_somatic/HG008/NIST/HG008-T_bulk/20240508p21/MGH-Bioskryb_resolveOME-ILMN_20260119/alignments/parabricks_wgs/bams/WGS-Cell40_fq2bam/WGS-Cell40.bam	3203479860
data_somatic/HG008/NIST/HG008-T_bulk/20240508p21/MGH-Bioskryb_resolveOME-ILMN_20260119/alignments/parabricks_wgs/bams/WGS-Cell40_fq2bam/WGS-Cell40.bam.bai	2630568
data_somatic/HG008/NIST/HG008-T_bulk/20240508p21/MGH-Bioskryb_resolveOME-ILMN_20260119/alignments/parabricks_wgs/bams/WGS-Cell41_fq2bam/WGS-Cell41.bam	2766812173
data_somatic/HG008/NIST/HG008-T_bulk/20240508p21/MGH-Bioskryb_resolveOME-ILMN_20260119/alignments/parabricks_wgs/bams/WGS-Cell41_fq2bam/WGS-Cell41.bam.bai	3198632
data_somatic/HG008/NIST/HG008-T_bulk/20240508p21/MGH-Bioskryb_resolveOME-ILMN_20260119/alignments/parabricks_wgs/bams/WGS-Cell44_fq2bam/WGS-Cell44.bam	3631703768
data_somatic/HG008/NIST/HG008-T_bulk/20240508p21/MGH-Bioskryb_resolveOME-ILMN_20260119/alignments/parabricks_wgs/bams/WGS-Cell44_fq2bam/WGS-Cell44.bam.bai	2638800
data_somatic/HG008/NIST/HG008-T_bulk/20240508p21/MGH-Bioskryb_resolveOME-ILMN_20260119/alignments/parabricks_wgs/bams/WGS-Cell45_fq2bam/WGS-Cell45.bam	3438352292
data_somatic/HG008/NIST/HG008-T_bulk/20240508p21/MGH-Bioskryb_resolveOME-ILMN_20260119/alignments/parabricks_wgs/bams/WGS-Cell45_fq2bam/WGS-Cell45.bam.bai	3039760
data_somatic/HG008/NIST/HG008-T_bulk/20240508p21/MGH-Bioskryb_resolveOME-ILMN_20260119/alignments/parabricks_wgs/bams/WGS-Cell46_fq2bam/WGS-Cell46.bam	3602838259
data_somatic/HG008/NIST/HG008-T_bulk/20240508p21/MGH-Bioskryb_resolveOME-ILMN_20260119/alignments/parabricks_wgs/bams/WGS-Cell46_fq2bam/WGS-Cell46.bam.bai	3658768
data_somatic/HG008/NIST/HG008-T_bulk/20240508p21/MGH-Bioskryb_resolveOME-ILMN_20260119/alignments/parabricks_wgs/bams/WGS-Cell47_fq2bam/WGS-Cell47.bam	2894608214
data_somatic/HG008/NIST/HG008-T_bulk/20240508p21/MGH-Bioskryb_resolveOME-ILMN_20260119/alignments/parabricks_wgs/bams/WGS-Cell47_fq2bam/WGS-Cell47.bam.bai	3272840
data_somatic/HG008/NIST/HG008-T_bulk/20240508p21/MGH-Bioskryb_resolveOME-ILMN_20260119/alignments/parabricks_wgs/bams/WGS-Cell48_fq2bam/WGS-Cell48.bam	2012109457
data_somatic/HG008/NIST/HG008-T_bulk/20240508p21/MGH-Bioskryb_resolveOME-ILMN_20260119/alignments/parabricks_wgs/bams/WGS-Cell48_fq2bam/WGS-Cell48.bam.bai	3098048
data_somatic/HG008/NIST/HG008-T_bulk/20240508p21/MGH-Bioskryb_resolveOME-ILMN_20260119/alignments/parabricks_wgs/bams/WGS-Cell49_fq2bam/WGS-Cell49.bam	2932249636
data_somatic/HG008/NIST/HG008-T_bulk/20240508p21/MGH-Bioskryb_resolveOME-ILMN_20260119/alignments/parabricks_wgs/bams/WGS-Cell49_fq2bam/WGS-Cell49.bam.bai	2602144
data_somatic/HG008/NIST/HG008-T_bulk/20240508p21/MGH-Bioskryb_resolveOME-ILMN_20260119/alignments/parabricks_wgs/bams/WGS-Cell51_fq2bam/WGS-Cell51.bam	1918788441
data_somatic/HG008/NIST/HG008-T_bulk/20240508p21/MGH-Bioskryb_resolveOME-ILMN_20260119/alignments/parabricks_wgs/bams/WGS-Cell51_fq2bam/WGS-Cell51.bam.bai	2970880
data_somatic/HG008/NIST/HG008-T_bulk/20240508p21/MGH-Bioskryb_resolveOME-ILMN_20260119/alignments/parabricks_wgs/bams/WGS-Cell52_fq2bam/WGS-Cell52.bam	3543692058
data_somatic/HG008/NIST/HG008-T_bulk/20240508p21/MGH-Bioskryb_resolveOME-ILMN_20260119/alignments/parabricks_wgs/bams/WGS-Cell52_fq2bam/WGS-Cell52.bam.bai	2626256
data_somatic/HG008/NIST/HG008-T_bulk/20240508p21/MGH-Bioskryb_resolveOME-ILMN_20260119/alignments/parabricks_wgs/bams/WGS-Cell56_fq2bam/WGS-Cell56.bam	4216372670
data_somatic/HG008/NIST/HG008-T_bulk/20240508p21/MGH-Bioskryb_resolveOME-ILMN_20260119/alignments/parabricks_wgs/bams/WGS-Cell56_fq2bam/WGS-Cell56.bam.bai	2685088
data_somatic/HG008/NIST/HG008-T_bulk/20240508p21/MGH-Bioskryb_resolveOME-ILMN_20260119/alignments/parabricks_wgs/bams/WGS-Cell57_fq2bam/WGS-Cell57.bam	2935505489
data_somatic/HG008/NIST/HG008-T_bulk/20240508p21/MGH-Bioskryb_resolveOME-ILMN_20260119/alignments/parabricks_wgs/bams/WGS-Cell57_fq2bam/WGS-Cell57.bam.bai	2936448
data_somatic/HG008/NIST/HG008-T_bulk/20240508p21/MGH-Bioskryb_resolveOME-ILMN_20260119/alignments/parabricks_wgs/bams/WGS-Cell58_fq2bam/WGS-Cell58.bam	3108951719
data_somatic/HG008/NIST/HG008-T_bulk/20240508p21/MGH-Bioskryb_resolveOME-ILMN_20260119/alignments/parabricks_wgs/bams/WGS-Cell58_fq2bam/WGS-Cell58.bam.bai	3327048
data_somatic/HG008/NIST/HG008-T_bulk/20240508p21/MGH-Bioskryb_resolveOME-ILMN_20260119/alignments/parabricks_wgs/bams/WGS-Cell63_fq2bam/WGS-Cell63.bam	3243273006
data_somatic/HG008/NIST/HG008-T_bulk/20240508p21/MGH-Bioskryb_resolveOME-ILMN_20260119/alignments/parabricks_wgs/bams/WGS-Cell63_fq2bam/WGS-Cell63.bam.bai	2638232
data_somatic/HG008/NIST/HG008-T_bulk/20240508p21/MGH-Bioskryb_resolveOME-ILMN_20260119/alignments/parabricks_wgs/bams/WGS-Cell64_fq2bam/WGS-Cell64.bam	4392419701
data_somatic/HG008/NIST/HG008-T_bulk/20240508p21/MGH-Bioskryb_resolveOME-ILMN_20260119/alignments/parabricks_wgs/bams/WGS-Cell64_fq2bam/WGS-Cell64.bam.bai	3276928
data_somatic/HG008/NIST/HG008-T_bulk/20240508p21/MGH-Bioskryb_resolveOME-ILMN_20260119/alignments/parabricks_wgs/bams/WGS-Cell65_fq2bam/WGS-Cell65.bam	1979481792
data_somatic/HG008/NIST/HG008-T_bulk/20240508p21/MGH-Bioskryb_resolveOME-ILMN_20260119/alignments/parabricks_wgs/bams/WGS-Cell65_fq2bam/WGS-Cell65.bam.bai	2988872
data_somatic/HG008/NIST/HG008-T_bulk/20240508p21/MGH-Bioskryb_resolveOME-ILMN_20260119/alignments/parabricks_wgs/bams/WGS-Cell66_fq2bam/WGS-Cell66.bam	3320297426
data_somatic/HG008/NIST/HG008-T_bulk/20240508p21/MGH-Bioskryb_resolveOME-ILMN_20260119/alignments/parabricks_wgs/bams/WGS-Cell66_fq2bam/WGS-Cell66.bam.bai	2808296
data_somatic/HG008/NIST/HG008-T_bulk/20240508p21/MGH-Bioskryb_resolveOME-ILMN_20260119/alignments/parabricks_wgs/bams/WGS-Cell68_fq2bam/WGS-Cell68.bam	3251078886
data_somatic/HG008/NIST/HG008-T_bulk/20240508p21/MGH-Bioskryb_resolveOME-ILMN_20260119/alignments/parabricks_wgs/bams/WGS-Cell68_fq2bam/WGS-Cell68.bam.bai	2634360
data_somatic/HG008/NIST/HG008-T_bulk/20240508p21/MGH-Bioskryb_resolveOME-ILMN_20260119/alignments/parabricks_wgs/bams/WGS-Cell69_fq2bam/WGS-Cell69.bam	3522994418
data_somatic/HG008/NIST/HG008-T_bulk/20240508p21/MGH-Bioskryb_resolveOME-ILMN_20260119/alignments/parabricks_wgs/bams/WGS-Cell69_fq2bam/WGS-Cell69.bam.bai	2642336
data_somatic/HG008/NIST/HG008-T_bulk/20240508p21/MGH-Bioskryb_resolveOME-ILMN_20260119/alignments/parabricks_wgs/bams/WGS-Cell70_fq2bam/WGS-Cell70.bam	3899215842
data_somatic/HG008/NIST/HG008-T_bulk/20240508p21/MGH-Bioskryb_resolveOME-ILMN_20260119/alignments/parabricks_wgs/bams/WGS-Cell70_fq2bam/WGS-Cell70.bam.bai	3075024
data_somatic/HG008/NIST/HG008-T_bulk/20240508p21/MGH-Bioskryb_resolveOME-ILMN_20260119/alignments/parabricks_wgs/bams/WGS-Cell71_fq2bam/WGS-Cell71.bam	3824905649
data_somatic/HG008/NIST/HG008-T_bulk/20240508p21/MGH-Bioskryb_resolveOME-ILMN_20260119/alignments/parabricks_wgs/bams/WGS-Cell71_fq2bam/WGS-Cell71.bam.bai	3212584
data_somatic/HG008/NIST/HG008-T_bulk/20240508p21/MGH-Bioskryb_resolveOME-ILMN_20260119/alignments/parabricks_wgs/bams/WGS-Cell73_fq2bam/WGS-Cell73.bam	2958802549
data_somatic/HG008/NIST/HG008-T_bulk/20240508p21/MGH-Bioskryb_resolveOME-ILMN_20260119/alignments/parabricks_wgs/bams/WGS-Cell73_fq2bam/WGS-Cell73.bam.bai	2613808
data_somatic/HG008/NIST/HG008-T_bulk/20240508p21/MGH-Bioskryb_resolveOME-ILMN_20260119/alignments/parabricks_wgs/bams/WGS-Cell74_fq2bam/WGS-Cell74.bam	3640238447
data_somatic/HG008/NIST/HG008-T_bulk/20240508p21/MGH-Bioskryb_resolveOME-ILMN_20260119/alignments/parabricks_wgs/bams/WGS-Cell74_fq2bam/WGS-Cell74.bam.bai	2639640
data_somatic/HG008/NIST/HG008-T_bulk/20240508p21/MGH-Bioskryb_resolveOME-ILMN_20260119/alignments/parabricks_wgs/bams/WGS-Cell76_fq2bam/WGS-Cell76.bam	3416801476
data_somatic/HG008/NIST/HG008-T_bulk/20240508p21/MGH-Bioskryb_resolveOME-ILMN_20260119/alignments/parabricks_wgs/bams/WGS-Cell76_fq2bam/WGS-Cell76.bam.bai	3155864
data_somatic/HG008/NIST/HG008-T_bulk/20240508p21/MGH-Bioskryb_resolveOME-ILMN_20260119/alignments/parabricks_wgs/bams/WGS-Cell80_fq2bam/WGS-Cell80.bam	4239199379
data_somatic/HG008/NIST/HG008-T_bulk/20240508p21/MGH-Bioskryb_resolveOME-ILMN_20260119/alignments/parabricks_wgs/bams/WGS-Cell80_fq2bam/WGS-Cell80.bam.bai	2675544
data_somatic/HG008/NIST/HG008-T_bulk/20240508p21/MGH-Bioskryb_resolveOME-ILMN_20260119/alignments/parabricks_wgs/bams/WGS-Cell82_fq2bam/WGS-Cell82.bam	3455901162
data_somatic/HG008/NIST/HG008-T_bulk/20240508p21/MGH-Bioskryb_resolveOME-ILMN_20260119/alignments/parabricks_wgs/bams/WGS-Cell82_fq2bam/WGS-Cell82.bam.bai	2867192
data_somatic/HG008/NIST/HG008-T_bulk/20240508p21/MGH-Bioskryb_resolveOME-ILMN_20260119/alignments/parabricks_wgs/bams/WGS-Cell83_fq2bam/WGS-Cell83.bam	3517295343
data_somatic/HG008/NIST/HG008-T_bulk/20240508p21/MGH-Bioskryb_resolveOME-ILMN_20260119/alignments/parabricks_wgs/bams/WGS-Cell83_fq2bam/WGS-Cell83.bam.bai	2637856
data_somatic/HG008/NIST/HG008-T_bulk/20240508p21/MGH-Bioskryb_resolveOME-ILMN_20260119/alignments/parabricks_wgs/bams/WGS-Cell84_fq2bam/WGS-Cell84.bam	2794189216
data_somatic/HG008/NIST/HG008-T_bulk/20240508p21/MGH-Bioskryb_resolveOME-ILMN_20260119/alignments/parabricks_wgs/bams/WGS-Cell84_fq2bam/WGS-Cell84.bam.bai	2795072
data_somatic/HG008/NIST/HG008-T_bulk/20240508p21/MGH-Bioskryb_resolveOME-ILMN_20260119/alignments/parabricks_wgs/bams/WGS-Cell85_fq2bam/WGS-Cell85.bam	3526886080
data_somatic/HG008/NIST/HG008-T_bulk/20240508p21/MGH-Bioskryb_resolveOME-ILMN_20260119/alignments/parabricks_wgs/bams/WGS-Cell85_fq2bam/WGS-Cell85.bam.bai	3050064
data_somatic/HG008/NIST/HG008-T_bulk/20240508p21/MGH-Bioskryb_resolveOME-ILMN_20260119/alignments/parabricks_wgs/bams/WGS-Cell86_fq2bam/WGS-Cell86.bam	3558639771
data_somatic/HG008/NIST/HG008-T_bulk/20240508p21/MGH-Bioskryb_resolveOME-ILMN_20260119/alignments/parabricks_wgs/bams/WGS-Cell86_fq2bam/WGS-Cell86.bam.bai	2667424
data_somatic/HG008/NIST/HG008-T_bulk/20240508p21/MGH-Bioskryb_resolveOME-ILMN_20260119/alignments/parabricks_wgs/bams/WGS-Cell87_fq2bam/WGS-Cell87.bam	3640187655
data_somatic/HG008/NIST/HG008-T_bulk/20240508p21/MGH-Bioskryb_resolveOME-ILMN_20260119/alignments/parabricks_wgs/bams/WGS-Cell87_fq2bam/WGS-Cell87.bam.bai	3121184
data_somatic/HG008/NIST/HG008-T_bulk/20240508p21/MGH-Bioskryb_resolveOME-ILMN_20260119/alignments/parabricks_wgs/bams/WGS-Cell88_fq2bam/WGS-Cell88.bam	3455721652
data_somatic/HG008/NIST/HG008-T_bulk/20240508p21/MGH-Bioskryb_resolveOME-ILMN_20260119/alignments/parabricks_wgs/bams/WGS-Cell88_fq2bam/WGS-Cell88.bam.bai	2635504
data_somatic/HG008/NIST/HG008-T_bulk/20240508p21/MGH-Bioskryb_resolveOME-ILMN_20260119/alignments/parabricks_wgs/bams/WGS-Cell89_fq2bam/WGS-Cell89.bam	1422948722
data_somatic/HG008/NIST/HG008-T_bulk/20240508p21/MGH-Bioskryb_resolveOME-ILMN_20260119/alignments/parabricks_wgs/bams/WGS-Cell89_fq2bam/WGS-Cell89.bam.bai	2708064
data_somatic/HG008/NIST/HG008-T_bulk/20240508p21/MGH-Bioskryb_resolveOME-ILMN_20260119/alignments/parabricks_wgs/bams/WGS-Cell90_fq2bam/WGS-Cell90.bam	3587583205
data_somatic/HG008/NIST/HG008-T_bulk/20240508p21/MGH-Bioskryb_resolveOME-ILMN_20260119/alignments/parabricks_wgs/bams/WGS-Cell90_fq2bam/WGS-Cell90.bam.bai	2642392
data_somatic/HG008/NIST/HG008-T_bulk/20240508p21/MGH-Bioskryb_resolveOME-ILMN_20260119/alignments/parabricks_wgs/bams/WGS-Cell92_fq2bam/WGS-Cell92.bam	3410440056
data_somatic/HG008/NIST/HG008-T_bulk/20240508p21/MGH-Bioskryb_resolveOME-ILMN_20260119/alignments/parabricks_wgs/bams/WGS-Cell92_fq2bam/WGS-Cell92.bam.bai	2921224
data_somatic/HG008/NIST/HG008-T_bulk/20240508p21/MGH-Bioskryb_resolveOME-ILMN_20260119/alignments/parabricks_wgs/bams/WGS-Cell93_fq2bam/WGS-Cell93.bam	3215439021
data_somatic/HG008/NIST/HG008-T_bulk/20240508p21/MGH-Bioskryb_resolveOME-ILMN_20260119/alignments/parabricks_wgs/bams/WGS-Cell93_fq2bam/WGS-Cell93.bam.bai	2630128
data_somatic/HG008/NIST/HG008-T_bulk/20240508p21/MGH-Bioskryb_resolveOME-ILMN_20260119/alignments/parabricks_wgs/bams/WGS-Cell94_fq2bam/WGS-Cell94.bam	3739161155
data_somatic/HG008/NIST/HG008-T_bulk/20240508p21/MGH-Bioskryb_resolveOME-ILMN_20260119/alignments/parabricks_wgs/bams/WGS-Cell94_fq2bam/WGS-Cell94.bam.bai	2634432
data_somatic/HG008/NIST/HG008-T_bulk/20240508p21/MGH-Bioskryb_resolveOME-ILMN_20260119/alignments/parabricks_wgs/bams/WGS-Cell95_fq2bam/WGS-Cell95.bam	4099255211
data_somatic/HG008/NIST/HG008-T_bulk/20240508p21/MGH-Bioskryb_resolveOME-ILMN_20260119/alignments/parabricks_wgs/bams/WGS-Cell95_fq2bam/WGS-Cell95.bam.bai	3121560
data_somatic/HG008/NIST/HG008-T_bulk/20240508p21/MGH-Bioskryb_resolveOME-ILMN_20260119/alignments/parabricks_wgs/bams/WGS-Cell96_fq2bam/WGS-Cell96.bam	3385396251
data_somatic/HG008/NIST/HG008-T_bulk/20240508p21/MGH-Bioskryb_resolveOME-ILMN_20260119/alignments/parabricks_wgs/bams/WGS-Cell96_fq2bam/WGS-Cell96.bam.bai	2795880
data_somatic/HG008/NIST/HG008-T_bulk/20240508p21/MGH-Bioskryb_resolveOME-ILMN_20260119/alignments/parabricks_wgs/bams/bam_metrics.tar.gz	63102
data_somatic/HG008/NIST/HG008-T_bulk/20240508p21/MGH-Bioskryb_resolveOME-ILMN_20260119/alignments/parabricks_wgs/multiqc_report_bj-dna-qc_2.0.8_2556_112043.html	14177716
data_somatic/HG008/NIST/HG008-T_bulk/20240508p21/MGH-Bioskryb_resolveOME-ILMN_20260119/cDNA-and-wgs-fastqs/ResolveOME-fastq-checksums.md5	66339
data_somatic/HG008/NIST/HG008-T_bulk/20240508p21/MGH-Bioskryb_resolveOME-ILMN_20260119/cDNA-and-wgs-fastqs/ResolveOME-fastqs.tar.gz	104490819868
data_somatic/HG008/NIST/HG008-T_bulk/20240508p21/MGH-Bioskryb_resolveOME-ILMN_20260119/data-checksums.md5	90312
data_somatic/HG008/NIST/HG008-T_bulk/20240508p21/MGH-Bioskryb_resolveOME-ILMN_20260119/md5sum.in	0
data_somatic/HG008/NIST/HG008-T_bulk/20240508p21/MissionBio_Tapestri_20250325/README_MissionBio_20250325.md	13132
data_somatic/HG008/NIST/HG008-T_bulk/20240508p21/MissionBio_Tapestri_20250325/checksums.md5	1820
data_somatic/HG008/NIST/HG008-T_bulk/20240508p21/MissionBio_Tapestri_20250325/fastq/NIST-03I_D2N/NIST-03I_D2N_S10_L001_R1_001.fastq.gz	5107936720
data_somatic/HG008/NIST/HG008-T_bulk/20240508p21/MissionBio_Tapestri_20250325/fastq/NIST-03I_D2N/NIST-03I_D2N_S10_L001_R2_001.fastq.gz	5183780228
data_somatic/HG008/NIST/HG008-T_bulk/20240508p21/MissionBio_Tapestri_20250325/fastq/NIST-03I_D2N/NIST-03I_D2N_S10_L002_R1_001.fastq.gz	4985258601
data_somatic/HG008/NIST/HG008-T_bulk/20240508p21/MissionBio_Tapestri_20250325/fastq/NIST-03I_D2N/NIST-03I_D2N_S10_L002_R2_001.fastq.gz	5095321934
data_somatic/HG008/NIST/HG008-T_bulk/20240508p21/MissionBio_Tapestri_20250325/fastq/NIST-03I_D2N/NIST-03I_D2N_S10_L003_R1_001.fastq.gz	4811941466
data_somatic/HG008/NIST/HG008-T_bulk/20240508p21/MissionBio_Tapestri_20250325/fastq/NIST-03I_D2N/NIST-03I_D2N_S10_L003_R2_001.fastq.gz	4912923459
data_somatic/HG008/NIST/HG008-T_bulk/20240508p21/MissionBio_Tapestri_20250325/fastq/NIST-03I_D2N/NIST-03I_D2N_S10_L004_R1_001.fastq.gz	4985699941
data_somatic/HG008/NIST/HG008-T_bulk/20240508p21/MissionBio_Tapestri_20250325/fastq/NIST-03I_D2N/NIST-03I_D2N_S10_L004_R2_001.fastq.gz	5082477486
data_somatic/HG008/NIST/HG008-T_bulk/20240508p21/MissionBio_Tapestri_20250325/fastq/NIST-03I_D2N/NIST-03I_D2N_S10_L005_R1_001.fastq.gz	4827210761
data_somatic/HG008/NIST/HG008-T_bulk/20240508p21/MissionBio_Tapestri_20250325/fastq/NIST-03I_D2N/NIST-03I_D2N_S10_L005_R2_001.fastq.gz	4919121003
data_somatic/HG008/NIST/HG008-T_bulk/20240508p21/MissionBio_Tapestri_20250325/fastq/NIST-04I_D2N/NIST-04I_D2N_S11_L001_R1_001.fastq.gz	5836192828
data_somatic/HG008/NIST/HG008-T_bulk/20240508p21/MissionBio_Tapestri_20250325/fastq/NIST-04I_D2N/NIST-04I_D2N_S11_L001_R2_001.fastq.gz	6195144009
data_somatic/HG008/NIST/HG008-T_bulk/20240508p21/MissionBio_Tapestri_20250325/fastq/NIST-04I_D2N/NIST-04I_D2N_S11_L002_R1_001.fastq.gz	5714712165
data_somatic/HG008/NIST/HG008-T_bulk/20240508p21/MissionBio_Tapestri_20250325/fastq/NIST-04I_D2N/NIST-04I_D2N_S11_L002_R2_001.fastq.gz	6101470876
data_somatic/HG008/NIST/HG008-T_bulk/20240508p21/MissionBio_Tapestri_20250325/fastq/NIST-04I_D2N/NIST-04I_D2N_S11_L003_R1_001.fastq.gz	5528149141
data_somatic/HG008/NIST/HG008-T_bulk/20240508p21/MissionBio_Tapestri_20250325/fastq/NIST-04I_D2N/NIST-04I_D2N_S11_L003_R2_001.fastq.gz	5895188644
data_somatic/HG008/NIST/HG008-T_bulk/20240508p21/MissionBio_Tapestri_20250325/fastq/NIST-04I_D2N/NIST-04I_D2N_S11_L004_R1_001.fastq.gz	5700155711
data_somatic/HG008/NIST/HG008-T_bulk/20240508p21/MissionBio_Tapestri_20250325/fastq/NIST-04I_D2N/NIST-04I_D2N_S11_L004_R2_001.fastq.gz	6064182946
data_somatic/HG008/NIST/HG008-T_bulk/20240508p21/MissionBio_Tapestri_20250325/fastq/NIST-04I_D2N/NIST-04I_D2N_S11_L005_R1_001.fastq.gz	5529716312
data_somatic/HG008/NIST/HG008-T_bulk/20240508p21/MissionBio_Tapestri_20250325/fastq/NIST-04I_D2N/NIST-04I_D2N_S11_L005_R2_001.fastq.gz	5888023272
data_somatic/HG008/NIST/HG008-T_bulk/20240508p21/PhaseGenomics_HiC-ILMN_20241211/HG008-T_HiC_PhaseGenomics_20241211_R1.fastq.gz	21139581475
data_somatic/HG008/NIST/HG008-T_bulk/20240508p21/PhaseGenomics_HiC-ILMN_20241211/HG008-T_HiC_PhaseGenomics_20241211_R2.fastq.gz	19522090976
data_somatic/HG008/NIST/HG008-T_bulk/20240508p21/PhaseGenomics_HiC-ILMN_20241211/HG008-T_HiC_PhaseGenomics_20241211_sorted_GRCh38.bam	79895403140
data_somatic/HG008/NIST/HG008-T_bulk/20240508p21/PhaseGenomics_HiC-ILMN_20241211/HG008-T_HiC_PhaseGenomics_20241211_sorted_GRCh38.bam.bai	9291920
data_somatic/HG008/NIST/HG008-T_bulk/20240508p21/PhaseGenomics_HiC-ILMN_20241211/HG008T_1465768_QC_report.pdf	206962
data_somatic/HG008/NIST/HG008-T_bulk/20240508p21/PhaseGenomics_HiC-ILMN_20241211/README_20241211.md	8923
data_somatic/HG008/NIST/HG008-T_bulk/20240508p21/PhaseGenomics_HiC-ILMN_20241211/checksums.md5	403
data_somatic/HG008/NIST/HG008-T_bulk/20240508p21/UMD-Revio-HG008Tp21-20241011/HG008-T_NIST-bulk-20240508p21_PacBio-HiFi-Revio_20241011_43x_GRCh38-GIABv3.bam	44051532093
data_somatic/HG008/NIST/HG008-T_bulk/20240508p21/UMD-Revio-HG008Tp21-20241011/HG008-T_NIST-bulk-20240508p21_PacBio-HiFi-Revio_20241011_43x_GRCh38-GIABv3.bam.bai	4567264
data_somatic/HG008/NIST/HG008-T_bulk/20240508p21/UMD-Revio-HG008Tp21-20241011/HG008-Tp21_ubams/XZOOK_20240930_R84050_PL15223-001_1-1-A01.hifi_reads.bam	46964976477
data_somatic/HG008/NIST/HG008-T_bulk/20240508p21/UMD-Revio-HG008Tp21-20241011/README_UMD-Revio-HG008Tp21andp41.md	11249
data_somatic/HG008/NIST/HG008-T_bulk/20240508p21/UMD-Revio-HG008Tp21-20241011/checksum_HG008Tp21.md5	342
data_somatic/HG008/NIST/HG008-T_bulk/20240508p21/analysis/JHU_SingleCell_10X-ATACseq-RNAseq_20240924/README_JHU-ATAC-RNAseq.md	8377
data_somatic/HG008/NIST/HG008-T_bulk/20240508p21/analysis/JHU_SingleCell_10X-ATACseq-RNAseq_20240924/atac_cut_sites.bigwig	3215652025
data_somatic/HG008/NIST/HG008-T_bulk/20240508p21/analysis/JHU_SingleCell_10X-ATACseq-RNAseq_20240924/atac_fragments.tsv.gz	4769557510
data_somatic/HG008/NIST/HG008-T_bulk/20240508p21/analysis/JHU_SingleCell_10X-ATACseq-RNAseq_20240924/atac_fragments.tsv.gz.tbi	1644413
data_somatic/HG008/NIST/HG008-T_bulk/20240508p21/analysis/JHU_SingleCell_10X-ATACseq-RNAseq_20240924/atac_peak_annotation.tsv	13622784
data_somatic/HG008/NIST/HG008-T_bulk/20240508p21/analysis/JHU_SingleCell_10X-ATACseq-RNAseq_20240924/atac_peaks.bed	5873472
data_somatic/HG008/NIST/HG008-T_bulk/20240508p21/analysis/JHU_SingleCell_10X-ATACseq-RNAseq_20240924/atac_possorted_bam.bam	104373374347
data_somatic/HG008/NIST/HG008-T_bulk/20240508p21/analysis/JHU_SingleCell_10X-ATACseq-RNAseq_20240924/atac_possorted_bam.bam.bai	9351184
data_somatic/HG008/NIST/HG008-T_bulk/20240508p21/analysis/JHU_SingleCell_10X-ATACseq-RNAseq_20240924/checksums.md5	1338
data_somatic/HG008/NIST/HG008-T_bulk/20240508p21/analysis/JHU_SingleCell_10X-ATACseq-RNAseq_20240924/cloupe.cloupe	1776775479
data_somatic/HG008/NIST/HG008-T_bulk/20240508p21/analysis/JHU_SingleCell_10X-ATACseq-RNAseq_20240924/filtered_feature_bc_matrix.h5	246187060
data_somatic/HG008/NIST/HG008-T_bulk/20240508p21/analysis/JHU_SingleCell_10X-ATACseq-RNAseq_20240924/filtered_feature_bc_matrix/barcodes.tsv.gz	42855
data_somatic/HG008/NIST/HG008-T_bulk/20240508p21/analysis/JHU_SingleCell_10X-ATACseq-RNAseq_20240924/filtered_feature_bc_matrix/features.tsv.gz	5420731
data_somatic/HG008/NIST/HG008-T_bulk/20240508p21/analysis/JHU_SingleCell_10X-ATACseq-RNAseq_20240924/filtered_feature_bc_matrix/matrix.mtx.gz	630286691
data_somatic/HG008/NIST/HG008-T_bulk/20240508p21/analysis/JHU_SingleCell_10X-ATACseq-RNAseq_20240924/gex_molecule_info.h5	338219523
data_somatic/HG008/NIST/HG008-T_bulk/20240508p21/analysis/JHU_SingleCell_10X-ATACseq-RNAseq_20240924/gex_possorted_bam.bam	8091270553
data_somatic/HG008/NIST/HG008-T_bulk/20240508p21/analysis/JHU_SingleCell_10X-ATACseq-RNAseq_20240924/gex_possorted_bam.bam.bai	5422064
data_somatic/HG008/NIST/HG008-T_bulk/20240508p21/analysis/JHU_SingleCell_10X-ATACseq-RNAseq_20240924/per_barcode_metrics.csv	85626833
data_somatic/HG008/NIST/HG008-T_bulk/20240508p21/analysis/JHU_SingleCell_10X-ATACseq-RNAseq_20240924/raw_feature_bc_matrix.h5	298325624
data_somatic/HG008/NIST/HG008-T_bulk/20240508p21/analysis/JHU_SingleCell_10X-ATACseq-RNAseq_20240924/raw_feature_bc_matrix/barcodes.tsv.gz	2492188
data_somatic/HG008/NIST/HG008-T_bulk/20240508p21/analysis/JHU_SingleCell_10X-ATACseq-RNAseq_20240924/raw_feature_bc_matrix/features.tsv.gz	5420731
data_somatic/HG008/NIST/HG008-T_bulk/20240508p21/analysis/JHU_SingleCell_10X-ATACseq-RNAseq_20240924/raw_feature_bc_matrix/matrix.mtx.gz	748312220
data_somatic/HG008/NIST/HG008-T_bulk/20240508p21/analysis/JHU_SingleCell_10X-ATACseq-RNAseq_20240924/summary.csv	1734
data_somatic/HG008/NIST/HG008-T_bulk/20240508p21/analysis/JHU_SingleCell_10X-ATACseq-RNAseq_20240924/web_summary.html	5174436
data_somatic/HG008/NIST/HG008-T_bulk/20240508p21/analysis/MGH-Bioskryb_resolveOME-analysis_20260119/README_MGH-Bioskryb_analysis_20260119.md	6889
data_somatic/HG008/NIST/HG008-T_bulk/20240508p21/analysis/MGH-Bioskryb_resolveOME-analysis_20260119/analysis-checksums.md5	65970
data_somatic/HG008/NIST/HG008-T_bulk/20240508p21/analysis/MGH-Bioskryb_resolveOME-analysis_20260119/bj-cnv-notsubsampled-raw-hap0/AllSample-GinkgoSegmentSummary.txt	2159
data_somatic/HG008/NIST/HG008-T_bulk/20240508p21/analysis/MGH-Bioskryb_resolveOME-analysis_20260119/bj-cnv-notsubsampled-raw-hap0/SegCopy.binsize_1000000.tsv	374647
data_somatic/HG008/NIST/HG008-T_bulk/20240508p21/analysis/MGH-Bioskryb_resolveOME-analysis_20260119/bj-cnv-notsubsampled-raw-hap0/WGS-Cell10_CNV1.tsv	689
data_somatic/HG008/NIST/HG008-T_bulk/20240508p21/analysis/MGH-Bioskryb_resolveOME-analysis_20260119/bj-cnv-notsubsampled-raw-hap0/WGS-Cell10_CNV2.tsv	708
data_somatic/HG008/NIST/HG008-T_bulk/20240508p21/analysis/MGH-Bioskryb_resolveOME-analysis_20260119/bj-cnv-notsubsampled-raw-hap0/WGS-Cell10_dots.tsv	95888
data_somatic/HG008/NIST/HG008-T_bulk/20240508p21/analysis/MGH-Bioskryb_resolveOME-analysis_20260119/bj-cnv-notsubsampled-raw-hap0/WGS-Cell11_CNV1.tsv	830
data_somatic/HG008/NIST/HG008-T_bulk/20240508p21/analysis/MGH-Bioskryb_resolveOME-analysis_20260119/bj-cnv-notsubsampled-raw-hap0/WGS-Cell11_CNV2.tsv	851
data_somatic/HG008/NIST/HG008-T_bulk/20240508p21/analysis/MGH-Bioskryb_resolveOME-analysis_20260119/bj-cnv-notsubsampled-raw-hap0/WGS-Cell11_dots.tsv	95632
data_somatic/HG008/NIST/HG008-T_bulk/20240508p21/analysis/MGH-Bioskryb_resolveOME-analysis_20260119/bj-cnv-notsubsampled-raw-hap0/WGS-Cell12_CNV1.tsv	721
data_somatic/HG008/NIST/HG008-T_bulk/20240508p21/analysis/MGH-Bioskryb_resolveOME-analysis_20260119/bj-cnv-notsubsampled-raw-hap0/WGS-Cell12_CNV2.tsv	741
data_somatic/HG008/NIST/HG008-T_bulk/20240508p21/analysis/MGH-Bioskryb_resolveOME-analysis_20260119/bj-cnv-notsubsampled-raw-hap0/WGS-Cell12_dots.tsv	95960
data_somatic/HG008/NIST/HG008-T_bulk/20240508p21/analysis/MGH-Bioskryb_resolveOME-analysis_20260119/bj-cnv-notsubsampled-raw-hap0/WGS-Cell13_CNV1.tsv	828
data_somatic/HG008/NIST/HG008-T_bulk/20240508p21/analysis/MGH-Bioskryb_resolveOME-analysis_20260119/bj-cnv-notsubsampled-raw-hap0/WGS-Cell13_CNV2.tsv	848
data_somatic/HG008/NIST/HG008-T_bulk/20240508p21/analysis/MGH-Bioskryb_resolveOME-analysis_20260119/bj-cnv-notsubsampled-raw-hap0/WGS-Cell13_dots.tsv	95612
data_somatic/HG008/NIST/HG008-T_bulk/20240508p21/analysis/MGH-Bioskryb_resolveOME-analysis_20260119/bj-cnv-notsubsampled-raw-hap0/WGS-Cell14_CNV1.tsv	755
data_somatic/HG008/NIST/HG008-T_bulk/20240508p21/analysis/MGH-Bioskryb_resolveOME-analysis_20260119/bj-cnv-notsubsampled-raw-hap0/WGS-Cell14_CNV2.tsv	775
data_somatic/HG008/NIST/HG008-T_bulk/20240508p21/analysis/MGH-Bioskryb_resolveOME-analysis_20260119/bj-cnv-notsubsampled-raw-hap0/WGS-Cell14_dots.tsv	95605
data_somatic/HG008/NIST/HG008-T_bulk/20240508p21/analysis/MGH-Bioskryb_resolveOME-analysis_20260119/bj-cnv-notsubsampled-raw-hap0/WGS-Cell15_CNV1.tsv	901
data_somatic/HG008/NIST/HG008-T_bulk/20240508p21/analysis/MGH-Bioskryb_resolveOME-analysis_20260119/bj-cnv-notsubsampled-raw-hap0/WGS-Cell15_CNV2.tsv	924
data_somatic/HG008/NIST/HG008-T_bulk/20240508p21/analysis/MGH-Bioskryb_resolveOME-analysis_20260119/bj-cnv-notsubsampled-raw-hap0/WGS-Cell15_dots.tsv	95921
data_somatic/HG008/NIST/HG008-T_bulk/20240508p21/analysis/MGH-Bioskryb_resolveOME-analysis_20260119/bj-cnv-notsubsampled-raw-hap0/WGS-Cell16_CNV1.tsv	63
data_somatic/HG008/NIST/HG008-T_bulk/20240508p21/analysis/MGH-Bioskryb_resolveOME-analysis_20260119/bj-cnv-notsubsampled-raw-hap0/WGS-Cell16_CNV2.tsv	64
data_somatic/HG008/NIST/HG008-T_bulk/20240508p21/analysis/MGH-Bioskryb_resolveOME-analysis_20260119/bj-cnv-notsubsampled-raw-hap0/WGS-Cell16_dots.tsv	63320
data_somatic/HG008/NIST/HG008-T_bulk/20240508p21/analysis/MGH-Bioskryb_resolveOME-analysis_20260119/bj-cnv-notsubsampled-raw-hap0/WGS-Cell18_CNV1.tsv	854
data_somatic/HG008/NIST/HG008-T_bulk/20240508p21/analysis/MGH-Bioskryb_resolveOME-analysis_20260119/bj-cnv-notsubsampled-raw-hap0/WGS-Cell18_CNV2.tsv	876
data_somatic/HG008/NIST/HG008-T_bulk/20240508p21/analysis/MGH-Bioskryb_resolveOME-analysis_20260119/bj-cnv-notsubsampled-raw-hap0/WGS-Cell18_dots.tsv	95921
data_somatic/HG008/NIST/HG008-T_bulk/20240508p21/analysis/MGH-Bioskryb_resolveOME-analysis_20260119/bj-cnv-notsubsampled-raw-hap0/WGS-Cell19_CNV1.tsv	842
data_somatic/HG008/NIST/HG008-T_bulk/20240508p21/analysis/MGH-Bioskryb_resolveOME-analysis_20260119/bj-cnv-notsubsampled-raw-hap0/WGS-Cell19_CNV2.tsv	863
data_somatic/HG008/NIST/HG008-T_bulk/20240508p21/analysis/MGH-Bioskryb_resolveOME-analysis_20260119/bj-cnv-notsubsampled-raw-hap0/WGS-Cell19_dots.tsv	95978
data_somatic/HG008/NIST/HG008-T_bulk/20240508p21/analysis/MGH-Bioskryb_resolveOME-analysis_20260119/bj-cnv-notsubsampled-raw-hap0/WGS-Cell20_CNV1.tsv	938
data_somatic/HG008/NIST/HG008-T_bulk/20240508p21/analysis/MGH-Bioskryb_resolveOME-analysis_20260119/bj-cnv-notsubsampled-raw-hap0/WGS-Cell20_CNV2.tsv	880
data_somatic/HG008/NIST/HG008-T_bulk/20240508p21/analysis/MGH-Bioskryb_resolveOME-analysis_20260119/bj-cnv-notsubsampled-raw-hap0/WGS-Cell20_dots.tsv	95923
data_somatic/HG008/NIST/HG008-T_bulk/20240508p21/analysis/MGH-Bioskryb_resolveOME-analysis_20260119/bj-cnv-notsubsampled-raw-hap0/WGS-Cell21_CNV1.tsv	794
data_somatic/HG008/NIST/HG008-T_bulk/20240508p21/analysis/MGH-Bioskryb_resolveOME-analysis_20260119/bj-cnv-notsubsampled-raw-hap0/WGS-Cell21_CNV2.tsv	814
data_somatic/HG008/NIST/HG008-T_bulk/20240508p21/analysis/MGH-Bioskryb_resolveOME-analysis_20260119/bj-cnv-notsubsampled-raw-hap0/WGS-Cell21_dots.tsv	95612
data_somatic/HG008/NIST/HG008-T_bulk/20240508p21/analysis/MGH-Bioskryb_resolveOME-analysis_20260119/bj-cnv-notsubsampled-raw-hap0/WGS-Cell23_CNV1.tsv	954
data_somatic/HG008/NIST/HG008-T_bulk/20240508p21/analysis/MGH-Bioskryb_resolveOME-analysis_20260119/bj-cnv-notsubsampled-raw-hap0/WGS-Cell23_CNV2.tsv	899
data_somatic/HG008/NIST/HG008-T_bulk/20240508p21/analysis/MGH-Bioskryb_resolveOME-analysis_20260119/bj-cnv-notsubsampled-raw-hap0/WGS-Cell23_dots.tsv	95902
data_somatic/HG008/NIST/HG008-T_bulk/20240508p21/analysis/MGH-Bioskryb_resolveOME-analysis_20260119/bj-cnv-notsubsampled-raw-hap0/WGS-Cell27_CNV1.tsv	828
data_somatic/HG008/NIST/HG008-T_bulk/20240508p21/analysis/MGH-Bioskryb_resolveOME-analysis_20260119/bj-cnv-notsubsampled-raw-hap0/WGS-Cell27_CNV2.tsv	848
data_somatic/HG008/NIST/HG008-T_bulk/20240508p21/analysis/MGH-Bioskryb_resolveOME-analysis_20260119/bj-cnv-notsubsampled-raw-hap0/WGS-Cell27_dots.tsv	95608
data_somatic/HG008/NIST/HG008-T_bulk/20240508p21/analysis/MGH-Bioskryb_resolveOME-analysis_20260119/bj-cnv-notsubsampled-raw-hap0/WGS-Cell28_CNV1.tsv	822
data_somatic/HG008/NIST/HG008-T_bulk/20240508p21/analysis/MGH-Bioskryb_resolveOME-analysis_20260119/bj-cnv-notsubsampled-raw-hap0/WGS-Cell28_CNV2.tsv	843
data_somatic/HG008/NIST/HG008-T_bulk/20240508p21/analysis/MGH-Bioskryb_resolveOME-analysis_20260119/bj-cnv-notsubsampled-raw-hap0/WGS-Cell28_dots.tsv	95591
data_somatic/HG008/NIST/HG008-T_bulk/20240508p21/analysis/MGH-Bioskryb_resolveOME-analysis_20260119/bj-cnv-notsubsampled-raw-hap0/WGS-Cell29_CNV1.tsv	1045
data_somatic/HG008/NIST/HG008-T_bulk/20240508p21/analysis/MGH-Bioskryb_resolveOME-analysis_20260119/bj-cnv-notsubsampled-raw-hap0/WGS-Cell29_CNV2.tsv	1072
data_somatic/HG008/NIST/HG008-T_bulk/20240508p21/analysis/MGH-Bioskryb_resolveOME-analysis_20260119/bj-cnv-notsubsampled-raw-hap0/WGS-Cell29_dots.tsv	95635
data_somatic/HG008/NIST/HG008-T_bulk/20240508p21/analysis/MGH-Bioskryb_resolveOME-analysis_20260119/bj-cnv-notsubsampled-raw-hap0/WGS-Cell30_CNV1.tsv	679
data_somatic/HG008/NIST/HG008-T_bulk/20240508p21/analysis/MGH-Bioskryb_resolveOME-analysis_20260119/bj-cnv-notsubsampled-raw-hap0/WGS-Cell30_CNV2.tsv	696
data_somatic/HG008/NIST/HG008-T_bulk/20240508p21/analysis/MGH-Bioskryb_resolveOME-analysis_20260119/bj-cnv-notsubsampled-raw-hap0/WGS-Cell30_dots.tsv	95995
data_somatic/HG008/NIST/HG008-T_bulk/20240508p21/analysis/MGH-Bioskryb_resolveOME-analysis_20260119/bj-cnv-notsubsampled-raw-hap0/WGS-Cell35_CNV1.tsv	713
data_somatic/HG008/NIST/HG008-T_bulk/20240508p21/analysis/MGH-Bioskryb_resolveOME-analysis_20260119/bj-cnv-notsubsampled-raw-hap0/WGS-Cell35_CNV2.tsv	733
data_somatic/HG008/NIST/HG008-T_bulk/20240508p21/analysis/MGH-Bioskryb_resolveOME-analysis_20260119/bj-cnv-notsubsampled-raw-hap0/WGS-Cell35_dots.tsv	95888
data_somatic/HG008/NIST/HG008-T_bulk/20240508p21/analysis/MGH-Bioskryb_resolveOME-analysis_20260119/bj-cnv-notsubsampled-raw-hap0/WGS-Cell36_CNV1.tsv	897
data_somatic/HG008/NIST/HG008-T_bulk/20240508p21/analysis/MGH-Bioskryb_resolveOME-analysis_20260119/bj-cnv-notsubsampled-raw-hap0/WGS-Cell36_CNV2.tsv	881
data_somatic/HG008/NIST/HG008-T_bulk/20240508p21/analysis/MGH-Bioskryb_resolveOME-analysis_20260119/bj-cnv-notsubsampled-raw-hap0/WGS-Cell36_dots.tsv	96007
data_somatic/HG008/NIST/HG008-T_bulk/20240508p21/analysis/MGH-Bioskryb_resolveOME-analysis_20260119/bj-cnv-notsubsampled-raw-hap0/WGS-Cell37_CNV1.tsv	682
data_somatic/HG008/NIST/HG008-T_bulk/20240508p21/analysis/MGH-Bioskryb_resolveOME-analysis_20260119/bj-cnv-notsubsampled-raw-hap0/WGS-Cell37_CNV2.tsv	701
data_somatic/HG008/NIST/HG008-T_bulk/20240508p21/analysis/MGH-Bioskryb_resolveOME-analysis_20260119/bj-cnv-notsubsampled-raw-hap0/WGS-Cell37_dots.tsv	95934
data_somatic/HG008/NIST/HG008-T_bulk/20240508p21/analysis/MGH-Bioskryb_resolveOME-analysis_20260119/bj-cnv-notsubsampled-raw-hap0/WGS-Cell38_CNV1.tsv	815
data_somatic/HG008/NIST/HG008-T_bulk/20240508p21/analysis/MGH-Bioskryb_resolveOME-analysis_20260119/bj-cnv-notsubsampled-raw-hap0/WGS-Cell38_CNV2.tsv	835
data_somatic/HG008/NIST/HG008-T_bulk/20240508p21/analysis/MGH-Bioskryb_resolveOME-analysis_20260119/bj-cnv-notsubsampled-raw-hap0/WGS-Cell38_dots.tsv	95562
data_somatic/HG008/NIST/HG008-T_bulk/20240508p21/analysis/MGH-Bioskryb_resolveOME-analysis_20260119/bj-cnv-notsubsampled-raw-hap0/WGS-Cell40_CNV1.tsv	755
data_somatic/HG008/NIST/HG008-T_bulk/20240508p21/analysis/MGH-Bioskryb_resolveOME-analysis_20260119/bj-cnv-notsubsampled-raw-hap0/WGS-Cell40_CNV2.tsv	775
data_somatic/HG008/NIST/HG008-T_bulk/20240508p21/analysis/MGH-Bioskryb_resolveOME-analysis_20260119/bj-cnv-notsubsampled-raw-hap0/WGS-Cell40_dots.tsv	95720
data_somatic/HG008/NIST/HG008-T_bulk/20240508p21/analysis/MGH-Bioskryb_resolveOME-analysis_20260119/bj-cnv-notsubsampled-raw-hap0/WGS-Cell41_CNV1.tsv	692
data_somatic/HG008/NIST/HG008-T_bulk/20240508p21/analysis/MGH-Bioskryb_resolveOME-analysis_20260119/bj-cnv-notsubsampled-raw-hap0/WGS-Cell41_CNV2.tsv	709
data_somatic/HG008/NIST/HG008-T_bulk/20240508p21/analysis/MGH-Bioskryb_resolveOME-analysis_20260119/bj-cnv-notsubsampled-raw-hap0/WGS-Cell41_dots.tsv	95963
data_somatic/HG008/NIST/HG008-T_bulk/20240508p21/analysis/MGH-Bioskryb_resolveOME-analysis_20260119/bj-cnv-notsubsampled-raw-hap0/WGS-Cell44_CNV1.tsv	1116
data_somatic/HG008/NIST/HG008-T_bulk/20240508p21/analysis/MGH-Bioskryb_resolveOME-analysis_20260119/bj-cnv-notsubsampled-raw-hap0/WGS-Cell44_CNV2.tsv	858
data_somatic/HG008/NIST/HG008-T_bulk/20240508p21/analysis/MGH-Bioskryb_resolveOME-analysis_20260119/bj-cnv-notsubsampled-raw-hap0/WGS-Cell44_dots.tsv	95236
data_somatic/HG008/NIST/HG008-T_bulk/20240508p21/analysis/MGH-Bioskryb_resolveOME-analysis_20260119/bj-cnv-notsubsampled-raw-hap0/WGS-Cell45_CNV1.tsv	897
data_somatic/HG008/NIST/HG008-T_bulk/20240508p21/analysis/MGH-Bioskryb_resolveOME-analysis_20260119/bj-cnv-notsubsampled-raw-hap0/WGS-Cell45_CNV2.tsv	915
data_somatic/HG008/NIST/HG008-T_bulk/20240508p21/analysis/MGH-Bioskryb_resolveOME-analysis_20260119/bj-cnv-notsubsampled-raw-hap0/WGS-Cell45_dots.tsv	95895
data_somatic/HG008/NIST/HG008-T_bulk/20240508p21/analysis/MGH-Bioskryb_resolveOME-analysis_20260119/bj-cnv-notsubsampled-raw-hap0/WGS-Cell46_CNV1.tsv	1325
data_somatic/HG008/NIST/HG008-T_bulk/20240508p21/analysis/MGH-Bioskryb_resolveOME-analysis_20260119/bj-cnv-notsubsampled-raw-hap0/WGS-Cell46_CNV2.tsv	1196
data_somatic/HG008/NIST/HG008-T_bulk/20240508p21/analysis/MGH-Bioskryb_resolveOME-analysis_20260119/bj-cnv-notsubsampled-raw-hap0/WGS-Cell46_dots.tsv	96042
data_somatic/HG008/NIST/HG008-T_bulk/20240508p21/analysis/MGH-Bioskryb_resolveOME-analysis_20260119/bj-cnv-notsubsampled-raw-hap0/WGS-Cell47_CNV1.tsv	887
data_somatic/HG008/NIST/HG008-T_bulk/20240508p21/analysis/MGH-Bioskryb_resolveOME-analysis_20260119/bj-cnv-notsubsampled-raw-hap0/WGS-Cell47_CNV2.tsv	907
data_somatic/HG008/NIST/HG008-T_bulk/20240508p21/analysis/MGH-Bioskryb_resolveOME-analysis_20260119/bj-cnv-notsubsampled-raw-hap0/WGS-Cell47_dots.tsv	96027
data_somatic/HG008/NIST/HG008-T_bulk/20240508p21/analysis/MGH-Bioskryb_resolveOME-analysis_20260119/bj-cnv-notsubsampled-raw-hap0/WGS-Cell48_CNV1.tsv	1225
data_somatic/HG008/NIST/HG008-T_bulk/20240508p21/analysis/MGH-Bioskryb_resolveOME-analysis_20260119/bj-cnv-notsubsampled-raw-hap0/WGS-Cell48_CNV2.tsv	1067
data_somatic/HG008/NIST/HG008-T_bulk/20240508p21/analysis/MGH-Bioskryb_resolveOME-analysis_20260119/bj-cnv-notsubsampled-raw-hap0/WGS-Cell48_dots.tsv	96061
data_somatic/HG008/NIST/HG008-T_bulk/20240508p21/analysis/MGH-Bioskryb_resolveOME-analysis_20260119/bj-cnv-notsubsampled-raw-hap0/WGS-Cell49_CNV1.tsv	1315
data_somatic/HG008/NIST/HG008-T_bulk/20240508p21/analysis/MGH-Bioskryb_resolveOME-analysis_20260119/bj-cnv-notsubsampled-raw-hap0/WGS-Cell49_CNV2.tsv	871
data_somatic/HG008/NIST/HG008-T_bulk/20240508p21/analysis/MGH-Bioskryb_resolveOME-analysis_20260119/bj-cnv-notsubsampled-raw-hap0/WGS-Cell49_dots.tsv	95314
data_somatic/HG008/NIST/HG008-T_bulk/20240508p21/analysis/MGH-Bioskryb_resolveOME-analysis_20260119/bj-cnv-notsubsampled-raw-hap0/WGS-Cell51_CNV1.tsv	746
data_somatic/HG008/NIST/HG008-T_bulk/20240508p21/analysis/MGH-Bioskryb_resolveOME-analysis_20260119/bj-cnv-notsubsampled-raw-hap0/WGS-Cell51_CNV2.tsv	765
data_somatic/HG008/NIST/HG008-T_bulk/20240508p21/analysis/MGH-Bioskryb_resolveOME-analysis_20260119/bj-cnv-notsubsampled-raw-hap0/WGS-Cell51_dots.tsv	95916
data_somatic/HG008/NIST/HG008-T_bulk/20240508p21/analysis/MGH-Bioskryb_resolveOME-analysis_20260119/bj-cnv-notsubsampled-raw-hap0/WGS-Cell52_CNV1.tsv	857
data_somatic/HG008/NIST/HG008-T_bulk/20240508p21/analysis/MGH-Bioskryb_resolveOME-analysis_20260119/bj-cnv-notsubsampled-raw-hap0/WGS-Cell52_CNV2.tsv	881
data_somatic/HG008/NIST/HG008-T_bulk/20240508p21/analysis/MGH-Bioskryb_resolveOME-analysis_20260119/bj-cnv-notsubsampled-raw-hap0/WGS-Cell52_dots.tsv	95750
data_somatic/HG008/NIST/HG008-T_bulk/20240508p21/analysis/MGH-Bioskryb_resolveOME-analysis_20260119/bj-cnv-notsubsampled-raw-hap0/WGS-Cell56_CNV1.tsv	793
data_somatic/HG008/NIST/HG008-T_bulk/20240508p21/analysis/MGH-Bioskryb_resolveOME-analysis_20260119/bj-cnv-notsubsampled-raw-hap0/WGS-Cell56_CNV2.tsv	813
data_somatic/HG008/NIST/HG008-T_bulk/20240508p21/analysis/MGH-Bioskryb_resolveOME-analysis_20260119/bj-cnv-notsubsampled-raw-hap0/WGS-Cell56_dots.tsv	95590
data_somatic/HG008/NIST/HG008-T_bulk/20240508p21/analysis/MGH-Bioskryb_resolveOME-analysis_20260119/bj-cnv-notsubsampled-raw-hap0/WGS-Cell57_CNV1.tsv	801
data_somatic/HG008/NIST/HG008-T_bulk/20240508p21/analysis/MGH-Bioskryb_resolveOME-analysis_20260119/bj-cnv-notsubsampled-raw-hap0/WGS-Cell57_CNV2.tsv	820
data_somatic/HG008/NIST/HG008-T_bulk/20240508p21/analysis/MGH-Bioskryb_resolveOME-analysis_20260119/bj-cnv-notsubsampled-raw-hap0/WGS-Cell57_dots.tsv	95897
data_somatic/HG008/NIST/HG008-T_bulk/20240508p21/analysis/MGH-Bioskryb_resolveOME-analysis_20260119/bj-cnv-notsubsampled-raw-hap0/WGS-Cell58_CNV1.tsv	776
data_somatic/HG008/NIST/HG008-T_bulk/20240508p21/analysis/MGH-Bioskryb_resolveOME-analysis_20260119/bj-cnv-notsubsampled-raw-hap0/WGS-Cell58_CNV2.tsv	798
data_somatic/HG008/NIST/HG008-T_bulk/20240508p21/analysis/MGH-Bioskryb_resolveOME-analysis_20260119/bj-cnv-notsubsampled-raw-hap0/WGS-Cell58_dots.tsv	96021
data_somatic/HG008/NIST/HG008-T_bulk/20240508p21/analysis/MGH-Bioskryb_resolveOME-analysis_20260119/bj-cnv-notsubsampled-raw-hap0/WGS-Cell63_CNV1.tsv	847
data_somatic/HG008/NIST/HG008-T_bulk/20240508p21/analysis/MGH-Bioskryb_resolveOME-analysis_20260119/bj-cnv-notsubsampled-raw-hap0/WGS-Cell63_CNV2.tsv	869
data_somatic/HG008/NIST/HG008-T_bulk/20240508p21/analysis/MGH-Bioskryb_resolveOME-analysis_20260119/bj-cnv-notsubsampled-raw-hap0/WGS-Cell63_dots.tsv	95653
data_somatic/HG008/NIST/HG008-T_bulk/20240508p21/analysis/MGH-Bioskryb_resolveOME-analysis_20260119/bj-cnv-notsubsampled-raw-hap0/WGS-Cell64_CNV1.tsv	897
data_somatic/HG008/NIST/HG008-T_bulk/20240508p21/analysis/MGH-Bioskryb_resolveOME-analysis_20260119/bj-cnv-notsubsampled-raw-hap0/WGS-Cell64_CNV2.tsv	915
data_somatic/HG008/NIST/HG008-T_bulk/20240508p21/analysis/MGH-Bioskryb_resolveOME-analysis_20260119/bj-cnv-notsubsampled-raw-hap0/WGS-Cell64_dots.tsv	95959
data_somatic/HG008/NIST/HG008-T_bulk/20240508p21/analysis/MGH-Bioskryb_resolveOME-analysis_20260119/bj-cnv-notsubsampled-raw-hap0/WGS-Cell65_CNV1.tsv	579
data_somatic/HG008/NIST/HG008-T_bulk/20240508p21/analysis/MGH-Bioskryb_resolveOME-analysis_20260119/bj-cnv-notsubsampled-raw-hap0/WGS-Cell65_CNV2.tsv	595
data_somatic/HG008/NIST/HG008-T_bulk/20240508p21/analysis/MGH-Bioskryb_resolveOME-analysis_20260119/bj-cnv-notsubsampled-raw-hap0/WGS-Cell65_dots.tsv	95869
data_somatic/HG008/NIST/HG008-T_bulk/20240508p21/analysis/MGH-Bioskryb_resolveOME-analysis_20260119/bj-cnv-notsubsampled-raw-hap0/WGS-Cell66_CNV1.tsv	978
data_somatic/HG008/NIST/HG008-T_bulk/20240508p21/analysis/MGH-Bioskryb_resolveOME-analysis_20260119/bj-cnv-notsubsampled-raw-hap0/WGS-Cell66_CNV2.tsv	993
data_somatic/HG008/NIST/HG008-T_bulk/20240508p21/analysis/MGH-Bioskryb_resolveOME-analysis_20260119/bj-cnv-notsubsampled-raw-hap0/WGS-Cell66_dots.tsv	95768
data_somatic/HG008/NIST/HG008-T_bulk/20240508p21/analysis/MGH-Bioskryb_resolveOME-analysis_20260119/bj-cnv-notsubsampled-raw-hap0/WGS-Cell68_CNV1.tsv	792
data_somatic/HG008/NIST/HG008-T_bulk/20240508p21/analysis/MGH-Bioskryb_resolveOME-analysis_20260119/bj-cnv-notsubsampled-raw-hap0/WGS-Cell68_CNV2.tsv	812
data_somatic/HG008/NIST/HG008-T_bulk/20240508p21/analysis/MGH-Bioskryb_resolveOME-analysis_20260119/bj-cnv-notsubsampled-raw-hap0/WGS-Cell68_dots.tsv	95649
data_somatic/HG008/NIST/HG008-T_bulk/20240508p21/analysis/MGH-Bioskryb_resolveOME-analysis_20260119/bj-cnv-notsubsampled-raw-hap0/WGS-Cell69_CNV1.tsv	821
data_somatic/HG008/NIST/HG008-T_bulk/20240508p21/analysis/MGH-Bioskryb_resolveOME-analysis_20260119/bj-cnv-notsubsampled-raw-hap0/WGS-Cell69_CNV2.tsv	842
data_somatic/HG008/NIST/HG008-T_bulk/20240508p21/analysis/MGH-Bioskryb_resolveOME-analysis_20260119/bj-cnv-notsubsampled-raw-hap0/WGS-Cell69_dots.tsv	95633
data_somatic/HG008/NIST/HG008-T_bulk/20240508p21/analysis/MGH-Bioskryb_resolveOME-analysis_20260119/bj-cnv-notsubsampled-raw-hap0/WGS-Cell70_CNV1.tsv	826
data_somatic/HG008/NIST/HG008-T_bulk/20240508p21/analysis/MGH-Bioskryb_resolveOME-analysis_20260119/bj-cnv-notsubsampled-raw-hap0/WGS-Cell70_CNV2.tsv	847
data_somatic/HG008/NIST/HG008-T_bulk/20240508p21/analysis/MGH-Bioskryb_resolveOME-analysis_20260119/bj-cnv-notsubsampled-raw-hap0/WGS-Cell70_dots.tsv	95964
data_somatic/HG008/NIST/HG008-T_bulk/20240508p21/analysis/MGH-Bioskryb_resolveOME-analysis_20260119/bj-cnv-notsubsampled-raw-hap0/WGS-Cell71_CNV1.tsv	824
data_somatic/HG008/NIST/HG008-T_bulk/20240508p21/analysis/MGH-Bioskryb_resolveOME-analysis_20260119/bj-cnv-notsubsampled-raw-hap0/WGS-Cell71_CNV2.tsv	844
data_somatic/HG008/NIST/HG008-T_bulk/20240508p21/analysis/MGH-Bioskryb_resolveOME-analysis_20260119/bj-cnv-notsubsampled-raw-hap0/WGS-Cell71_dots.tsv	96002
data_somatic/HG008/NIST/HG008-T_bulk/20240508p21/analysis/MGH-Bioskryb_resolveOME-analysis_20260119/bj-cnv-notsubsampled-raw-hap0/WGS-Cell73_CNV1.tsv	784
data_somatic/HG008/NIST/HG008-T_bulk/20240508p21/analysis/MGH-Bioskryb_resolveOME-analysis_20260119/bj-cnv-notsubsampled-raw-hap0/WGS-Cell73_CNV2.tsv	805
data_somatic/HG008/NIST/HG008-T_bulk/20240508p21/analysis/MGH-Bioskryb_resolveOME-analysis_20260119/bj-cnv-notsubsampled-raw-hap0/WGS-Cell73_dots.tsv	95586
data_somatic/HG008/NIST/HG008-T_bulk/20240508p21/analysis/MGH-Bioskryb_resolveOME-analysis_20260119/bj-cnv-notsubsampled-raw-hap0/WGS-Cell74_CNV1.tsv	851
data_somatic/HG008/NIST/HG008-T_bulk/20240508p21/analysis/MGH-Bioskryb_resolveOME-analysis_20260119/bj-cnv-notsubsampled-raw-hap0/WGS-Cell74_CNV2.tsv	872
data_somatic/HG008/NIST/HG008-T_bulk/20240508p21/analysis/MGH-Bioskryb_resolveOME-analysis_20260119/bj-cnv-notsubsampled-raw-hap0/WGS-Cell74_dots.tsv	95509
data_somatic/HG008/NIST/HG008-T_bulk/20240508p21/analysis/MGH-Bioskryb_resolveOME-analysis_20260119/bj-cnv-notsubsampled-raw-hap0/WGS-Cell76_CNV1.tsv	864
data_somatic/HG008/NIST/HG008-T_bulk/20240508p21/analysis/MGH-Bioskryb_resolveOME-analysis_20260119/bj-cnv-notsubsampled-raw-hap0/WGS-Cell76_CNV2.tsv	885
data_somatic/HG008/NIST/HG008-T_bulk/20240508p21/analysis/MGH-Bioskryb_resolveOME-analysis_20260119/bj-cnv-notsubsampled-raw-hap0/WGS-Cell76_dots.tsv	96012
data_somatic/HG008/NIST/HG008-T_bulk/20240508p21/analysis/MGH-Bioskryb_resolveOME-analysis_20260119/bj-cnv-notsubsampled-raw-hap0/WGS-Cell80_CNV1.tsv	719
data_somatic/HG008/NIST/HG008-T_bulk/20240508p21/analysis/MGH-Bioskryb_resolveOME-analysis_20260119/bj-cnv-notsubsampled-raw-hap0/WGS-Cell80_CNV2.tsv	739
data_somatic/HG008/NIST/HG008-T_bulk/20240508p21/analysis/MGH-Bioskryb_resolveOME-analysis_20260119/bj-cnv-notsubsampled-raw-hap0/WGS-Cell80_dots.tsv	95597
data_somatic/HG008/NIST/HG008-T_bulk/20240508p21/analysis/MGH-Bioskryb_resolveOME-analysis_20260119/bj-cnv-notsubsampled-raw-hap0/WGS-Cell82_CNV1.tsv	757
data_somatic/HG008/NIST/HG008-T_bulk/20240508p21/analysis/MGH-Bioskryb_resolveOME-analysis_20260119/bj-cnv-notsubsampled-raw-hap0/WGS-Cell82_CNV2.tsv	777
data_somatic/HG008/NIST/HG008-T_bulk/20240508p21/analysis/MGH-Bioskryb_resolveOME-analysis_20260119/bj-cnv-notsubsampled-raw-hap0/WGS-Cell82_dots.tsv	95830
data_somatic/HG008/NIST/HG008-T_bulk/20240508p21/analysis/MGH-Bioskryb_resolveOME-analysis_20260119/bj-cnv-notsubsampled-raw-hap0/WGS-Cell83_CNV1.tsv	829
data_somatic/HG008/NIST/HG008-T_bulk/20240508p21/analysis/MGH-Bioskryb_resolveOME-analysis_20260119/bj-cnv-notsubsampled-raw-hap0/WGS-Cell83_CNV2.tsv	849
data_somatic/HG008/NIST/HG008-T_bulk/20240508p21/analysis/MGH-Bioskryb_resolveOME-analysis_20260119/bj-cnv-notsubsampled-raw-hap0/WGS-Cell83_dots.tsv	95627
data_somatic/HG008/NIST/HG008-T_bulk/20240508p21/analysis/MGH-Bioskryb_resolveOME-analysis_20260119/bj-cnv-notsubsampled-raw-hap0/WGS-Cell84_CNV1.tsv	1140
data_somatic/HG008/NIST/HG008-T_bulk/20240508p21/analysis/MGH-Bioskryb_resolveOME-analysis_20260119/bj-cnv-notsubsampled-raw-hap0/WGS-Cell84_CNV2.tsv	1089
data_somatic/HG008/NIST/HG008-T_bulk/20240508p21/analysis/MGH-Bioskryb_resolveOME-analysis_20260119/bj-cnv-notsubsampled-raw-hap0/WGS-Cell84_dots.tsv	95889
data_somatic/HG008/NIST/HG008-T_bulk/20240508p21/analysis/MGH-Bioskryb_resolveOME-analysis_20260119/bj-cnv-notsubsampled-raw-hap0/WGS-Cell85_CNV1.tsv	819
data_somatic/HG008/NIST/HG008-T_bulk/20240508p21/analysis/MGH-Bioskryb_resolveOME-analysis_20260119/bj-cnv-notsubsampled-raw-hap0/WGS-Cell85_CNV2.tsv	840
data_somatic/HG008/NIST/HG008-T_bulk/20240508p21/analysis/MGH-Bioskryb_resolveOME-analysis_20260119/bj-cnv-notsubsampled-raw-hap0/WGS-Cell85_dots.tsv	95977
data_somatic/HG008/NIST/HG008-T_bulk/20240508p21/analysis/MGH-Bioskryb_resolveOME-analysis_20260119/bj-cnv-notsubsampled-raw-hap0/WGS-Cell86_CNV1.tsv	1195
data_somatic/HG008/NIST/HG008-T_bulk/20240508p21/analysis/MGH-Bioskryb_resolveOME-analysis_20260119/bj-cnv-notsubsampled-raw-hap0/WGS-Cell86_CNV2.tsv	1144
data_somatic/HG008/NIST/HG008-T_bulk/20240508p21/analysis/MGH-Bioskryb_resolveOME-analysis_20260119/bj-cnv-notsubsampled-raw-hap0/WGS-Cell86_dots.tsv	95604
data_somatic/HG008/NIST/HG008-T_bulk/20240508p21/analysis/MGH-Bioskryb_resolveOME-analysis_20260119/bj-cnv-notsubsampled-raw-hap0/WGS-Cell87_CNV1.tsv	922
data_somatic/HG008/NIST/HG008-T_bulk/20240508p21/analysis/MGH-Bioskryb_resolveOME-analysis_20260119/bj-cnv-notsubsampled-raw-hap0/WGS-Cell87_CNV2.tsv	904
data_somatic/HG008/NIST/HG008-T_bulk/20240508p21/analysis/MGH-Bioskryb_resolveOME-analysis_20260119/bj-cnv-notsubsampled-raw-hap0/WGS-Cell87_dots.tsv	96006
data_somatic/HG008/NIST/HG008-T_bulk/20240508p21/analysis/MGH-Bioskryb_resolveOME-analysis_20260119/bj-cnv-notsubsampled-raw-hap0/WGS-Cell88_CNV1.tsv	791
data_somatic/HG008/NIST/HG008-T_bulk/20240508p21/analysis/MGH-Bioskryb_resolveOME-analysis_20260119/bj-cnv-notsubsampled-raw-hap0/WGS-Cell88_CNV2.tsv	811
data_somatic/HG008/NIST/HG008-T_bulk/20240508p21/analysis/MGH-Bioskryb_resolveOME-analysis_20260119/bj-cnv-notsubsampled-raw-hap0/WGS-Cell88_dots.tsv	95611
data_somatic/HG008/NIST/HG008-T_bulk/20240508p21/analysis/MGH-Bioskryb_resolveOME-analysis_20260119/bj-cnv-notsubsampled-raw-hap0/WGS-Cell89_CNV1.tsv	899
data_somatic/HG008/NIST/HG008-T_bulk/20240508p21/analysis/MGH-Bioskryb_resolveOME-analysis_20260119/bj-cnv-notsubsampled-raw-hap0/WGS-Cell89_CNV2.tsv	919
data_somatic/HG008/NIST/HG008-T_bulk/20240508p21/analysis/MGH-Bioskryb_resolveOME-analysis_20260119/bj-cnv-notsubsampled-raw-hap0/WGS-Cell89_dots.tsv	95607
data_somatic/HG008/NIST/HG008-T_bulk/20240508p21/analysis/MGH-Bioskryb_resolveOME-analysis_20260119/bj-cnv-notsubsampled-raw-hap0/WGS-Cell90_CNV1.tsv	858
data_somatic/HG008/NIST/HG008-T_bulk/20240508p21/analysis/MGH-Bioskryb_resolveOME-analysis_20260119/bj-cnv-notsubsampled-raw-hap0/WGS-Cell90_CNV2.tsv	878
data_somatic/HG008/NIST/HG008-T_bulk/20240508p21/analysis/MGH-Bioskryb_resolveOME-analysis_20260119/bj-cnv-notsubsampled-raw-hap0/WGS-Cell90_dots.tsv	95629
data_somatic/HG008/NIST/HG008-T_bulk/20240508p21/analysis/MGH-Bioskryb_resolveOME-analysis_20260119/bj-cnv-notsubsampled-raw-hap0/WGS-Cell92_CNV1.tsv	958
data_somatic/HG008/NIST/HG008-T_bulk/20240508p21/analysis/MGH-Bioskryb_resolveOME-analysis_20260119/bj-cnv-notsubsampled-raw-hap0/WGS-Cell92_CNV2.tsv	980
data_somatic/HG008/NIST/HG008-T_bulk/20240508p21/analysis/MGH-Bioskryb_resolveOME-analysis_20260119/bj-cnv-notsubsampled-raw-hap0/WGS-Cell92_dots.tsv	95881
data_somatic/HG008/NIST/HG008-T_bulk/20240508p21/analysis/MGH-Bioskryb_resolveOME-analysis_20260119/bj-cnv-notsubsampled-raw-hap0/WGS-Cell93_CNV1.tsv	830
data_somatic/HG008/NIST/HG008-T_bulk/20240508p21/analysis/MGH-Bioskryb_resolveOME-analysis_20260119/bj-cnv-notsubsampled-raw-hap0/WGS-Cell93_CNV2.tsv	850
data_somatic/HG008/NIST/HG008-T_bulk/20240508p21/analysis/MGH-Bioskryb_resolveOME-analysis_20260119/bj-cnv-notsubsampled-raw-hap0/WGS-Cell93_dots.tsv	95600
data_somatic/HG008/NIST/HG008-T_bulk/20240508p21/analysis/MGH-Bioskryb_resolveOME-analysis_20260119/bj-cnv-notsubsampled-raw-hap0/WGS-Cell94_CNV1.tsv	967
data_somatic/HG008/NIST/HG008-T_bulk/20240508p21/analysis/MGH-Bioskryb_resolveOME-analysis_20260119/bj-cnv-notsubsampled-raw-hap0/WGS-Cell94_CNV2.tsv	991
data_somatic/HG008/NIST/HG008-T_bulk/20240508p21/analysis/MGH-Bioskryb_resolveOME-analysis_20260119/bj-cnv-notsubsampled-raw-hap0/WGS-Cell94_dots.tsv	95592
data_somatic/HG008/NIST/HG008-T_bulk/20240508p21/analysis/MGH-Bioskryb_resolveOME-analysis_20260119/bj-cnv-notsubsampled-raw-hap0/WGS-Cell95_CNV1.tsv	1109
data_somatic/HG008/NIST/HG008-T_bulk/20240508p21/analysis/MGH-Bioskryb_resolveOME-analysis_20260119/bj-cnv-notsubsampled-raw-hap0/WGS-Cell95_CNV2.tsv	1093
data_somatic/HG008/NIST/HG008-T_bulk/20240508p21/analysis/MGH-Bioskryb_resolveOME-analysis_20260119/bj-cnv-notsubsampled-raw-hap0/WGS-Cell95_dots.tsv	96041
data_somatic/HG008/NIST/HG008-T_bulk/20240508p21/analysis/MGH-Bioskryb_resolveOME-analysis_20260119/bj-cnv-notsubsampled-raw-hap0/WGS-Cell96_CNV1.tsv	1177
data_somatic/HG008/NIST/HG008-T_bulk/20240508p21/analysis/MGH-Bioskryb_resolveOME-analysis_20260119/bj-cnv-notsubsampled-raw-hap0/WGS-Cell96_CNV2.tsv	1050
data_somatic/HG008/NIST/HG008-T_bulk/20240508p21/analysis/MGH-Bioskryb_resolveOME-analysis_20260119/bj-cnv-notsubsampled-raw-hap0/WGS-Cell96_dots.tsv	95869
data_somatic/HG008/NIST/HG008-T_bulk/20240508p21/analysis/MGH-Bioskryb_resolveOME-analysis_20260119/bj-cnv-notsubsampled-raw-hap0/cnv_binsize_1000000_WGS-Cell10_CN.jpeg	181439
data_somatic/HG008/NIST/HG008-T_bulk/20240508p21/analysis/MGH-Bioskryb_resolveOME-analysis_20260119/bj-cnv-notsubsampled-raw-hap0/cnv_binsize_1000000_WGS-Cell11_CN.jpeg	151659
data_somatic/HG008/NIST/HG008-T_bulk/20240508p21/analysis/MGH-Bioskryb_resolveOME-analysis_20260119/bj-cnv-notsubsampled-raw-hap0/cnv_binsize_1000000_WGS-Cell12_CN.jpeg	185986
data_somatic/HG008/NIST/HG008-T_bulk/20240508p21/analysis/MGH-Bioskryb_resolveOME-analysis_20260119/bj-cnv-notsubsampled-raw-hap0/cnv_binsize_1000000_WGS-Cell13_CN.jpeg	136437
data_somatic/HG008/NIST/HG008-T_bulk/20240508p21/analysis/MGH-Bioskryb_resolveOME-analysis_20260119/bj-cnv-notsubsampled-raw-hap0/cnv_binsize_1000000_WGS-Cell14_CN.jpeg	133580
data_somatic/HG008/NIST/HG008-T_bulk/20240508p21/analysis/MGH-Bioskryb_resolveOME-analysis_20260119/bj-cnv-notsubsampled-raw-hap0/cnv_binsize_1000000_WGS-Cell15_CN.jpeg	175008
data_somatic/HG008/NIST/HG008-T_bulk/20240508p21/analysis/MGH-Bioskryb_resolveOME-analysis_20260119/bj-cnv-notsubsampled-raw-hap0/cnv_binsize_1000000_WGS-Cell16_CN.jpeg	102429
data_somatic/HG008/NIST/HG008-T_bulk/20240508p21/analysis/MGH-Bioskryb_resolveOME-analysis_20260119/bj-cnv-notsubsampled-raw-hap0/cnv_binsize_1000000_WGS-Cell18_CN.jpeg	183582
data_somatic/HG008/NIST/HG008-T_bulk/20240508p21/analysis/MGH-Bioskryb_resolveOME-analysis_20260119/bj-cnv-notsubsampled-raw-hap0/cnv_binsize_1000000_WGS-Cell19_CN.jpeg	188409
data_somatic/HG008/NIST/HG008-T_bulk/20240508p21/analysis/MGH-Bioskryb_resolveOME-analysis_20260119/bj-cnv-notsubsampled-raw-hap0/cnv_binsize_1000000_WGS-Cell20_CN.jpeg	191328
data_somatic/HG008/NIST/HG008-T_bulk/20240508p21/analysis/MGH-Bioskryb_resolveOME-analysis_20260119/bj-cnv-notsubsampled-raw-hap0/cnv_binsize_1000000_WGS-Cell21_CN.jpeg	133827
data_somatic/HG008/NIST/HG008-T_bulk/20240508p21/analysis/MGH-Bioskryb_resolveOME-analysis_20260119/bj-cnv-notsubsampled-raw-hap0/cnv_binsize_1000000_WGS-Cell23_CN.jpeg	186447
data_somatic/HG008/NIST/HG008-T_bulk/20240508p21/analysis/MGH-Bioskryb_resolveOME-analysis_20260119/bj-cnv-notsubsampled-raw-hap0/cnv_binsize_1000000_WGS-Cell27_CN.jpeg	135020
data_somatic/HG008/NIST/HG008-T_bulk/20240508p21/analysis/MGH-Bioskryb_resolveOME-analysis_20260119/bj-cnv-notsubsampled-raw-hap0/cnv_binsize_1000000_WGS-Cell28_CN.jpeg	135791
data_somatic/HG008/NIST/HG008-T_bulk/20240508p21/analysis/MGH-Bioskryb_resolveOME-analysis_20260119/bj-cnv-notsubsampled-raw-hap0/cnv_binsize_1000000_WGS-Cell29_CN.jpeg	150907
data_somatic/HG008/NIST/HG008-T_bulk/20240508p21/analysis/MGH-Bioskryb_resolveOME-analysis_20260119/bj-cnv-notsubsampled-raw-hap0/cnv_binsize_1000000_WGS-Cell30_CN.jpeg	196103
data_somatic/HG008/NIST/HG008-T_bulk/20240508p21/analysis/MGH-Bioskryb_resolveOME-analysis_20260119/bj-cnv-notsubsampled-raw-hap0/cnv_binsize_1000000_WGS-Cell35_CN.jpeg	177062
data_somatic/HG008/NIST/HG008-T_bulk/20240508p21/analysis/MGH-Bioskryb_resolveOME-analysis_20260119/bj-cnv-notsubsampled-raw-hap0/cnv_binsize_1000000_WGS-Cell36_CN.jpeg	190377
data_somatic/HG008/NIST/HG008-T_bulk/20240508p21/analysis/MGH-Bioskryb_resolveOME-analysis_20260119/bj-cnv-notsubsampled-raw-hap0/cnv_binsize_1000000_WGS-Cell37_CN.jpeg	190044
data_somatic/HG008/NIST/HG008-T_bulk/20240508p21/analysis/MGH-Bioskryb_resolveOME-analysis_20260119/bj-cnv-notsubsampled-raw-hap0/cnv_binsize_1000000_WGS-Cell38_CN.jpeg	135205
data_somatic/HG008/NIST/HG008-T_bulk/20240508p21/analysis/MGH-Bioskryb_resolveOME-analysis_20260119/bj-cnv-notsubsampled-raw-hap0/cnv_binsize_1000000_WGS-Cell40_CN.jpeg	150525
data_somatic/HG008/NIST/HG008-T_bulk/20240508p21/analysis/MGH-Bioskryb_resolveOME-analysis_20260119/bj-cnv-notsubsampled-raw-hap0/cnv_binsize_1000000_WGS-Cell41_CN.jpeg	193184
data_somatic/HG008/NIST/HG008-T_bulk/20240508p21/analysis/MGH-Bioskryb_resolveOME-analysis_20260119/bj-cnv-notsubsampled-raw-hap0/cnv_binsize_1000000_WGS-Cell44_CN.jpeg	156498
data_somatic/HG008/NIST/HG008-T_bulk/20240508p21/analysis/MGH-Bioskryb_resolveOME-analysis_20260119/bj-cnv-notsubsampled-raw-hap0/cnv_binsize_1000000_WGS-Cell45_CN.jpeg	192309
data_somatic/HG008/NIST/HG008-T_bulk/20240508p21/analysis/MGH-Bioskryb_resolveOME-analysis_20260119/bj-cnv-notsubsampled-raw-hap0/cnv_binsize_1000000_WGS-Cell46_CN.jpeg	199528
data_somatic/HG008/NIST/HG008-T_bulk/20240508p21/analysis/MGH-Bioskryb_resolveOME-analysis_20260119/bj-cnv-notsubsampled-raw-hap0/cnv_binsize_1000000_WGS-Cell47_CN.jpeg	195636
data_somatic/HG008/NIST/HG008-T_bulk/20240508p21/analysis/MGH-Bioskryb_resolveOME-analysis_20260119/bj-cnv-notsubsampled-raw-hap0/cnv_binsize_1000000_WGS-Cell48_CN.jpeg	195390
data_somatic/HG008/NIST/HG008-T_bulk/20240508p21/analysis/MGH-Bioskryb_resolveOME-analysis_20260119/bj-cnv-notsubsampled-raw-hap0/cnv_binsize_1000000_WGS-Cell49_CN.jpeg	155316
data_somatic/HG008/NIST/HG008-T_bulk/20240508p21/analysis/MGH-Bioskryb_resolveOME-analysis_20260119/bj-cnv-notsubsampled-raw-hap0/cnv_binsize_1000000_WGS-Cell51_CN.jpeg	185237
data_somatic/HG008/NIST/HG008-T_bulk/20240508p21/analysis/MGH-Bioskryb_resolveOME-analysis_20260119/bj-cnv-notsubsampled-raw-hap0/cnv_binsize_1000000_WGS-Cell52_CN.jpeg	149213
data_somatic/HG008/NIST/HG008-T_bulk/20240508p21/analysis/MGH-Bioskryb_resolveOME-analysis_20260119/bj-cnv-notsubsampled-raw-hap0/cnv_binsize_1000000_WGS-Cell56_CN.jpeg	133981
data_somatic/HG008/NIST/HG008-T_bulk/20240508p21/analysis/MGH-Bioskryb_resolveOME-analysis_20260119/bj-cnv-notsubsampled-raw-hap0/cnv_binsize_1000000_WGS-Cell57_CN.jpeg	186080
data_somatic/HG008/NIST/HG008-T_bulk/20240508p21/analysis/MGH-Bioskryb_resolveOME-analysis_20260119/bj-cnv-notsubsampled-raw-hap0/cnv_binsize_1000000_WGS-Cell58_CN.jpeg	191330
data_somatic/HG008/NIST/HG008-T_bulk/20240508p21/analysis/MGH-Bioskryb_resolveOME-analysis_20260119/bj-cnv-notsubsampled-raw-hap0/cnv_binsize_1000000_WGS-Cell63_CN.jpeg	138585
data_somatic/HG008/NIST/HG008-T_bulk/20240508p21/analysis/MGH-Bioskryb_resolveOME-analysis_20260119/bj-cnv-notsubsampled-raw-hap0/cnv_binsize_1000000_WGS-Cell64_CN.jpeg	194244
data_somatic/HG008/NIST/HG008-T_bulk/20240508p21/analysis/MGH-Bioskryb_resolveOME-analysis_20260119/bj-cnv-notsubsampled-raw-hap0/cnv_binsize_1000000_WGS-Cell65_CN.jpeg	182979
data_somatic/HG008/NIST/HG008-T_bulk/20240508p21/analysis/MGH-Bioskryb_resolveOME-analysis_20260119/bj-cnv-notsubsampled-raw-hap0/cnv_binsize_1000000_WGS-Cell66_CN.jpeg	179248
data_somatic/HG008/NIST/HG008-T_bulk/20240508p21/analysis/MGH-Bioskryb_resolveOME-analysis_20260119/bj-cnv-notsubsampled-raw-hap0/cnv_binsize_1000000_WGS-Cell68_CN.jpeg	137210
data_somatic/HG008/NIST/HG008-T_bulk/20240508p21/analysis/MGH-Bioskryb_resolveOME-analysis_20260119/bj-cnv-notsubsampled-raw-hap0/cnv_binsize_1000000_WGS-Cell69_CN.jpeg	135422
data_somatic/HG008/NIST/HG008-T_bulk/20240508p21/analysis/MGH-Bioskryb_resolveOME-analysis_20260119/bj-cnv-notsubsampled-raw-hap0/cnv_binsize_1000000_WGS-Cell70_CN.jpeg	186721
data_somatic/HG008/NIST/HG008-T_bulk/20240508p21/analysis/MGH-Bioskryb_resolveOME-analysis_20260119/bj-cnv-notsubsampled-raw-hap0/cnv_binsize_1000000_WGS-Cell71_CN.jpeg	197758
data_somatic/HG008/NIST/HG008-T_bulk/20240508p21/analysis/MGH-Bioskryb_resolveOME-analysis_20260119/bj-cnv-notsubsampled-raw-hap0/cnv_binsize_1000000_WGS-Cell73_CN.jpeg	153436
data_somatic/HG008/NIST/HG008-T_bulk/20240508p21/analysis/MGH-Bioskryb_resolveOME-analysis_20260119/bj-cnv-notsubsampled-raw-hap0/cnv_binsize_1000000_WGS-Cell74_CN.jpeg	133274
data_somatic/HG008/NIST/HG008-T_bulk/20240508p21/analysis/MGH-Bioskryb_resolveOME-analysis_20260119/bj-cnv-notsubsampled-raw-hap0/cnv_binsize_1000000_WGS-Cell76_CN.jpeg	190593
data_somatic/HG008/NIST/HG008-T_bulk/20240508p21/analysis/MGH-Bioskryb_resolveOME-analysis_20260119/bj-cnv-notsubsampled-raw-hap0/cnv_binsize_1000000_WGS-Cell80_CN.jpeg	140279
data_somatic/HG008/NIST/HG008-T_bulk/20240508p21/analysis/MGH-Bioskryb_resolveOME-analysis_20260119/bj-cnv-notsubsampled-raw-hap0/cnv_binsize_1000000_WGS-Cell82_CN.jpeg	181121
data_somatic/HG008/NIST/HG008-T_bulk/20240508p21/analysis/MGH-Bioskryb_resolveOME-analysis_20260119/bj-cnv-notsubsampled-raw-hap0/cnv_binsize_1000000_WGS-Cell83_CN.jpeg	135598
data_somatic/HG008/NIST/HG008-T_bulk/20240508p21/analysis/MGH-Bioskryb_resolveOME-analysis_20260119/bj-cnv-notsubsampled-raw-hap0/cnv_binsize_1000000_WGS-Cell84_CN.jpeg	182349
data_somatic/HG008/NIST/HG008-T_bulk/20240508p21/analysis/MGH-Bioskryb_resolveOME-analysis_20260119/bj-cnv-notsubsampled-raw-hap0/cnv_binsize_1000000_WGS-Cell85_CN.jpeg	191782
data_somatic/HG008/NIST/HG008-T_bulk/20240508p21/analysis/MGH-Bioskryb_resolveOME-analysis_20260119/bj-cnv-notsubsampled-raw-hap0/cnv_binsize_1000000_WGS-Cell86_CN.jpeg	145090
data_somatic/HG008/NIST/HG008-T_bulk/20240508p21/analysis/MGH-Bioskryb_resolveOME-analysis_20260119/bj-cnv-notsubsampled-raw-hap0/cnv_binsize_1000000_WGS-Cell87_CN.jpeg	194341
data_somatic/HG008/NIST/HG008-T_bulk/20240508p21/analysis/MGH-Bioskryb_resolveOME-analysis_20260119/bj-cnv-notsubsampled-raw-hap0/cnv_binsize_1000000_WGS-Cell88_CN.jpeg	135303
data_somatic/HG008/NIST/HG008-T_bulk/20240508p21/analysis/MGH-Bioskryb_resolveOME-analysis_20260119/bj-cnv-notsubsampled-raw-hap0/cnv_binsize_1000000_WGS-Cell89_CN.jpeg	138254
data_somatic/HG008/NIST/HG008-T_bulk/20240508p21/analysis/MGH-Bioskryb_resolveOME-analysis_20260119/bj-cnv-notsubsampled-raw-hap0/cnv_binsize_1000000_WGS-Cell90_CN.jpeg	134142
data_somatic/HG008/NIST/HG008-T_bulk/20240508p21/analysis/MGH-Bioskryb_resolveOME-analysis_20260119/bj-cnv-notsubsampled-raw-hap0/cnv_binsize_1000000_WGS-Cell92_CN.jpeg	183483
data_somatic/HG008/NIST/HG008-T_bulk/20240508p21/analysis/MGH-Bioskryb_resolveOME-analysis_20260119/bj-cnv-notsubsampled-raw-hap0/cnv_binsize_1000000_WGS-Cell93_CN.jpeg	134518
data_somatic/HG008/NIST/HG008-T_bulk/20240508p21/analysis/MGH-Bioskryb_resolveOME-analysis_20260119/bj-cnv-notsubsampled-raw-hap0/cnv_binsize_1000000_WGS-Cell94_CN.jpeg	133784
data_somatic/HG008/NIST/HG008-T_bulk/20240508p21/analysis/MGH-Bioskryb_resolveOME-analysis_20260119/bj-cnv-notsubsampled-raw-hap0/cnv_binsize_1000000_WGS-Cell95_CN.jpeg	194146
data_somatic/HG008/NIST/HG008-T_bulk/20240508p21/analysis/MGH-Bioskryb_resolveOME-analysis_20260119/bj-cnv-notsubsampled-raw-hap0/cnv_binsize_1000000_WGS-Cell96_CN.jpeg	177127
data_somatic/HG008/NIST/HG008-T_bulk/20240508p21/analysis/MGH-Bioskryb_resolveOME-analysis_20260119/bj-cnv-notsubsampled-raw-hap0/ginkgo_res.binsize_1000000.RDS	2930813
data_somatic/HG008/NIST/HG008-T_bulk/20240508p21/analysis/MGH-Bioskryb_resolveOME-analysis_20260119/bj-expression_1.8.7_2556_111940/multiqc_report_bj-expression_1.8.7_2556_111940.html	15209892
data_somatic/HG008/NIST/HG008-T_bulk/20240508p21/analysis/MGH-Bioskryb_resolveOME-analysis_20260119/bj-expression_1.8.7_2556_111940/secondary_analyses/quantification_htseq/df_gene_counts_starhtseq.tsv	48728105
data_somatic/HG008/NIST/HG008-T_bulk/20240508p21/analysis/MGH-Bioskryb_resolveOME-analysis_20260119/bj-expression_1.8.7_2556_111940/secondary_analyses/quantification_htseq/df_gene_types_detected_summary_starhtseq.tsv	151904
data_somatic/HG008/NIST/HG008-T_bulk/20240508p21/analysis/MGH-Bioskryb_resolveOME-analysis_20260119/bj-expression_1.8.7_2556_111940/secondary_analyses/quantification_htseq/df_mt_gene_counts_starhtseq.tsv	6438
data_somatic/HG008/NIST/HG008-T_bulk/20240508p21/analysis/MGH-Bioskryb_resolveOME-analysis_20260119/bj-expression_1.8.7_2556_111940/secondary_analyses/quantification_htseq/matrix_gene_counts_starhtseq.txt	9423506
data_somatic/HG008/NIST/HG008-T_bulk/20240508p21/analysis/MGH-Bioskryb_resolveOME-analysis_20260119/bj-expression_1.8.7_2556_111940/secondary_analyses/quantification_salmon/df_gene_counts_salmon.tsv	70550034
data_somatic/HG008/NIST/HG008-T_bulk/20240508p21/analysis/MGH-Bioskryb_resolveOME-analysis_20260119/bj-expression_1.8.7_2556_111940/secondary_analyses/quantification_salmon/df_gene_types_detected_summary_salmon.tsv	139435
data_somatic/HG008/NIST/HG008-T_bulk/20240508p21/analysis/MGH-Bioskryb_resolveOME-analysis_20260119/bj-expression_1.8.7_2556_111940/secondary_analyses/quantification_salmon/df_mt_gene_counts_salmon.tsv	7713
data_somatic/HG008/NIST/HG008-T_bulk/20240508p21/analysis/MGH-Bioskryb_resolveOME-analysis_20260119/bj-expression_1.8.7_2556_111940/secondary_analyses/quantification_salmon/df_transcript_counts_salmon.tsv	127801176
data_somatic/HG008/NIST/HG008-T_bulk/20240508p21/analysis/MGH-Bioskryb_resolveOME-analysis_20260119/bj-expression_1.8.7_2556_111940/secondary_analyses/quantification_salmon/df_transcript_types_detected_summary_salmon.tsv	288167
data_somatic/HG008/NIST/HG008-T_bulk/20240508p21/analysis/MGH-Bioskryb_resolveOME-analysis_20260119/bj-expression_1.8.7_2556_111940/secondary_analyses/quantification_salmon/matrix_gene_counts_salmon.tsv	9396355
data_somatic/HG008/NIST/HG008-T_bulk/20240508p21/analysis/MGH-Bioskryb_resolveOME-analysis_20260119/bj-expression_1.8.7_2556_111940/secondary_analyses/quantification_salmon/matrix_gene_length_tpm_salmon.tsv	17276402
data_somatic/HG008/NIST/HG008-T_bulk/20240508p21/analysis/MGH-Bioskryb_resolveOME-analysis_20260119/bj-expression_1.8.7_2556_111940/secondary_analyses/quantification_salmon/matrix_gene_tpm_salmon.tsv	17402719
data_somatic/HG008/NIST/HG008-T_bulk/20240508p21/analysis/MGH-Bioskryb_resolveOME-analysis_20260119/bj-expression_1.8.7_2556_111940/secondary_analyses/quantification_salmon/matrix_transcript_length_tpm_salmon.tsv	39970294
data_somatic/HG008/NIST/HG008-T_bulk/20240508p21/analysis/MGH-Bioskryb_resolveOME-analysis_20260119/bj-expression_1.8.7_2556_111940/secondary_analyses/quantification_salmon/matrix_transcript_raw_salmon.tsv	30437392
data_somatic/HG008/NIST/HG008-T_bulk/20240508p21/analysis/MGH-Bioskryb_resolveOME-analysis_20260119/bj-expression_1.8.7_2556_111940/secondary_analyses/quantification_salmon/matrix_transcript_tpm_salmon.tsv	40137973
data_somatic/HG008/NIST/HG008-T_bulk/20240508p21/analysis/MGH-Bioskryb_resolveOME-analysis_20260119/bj-expression_1.8.7_2556_111940/secondary_analyses/secondary_metrics/df_dynamicrange_expression.tsv	11144
data_somatic/HG008/NIST/HG008-T_bulk/20240508p21/analysis/MGH-Bioskryb_resolveOME-analysis_20260119/bj-expression_1.8.7_2556_111940/secondary_analyses/secondary_metrics/pipeline_metrics_summary_percents.csv	7634
data_somatic/HG008/NIST/HG008-T_bulk/20240508p21/analysis/MGH-Bioskryb_resolveOME-analysis_20260119/bj-expression_1.8.7_2556_111940/secondary_analyses/secondary_metrics/qualimap_stats_mqc.csv	12191
data_somatic/HG008/NIST/HG008-T_bulk/20240508p21/analysis/MGH-Bioskryb_resolveOME-analysis_20260119/bj-expression_1.8.7_2556_111940/tertiary_analyses/classification_cell_typing/df_cell_typing_scores_singler_hpca_gtex_tcga.tsv	202938
data_somatic/HG008/NIST/HG008-T_bulk/20240508p21/analysis/MGH-Bioskryb_resolveOME-analysis_20260119/bj-expression_1.8.7_2556_111940/tertiary_analyses/classification_cell_typing/df_cell_typing_summary_singler_hpca_gtex_tcga.tsv	5355
data_somatic/HG008/NIST/HG008-T_bulk/20240508p21/analysis/MGH-Bioskryb_resolveOME-analysis_20260119/parabricks_wgs_analyses/bj-somatic-minmeandepth4_aghq3-usable24_250528_002401/SEQUOIA/Sequoia_group_HG008_bino-10_rhosnp0.4_rhoindel0.4_mincov4_maxcov500_both_NR_filtered_all.txt	1797
data_somatic/HG008/NIST/HG008-T_bulk/20240508p21/analysis/MGH-Bioskryb_resolveOME-analysis_20260119/parabricks_wgs_analyses/bj-somatic-minmeandepth4_aghq3-usable24_250528_002401/SEQUOIA/Sequoia_group_HG008_bino-10_rhosnp0.4_rhoindel0.4_mincov4_maxcov500_both_NV_filtered_all.txt	1509
data_somatic/HG008/NIST/HG008-T_bulk/20240508p21/analysis/MGH-Bioskryb_resolveOME-analysis_20260119/parabricks_wgs_analyses/bj-somatic-minmeandepth4_aghq3-usable24_250528_002401/SEQUOIA/Sequoia_group_HG008_bino-10_rhosnp0.4_rhoindel0.4_mincov4_maxcov500_both_assigned_to_branches.txt	732
data_somatic/HG008/NIST/HG008-T_bulk/20240508p21/analysis/MGH-Bioskryb_resolveOME-analysis_20260119/parabricks_wgs_analyses/bj-somatic-minmeandepth4_aghq3-usable24_250528_002401/SEQUOIA/Sequoia_group_HG008_bino-10_rhosnp0.4_rhoindel0.4_mincov4_maxcov500_both_assigned_to_tree.Rdata	8033
data_somatic/HG008/NIST/HG008-T_bulk/20240508p21/analysis/MGH-Bioskryb_resolveOME-analysis_20260119/parabricks_wgs_analyses/bj-somatic-minmeandepth4_aghq3-usable24_250528_002401/SEQUOIA/Sequoia_group_HG008_bino-10_rhosnp0.4_rhoindel0.4_mincov4_maxcov500_both_filtering_all.txt	55112
data_somatic/HG008/NIST/HG008-T_bulk/20240508p21/analysis/MGH-Bioskryb_resolveOME-analysis_20260119/parabricks_wgs_analyses/bj-somatic-minmeandepth4_aghq3-usable24_250528_002401/SEQUOIA/Sequoia_group_HG008_bino-10_rhosnp0.4_rhoindel0.4_mincov4_maxcov500_both_for_MPBoot.fa	599
data_somatic/HG008/NIST/HG008-T_bulk/20240508p21/analysis/MGH-Bioskryb_resolveOME-analysis_20260119/parabricks_wgs_analyses/bj-somatic-minmeandepth4_aghq3-usable24_250528_002401/SEQUOIA/Sequoia_group_HG008_bino-10_rhosnp0.4_rhoindel0.4_mincov4_maxcov500_both_for_MPBoot.fa.contree	332
data_somatic/HG008/NIST/HG008-T_bulk/20240508p21/analysis/MGH-Bioskryb_resolveOME-analysis_20260119/parabricks_wgs_analyses/bj-somatic-minmeandepth4_aghq3-usable24_250528_002401/SEQUOIA/Sequoia_group_HG008_bino-10_rhosnp0.4_rhoindel0.4_mincov4_maxcov500_both_for_MPBoot.fa.mpboot	5489
data_somatic/HG008/NIST/HG008-T_bulk/20240508p21/analysis/MGH-Bioskryb_resolveOME-analysis_20260119/parabricks_wgs_analyses/bj-somatic-minmeandepth4_aghq3-usable24_250528_002401/SEQUOIA/Sequoia_group_HG008_bino-10_rhosnp0.4_rhoindel0.4_mincov4_maxcov500_both_for_MPBoot.fa.parstree	321
data_somatic/HG008/NIST/HG008-T_bulk/20240508p21/analysis/MGH-Bioskryb_resolveOME-analysis_20260119/parabricks_wgs_analyses/bj-somatic-minmeandepth4_aghq3-usable24_250528_002401/SEQUOIA/Sequoia_group_HG008_bino-10_rhosnp0.4_rhoindel0.4_mincov4_maxcov500_both_for_MPBoot.fa.splits.nex	3931
data_somatic/HG008/NIST/HG008-T_bulk/20240508p21/analysis/MGH-Bioskryb_resolveOME-analysis_20260119/parabricks_wgs_analyses/bj-somatic-minmeandepth4_aghq3-usable24_250528_002401/SEQUOIA/Sequoia_group_HG008_bino-10_rhosnp0.4_rhoindel0.4_mincov4_maxcov500_both_for_MPBoot.fa.treefile	329
data_somatic/HG008/NIST/HG008-T_bulk/20240508p21/analysis/MGH-Bioskryb_resolveOME-analysis_20260119/parabricks_wgs_analyses/bj-somatic-minmeandepth4_aghq3-usable24_250528_002401/SEQUOIA/Sequoia_group_HG008_bino-10_rhosnp0.4_rhoindel0.4_mincov4_maxcov500_both_tree_with_branch_length.tree	321
data_somatic/HG008/NIST/HG008-T_bulk/20240508p21/analysis/MGH-Bioskryb_resolveOME-analysis_20260119/parabricks_wgs_analyses/bj-somatic-minmeandepth4_aghq3-usable24_250528_002401/SEQUOIA/Sequoia_group_HG008_bino-10_rhosnp0.4_rhoindel0.4_mincov4_maxcov500_indel_tree_with_branch_length.pdf	4792
data_somatic/HG008/NIST/HG008-T_bulk/20240508p21/analysis/MGH-Bioskryb_resolveOME-analysis_20260119/parabricks_wgs_analyses/bj-somatic-minmeandepth4_aghq3-usable24_250528_002401/SEQUOIA/Sequoia_group_HG008_bino-10_rhosnp0.4_rhoindel0.4_mincov4_maxcov500_indel_tree_with_branch_length.tree	321
data_somatic/HG008/NIST/HG008-T_bulk/20240508p21/analysis/MGH-Bioskryb_resolveOME-analysis_20260119/parabricks_wgs_analyses/bj-somatic-minmeandepth4_aghq3-usable24_250528_002401/SEQUOIA/Sequoia_group_HG008_bino-10_rhosnp0.4_rhoindel0.4_mincov4_maxcov500_snv_tree_with_branch_length.pdf	4800
data_somatic/HG008/NIST/HG008-T_bulk/20240508p21/analysis/MGH-Bioskryb_resolveOME-analysis_20260119/parabricks_wgs_analyses/bj-somatic-minmeandepth4_aghq3-usable24_250528_002401/SEQUOIA/Sequoia_group_HG008_bino-10_rhosnp0.4_rhoindel0.4_mincov4_maxcov500_snv_tree_with_branch_length.tree	321
data_somatic/HG008/NIST/HG008-T_bulk/20240508p21/analysis/MGH-Bioskryb_resolveOME-analysis_20260119/parabricks_wgs_analyses/bj-somatic-minmeandepth4_aghq3-usable24_250528_002401/SEQUOIA/df_filtered_placed_variants_HG008.tsv	334
data_somatic/HG008/NIST/HG008-T_bulk/20240508p21/analysis/MGH-Bioskryb_resolveOME-analysis_20260119/parabricks_wgs_analyses/bj-somatic-minmeandepth4_aghq3-usable24_250528_002401/SUBSET_VCF_VARIANTS/WGS-Cell11_somatic_filtered_variants.vcf.gz	17932
data_somatic/HG008/NIST/HG008-T_bulk/20240508p21/analysis/MGH-Bioskryb_resolveOME-analysis_20260119/parabricks_wgs_analyses/bj-somatic-minmeandepth4_aghq3-usable24_250528_002401/SUBSET_VCF_VARIANTS/WGS-Cell11_somatic_filtered_variants.vcf.gz.tbi	72
data_somatic/HG008/NIST/HG008-T_bulk/20240508p21/analysis/MGH-Bioskryb_resolveOME-analysis_20260119/parabricks_wgs_analyses/bj-somatic-minmeandepth4_aghq3-usable24_250528_002401/SUBSET_VCF_VARIANTS/WGS-Cell13_somatic_filtered_variants.vcf.gz	18039
data_somatic/HG008/NIST/HG008-T_bulk/20240508p21/analysis/MGH-Bioskryb_resolveOME-analysis_20260119/parabricks_wgs_analyses/bj-somatic-minmeandepth4_aghq3-usable24_250528_002401/SUBSET_VCF_VARIANTS/WGS-Cell13_somatic_filtered_variants.vcf.gz.tbi	192
data_somatic/HG008/NIST/HG008-T_bulk/20240508p21/analysis/MGH-Bioskryb_resolveOME-analysis_20260119/parabricks_wgs_analyses/bj-somatic-minmeandepth4_aghq3-usable24_250528_002401/SUBSET_VCF_VARIANTS/WGS-Cell14_somatic_filtered_variants.vcf.gz	17933
data_somatic/HG008/NIST/HG008-T_bulk/20240508p21/analysis/MGH-Bioskryb_resolveOME-analysis_20260119/parabricks_wgs_analyses/bj-somatic-minmeandepth4_aghq3-usable24_250528_002401/SUBSET_VCF_VARIANTS/WGS-Cell14_somatic_filtered_variants.vcf.gz.tbi	72
data_somatic/HG008/NIST/HG008-T_bulk/20240508p21/analysis/MGH-Bioskryb_resolveOME-analysis_20260119/parabricks_wgs_analyses/bj-somatic-minmeandepth4_aghq3-usable24_250528_002401/SUBSET_VCF_VARIANTS/WGS-Cell21_somatic_filtered_variants.vcf.gz	17933
data_somatic/HG008/NIST/HG008-T_bulk/20240508p21/analysis/MGH-Bioskryb_resolveOME-analysis_20260119/parabricks_wgs_analyses/bj-somatic-minmeandepth4_aghq3-usable24_250528_002401/SUBSET_VCF_VARIANTS/WGS-Cell21_somatic_filtered_variants.vcf.gz.tbi	72
data_somatic/HG008/NIST/HG008-T_bulk/20240508p21/analysis/MGH-Bioskryb_resolveOME-analysis_20260119/parabricks_wgs_analyses/bj-somatic-minmeandepth4_aghq3-usable24_250528_002401/SUBSET_VCF_VARIANTS/WGS-Cell27_somatic_filtered_variants.vcf.gz	18038
data_somatic/HG008/NIST/HG008-T_bulk/20240508p21/analysis/MGH-Bioskryb_resolveOME-analysis_20260119/parabricks_wgs_analyses/bj-somatic-minmeandepth4_aghq3-usable24_250528_002401/SUBSET_VCF_VARIANTS/WGS-Cell27_somatic_filtered_variants.vcf.gz.tbi	168
data_somatic/HG008/NIST/HG008-T_bulk/20240508p21/analysis/MGH-Bioskryb_resolveOME-analysis_20260119/parabricks_wgs_analyses/bj-somatic-minmeandepth4_aghq3-usable24_250528_002401/SUBSET_VCF_VARIANTS/WGS-Cell28_somatic_filtered_variants.vcf.gz	18038
data_somatic/HG008/NIST/HG008-T_bulk/20240508p21/analysis/MGH-Bioskryb_resolveOME-analysis_20260119/parabricks_wgs_analyses/bj-somatic-minmeandepth4_aghq3-usable24_250528_002401/SUBSET_VCF_VARIANTS/WGS-Cell28_somatic_filtered_variants.vcf.gz.tbi	228
data_somatic/HG008/NIST/HG008-T_bulk/20240508p21/analysis/MGH-Bioskryb_resolveOME-analysis_20260119/parabricks_wgs_analyses/bj-somatic-minmeandepth4_aghq3-usable24_250528_002401/SUBSET_VCF_VARIANTS/WGS-Cell29_somatic_filtered_variants.vcf.gz	18151
data_somatic/HG008/NIST/HG008-T_bulk/20240508p21/analysis/MGH-Bioskryb_resolveOME-analysis_20260119/parabricks_wgs_analyses/bj-somatic-minmeandepth4_aghq3-usable24_250528_002401/SUBSET_VCF_VARIANTS/WGS-Cell29_somatic_filtered_variants.vcf.gz.tbi	298
data_somatic/HG008/NIST/HG008-T_bulk/20240508p21/analysis/MGH-Bioskryb_resolveOME-analysis_20260119/parabricks_wgs_analyses/bj-somatic-minmeandepth4_aghq3-usable24_250528_002401/SUBSET_VCF_VARIANTS/WGS-Cell38_somatic_filtered_variants.vcf.gz	18070
data_somatic/HG008/NIST/HG008-T_bulk/20240508p21/analysis/MGH-Bioskryb_resolveOME-analysis_20260119/parabricks_wgs_analyses/bj-somatic-minmeandepth4_aghq3-usable24_250528_002401/SUBSET_VCF_VARIANTS/WGS-Cell38_somatic_filtered_variants.vcf.gz.tbi	202
data_somatic/HG008/NIST/HG008-T_bulk/20240508p21/analysis/MGH-Bioskryb_resolveOME-analysis_20260119/parabricks_wgs_analyses/bj-somatic-minmeandepth4_aghq3-usable24_250528_002401/SUBSET_VCF_VARIANTS/WGS-Cell40_somatic_filtered_variants.vcf.gz	18067
data_somatic/HG008/NIST/HG008-T_bulk/20240508p21/analysis/MGH-Bioskryb_resolveOME-analysis_20260119/parabricks_wgs_analyses/bj-somatic-minmeandepth4_aghq3-usable24_250528_002401/SUBSET_VCF_VARIANTS/WGS-Cell40_somatic_filtered_variants.vcf.gz.tbi	135
data_somatic/HG008/NIST/HG008-T_bulk/20240508p21/analysis/MGH-Bioskryb_resolveOME-analysis_20260119/parabricks_wgs_analyses/bj-somatic-minmeandepth4_aghq3-usable24_250528_002401/SUBSET_VCF_VARIANTS/WGS-Cell44_somatic_filtered_variants.vcf.gz	17933
data_somatic/HG008/NIST/HG008-T_bulk/20240508p21/analysis/MGH-Bioskryb_resolveOME-analysis_20260119/parabricks_wgs_analyses/bj-somatic-minmeandepth4_aghq3-usable24_250528_002401/SUBSET_VCF_VARIANTS/WGS-Cell44_somatic_filtered_variants.vcf.gz.tbi	72
data_somatic/HG008/NIST/HG008-T_bulk/20240508p21/analysis/MGH-Bioskryb_resolveOME-analysis_20260119/parabricks_wgs_analyses/bj-somatic-minmeandepth4_aghq3-usable24_250528_002401/SUBSET_VCF_VARIANTS/WGS-Cell49_somatic_filtered_variants.vcf.gz	18170
data_somatic/HG008/NIST/HG008-T_bulk/20240508p21/analysis/MGH-Bioskryb_resolveOME-analysis_20260119/parabricks_wgs_analyses/bj-somatic-minmeandepth4_aghq3-usable24_250528_002401/SUBSET_VCF_VARIANTS/WGS-Cell49_somatic_filtered_variants.vcf.gz.tbi	299
data_somatic/HG008/NIST/HG008-T_bulk/20240508p21/analysis/MGH-Bioskryb_resolveOME-analysis_20260119/parabricks_wgs_analyses/bj-somatic-minmeandepth4_aghq3-usable24_250528_002401/SUBSET_VCF_VARIANTS/WGS-Cell56_somatic_filtered_variants.vcf.gz	17933
data_somatic/HG008/NIST/HG008-T_bulk/20240508p21/analysis/MGH-Bioskryb_resolveOME-analysis_20260119/parabricks_wgs_analyses/bj-somatic-minmeandepth4_aghq3-usable24_250528_002401/SUBSET_VCF_VARIANTS/WGS-Cell56_somatic_filtered_variants.vcf.gz.tbi	72
data_somatic/HG008/NIST/HG008-T_bulk/20240508p21/analysis/MGH-Bioskryb_resolveOME-analysis_20260119/parabricks_wgs_analyses/bj-somatic-minmeandepth4_aghq3-usable24_250528_002401/SUBSET_VCF_VARIANTS/WGS-Cell63_somatic_filtered_variants.vcf.gz	18038
data_somatic/HG008/NIST/HG008-T_bulk/20240508p21/analysis/MGH-Bioskryb_resolveOME-analysis_20260119/parabricks_wgs_analyses/bj-somatic-minmeandepth4_aghq3-usable24_250528_002401/SUBSET_VCF_VARIANTS/WGS-Cell63_somatic_filtered_variants.vcf.gz.tbi	292
data_somatic/HG008/NIST/HG008-T_bulk/20240508p21/analysis/MGH-Bioskryb_resolveOME-analysis_20260119/parabricks_wgs_analyses/bj-somatic-minmeandepth4_aghq3-usable24_250528_002401/SUBSET_VCF_VARIANTS/WGS-Cell68_somatic_filtered_variants.vcf.gz	17932
data_somatic/HG008/NIST/HG008-T_bulk/20240508p21/analysis/MGH-Bioskryb_resolveOME-analysis_20260119/parabricks_wgs_analyses/bj-somatic-minmeandepth4_aghq3-usable24_250528_002401/SUBSET_VCF_VARIANTS/WGS-Cell68_somatic_filtered_variants.vcf.gz.tbi	72
data_somatic/HG008/NIST/HG008-T_bulk/20240508p21/analysis/MGH-Bioskryb_resolveOME-analysis_20260119/parabricks_wgs_analyses/bj-somatic-minmeandepth4_aghq3-usable24_250528_002401/SUBSET_VCF_VARIANTS/WGS-Cell69_somatic_filtered_variants.vcf.gz	18039
data_somatic/HG008/NIST/HG008-T_bulk/20240508p21/analysis/MGH-Bioskryb_resolveOME-analysis_20260119/parabricks_wgs_analyses/bj-somatic-minmeandepth4_aghq3-usable24_250528_002401/SUBSET_VCF_VARIANTS/WGS-Cell69_somatic_filtered_variants.vcf.gz.tbi	176
data_somatic/HG008/NIST/HG008-T_bulk/20240508p21/analysis/MGH-Bioskryb_resolveOME-analysis_20260119/parabricks_wgs_analyses/bj-somatic-minmeandepth4_aghq3-usable24_250528_002401/SUBSET_VCF_VARIANTS/WGS-Cell74_somatic_filtered_variants.vcf.gz	18036
data_somatic/HG008/NIST/HG008-T_bulk/20240508p21/analysis/MGH-Bioskryb_resolveOME-analysis_20260119/parabricks_wgs_analyses/bj-somatic-minmeandepth4_aghq3-usable24_250528_002401/SUBSET_VCF_VARIANTS/WGS-Cell74_somatic_filtered_variants.vcf.gz.tbi	217
data_somatic/HG008/NIST/HG008-T_bulk/20240508p21/analysis/MGH-Bioskryb_resolveOME-analysis_20260119/parabricks_wgs_analyses/bj-somatic-minmeandepth4_aghq3-usable24_250528_002401/SUBSET_VCF_VARIANTS/WGS-Cell80_somatic_filtered_variants.vcf.gz	17934
data_somatic/HG008/NIST/HG008-T_bulk/20240508p21/analysis/MGH-Bioskryb_resolveOME-analysis_20260119/parabricks_wgs_analyses/bj-somatic-minmeandepth4_aghq3-usable24_250528_002401/SUBSET_VCF_VARIANTS/WGS-Cell80_somatic_filtered_variants.vcf.gz.tbi	72
data_somatic/HG008/NIST/HG008-T_bulk/20240508p21/analysis/MGH-Bioskryb_resolveOME-analysis_20260119/parabricks_wgs_analyses/bj-somatic-minmeandepth4_aghq3-usable24_250528_002401/SUBSET_VCF_VARIANTS/WGS-Cell83_somatic_filtered_variants.vcf.gz	17933
data_somatic/HG008/NIST/HG008-T_bulk/20240508p21/analysis/MGH-Bioskryb_resolveOME-analysis_20260119/parabricks_wgs_analyses/bj-somatic-minmeandepth4_aghq3-usable24_250528_002401/SUBSET_VCF_VARIANTS/WGS-Cell83_somatic_filtered_variants.vcf.gz.tbi	72
data_somatic/HG008/NIST/HG008-T_bulk/20240508p21/analysis/MGH-Bioskryb_resolveOME-analysis_20260119/parabricks_wgs_analyses/bj-somatic-minmeandepth4_aghq3-usable24_250528_002401/SUBSET_VCF_VARIANTS/WGS-Cell86_somatic_filtered_variants.vcf.gz	18182
data_somatic/HG008/NIST/HG008-T_bulk/20240508p21/analysis/MGH-Bioskryb_resolveOME-analysis_20260119/parabricks_wgs_analyses/bj-somatic-minmeandepth4_aghq3-usable24_250528_002401/SUBSET_VCF_VARIANTS/WGS-Cell86_somatic_filtered_variants.vcf.gz.tbi	298
data_somatic/HG008/NIST/HG008-T_bulk/20240508p21/analysis/MGH-Bioskryb_resolveOME-analysis_20260119/parabricks_wgs_analyses/bj-somatic-minmeandepth4_aghq3-usable24_250528_002401/SUBSET_VCF_VARIANTS/WGS-Cell88_somatic_filtered_variants.vcf.gz	18038
data_somatic/HG008/NIST/HG008-T_bulk/20240508p21/analysis/MGH-Bioskryb_resolveOME-analysis_20260119/parabricks_wgs_analyses/bj-somatic-minmeandepth4_aghq3-usable24_250528_002401/SUBSET_VCF_VARIANTS/WGS-Cell88_somatic_filtered_variants.vcf.gz.tbi	117
data_somatic/HG008/NIST/HG008-T_bulk/20240508p21/analysis/MGH-Bioskryb_resolveOME-analysis_20260119/parabricks_wgs_analyses/bj-somatic-minmeandepth4_aghq3-usable24_250528_002401/SUBSET_VCF_VARIANTS/WGS-Cell89_somatic_filtered_variants.vcf.gz	17933
data_somatic/HG008/NIST/HG008-T_bulk/20240508p21/analysis/MGH-Bioskryb_resolveOME-analysis_20260119/parabricks_wgs_analyses/bj-somatic-minmeandepth4_aghq3-usable24_250528_002401/SUBSET_VCF_VARIANTS/WGS-Cell89_somatic_filtered_variants.vcf.gz.tbi	72
data_somatic/HG008/NIST/HG008-T_bulk/20240508p21/analysis/MGH-Bioskryb_resolveOME-analysis_20260119/parabricks_wgs_analyses/bj-somatic-minmeandepth4_aghq3-usable24_250528_002401/SUBSET_VCF_VARIANTS/WGS-Cell90_somatic_filtered_variants.vcf.gz	17933
data_somatic/HG008/NIST/HG008-T_bulk/20240508p21/analysis/MGH-Bioskryb_resolveOME-analysis_20260119/parabricks_wgs_analyses/bj-somatic-minmeandepth4_aghq3-usable24_250528_002401/SUBSET_VCF_VARIANTS/WGS-Cell90_somatic_filtered_variants.vcf.gz.tbi	72
data_somatic/HG008/NIST/HG008-T_bulk/20240508p21/analysis/MGH-Bioskryb_resolveOME-analysis_20260119/parabricks_wgs_analyses/bj-somatic-minmeandepth4_aghq3-usable24_250528_002401/SUBSET_VCF_VARIANTS/WGS-Cell93_somatic_filtered_variants.vcf.gz	17933
data_somatic/HG008/NIST/HG008-T_bulk/20240508p21/analysis/MGH-Bioskryb_resolveOME-analysis_20260119/parabricks_wgs_analyses/bj-somatic-minmeandepth4_aghq3-usable24_250528_002401/SUBSET_VCF_VARIANTS/WGS-Cell93_somatic_filtered_variants.vcf.gz.tbi	72
data_somatic/HG008/NIST/HG008-T_bulk/20240508p21/analysis/MGH-Bioskryb_resolveOME-analysis_20260119/parabricks_wgs_analyses/bj-somatic-minmeandepth4_aghq3-usable24_250528_002401/SUBSET_VCF_VARIANTS/WGS-Cell94_somatic_filtered_variants.vcf.gz	18150
data_somatic/HG008/NIST/HG008-T_bulk/20240508p21/analysis/MGH-Bioskryb_resolveOME-analysis_20260119/parabricks_wgs_analyses/bj-somatic-minmeandepth4_aghq3-usable24_250528_002401/SUBSET_VCF_VARIANTS/WGS-Cell94_somatic_filtered_variants.vcf.gz.tbi	277
data_somatic/HG008/NIST/HG008-T_bulk/20240508p21/analysis/MGH-Bioskryb_resolveOME-analysis_20260119/parabricks_wgs_analyses/vcf/WGS-Cell10_deepvariant.vcf.gz	7664203
data_somatic/HG008/NIST/HG008-T_bulk/20240508p21/analysis/MGH-Bioskryb_resolveOME-analysis_20260119/parabricks_wgs_analyses/vcf/WGS-Cell10_deepvariant.vcf.gz.tbi	923102
data_somatic/HG008/NIST/HG008-T_bulk/20240508p21/analysis/MGH-Bioskryb_resolveOME-analysis_20260119/parabricks_wgs_analyses/vcf/WGS-Cell11_deepvariant.vcf.gz	4837187
data_somatic/HG008/NIST/HG008-T_bulk/20240508p21/analysis/MGH-Bioskryb_resolveOME-analysis_20260119/parabricks_wgs_analyses/vcf/WGS-Cell11_deepvariant.vcf.gz.tbi	990859
data_somatic/HG008/NIST/HG008-T_bulk/20240508p21/analysis/MGH-Bioskryb_resolveOME-analysis_20260119/parabricks_wgs_analyses/vcf/WGS-Cell12_deepvariant.vcf.gz	2535118
data_somatic/HG008/NIST/HG008-T_bulk/20240508p21/analysis/MGH-Bioskryb_resolveOME-analysis_20260119/parabricks_wgs_analyses/vcf/WGS-Cell12_deepvariant.vcf.gz.tbi	524218
data_somatic/HG008/NIST/HG008-T_bulk/20240508p21/analysis/MGH-Bioskryb_resolveOME-analysis_20260119/parabricks_wgs_analyses/vcf/WGS-Cell13_deepvariant.vcf.gz	8456175
data_somatic/HG008/NIST/HG008-T_bulk/20240508p21/analysis/MGH-Bioskryb_resolveOME-analysis_20260119/parabricks_wgs_analyses/vcf/WGS-Cell13_deepvariant.vcf.gz.tbi	1188157
data_somatic/HG008/NIST/HG008-T_bulk/20240508p21/analysis/MGH-Bioskryb_resolveOME-analysis_20260119/parabricks_wgs_analyses/vcf/WGS-Cell14_deepvariant.vcf.gz	5844294
data_somatic/HG008/NIST/HG008-T_bulk/20240508p21/analysis/MGH-Bioskryb_resolveOME-analysis_20260119/parabricks_wgs_analyses/vcf/WGS-Cell14_deepvariant.vcf.gz.tbi	1071994
data_somatic/HG008/NIST/HG008-T_bulk/20240508p21/analysis/MGH-Bioskryb_resolveOME-analysis_20260119/parabricks_wgs_analyses/vcf/WGS-Cell15_deepvariant.vcf.gz	3077795
data_somatic/HG008/NIST/HG008-T_bulk/20240508p21/analysis/MGH-Bioskryb_resolveOME-analysis_20260119/parabricks_wgs_analyses/vcf/WGS-Cell15_deepvariant.vcf.gz.tbi	666221
data_somatic/HG008/NIST/HG008-T_bulk/20240508p21/analysis/MGH-Bioskryb_resolveOME-analysis_20260119/parabricks_wgs_analyses/vcf/WGS-Cell18_deepvariant.vcf.gz	5946155
data_somatic/HG008/NIST/HG008-T_bulk/20240508p21/analysis/MGH-Bioskryb_resolveOME-analysis_20260119/parabricks_wgs_analyses/vcf/WGS-Cell18_deepvariant.vcf.gz.tbi	795320
data_somatic/HG008/NIST/HG008-T_bulk/20240508p21/analysis/MGH-Bioskryb_resolveOME-analysis_20260119/parabricks_wgs_analyses/vcf/WGS-Cell19_deepvariant.vcf.gz	7232321
data_somatic/HG008/NIST/HG008-T_bulk/20240508p21/analysis/MGH-Bioskryb_resolveOME-analysis_20260119/parabricks_wgs_analyses/vcf/WGS-Cell19_deepvariant.vcf.gz.tbi	791744
data_somatic/HG008/NIST/HG008-T_bulk/20240508p21/analysis/MGH-Bioskryb_resolveOME-analysis_20260119/parabricks_wgs_analyses/vcf/WGS-Cell20_deepvariant.vcf.gz	6565660
data_somatic/HG008/NIST/HG008-T_bulk/20240508p21/analysis/MGH-Bioskryb_resolveOME-analysis_20260119/parabricks_wgs_analyses/vcf/WGS-Cell20_deepvariant.vcf.gz.tbi	801097
data_somatic/HG008/NIST/HG008-T_bulk/20240508p21/analysis/MGH-Bioskryb_resolveOME-analysis_20260119/parabricks_wgs_analyses/vcf/WGS-Cell21_deepvariant.vcf.gz	8448786
data_somatic/HG008/NIST/HG008-T_bulk/20240508p21/analysis/MGH-Bioskryb_resolveOME-analysis_20260119/parabricks_wgs_analyses/vcf/WGS-Cell21_deepvariant.vcf.gz.tbi	1196328
data_somatic/HG008/NIST/HG008-T_bulk/20240508p21/analysis/MGH-Bioskryb_resolveOME-analysis_20260119/parabricks_wgs_analyses/vcf/WGS-Cell23_deepvariant.vcf.gz	6677580
data_somatic/HG008/NIST/HG008-T_bulk/20240508p21/analysis/MGH-Bioskryb_resolveOME-analysis_20260119/parabricks_wgs_analyses/vcf/WGS-Cell23_deepvariant.vcf.gz.tbi	901694
data_somatic/HG008/NIST/HG008-T_bulk/20240508p21/analysis/MGH-Bioskryb_resolveOME-analysis_20260119/parabricks_wgs_analyses/vcf/WGS-Cell27_deepvariant.vcf.gz	10949749
data_somatic/HG008/NIST/HG008-T_bulk/20240508p21/analysis/MGH-Bioskryb_resolveOME-analysis_20260119/parabricks_wgs_analyses/vcf/WGS-Cell27_deepvariant.vcf.gz.tbi	1278830
data_somatic/HG008/NIST/HG008-T_bulk/20240508p21/analysis/MGH-Bioskryb_resolveOME-analysis_20260119/parabricks_wgs_analyses/vcf/WGS-Cell28_deepvariant.vcf.gz	5507464
data_somatic/HG008/NIST/HG008-T_bulk/20240508p21/analysis/MGH-Bioskryb_resolveOME-analysis_20260119/parabricks_wgs_analyses/vcf/WGS-Cell28_deepvariant.vcf.gz.tbi	1035945
data_somatic/HG008/NIST/HG008-T_bulk/20240508p21/analysis/MGH-Bioskryb_resolveOME-analysis_20260119/parabricks_wgs_analyses/vcf/WGS-Cell29_deepvariant.vcf.gz	3345330
data_somatic/HG008/NIST/HG008-T_bulk/20240508p21/analysis/MGH-Bioskryb_resolveOME-analysis_20260119/parabricks_wgs_analyses/vcf/WGS-Cell29_deepvariant.vcf.gz.tbi	830152
data_somatic/HG008/NIST/HG008-T_bulk/20240508p21/analysis/MGH-Bioskryb_resolveOME-analysis_20260119/parabricks_wgs_analyses/vcf/WGS-Cell30_deepvariant.vcf.gz	7966757
data_somatic/HG008/NIST/HG008-T_bulk/20240508p21/analysis/MGH-Bioskryb_resolveOME-analysis_20260119/parabricks_wgs_analyses/vcf/WGS-Cell30_deepvariant.vcf.gz.tbi	805201
data_somatic/HG008/NIST/HG008-T_bulk/20240508p21/analysis/MGH-Bioskryb_resolveOME-analysis_20260119/parabricks_wgs_analyses/vcf/WGS-Cell35_deepvariant.vcf.gz	2827454
data_somatic/HG008/NIST/HG008-T_bulk/20240508p21/analysis/MGH-Bioskryb_resolveOME-analysis_20260119/parabricks_wgs_analyses/vcf/WGS-Cell35_deepvariant.vcf.gz.tbi	578184
data_somatic/HG008/NIST/HG008-T_bulk/20240508p21/analysis/MGH-Bioskryb_resolveOME-analysis_20260119/parabricks_wgs_analyses/vcf/WGS-Cell36_deepvariant.vcf.gz	8006449
data_somatic/HG008/NIST/HG008-T_bulk/20240508p21/analysis/MGH-Bioskryb_resolveOME-analysis_20260119/parabricks_wgs_analyses/vcf/WGS-Cell36_deepvariant.vcf.gz.tbi	895719
data_somatic/HG008/NIST/HG008-T_bulk/20240508p21/analysis/MGH-Bioskryb_resolveOME-analysis_20260119/parabricks_wgs_analyses/vcf/WGS-Cell37_deepvariant.vcf.gz	9974148
data_somatic/HG008/NIST/HG008-T_bulk/20240508p21/analysis/MGH-Bioskryb_resolveOME-analysis_20260119/parabricks_wgs_analyses/vcf/WGS-Cell37_deepvariant.vcf.gz.tbi	1001846
data_somatic/HG008/NIST/HG008-T_bulk/20240508p21/analysis/MGH-Bioskryb_resolveOME-analysis_20260119/parabricks_wgs_analyses/vcf/WGS-Cell38_deepvariant.vcf.gz	8795995
data_somatic/HG008/NIST/HG008-T_bulk/20240508p21/analysis/MGH-Bioskryb_resolveOME-analysis_20260119/parabricks_wgs_analyses/vcf/WGS-Cell38_deepvariant.vcf.gz.tbi	1206042
data_somatic/HG008/NIST/HG008-T_bulk/20240508p21/analysis/MGH-Bioskryb_resolveOME-analysis_20260119/parabricks_wgs_analyses/vcf/WGS-Cell40_deepvariant.vcf.gz	8298945
data_somatic/HG008/NIST/HG008-T_bulk/20240508p21/analysis/MGH-Bioskryb_resolveOME-analysis_20260119/parabricks_wgs_analyses/vcf/WGS-Cell40_deepvariant.vcf.gz.tbi	1188408
data_somatic/HG008/NIST/HG008-T_bulk/20240508p21/analysis/MGH-Bioskryb_resolveOME-analysis_20260119/parabricks_wgs_analyses/vcf/WGS-Cell41_deepvariant.vcf.gz	6334573
data_somatic/HG008/NIST/HG008-T_bulk/20240508p21/analysis/MGH-Bioskryb_resolveOME-analysis_20260119/parabricks_wgs_analyses/vcf/WGS-Cell41_deepvariant.vcf.gz.tbi	726841
data_somatic/HG008/NIST/HG008-T_bulk/20240508p21/analysis/MGH-Bioskryb_resolveOME-analysis_20260119/parabricks_wgs_analyses/vcf/WGS-Cell44_deepvariant.vcf.gz	9507559
data_somatic/HG008/NIST/HG008-T_bulk/20240508p21/analysis/MGH-Bioskryb_resolveOME-analysis_20260119/parabricks_wgs_analyses/vcf/WGS-Cell44_deepvariant.vcf.gz.tbi	1237353
data_somatic/HG008/NIST/HG008-T_bulk/20240508p21/analysis/MGH-Bioskryb_resolveOME-analysis_20260119/parabricks_wgs_analyses/vcf/WGS-Cell45_deepvariant.vcf.gz	8277367
data_somatic/HG008/NIST/HG008-T_bulk/20240508p21/analysis/MGH-Bioskryb_resolveOME-analysis_20260119/parabricks_wgs_analyses/vcf/WGS-Cell45_deepvariant.vcf.gz.tbi	881659
data_somatic/HG008/NIST/HG008-T_bulk/20240508p21/analysis/MGH-Bioskryb_resolveOME-analysis_20260119/parabricks_wgs_analyses/vcf/WGS-Cell46_deepvariant.vcf.gz	8180006
data_somatic/HG008/NIST/HG008-T_bulk/20240508p21/analysis/MGH-Bioskryb_resolveOME-analysis_20260119/parabricks_wgs_analyses/vcf/WGS-Cell46_deepvariant.vcf.gz.tbi	739195
data_somatic/HG008/NIST/HG008-T_bulk/20240508p21/analysis/MGH-Bioskryb_resolveOME-analysis_20260119/parabricks_wgs_analyses/vcf/WGS-Cell47_deepvariant.vcf.gz	6504142
data_somatic/HG008/NIST/HG008-T_bulk/20240508p21/analysis/MGH-Bioskryb_resolveOME-analysis_20260119/parabricks_wgs_analyses/vcf/WGS-Cell47_deepvariant.vcf.gz.tbi	731054
data_somatic/HG008/NIST/HG008-T_bulk/20240508p21/analysis/MGH-Bioskryb_resolveOME-analysis_20260119/parabricks_wgs_analyses/vcf/WGS-Cell48_deepvariant.vcf.gz	4756607
data_somatic/HG008/NIST/HG008-T_bulk/20240508p21/analysis/MGH-Bioskryb_resolveOME-analysis_20260119/parabricks_wgs_analyses/vcf/WGS-Cell48_deepvariant.vcf.gz.tbi	710855
data_somatic/HG008/NIST/HG008-T_bulk/20240508p21/analysis/MGH-Bioskryb_resolveOME-analysis_20260119/parabricks_wgs_analyses/vcf/WGS-Cell49_deepvariant.vcf.gz	7128070
data_somatic/HG008/NIST/HG008-T_bulk/20240508p21/analysis/MGH-Bioskryb_resolveOME-analysis_20260119/parabricks_wgs_analyses/vcf/WGS-Cell49_deepvariant.vcf.gz.tbi	1131394
data_somatic/HG008/NIST/HG008-T_bulk/20240508p21/analysis/MGH-Bioskryb_resolveOME-analysis_20260119/parabricks_wgs_analyses/vcf/WGS-Cell51_deepvariant.vcf.gz	3823091
data_somatic/HG008/NIST/HG008-T_bulk/20240508p21/analysis/MGH-Bioskryb_resolveOME-analysis_20260119/parabricks_wgs_analyses/vcf/WGS-Cell51_deepvariant.vcf.gz.tbi	688449
data_somatic/HG008/NIST/HG008-T_bulk/20240508p21/analysis/MGH-Bioskryb_resolveOME-analysis_20260119/parabricks_wgs_analyses/vcf/WGS-Cell52_deepvariant.vcf.gz	9281647
data_somatic/HG008/NIST/HG008-T_bulk/20240508p21/analysis/MGH-Bioskryb_resolveOME-analysis_20260119/parabricks_wgs_analyses/vcf/WGS-Cell52_deepvariant.vcf.gz.tbi	1212587
data_somatic/HG008/NIST/HG008-T_bulk/20240508p21/analysis/MGH-Bioskryb_resolveOME-analysis_20260119/parabricks_wgs_analyses/vcf/WGS-Cell56_deepvariant.vcf.gz	12154944
data_somatic/HG008/NIST/HG008-T_bulk/20240508p21/analysis/MGH-Bioskryb_resolveOME-analysis_20260119/parabricks_wgs_analyses/vcf/WGS-Cell56_deepvariant.vcf.gz.tbi	1315242
data_somatic/HG008/NIST/HG008-T_bulk/20240508p21/analysis/MGH-Bioskryb_resolveOME-analysis_20260119/parabricks_wgs_analyses/vcf/WGS-Cell57_deepvariant.vcf.gz	6956812
data_somatic/HG008/NIST/HG008-T_bulk/20240508p21/analysis/MGH-Bioskryb_resolveOME-analysis_20260119/parabricks_wgs_analyses/vcf/WGS-Cell57_deepvariant.vcf.gz.tbi	856841
data_somatic/HG008/NIST/HG008-T_bulk/20240508p21/analysis/MGH-Bioskryb_resolveOME-analysis_20260119/parabricks_wgs_analyses/vcf/WGS-Cell58_deepvariant.vcf.gz	7014237
data_somatic/HG008/NIST/HG008-T_bulk/20240508p21/analysis/MGH-Bioskryb_resolveOME-analysis_20260119/parabricks_wgs_analyses/vcf/WGS-Cell58_deepvariant.vcf.gz.tbi	708492
data_somatic/HG008/NIST/HG008-T_bulk/20240508p21/analysis/MGH-Bioskryb_resolveOME-analysis_20260119/parabricks_wgs_analyses/vcf/WGS-Cell63_deepvariant.vcf.gz	8316778
data_somatic/HG008/NIST/HG008-T_bulk/20240508p21/analysis/MGH-Bioskryb_resolveOME-analysis_20260119/parabricks_wgs_analyses/vcf/WGS-Cell63_deepvariant.vcf.gz.tbi	1169228
data_somatic/HG008/NIST/HG008-T_bulk/20240508p21/analysis/MGH-Bioskryb_resolveOME-analysis_20260119/parabricks_wgs_analyses/vcf/WGS-Cell64_deepvariant.vcf.gz	10161089
data_somatic/HG008/NIST/HG008-T_bulk/20240508p21/analysis/MGH-Bioskryb_resolveOME-analysis_20260119/parabricks_wgs_analyses/vcf/WGS-Cell64_deepvariant.vcf.gz.tbi	900927
data_somatic/HG008/NIST/HG008-T_bulk/20240508p21/analysis/MGH-Bioskryb_resolveOME-analysis_20260119/parabricks_wgs_analyses/vcf/WGS-Cell65_deepvariant.vcf.gz	4249018
data_somatic/HG008/NIST/HG008-T_bulk/20240508p21/analysis/MGH-Bioskryb_resolveOME-analysis_20260119/parabricks_wgs_analyses/vcf/WGS-Cell65_deepvariant.vcf.gz.tbi	720102
data_somatic/HG008/NIST/HG008-T_bulk/20240508p21/analysis/MGH-Bioskryb_resolveOME-analysis_20260119/parabricks_wgs_analyses/vcf/WGS-Cell66_deepvariant.vcf.gz	7574256
data_somatic/HG008/NIST/HG008-T_bulk/20240508p21/analysis/MGH-Bioskryb_resolveOME-analysis_20260119/parabricks_wgs_analyses/vcf/WGS-Cell66_deepvariant.vcf.gz.tbi	955486
data_somatic/HG008/NIST/HG008-T_bulk/20240508p21/analysis/MGH-Bioskryb_resolveOME-analysis_20260119/parabricks_wgs_analyses/vcf/WGS-Cell68_deepvariant.vcf.gz	8308308
data_somatic/HG008/NIST/HG008-T_bulk/20240508p21/analysis/MGH-Bioskryb_resolveOME-analysis_20260119/parabricks_wgs_analyses/vcf/WGS-Cell68_deepvariant.vcf.gz.tbi	1188342
data_somatic/HG008/NIST/HG008-T_bulk/20240508p21/analysis/MGH-Bioskryb_resolveOME-analysis_20260119/parabricks_wgs_analyses/vcf/WGS-Cell69_deepvariant.vcf.gz	9198541
data_somatic/HG008/NIST/HG008-T_bulk/20240508p21/analysis/MGH-Bioskryb_resolveOME-analysis_20260119/parabricks_wgs_analyses/vcf/WGS-Cell69_deepvariant.vcf.gz.tbi	1220360
data_somatic/HG008/NIST/HG008-T_bulk/20240508p21/analysis/MGH-Bioskryb_resolveOME-analysis_20260119/parabricks_wgs_analyses/vcf/WGS-Cell70_deepvariant.vcf.gz	9572863
data_somatic/HG008/NIST/HG008-T_bulk/20240508p21/analysis/MGH-Bioskryb_resolveOME-analysis_20260119/parabricks_wgs_analyses/vcf/WGS-Cell70_deepvariant.vcf.gz.tbi	929105
data_somatic/HG008/NIST/HG008-T_bulk/20240508p21/analysis/MGH-Bioskryb_resolveOME-analysis_20260119/parabricks_wgs_analyses/vcf/WGS-Cell71_deepvariant.vcf.gz	9404595
data_somatic/HG008/NIST/HG008-T_bulk/20240508p21/analysis/MGH-Bioskryb_resolveOME-analysis_20260119/parabricks_wgs_analyses/vcf/WGS-Cell71_deepvariant.vcf.gz.tbi	876157
data_somatic/HG008/NIST/HG008-T_bulk/20240508p21/analysis/MGH-Bioskryb_resolveOME-analysis_20260119/parabricks_wgs_analyses/vcf/WGS-Cell73_deepvariant.vcf.gz	7415730
data_somatic/HG008/NIST/HG008-T_bulk/20240508p21/analysis/MGH-Bioskryb_resolveOME-analysis_20260119/parabricks_wgs_analyses/vcf/WGS-Cell73_deepvariant.vcf.gz.tbi	1133115
data_somatic/HG008/NIST/HG008-T_bulk/20240508p21/analysis/MGH-Bioskryb_resolveOME-analysis_20260119/parabricks_wgs_analyses/vcf/WGS-Cell74_deepvariant.vcf.gz	9641111
data_somatic/HG008/NIST/HG008-T_bulk/20240508p21/analysis/MGH-Bioskryb_resolveOME-analysis_20260119/parabricks_wgs_analyses/vcf/WGS-Cell74_deepvariant.vcf.gz.tbi	1224494
data_somatic/HG008/NIST/HG008-T_bulk/20240508p21/analysis/MGH-Bioskryb_resolveOME-analysis_20260119/parabricks_wgs_analyses/vcf/WGS-Cell76_deepvariant.vcf.gz	7863325
data_somatic/HG008/NIST/HG008-T_bulk/20240508p21/analysis/MGH-Bioskryb_resolveOME-analysis_20260119/parabricks_wgs_analyses/vcf/WGS-Cell76_deepvariant.vcf.gz.tbi	810004
data_somatic/HG008/NIST/HG008-T_bulk/20240508p21/analysis/MGH-Bioskryb_resolveOME-analysis_20260119/parabricks_wgs_analyses/vcf/WGS-Cell80_deepvariant.vcf.gz	11905551
data_somatic/HG008/NIST/HG008-T_bulk/20240508p21/analysis/MGH-Bioskryb_resolveOME-analysis_20260119/parabricks_wgs_analyses/vcf/WGS-Cell80_deepvariant.vcf.gz.tbi	1322331
data_somatic/HG008/NIST/HG008-T_bulk/20240508p21/analysis/MGH-Bioskryb_resolveOME-analysis_20260119/parabricks_wgs_analyses/vcf/WGS-Cell82_deepvariant.vcf.gz	8400208
data_somatic/HG008/NIST/HG008-T_bulk/20240508p21/analysis/MGH-Bioskryb_resolveOME-analysis_20260119/parabricks_wgs_analyses/vcf/WGS-Cell82_deepvariant.vcf.gz.tbi	962240
data_somatic/HG008/NIST/HG008-T_bulk/20240508p21/analysis/MGH-Bioskryb_resolveOME-analysis_20260119/parabricks_wgs_analyses/vcf/WGS-Cell83_deepvariant.vcf.gz	9387978
data_somatic/HG008/NIST/HG008-T_bulk/20240508p21/analysis/MGH-Bioskryb_resolveOME-analysis_20260119/parabricks_wgs_analyses/vcf/WGS-Cell83_deepvariant.vcf.gz.tbi	1222890
data_somatic/HG008/NIST/HG008-T_bulk/20240508p21/analysis/MGH-Bioskryb_resolveOME-analysis_20260119/parabricks_wgs_analyses/vcf/WGS-Cell84_deepvariant.vcf.gz	6500940
data_somatic/HG008/NIST/HG008-T_bulk/20240508p21/analysis/MGH-Bioskryb_resolveOME-analysis_20260119/parabricks_wgs_analyses/vcf/WGS-Cell84_deepvariant.vcf.gz.tbi	915547
data_somatic/HG008/NIST/HG008-T_bulk/20240508p21/analysis/MGH-Bioskryb_resolveOME-analysis_20260119/parabricks_wgs_analyses/vcf/WGS-Cell85_deepvariant.vcf.gz	8540192
data_somatic/HG008/NIST/HG008-T_bulk/20240508p21/analysis/MGH-Bioskryb_resolveOME-analysis_20260119/parabricks_wgs_analyses/vcf/WGS-Cell85_deepvariant.vcf.gz.tbi	897770
data_somatic/HG008/NIST/HG008-T_bulk/20240508p21/analysis/MGH-Bioskryb_resolveOME-analysis_20260119/parabricks_wgs_analyses/vcf/WGS-Cell86_deepvariant.vcf.gz	9693872
data_somatic/HG008/NIST/HG008-T_bulk/20240508p21/analysis/MGH-Bioskryb_resolveOME-analysis_20260119/parabricks_wgs_analyses/vcf/WGS-Cell86_deepvariant.vcf.gz.tbi	1197063
data_somatic/HG008/NIST/HG008-T_bulk/20240508p21/analysis/MGH-Bioskryb_resolveOME-analysis_20260119/parabricks_wgs_analyses/vcf/WGS-Cell87_deepvariant.vcf.gz	8756801
data_somatic/HG008/NIST/HG008-T_bulk/20240508p21/analysis/MGH-Bioskryb_resolveOME-analysis_20260119/parabricks_wgs_analyses/vcf/WGS-Cell87_deepvariant.vcf.gz.tbi	883572
data_somatic/HG008/NIST/HG008-T_bulk/20240508p21/analysis/MGH-Bioskryb_resolveOME-analysis_20260119/parabricks_wgs_analyses/vcf/WGS-Cell88_deepvariant.vcf.gz	9197909
data_somatic/HG008/NIST/HG008-T_bulk/20240508p21/analysis/MGH-Bioskryb_resolveOME-analysis_20260119/parabricks_wgs_analyses/vcf/WGS-Cell88_deepvariant.vcf.gz.tbi	1224798
data_somatic/HG008/NIST/HG008-T_bulk/20240508p21/analysis/MGH-Bioskryb_resolveOME-analysis_20260119/parabricks_wgs_analyses/vcf/WGS-Cell89_deepvariant.vcf.gz	2667782
data_somatic/HG008/NIST/HG008-T_bulk/20240508p21/analysis/MGH-Bioskryb_resolveOME-analysis_20260119/parabricks_wgs_analyses/vcf/WGS-Cell89_deepvariant.vcf.gz.tbi	728540
data_somatic/HG008/NIST/HG008-T_bulk/20240508p21/analysis/MGH-Bioskryb_resolveOME-analysis_20260119/parabricks_wgs_analyses/vcf/WGS-Cell90_deepvariant.vcf.gz	9529764
data_somatic/HG008/NIST/HG008-T_bulk/20240508p21/analysis/MGH-Bioskryb_resolveOME-analysis_20260119/parabricks_wgs_analyses/vcf/WGS-Cell90_deepvariant.vcf.gz.tbi	1228230
data_somatic/HG008/NIST/HG008-T_bulk/20240508p21/analysis/MGH-Bioskryb_resolveOME-analysis_20260119/parabricks_wgs_analyses/vcf/WGS-Cell92_deepvariant.vcf.gz	8308550
data_somatic/HG008/NIST/HG008-T_bulk/20240508p21/analysis/MGH-Bioskryb_resolveOME-analysis_20260119/parabricks_wgs_analyses/vcf/WGS-Cell92_deepvariant.vcf.gz.tbi	911470
data_somatic/HG008/NIST/HG008-T_bulk/20240508p21/analysis/MGH-Bioskryb_resolveOME-analysis_20260119/parabricks_wgs_analyses/vcf/WGS-Cell93_deepvariant.vcf.gz	8119156
data_somatic/HG008/NIST/HG008-T_bulk/20240508p21/analysis/MGH-Bioskryb_resolveOME-analysis_20260119/parabricks_wgs_analyses/vcf/WGS-Cell93_deepvariant.vcf.gz.tbi	1177434
data_somatic/HG008/NIST/HG008-T_bulk/20240508p21/analysis/MGH-Bioskryb_resolveOME-analysis_20260119/parabricks_wgs_analyses/vcf/WGS-Cell94_deepvariant.vcf.gz	10112899
data_somatic/HG008/NIST/HG008-T_bulk/20240508p21/analysis/MGH-Bioskryb_resolveOME-analysis_20260119/parabricks_wgs_analyses/vcf/WGS-Cell94_deepvariant.vcf.gz.tbi	1240130
data_somatic/HG008/NIST/HG008-T_bulk/20240508p21/analysis/MGH-Bioskryb_resolveOME-analysis_20260119/parabricks_wgs_analyses/vcf/WGS-Cell95_deepvariant.vcf.gz	9942828
data_somatic/HG008/NIST/HG008-T_bulk/20240508p21/analysis/MGH-Bioskryb_resolveOME-analysis_20260119/parabricks_wgs_analyses/vcf/WGS-Cell95_deepvariant.vcf.gz.tbi	949824
data_somatic/HG008/NIST/HG008-T_bulk/20240508p21/analysis/MGH-Bioskryb_resolveOME-analysis_20260119/parabricks_wgs_analyses/vcf/WGS-Cell96_deepvariant.vcf.gz	8883697
data_somatic/HG008/NIST/HG008-T_bulk/20240508p21/analysis/MGH-Bioskryb_resolveOME-analysis_20260119/parabricks_wgs_analyses/vcf/WGS-Cell96_deepvariant.vcf.gz.tbi	1052455
data_somatic/HG008/NIST/HG008-T_bulk/20240508p21/analysis/MissionBio_Tapestri_20250325/Dragen_v4x3x6_Parameters.txt	1841
data_somatic/HG008/NIST/HG008-T_bulk/20240508p21/analysis/MissionBio_Tapestri_20250325/README_MissionBio_20250325.md	13132
data_somatic/HG008/NIST/HG008-T_bulk/20240508p21/analysis/MissionBio_Tapestri_20250325/checksums.md5	6693
data_somatic/HG008/NIST/HG008-T_bulk/20240508p21/analysis/MissionBio_Tapestri_20250325/pipeline_outputs/CPD159_Design_11182024/CPD159.amplicon.bed	26696
data_somatic/HG008/NIST/HG008-T_bulk/20240508p21/analysis/MissionBio_Tapestri_20250325/pipeline_outputs/CPD159_Design_11182024/CPD159.coverageSummary.tab	13142
data_somatic/HG008/NIST/HG008-T_bulk/20240508p21/analysis/MissionBio_Tapestri_20250325/pipeline_outputs/CPD159_Design_11182024/CPD159.designSummary.tab	84870
data_somatic/HG008/NIST/HG008-T_bulk/20240508p21/analysis/MissionBio_Tapestri_20250325/pipeline_outputs/CPD159_Design_11182024/CPD159.highGC_tagged_amps.tab	56
data_somatic/HG008/NIST/HG008-T_bulk/20240508p21/analysis/MissionBio_Tapestri_20250325/pipeline_outputs/CPD159_Design_11182024/CPD159.insert.bed	26696
data_somatic/HG008/NIST/HG008-T_bulk/20240508p21/analysis/MissionBio_Tapestri_20250325/pipeline_outputs/CPD159_Design_11182024/CPD159.missed.bed	1118
data_somatic/HG008/NIST/HG008-T_bulk/20240508p21/analysis/MissionBio_Tapestri_20250325/pipeline_outputs/CPD159_Design_11182024/CPD159.submitted.bed	10724
data_somatic/HG008/NIST/HG008-T_bulk/20240508p21/analysis/MissionBio_Tapestri_20250325/pipeline_outputs/NIST-03I_D2N/NIST-03I_D2N.dna.h5	570824095
data_somatic/HG008/NIST/HG008-T_bulk/20240508p21/analysis/MissionBio_Tapestri_20250325/pipeline_outputs/NIST-03I_D2N/NIST-03I_D2N.metrics.json	3546
data_somatic/HG008/NIST/HG008-T_bulk/20240508p21/analysis/MissionBio_Tapestri_20250325/pipeline_outputs/NIST-03I_D2N/NIST-03I_D2N.report.html	4764239
data_somatic/HG008/NIST/HG008-T_bulk/20240508p21/analysis/MissionBio_Tapestri_20250325/pipeline_outputs/NIST-03I_D2N/bam/NIST-03I_D2N.cells.bam	18815890818
data_somatic/HG008/NIST/HG008-T_bulk/20240508p21/analysis/MissionBio_Tapestri_20250325/pipeline_outputs/NIST-03I_D2N/bam/NIST-03I_D2N.cells.bam.csi	23939
data_somatic/HG008/NIST/HG008-T_bulk/20240508p21/analysis/MissionBio_Tapestri_20250325/pipeline_outputs/NIST-03I_D2N/bam/NIST-03I_D2N.mapped.bam	21785410214
data_somatic/HG008/NIST/HG008-T_bulk/20240508p21/analysis/MissionBio_Tapestri_20250325/pipeline_outputs/NIST-03I_D2N/itd/NIST-03I_D2N.FLT3_exon14.bed	35
data_somatic/HG008/NIST/HG008-T_bulk/20240508p21/analysis/MissionBio_Tapestri_20250325/pipeline_outputs/NIST-03I_D2N/itd/NIST-03I_D2N.FLT3_exon14.txt	204057
data_somatic/HG008/NIST/HG008-T_bulk/20240508p21/analysis/MissionBio_Tapestri_20250325/pipeline_outputs/NIST-03I_D2N/itd/NIST-03I_D2N.FLT3_exon15.bed	35
data_somatic/HG008/NIST/HG008-T_bulk/20240508p21/analysis/MissionBio_Tapestri_20250325/pipeline_outputs/NIST-03I_D2N/itd/NIST-03I_D2N.FLT3_exon15.txt	204057
data_somatic/HG008/NIST/HG008-T_bulk/20240508p21/analysis/MissionBio_Tapestri_20250325/pipeline_outputs/NIST-03I_D2N/log/NIST-03I_D2N.allele.drop.out.report.txt	83
data_somatic/HG008/NIST/HG008-T_bulk/20240508p21/analysis/MissionBio_Tapestri_20250325/pipeline_outputs/NIST-03I_D2N/log/NIST-03I_D2N.cells.txt	61540
data_somatic/HG008/NIST/HG008-T_bulk/20240508p21/analysis/MissionBio_Tapestri_20250325/pipeline_outputs/NIST-03I_D2N/log/NIST-03I_D2N.dna.h5.ado	4455
data_somatic/HG008/NIST/HG008-T_bulk/20240508p21/analysis/MissionBio_Tapestri_20250325/pipeline_outputs/NIST-03I_D2N/log/NIST-03I_D2N.itd.report.txt	408114
data_somatic/HG008/NIST/HG008-T_bulk/20240508p21/analysis/MissionBio_Tapestri_20250325/pipeline_outputs/NIST-03I_D2N/metrics/00_qc.metadata.json	152
data_somatic/HG008/NIST/HG008-T_bulk/20240508p21/analysis/MissionBio_Tapestri_20250325/pipeline_outputs/NIST-03I_D2N/metrics/00_run.metadata.json	218
data_somatic/HG008/NIST/HG008-T_bulk/20240508p21/analysis/MissionBio_Tapestri_20250325/pipeline_outputs/NIST-03I_D2N/metrics/01_barcode.metrics.json	380
data_somatic/HG008/NIST/HG008-T_bulk/20240508p21/analysis/MissionBio_Tapestri_20250325/pipeline_outputs/NIST-03I_D2N/metrics/03_cellfinder.metrics.json	126
data_somatic/HG008/NIST/HG008-T_bulk/20240508p21/analysis/MissionBio_Tapestri_20250325/pipeline_outputs/NIST-03I_D2N/tsv/NIST-03I_D2N.all.barcode.distribution.tsv.zip	63462243
data_somatic/HG008/NIST/HG008-T_bulk/20240508p21/analysis/MissionBio_Tapestri_20250325/pipeline_outputs/NIST-03I_D2N/tsv/NIST-03I_D2N.cell.barcode.distribution.tsv.zip	2839095
data_somatic/HG008/NIST/HG008-T_bulk/20240508p21/analysis/MissionBio_Tapestri_20250325/pipeline_outputs/NIST-03I_D2N/vcf/NIST-03I_D2N.cells.vcf.gz	2042842265
data_somatic/HG008/NIST/HG008-T_bulk/20240508p21/analysis/MissionBio_Tapestri_20250325/pipeline_outputs/NIST-03I_D2N/vcf/NIST-03I_D2N.vcf_for_R.vcf.gz	2709987442
data_somatic/HG008/NIST/HG008-T_bulk/20240508p21/analysis/MissionBio_Tapestri_20250325/pipeline_outputs/NIST-03I_D2N/vcf/itd/NIST-03I_D2N.FLT3_exon14.vcf	0
data_somatic/HG008/NIST/HG008-T_bulk/20240508p21/analysis/MissionBio_Tapestri_20250325/pipeline_outputs/NIST-03I_D2N/vcf/itd/NIST-03I_D2N.FLT3_exon15.vcf	0
data_somatic/HG008/NIST/HG008-T_bulk/20240508p21/analysis/MissionBio_Tapestri_20250325/pipeline_outputs/NIST-03I_D2N/vcf/itd/NIST-03I_D2N.itds.noheader.vcf	0
data_somatic/HG008/NIST/HG008-T_bulk/20240508p21/analysis/MissionBio_Tapestri_20250325/pipeline_outputs/NIST-03I_D2N/vcf/itd/NIST-03I_D2N.itds.vcf.gz	16607
data_somatic/HG008/NIST/HG008-T_bulk/20240508p21/analysis/MissionBio_Tapestri_20250325/pipeline_outputs/NIST-03I_D2N/vcf/itd/NIST-03I_D2N.itds.vcf.gz.csi	79
data_somatic/HG008/NIST/HG008-T_bulk/20240508p21/analysis/MissionBio_Tapestri_20250325/pipeline_outputs/NIST-04I_D2N/NIST-04I_D2N.dna.h5	655222917
data_somatic/HG008/NIST/HG008-T_bulk/20240508p21/analysis/MissionBio_Tapestri_20250325/pipeline_outputs/NIST-04I_D2N/NIST-04I_D2N.metrics.json	3615
data_somatic/HG008/NIST/HG008-T_bulk/20240508p21/analysis/MissionBio_Tapestri_20250325/pipeline_outputs/NIST-04I_D2N/NIST-04I_D2N.report.html	4991746
data_somatic/HG008/NIST/HG008-T_bulk/20240508p21/analysis/MissionBio_Tapestri_20250325/pipeline_outputs/NIST-04I_D2N/bam/NIST-04I_D2N.cells.bam	22317809694
data_somatic/HG008/NIST/HG008-T_bulk/20240508p21/analysis/MissionBio_Tapestri_20250325/pipeline_outputs/NIST-04I_D2N/bam/NIST-04I_D2N.cells.bam.csi	34429
data_somatic/HG008/NIST/HG008-T_bulk/20240508p21/analysis/MissionBio_Tapestri_20250325/pipeline_outputs/NIST-04I_D2N/bam/NIST-04I_D2N.mapped.bam	25542064118
data_somatic/HG008/NIST/HG008-T_bulk/20240508p21/analysis/MissionBio_Tapestri_20250325/pipeline_outputs/NIST-04I_D2N/itd/NIST-04I_D2N.FLT3_exon14.bed	35
data_somatic/HG008/NIST/HG008-T_bulk/20240508p21/analysis/MissionBio_Tapestri_20250325/pipeline_outputs/NIST-04I_D2N/itd/NIST-04I_D2N.FLT3_exon14.txt	263340
data_somatic/HG008/NIST/HG008-T_bulk/20240508p21/analysis/MissionBio_Tapestri_20250325/pipeline_outputs/NIST-04I_D2N/itd/NIST-04I_D2N.FLT3_exon15.bed	35
data_somatic/HG008/NIST/HG008-T_bulk/20240508p21/analysis/MissionBio_Tapestri_20250325/pipeline_outputs/NIST-04I_D2N/itd/NIST-04I_D2N.FLT3_exon15.txt	263340
data_somatic/HG008/NIST/HG008-T_bulk/20240508p21/analysis/MissionBio_Tapestri_20250325/pipeline_outputs/NIST-04I_D2N/log/NIST-04I_D2N.allele.drop.out.report.txt	83
data_somatic/HG008/NIST/HG008-T_bulk/20240508p21/analysis/MissionBio_Tapestri_20250325/pipeline_outputs/NIST-04I_D2N/log/NIST-04I_D2N.cells.txt	79419
data_somatic/HG008/NIST/HG008-T_bulk/20240508p21/analysis/MissionBio_Tapestri_20250325/pipeline_outputs/NIST-04I_D2N/log/NIST-04I_D2N.dna.h5.ado	4574
data_somatic/HG008/NIST/HG008-T_bulk/20240508p21/analysis/MissionBio_Tapestri_20250325/pipeline_outputs/NIST-04I_D2N/log/NIST-04I_D2N.itd.report.txt	526680
data_somatic/HG008/NIST/HG008-T_bulk/20240508p21/analysis/MissionBio_Tapestri_20250325/pipeline_outputs/NIST-04I_D2N/metrics/00_qc.metadata.json	153
data_somatic/HG008/NIST/HG008-T_bulk/20240508p21/analysis/MissionBio_Tapestri_20250325/pipeline_outputs/NIST-04I_D2N/metrics/00_run.metadata.json	218
data_somatic/HG008/NIST/HG008-T_bulk/20240508p21/analysis/MissionBio_Tapestri_20250325/pipeline_outputs/NIST-04I_D2N/metrics/01_barcode.metrics.json	380
data_somatic/HG008/NIST/HG008-T_bulk/20240508p21/analysis/MissionBio_Tapestri_20250325/pipeline_outputs/NIST-04I_D2N/metrics/03_cellfinder.metrics.json	126
data_somatic/HG008/NIST/HG008-T_bulk/20240508p21/analysis/MissionBio_Tapestri_20250325/pipeline_outputs/NIST-04I_D2N/tsv/NIST-04I_D2N.all.barcode.distribution.tsv.zip	63480914
data_somatic/HG008/NIST/HG008-T_bulk/20240508p21/analysis/MissionBio_Tapestri_20250325/pipeline_outputs/NIST-04I_D2N/tsv/NIST-04I_D2N.cell.barcode.distribution.tsv	9239489
data_somatic/HG008/NIST/HG008-T_bulk/20240508p21/analysis/MissionBio_Tapestri_20250325/pipeline_outputs/NIST-04I_D2N/tsv/NIST-04I_D2N.cell.barcode.distribution.tsv.zip	3637269
data_somatic/HG008/NIST/HG008-T_bulk/20240508p21/analysis/MissionBio_Tapestri_20250325/pipeline_outputs/NIST-04I_D2N/vcf/NIST-04I_D2N.cells.vcf.gz	2618463736
data_somatic/HG008/NIST/HG008-T_bulk/20240508p21/analysis/MissionBio_Tapestri_20250325/pipeline_outputs/NIST-04I_D2N/vcf/NIST-04I_D2N.vcf_for_R.vcf.gz	3438770782
data_somatic/HG008/NIST/HG008-T_bulk/20240508p21/analysis/MissionBio_Tapestri_20250325/pipeline_outputs/NIST-04I_D2N/vcf/itd/NIST-04I_D2N.FLT3_exon14.vcf	0
data_somatic/HG008/NIST/HG008-T_bulk/20240508p21/analysis/MissionBio_Tapestri_20250325/pipeline_outputs/NIST-04I_D2N/vcf/itd/NIST-04I_D2N.FLT3_exon15.vcf	0
data_somatic/HG008/NIST/HG008-T_bulk/20240508p21/analysis/MissionBio_Tapestri_20250325/pipeline_outputs/NIST-04I_D2N/vcf/itd/NIST-04I_D2N.itds.noheader.vcf	0
data_somatic/HG008/NIST/HG008-T_bulk/20240508p21/analysis/MissionBio_Tapestri_20250325/pipeline_outputs/NIST-04I_D2N/vcf/itd/NIST-04I_D2N.itds.vcf.gz	20505
data_somatic/HG008/NIST/HG008-T_bulk/20240508p21/analysis/MissionBio_Tapestri_20250325/pipeline_outputs/NIST-04I_D2N/vcf/itd/NIST-04I_D2N.itds.vcf.gz.csi	79
data_somatic/HG008/NIST/HG008-T_bulk/20240508p21/analysis/MissionBio_Tapestri_20250325/pipeline_outputs/dragen_4.2.4_HG008-mosaic_tumor.hard-filtered_0201_HG008_HiFi_DeepSomatic_v1.6.0_model354_somaticOnly_olddragen_merged_PASS_inbenchbed_bothtechsandbatches_VAFlt0.3.vcf	303962
data_somatic/HG008/NIST/HG008-T_bulk/20240508p21/analysis/MissionBio_Tapestri_20250325/presentation.pdf	878646
data_somatic/HG008/NIST/HG008-T_bulk/20240508p41/UMD-Revio-HG008Tp41-20241011/HG008-T_NIST-bulk-20240508p41_PacBio-HiFi-Revio_20241011_43x_GRCh38-GIABv3.bam	46604351390
data_somatic/HG008/NIST/HG008-T_bulk/20240508p41/UMD-Revio-HG008Tp41-20241011/HG008-T_NIST-bulk-20240508p41_PacBio-HiFi-Revio_20241011_43x_GRCh38-GIABv3.bam.bai	4619880
data_somatic/HG008/NIST/HG008-T_bulk/20240508p41/UMD-Revio-HG008Tp41-20241011/HG008-Tp41_ubams/XZOOK_20240930_R84050_PL15224-001_1-1-B01.hifi_reads.bam	49863354276
data_somatic/HG008/NIST/HG008-T_bulk/20240508p41/UMD-Revio-HG008Tp41-20241011/README_UMD-Revio-HG008Tp21andp41.md	11249
data_somatic/HG008/NIST/HG008-T_bulk/20240508p41/UMD-Revio-HG008Tp41-20241011/checksum_HG008Tp41.md5	343
data_somatic/HG008/NIST/HG008-T_bulk/20240508p53/.DS_Store	6148
data_somatic/HG008/NIST/HG008-T_bulk/20240508p53/KromaTiD-dGH_20241029/README	397
data_somatic/HG008/NIST/HG008-T_clones/.DS_Store	6148
data_somatic/HG008/NIST/HG008-T_clones/20240508p19/.DS_Store	6148
data_somatic/HG008/NIST/HG008-T_clones/20240508p19/SC14/.DS_Store	8196
data_somatic/HG008/NIST/HG008-T_clones/20240508p19/SC14/p20plus11/KaryoLogic_20241028/Karyotype-Report-HG008-SC14.pdf	361515
data_somatic/HG008/NIST/HG008-T_clones/20240508p19/SC14/p20plus11/KaryoLogic_20241028/README_KaryoLogic_20241028.md	6352
data_somatic/HG008/NIST/HG008-T_clones/20240718p14/.DS_Store	6148
data_somatic/HG008/NIST/HG008-T_clones/20240718p14/2D6/.DS_Store	6148
data_somatic/HG008/NIST/HG008-T_clones/20240718p14/2D6/p15plus12/analysis/GRCh38/BCM_Revio_HG008T-2D6_20260313/HG008-T-2D6_vs_HG008-N-P/README_HG008-T-2D6_vs_HG008-N-P.md	12015
data_somatic/HG008/NIST/HG008-T_clones/20240718p14/2D6/p15plus12/analysis/GRCh38/BCM_Revio_HG008T-2D6_20260313/HG008-T-2D6_vs_HG008-N-P/biomarkers/HG008T-2D6.chord_hrd.txt	116
data_somatic/HG008/NIST/HG008-T_clones/20240718p14/2D6/p15plus12/analysis/GRCh38/BCM_Revio_HG008T-2D6_20260313/HG008-T-2D6_vs_HG008-N-P/biomarkers/HG008T-2D6.mutation_signatures.pdf	8690
data_somatic/HG008/NIST/HG008-T_clones/20240718p14/2D6/p15plus12/analysis/GRCh38/BCM_Revio_HG008T-2D6_20260313/HG008-T-2D6_vs_HG008-N-P/biomarkers/HG008T-2D6.owl_msi.txt	129
data_somatic/HG008/NIST/HG008-T_clones/20240718p14/2D6/p15plus12/analysis/GRCh38/BCM_Revio_HG008T-2D6_20260313/HG008-T-2D6_vs_HG008-N-P/biomarkers/HG008T-2D6.tmb_estimate.json	2284
data_somatic/HG008/NIST/HG008-T_clones/20240718p14/2D6/p15plus12/analysis/GRCh38/BCM_Revio_HG008T-2D6_20260313/HG008-T-2D6_vs_HG008-N-P/checksums.md5	3498
data_somatic/HG008/NIST/HG008-T_clones/20240718p14/2D6/p15plus12/analysis/GRCh38/BCM_Revio_HG008T-2D6_20260313/HG008-T-2D6_vs_HG008-N-P/copy_number/HG008T-2D6.cnvkit.call.cns	340529
data_somatic/HG008/NIST/HG008-T_clones/20240718p14/2D6/p15plus12/analysis/GRCh38/BCM_Revio_HG008T-2D6_20260313/HG008-T-2D6_vs_HG008-N-P/copy_number/HG008T-2D6.cnvkit.cns	352308
data_somatic/HG008/NIST/HG008-T_clones/20240718p14/2D6/p15plus12/analysis/GRCh38/BCM_Revio_HG008T-2D6_20260313/HG008-T-2D6_vs_HG008-N-P/copy_number/HG008T-2D6.cnvkit_diagram.pdf	4596758
data_somatic/HG008/NIST/HG008-T_clones/20240718p14/2D6/p15plus12/analysis/GRCh38/BCM_Revio_HG008T-2D6_20260313/HG008-T-2D6_vs_HG008-N-P/copy_number/HG008T-2D6.cnvkit_scatter.png	147257
data_somatic/HG008/NIST/HG008-T_clones/20240718p14/2D6/p15plus12/analysis/GRCh38/BCM_Revio_HG008T-2D6_20260313/HG008-T-2D6_vs_HG008-N-P/copy_number/HG008T-2D6.purple.cnv.gene.tsv	5293270
data_somatic/HG008/NIST/HG008-T_clones/20240718p14/2D6/p15plus12/analysis/GRCh38/BCM_Revio_HG008T-2D6_20260313/HG008-T-2D6_vs_HG008-N-P/copy_number/HG008T-2D6.purple.germline.deletion.tsv	21314
data_somatic/HG008/NIST/HG008-T_clones/20240718p14/2D6/p15plus12/analysis/GRCh38/BCM_Revio_HG008T-2D6_20260313/HG008-T-2D6_vs_HG008-N-P/copy_number/HG008T-2D6.purple.purity.tsv	475
data_somatic/HG008/NIST/HG008-T_clones/20240718p14/2D6/p15plus12/analysis/GRCh38/BCM_Revio_HG008T-2D6_20260313/HG008-T-2D6_vs_HG008-N-P/copy_number/HG008T-2D6.purple.segment.tsv	135701
data_somatic/HG008/NIST/HG008-T_clones/20240718p14/2D6/p15plus12/analysis/GRCh38/BCM_Revio_HG008T-2D6_20260313/HG008-T-2D6_vs_HG008-N-P/copy_number/HG008T-2D6.wakhan.tar.gz	484607345
data_somatic/HG008/NIST/HG008-T_clones/20240718p14/2D6/p15plus12/analysis/GRCh38/BCM_Revio_HG008T-2D6_20260313/HG008-T-2D6_vs_HG008-N-P/methylation/HG008-N-P.normal.cpg.combined.bed.gz	295545545
data_somatic/HG008/NIST/HG008-T_clones/20240718p14/2D6/p15plus12/analysis/GRCh38/BCM_Revio_HG008T-2D6_20260313/HG008-T-2D6_vs_HG008-N-P/methylation/HG008-N-P.normal.cpg.combined.bed.gz.tbi	1703017
data_somatic/HG008/NIST/HG008-T_clones/20240718p14/2D6/p15plus12/analysis/GRCh38/BCM_Revio_HG008T-2D6_20260313/HG008-T-2D6_vs_HG008-N-P/methylation/HG008-N-P.normal.cpg.hap1.bed.gz	234816981
data_somatic/HG008/NIST/HG008-T_clones/20240718p14/2D6/p15plus12/analysis/GRCh38/BCM_Revio_HG008T-2D6_20260313/HG008-T-2D6_vs_HG008-N-P/methylation/HG008-N-P.normal.cpg.hap1.bed.gz.tbi	1544736
data_somatic/HG008/NIST/HG008-T_clones/20240718p14/2D6/p15plus12/analysis/GRCh38/BCM_Revio_HG008T-2D6_20260313/HG008-T-2D6_vs_HG008-N-P/methylation/HG008-N-P.normal.cpg.hap2.bed.gz	234123992
data_somatic/HG008/NIST/HG008-T_clones/20240718p14/2D6/p15plus12/analysis/GRCh38/BCM_Revio_HG008T-2D6_20260313/HG008-T-2D6_vs_HG008-N-P/methylation/HG008-N-P.normal.cpg.hap2.bed.gz.tbi	1545150
data_somatic/HG008/NIST/HG008-T_clones/20240718p14/2D6/p15plus12/analysis/GRCh38/BCM_Revio_HG008T-2D6_20260313/HG008-T-2D6_vs_HG008-N-P/methylation/HG008T-2D6.DMR.tsv	14509732
data_somatic/HG008/NIST/HG008-T_clones/20240718p14/2D6/p15plus12/analysis/GRCh38/BCM_Revio_HG008T-2D6_20260313/HG008-T-2D6_vs_HG008-N-P/methylation/HG008T-2D6.dmr_intogen_summary.tsv.gz	14805
data_somatic/HG008/NIST/HG008-T_clones/20240718p14/2D6/p15plus12/analysis/GRCh38/BCM_Revio_HG008T-2D6_20260313/HG008-T-2D6_vs_HG008-N-P/methylation/HG008T-2D6.tumor.cpg.combined.bed.gz	271235340
data_somatic/HG008/NIST/HG008-T_clones/20240718p14/2D6/p15plus12/analysis/GRCh38/BCM_Revio_HG008T-2D6_20260313/HG008-T-2D6_vs_HG008-N-P/methylation/HG008T-2D6.tumor.cpg.combined.bed.gz.tbi	1697358
data_somatic/HG008/NIST/HG008-T_clones/20240718p14/2D6/p15plus12/analysis/GRCh38/BCM_Revio_HG008T-2D6_20260313/HG008-T-2D6_vs_HG008-N-P/methylation/HG008T-2D6.tumor.cpg.hap1.bed.gz	179750590
data_somatic/HG008/NIST/HG008-T_clones/20240718p14/2D6/p15plus12/analysis/GRCh38/BCM_Revio_HG008T-2D6_20260313/HG008-T-2D6_vs_HG008-N-P/methylation/HG008T-2D6.tumor.cpg.hap1.bed.gz.tbi	1289919
data_somatic/HG008/NIST/HG008-T_clones/20240718p14/2D6/p15plus12/analysis/GRCh38/BCM_Revio_HG008T-2D6_20260313/HG008-T-2D6_vs_HG008-N-P/methylation/HG008T-2D6.tumor.cpg.hap2.bed.gz	182184708
data_somatic/HG008/NIST/HG008-T_clones/20240718p14/2D6/p15plus12/analysis/GRCh38/BCM_Revio_HG008T-2D6_20260313/HG008-T-2D6_vs_HG008-N-P/methylation/HG008T-2D6.tumor.cpg.hap2.bed.gz.tbi	1301183
data_somatic/HG008/NIST/HG008-T_clones/20240718p14/2D6/p15plus12/analysis/GRCh38/BCM_Revio_HG008T-2D6_20260313/HG008-T-2D6_vs_HG008-N-P/plots/HG008T-2D6.purple.circos.png	520244
data_somatic/HG008/NIST/HG008-T_clones/20240718p14/2D6/p15plus12/analysis/GRCh38/BCM_Revio_HG008T-2D6_20260313/HG008-T-2D6_vs_HG008-N-P/plots/HG008T-2D6.purple.copynumber.png	47048
data_somatic/HG008/NIST/HG008-T_clones/20240718p14/2D6/p15plus12/analysis/GRCh38/BCM_Revio_HG008T-2D6_20260313/HG008-T-2D6_vs_HG008-N-P/plots/HG008T-2D6.purple.purity_range.png	72444
data_somatic/HG008/NIST/HG008-T_clones/20240718p14/2D6/p15plus12/analysis/GRCh38/BCM_Revio_HG008T-2D6_20260313/HG008-T-2D6_vs_HG008-N-P/plots/HG008T-2D6.purple.segment.png	90428
data_somatic/HG008/NIST/HG008-T_clones/20240718p14/2D6/p15plus12/analysis/GRCh38/BCM_Revio_HG008T-2D6_20260313/HG008-T-2D6_vs_HG008-N-P/small_variants/HG008-N-P.dipcall.germline.vcf.gz	61195256
data_somatic/HG008/NIST/HG008-T_clones/20240718p14/2D6/p15plus12/analysis/GRCh38/BCM_Revio_HG008T-2D6_20260313/HG008-T-2D6_vs_HG008-N-P/small_variants/HG008-N-P.dipcall.germline.vcf.gz.tbi	1565382
data_somatic/HG008/NIST/HG008-T_clones/20240718p14/2D6/p15plus12/analysis/GRCh38/BCM_Revio_HG008T-2D6_20260313/HG008-T-2D6_vs_HG008-N-P/small_variants/HG008T-2D6.deepsomatic.vcf.gz	302996
data_somatic/HG008/NIST/HG008-T_clones/20240718p14/2D6/p15plus12/analysis/GRCh38/BCM_Revio_HG008T-2D6_20260313/HG008-T-2D6_vs_HG008-N-P/small_variants/HG008T-2D6.deepsomatic.vcf.gz.tbi	124175
data_somatic/HG008/NIST/HG008-T_clones/20240718p14/2D6/p15plus12/analysis/GRCh38/BCM_Revio_HG008T-2D6_20260313/HG008-T-2D6_vs_HG008-N-P/small_variants/HG008T-2D6.deepsomatic.vep.vcf.gz	855242
data_somatic/HG008/NIST/HG008-T_clones/20240718p14/2D6/p15plus12/analysis/GRCh38/BCM_Revio_HG008T-2D6_20260313/HG008-T-2D6_vs_HG008-N-P/small_variants/HG008T-2D6.deepsomatic.vep.vcf.gz.tbi	137639
data_somatic/HG008/NIST/HG008-T_clones/20240718p14/2D6/p15plus12/analysis/GRCh38/BCM_Revio_HG008T-2D6_20260313/HG008-T-2D6_vs_HG008-N-P/small_variants/HG008T-2D6.dipcall.germline.vcf.gz	60858778
data_somatic/HG008/NIST/HG008-T_clones/20240718p14/2D6/p15plus12/analysis/GRCh38/BCM_Revio_HG008T-2D6_20260313/HG008-T-2D6_vs_HG008-N-P/small_variants/HG008T-2D6.dipcall.germline.vcf.gz.tbi	1564254
data_somatic/HG008/NIST/HG008-T_clones/20240718p14/2D6/p15plus12/analysis/GRCh38/BCM_Revio_HG008T-2D6_20260313/HG008-T-2D6_vs_HG008-N-P/small_variants/HG008T-2D6.intogen_ccg_variants.tsv	479872
data_somatic/HG008/NIST/HG008-T_clones/20240718p14/2D6/p15plus12/analysis/GRCh38/BCM_Revio_HG008T-2D6_20260313/HG008-T-2D6_vs_HG008-N-P/structural_variants/HG008T-2D6.breakpoint_clusters.tsv	1110
data_somatic/HG008/NIST/HG008-T_clones/20240718p14/2D6/p15plus12/analysis/GRCh38/BCM_Revio_HG008T-2D6_20260313/HG008-T-2D6_vs_HG008-N-P/structural_variants/HG008T-2D6.circos.pdf	72569
data_somatic/HG008/NIST/HG008-T_clones/20240718p14/2D6/p15plus12/analysis/GRCh38/BCM_Revio_HG008T-2D6_20260313/HG008-T-2D6_vs_HG008-N-P/structural_variants/HG008T-2D6.severus.somatic.vcf.gz	24792
data_somatic/HG008/NIST/HG008-T_clones/20240718p14/2D6/p15plus12/analysis/GRCh38/BCM_Revio_HG008T-2D6_20260313/HG008-T-2D6_vs_HG008-N-P/structural_variants/HG008T-2D6.severus.somatic.vcf.gz.tbi	6679
data_somatic/HG008/NIST/HG008-T_clones/20240718p14/2D6/p15plus6/.DS_Store	6148
data_somatic/HG008/NIST/HG008-T_clones/20240718p14/2D6/p15plus6/KaryoLogic_20241028/Karyotype-Report-HG008-2D6.pdf	353247
data_somatic/HG008/NIST/HG008-T_clones/20240718p14/2D6/p15plus6/KaryoLogic_20241028/README_KaryoLogic_20241028.md	6352
data_somatic/HG008/NIST/HG008-T_clones/20240718p14/2E6/p15plus11/analysis/GRCh38/BCM_Revio_HG008T-2E6_20260313/HG008-T-2E6_vs_HG008-N-P/README_HG008-T-2E6_vs_HG008-N-P.md	12048
data_somatic/HG008/NIST/HG008-T_clones/20240718p14/2E6/p15plus11/analysis/GRCh38/BCM_Revio_HG008T-2E6_20260313/HG008-T-2E6_vs_HG008-N-P/biomarkers/HG008T-2E6.chord_hrd.txt	116
data_somatic/HG008/NIST/HG008-T_clones/20240718p14/2E6/p15plus11/analysis/GRCh38/BCM_Revio_HG008T-2E6_20260313/HG008-T-2E6_vs_HG008-N-P/biomarkers/HG008T-2E6.mutation_signatures.pdf	8676
data_somatic/HG008/NIST/HG008-T_clones/20240718p14/2E6/p15plus11/analysis/GRCh38/BCM_Revio_HG008T-2E6_20260313/HG008-T-2E6_vs_HG008-N-P/biomarkers/HG008T-2E6.owl_msi.txt	129
data_somatic/HG008/NIST/HG008-T_clones/20240718p14/2E6/p15plus11/analysis/GRCh38/BCM_Revio_HG008T-2E6_20260313/HG008-T-2E6_vs_HG008-N-P/biomarkers/HG008T-2E6.tmb_estimate.json	2375
data_somatic/HG008/NIST/HG008-T_clones/20240718p14/2E6/p15plus11/analysis/GRCh38/BCM_Revio_HG008T-2E6_20260313/HG008-T-2E6_vs_HG008-N-P/checksums.md5	3498
data_somatic/HG008/NIST/HG008-T_clones/20240718p14/2E6/p15plus11/analysis/GRCh38/BCM_Revio_HG008T-2E6_20260313/HG008-T-2E6_vs_HG008-N-P/copy_number/HG008T-2E6.cnvkit.call.cns	365059
data_somatic/HG008/NIST/HG008-T_clones/20240718p14/2E6/p15plus11/analysis/GRCh38/BCM_Revio_HG008T-2E6_20260313/HG008-T-2E6_vs_HG008-N-P/copy_number/HG008T-2E6.cnvkit.cns	443198
data_somatic/HG008/NIST/HG008-T_clones/20240718p14/2E6/p15plus11/analysis/GRCh38/BCM_Revio_HG008T-2E6_20260313/HG008-T-2E6_vs_HG008-N-P/copy_number/HG008T-2E6.cnvkit_diagram.pdf	4388843
data_somatic/HG008/NIST/HG008-T_clones/20240718p14/2E6/p15plus11/analysis/GRCh38/BCM_Revio_HG008T-2E6_20260313/HG008-T-2E6_vs_HG008-N-P/copy_number/HG008T-2E6.cnvkit_scatter.png	105367
data_somatic/HG008/NIST/HG008-T_clones/20240718p14/2E6/p15plus11/analysis/GRCh38/BCM_Revio_HG008T-2E6_20260313/HG008-T-2E6_vs_HG008-N-P/copy_number/HG008T-2E6.purple.cnv.gene.tsv	5220914
data_somatic/HG008/NIST/HG008-T_clones/20240718p14/2E6/p15plus11/analysis/GRCh38/BCM_Revio_HG008T-2E6_20260313/HG008-T-2E6_vs_HG008-N-P/copy_number/HG008T-2E6.purple.germline.deletion.tsv	24102
data_somatic/HG008/NIST/HG008-T_clones/20240718p14/2E6/p15plus11/analysis/GRCh38/BCM_Revio_HG008T-2E6_20260313/HG008-T-2E6_vs_HG008-N-P/copy_number/HG008T-2E6.purple.purity.tsv	475
data_somatic/HG008/NIST/HG008-T_clones/20240718p14/2E6/p15plus11/analysis/GRCh38/BCM_Revio_HG008T-2E6_20260313/HG008-T-2E6_vs_HG008-N-P/copy_number/HG008T-2E6.purple.segment.tsv	225896
data_somatic/HG008/NIST/HG008-T_clones/20240718p14/2E6/p15plus11/analysis/GRCh38/BCM_Revio_HG008T-2E6_20260313/HG008-T-2E6_vs_HG008-N-P/copy_number/HG008T-2E6.wakhan.tar.gz	452580888
data_somatic/HG008/NIST/HG008-T_clones/20240718p14/2E6/p15plus11/analysis/GRCh38/BCM_Revio_HG008T-2E6_20260313/HG008-T-2E6_vs_HG008-N-P/methylation/HG008-N-P.normal.cpg.combined.bed.gz	295545545
data_somatic/HG008/NIST/HG008-T_clones/20240718p14/2E6/p15plus11/analysis/GRCh38/BCM_Revio_HG008T-2E6_20260313/HG008-T-2E6_vs_HG008-N-P/methylation/HG008-N-P.normal.cpg.combined.bed.gz.tbi	1703017
data_somatic/HG008/NIST/HG008-T_clones/20240718p14/2E6/p15plus11/analysis/GRCh38/BCM_Revio_HG008T-2E6_20260313/HG008-T-2E6_vs_HG008-N-P/methylation/HG008-N-P.normal.cpg.hap1.bed.gz	234816981
data_somatic/HG008/NIST/HG008-T_clones/20240718p14/2E6/p15plus11/analysis/GRCh38/BCM_Revio_HG008T-2E6_20260313/HG008-T-2E6_vs_HG008-N-P/methylation/HG008-N-P.normal.cpg.hap1.bed.gz.tbi	1544736
data_somatic/HG008/NIST/HG008-T_clones/20240718p14/2E6/p15plus11/analysis/GRCh38/BCM_Revio_HG008T-2E6_20260313/HG008-T-2E6_vs_HG008-N-P/methylation/HG008-N-P.normal.cpg.hap2.bed.gz	234123992
data_somatic/HG008/NIST/HG008-T_clones/20240718p14/2E6/p15plus11/analysis/GRCh38/BCM_Revio_HG008T-2E6_20260313/HG008-T-2E6_vs_HG008-N-P/methylation/HG008-N-P.normal.cpg.hap2.bed.gz.tbi	1545150
data_somatic/HG008/NIST/HG008-T_clones/20240718p14/2E6/p15plus11/analysis/GRCh38/BCM_Revio_HG008T-2E6_20260313/HG008-T-2E6_vs_HG008-N-P/methylation/HG008T-2E6.DMR.tsv	18446278
data_somatic/HG008/NIST/HG008-T_clones/20240718p14/2E6/p15plus11/analysis/GRCh38/BCM_Revio_HG008T-2E6_20260313/HG008-T-2E6_vs_HG008-N-P/methylation/HG008T-2E6.dmr_intogen_summary.tsv.gz	13773
data_somatic/HG008/NIST/HG008-T_clones/20240718p14/2E6/p15plus11/analysis/GRCh38/BCM_Revio_HG008T-2E6_20260313/HG008-T-2E6_vs_HG008-N-P/methylation/HG008T-2E6.tumor.cpg.combined.bed.gz	278761877
data_somatic/HG008/NIST/HG008-T_clones/20240718p14/2E6/p15plus11/analysis/GRCh38/BCM_Revio_HG008T-2E6_20260313/HG008-T-2E6_vs_HG008-N-P/methylation/HG008T-2E6.tumor.cpg.combined.bed.gz.tbi	1700628
data_somatic/HG008/NIST/HG008-T_clones/20240718p14/2E6/p15plus11/analysis/GRCh38/BCM_Revio_HG008T-2E6_20260313/HG008-T-2E6_vs_HG008-N-P/methylation/HG008T-2E6.tumor.cpg.hap1.bed.gz	189680945
data_somatic/HG008/NIST/HG008-T_clones/20240718p14/2E6/p15plus11/analysis/GRCh38/BCM_Revio_HG008T-2E6_20260313/HG008-T-2E6_vs_HG008-N-P/methylation/HG008T-2E6.tumor.cpg.hap1.bed.gz.tbi	1325980
data_somatic/HG008/NIST/HG008-T_clones/20240718p14/2E6/p15plus11/analysis/GRCh38/BCM_Revio_HG008T-2E6_20260313/HG008-T-2E6_vs_HG008-N-P/methylation/HG008T-2E6.tumor.cpg.hap2.bed.gz	191745047
data_somatic/HG008/NIST/HG008-T_clones/20240718p14/2E6/p15plus11/analysis/GRCh38/BCM_Revio_HG008T-2E6_20260313/HG008-T-2E6_vs_HG008-N-P/methylation/HG008T-2E6.tumor.cpg.hap2.bed.gz.tbi	1335531
data_somatic/HG008/NIST/HG008-T_clones/20240718p14/2E6/p15plus11/analysis/GRCh38/BCM_Revio_HG008T-2E6_20260313/HG008-T-2E6_vs_HG008-N-P/plots/HG008T-2E6.purple.circos.png	546017
data_somatic/HG008/NIST/HG008-T_clones/20240718p14/2E6/p15plus11/analysis/GRCh38/BCM_Revio_HG008T-2E6_20260313/HG008-T-2E6_vs_HG008-N-P/plots/HG008T-2E6.purple.copynumber.png	51900
data_somatic/HG008/NIST/HG008-T_clones/20240718p14/2E6/p15plus11/analysis/GRCh38/BCM_Revio_HG008T-2E6_20260313/HG008-T-2E6_vs_HG008-N-P/plots/HG008T-2E6.purple.purity_range.png	71694
data_somatic/HG008/NIST/HG008-T_clones/20240718p14/2E6/p15plus11/analysis/GRCh38/BCM_Revio_HG008T-2E6_20260313/HG008-T-2E6_vs_HG008-N-P/plots/HG008T-2E6.purple.segment.png	135644
data_somatic/HG008/NIST/HG008-T_clones/20240718p14/2E6/p15plus11/analysis/GRCh38/BCM_Revio_HG008T-2E6_20260313/HG008-T-2E6_vs_HG008-N-P/small_variants/HG008-N-P.dipcall.germline.vcf.gz	61195256
data_somatic/HG008/NIST/HG008-T_clones/20240718p14/2E6/p15plus11/analysis/GRCh38/BCM_Revio_HG008T-2E6_20260313/HG008-T-2E6_vs_HG008-N-P/small_variants/HG008-N-P.dipcall.germline.vcf.gz.tbi	1565382
data_somatic/HG008/NIST/HG008-T_clones/20240718p14/2E6/p15plus11/analysis/GRCh38/BCM_Revio_HG008T-2E6_20260313/HG008-T-2E6_vs_HG008-N-P/small_variants/HG008T-2E6.deepsomatic.vcf.gz	322377
data_somatic/HG008/NIST/HG008-T_clones/20240718p14/2E6/p15plus11/analysis/GRCh38/BCM_Revio_HG008T-2E6_20260313/HG008-T-2E6_vs_HG008-N-P/small_variants/HG008T-2E6.deepsomatic.vcf.gz.tbi	126931
data_somatic/HG008/NIST/HG008-T_clones/20240718p14/2E6/p15plus11/analysis/GRCh38/BCM_Revio_HG008T-2E6_20260313/HG008-T-2E6_vs_HG008-N-P/small_variants/HG008T-2E6.deepsomatic.vep.vcf.gz	893697
data_somatic/HG008/NIST/HG008-T_clones/20240718p14/2E6/p15plus11/analysis/GRCh38/BCM_Revio_HG008T-2E6_20260313/HG008-T-2E6_vs_HG008-N-P/small_variants/HG008T-2E6.deepsomatic.vep.vcf.gz.tbi	140849
data_somatic/HG008/NIST/HG008-T_clones/20240718p14/2E6/p15plus11/analysis/GRCh38/BCM_Revio_HG008T-2E6_20260313/HG008-T-2E6_vs_HG008-N-P/small_variants/HG008T-2E6.dipcall.germline.vcf.gz	60748132
data_somatic/HG008/NIST/HG008-T_clones/20240718p14/2E6/p15plus11/analysis/GRCh38/BCM_Revio_HG008T-2E6_20260313/HG008-T-2E6_vs_HG008-N-P/small_variants/HG008T-2E6.dipcall.germline.vcf.gz.tbi	1564200
data_somatic/HG008/NIST/HG008-T_clones/20240718p14/2E6/p15plus11/analysis/GRCh38/BCM_Revio_HG008T-2E6_20260313/HG008-T-2E6_vs_HG008-N-P/small_variants/HG008T-2E6.intogen_ccg_variants.tsv	502786
data_somatic/HG008/NIST/HG008-T_clones/20240718p14/2E6/p15plus11/analysis/GRCh38/BCM_Revio_HG008T-2E6_20260313/HG008-T-2E6_vs_HG008-N-P/structural_variants/HG008T-2E6.breakpoint_clusters.tsv	1049
data_somatic/HG008/NIST/HG008-T_clones/20240718p14/2E6/p15plus11/analysis/GRCh38/BCM_Revio_HG008T-2E6_20260313/HG008-T-2E6_vs_HG008-N-P/structural_variants/HG008T-2E6.circos.pdf	73223
data_somatic/HG008/NIST/HG008-T_clones/20240718p14/2E6/p15plus11/analysis/GRCh38/BCM_Revio_HG008T-2E6_20260313/HG008-T-2E6_vs_HG008-N-P/structural_variants/HG008T-2E6.severus.somatic.vcf.gz	28907
data_somatic/HG008/NIST/HG008-T_clones/20240718p14/2E6/p15plus11/analysis/GRCh38/BCM_Revio_HG008T-2E6_20260313/HG008-T-2E6_vs_HG008-N-P/structural_variants/HG008T-2E6.severus.somatic.vcf.gz.tbi	7197
data_somatic/HG008/NIST/HG008-T_clones/20240718p14/2E6/p15plus12/KaryoLogic_20250320/KaryotypeReport-HG008-2E6_p15+12.pdf	354670
data_somatic/HG008/NIST/HG008-T_clones/20240718p14/2E6/p15plus12/KaryoLogic_20250320/README_KaryoLogic_20250320sc.md	5780
data_somatic/HG008/NIST/HG008-T_clones/20240718p14/3E4/.DS_Store	6148
data_somatic/HG008/NIST/HG008-T_clones/20240718p14/3E4/p15plus6/.DS_Store	6148
data_somatic/HG008/NIST/HG008-T_clones/20240718p14/3E4/p15plus6/KaryoLogic_20241028/Karyotype-Report-HG008-3E4.pdf	448811
data_somatic/HG008/NIST/HG008-T_clones/20240718p14/3E4/p15plus6/KaryoLogic_20241028/README_KaryoLogic_20241028.md	6352
data_somatic/HG008/NIST/HG008-T_clones/20240718p14/3E4/p15plus7/analysis/GRCh38/BCM_Revio_HG008T-3E4_20260313/HG008-T-3E4_vs_HG008-N-P/README_HG008-T-3E4_vs_HG008-N-P.md	12045
data_somatic/HG008/NIST/HG008-T_clones/20240718p14/3E4/p15plus7/analysis/GRCh38/BCM_Revio_HG008T-3E4_20260313/HG008-T-3E4_vs_HG008-N-P/biomarkers/HG008T-3E4.chord_hrd.txt	124
data_somatic/HG008/NIST/HG008-T_clones/20240718p14/3E4/p15plus7/analysis/GRCh38/BCM_Revio_HG008T-3E4_20260313/HG008-T-3E4_vs_HG008-N-P/biomarkers/HG008T-3E4.mutation_signatures.pdf	8934
data_somatic/HG008/NIST/HG008-T_clones/20240718p14/3E4/p15plus7/analysis/GRCh38/BCM_Revio_HG008T-3E4_20260313/HG008-T-3E4_vs_HG008-N-P/biomarkers/HG008T-3E4.owl_msi.txt	129
data_somatic/HG008/NIST/HG008-T_clones/20240718p14/3E4/p15plus7/analysis/GRCh38/BCM_Revio_HG008T-3E4_20260313/HG008-T-3E4_vs_HG008-N-P/biomarkers/HG008T-3E4.tmb_estimate.json	2309
data_somatic/HG008/NIST/HG008-T_clones/20240718p14/3E4/p15plus7/analysis/GRCh38/BCM_Revio_HG008T-3E4_20260313/HG008-T-3E4_vs_HG008-N-P/checksums.md5	3498
data_somatic/HG008/NIST/HG008-T_clones/20240718p14/3E4/p15plus7/analysis/GRCh38/BCM_Revio_HG008T-3E4_20260313/HG008-T-3E4_vs_HG008-N-P/copy_number/HG008T-3E4.cnvkit.call.cns	348542
data_somatic/HG008/NIST/HG008-T_clones/20240718p14/3E4/p15plus7/analysis/GRCh38/BCM_Revio_HG008T-3E4_20260313/HG008-T-3E4_vs_HG008-N-P/copy_number/HG008T-3E4.cnvkit.cns	386840
data_somatic/HG008/NIST/HG008-T_clones/20240718p14/3E4/p15plus7/analysis/GRCh38/BCM_Revio_HG008T-3E4_20260313/HG008-T-3E4_vs_HG008-N-P/copy_number/HG008T-3E4.cnvkit_diagram.pdf	4444852
data_somatic/HG008/NIST/HG008-T_clones/20240718p14/3E4/p15plus7/analysis/GRCh38/BCM_Revio_HG008T-3E4_20260313/HG008-T-3E4_vs_HG008-N-P/copy_number/HG008T-3E4.cnvkit_scatter.png	161700
data_somatic/HG008/NIST/HG008-T_clones/20240718p14/3E4/p15plus7/analysis/GRCh38/BCM_Revio_HG008T-3E4_20260313/HG008-T-3E4_vs_HG008-N-P/copy_number/HG008T-3E4.purple.cnv.gene.tsv	5244299
data_somatic/HG008/NIST/HG008-T_clones/20240718p14/3E4/p15plus7/analysis/GRCh38/BCM_Revio_HG008T-3E4_20260313/HG008-T-3E4_vs_HG008-N-P/copy_number/HG008T-3E4.purple.germline.deletion.tsv	25967
data_somatic/HG008/NIST/HG008-T_clones/20240718p14/3E4/p15plus7/analysis/GRCh38/BCM_Revio_HG008T-3E4_20260313/HG008-T-3E4_vs_HG008-N-P/copy_number/HG008T-3E4.purple.purity.tsv	475
data_somatic/HG008/NIST/HG008-T_clones/20240718p14/3E4/p15plus7/analysis/GRCh38/BCM_Revio_HG008T-3E4_20260313/HG008-T-3E4_vs_HG008-N-P/copy_number/HG008T-3E4.purple.segment.tsv	251009
data_somatic/HG008/NIST/HG008-T_clones/20240718p14/3E4/p15plus7/analysis/GRCh38/BCM_Revio_HG008T-3E4_20260313/HG008-T-3E4_vs_HG008-N-P/copy_number/HG008T-3E4.wakhan.tar.gz	470219980
data_somatic/HG008/NIST/HG008-T_clones/20240718p14/3E4/p15plus7/analysis/GRCh38/BCM_Revio_HG008T-3E4_20260313/HG008-T-3E4_vs_HG008-N-P/methylation/HG008-N-P.normal.cpg.combined.bed.gz	295545545
data_somatic/HG008/NIST/HG008-T_clones/20240718p14/3E4/p15plus7/analysis/GRCh38/BCM_Revio_HG008T-3E4_20260313/HG008-T-3E4_vs_HG008-N-P/methylation/HG008-N-P.normal.cpg.combined.bed.gz.tbi	1703017
data_somatic/HG008/NIST/HG008-T_clones/20240718p14/3E4/p15plus7/analysis/GRCh38/BCM_Revio_HG008T-3E4_20260313/HG008-T-3E4_vs_HG008-N-P/methylation/HG008-N-P.normal.cpg.hap1.bed.gz	234816981
data_somatic/HG008/NIST/HG008-T_clones/20240718p14/3E4/p15plus7/analysis/GRCh38/BCM_Revio_HG008T-3E4_20260313/HG008-T-3E4_vs_HG008-N-P/methylation/HG008-N-P.normal.cpg.hap1.bed.gz.tbi	1544736
data_somatic/HG008/NIST/HG008-T_clones/20240718p14/3E4/p15plus7/analysis/GRCh38/BCM_Revio_HG008T-3E4_20260313/HG008-T-3E4_vs_HG008-N-P/methylation/HG008-N-P.normal.cpg.hap2.bed.gz	234123992
data_somatic/HG008/NIST/HG008-T_clones/20240718p14/3E4/p15plus7/analysis/GRCh38/BCM_Revio_HG008T-3E4_20260313/HG008-T-3E4_vs_HG008-N-P/methylation/HG008-N-P.normal.cpg.hap2.bed.gz.tbi	1545150
data_somatic/HG008/NIST/HG008-T_clones/20240718p14/3E4/p15plus7/analysis/GRCh38/BCM_Revio_HG008T-3E4_20260313/HG008-T-3E4_vs_HG008-N-P/methylation/HG008T-3E4.DMR.tsv	15547860
data_somatic/HG008/NIST/HG008-T_clones/20240718p14/3E4/p15plus7/analysis/GRCh38/BCM_Revio_HG008T-3E4_20260313/HG008-T-3E4_vs_HG008-N-P/methylation/HG008T-3E4.dmr_intogen_summary.tsv.gz	14672
data_somatic/HG008/NIST/HG008-T_clones/20240718p14/3E4/p15plus7/analysis/GRCh38/BCM_Revio_HG008T-3E4_20260313/HG008-T-3E4_vs_HG008-N-P/methylation/HG008T-3E4.tumor.cpg.combined.bed.gz	280245189
data_somatic/HG008/NIST/HG008-T_clones/20240718p14/3E4/p15plus7/analysis/GRCh38/BCM_Revio_HG008T-3E4_20260313/HG008-T-3E4_vs_HG008-N-P/methylation/HG008T-3E4.tumor.cpg.combined.bed.gz.tbi	1701135
data_somatic/HG008/NIST/HG008-T_clones/20240718p14/3E4/p15plus7/analysis/GRCh38/BCM_Revio_HG008T-3E4_20260313/HG008-T-3E4_vs_HG008-N-P/methylation/HG008T-3E4.tumor.cpg.hap1.bed.gz	194715782
data_somatic/HG008/NIST/HG008-T_clones/20240718p14/3E4/p15plus7/analysis/GRCh38/BCM_Revio_HG008T-3E4_20260313/HG008-T-3E4_vs_HG008-N-P/methylation/HG008T-3E4.tumor.cpg.hap1.bed.gz.tbi	1345634
data_somatic/HG008/NIST/HG008-T_clones/20240718p14/3E4/p15plus7/analysis/GRCh38/BCM_Revio_HG008T-3E4_20260313/HG008-T-3E4_vs_HG008-N-P/methylation/HG008T-3E4.tumor.cpg.hap2.bed.gz	197207868
data_somatic/HG008/NIST/HG008-T_clones/20240718p14/3E4/p15plus7/analysis/GRCh38/BCM_Revio_HG008T-3E4_20260313/HG008-T-3E4_vs_HG008-N-P/methylation/HG008T-3E4.tumor.cpg.hap2.bed.gz.tbi	1365172
data_somatic/HG008/NIST/HG008-T_clones/20240718p14/3E4/p15plus7/analysis/GRCh38/BCM_Revio_HG008T-3E4_20260313/HG008-T-3E4_vs_HG008-N-P/plots/HG008T-3E4.purple.circos.png	523658
data_somatic/HG008/NIST/HG008-T_clones/20240718p14/3E4/p15plus7/analysis/GRCh38/BCM_Revio_HG008T-3E4_20260313/HG008-T-3E4_vs_HG008-N-P/plots/HG008T-3E4.purple.copynumber.png	46876
data_somatic/HG008/NIST/HG008-T_clones/20240718p14/3E4/p15plus7/analysis/GRCh38/BCM_Revio_HG008T-3E4_20260313/HG008-T-3E4_vs_HG008-N-P/plots/HG008T-3E4.purple.purity_range.png	73338
data_somatic/HG008/NIST/HG008-T_clones/20240718p14/3E4/p15plus7/analysis/GRCh38/BCM_Revio_HG008T-3E4_20260313/HG008-T-3E4_vs_HG008-N-P/plots/HG008T-3E4.purple.segment.png	164843
data_somatic/HG008/NIST/HG008-T_clones/20240718p14/3E4/p15plus7/analysis/GRCh38/BCM_Revio_HG008T-3E4_20260313/HG008-T-3E4_vs_HG008-N-P/small_variants/HG008-N-P.dipcall.germline.vcf.gz	61195256
data_somatic/HG008/NIST/HG008-T_clones/20240718p14/3E4/p15plus7/analysis/GRCh38/BCM_Revio_HG008T-3E4_20260313/HG008-T-3E4_vs_HG008-N-P/small_variants/HG008-N-P.dipcall.germline.vcf.gz.tbi	1565382
data_somatic/HG008/NIST/HG008-T_clones/20240718p14/3E4/p15plus7/analysis/GRCh38/BCM_Revio_HG008T-3E4_20260313/HG008-T-3E4_vs_HG008-N-P/small_variants/HG008T-3E4.deepsomatic.vcf.gz	340322
data_somatic/HG008/NIST/HG008-T_clones/20240718p14/3E4/p15plus7/analysis/GRCh38/BCM_Revio_HG008T-3E4_20260313/HG008-T-3E4_vs_HG008-N-P/small_variants/HG008T-3E4.deepsomatic.vcf.gz.tbi	129204
data_somatic/HG008/NIST/HG008-T_clones/20240718p14/3E4/p15plus7/analysis/GRCh38/BCM_Revio_HG008T-3E4_20260313/HG008-T-3E4_vs_HG008-N-P/small_variants/HG008T-3E4.deepsomatic.vep.vcf.gz	963676
data_somatic/HG008/NIST/HG008-T_clones/20240718p14/3E4/p15plus7/analysis/GRCh38/BCM_Revio_HG008T-3E4_20260313/HG008-T-3E4_vs_HG008-N-P/small_variants/HG008T-3E4.deepsomatic.vep.vcf.gz.tbi	143321
data_somatic/HG008/NIST/HG008-T_clones/20240718p14/3E4/p15plus7/analysis/GRCh38/BCM_Revio_HG008T-3E4_20260313/HG008-T-3E4_vs_HG008-N-P/small_variants/HG008T-3E4.dipcall.germline.vcf.gz	60651532
data_somatic/HG008/NIST/HG008-T_clones/20240718p14/3E4/p15plus7/analysis/GRCh38/BCM_Revio_HG008T-3E4_20260313/HG008-T-3E4_vs_HG008-N-P/small_variants/HG008T-3E4.dipcall.germline.vcf.gz.tbi	1564080
data_somatic/HG008/NIST/HG008-T_clones/20240718p14/3E4/p15plus7/analysis/GRCh38/BCM_Revio_HG008T-3E4_20260313/HG008-T-3E4_vs_HG008-N-P/small_variants/HG008T-3E4.intogen_ccg_variants.tsv	498216
data_somatic/HG008/NIST/HG008-T_clones/20240718p14/3E4/p15plus7/analysis/GRCh38/BCM_Revio_HG008T-3E4_20260313/HG008-T-3E4_vs_HG008-N-P/structural_variants/HG008T-3E4.breakpoint_clusters.tsv	984
data_somatic/HG008/NIST/HG008-T_clones/20240718p14/3E4/p15plus7/analysis/GRCh38/BCM_Revio_HG008T-3E4_20260313/HG008-T-3E4_vs_HG008-N-P/structural_variants/HG008T-3E4.circos.pdf	72328
data_somatic/HG008/NIST/HG008-T_clones/20240718p14/3E4/p15plus7/analysis/GRCh38/BCM_Revio_HG008T-3E4_20260313/HG008-T-3E4_vs_HG008-N-P/structural_variants/HG008T-3E4.severus.somatic.vcf.gz	51683
data_somatic/HG008/NIST/HG008-T_clones/20240718p14/3E4/p15plus7/analysis/GRCh38/BCM_Revio_HG008T-3E4_20260313/HG008-T-3E4_vs_HG008-N-P/structural_variants/HG008T-3E4.severus.somatic.vcf.gz.tbi	7513
data_somatic/HG008/NIST/HG008-T_clones/20240805p19/SC14/p20plus11/KaryoLogic_20241028/Karyotype-Report-HG008-SC14.pdf	361515
data_somatic/HG008/NIST/HG008-T_clones/20240805p19/SC14/p20plus11/KaryoLogic_20241028/README_KaryoLogic_20241028.md	6352
data_somatic/HG008/NIST/HG008-T_clones/20240805p19/SC14/p20plus13/analysis/GRCh38/BCM_Revio_HG008T-SC14_20260313/HG008-T-SC14_vs_HG008-N-P/README_HG008-T-SC14_vs_HG008-N-P.md	12088
data_somatic/HG008/NIST/HG008-T_clones/20240805p19/SC14/p20plus13/analysis/GRCh38/BCM_Revio_HG008T-SC14_20260313/HG008-T-SC14_vs_HG008-N-P/biomarkers/HG008T-SC14.chord_hrd.txt	124
data_somatic/HG008/NIST/HG008-T_clones/20240805p19/SC14/p20plus13/analysis/GRCh38/BCM_Revio_HG008T-SC14_20260313/HG008-T-SC14_vs_HG008-N-P/biomarkers/HG008T-SC14.mutation_signatures.pdf	8730
data_somatic/HG008/NIST/HG008-T_clones/20240805p19/SC14/p20plus13/analysis/GRCh38/BCM_Revio_HG008T-SC14_20260313/HG008-T-SC14_vs_HG008-N-P/biomarkers/HG008T-SC14.owl_msi.txt	129
data_somatic/HG008/NIST/HG008-T_clones/20240805p19/SC14/p20plus13/analysis/GRCh38/BCM_Revio_HG008T-SC14_20260313/HG008-T-SC14_vs_HG008-N-P/biomarkers/HG008T-SC14.tmb_estimate.json	2243
data_somatic/HG008/NIST/HG008-T_clones/20240805p19/SC14/p20plus13/analysis/GRCh38/BCM_Revio_HG008T-SC14_20260313/HG008-T-SC14_vs_HG008-N-P/checksums.md5	3534
data_somatic/HG008/NIST/HG008-T_clones/20240805p19/SC14/p20plus13/analysis/GRCh38/BCM_Revio_HG008T-SC14_20260313/HG008-T-SC14_vs_HG008-N-P/copy_number/HG008T-SC14.cnvkit.call.cns	358260
data_somatic/HG008/NIST/HG008-T_clones/20240805p19/SC14/p20plus13/analysis/GRCh38/BCM_Revio_HG008T-SC14_20260313/HG008-T-SC14_vs_HG008-N-P/copy_number/HG008T-SC14.cnvkit.cns	444835
data_somatic/HG008/NIST/HG008-T_clones/20240805p19/SC14/p20plus13/analysis/GRCh38/BCM_Revio_HG008T-SC14_20260313/HG008-T-SC14_vs_HG008-N-P/copy_number/HG008T-SC14.cnvkit_diagram.pdf	4463478
data_somatic/HG008/NIST/HG008-T_clones/20240805p19/SC14/p20plus13/analysis/GRCh38/BCM_Revio_HG008T-SC14_20260313/HG008-T-SC14_vs_HG008-N-P/copy_number/HG008T-SC14.cnvkit_scatter.png	144848
data_somatic/HG008/NIST/HG008-T_clones/20240805p19/SC14/p20plus13/analysis/GRCh38/BCM_Revio_HG008T-SC14_20260313/HG008-T-SC14_vs_HG008-N-P/copy_number/HG008T-SC14.purple.cnv.gene.tsv	5187869
data_somatic/HG008/NIST/HG008-T_clones/20240805p19/SC14/p20plus13/analysis/GRCh38/BCM_Revio_HG008T-SC14_20260313/HG008-T-SC14_vs_HG008-N-P/copy_number/HG008T-SC14.purple.germline.deletion.tsv	31852
data_somatic/HG008/NIST/HG008-T_clones/20240805p19/SC14/p20plus13/analysis/GRCh38/BCM_Revio_HG008T-SC14_20260313/HG008-T-SC14_vs_HG008-N-P/copy_number/HG008T-SC14.purple.purity.tsv	475
data_somatic/HG008/NIST/HG008-T_clones/20240805p19/SC14/p20plus13/analysis/GRCh38/BCM_Revio_HG008T-SC14_20260313/HG008-T-SC14_vs_HG008-N-P/copy_number/HG008T-SC14.purple.segment.tsv	295940
data_somatic/HG008/NIST/HG008-T_clones/20240805p19/SC14/p20plus13/analysis/GRCh38/BCM_Revio_HG008T-SC14_20260313/HG008-T-SC14_vs_HG008-N-P/copy_number/HG008T-SC14.wakhan.tar.gz	464851381
data_somatic/HG008/NIST/HG008-T_clones/20240805p19/SC14/p20plus13/analysis/GRCh38/BCM_Revio_HG008T-SC14_20260313/HG008-T-SC14_vs_HG008-N-P/methylation/HG008-N-P.normal.cpg.combined.bed.gz	295545545
data_somatic/HG008/NIST/HG008-T_clones/20240805p19/SC14/p20plus13/analysis/GRCh38/BCM_Revio_HG008T-SC14_20260313/HG008-T-SC14_vs_HG008-N-P/methylation/HG008-N-P.normal.cpg.combined.bed.gz.tbi	1703017
data_somatic/HG008/NIST/HG008-T_clones/20240805p19/SC14/p20plus13/analysis/GRCh38/BCM_Revio_HG008T-SC14_20260313/HG008-T-SC14_vs_HG008-N-P/methylation/HG008-N-P.normal.cpg.hap1.bed.gz	234816981
data_somatic/HG008/NIST/HG008-T_clones/20240805p19/SC14/p20plus13/analysis/GRCh38/BCM_Revio_HG008T-SC14_20260313/HG008-T-SC14_vs_HG008-N-P/methylation/HG008-N-P.normal.cpg.hap1.bed.gz.tbi	1544736
data_somatic/HG008/NIST/HG008-T_clones/20240805p19/SC14/p20plus13/analysis/GRCh38/BCM_Revio_HG008T-SC14_20260313/HG008-T-SC14_vs_HG008-N-P/methylation/HG008-N-P.normal.cpg.hap2.bed.gz	234123992
data_somatic/HG008/NIST/HG008-T_clones/20240805p19/SC14/p20plus13/analysis/GRCh38/BCM_Revio_HG008T-SC14_20260313/HG008-T-SC14_vs_HG008-N-P/methylation/HG008-N-P.normal.cpg.hap2.bed.gz.tbi	1545150
data_somatic/HG008/NIST/HG008-T_clones/20240805p19/SC14/p20plus13/analysis/GRCh38/BCM_Revio_HG008T-SC14_20260313/HG008-T-SC14_vs_HG008-N-P/methylation/HG008T-SC14.DMR.tsv	20100231
data_somatic/HG008/NIST/HG008-T_clones/20240805p19/SC14/p20plus13/analysis/GRCh38/BCM_Revio_HG008T-SC14_20260313/HG008-T-SC14_vs_HG008-N-P/methylation/HG008T-SC14.dmr_intogen_summary.tsv.gz	12557
data_somatic/HG008/NIST/HG008-T_clones/20240805p19/SC14/p20plus13/analysis/GRCh38/BCM_Revio_HG008T-SC14_20260313/HG008-T-SC14_vs_HG008-N-P/methylation/HG008T-SC14.tumor.cpg.combined.bed.gz	288546514
data_somatic/HG008/NIST/HG008-T_clones/20240805p19/SC14/p20plus13/analysis/GRCh38/BCM_Revio_HG008T-SC14_20260313/HG008-T-SC14_vs_HG008-N-P/methylation/HG008T-SC14.tumor.cpg.combined.bed.gz.tbi	1700616
data_somatic/HG008/NIST/HG008-T_clones/20240805p19/SC14/p20plus13/analysis/GRCh38/BCM_Revio_HG008T-SC14_20260313/HG008-T-SC14_vs_HG008-N-P/methylation/HG008T-SC14.tumor.cpg.hap1.bed.gz	199419228
data_somatic/HG008/NIST/HG008-T_clones/20240805p19/SC14/p20plus13/analysis/GRCh38/BCM_Revio_HG008T-SC14_20260313/HG008-T-SC14_vs_HG008-N-P/methylation/HG008T-SC14.tumor.cpg.hap1.bed.gz.tbi	1342971
data_somatic/HG008/NIST/HG008-T_clones/20240805p19/SC14/p20plus13/analysis/GRCh38/BCM_Revio_HG008T-SC14_20260313/HG008-T-SC14_vs_HG008-N-P/methylation/HG008T-SC14.tumor.cpg.hap2.bed.gz	202358239
data_somatic/HG008/NIST/HG008-T_clones/20240805p19/SC14/p20plus13/analysis/GRCh38/BCM_Revio_HG008T-SC14_20260313/HG008-T-SC14_vs_HG008-N-P/methylation/HG008T-SC14.tumor.cpg.hap2.bed.gz.tbi	1356576
data_somatic/HG008/NIST/HG008-T_clones/20240805p19/SC14/p20plus13/analysis/GRCh38/BCM_Revio_HG008T-SC14_20260313/HG008-T-SC14_vs_HG008-N-P/plots/HG008T-SC14.purple.circos.png	569561
data_somatic/HG008/NIST/HG008-T_clones/20240805p19/SC14/p20plus13/analysis/GRCh38/BCM_Revio_HG008T-SC14_20260313/HG008-T-SC14_vs_HG008-N-P/plots/HG008T-SC14.purple.copynumber.png	50220
data_somatic/HG008/NIST/HG008-T_clones/20240805p19/SC14/p20plus13/analysis/GRCh38/BCM_Revio_HG008T-SC14_20260313/HG008-T-SC14_vs_HG008-N-P/plots/HG008T-SC14.purple.purity_range.png	72356
data_somatic/HG008/NIST/HG008-T_clones/20240805p19/SC14/p20plus13/analysis/GRCh38/BCM_Revio_HG008T-SC14_20260313/HG008-T-SC14_vs_HG008-N-P/plots/HG008T-SC14.purple.segment.png	137664
data_somatic/HG008/NIST/HG008-T_clones/20240805p19/SC14/p20plus13/analysis/GRCh38/BCM_Revio_HG008T-SC14_20260313/HG008-T-SC14_vs_HG008-N-P/small_variants/HG008-N-P.dipcall.germline.vcf.gz	61195256
data_somatic/HG008/NIST/HG008-T_clones/20240805p19/SC14/p20plus13/analysis/GRCh38/BCM_Revio_HG008T-SC14_20260313/HG008-T-SC14_vs_HG008-N-P/small_variants/HG008-N-P.dipcall.germline.vcf.gz.tbi	1565382
data_somatic/HG008/NIST/HG008-T_clones/20240805p19/SC14/p20plus13/analysis/GRCh38/BCM_Revio_HG008T-SC14_20260313/HG008-T-SC14_vs_HG008-N-P/small_variants/HG008T-SC14.deepsomatic.vcf.gz	342082
data_somatic/HG008/NIST/HG008-T_clones/20240805p19/SC14/p20plus13/analysis/GRCh38/BCM_Revio_HG008T-SC14_20260313/HG008-T-SC14_vs_HG008-N-P/small_variants/HG008T-SC14.deepsomatic.vcf.gz.tbi	129906
data_somatic/HG008/NIST/HG008-T_clones/20240805p19/SC14/p20plus13/analysis/GRCh38/BCM_Revio_HG008T-SC14_20260313/HG008-T-SC14_vs_HG008-N-P/small_variants/HG008T-SC14.deepsomatic.vep.vcf.gz	955364
data_somatic/HG008/NIST/HG008-T_clones/20240805p19/SC14/p20plus13/analysis/GRCh38/BCM_Revio_HG008T-SC14_20260313/HG008-T-SC14_vs_HG008-N-P/small_variants/HG008T-SC14.deepsomatic.vep.vcf.gz.tbi	144295
data_somatic/HG008/NIST/HG008-T_clones/20240805p19/SC14/p20plus13/analysis/GRCh38/BCM_Revio_HG008T-SC14_20260313/HG008-T-SC14_vs_HG008-N-P/small_variants/HG008T-SC14.dipcall.germline.vcf.gz	60708787
data_somatic/HG008/NIST/HG008-T_clones/20240805p19/SC14/p20plus13/analysis/GRCh38/BCM_Revio_HG008T-SC14_20260313/HG008-T-SC14_vs_HG008-N-P/small_variants/HG008T-SC14.dipcall.germline.vcf.gz.tbi	1564256
data_somatic/HG008/NIST/HG008-T_clones/20240805p19/SC14/p20plus13/analysis/GRCh38/BCM_Revio_HG008T-SC14_20260313/HG008-T-SC14_vs_HG008-N-P/small_variants/HG008T-SC14.intogen_ccg_variants.tsv	491151
data_somatic/HG008/NIST/HG008-T_clones/20240805p19/SC14/p20plus13/analysis/GRCh38/BCM_Revio_HG008T-SC14_20260313/HG008-T-SC14_vs_HG008-N-P/structural_variants/HG008T-SC14.breakpoint_clusters.tsv	1573
data_somatic/HG008/NIST/HG008-T_clones/20240805p19/SC14/p20plus13/analysis/GRCh38/BCM_Revio_HG008T-SC14_20260313/HG008-T-SC14_vs_HG008-N-P/structural_variants/HG008T-SC14.circos.pdf	71724
data_somatic/HG008/NIST/HG008-T_clones/20240805p19/SC14/p20plus13/analysis/GRCh38/BCM_Revio_HG008T-SC14_20260313/HG008-T-SC14_vs_HG008-N-P/structural_variants/HG008T-SC14.severus.somatic.vcf.gz	30855
data_somatic/HG008/NIST/HG008-T_clones/20240805p19/SC14/p20plus13/analysis/GRCh38/BCM_Revio_HG008T-SC14_20260313/HG008-T-SC14_vs_HG008-N-P/structural_variants/HG008T-SC14.severus.somatic.vcf.gz.tbi	7009
data_somatic/HG008/NIST/HG008-T_clones/20240805p19/SC14/p20plus32/karyologic_20240206/Karyotype-Report-HG008-SC14_p20+32.pdf	360117
data_somatic/HG008/NIST/HG008-T_clones/20240805p19/SC14/p20plus32/karyologic_20240206/README_KaryoLogic_20250206.md	6095
data_somatic/HG008/NIST/HG008-T_clones/20240805p19/SC24/p20plus11/Karyologic_20250320/KaryotypeReport-HG008-SC24_p20+11.pdf	629678
data_somatic/HG008/NIST/HG008-T_clones/20240805p19/SC24/p20plus11/Karyologic_20250320/README_KaryoLogic_20250320sc.md	5780
data_somatic/HG008/NIST/HG008-T_clones/20240805p19/SC24/p20plus8/analysis/GRCh38/BCM_Revio_HG008T-SC24_20260313/HG008-T-SC24_vs_HG008-N-P/README_HG008-T-SC24_vs_HG008-N-P.md	12087
data_somatic/HG008/NIST/HG008-T_clones/20240805p19/SC24/p20plus8/analysis/GRCh38/BCM_Revio_HG008T-SC24_20260313/HG008-T-SC24_vs_HG008-N-P/biomarkers/HG008T-SC24.chord_hrd.txt	124
data_somatic/HG008/NIST/HG008-T_clones/20240805p19/SC24/p20plus8/analysis/GRCh38/BCM_Revio_HG008T-SC24_20260313/HG008-T-SC24_vs_HG008-N-P/biomarkers/HG008T-SC24.mutation_signatures.pdf	8702
data_somatic/HG008/NIST/HG008-T_clones/20240805p19/SC24/p20plus8/analysis/GRCh38/BCM_Revio_HG008T-SC24_20260313/HG008-T-SC24_vs_HG008-N-P/biomarkers/HG008T-SC24.owl_msi.txt	129
data_somatic/HG008/NIST/HG008-T_clones/20240805p19/SC24/p20plus8/analysis/GRCh38/BCM_Revio_HG008T-SC24_20260313/HG008-T-SC24_vs_HG008-N-P/biomarkers/HG008T-SC24.tmb_estimate.json	2242
data_somatic/HG008/NIST/HG008-T_clones/20240805p19/SC24/p20plus8/analysis/GRCh38/BCM_Revio_HG008T-SC24_20260313/HG008-T-SC24_vs_HG008-N-P/checksums.md5	3534
data_somatic/HG008/NIST/HG008-T_clones/20240805p19/SC24/p20plus8/analysis/GRCh38/BCM_Revio_HG008T-SC24_20260313/HG008-T-SC24_vs_HG008-N-P/copy_number/HG008T-SC24.cnvkit.call.cns	372762
data_somatic/HG008/NIST/HG008-T_clones/20240805p19/SC24/p20plus8/analysis/GRCh38/BCM_Revio_HG008T-SC24_20260313/HG008-T-SC24_vs_HG008-N-P/copy_number/HG008T-SC24.cnvkit.cns	471459
data_somatic/HG008/NIST/HG008-T_clones/20240805p19/SC24/p20plus8/analysis/GRCh38/BCM_Revio_HG008T-SC24_20260313/HG008-T-SC24_vs_HG008-N-P/copy_number/HG008T-SC24.cnvkit_diagram.pdf	4447273
data_somatic/HG008/NIST/HG008-T_clones/20240805p19/SC24/p20plus8/analysis/GRCh38/BCM_Revio_HG008T-SC24_20260313/HG008-T-SC24_vs_HG008-N-P/copy_number/HG008T-SC24.cnvkit_scatter.png	173829
data_somatic/HG008/NIST/HG008-T_clones/20240805p19/SC24/p20plus8/analysis/GRCh38/BCM_Revio_HG008T-SC24_20260313/HG008-T-SC24_vs_HG008-N-P/copy_number/HG008T-SC24.purple.cnv.gene.tsv	5164306
data_somatic/HG008/NIST/HG008-T_clones/20240805p19/SC24/p20plus8/analysis/GRCh38/BCM_Revio_HG008T-SC24_20260313/HG008-T-SC24_vs_HG008-N-P/copy_number/HG008T-SC24.purple.germline.deletion.tsv	30508
data_somatic/HG008/NIST/HG008-T_clones/20240805p19/SC24/p20plus8/analysis/GRCh38/BCM_Revio_HG008T-SC24_20260313/HG008-T-SC24_vs_HG008-N-P/copy_number/HG008T-SC24.purple.purity.tsv	475
data_somatic/HG008/NIST/HG008-T_clones/20240805p19/SC24/p20plus8/analysis/GRCh38/BCM_Revio_HG008T-SC24_20260313/HG008-T-SC24_vs_HG008-N-P/copy_number/HG008T-SC24.purple.segment.tsv	287992
data_somatic/HG008/NIST/HG008-T_clones/20240805p19/SC24/p20plus8/analysis/GRCh38/BCM_Revio_HG008T-SC24_20260313/HG008-T-SC24_vs_HG008-N-P/copy_number/HG008T-SC24.wakhan.tar.gz	537340317
data_somatic/HG008/NIST/HG008-T_clones/20240805p19/SC24/p20plus8/analysis/GRCh38/BCM_Revio_HG008T-SC24_20260313/HG008-T-SC24_vs_HG008-N-P/methylation/HG008-N-P.normal.cpg.combined.bed.gz	295545545
data_somatic/HG008/NIST/HG008-T_clones/20240805p19/SC24/p20plus8/analysis/GRCh38/BCM_Revio_HG008T-SC24_20260313/HG008-T-SC24_vs_HG008-N-P/methylation/HG008-N-P.normal.cpg.combined.bed.gz.tbi	1703017
data_somatic/HG008/NIST/HG008-T_clones/20240805p19/SC24/p20plus8/analysis/GRCh38/BCM_Revio_HG008T-SC24_20260313/HG008-T-SC24_vs_HG008-N-P/methylation/HG008-N-P.normal.cpg.hap1.bed.gz	234816981
data_somatic/HG008/NIST/HG008-T_clones/20240805p19/SC24/p20plus8/analysis/GRCh38/BCM_Revio_HG008T-SC24_20260313/HG008-T-SC24_vs_HG008-N-P/methylation/HG008-N-P.normal.cpg.hap1.bed.gz.tbi	1544736
data_somatic/HG008/NIST/HG008-T_clones/20240805p19/SC24/p20plus8/analysis/GRCh38/BCM_Revio_HG008T-SC24_20260313/HG008-T-SC24_vs_HG008-N-P/methylation/HG008-N-P.normal.cpg.hap2.bed.gz	234123992
data_somatic/HG008/NIST/HG008-T_clones/20240805p19/SC24/p20plus8/analysis/GRCh38/BCM_Revio_HG008T-SC24_20260313/HG008-T-SC24_vs_HG008-N-P/methylation/HG008-N-P.normal.cpg.hap2.bed.gz.tbi	1545150
data_somatic/HG008/NIST/HG008-T_clones/20240805p19/SC24/p20plus8/analysis/GRCh38/BCM_Revio_HG008T-SC24_20260313/HG008-T-SC24_vs_HG008-N-P/methylation/HG008T-SC24.DMR.tsv	14508057
data_somatic/HG008/NIST/HG008-T_clones/20240805p19/SC24/p20plus8/analysis/GRCh38/BCM_Revio_HG008T-SC24_20260313/HG008-T-SC24_vs_HG008-N-P/methylation/HG008T-SC24.dmr_intogen_summary.tsv.gz	15305
data_somatic/HG008/NIST/HG008-T_clones/20240805p19/SC24/p20plus8/analysis/GRCh38/BCM_Revio_HG008T-SC24_20260313/HG008-T-SC24_vs_HG008-N-P/methylation/HG008T-SC24.tumor.cpg.combined.bed.gz	271072799
data_somatic/HG008/NIST/HG008-T_clones/20240805p19/SC24/p20plus8/analysis/GRCh38/BCM_Revio_HG008T-SC24_20260313/HG008-T-SC24_vs_HG008-N-P/methylation/HG008T-SC24.tumor.cpg.combined.bed.gz.tbi	1698728
data_somatic/HG008/NIST/HG008-T_clones/20240805p19/SC24/p20plus8/analysis/GRCh38/BCM_Revio_HG008T-SC24_20260313/HG008-T-SC24_vs_HG008-N-P/methylation/HG008T-SC24.tumor.cpg.hap1.bed.gz	183024228
data_somatic/HG008/NIST/HG008-T_clones/20240805p19/SC24/p20plus8/analysis/GRCh38/BCM_Revio_HG008T-SC24_20260313/HG008-T-SC24_vs_HG008-N-P/methylation/HG008T-SC24.tumor.cpg.hap1.bed.gz.tbi	1307524
data_somatic/HG008/NIST/HG008-T_clones/20240805p19/SC24/p20plus8/analysis/GRCh38/BCM_Revio_HG008T-SC24_20260313/HG008-T-SC24_vs_HG008-N-P/methylation/HG008T-SC24.tumor.cpg.hap2.bed.gz	184884676
data_somatic/HG008/NIST/HG008-T_clones/20240805p19/SC24/p20plus8/analysis/GRCh38/BCM_Revio_HG008T-SC24_20260313/HG008-T-SC24_vs_HG008-N-P/methylation/HG008T-SC24.tumor.cpg.hap2.bed.gz.tbi	1314816
data_somatic/HG008/NIST/HG008-T_clones/20240805p19/SC24/p20plus8/analysis/GRCh38/BCM_Revio_HG008T-SC24_20260313/HG008-T-SC24_vs_HG008-N-P/plots/HG008T-SC24.purple.circos.png	574289
data_somatic/HG008/NIST/HG008-T_clones/20240805p19/SC24/p20plus8/analysis/GRCh38/BCM_Revio_HG008T-SC24_20260313/HG008-T-SC24_vs_HG008-N-P/plots/HG008T-SC24.purple.copynumber.png	50299
data_somatic/HG008/NIST/HG008-T_clones/20240805p19/SC24/p20plus8/analysis/GRCh38/BCM_Revio_HG008T-SC24_20260313/HG008-T-SC24_vs_HG008-N-P/plots/HG008T-SC24.purple.purity_range.png	71490
data_somatic/HG008/NIST/HG008-T_clones/20240805p19/SC24/p20plus8/analysis/GRCh38/BCM_Revio_HG008T-SC24_20260313/HG008-T-SC24_vs_HG008-N-P/plots/HG008T-SC24.purple.segment.png	158738
data_somatic/HG008/NIST/HG008-T_clones/20240805p19/SC24/p20plus8/analysis/GRCh38/BCM_Revio_HG008T-SC24_20260313/HG008-T-SC24_vs_HG008-N-P/small_variants/HG008-N-P.dipcall.germline.vcf.gz	61195256
data_somatic/HG008/NIST/HG008-T_clones/20240805p19/SC24/p20plus8/analysis/GRCh38/BCM_Revio_HG008T-SC24_20260313/HG008-T-SC24_vs_HG008-N-P/small_variants/HG008-N-P.dipcall.germline.vcf.gz.tbi	1565382
data_somatic/HG008/NIST/HG008-T_clones/20240805p19/SC24/p20plus8/analysis/GRCh38/BCM_Revio_HG008T-SC24_20260313/HG008-T-SC24_vs_HG008-N-P/small_variants/HG008T-SC24.deepsomatic.vcf.gz	312048
data_somatic/HG008/NIST/HG008-T_clones/20240805p19/SC24/p20plus8/analysis/GRCh38/BCM_Revio_HG008T-SC24_20260313/HG008-T-SC24_vs_HG008-N-P/small_variants/HG008T-SC24.deepsomatic.vcf.gz.tbi	125300
data_somatic/HG008/NIST/HG008-T_clones/20240805p19/SC24/p20plus8/analysis/GRCh38/BCM_Revio_HG008T-SC24_20260313/HG008-T-SC24_vs_HG008-N-P/small_variants/HG008T-SC24.deepsomatic.vep.vcf.gz	880987
data_somatic/HG008/NIST/HG008-T_clones/20240805p19/SC24/p20plus8/analysis/GRCh38/BCM_Revio_HG008T-SC24_20260313/HG008-T-SC24_vs_HG008-N-P/small_variants/HG008T-SC24.deepsomatic.vep.vcf.gz.tbi	138836
data_somatic/HG008/NIST/HG008-T_clones/20240805p19/SC24/p20plus8/analysis/GRCh38/BCM_Revio_HG008T-SC24_20260313/HG008-T-SC24_vs_HG008-N-P/small_variants/HG008T-SC24.dipcall.germline.vcf.gz	60817555
data_somatic/HG008/NIST/HG008-T_clones/20240805p19/SC24/p20plus8/analysis/GRCh38/BCM_Revio_HG008T-SC24_20260313/HG008-T-SC24_vs_HG008-N-P/small_variants/HG008T-SC24.dipcall.germline.vcf.gz.tbi	1563956
data_somatic/HG008/NIST/HG008-T_clones/20240805p19/SC24/p20plus8/analysis/GRCh38/BCM_Revio_HG008T-SC24_20260313/HG008-T-SC24_vs_HG008-N-P/small_variants/HG008T-SC24.intogen_ccg_variants.tsv	448457
data_somatic/HG008/NIST/HG008-T_clones/20240805p19/SC24/p20plus8/analysis/GRCh38/BCM_Revio_HG008T-SC24_20260313/HG008-T-SC24_vs_HG008-N-P/structural_variants/HG008T-SC24.breakpoint_clusters.tsv	1256
data_somatic/HG008/NIST/HG008-T_clones/20240805p19/SC24/p20plus8/analysis/GRCh38/BCM_Revio_HG008T-SC24_20260313/HG008-T-SC24_vs_HG008-N-P/structural_variants/HG008T-SC24.circos.pdf	72055
data_somatic/HG008/NIST/HG008-T_clones/20240805p19/SC24/p20plus8/analysis/GRCh38/BCM_Revio_HG008T-SC24_20260313/HG008-T-SC24_vs_HG008-N-P/structural_variants/HG008T-SC24.severus.somatic.vcf.gz	24431
data_somatic/HG008/NIST/HG008-T_clones/20240805p19/SC24/p20plus8/analysis/GRCh38/BCM_Revio_HG008T-SC24_20260313/HG008-T-SC24_vs_HG008-N-P/structural_variants/HG008T-SC24.severus.somatic.vcf.gz.tbi	6684
data_somatic/HG008/NIST/HG008-T_clones/20240805p19/SC28/p20plus7/analysis/GRCh38/BCM_Revio_HG008T-SC28_20260313/HG008-T-SC28_vs_HG008-N-P/README_HG008-T-SC28_vs_HG008-N-P.md	12085
data_somatic/HG008/NIST/HG008-T_clones/20240805p19/SC28/p20plus7/analysis/GRCh38/BCM_Revio_HG008T-SC28_20260313/HG008-T-SC28_vs_HG008-N-P/biomarkers/HG008T-SC28.chord_hrd.txt	116
data_somatic/HG008/NIST/HG008-T_clones/20240805p19/SC28/p20plus7/analysis/GRCh38/BCM_Revio_HG008T-SC28_20260313/HG008-T-SC28_vs_HG008-N-P/biomarkers/HG008T-SC28.mutation_signatures.pdf	8685
data_somatic/HG008/NIST/HG008-T_clones/20240805p19/SC28/p20plus7/analysis/GRCh38/BCM_Revio_HG008T-SC28_20260313/HG008-T-SC28_vs_HG008-N-P/biomarkers/HG008T-SC28.owl_msi.txt	129
data_somatic/HG008/NIST/HG008-T_clones/20240805p19/SC28/p20plus7/analysis/GRCh38/BCM_Revio_HG008T-SC28_20260313/HG008-T-SC28_vs_HG008-N-P/biomarkers/HG008T-SC28.tmb_estimate.json	2242
data_somatic/HG008/NIST/HG008-T_clones/20240805p19/SC28/p20plus7/analysis/GRCh38/BCM_Revio_HG008T-SC28_20260313/HG008-T-SC28_vs_HG008-N-P/checksums.md5	3534
data_somatic/HG008/NIST/HG008-T_clones/20240805p19/SC28/p20plus7/analysis/GRCh38/BCM_Revio_HG008T-SC28_20260313/HG008-T-SC28_vs_HG008-N-P/copy_number/HG008T-SC28.cnvkit.call.cns	341571
data_somatic/HG008/NIST/HG008-T_clones/20240805p19/SC28/p20plus7/analysis/GRCh38/BCM_Revio_HG008T-SC28_20260313/HG008-T-SC28_vs_HG008-N-P/copy_number/HG008T-SC28.cnvkit.cns	358594
data_somatic/HG008/NIST/HG008-T_clones/20240805p19/SC28/p20plus7/analysis/GRCh38/BCM_Revio_HG008T-SC28_20260313/HG008-T-SC28_vs_HG008-N-P/copy_number/HG008T-SC28.cnvkit_diagram.pdf	4447480
data_somatic/HG008/NIST/HG008-T_clones/20240805p19/SC28/p20plus7/analysis/GRCh38/BCM_Revio_HG008T-SC28_20260313/HG008-T-SC28_vs_HG008-N-P/copy_number/HG008T-SC28.cnvkit_scatter.png	151148
data_somatic/HG008/NIST/HG008-T_clones/20240805p19/SC28/p20plus7/analysis/GRCh38/BCM_Revio_HG008T-SC28_20260313/HG008-T-SC28_vs_HG008-N-P/copy_number/HG008T-SC28.purple.cnv.gene.tsv	5282954
data_somatic/HG008/NIST/HG008-T_clones/20240805p19/SC28/p20plus7/analysis/GRCh38/BCM_Revio_HG008T-SC28_20260313/HG008-T-SC28_vs_HG008-N-P/copy_number/HG008T-SC28.purple.germline.deletion.tsv	26287
data_somatic/HG008/NIST/HG008-T_clones/20240805p19/SC28/p20plus7/analysis/GRCh38/BCM_Revio_HG008T-SC28_20260313/HG008-T-SC28_vs_HG008-N-P/copy_number/HG008T-SC28.purple.purity.tsv	475
data_somatic/HG008/NIST/HG008-T_clones/20240805p19/SC28/p20plus7/analysis/GRCh38/BCM_Revio_HG008T-SC28_20260313/HG008-T-SC28_vs_HG008-N-P/copy_number/HG008T-SC28.purple.segment.tsv	157717
data_somatic/HG008/NIST/HG008-T_clones/20240805p19/SC28/p20plus7/analysis/GRCh38/BCM_Revio_HG008T-SC28_20260313/HG008-T-SC28_vs_HG008-N-P/copy_number/HG008T-SC28.wakhan.tar.gz	548666287
data_somatic/HG008/NIST/HG008-T_clones/20240805p19/SC28/p20plus7/analysis/GRCh38/BCM_Revio_HG008T-SC28_20260313/HG008-T-SC28_vs_HG008-N-P/methylation/HG008-N-P.normal.cpg.combined.bed.gz	295545545
data_somatic/HG008/NIST/HG008-T_clones/20240805p19/SC28/p20plus7/analysis/GRCh38/BCM_Revio_HG008T-SC28_20260313/HG008-T-SC28_vs_HG008-N-P/methylation/HG008-N-P.normal.cpg.combined.bed.gz.tbi	1703017
data_somatic/HG008/NIST/HG008-T_clones/20240805p19/SC28/p20plus7/analysis/GRCh38/BCM_Revio_HG008T-SC28_20260313/HG008-T-SC28_vs_HG008-N-P/methylation/HG008-N-P.normal.cpg.hap1.bed.gz	234816981
data_somatic/HG008/NIST/HG008-T_clones/20240805p19/SC28/p20plus7/analysis/GRCh38/BCM_Revio_HG008T-SC28_20260313/HG008-T-SC28_vs_HG008-N-P/methylation/HG008-N-P.normal.cpg.hap1.bed.gz.tbi	1544736
data_somatic/HG008/NIST/HG008-T_clones/20240805p19/SC28/p20plus7/analysis/GRCh38/BCM_Revio_HG008T-SC28_20260313/HG008-T-SC28_vs_HG008-N-P/methylation/HG008-N-P.normal.cpg.hap2.bed.gz	234123992
data_somatic/HG008/NIST/HG008-T_clones/20240805p19/SC28/p20plus7/analysis/GRCh38/BCM_Revio_HG008T-SC28_20260313/HG008-T-SC28_vs_HG008-N-P/methylation/HG008-N-P.normal.cpg.hap2.bed.gz.tbi	1545150
data_somatic/HG008/NIST/HG008-T_clones/20240805p19/SC28/p20plus7/analysis/GRCh38/BCM_Revio_HG008T-SC28_20260313/HG008-T-SC28_vs_HG008-N-P/methylation/HG008T-SC28.DMR.tsv	18138130
data_somatic/HG008/NIST/HG008-T_clones/20240805p19/SC28/p20plus7/analysis/GRCh38/BCM_Revio_HG008T-SC28_20260313/HG008-T-SC28_vs_HG008-N-P/methylation/HG008T-SC28.dmr_intogen_summary.tsv.gz	12691
data_somatic/HG008/NIST/HG008-T_clones/20240805p19/SC28/p20plus7/analysis/GRCh38/BCM_Revio_HG008T-SC28_20260313/HG008-T-SC28_vs_HG008-N-P/methylation/HG008T-SC28.tumor.cpg.combined.bed.gz	285213918
data_somatic/HG008/NIST/HG008-T_clones/20240805p19/SC28/p20plus7/analysis/GRCh38/BCM_Revio_HG008T-SC28_20260313/HG008-T-SC28_vs_HG008-N-P/methylation/HG008T-SC28.tumor.cpg.combined.bed.gz.tbi	1700261
data_somatic/HG008/NIST/HG008-T_clones/20240805p19/SC28/p20plus7/analysis/GRCh38/BCM_Revio_HG008T-SC28_20260313/HG008-T-SC28_vs_HG008-N-P/methylation/HG008T-SC28.tumor.cpg.hap1.bed.gz	197465039
data_somatic/HG008/NIST/HG008-T_clones/20240805p19/SC28/p20plus7/analysis/GRCh38/BCM_Revio_HG008T-SC28_20260313/HG008-T-SC28_vs_HG008-N-P/methylation/HG008T-SC28.tumor.cpg.hap1.bed.gz.tbi	1347077
data_somatic/HG008/NIST/HG008-T_clones/20240805p19/SC28/p20plus7/analysis/GRCh38/BCM_Revio_HG008T-SC28_20260313/HG008-T-SC28_vs_HG008-N-P/methylation/HG008T-SC28.tumor.cpg.hap2.bed.gz	198468985
data_somatic/HG008/NIST/HG008-T_clones/20240805p19/SC28/p20plus7/analysis/GRCh38/BCM_Revio_HG008T-SC28_20260313/HG008-T-SC28_vs_HG008-N-P/methylation/HG008T-SC28.tumor.cpg.hap2.bed.gz.tbi	1355212
data_somatic/HG008/NIST/HG008-T_clones/20240805p19/SC28/p20plus7/analysis/GRCh38/BCM_Revio_HG008T-SC28_20260313/HG008-T-SC28_vs_HG008-N-P/plots/HG008T-SC28.purple.circos.png	515675
data_somatic/HG008/NIST/HG008-T_clones/20240805p19/SC28/p20plus7/analysis/GRCh38/BCM_Revio_HG008T-SC28_20260313/HG008-T-SC28_vs_HG008-N-P/plots/HG008T-SC28.purple.copynumber.png	46824
data_somatic/HG008/NIST/HG008-T_clones/20240805p19/SC28/p20plus7/analysis/GRCh38/BCM_Revio_HG008T-SC28_20260313/HG008-T-SC28_vs_HG008-N-P/plots/HG008T-SC28.purple.purity_range.png	71966
data_somatic/HG008/NIST/HG008-T_clones/20240805p19/SC28/p20plus7/analysis/GRCh38/BCM_Revio_HG008T-SC28_20260313/HG008-T-SC28_vs_HG008-N-P/plots/HG008T-SC28.purple.segment.png	101562
data_somatic/HG008/NIST/HG008-T_clones/20240805p19/SC28/p20plus7/analysis/GRCh38/BCM_Revio_HG008T-SC28_20260313/HG008-T-SC28_vs_HG008-N-P/small_variants/HG008-N-P.dipcall.germline.vcf.gz	61195256
data_somatic/HG008/NIST/HG008-T_clones/20240805p19/SC28/p20plus7/analysis/GRCh38/BCM_Revio_HG008T-SC28_20260313/HG008-T-SC28_vs_HG008-N-P/small_variants/HG008-N-P.dipcall.germline.vcf.gz.tbi	1565382
data_somatic/HG008/NIST/HG008-T_clones/20240805p19/SC28/p20plus7/analysis/GRCh38/BCM_Revio_HG008T-SC28_20260313/HG008-T-SC28_vs_HG008-N-P/small_variants/HG008T-SC28.deepsomatic.vcf.gz	319998
data_somatic/HG008/NIST/HG008-T_clones/20240805p19/SC28/p20plus7/analysis/GRCh38/BCM_Revio_HG008T-SC28_20260313/HG008-T-SC28_vs_HG008-N-P/small_variants/HG008T-SC28.deepsomatic.vcf.gz.tbi	126137
data_somatic/HG008/NIST/HG008-T_clones/20240805p19/SC28/p20plus7/analysis/GRCh38/BCM_Revio_HG008T-SC28_20260313/HG008-T-SC28_vs_HG008-N-P/small_variants/HG008T-SC28.deepsomatic.vep.vcf.gz	903550
data_somatic/HG008/NIST/HG008-T_clones/20240805p19/SC28/p20plus7/analysis/GRCh38/BCM_Revio_HG008T-SC28_20260313/HG008-T-SC28_vs_HG008-N-P/small_variants/HG008T-SC28.deepsomatic.vep.vcf.gz.tbi	139775
data_somatic/HG008/NIST/HG008-T_clones/20240805p19/SC28/p20plus7/analysis/GRCh38/BCM_Revio_HG008T-SC28_20260313/HG008-T-SC28_vs_HG008-N-P/small_variants/HG008T-SC28.dipcall.germline.vcf.gz	60735863
data_somatic/HG008/NIST/HG008-T_clones/20240805p19/SC28/p20plus7/analysis/GRCh38/BCM_Revio_HG008T-SC28_20260313/HG008-T-SC28_vs_HG008-N-P/small_variants/HG008T-SC28.dipcall.germline.vcf.gz.tbi	1564337
data_somatic/HG008/NIST/HG008-T_clones/20240805p19/SC28/p20plus7/analysis/GRCh38/BCM_Revio_HG008T-SC28_20260313/HG008-T-SC28_vs_HG008-N-P/small_variants/HG008T-SC28.intogen_ccg_variants.tsv	452342
data_somatic/HG008/NIST/HG008-T_clones/20240805p19/SC28/p20plus7/analysis/GRCh38/BCM_Revio_HG008T-SC28_20260313/HG008-T-SC28_vs_HG008-N-P/structural_variants/HG008T-SC28.breakpoint_clusters.tsv	1104
data_somatic/HG008/NIST/HG008-T_clones/20240805p19/SC28/p20plus7/analysis/GRCh38/BCM_Revio_HG008T-SC28_20260313/HG008-T-SC28_vs_HG008-N-P/structural_variants/HG008T-SC28.circos.pdf	71330
data_somatic/HG008/NIST/HG008-T_clones/20240805p19/SC28/p20plus7/analysis/GRCh38/BCM_Revio_HG008T-SC28_20260313/HG008-T-SC28_vs_HG008-N-P/structural_variants/HG008T-SC28.severus.somatic.vcf.gz	31694
data_somatic/HG008/NIST/HG008-T_clones/20240805p19/SC28/p20plus7/analysis/GRCh38/BCM_Revio_HG008T-SC28_20260313/HG008-T-SC28_vs_HG008-N-P/structural_variants/HG008T-SC28.severus.somatic.vcf.gz.tbi	7110
data_somatic/HG008/NIST/HG008-T_clones/20240805p19/SC28/p20plus8/karyologic_20240206/Karyotype-Report-HG008-SC28_p20+8.pdf	351530
data_somatic/HG008/NIST/HG008-T_clones/20240805p19/SC28/p20plus8/karyologic_20240206/README_KaryoLogic_20250206.md	6095
data_somatic/HG008/NIST/HG008-T_clones/20240805p19/SC6/p20plus13/karyologic_20240221/Karyotype-Report-HG008-SC6_p20+13.pdf	378196
data_somatic/HG008/NIST/HG008-T_clones/20240805p19/SC6/p20plus13/karyologic_20240221/README_KaryoLogic_20250221.md	6132
data_somatic/HG008/NIST/HG008-T_clones/20240805p19/SC6/p20plus15/analysis/GRCh38/BCM_Revio_HG008T-SC6_20260313/HG008-T-SC6_vs_HG008-N-P/README_HG008-T-SC6_vs_HG008-N-P.md	12048
data_somatic/HG008/NIST/HG008-T_clones/20240805p19/SC6/p20plus15/analysis/GRCh38/BCM_Revio_HG008T-SC6_20260313/HG008-T-SC6_vs_HG008-N-P/biomarkers/HG008T-SC6.chord_hrd.txt	116
data_somatic/HG008/NIST/HG008-T_clones/20240805p19/SC6/p20plus15/analysis/GRCh38/BCM_Revio_HG008T-SC6_20260313/HG008-T-SC6_vs_HG008-N-P/biomarkers/HG008T-SC6.mutation_signatures.pdf	8687
data_somatic/HG008/NIST/HG008-T_clones/20240805p19/SC6/p20plus15/analysis/GRCh38/BCM_Revio_HG008T-SC6_20260313/HG008-T-SC6_vs_HG008-N-P/biomarkers/HG008T-SC6.owl_msi.txt	129
data_somatic/HG008/NIST/HG008-T_clones/20240805p19/SC6/p20plus15/analysis/GRCh38/BCM_Revio_HG008T-SC6_20260313/HG008-T-SC6_vs_HG008-N-P/biomarkers/HG008T-SC6.tmb_estimate.json	2391
data_somatic/HG008/NIST/HG008-T_clones/20240805p19/SC6/p20plus15/analysis/GRCh38/BCM_Revio_HG008T-SC6_20260313/HG008-T-SC6_vs_HG008-N-P/checksums.md5	3498
data_somatic/HG008/NIST/HG008-T_clones/20240805p19/SC6/p20plus15/analysis/GRCh38/BCM_Revio_HG008T-SC6_20260313/HG008-T-SC6_vs_HG008-N-P/copy_number/HG008T-SC6.cnvkit.call.cns	356129
data_somatic/HG008/NIST/HG008-T_clones/20240805p19/SC6/p20plus15/analysis/GRCh38/BCM_Revio_HG008T-SC6_20260313/HG008-T-SC6_vs_HG008-N-P/copy_number/HG008T-SC6.cnvkit.cns	404457
data_somatic/HG008/NIST/HG008-T_clones/20240805p19/SC6/p20plus15/analysis/GRCh38/BCM_Revio_HG008T-SC6_20260313/HG008-T-SC6_vs_HG008-N-P/copy_number/HG008T-SC6.cnvkit_diagram.pdf	4465179
data_somatic/HG008/NIST/HG008-T_clones/20240805p19/SC6/p20plus15/analysis/GRCh38/BCM_Revio_HG008T-SC6_20260313/HG008-T-SC6_vs_HG008-N-P/copy_number/HG008T-SC6.cnvkit_scatter.png	68186
data_somatic/HG008/NIST/HG008-T_clones/20240805p19/SC6/p20plus15/analysis/GRCh38/BCM_Revio_HG008T-SC6_20260313/HG008-T-SC6_vs_HG008-N-P/copy_number/HG008T-SC6.purple.cnv.gene.tsv	5230789
data_somatic/HG008/NIST/HG008-T_clones/20240805p19/SC6/p20plus15/analysis/GRCh38/BCM_Revio_HG008T-SC6_20260313/HG008-T-SC6_vs_HG008-N-P/copy_number/HG008T-SC6.purple.germline.deletion.tsv	22699
data_somatic/HG008/NIST/HG008-T_clones/20240805p19/SC6/p20plus15/analysis/GRCh38/BCM_Revio_HG008T-SC6_20260313/HG008-T-SC6_vs_HG008-N-P/copy_number/HG008T-SC6.purple.purity.tsv	475
data_somatic/HG008/NIST/HG008-T_clones/20240805p19/SC6/p20plus15/analysis/GRCh38/BCM_Revio_HG008T-SC6_20260313/HG008-T-SC6_vs_HG008-N-P/copy_number/HG008T-SC6.purple.segment.tsv	232967
data_somatic/HG008/NIST/HG008-T_clones/20240805p19/SC6/p20plus15/analysis/GRCh38/BCM_Revio_HG008T-SC6_20260313/HG008-T-SC6_vs_HG008-N-P/copy_number/HG008T-SC6.wakhan.tar.gz	457285161
data_somatic/HG008/NIST/HG008-T_clones/20240805p19/SC6/p20plus15/analysis/GRCh38/BCM_Revio_HG008T-SC6_20260313/HG008-T-SC6_vs_HG008-N-P/methylation/HG008-N-P.normal.cpg.combined.bed.gz	295545545
data_somatic/HG008/NIST/HG008-T_clones/20240805p19/SC6/p20plus15/analysis/GRCh38/BCM_Revio_HG008T-SC6_20260313/HG008-T-SC6_vs_HG008-N-P/methylation/HG008-N-P.normal.cpg.combined.bed.gz.tbi	1703017
data_somatic/HG008/NIST/HG008-T_clones/20240805p19/SC6/p20plus15/analysis/GRCh38/BCM_Revio_HG008T-SC6_20260313/HG008-T-SC6_vs_HG008-N-P/methylation/HG008-N-P.normal.cpg.hap1.bed.gz	234816981
data_somatic/HG008/NIST/HG008-T_clones/20240805p19/SC6/p20plus15/analysis/GRCh38/BCM_Revio_HG008T-SC6_20260313/HG008-T-SC6_vs_HG008-N-P/methylation/HG008-N-P.normal.cpg.hap1.bed.gz.tbi	1544736
data_somatic/HG008/NIST/HG008-T_clones/20240805p19/SC6/p20plus15/analysis/GRCh38/BCM_Revio_HG008T-SC6_20260313/HG008-T-SC6_vs_HG008-N-P/methylation/HG008-N-P.normal.cpg.hap2.bed.gz	234123992
data_somatic/HG008/NIST/HG008-T_clones/20240805p19/SC6/p20plus15/analysis/GRCh38/BCM_Revio_HG008T-SC6_20260313/HG008-T-SC6_vs_HG008-N-P/methylation/HG008-N-P.normal.cpg.hap2.bed.gz.tbi	1545150
data_somatic/HG008/NIST/HG008-T_clones/20240805p19/SC6/p20plus15/analysis/GRCh38/BCM_Revio_HG008T-SC6_20260313/HG008-T-SC6_vs_HG008-N-P/methylation/HG008T-SC6.DMR.tsv	10257935
data_somatic/HG008/NIST/HG008-T_clones/20240805p19/SC6/p20plus15/analysis/GRCh38/BCM_Revio_HG008T-SC6_20260313/HG008-T-SC6_vs_HG008-N-P/methylation/HG008T-SC6.dmr_intogen_summary.tsv.gz	15568
data_somatic/HG008/NIST/HG008-T_clones/20240805p19/SC6/p20plus15/analysis/GRCh38/BCM_Revio_HG008T-SC6_20260313/HG008-T-SC6_vs_HG008-N-P/methylation/HG008T-SC6.tumor.cpg.combined.bed.gz	279246662
data_somatic/HG008/NIST/HG008-T_clones/20240805p19/SC6/p20plus15/analysis/GRCh38/BCM_Revio_HG008T-SC6_20260313/HG008-T-SC6_vs_HG008-N-P/methylation/HG008T-SC6.tumor.cpg.combined.bed.gz.tbi	1700523
data_somatic/HG008/NIST/HG008-T_clones/20240805p19/SC6/p20plus15/analysis/GRCh38/BCM_Revio_HG008T-SC6_20260313/HG008-T-SC6_vs_HG008-N-P/methylation/HG008T-SC6.tumor.cpg.hap1.bed.gz	188620900
data_somatic/HG008/NIST/HG008-T_clones/20240805p19/SC6/p20plus15/analysis/GRCh38/BCM_Revio_HG008T-SC6_20260313/HG008-T-SC6_vs_HG008-N-P/methylation/HG008T-SC6.tumor.cpg.hap1.bed.gz.tbi	1318249
data_somatic/HG008/NIST/HG008-T_clones/20240805p19/SC6/p20plus15/analysis/GRCh38/BCM_Revio_HG008T-SC6_20260313/HG008-T-SC6_vs_HG008-N-P/methylation/HG008T-SC6.tumor.cpg.hap2.bed.gz	190863615
data_somatic/HG008/NIST/HG008-T_clones/20240805p19/SC6/p20plus15/analysis/GRCh38/BCM_Revio_HG008T-SC6_20260313/HG008-T-SC6_vs_HG008-N-P/methylation/HG008T-SC6.tumor.cpg.hap2.bed.gz.tbi	1329248
data_somatic/HG008/NIST/HG008-T_clones/20240805p19/SC6/p20plus15/analysis/GRCh38/BCM_Revio_HG008T-SC6_20260313/HG008-T-SC6_vs_HG008-N-P/plots/HG008T-SC6.purple.circos.png	534431
data_somatic/HG008/NIST/HG008-T_clones/20240805p19/SC6/p20plus15/analysis/GRCh38/BCM_Revio_HG008T-SC6_20260313/HG008-T-SC6_vs_HG008-N-P/plots/HG008T-SC6.purple.copynumber.png	47557
data_somatic/HG008/NIST/HG008-T_clones/20240805p19/SC6/p20plus15/analysis/GRCh38/BCM_Revio_HG008T-SC6_20260313/HG008-T-SC6_vs_HG008-N-P/plots/HG008T-SC6.purple.purity_range.png	72415
data_somatic/HG008/NIST/HG008-T_clones/20240805p19/SC6/p20plus15/analysis/GRCh38/BCM_Revio_HG008T-SC6_20260313/HG008-T-SC6_vs_HG008-N-P/plots/HG008T-SC6.purple.segment.png	134002
data_somatic/HG008/NIST/HG008-T_clones/20240805p19/SC6/p20plus15/analysis/GRCh38/BCM_Revio_HG008T-SC6_20260313/HG008-T-SC6_vs_HG008-N-P/small_variants/HG008-N-P.dipcall.germline.vcf.gz	61195256
data_somatic/HG008/NIST/HG008-T_clones/20240805p19/SC6/p20plus15/analysis/GRCh38/BCM_Revio_HG008T-SC6_20260313/HG008-T-SC6_vs_HG008-N-P/small_variants/HG008-N-P.dipcall.germline.vcf.gz.tbi	1565382
data_somatic/HG008/NIST/HG008-T_clones/20240805p19/SC6/p20plus15/analysis/GRCh38/BCM_Revio_HG008T-SC6_20260313/HG008-T-SC6_vs_HG008-N-P/small_variants/HG008T-SC6.deepsomatic.vcf.gz	337965
data_somatic/HG008/NIST/HG008-T_clones/20240805p19/SC6/p20plus15/analysis/GRCh38/BCM_Revio_HG008T-SC6_20260313/HG008-T-SC6_vs_HG008-N-P/small_variants/HG008T-SC6.deepsomatic.vcf.gz.tbi	130988
data_somatic/HG008/NIST/HG008-T_clones/20240805p19/SC6/p20plus15/analysis/GRCh38/BCM_Revio_HG008T-SC6_20260313/HG008-T-SC6_vs_HG008-N-P/small_variants/HG008T-SC6.deepsomatic.vep.vcf.gz	948312
data_somatic/HG008/NIST/HG008-T_clones/20240805p19/SC6/p20plus15/analysis/GRCh38/BCM_Revio_HG008T-SC6_20260313/HG008-T-SC6_vs_HG008-N-P/small_variants/HG008T-SC6.deepsomatic.vep.vcf.gz.tbi	145578
data_somatic/HG008/NIST/HG008-T_clones/20240805p19/SC6/p20plus15/analysis/GRCh38/BCM_Revio_HG008T-SC6_20260313/HG008-T-SC6_vs_HG008-N-P/small_variants/HG008T-SC6.dipcall.germline.vcf.gz	60722391
data_somatic/HG008/NIST/HG008-T_clones/20240805p19/SC6/p20plus15/analysis/GRCh38/BCM_Revio_HG008T-SC6_20260313/HG008-T-SC6_vs_HG008-N-P/small_variants/HG008T-SC6.dipcall.germline.vcf.gz.tbi	1563557
data_somatic/HG008/NIST/HG008-T_clones/20240805p19/SC6/p20plus15/analysis/GRCh38/BCM_Revio_HG008T-SC6_20260313/HG008-T-SC6_vs_HG008-N-P/small_variants/HG008T-SC6.intogen_ccg_variants.tsv	501576
data_somatic/HG008/NIST/HG008-T_clones/20240805p19/SC6/p20plus15/analysis/GRCh38/BCM_Revio_HG008T-SC6_20260313/HG008-T-SC6_vs_HG008-N-P/structural_variants/HG008T-SC6.breakpoint_clusters.tsv	1177
data_somatic/HG008/NIST/HG008-T_clones/20240805p19/SC6/p20plus15/analysis/GRCh38/BCM_Revio_HG008T-SC6_20260313/HG008-T-SC6_vs_HG008-N-P/structural_variants/HG008T-SC6.circos.pdf	72492
data_somatic/HG008/NIST/HG008-T_clones/20240805p19/SC6/p20plus15/analysis/GRCh38/BCM_Revio_HG008T-SC6_20260313/HG008-T-SC6_vs_HG008-N-P/structural_variants/HG008T-SC6.severus.somatic.vcf.gz	26430
data_somatic/HG008/NIST/HG008-T_clones/20240805p19/SC6/p20plus15/analysis/GRCh38/BCM_Revio_HG008T-SC6_20260313/HG008-T-SC6_vs_HG008-N-P/structural_variants/HG008T-SC6.severus.somatic.vcf.gz.tbi	7263
data_somatic/HG008/NIST/HG008-T_clones/20240805p19/SC9/p20plus13/analysis/GRCh38/BCM_Revio_HG008T-SC9_20260313/HG008-T-SC9_vs_HG008-N-P/README_HG008-T-SC9_vs_HG008-N-P.md	12048
data_somatic/HG008/NIST/HG008-T_clones/20240805p19/SC9/p20plus13/analysis/GRCh38/BCM_Revio_HG008T-SC9_20260313/HG008-T-SC9_vs_HG008-N-P/biomarkers/HG008T-SC9.chord_hrd.txt	116
data_somatic/HG008/NIST/HG008-T_clones/20240805p19/SC9/p20plus13/analysis/GRCh38/BCM_Revio_HG008T-SC9_20260313/HG008-T-SC9_vs_HG008-N-P/biomarkers/HG008T-SC9.mutation_signatures.pdf	8686
data_somatic/HG008/NIST/HG008-T_clones/20240805p19/SC9/p20plus13/analysis/GRCh38/BCM_Revio_HG008T-SC9_20260313/HG008-T-SC9_vs_HG008-N-P/biomarkers/HG008T-SC9.owl_msi.txt	129
data_somatic/HG008/NIST/HG008-T_clones/20240805p19/SC9/p20plus13/analysis/GRCh38/BCM_Revio_HG008T-SC9_20260313/HG008-T-SC9_vs_HG008-N-P/biomarkers/HG008T-SC9.tmb_estimate.json	2244
data_somatic/HG008/NIST/HG008-T_clones/20240805p19/SC9/p20plus13/analysis/GRCh38/BCM_Revio_HG008T-SC9_20260313/HG008-T-SC9_vs_HG008-N-P/checksums.md5	3498
data_somatic/HG008/NIST/HG008-T_clones/20240805p19/SC9/p20plus13/analysis/GRCh38/BCM_Revio_HG008T-SC9_20260313/HG008-T-SC9_vs_HG008-N-P/copy_number/HG008T-SC9.cnvkit.call.cns	382394
data_somatic/HG008/NIST/HG008-T_clones/20240805p19/SC9/p20plus13/analysis/GRCh38/BCM_Revio_HG008T-SC9_20260313/HG008-T-SC9_vs_HG008-N-P/copy_number/HG008T-SC9.cnvkit.cns	509522
data_somatic/HG008/NIST/HG008-T_clones/20240805p19/SC9/p20plus13/analysis/GRCh38/BCM_Revio_HG008T-SC9_20260313/HG008-T-SC9_vs_HG008-N-P/copy_number/HG008T-SC9.cnvkit_diagram.pdf	4489767
data_somatic/HG008/NIST/HG008-T_clones/20240805p19/SC9/p20plus13/analysis/GRCh38/BCM_Revio_HG008T-SC9_20260313/HG008-T-SC9_vs_HG008-N-P/copy_number/HG008T-SC9.cnvkit_scatter.png	178318
data_somatic/HG008/NIST/HG008-T_clones/20240805p19/SC9/p20plus13/analysis/GRCh38/BCM_Revio_HG008T-SC9_20260313/HG008-T-SC9_vs_HG008-N-P/copy_number/HG008T-SC9.purple.cnv.gene.tsv	5146354
data_somatic/HG008/NIST/HG008-T_clones/20240805p19/SC9/p20plus13/analysis/GRCh38/BCM_Revio_HG008T-SC9_20260313/HG008-T-SC9_vs_HG008-N-P/copy_number/HG008T-SC9.purple.germline.deletion.tsv	34045
data_somatic/HG008/NIST/HG008-T_clones/20240805p19/SC9/p20plus13/analysis/GRCh38/BCM_Revio_HG008T-SC9_20260313/HG008-T-SC9_vs_HG008-N-P/copy_number/HG008T-SC9.purple.purity.tsv	475
data_somatic/HG008/NIST/HG008-T_clones/20240805p19/SC9/p20plus13/analysis/GRCh38/BCM_Revio_HG008T-SC9_20260313/HG008-T-SC9_vs_HG008-N-P/copy_number/HG008T-SC9.purple.segment.tsv	383212
data_somatic/HG008/NIST/HG008-T_clones/20240805p19/SC9/p20plus13/analysis/GRCh38/BCM_Revio_HG008T-SC9_20260313/HG008-T-SC9_vs_HG008-N-P/copy_number/HG008T-SC9.wakhan.tar.gz	507608356
data_somatic/HG008/NIST/HG008-T_clones/20240805p19/SC9/p20plus13/analysis/GRCh38/BCM_Revio_HG008T-SC9_20260313/HG008-T-SC9_vs_HG008-N-P/methylation/HG008-N-P.normal.cpg.combined.bed.gz	295545545
data_somatic/HG008/NIST/HG008-T_clones/20240805p19/SC9/p20plus13/analysis/GRCh38/BCM_Revio_HG008T-SC9_20260313/HG008-T-SC9_vs_HG008-N-P/methylation/HG008-N-P.normal.cpg.combined.bed.gz.tbi	1703017
data_somatic/HG008/NIST/HG008-T_clones/20240805p19/SC9/p20plus13/analysis/GRCh38/BCM_Revio_HG008T-SC9_20260313/HG008-T-SC9_vs_HG008-N-P/methylation/HG008-N-P.normal.cpg.hap1.bed.gz	234816981
data_somatic/HG008/NIST/HG008-T_clones/20240805p19/SC9/p20plus13/analysis/GRCh38/BCM_Revio_HG008T-SC9_20260313/HG008-T-SC9_vs_HG008-N-P/methylation/HG008-N-P.normal.cpg.hap1.bed.gz.tbi	1544736
data_somatic/HG008/NIST/HG008-T_clones/20240805p19/SC9/p20plus13/analysis/GRCh38/BCM_Revio_HG008T-SC9_20260313/HG008-T-SC9_vs_HG008-N-P/methylation/HG008-N-P.normal.cpg.hap2.bed.gz	234123992
data_somatic/HG008/NIST/HG008-T_clones/20240805p19/SC9/p20plus13/analysis/GRCh38/BCM_Revio_HG008T-SC9_20260313/HG008-T-SC9_vs_HG008-N-P/methylation/HG008-N-P.normal.cpg.hap2.bed.gz.tbi	1545150
data_somatic/HG008/NIST/HG008-T_clones/20240805p19/SC9/p20plus13/analysis/GRCh38/BCM_Revio_HG008T-SC9_20260313/HG008-T-SC9_vs_HG008-N-P/methylation/HG008T-SC9.DMR.tsv	15022469
data_somatic/HG008/NIST/HG008-T_clones/20240805p19/SC9/p20plus13/analysis/GRCh38/BCM_Revio_HG008T-SC9_20260313/HG008-T-SC9_vs_HG008-N-P/methylation/HG008T-SC9.dmr_intogen_summary.tsv.gz	14451
data_somatic/HG008/NIST/HG008-T_clones/20240805p19/SC9/p20plus13/analysis/GRCh38/BCM_Revio_HG008T-SC9_20260313/HG008-T-SC9_vs_HG008-N-P/methylation/HG008T-SC9.tumor.cpg.combined.bed.gz	283766252
data_somatic/HG008/NIST/HG008-T_clones/20240805p19/SC9/p20plus13/analysis/GRCh38/BCM_Revio_HG008T-SC9_20260313/HG008-T-SC9_vs_HG008-N-P/methylation/HG008T-SC9.tumor.cpg.combined.bed.gz.tbi	1701378
data_somatic/HG008/NIST/HG008-T_clones/20240805p19/SC9/p20plus13/analysis/GRCh38/BCM_Revio_HG008T-SC9_20260313/HG008-T-SC9_vs_HG008-N-P/methylation/HG008T-SC9.tumor.cpg.hap1.bed.gz	195205794
data_somatic/HG008/NIST/HG008-T_clones/20240805p19/SC9/p20plus13/analysis/GRCh38/BCM_Revio_HG008T-SC9_20260313/HG008-T-SC9_vs_HG008-N-P/methylation/HG008T-SC9.tumor.cpg.hap1.bed.gz.tbi	1333460
data_somatic/HG008/NIST/HG008-T_clones/20240805p19/SC9/p20plus13/analysis/GRCh38/BCM_Revio_HG008T-SC9_20260313/HG008-T-SC9_vs_HG008-N-P/methylation/HG008T-SC9.tumor.cpg.hap2.bed.gz	198351241
data_somatic/HG008/NIST/HG008-T_clones/20240805p19/SC9/p20plus13/analysis/GRCh38/BCM_Revio_HG008T-SC9_20260313/HG008-T-SC9_vs_HG008-N-P/methylation/HG008T-SC9.tumor.cpg.hap2.bed.gz.tbi	1350688
data_somatic/HG008/NIST/HG008-T_clones/20240805p19/SC9/p20plus13/analysis/GRCh38/BCM_Revio_HG008T-SC9_20260313/HG008-T-SC9_vs_HG008-N-P/plots/HG008T-SC9.purple.circos.png	605313
data_somatic/HG008/NIST/HG008-T_clones/20240805p19/SC9/p20plus13/analysis/GRCh38/BCM_Revio_HG008T-SC9_20260313/HG008-T-SC9_vs_HG008-N-P/plots/HG008T-SC9.purple.copynumber.png	52484
data_somatic/HG008/NIST/HG008-T_clones/20240805p19/SC9/p20plus13/analysis/GRCh38/BCM_Revio_HG008T-SC9_20260313/HG008-T-SC9_vs_HG008-N-P/plots/HG008T-SC9.purple.purity_range.png	70852
data_somatic/HG008/NIST/HG008-T_clones/20240805p19/SC9/p20plus13/analysis/GRCh38/BCM_Revio_HG008T-SC9_20260313/HG008-T-SC9_vs_HG008-N-P/plots/HG008T-SC9.purple.segment.png	158072
data_somatic/HG008/NIST/HG008-T_clones/20240805p19/SC9/p20plus13/analysis/GRCh38/BCM_Revio_HG008T-SC9_20260313/HG008-T-SC9_vs_HG008-N-P/small_variants/HG008-N-P.dipcall.germline.vcf.gz	61195256
data_somatic/HG008/NIST/HG008-T_clones/20240805p19/SC9/p20plus13/analysis/GRCh38/BCM_Revio_HG008T-SC9_20260313/HG008-T-SC9_vs_HG008-N-P/small_variants/HG008-N-P.dipcall.germline.vcf.gz.tbi	1565382
data_somatic/HG008/NIST/HG008-T_clones/20240805p19/SC9/p20plus13/analysis/GRCh38/BCM_Revio_HG008T-SC9_20260313/HG008-T-SC9_vs_HG008-N-P/small_variants/HG008T-SC9.deepsomatic.vcf.gz	330305
data_somatic/HG008/NIST/HG008-T_clones/20240805p19/SC9/p20plus13/analysis/GRCh38/BCM_Revio_HG008T-SC9_20260313/HG008-T-SC9_vs_HG008-N-P/small_variants/HG008T-SC9.deepsomatic.vcf.gz.tbi	125357
data_somatic/HG008/NIST/HG008-T_clones/20240805p19/SC9/p20plus13/analysis/GRCh38/BCM_Revio_HG008T-SC9_20260313/HG008-T-SC9_vs_HG008-N-P/small_variants/HG008T-SC9.deepsomatic.vep.vcf.gz	938025
data_somatic/HG008/NIST/HG008-T_clones/20240805p19/SC9/p20plus13/analysis/GRCh38/BCM_Revio_HG008T-SC9_20260313/HG008-T-SC9_vs_HG008-N-P/small_variants/HG008T-SC9.deepsomatic.vep.vcf.gz.tbi	138845
data_somatic/HG008/NIST/HG008-T_clones/20240805p19/SC9/p20plus13/analysis/GRCh38/BCM_Revio_HG008T-SC9_20260313/HG008-T-SC9_vs_HG008-N-P/small_variants/HG008T-SC9.dipcall.germline.vcf.gz	60762690
data_somatic/HG008/NIST/HG008-T_clones/20240805p19/SC9/p20plus13/analysis/GRCh38/BCM_Revio_HG008T-SC9_20260313/HG008-T-SC9_vs_HG008-N-P/small_variants/HG008T-SC9.dipcall.germline.vcf.gz.tbi	1563983
data_somatic/HG008/NIST/HG008-T_clones/20240805p19/SC9/p20plus13/analysis/GRCh38/BCM_Revio_HG008T-SC9_20260313/HG008-T-SC9_vs_HG008-N-P/small_variants/HG008T-SC9.intogen_ccg_variants.tsv	523307
data_somatic/HG008/NIST/HG008-T_clones/20240805p19/SC9/p20plus13/analysis/GRCh38/BCM_Revio_HG008T-SC9_20260313/HG008-T-SC9_vs_HG008-N-P/structural_variants/HG008T-SC9.breakpoint_clusters.tsv	1454
data_somatic/HG008/NIST/HG008-T_clones/20240805p19/SC9/p20plus13/analysis/GRCh38/BCM_Revio_HG008T-SC9_20260313/HG008-T-SC9_vs_HG008-N-P/structural_variants/HG008T-SC9.circos.pdf	71783
data_somatic/HG008/NIST/HG008-T_clones/20240805p19/SC9/p20plus13/analysis/GRCh38/BCM_Revio_HG008T-SC9_20260313/HG008-T-SC9_vs_HG008-N-P/structural_variants/HG008T-SC9.severus.somatic.vcf.gz	30798
data_somatic/HG008/NIST/HG008-T_clones/20240805p19/SC9/p20plus13/analysis/GRCh38/BCM_Revio_HG008T-SC9_20260313/HG008-T-SC9_vs_HG008-N-P/structural_variants/HG008T-SC9.severus.somatic.vcf.gz.tbi	7231
data_somatic/HG008/NIST/HG008-T_clones/20240805p19/SC9/p20plus13/karyologic_20240221/Karyotype-Report-HG008-SC9_p20+13.pdf	385017
data_somatic/HG008/NIST/HG008-T_clones/20240805p19/SC9/p20plus13/karyologic_20240221/README_KaryoLogic_20250221.md	6132
data_somatic/HG008/NIST/README	163
data_somatic/HG008/README_HG008.md	13074
