dsid	relpath	bytes	url	md5	kind	note
HG008-T.Bioskryb_UG100_singlecell	ext/giab-aws/2024/HG008-T_bioskryb-libraries-UG100/cram_files/037104-NIST-PL01-SC52-Z0017-CACGTGGCACATGAT.cram	59610851123	https://giab-aws.s3.amazonaws.com/WGS/Bioskryb/2024/HG008-T_bioskryb-libraries-UG100/cram_files/037104-NIST-PL01-SC52-Z0017-CACGTGGCACATGAT.cram	-	reads	
HG008-T.Bioskryb_UG100_singlecell	ext/giab-aws/2024/HG008-T_bioskryb-libraries-UG100/cram_files/037104-NIST-PL01-SC52-Z0017-CACGTGGCACATGAT.cram.crai	1335737	https://giab-aws.s3.amazonaws.com/WGS/Bioskryb/2024/HG008-T_bioskryb-libraries-UG100/cram_files/037104-NIST-PL01-SC52-Z0017-CACGTGGCACATGAT.cram.crai	a49f2807941391922fb71d9aec78b939	index	
HG008-T.Bioskryb_UG100_singlecell	ext/giab-aws/2024/HG008-T_bioskryb-libraries-UG100/cram_files/037104-NIST-PL01-SC54-Z0018-CATGCGTCCTGTGAT.cram	54945822213	https://giab-aws.s3.amazonaws.com/WGS/Bioskryb/2024/HG008-T_bioskryb-libraries-UG100/cram_files/037104-NIST-PL01-SC54-Z0018-CATGCGTCCTGTGAT.cram	-	reads	
HG008-T.Bioskryb_UG100_singlecell	ext/giab-aws/2024/HG008-T_bioskryb-libraries-UG100/cram_files/037104-NIST-PL01-SC54-Z0018-CATGCGTCCTGTGAT.cram.crai	1258151	https://giab-aws.s3.amazonaws.com/WGS/Bioskryb/2024/HG008-T_bioskryb-libraries-UG100/cram_files/037104-NIST-PL01-SC54-Z0018-CATGCGTCCTGTGAT.cram.crai	f5d09d445dd9454545ea581ea534c911	index	
HG008-T.Bioskryb_UG100_singlecell	ext/giab-aws/2024/HG008-T_bioskryb-libraries-UG100/cram_files/037104-NIST-PL01-SC66-Z0022-CGGAGTGCATGCATGAT.cram	41562401993	https://giab-aws.s3.amazonaws.com/WGS/Bioskryb/2024/HG008-T_bioskryb-libraries-UG100/cram_files/037104-NIST-PL01-SC66-Z0022-CGGAGTGCATGCATGAT.cram	-	reads	
HG008-T.Bioskryb_UG100_singlecell	ext/giab-aws/2024/HG008-T_bioskryb-libraries-UG100/cram_files/037104-NIST-PL01-SC66-Z0022-CGGAGTGCATGCATGAT.cram.crai	956616	https://giab-aws.s3.amazonaws.com/WGS/Bioskryb/2024/HG008-T_bioskryb-libraries-UG100/cram_files/037104-NIST-PL01-SC66-Z0022-CGGAGTGCATGCATGAT.cram.crai	6ec22c9a32b092fe887b5a86b4ba1e8c	index	
HG008-T.Bioskryb_UG100_singlecell	ext/giab-aws/2024/HG008-T_bioskryb-libraries-UG100/cram_files/037104-NIST-PL01-SC67-Z0020-CTACATTGCACAGAT.cram	37811608312	https://giab-aws.s3.amazonaws.com/WGS/Bioskryb/2024/HG008-T_bioskryb-libraries-UG100/cram_files/037104-NIST-PL01-SC67-Z0020-CTACATTGCACAGAT.cram	-	reads	
HG008-T.Bioskryb_UG100_singlecell	ext/giab-aws/2024/HG008-T_bioskryb-libraries-UG100/cram_files/037104-NIST-PL01-SC67-Z0020-CTACATTGCACAGAT.cram.crai	876732	https://giab-aws.s3.amazonaws.com/WGS/Bioskryb/2024/HG008-T_bioskryb-libraries-UG100/cram_files/037104-NIST-PL01-SC67-Z0020-CTACATTGCACAGAT.cram.crai	e4ce45d249467bbdf6b3c516d6d47386	index	
HG008-T.Bioskryb_UG100_singlecell	ext/giab-aws/2024/HG008-T_bioskryb-libraries-UG100/cram_files/037104-NIST-PL01-SC74-Z0023-CATGGAGATACTGAT.cram	30185470090	https://giab-aws.s3.amazonaws.com/WGS/Bioskryb/2024/HG008-T_bioskryb-libraries-UG100/cram_files/037104-NIST-PL01-SC74-Z0023-CATGGAGATACTGAT.cram	-	reads	
HG008-T.Bioskryb_UG100_singlecell	ext/giab-aws/2024/HG008-T_bioskryb-libraries-UG100/cram_files/037104-NIST-PL01-SC74-Z0023-CATGGAGATACTGAT.cram.crai	712686	https://giab-aws.s3.amazonaws.com/WGS/Bioskryb/2024/HG008-T_bioskryb-libraries-UG100/cram_files/037104-NIST-PL01-SC74-Z0023-CATGGAGATACTGAT.cram.crai	5d0a2fb2d30f7b110c52e79963cb4c0d	index	
HG008-T.Bioskryb_UG100_singlecell	ext/giab-aws/2024/HG008-T_bioskryb-libraries-UG100/cram_files/037104-NIST-PL01-SC78-Z0024-CTGAGCCTGTCAGAT.cram	33484598490	https://giab-aws.s3.amazonaws.com/WGS/Bioskryb/2024/HG008-T_bioskryb-libraries-UG100/cram_files/037104-NIST-PL01-SC78-Z0024-CTGAGCCTGTCAGAT.cram	-	reads	
HG008-T.Bioskryb_UG100_singlecell	ext/giab-aws/2024/HG008-T_bioskryb-libraries-UG100/cram_files/037104-NIST-PL01-SC78-Z0024-CTGAGCCTGTCAGAT.cram.crai	786276	https://giab-aws.s3.amazonaws.com/WGS/Bioskryb/2024/HG008-T_bioskryb-libraries-UG100/cram_files/037104-NIST-PL01-SC78-Z0024-CTGAGCCTGTCAGAT.cram.crai	18288a9459b85fa3d8a7e805087f3d28	index	
HG008-T.Bioskryb_UG100_singlecell	ext/giab-aws/2024/HG008-T_bioskryb-libraries-UG100/cram_files/037104-NIST-PL01-SC79-Z0021-CATAGCGAGCCAGAT.cram	22508895480	https://giab-aws.s3.amazonaws.com/WGS/Bioskryb/2024/HG008-T_bioskryb-libraries-UG100/cram_files/037104-NIST-PL01-SC79-Z0021-CATAGCGAGCCAGAT.cram	-	reads	
HG008-T.Bioskryb_UG100_singlecell	ext/giab-aws/2024/HG008-T_bioskryb-libraries-UG100/cram_files/037104-NIST-PL01-SC79-Z0021-CATAGCGAGCCAGAT.cram.crai	542045	https://giab-aws.s3.amazonaws.com/WGS/Bioskryb/2024/HG008-T_bioskryb-libraries-UG100/cram_files/037104-NIST-PL01-SC79-Z0021-CATAGCGAGCCAGAT.cram.crai	c8cd3efe62371295587cad479ef3038c	index	
HG008-T.Bioskryb_UG100_singlecell	ext/giab-aws/2024/HG008-T_bioskryb-libraries-UG100/cram_files/037104-NIST-PL01-SC81-Z0025-CTCGAGATTGATGAT.cram	37794979240	https://giab-aws.s3.amazonaws.com/WGS/Bioskryb/2024/HG008-T_bioskryb-libraries-UG100/cram_files/037104-NIST-PL01-SC81-Z0025-CTCGAGATTGATGAT.cram	-	reads	
HG008-T.Bioskryb_UG100_singlecell	ext/giab-aws/2024/HG008-T_bioskryb-libraries-UG100/cram_files/037104-NIST-PL01-SC81-Z0025-CTCGAGATTGATGAT.cram.crai	881434	https://giab-aws.s3.amazonaws.com/WGS/Bioskryb/2024/HG008-T_bioskryb-libraries-UG100/cram_files/037104-NIST-PL01-SC81-Z0025-CTCGAGATTGATGAT.cram.crai	887c49ab36e1a65525c601317d19b17d	index	
HG008-T.Bioskryb_UG100_singlecell	ext/giab-aws/2024/HG008-T_bioskryb-libraries-UG100/cram_files/037104-NIST-PL01-SC83-Z0026-CATCCATCTCATCTGAT.cram	42626323587	https://giab-aws.s3.amazonaws.com/WGS/Bioskryb/2024/HG008-T_bioskryb-libraries-UG100/cram_files/037104-NIST-PL01-SC83-Z0026-CATCCATCTCATCTGAT.cram	-	reads	
HG008-T.Bioskryb_UG100_singlecell	ext/giab-aws/2024/HG008-T_bioskryb-libraries-UG100/cram_files/037104-NIST-PL01-SC83-Z0026-CATCCATCTCATCTGAT.cram.crai	988790	https://giab-aws.s3.amazonaws.com/WGS/Bioskryb/2024/HG008-T_bioskryb-libraries-UG100/cram_files/037104-NIST-PL01-SC83-Z0026-CATCCATCTCATCTGAT.cram.crai	f39517cce668f1c10f7aad37465d49b2	index	
HG008-T.Bioskryb_UG100_singlecell	ext/giab-aws/2024/HG008-T_bioskryb-libraries-UG100/cram_files/037104-NIST-PL01-SC84-Z0029-CATATAGCAGGAGAT.cram	37646558656	https://giab-aws.s3.amazonaws.com/WGS/Bioskryb/2024/HG008-T_bioskryb-libraries-UG100/cram_files/037104-NIST-PL01-SC84-Z0029-CATATAGCAGGAGAT.cram	-	reads	
HG008-T.Bioskryb_UG100_singlecell	ext/giab-aws/2024/HG008-T_bioskryb-libraries-UG100/cram_files/037104-NIST-PL01-SC84-Z0029-CATATAGCAGGAGAT.cram.crai	889111	https://giab-aws.s3.amazonaws.com/WGS/Bioskryb/2024/HG008-T_bioskryb-libraries-UG100/cram_files/037104-NIST-PL01-SC84-Z0029-CATATAGCAGGAGAT.cram.crai	7a0c301c116cffbbfd04ee2636d40a0d	index	
HG008-T.Bioskryb_UG100_singlecell	ext/giab-aws/2024/HG008-T_bioskryb-libraries-UG100/cram_files/037104-NIST-PL01-SC85-Z0027-CACTGTCAGCCAGAT.cram	99145950996	https://giab-aws.s3.amazonaws.com/WGS/Bioskryb/2024/HG008-T_bioskryb-libraries-UG100/cram_files/037104-NIST-PL01-SC85-Z0027-CACTGTCAGCCAGAT.cram	-	reads	
HG008-T.Bioskryb_UG100_singlecell	ext/giab-aws/2024/HG008-T_bioskryb-libraries-UG100/cram_files/037104-NIST-PL01-SC85-Z0027-CACTGTCAGCCAGAT.cram.crai	2170833	https://giab-aws.s3.amazonaws.com/WGS/Bioskryb/2024/HG008-T_bioskryb-libraries-UG100/cram_files/037104-NIST-PL01-SC85-Z0027-CACTGTCAGCCAGAT.cram.crai	2c0ef6e2208f3810870080bb7d157744	index	
HG008-T.Bioskryb_UG100_singlecell	ext/giab-aws/2024/HG008-T_bioskryb-libraries-UG100/cram_files/037104-NIST-PL01-SC86-Z0030-CATGTCTAAGATGAT.cram	30647035484	https://giab-aws.s3.amazonaws.com/WGS/Bioskryb/2024/HG008-T_bioskryb-libraries-UG100/cram_files/037104-NIST-PL01-SC86-Z0030-CATGTCTAAGATGAT.cram	-	reads	
HG008-T.Bioskryb_UG100_singlecell	ext/giab-aws/2024/HG008-T_bioskryb-libraries-UG100/cram_files/037104-NIST-PL01-SC86-Z0030-CATGTCTAAGATGAT.cram.crai	718614	https://giab-aws.s3.amazonaws.com/WGS/Bioskryb/2024/HG008-T_bioskryb-libraries-UG100/cram_files/037104-NIST-PL01-SC86-Z0030-CATGTCTAAGATGAT.cram.crai	283e720cc2745b81bb80f41609ffe3b9	index	
HG008-T.Bioskryb_UG100_singlecell	ext/giab-aws/2024/HG008-T_bioskryb-libraries-UG100/cram_files/037104-NIST-PL01-SC88-Z0031-CATCGCAGCTGAATGAT.cram	31942033822	https://giab-aws.s3.amazonaws.com/WGS/Bioskryb/2024/HG008-T_bioskryb-libraries-UG100/cram_files/037104-NIST-PL01-SC88-Z0031-CATCGCAGCTGAATGAT.cram	-	reads	
HG008-T.Bioskryb_UG100_singlecell	ext/giab-aws/2024/HG008-T_bioskryb-libraries-UG100/cram_files/037104-NIST-PL01-SC88-Z0031-CATCGCAGCTGAATGAT.cram.crai	780075	https://giab-aws.s3.amazonaws.com/WGS/Bioskryb/2024/HG008-T_bioskryb-libraries-UG100/cram_files/037104-NIST-PL01-SC88-Z0031-CATCGCAGCTGAATGAT.cram.crai	4a79c1ec772b4d65c63283092b6dbcb2	index	
HG008-T.Bioskryb_UG100_singlecell	ext/giab-aws/2024/HG008-T_bioskryb-libraries-UG100/cram_files/037104-NIST-PL01-SC92-Z0032-CTCTGTATTGCAGAT.cram	44704128831	https://giab-aws.s3.amazonaws.com/WGS/Bioskryb/2024/HG008-T_bioskryb-libraries-UG100/cram_files/037104-NIST-PL01-SC92-Z0032-CTCTGTATTGCAGAT.cram	-	reads	
HG008-T.Bioskryb_UG100_singlecell	ext/giab-aws/2024/HG008-T_bioskryb-libraries-UG100/cram_files/037104-NIST-PL01-SC92-Z0032-CTCTGTATTGCAGAT.cram.crai	1037700	https://giab-aws.s3.amazonaws.com/WGS/Bioskryb/2024/HG008-T_bioskryb-libraries-UG100/cram_files/037104-NIST-PL01-SC92-Z0032-CTCTGTATTGCAGAT.cram.crai	6da87fcac8b9e04fc1fe231cd3b00d89	index	
HG008-T.Bioskryb_UG100_singlecell	ext/giab-aws/2024/HG008-T_bioskryb-libraries-UG100/cram_files/037104-NIST-PL01-SC95-Z0028-CAGACTTGCTGCGAT.cram	48854487442	https://giab-aws.s3.amazonaws.com/WGS/Bioskryb/2024/HG008-T_bioskryb-libraries-UG100/cram_files/037104-NIST-PL01-SC95-Z0028-CAGACTTGCTGCGAT.cram	-	reads	
HG008-T.Bioskryb_UG100_singlecell	ext/giab-aws/2024/HG008-T_bioskryb-libraries-UG100/cram_files/037104-NIST-PL01-SC95-Z0028-CAGACTTGCTGCGAT.cram.crai	1120168	https://giab-aws.s3.amazonaws.com/WGS/Bioskryb/2024/HG008-T_bioskryb-libraries-UG100/cram_files/037104-NIST-PL01-SC95-Z0028-CAGACTTGCTGCGAT.cram.crai	638f1ad1ca312ba01c33856e2daaa5c1	index	
HG008-T.Bioskryb_UG100_singlecell	ext/giab-aws/2024/HG008-T_bioskryb-libraries-UG100/cram_files/037105-NIST-PL01-SC100-Z0036-CAGAAGCTGCATGAGAT.cram	44114422506	https://giab-aws.s3.amazonaws.com/WGS/Bioskryb/2024/HG008-T_bioskryb-libraries-UG100/cram_files/037105-NIST-PL01-SC100-Z0036-CAGAAGCTGCATGAGAT.cram	-	reads	
HG008-T.Bioskryb_UG100_singlecell	ext/giab-aws/2024/HG008-T_bioskryb-libraries-UG100/cram_files/037105-NIST-PL01-SC100-Z0036-CAGAAGCTGCATGAGAT.cram.crai	1054621	https://giab-aws.s3.amazonaws.com/WGS/Bioskryb/2024/HG008-T_bioskryb-libraries-UG100/cram_files/037105-NIST-PL01-SC100-Z0036-CAGAAGCTGCATGAGAT.cram.crai	28e1e92aec33892f9688e8ab468433ca	index	
HG008-T.Bioskryb_UG100_singlecell	ext/giab-aws/2024/HG008-T_bioskryb-libraries-UG100/cram_files/037105-NIST-PL01-SC101-Z0034-CTGTGAATATGCGAT.cram	39636415608	https://giab-aws.s3.amazonaws.com/WGS/Bioskryb/2024/HG008-T_bioskryb-libraries-UG100/cram_files/037105-NIST-PL01-SC101-Z0034-CTGTGAATATGCGAT.cram	-	reads	
HG008-T.Bioskryb_UG100_singlecell	ext/giab-aws/2024/HG008-T_bioskryb-libraries-UG100/cram_files/037105-NIST-PL01-SC101-Z0034-CTGTGAATATGCGAT.cram.crai	958372	https://giab-aws.s3.amazonaws.com/WGS/Bioskryb/2024/HG008-T_bioskryb-libraries-UG100/cram_files/037105-NIST-PL01-SC101-Z0034-CTGTGAATATGCGAT.cram.crai	475bd1956a32599617997ac48944cf95	index	
HG008-T.Bioskryb_UG100_singlecell	ext/giab-aws/2024/HG008-T_bioskryb-libraries-UG100/cram_files/037105-NIST-PL01-SC103-Z0035-CTGAATGATCTCGAT.cram	27254204228	https://giab-aws.s3.amazonaws.com/WGS/Bioskryb/2024/HG008-T_bioskryb-libraries-UG100/cram_files/037105-NIST-PL01-SC103-Z0035-CTGAATGATCTCGAT.cram	-	reads	
HG008-T.Bioskryb_UG100_singlecell	ext/giab-aws/2024/HG008-T_bioskryb-libraries-UG100/cram_files/037105-NIST-PL01-SC103-Z0035-CTGAATGATCTCGAT.cram.crai	760703	https://giab-aws.s3.amazonaws.com/WGS/Bioskryb/2024/HG008-T_bioskryb-libraries-UG100/cram_files/037105-NIST-PL01-SC103-Z0035-CTGAATGATCTCGAT.cram.crai	b8623465746433e461c5183218fdedc6	index	
HG008-T.Bioskryb_UG100_singlecell	ext/giab-aws/2024/HG008-T_bioskryb-libraries-UG100/cram_files/037105-NIST-PL01-SC104-Z0037-CTAGATTGCGCAGAT.cram	42605613784	https://giab-aws.s3.amazonaws.com/WGS/Bioskryb/2024/HG008-T_bioskryb-libraries-UG100/cram_files/037105-NIST-PL01-SC104-Z0037-CTAGATTGCGCAGAT.cram	-	reads	
HG008-T.Bioskryb_UG100_singlecell	ext/giab-aws/2024/HG008-T_bioskryb-libraries-UG100/cram_files/037105-NIST-PL01-SC104-Z0037-CTAGATTGCGCAGAT.cram.crai	1022065	https://giab-aws.s3.amazonaws.com/WGS/Bioskryb/2024/HG008-T_bioskryb-libraries-UG100/cram_files/037105-NIST-PL01-SC104-Z0037-CTAGATTGCGCAGAT.cram.crai	645caa015e761d28f1438f588d297b81	index	
HG008-T.Bioskryb_UG100_singlecell	ext/giab-aws/2024/HG008-T_bioskryb-libraries-UG100/cram_files/037105-NIST-PL01-SC106-Z0038-CGCATCCTCACAGAT.cram	40587482148	https://giab-aws.s3.amazonaws.com/WGS/Bioskryb/2024/HG008-T_bioskryb-libraries-UG100/cram_files/037105-NIST-PL01-SC106-Z0038-CGCATCCTCACAGAT.cram	-	reads	
HG008-T.Bioskryb_UG100_singlecell	ext/giab-aws/2024/HG008-T_bioskryb-libraries-UG100/cram_files/037105-NIST-PL01-SC106-Z0038-CGCATCCTCACAGAT.cram.crai	961518	https://giab-aws.s3.amazonaws.com/WGS/Bioskryb/2024/HG008-T_bioskryb-libraries-UG100/cram_files/037105-NIST-PL01-SC106-Z0038-CGCATCCTCACAGAT.cram.crai	afaf030b4d844fb4a88e5fdaae366ace	index	
HG008-T.Bioskryb_UG100_singlecell	ext/giab-aws/2024/HG008-T_bioskryb-libraries-UG100/cram_files/037105-NIST-PL01-SC108-Z0039-CACAACATATCAGAT.cram	32226051221	https://giab-aws.s3.amazonaws.com/WGS/Bioskryb/2024/HG008-T_bioskryb-libraries-UG100/cram_files/037105-NIST-PL01-SC108-Z0039-CACAACATATCAGAT.cram	-	reads	
HG008-T.Bioskryb_UG100_singlecell	ext/giab-aws/2024/HG008-T_bioskryb-libraries-UG100/cram_files/037105-NIST-PL01-SC108-Z0039-CACAACATATCAGAT.cram.crai	786848	https://giab-aws.s3.amazonaws.com/WGS/Bioskryb/2024/HG008-T_bioskryb-libraries-UG100/cram_files/037105-NIST-PL01-SC108-Z0039-CACAACATATCAGAT.cram.crai	49afd7b359dae570b02d70a5ff8b55da	index	
HG008-T.Bioskryb_UG100_singlecell	ext/giab-aws/2024/HG008-T_bioskryb-libraries-UG100/cram_files/037105-NIST-PL01-SC110-Z0040-CATCCTGCATCGCAGAT.cram	37331258700	https://giab-aws.s3.amazonaws.com/WGS/Bioskryb/2024/HG008-T_bioskryb-libraries-UG100/cram_files/037105-NIST-PL01-SC110-Z0040-CATCCTGCATCGCAGAT.cram	-	reads	
HG008-T.Bioskryb_UG100_singlecell	ext/giab-aws/2024/HG008-T_bioskryb-libraries-UG100/cram_files/037105-NIST-PL01-SC110-Z0040-CATCCTGCATCGCAGAT.cram.crai	899299	https://giab-aws.s3.amazonaws.com/WGS/Bioskryb/2024/HG008-T_bioskryb-libraries-UG100/cram_files/037105-NIST-PL01-SC110-Z0040-CATCCTGCATCGCAGAT.cram.crai	5c4dbae1046ff9754e2f8611f14f76ef	index	
HG008-T.Bioskryb_UG100_singlecell	ext/giab-aws/2024/HG008-T_bioskryb-libraries-UG100/cram_files/037105-NIST-PL01-SC116-Z0044-CAATGTGTGCTAGAT.cram	41974979374	https://giab-aws.s3.amazonaws.com/WGS/Bioskryb/2024/HG008-T_bioskryb-libraries-UG100/cram_files/037105-NIST-PL01-SC116-Z0044-CAATGTGTGCTAGAT.cram	-	reads	
HG008-T.Bioskryb_UG100_singlecell	ext/giab-aws/2024/HG008-T_bioskryb-libraries-UG100/cram_files/037105-NIST-PL01-SC116-Z0044-CAATGTGTGCTAGAT.cram.crai	995035	https://giab-aws.s3.amazonaws.com/WGS/Bioskryb/2024/HG008-T_bioskryb-libraries-UG100/cram_files/037105-NIST-PL01-SC116-Z0044-CAATGTGTGCTAGAT.cram.crai	fd8b08feb265bb96324aa411b8c0ff48	index	
HG008-T.Bioskryb_UG100_singlecell	ext/giab-aws/2024/HG008-T_bioskryb-libraries-UG100/cram_files/037105-NIST-PL01-SC117-Z0041-CACATCAGCTCAATGAT.cram	35024185021	https://giab-aws.s3.amazonaws.com/WGS/Bioskryb/2024/HG008-T_bioskryb-libraries-UG100/cram_files/037105-NIST-PL01-SC117-Z0041-CACATCAGCTCAATGAT.cram	-	reads	
HG008-T.Bioskryb_UG100_singlecell	ext/giab-aws/2024/HG008-T_bioskryb-libraries-UG100/cram_files/037105-NIST-PL01-SC117-Z0041-CACATCAGCTCAATGAT.cram.crai	833246	https://giab-aws.s3.amazonaws.com/WGS/Bioskryb/2024/HG008-T_bioskryb-libraries-UG100/cram_files/037105-NIST-PL01-SC117-Z0041-CACATCAGCTCAATGAT.cram.crai	704d57cb0f20d1be93ec3276ed7b3a68	index	
HG008-T.Bioskryb_UG100_singlecell	ext/giab-aws/2024/HG008-T_bioskryb-libraries-UG100/cram_files/037105-NIST-PL01-SC118-Z0045-CTCAGCCTCATGCTGAT.cram	39364046929	https://giab-aws.s3.amazonaws.com/WGS/Bioskryb/2024/HG008-T_bioskryb-libraries-UG100/cram_files/037105-NIST-PL01-SC118-Z0045-CTCAGCCTCATGCTGAT.cram	-	reads	
HG008-T.Bioskryb_UG100_singlecell	ext/giab-aws/2024/HG008-T_bioskryb-libraries-UG100/cram_files/037105-NIST-PL01-SC118-Z0045-CTCAGCCTCATGCTGAT.cram.crai	928470	https://giab-aws.s3.amazonaws.com/WGS/Bioskryb/2024/HG008-T_bioskryb-libraries-UG100/cram_files/037105-NIST-PL01-SC118-Z0045-CTCAGCCTCATGCTGAT.cram.crai	ec330e9975473913676318da7163653e	index	
HG008-T.Bioskryb_UG100_singlecell	ext/giab-aws/2024/HG008-T_bioskryb-libraries-UG100/cram_files/037105-NIST-PL01-SC119-Z0042-CATGCATATAATGCGAT.cram	45016220262	https://giab-aws.s3.amazonaws.com/WGS/Bioskryb/2024/HG008-T_bioskryb-libraries-UG100/cram_files/037105-NIST-PL01-SC119-Z0042-CATGCATATAATGCGAT.cram	-	reads	
HG008-T.Bioskryb_UG100_singlecell	ext/giab-aws/2024/HG008-T_bioskryb-libraries-UG100/cram_files/037105-NIST-PL01-SC119-Z0042-CATGCATATAATGCGAT.cram.crai	1071476	https://giab-aws.s3.amazonaws.com/WGS/Bioskryb/2024/HG008-T_bioskryb-libraries-UG100/cram_files/037105-NIST-PL01-SC119-Z0042-CATGCATATAATGCGAT.cram.crai	d28071bca991a9582e57a746bca9f2d6	index	
HG008-T.Bioskryb_UG100_singlecell	ext/giab-aws/2024/HG008-T_bioskryb-libraries-UG100/cram_files/037105-NIST-PL01-SC122-Z0046-CTCTCGCATGCAATGAT.cram	42888253009	https://giab-aws.s3.amazonaws.com/WGS/Bioskryb/2024/HG008-T_bioskryb-libraries-UG100/cram_files/037105-NIST-PL01-SC122-Z0046-CTCTCGCATGCAATGAT.cram	-	reads	
HG008-T.Bioskryb_UG100_singlecell	ext/giab-aws/2024/HG008-T_bioskryb-libraries-UG100/cram_files/037105-NIST-PL01-SC122-Z0046-CTCTCGCATGCAATGAT.cram.crai	1020084	https://giab-aws.s3.amazonaws.com/WGS/Bioskryb/2024/HG008-T_bioskryb-libraries-UG100/cram_files/037105-NIST-PL01-SC122-Z0046-CTCTCGCATGCAATGAT.cram.crai	e87983e8cfc26e0e462a659179a88d53	index	
HG008-T.Bioskryb_UG100_singlecell	ext/giab-aws/2024/HG008-T_bioskryb-libraries-UG100/cram_files/037105-NIST-PL01-SC123-Z0043-CTCAATGCATCAGCGAT.cram	46468289212	https://giab-aws.s3.amazonaws.com/WGS/Bioskryb/2024/HG008-T_bioskryb-libraries-UG100/cram_files/037105-NIST-PL01-SC123-Z0043-CTCAATGCATCAGCGAT.cram	-	reads	
HG008-T.Bioskryb_UG100_singlecell	ext/giab-aws/2024/HG008-T_bioskryb-libraries-UG100/cram_files/037105-NIST-PL01-SC123-Z0043-CTCAATGCATCAGCGAT.cram.crai	1094381	https://giab-aws.s3.amazonaws.com/WGS/Bioskryb/2024/HG008-T_bioskryb-libraries-UG100/cram_files/037105-NIST-PL01-SC123-Z0043-CTCAATGCATCAGCGAT.cram.crai	613d8ce804aaa0c27911261336a97552	index	
HG008-T.Bioskryb_UG100_singlecell	ext/giab-aws/2024/HG008-T_bioskryb-libraries-UG100/cram_files/037105-NIST-PL01-SC129-Z0047-CTAGCAGCCAGCGAT.cram	34484909466	https://giab-aws.s3.amazonaws.com/WGS/Bioskryb/2024/HG008-T_bioskryb-libraries-UG100/cram_files/037105-NIST-PL01-SC129-Z0047-CTAGCAGCCAGCGAT.cram	-	reads	
HG008-T.Bioskryb_UG100_singlecell	ext/giab-aws/2024/HG008-T_bioskryb-libraries-UG100/cram_files/037105-NIST-PL01-SC129-Z0047-CTAGCAGCCAGCGAT.cram.crai	833775	https://giab-aws.s3.amazonaws.com/WGS/Bioskryb/2024/HG008-T_bioskryb-libraries-UG100/cram_files/037105-NIST-PL01-SC129-Z0047-CTAGCAGCCAGCGAT.cram.crai	019f35f35e1955465300f5764f126729	index	
HG008-T.Bioskryb_UG100_singlecell	ext/giab-aws/2024/HG008-T_bioskryb-libraries-UG100/cram_files/037105-NIST-PL01-SC133-Z0048-CTGCCAGACTGTGAT.cram	35235616215	https://giab-aws.s3.amazonaws.com/WGS/Bioskryb/2024/HG008-T_bioskryb-libraries-UG100/cram_files/037105-NIST-PL01-SC133-Z0048-CTGCCAGACTGTGAT.cram	-	reads	
HG008-T.Bioskryb_UG100_singlecell	ext/giab-aws/2024/HG008-T_bioskryb-libraries-UG100/cram_files/037105-NIST-PL01-SC133-Z0048-CTGCCAGACTGTGAT.cram.crai	845829	https://giab-aws.s3.amazonaws.com/WGS/Bioskryb/2024/HG008-T_bioskryb-libraries-UG100/cram_files/037105-NIST-PL01-SC133-Z0048-CTGCCAGACTGTGAT.cram.crai	b9556ebdcbf310ce9c2269f52dd850d7	index	
HG008-T.Bioskryb_UG100_singlecell	ext/giab-aws/2024/HG008-T_bioskryb-libraries-UG100/cram_files/037105-NIST-PL01-SC97-Z0033-CATCATCGATTCGAT.cram	42796641661	https://giab-aws.s3.amazonaws.com/WGS/Bioskryb/2024/HG008-T_bioskryb-libraries-UG100/cram_files/037105-NIST-PL01-SC97-Z0033-CATCATCGATTCGAT.cram	-	reads	
HG008-T.Bioskryb_UG100_singlecell	ext/giab-aws/2024/HG008-T_bioskryb-libraries-UG100/cram_files/037105-NIST-PL01-SC97-Z0033-CATCATCGATTCGAT.cram.crai	1009835	https://giab-aws.s3.amazonaws.com/WGS/Bioskryb/2024/HG008-T_bioskryb-libraries-UG100/cram_files/037105-NIST-PL01-SC97-Z0033-CATCATCGATTCGAT.cram.crai	995abc264a4339dfaafd1f9ae15aa659	index	
HG008-T.Bioskryb_UG100_singlecell	ext/giab-aws/2024/HG008-T_bioskryb-libraries-UG100/cram_files/037113-NIST-PL01-SC01-Z0001-CAGCTCGAATGCGAT.cram	34488379205	https://giab-aws.s3.amazonaws.com/WGS/Bioskryb/2024/HG008-T_bioskryb-libraries-UG100/cram_files/037113-NIST-PL01-SC01-Z0001-CAGCTCGAATGCGAT.cram	-	reads	
HG008-T.Bioskryb_UG100_singlecell	ext/giab-aws/2024/HG008-T_bioskryb-libraries-UG100/cram_files/037113-NIST-PL01-SC01-Z0001-CAGCTCGAATGCGAT.cram.crai	811832	https://giab-aws.s3.amazonaws.com/WGS/Bioskryb/2024/HG008-T_bioskryb-libraries-UG100/cram_files/037113-NIST-PL01-SC01-Z0001-CAGCTCGAATGCGAT.cram.crai	34c949cef483acb672a9a7a21b54a0f2	index	
HG008-T.Bioskryb_UG100_singlecell	ext/giab-aws/2024/HG008-T_bioskryb-libraries-UG100/cram_files/037113-NIST-PL01-SC02-Z0004-CTGTGTAGGCATGAT.cram	45782362936	https://giab-aws.s3.amazonaws.com/WGS/Bioskryb/2024/HG008-T_bioskryb-libraries-UG100/cram_files/037113-NIST-PL01-SC02-Z0004-CTGTGTAGGCATGAT.cram	-	reads	
HG008-T.Bioskryb_UG100_singlecell	ext/giab-aws/2024/HG008-T_bioskryb-libraries-UG100/cram_files/037113-NIST-PL01-SC02-Z0004-CTGTGTAGGCATGAT.cram.crai	1074475	https://giab-aws.s3.amazonaws.com/WGS/Bioskryb/2024/HG008-T_bioskryb-libraries-UG100/cram_files/037113-NIST-PL01-SC02-Z0004-CTGTGTAGGCATGAT.cram.crai	359dbeec77f0c05b08b88ce09517d017	index	
HG008-T.Bioskryb_UG100_singlecell	ext/giab-aws/2024/HG008-T_bioskryb-libraries-UG100/cram_files/037113-NIST-PL01-SC03-Z0002-CATGTGCAGCCATCGAT.cram	48184274151	https://giab-aws.s3.amazonaws.com/WGS/Bioskryb/2024/HG008-T_bioskryb-libraries-UG100/cram_files/037113-NIST-PL01-SC03-Z0002-CATGTGCAGCCATCGAT.cram	-	reads	
HG008-T.Bioskryb_UG100_singlecell	ext/giab-aws/2024/HG008-T_bioskryb-libraries-UG100/cram_files/037113-NIST-PL01-SC03-Z0002-CATGTGCAGCCATCGAT.cram.crai	1132660	https://giab-aws.s3.amazonaws.com/WGS/Bioskryb/2024/HG008-T_bioskryb-libraries-UG100/cram_files/037113-NIST-PL01-SC03-Z0002-CATGTGCAGCCATCGAT.cram.crai	5a82585fd2bbeb0ab0e4f88761b02a4f	index	
HG008-T.Bioskryb_UG100_singlecell	ext/giab-aws/2024/HG008-T_bioskryb-libraries-UG100/cram_files/037113-NIST-PL01-SC12-Z0005-CATGTATCCTCTGAT.cram	39162857503	https://giab-aws.s3.amazonaws.com/WGS/Bioskryb/2024/HG008-T_bioskryb-libraries-UG100/cram_files/037113-NIST-PL01-SC12-Z0005-CATGTATCCTCTGAT.cram	-	reads	
HG008-T.Bioskryb_UG100_singlecell	ext/giab-aws/2024/HG008-T_bioskryb-libraries-UG100/cram_files/037113-NIST-PL01-SC12-Z0005-CATGTATCCTCTGAT.cram.crai	929372	https://giab-aws.s3.amazonaws.com/WGS/Bioskryb/2024/HG008-T_bioskryb-libraries-UG100/cram_files/037113-NIST-PL01-SC12-Z0005-CATGTATCCTCTGAT.cram.crai	3a5c8e725495d69f08c74434b79f9a70	index	
HG008-T.Bioskryb_UG100_singlecell	ext/giab-aws/2024/HG008-T_bioskryb-libraries-UG100/cram_files/037113-NIST-PL01-SC15-Z0003-CATCACACATGAATGAT.cram	41415007990	https://giab-aws.s3.amazonaws.com/WGS/Bioskryb/2024/HG008-T_bioskryb-libraries-UG100/cram_files/037113-NIST-PL01-SC15-Z0003-CATCACACATGAATGAT.cram	-	reads	
HG008-T.Bioskryb_UG100_singlecell	ext/giab-aws/2024/HG008-T_bioskryb-libraries-UG100/cram_files/037113-NIST-PL01-SC15-Z0003-CATCACACATGAATGAT.cram.crai	968369	https://giab-aws.s3.amazonaws.com/WGS/Bioskryb/2024/HG008-T_bioskryb-libraries-UG100/cram_files/037113-NIST-PL01-SC15-Z0003-CATCACACATGAATGAT.cram.crai	23dc53b75369e8b9e8f47fe133e6b4b7	index	
HG008-T.Bioskryb_UG100_singlecell	ext/giab-aws/2024/HG008-T_bioskryb-libraries-UG100/cram_files/037113-NIST-PL01-SC23-Z0006-CATATAGCCTATGAT.cram	30893982182	https://giab-aws.s3.amazonaws.com/WGS/Bioskryb/2024/HG008-T_bioskryb-libraries-UG100/cram_files/037113-NIST-PL01-SC23-Z0006-CATATAGCCTATGAT.cram	-	reads	
HG008-T.Bioskryb_UG100_singlecell	ext/giab-aws/2024/HG008-T_bioskryb-libraries-UG100/cram_files/037113-NIST-PL01-SC23-Z0006-CATATAGCCTATGAT.cram.crai	753669	https://giab-aws.s3.amazonaws.com/WGS/Bioskryb/2024/HG008-T_bioskryb-libraries-UG100/cram_files/037113-NIST-PL01-SC23-Z0006-CATATAGCCTATGAT.cram.crai	831b26dc3ada45e9b1398d9e9d666d46	index	
HG008-T.Bioskryb_UG100_singlecell	ext/giab-aws/2024/HG008-T_bioskryb-libraries-UG100/cram_files/037113-NIST-PL01-SC25-Z0007-CGATTCATGCTCGAT.cram	41717097405	https://giab-aws.s3.amazonaws.com/WGS/Bioskryb/2024/HG008-T_bioskryb-libraries-UG100/cram_files/037113-NIST-PL01-SC25-Z0007-CGATTCATGCTCGAT.cram	-	reads	
HG008-T.Bioskryb_UG100_singlecell	ext/giab-aws/2024/HG008-T_bioskryb-libraries-UG100/cram_files/037113-NIST-PL01-SC25-Z0007-CGATTCATGCTCGAT.cram.crai	974808	https://giab-aws.s3.amazonaws.com/WGS/Bioskryb/2024/HG008-T_bioskryb-libraries-UG100/cram_files/037113-NIST-PL01-SC25-Z0007-CGATTCATGCTCGAT.cram.crai	e336bd32d1d1ea4b3b243a87161a31e0	index	
HG008-T.Bioskryb_UG100_singlecell	ext/giab-aws/2024/HG008-T_bioskryb-libraries-UG100/cram_files/037113-NIST-PL01-SC27-Z0008-CACATCCTGCATGTGAT.cram	21274963911	https://giab-aws.s3.amazonaws.com/WGS/Bioskryb/2024/HG008-T_bioskryb-libraries-UG100/cram_files/037113-NIST-PL01-SC27-Z0008-CACATCCTGCATGTGAT.cram	-	reads	
HG008-T.Bioskryb_UG100_singlecell	ext/giab-aws/2024/HG008-T_bioskryb-libraries-UG100/cram_files/037113-NIST-PL01-SC27-Z0008-CACATCCTGCATGTGAT.cram.crai	523903	https://giab-aws.s3.amazonaws.com/WGS/Bioskryb/2024/HG008-T_bioskryb-libraries-UG100/cram_files/037113-NIST-PL01-SC27-Z0008-CACATCCTGCATGTGAT.cram.crai	b459f884f5b3620bdb24884a47b0d886	index	
HG008-T.Bioskryb_UG100_singlecell	ext/giab-aws/2024/HG008-T_bioskryb-libraries-UG100/cram_files/037113-NIST-PL01-SC29-Z0009-CGCGCATCCTGCATGAT.cram	41449667484	https://giab-aws.s3.amazonaws.com/WGS/Bioskryb/2024/HG008-T_bioskryb-libraries-UG100/cram_files/037113-NIST-PL01-SC29-Z0009-CGCGCATCCTGCATGAT.cram	-	reads	
HG008-T.Bioskryb_UG100_singlecell	ext/giab-aws/2024/HG008-T_bioskryb-libraries-UG100/cram_files/037113-NIST-PL01-SC29-Z0009-CGCGCATCCTGCATGAT.cram.crai	972297	https://giab-aws.s3.amazonaws.com/WGS/Bioskryb/2024/HG008-T_bioskryb-libraries-UG100/cram_files/037113-NIST-PL01-SC29-Z0009-CGCGCATCCTGCATGAT.cram.crai	d2151928b6e6c6ccd6013e46b0364311	index	
HG008-T.Bioskryb_UG100_singlecell	ext/giab-aws/2024/HG008-T_bioskryb-libraries-UG100/cram_files/037113-NIST-PL01-SC33-Z0010-CACTGCACGAATGAT.cram	54503668937	https://giab-aws.s3.amazonaws.com/WGS/Bioskryb/2024/HG008-T_bioskryb-libraries-UG100/cram_files/037113-NIST-PL01-SC33-Z0010-CACTGCACGAATGAT.cram	-	reads	
HG008-T.Bioskryb_UG100_singlecell	ext/giab-aws/2024/HG008-T_bioskryb-libraries-UG100/cram_files/037113-NIST-PL01-SC33-Z0010-CACTGCACGAATGAT.cram.crai	1270838	https://giab-aws.s3.amazonaws.com/WGS/Bioskryb/2024/HG008-T_bioskryb-libraries-UG100/cram_files/037113-NIST-PL01-SC33-Z0010-CACTGCACGAATGAT.cram.crai	8311c27c40c533a505b00df378d36a70	index	
HG008-T.Bioskryb_UG100_singlecell	ext/giab-aws/2024/HG008-T_bioskryb-libraries-UG100/cram_files/037113-NIST-PL01-SC47-Z0011-CACGCACTGCCAGAT.cram	37356714917	https://giab-aws.s3.amazonaws.com/WGS/Bioskryb/2024/HG008-T_bioskryb-libraries-UG100/cram_files/037113-NIST-PL01-SC47-Z0011-CACGCACTGCCAGAT.cram	-	reads	
HG008-T.Bioskryb_UG100_singlecell	ext/giab-aws/2024/HG008-T_bioskryb-libraries-UG100/cram_files/037113-NIST-PL01-SC47-Z0011-CACGCACTGCCAGAT.cram.crai	890026	https://giab-aws.s3.amazonaws.com/WGS/Bioskryb/2024/HG008-T_bioskryb-libraries-UG100/cram_files/037113-NIST-PL01-SC47-Z0011-CACGCACTGCCAGAT.cram.crai	f6c12ad48d4e3a3bd425170fd6515ed1	index	
HG008-T.Bioskryb_UG100_singlecell	ext/giab-aws/2024/HG008-T_bioskryb-libraries-UG100/cram_files/037113-NIST-PL01-SC50-Z0016-CATCCTGTGCGCATGAT.cram	24971374829	https://giab-aws.s3.amazonaws.com/WGS/Bioskryb/2024/HG008-T_bioskryb-libraries-UG100/cram_files/037113-NIST-PL01-SC50-Z0016-CATCCTGTGCGCATGAT.cram	-	reads	
HG008-T.Bioskryb_UG100_singlecell	ext/giab-aws/2024/HG008-T_bioskryb-libraries-UG100/cram_files/037113-NIST-PL01-SC50-Z0016-CATCCTGTGCGCATGAT.cram.crai	614399	https://giab-aws.s3.amazonaws.com/WGS/Bioskryb/2024/HG008-T_bioskryb-libraries-UG100/cram_files/037113-NIST-PL01-SC50-Z0016-CATCCTGTGCGCATGAT.cram.crai	7c24f31b94160660faa5cbf0d1f22486	index	
HG008-T.Bioskryb_UG100_singlecell	ext/giab-aws/2024/HG008-T_bioskryb-libraries-UG100/cram_files/037113-NIST-PL01-SC53-Z0012-CTGCCATAGCACGAT.cram	42738851123	https://giab-aws.s3.amazonaws.com/WGS/Bioskryb/2024/HG008-T_bioskryb-libraries-UG100/cram_files/037113-NIST-PL01-SC53-Z0012-CTGCCATAGCACGAT.cram	-	reads	
HG008-T.Bioskryb_UG100_singlecell	ext/giab-aws/2024/HG008-T_bioskryb-libraries-UG100/cram_files/037113-NIST-PL01-SC53-Z0012-CTGCCATAGCACGAT.cram.crai	1008292	https://giab-aws.s3.amazonaws.com/WGS/Bioskryb/2024/HG008-T_bioskryb-libraries-UG100/cram_files/037113-NIST-PL01-SC53-Z0012-CTGCCATAGCACGAT.cram.crai	3deebb08060cb33af05966f29a89c97b	index	
HG008-T.Bioskryb_UG100_singlecell	ext/giab-aws/2024/HG008-T_bioskryb-libraries-UG100/cram_files/037113-NIST-PL01-SC57-Z0013-CAGTTGTGCTGTGAT.cram	39977677070	https://giab-aws.s3.amazonaws.com/WGS/Bioskryb/2024/HG008-T_bioskryb-libraries-UG100/cram_files/037113-NIST-PL01-SC57-Z0013-CAGTTGTGCTGTGAT.cram	-	reads	
HG008-T.Bioskryb_UG100_singlecell	ext/giab-aws/2024/HG008-T_bioskryb-libraries-UG100/cram_files/037113-NIST-PL01-SC57-Z0013-CAGTTGTGCTGTGAT.cram.crai	945837	https://giab-aws.s3.amazonaws.com/WGS/Bioskryb/2024/HG008-T_bioskryb-libraries-UG100/cram_files/037113-NIST-PL01-SC57-Z0013-CAGTTGTGCTGTGAT.cram.crai	4d58275cc7753af3e0e399aed1329a74	index	
HG008-T.Bioskryb_UG100_singlecell	ext/giab-aws/2024/HG008-T_bioskryb-libraries-UG100/cram_files/037113-NIST-PL01-SC59-Z0014-CATGGCGCGATCATGAT.cram	36763008079	https://giab-aws.s3.amazonaws.com/WGS/Bioskryb/2024/HG008-T_bioskryb-libraries-UG100/cram_files/037113-NIST-PL01-SC59-Z0014-CATGGCGCGATCATGAT.cram	-	reads	
HG008-T.Bioskryb_UG100_singlecell	ext/giab-aws/2024/HG008-T_bioskryb-libraries-UG100/cram_files/037113-NIST-PL01-SC59-Z0014-CATGGCGCGATCATGAT.cram.crai	871653	https://giab-aws.s3.amazonaws.com/WGS/Bioskryb/2024/HG008-T_bioskryb-libraries-UG100/cram_files/037113-NIST-PL01-SC59-Z0014-CATGGCGCGATCATGAT.cram.crai	70958d7f81a467daa28dea8fa6c0f10a	index	
HG008-T.Bioskryb_UG100_singlecell	ext/giab-aws/2024/HG008-T_bioskryb-libraries-UG100/cram_files/037113-NIST-PL01-SC63-Z0015-CTTAGATATCATGAT.cram	35412409487	https://giab-aws.s3.amazonaws.com/WGS/Bioskryb/2024/HG008-T_bioskryb-libraries-UG100/cram_files/037113-NIST-PL01-SC63-Z0015-CTTAGATATCATGAT.cram	-	reads	
HG008-T.Bioskryb_UG100_singlecell	ext/giab-aws/2024/HG008-T_bioskryb-libraries-UG100/cram_files/037113-NIST-PL01-SC63-Z0015-CTTAGATATCATGAT.cram.crai	856906	https://giab-aws.s3.amazonaws.com/WGS/Bioskryb/2024/HG008-T_bioskryb-libraries-UG100/cram_files/037113-NIST-PL01-SC63-Z0015-CTTAGATATCATGAT.cram.crai	e67fb5c80d2ceee4c5cd2af0f2797d4c	index	
HG008-T.Bioskryb_UG100_singlecell	ext/giab-aws/2024/HG008-T_bioskryb-libraries-UG100/cram_files/037144-NIST-PL01-SC136-Z0050-CACATGGCAGCACAGAT.cram	52793216897	https://giab-aws.s3.amazonaws.com/WGS/Bioskryb/2024/HG008-T_bioskryb-libraries-UG100/cram_files/037144-NIST-PL01-SC136-Z0050-CACATGGCAGCACAGAT.cram	-	reads	
HG008-T.Bioskryb_UG100_singlecell	ext/giab-aws/2024/HG008-T_bioskryb-libraries-UG100/cram_files/037144-NIST-PL01-SC136-Z0050-CACATGGCAGCACAGAT.cram.crai	1178206	https://giab-aws.s3.amazonaws.com/WGS/Bioskryb/2024/HG008-T_bioskryb-libraries-UG100/cram_files/037144-NIST-PL01-SC136-Z0050-CACATGGCAGCACAGAT.cram.crai	4b0bd46d6f4f7390f2bea43df47bd70f	index	
HG008-T.Bioskryb_UG100_singlecell	ext/giab-aws/2024/HG008-T_bioskryb-libraries-UG100/cram_files/037144-NIST-PL01-SC137-Z0049-CGCACTGCTCCTGAT.cram	32946700947	https://giab-aws.s3.amazonaws.com/WGS/Bioskryb/2024/HG008-T_bioskryb-libraries-UG100/cram_files/037144-NIST-PL01-SC137-Z0049-CGCACTGCTCCTGAT.cram	-	reads	
HG008-T.Bioskryb_UG100_singlecell	ext/giab-aws/2024/HG008-T_bioskryb-libraries-UG100/cram_files/037144-NIST-PL01-SC137-Z0049-CGCACTGCTCCTGAT.cram.crai	753029	https://giab-aws.s3.amazonaws.com/WGS/Bioskryb/2024/HG008-T_bioskryb-libraries-UG100/cram_files/037144-NIST-PL01-SC137-Z0049-CGCACTGCTCCTGAT.cram.crai	daa6cdbd33824ff86a3adb29f631436a	index	
HG008-T.Bioskryb_UG100_singlecell	ext/giab-aws/2024/HG008-T_bioskryb-libraries-UG100/cram_files/037144-NIST-PL01-SC140-Z0051-CACTTGCAGATCGAT.cram	44119901710	https://giab-aws.s3.amazonaws.com/WGS/Bioskryb/2024/HG008-T_bioskryb-libraries-UG100/cram_files/037144-NIST-PL01-SC140-Z0051-CACTTGCAGATCGAT.cram	-	reads	
HG008-T.Bioskryb_UG100_singlecell	ext/giab-aws/2024/HG008-T_bioskryb-libraries-UG100/cram_files/037144-NIST-PL01-SC140-Z0051-CACTTGCAGATCGAT.cram.crai	983991	https://giab-aws.s3.amazonaws.com/WGS/Bioskryb/2024/HG008-T_bioskryb-libraries-UG100/cram_files/037144-NIST-PL01-SC140-Z0051-CACTTGCAGATCGAT.cram.crai	a9e311a60d180b1b12b5616d0c62e91b	index	
HG008-T.Bioskryb_UG100_singlecell	ext/giab-aws/2024/HG008-T_bioskryb-libraries-UG100/cram_files/037144-NIST-PL01-SC146-Z0056-CTTATGCTATCAGAT.cram	69457153439	https://giab-aws.s3.amazonaws.com/WGS/Bioskryb/2024/HG008-T_bioskryb-libraries-UG100/cram_files/037144-NIST-PL01-SC146-Z0056-CTTATGCTATCAGAT.cram	-	reads	
HG008-T.Bioskryb_UG100_singlecell	ext/giab-aws/2024/HG008-T_bioskryb-libraries-UG100/cram_files/037144-NIST-PL01-SC146-Z0056-CTTATGCTATCAGAT.cram.crai	1526137	https://giab-aws.s3.amazonaws.com/WGS/Bioskryb/2024/HG008-T_bioskryb-libraries-UG100/cram_files/037144-NIST-PL01-SC146-Z0056-CTTATGCTATCAGAT.cram.crai	03a1e97bdfdd5d8484c4c9fd9307fbf4	index	
HG008-T.Bioskryb_UG100_singlecell	ext/giab-aws/2024/HG008-T_bioskryb-libraries-UG100/cram_files/037144-NIST-PL01-SC149-Z0052-CTATGCCACAGCATGAT.cram	30843065135	https://giab-aws.s3.amazonaws.com/WGS/Bioskryb/2024/HG008-T_bioskryb-libraries-UG100/cram_files/037144-NIST-PL01-SC149-Z0052-CTATGCCACAGCATGAT.cram	-	reads	
HG008-T.Bioskryb_UG100_singlecell	ext/giab-aws/2024/HG008-T_bioskryb-libraries-UG100/cram_files/037144-NIST-PL01-SC149-Z0052-CTATGCCACAGCATGAT.cram.crai	701344	https://giab-aws.s3.amazonaws.com/WGS/Bioskryb/2024/HG008-T_bioskryb-libraries-UG100/cram_files/037144-NIST-PL01-SC149-Z0052-CTATGCCACAGCATGAT.cram.crai	f527785f190d8400ccf5456183891f69	index	
HG008-T.Bioskryb_UG100_singlecell	ext/giab-aws/2024/HG008-T_bioskryb-libraries-UG100/cram_files/037144-NIST-PL01-SC150-Z0057-CAATGCGTGCTGCAGAT.cram	43570391458	https://giab-aws.s3.amazonaws.com/WGS/Bioskryb/2024/HG008-T_bioskryb-libraries-UG100/cram_files/037144-NIST-PL01-SC150-Z0057-CAATGCGTGCTGCAGAT.cram	-	reads	
HG008-T.Bioskryb_UG100_singlecell	ext/giab-aws/2024/HG008-T_bioskryb-libraries-UG100/cram_files/037144-NIST-PL01-SC150-Z0057-CAATGCGTGCTGCAGAT.cram.crai	997389	https://giab-aws.s3.amazonaws.com/WGS/Bioskryb/2024/HG008-T_bioskryb-libraries-UG100/cram_files/037144-NIST-PL01-SC150-Z0057-CAATGCGTGCTGCAGAT.cram.crai	5e2add799d72a01881b39193b5e11d4f	index	
HG008-T.Bioskryb_UG100_singlecell	ext/giab-aws/2024/HG008-T_bioskryb-libraries-UG100/cram_files/037144-NIST-PL01-SC152-Z0058-CATCTCAGTGCAATGAT.cram	54965207918	https://giab-aws.s3.amazonaws.com/WGS/Bioskryb/2024/HG008-T_bioskryb-libraries-UG100/cram_files/037144-NIST-PL01-SC152-Z0058-CATCTCAGTGCAATGAT.cram	-	reads	
HG008-T.Bioskryb_UG100_singlecell	ext/giab-aws/2024/HG008-T_bioskryb-libraries-UG100/cram_files/037144-NIST-PL01-SC152-Z0058-CATCTCAGTGCAATGAT.cram.crai	1234228	https://giab-aws.s3.amazonaws.com/WGS/Bioskryb/2024/HG008-T_bioskryb-libraries-UG100/cram_files/037144-NIST-PL01-SC152-Z0058-CATCTCAGTGCAATGAT.cram.crai	c7e69fd849910dd5d9b3b71c0197db2d	index	
HG008-T.Bioskryb_UG100_singlecell	ext/giab-aws/2024/HG008-T_bioskryb-libraries-UG100/cram_files/037144-NIST-PL01-SC153-Z0053-CAACATCAGCATGAGAT.cram	71447650725	https://giab-aws.s3.amazonaws.com/WGS/Bioskryb/2024/HG008-T_bioskryb-libraries-UG100/cram_files/037144-NIST-PL01-SC153-Z0053-CAACATCAGCATGAGAT.cram	-	reads	
HG008-T.Bioskryb_UG100_singlecell	ext/giab-aws/2024/HG008-T_bioskryb-libraries-UG100/cram_files/037144-NIST-PL01-SC153-Z0053-CAACATCAGCATGAGAT.cram.crai	1562796	https://giab-aws.s3.amazonaws.com/WGS/Bioskryb/2024/HG008-T_bioskryb-libraries-UG100/cram_files/037144-NIST-PL01-SC153-Z0053-CAACATCAGCATGAGAT.cram.crai	b5c4474753e65eaa01660d2063cc87d8	index	
HG008-T.Bioskryb_UG100_singlecell	ext/giab-aws/2024/HG008-T_bioskryb-libraries-UG100/cram_files/037144-NIST-PL01-SC156-Z0059-CATGTGCTTCGCATGAT.cram	45467649279	https://giab-aws.s3.amazonaws.com/WGS/Bioskryb/2024/HG008-T_bioskryb-libraries-UG100/cram_files/037144-NIST-PL01-SC156-Z0059-CATGTGCTTCGCATGAT.cram	-	reads	
HG008-T.Bioskryb_UG100_singlecell	ext/giab-aws/2024/HG008-T_bioskryb-libraries-UG100/cram_files/037144-NIST-PL01-SC156-Z0059-CATGTGCTTCGCATGAT.cram.crai	1004046	https://giab-aws.s3.amazonaws.com/WGS/Bioskryb/2024/HG008-T_bioskryb-libraries-UG100/cram_files/037144-NIST-PL01-SC156-Z0059-CATGTGCTTCGCATGAT.cram.crai	dbf0498e04e67eec2baf2ff16eb0c7f9	index	
HG008-T.Bioskryb_UG100_singlecell	ext/giab-aws/2024/HG008-T_bioskryb-libraries-UG100/cram_files/037144-NIST-PL01-SC157-Z0054-CTGCAGTGATTCATGAT.cram	41803152412	https://giab-aws.s3.amazonaws.com/WGS/Bioskryb/2024/HG008-T_bioskryb-libraries-UG100/cram_files/037144-NIST-PL01-SC157-Z0054-CTGCAGTGATTCATGAT.cram	-	reads	
HG008-T.Bioskryb_UG100_singlecell	ext/giab-aws/2024/HG008-T_bioskryb-libraries-UG100/cram_files/037144-NIST-PL01-SC157-Z0054-CTGCAGTGATTCATGAT.cram.crai	943870	https://giab-aws.s3.amazonaws.com/WGS/Bioskryb/2024/HG008-T_bioskryb-libraries-UG100/cram_files/037144-NIST-PL01-SC157-Z0054-CTGCAGTGATTCATGAT.cram.crai	296747a6b6a9ab62b4173f80c03c6c0b	index	
HG008-T.Bioskryb_UG100_singlecell	ext/giab-aws/2024/HG008-T_bioskryb-libraries-UG100/cram_files/037144-NIST-PL01-SC159-Z0055-CAGCACCTGCATCAGAT.cram	48731765221	https://giab-aws.s3.amazonaws.com/WGS/Bioskryb/2024/HG008-T_bioskryb-libraries-UG100/cram_files/037144-NIST-PL01-SC159-Z0055-CAGCACCTGCATCAGAT.cram	-	reads	
HG008-T.Bioskryb_UG100_singlecell	ext/giab-aws/2024/HG008-T_bioskryb-libraries-UG100/cram_files/037144-NIST-PL01-SC159-Z0055-CAGCACCTGCATCAGAT.cram.crai	1082369	https://giab-aws.s3.amazonaws.com/WGS/Bioskryb/2024/HG008-T_bioskryb-libraries-UG100/cram_files/037144-NIST-PL01-SC159-Z0055-CAGCACCTGCATCAGAT.cram.crai	de16ac32c32b872c5c3282997f2f4208	index	
HG008-T.Bioskryb_UG100_singlecell	ext/giab-aws/2024/HG008-T_bioskryb-libraries-UG100/cram_files/037144-NIST-PL01-SC161-Z0060-CATGAGTGCAGCCAGAT.cram	51982949015	https://giab-aws.s3.amazonaws.com/WGS/Bioskryb/2024/HG008-T_bioskryb-libraries-UG100/cram_files/037144-NIST-PL01-SC161-Z0060-CATGAGTGCAGCCAGAT.cram	-	reads	
HG008-T.Bioskryb_UG100_singlecell	ext/giab-aws/2024/HG008-T_bioskryb-libraries-UG100/cram_files/037144-NIST-PL01-SC161-Z0060-CATGAGTGCAGCCAGAT.cram.crai	1183714	https://giab-aws.s3.amazonaws.com/WGS/Bioskryb/2024/HG008-T_bioskryb-libraries-UG100/cram_files/037144-NIST-PL01-SC161-Z0060-CATGAGTGCAGCCAGAT.cram.crai	8f83f649bc9ee3b5f4da632fa45d50e0	index	
HG008-T.Bioskryb_UG100_singlecell	ext/giab-aws/2024/HG008-T_bioskryb-libraries-UG100/cram_files/037144-NIST-PL01-SC164-Z0063-CACACTTGATGCGAT.cram	37353164115	https://giab-aws.s3.amazonaws.com/WGS/Bioskryb/2024/HG008-T_bioskryb-libraries-UG100/cram_files/037144-NIST-PL01-SC164-Z0063-CACACTTGATGCGAT.cram	-	reads	
HG008-T.Bioskryb_UG100_singlecell	ext/giab-aws/2024/HG008-T_bioskryb-libraries-UG100/cram_files/037144-NIST-PL01-SC164-Z0063-CACACTTGATGCGAT.cram.crai	864576	https://giab-aws.s3.amazonaws.com/WGS/Bioskryb/2024/HG008-T_bioskryb-libraries-UG100/cram_files/037144-NIST-PL01-SC164-Z0063-CACACTTGATGCGAT.cram.crai	c77cae70fc148cb8c9f2de8b8a7806bc	index	
HG008-T.Bioskryb_UG100_singlecell	ext/giab-aws/2024/HG008-T_bioskryb-libraries-UG100/cram_files/037144-NIST-PL01-SC165-Z0061-CTCAAGCATGTGCTGAT.cram	49877658792	https://giab-aws.s3.amazonaws.com/WGS/Bioskryb/2024/HG008-T_bioskryb-libraries-UG100/cram_files/037144-NIST-PL01-SC165-Z0061-CTCAAGCATGTGCTGAT.cram	-	reads	
HG008-T.Bioskryb_UG100_singlecell	ext/giab-aws/2024/HG008-T_bioskryb-libraries-UG100/cram_files/037144-NIST-PL01-SC165-Z0061-CTCAAGCATGTGCTGAT.cram.crai	1112461	https://giab-aws.s3.amazonaws.com/WGS/Bioskryb/2024/HG008-T_bioskryb-libraries-UG100/cram_files/037144-NIST-PL01-SC165-Z0061-CTCAAGCATGTGCTGAT.cram.crai	18121d7c56be5a79022e1cc5d5856a54	index	
HG008-T.Bioskryb_UG100_singlecell	ext/giab-aws/2024/HG008-T_bioskryb-libraries-UG100/cram_files/037144-NIST-PL01-SC167-Z0062-CACAGTCAATGTGAT.cram	40113502303	https://giab-aws.s3.amazonaws.com/WGS/Bioskryb/2024/HG008-T_bioskryb-libraries-UG100/cram_files/037144-NIST-PL01-SC167-Z0062-CACAGTCAATGTGAT.cram	-	reads	
HG008-T.Bioskryb_UG100_singlecell	ext/giab-aws/2024/HG008-T_bioskryb-libraries-UG100/cram_files/037144-NIST-PL01-SC167-Z0062-CACAGTCAATGTGAT.cram.crai	910262	https://giab-aws.s3.amazonaws.com/WGS/Bioskryb/2024/HG008-T_bioskryb-libraries-UG100/cram_files/037144-NIST-PL01-SC167-Z0062-CACAGTCAATGTGAT.cram.crai	077fea45b737c78d5004d6330d36d962	index	
HG008-T.Bioskryb_UG100_singlecell	ext/giab-aws/2024/HG008-T_bioskryb-libraries-UG100/cram_files/037144-NIST-PL01-SC170-Z0064-CATAGAGCCTCAGAT.cram	42652139020	https://giab-aws.s3.amazonaws.com/WGS/Bioskryb/2024/HG008-T_bioskryb-libraries-UG100/cram_files/037144-NIST-PL01-SC170-Z0064-CATAGAGCCTCAGAT.cram	-	reads	
HG008-T.Bioskryb_UG100_singlecell	ext/giab-aws/2024/HG008-T_bioskryb-libraries-UG100/cram_files/037144-NIST-PL01-SC170-Z0064-CATAGAGCCTCAGAT.cram.crai	963683	https://giab-aws.s3.amazonaws.com/WGS/Bioskryb/2024/HG008-T_bioskryb-libraries-UG100/cram_files/037144-NIST-PL01-SC170-Z0064-CATAGAGCCTCAGAT.cram.crai	8210b2f1005d461b43d868fb782c6d15	index	
HG008-T.Bioskryb_UG100_singlecell	ext/giab-aws/2024/HG008-T_bioskryb-libraries-UG100/cram_files/037886-NIST-PL01-SC322-Z0113-CAGTTCATCTGTGAT.cram	65344517213	https://giab-aws.s3.amazonaws.com/WGS/Bioskryb/2024/HG008-T_bioskryb-libraries-UG100/cram_files/037886-NIST-PL01-SC322-Z0113-CAGTTCATCTGTGAT.cram	-	reads	
HG008-T.Bioskryb_UG100_singlecell	ext/giab-aws/2024/HG008-T_bioskryb-libraries-UG100/cram_files/037886-NIST-PL01-SC322-Z0113-CAGTTCATCTGTGAT.cram.crai	1557418	https://giab-aws.s3.amazonaws.com/WGS/Bioskryb/2024/HG008-T_bioskryb-libraries-UG100/cram_files/037886-NIST-PL01-SC322-Z0113-CAGTTCATCTGTGAT.cram.crai	4d3eb0bb087aa565b2b90ea53a109150	index	
HG008-T.Bioskryb_UG100_singlecell	ext/giab-aws/2024/HG008-T_bioskryb-libraries-UG100/cram_files/037886-NIST-PL01-SC336-Z0114-CAACATACATCAGAT.cram	72322240531	https://giab-aws.s3.amazonaws.com/WGS/Bioskryb/2024/HG008-T_bioskryb-libraries-UG100/cram_files/037886-NIST-PL01-SC336-Z0114-CAACATACATCAGAT.cram	-	reads	
HG008-T.Bioskryb_UG100_singlecell	ext/giab-aws/2024/HG008-T_bioskryb-libraries-UG100/cram_files/037886-NIST-PL01-SC336-Z0114-CAACATACATCAGAT.cram.crai	1724567	https://giab-aws.s3.amazonaws.com/WGS/Bioskryb/2024/HG008-T_bioskryb-libraries-UG100/cram_files/037886-NIST-PL01-SC336-Z0114-CAACATACATCAGAT.cram.crai	628cacbc8f20d9040dc335e17b89cfcc	index	
HG008-T.Bioskryb_UG100_singlecell	ext/giab-aws/2024/HG008-T_bioskryb-libraries-UG100/cram_files/037886-NIST-PL01-SC341-Z0115-CGGCTAGATGCAGAT.cram	68301592646	https://giab-aws.s3.amazonaws.com/WGS/Bioskryb/2024/HG008-T_bioskryb-libraries-UG100/cram_files/037886-NIST-PL01-SC341-Z0115-CGGCTAGATGCAGAT.cram	-	reads	
HG008-T.Bioskryb_UG100_singlecell	ext/giab-aws/2024/HG008-T_bioskryb-libraries-UG100/cram_files/037886-NIST-PL01-SC341-Z0115-CGGCTAGATGCAGAT.cram.crai	1605528	https://giab-aws.s3.amazonaws.com/WGS/Bioskryb/2024/HG008-T_bioskryb-libraries-UG100/cram_files/037886-NIST-PL01-SC341-Z0115-CGGCTAGATGCAGAT.cram.crai	28ca921fd73b1734c6c5c927cdc98d89	index	
HG008-T.Bioskryb_UG100_singlecell	ext/giab-aws/2024/HG008-T_bioskryb-libraries-UG100/cram_files/037886-NIST-PL01-SC344-Z0117-CTGCCGAGCAGCATGAT.cram	69924475483	https://giab-aws.s3.amazonaws.com/WGS/Bioskryb/2024/HG008-T_bioskryb-libraries-UG100/cram_files/037886-NIST-PL01-SC344-Z0117-CTGCCGAGCAGCATGAT.cram	-	reads	
HG008-T.Bioskryb_UG100_singlecell	ext/giab-aws/2024/HG008-T_bioskryb-libraries-UG100/cram_files/037886-NIST-PL01-SC344-Z0117-CTGCCGAGCAGCATGAT.cram.crai	1672629	https://giab-aws.s3.amazonaws.com/WGS/Bioskryb/2024/HG008-T_bioskryb-libraries-UG100/cram_files/037886-NIST-PL01-SC344-Z0117-CTGCCGAGCAGCATGAT.cram.crai	0f95dfca42158c965164a6aa91a23914	index	
HG008-T.Bioskryb_UG100_singlecell	ext/giab-aws/2024/HG008-T_bioskryb-libraries-UG100/cram_files/037886-NIST-PL01-SC345-Z0116-CAGTTATGTGCTGAT.cram	69293857587	https://giab-aws.s3.amazonaws.com/WGS/Bioskryb/2024/HG008-T_bioskryb-libraries-UG100/cram_files/037886-NIST-PL01-SC345-Z0116-CAGTTATGTGCTGAT.cram	-	reads	
HG008-T.Bioskryb_UG100_singlecell	ext/giab-aws/2024/HG008-T_bioskryb-libraries-UG100/cram_files/037886-NIST-PL01-SC345-Z0116-CAGTTATGTGCTGAT.cram.crai	1653840	https://giab-aws.s3.amazonaws.com/WGS/Bioskryb/2024/HG008-T_bioskryb-libraries-UG100/cram_files/037886-NIST-PL01-SC345-Z0116-CAGTTATGTGCTGAT.cram.crai	48d169e92f140b4bfdfdc1d43be18457	index	
HG008-T.Bioskryb_UG100_singlecell	ext/giab-aws/2024/HG008-T_bioskryb-libraries-UG100/cram_files/037886-NIST-PL01-SC361-Z0118-CTGCCTCAGATCATGAT.cram	65165368495	https://giab-aws.s3.amazonaws.com/WGS/Bioskryb/2024/HG008-T_bioskryb-libraries-UG100/cram_files/037886-NIST-PL01-SC361-Z0118-CTGCCTCAGATCATGAT.cram	-	reads	
HG008-T.Bioskryb_UG100_singlecell	ext/giab-aws/2024/HG008-T_bioskryb-libraries-UG100/cram_files/037886-NIST-PL01-SC361-Z0118-CTGCCTCAGATCATGAT.cram.crai	1535195	https://giab-aws.s3.amazonaws.com/WGS/Bioskryb/2024/HG008-T_bioskryb-libraries-UG100/cram_files/037886-NIST-PL01-SC361-Z0118-CTGCCTCAGATCATGAT.cram.crai	773a5c74f4de2bcdbb99eed369a9a41e	index	
HG008-T.Bioskryb_UG100_singlecell	ext/giab-aws/2024/HG008-T_bioskryb-libraries-UG100/cram_files/037886-NIST-PL01-SC362-Z0119-CTGATCAGTGGCGAT.cram	69610419129	https://giab-aws.s3.amazonaws.com/WGS/Bioskryb/2024/HG008-T_bioskryb-libraries-UG100/cram_files/037886-NIST-PL01-SC362-Z0119-CTGATCAGTGGCGAT.cram	-	reads	
HG008-T.Bioskryb_UG100_singlecell	ext/giab-aws/2024/HG008-T_bioskryb-libraries-UG100/cram_files/037886-NIST-PL01-SC362-Z0119-CTGATCAGTGGCGAT.cram.crai	1655547	https://giab-aws.s3.amazonaws.com/WGS/Bioskryb/2024/HG008-T_bioskryb-libraries-UG100/cram_files/037886-NIST-PL01-SC362-Z0119-CTGATCAGTGGCGAT.cram.crai	386c5ed0c226eaefc11571b316276f37	index	
HG008-T.Bioskryb_UG100_singlecell	ext/giab-aws/2024/HG008-T_bioskryb-libraries-UG100/cram_files/037886-NIST-PL01-SC368-Z0120-CTGCTGCGGAGCATGAT.cram	56368091613	https://giab-aws.s3.amazonaws.com/WGS/Bioskryb/2024/HG008-T_bioskryb-libraries-UG100/cram_files/037886-NIST-PL01-SC368-Z0120-CTGCTGCGGAGCATGAT.cram	-	reads	
HG008-T.Bioskryb_UG100_singlecell	ext/giab-aws/2024/HG008-T_bioskryb-libraries-UG100/cram_files/037886-NIST-PL01-SC368-Z0120-CTGCTGCGGAGCATGAT.cram.crai	1357304	https://giab-aws.s3.amazonaws.com/WGS/Bioskryb/2024/HG008-T_bioskryb-libraries-UG100/cram_files/037886-NIST-PL01-SC368-Z0120-CTGCTGCGGAGCATGAT.cram.crai	7e8995e8030d70774fdb95cc5ce3e607	index	
HG008-T.Bioskryb_UG100_singlecell	ext/giab-aws/2024/HG008-T_bioskryb-libraries-UG100/cram_files/037976-NIST-PL01-SC181-Z0065-CTTGTGTCATGAGAT.cram	45574231692	https://giab-aws.s3.amazonaws.com/WGS/Bioskryb/2024/HG008-T_bioskryb-libraries-UG100/cram_files/037976-NIST-PL01-SC181-Z0065-CTTGTGTCATGAGAT.cram	-	reads	
HG008-T.Bioskryb_UG100_singlecell	ext/giab-aws/2024/HG008-T_bioskryb-libraries-UG100/cram_files/037976-NIST-PL01-SC181-Z0065-CTTGTGTCATGAGAT.cram.crai	1142115	https://giab-aws.s3.amazonaws.com/WGS/Bioskryb/2024/HG008-T_bioskryb-libraries-UG100/cram_files/037976-NIST-PL01-SC181-Z0065-CTTGTGTCATGAGAT.cram.crai	ca99fa8b58e50333cbf9827785991b98	index	
HG008-T.Bioskryb_UG100_singlecell	ext/giab-aws/2024/HG008-T_bioskryb-libraries-UG100/cram_files/037976-NIST-PL01-SC182-Z0069-CATCACTGCAACGAT.cram	49147596149	https://giab-aws.s3.amazonaws.com/WGS/Bioskryb/2024/HG008-T_bioskryb-libraries-UG100/cram_files/037976-NIST-PL01-SC182-Z0069-CATCACTGCAACGAT.cram	-	reads	
HG008-T.Bioskryb_UG100_singlecell	ext/giab-aws/2024/HG008-T_bioskryb-libraries-UG100/cram_files/037976-NIST-PL01-SC182-Z0069-CATCACTGCAACGAT.cram.crai	1216706	https://giab-aws.s3.amazonaws.com/WGS/Bioskryb/2024/HG008-T_bioskryb-libraries-UG100/cram_files/037976-NIST-PL01-SC182-Z0069-CATCACTGCAACGAT.cram.crai	e3735ef328dd4d65344457c98c97fc56	index	
HG008-T.Bioskryb_UG100_singlecell	ext/giab-aws/2024/HG008-T_bioskryb-libraries-UG100/cram_files/037976-NIST-PL01-SC183-Z0066-CAATGCACTCGAGAT.cram	45343037604	https://giab-aws.s3.amazonaws.com/WGS/Bioskryb/2024/HG008-T_bioskryb-libraries-UG100/cram_files/037976-NIST-PL01-SC183-Z0066-CAATGCACTCGAGAT.cram	-	reads	
HG008-T.Bioskryb_UG100_singlecell	ext/giab-aws/2024/HG008-T_bioskryb-libraries-UG100/cram_files/037976-NIST-PL01-SC183-Z0066-CAATGCACTCGAGAT.cram.crai	1132064	https://giab-aws.s3.amazonaws.com/WGS/Bioskryb/2024/HG008-T_bioskryb-libraries-UG100/cram_files/037976-NIST-PL01-SC183-Z0066-CAATGCACTCGAGAT.cram.crai	632252bbc8173801718fed7a2f3d21ce	index	
HG008-T.Bioskryb_UG100_singlecell	ext/giab-aws/2024/HG008-T_bioskryb-libraries-UG100/cram_files/037976-NIST-PL01-SC187-Z0067-CTTATGAGCGCTGAT.cram	50128128129	https://giab-aws.s3.amazonaws.com/WGS/Bioskryb/2024/HG008-T_bioskryb-libraries-UG100/cram_files/037976-NIST-PL01-SC187-Z0067-CTTATGAGCGCTGAT.cram	-	reads	
HG008-T.Bioskryb_UG100_singlecell	ext/giab-aws/2024/HG008-T_bioskryb-libraries-UG100/cram_files/037976-NIST-PL01-SC187-Z0067-CTTATGAGCGCTGAT.cram.crai	1257146	https://giab-aws.s3.amazonaws.com/WGS/Bioskryb/2024/HG008-T_bioskryb-libraries-UG100/cram_files/037976-NIST-PL01-SC187-Z0067-CTTATGAGCGCTGAT.cram.crai	5073c9874dd018d9e933334154a43315	index	
HG008-T.Bioskryb_UG100_singlecell	ext/giab-aws/2024/HG008-T_bioskryb-libraries-UG100/cram_files/037976-NIST-PL01-SC191-Z0068-CGTCATTGCACAGAT.cram	50195359029	https://giab-aws.s3.amazonaws.com/WGS/Bioskryb/2024/HG008-T_bioskryb-libraries-UG100/cram_files/037976-NIST-PL01-SC191-Z0068-CGTCATTGCACAGAT.cram	-	reads	
HG008-T.Bioskryb_UG100_singlecell	ext/giab-aws/2024/HG008-T_bioskryb-libraries-UG100/cram_files/037976-NIST-PL01-SC191-Z0068-CGTCATTGCACAGAT.cram.crai	1230926	https://giab-aws.s3.amazonaws.com/WGS/Bioskryb/2024/HG008-T_bioskryb-libraries-UG100/cram_files/037976-NIST-PL01-SC191-Z0068-CGTCATTGCACAGAT.cram.crai	3d8b472596a1bf635724cb5fae01ee1b	index	
HG008-T.Bioskryb_UG100_singlecell	ext/giab-aws/2024/HG008-T_bioskryb-libraries-UG100/cram_files/037976-NIST-PL01-SC194-Z0071-CGTGCGCAAGCAGAT.cram	34574121684	https://giab-aws.s3.amazonaws.com/WGS/Bioskryb/2024/HG008-T_bioskryb-libraries-UG100/cram_files/037976-NIST-PL01-SC194-Z0071-CGTGCGCAAGCAGAT.cram	-	reads	
HG008-T.Bioskryb_UG100_singlecell	ext/giab-aws/2024/HG008-T_bioskryb-libraries-UG100/cram_files/037976-NIST-PL01-SC194-Z0071-CGTGCGCAAGCAGAT.cram.crai	878149	https://giab-aws.s3.amazonaws.com/WGS/Bioskryb/2024/HG008-T_bioskryb-libraries-UG100/cram_files/037976-NIST-PL01-SC194-Z0071-CGTGCGCAAGCAGAT.cram.crai	860d857b13d105c49fcd11ecc514d3d8	index	
HG008-T.Bioskryb_UG100_singlecell	ext/giab-aws/2024/HG008-T_bioskryb-libraries-UG100/cram_files/037976-NIST-PL01-SC196-Z0072-CTATCTCATAATGAT.cram	36413943416	https://giab-aws.s3.amazonaws.com/WGS/Bioskryb/2024/HG008-T_bioskryb-libraries-UG100/cram_files/037976-NIST-PL01-SC196-Z0072-CTATCTCATAATGAT.cram	-	reads	
HG008-T.Bioskryb_UG100_singlecell	ext/giab-aws/2024/HG008-T_bioskryb-libraries-UG100/cram_files/037976-NIST-PL01-SC196-Z0072-CTATCTCATAATGAT.cram.crai	920535	https://giab-aws.s3.amazonaws.com/WGS/Bioskryb/2024/HG008-T_bioskryb-libraries-UG100/cram_files/037976-NIST-PL01-SC196-Z0072-CTATCTCATAATGAT.cram.crai	5632442d12e2843bac381bdacb051fb2	index	
HG008-T.Bioskryb_UG100_singlecell	ext/giab-aws/2024/HG008-T_bioskryb-libraries-UG100/cram_files/037976-NIST-PL01-SC200-Z0073-CATGGCTATGCACTGAT.cram	45737017781	https://giab-aws.s3.amazonaws.com/WGS/Bioskryb/2024/HG008-T_bioskryb-libraries-UG100/cram_files/037976-NIST-PL01-SC200-Z0073-CATGGCTATGCACTGAT.cram	-	reads	
HG008-T.Bioskryb_UG100_singlecell	ext/giab-aws/2024/HG008-T_bioskryb-libraries-UG100/cram_files/037976-NIST-PL01-SC200-Z0073-CATGGCTATGCACTGAT.cram.crai	1163438	https://giab-aws.s3.amazonaws.com/WGS/Bioskryb/2024/HG008-T_bioskryb-libraries-UG100/cram_files/037976-NIST-PL01-SC200-Z0073-CATGGCTATGCACTGAT.cram.crai	f94170e69b6107d53d643a6ade07beb2	index	
HG008-T.Bioskryb_UG100_singlecell	ext/giab-aws/2024/HG008-T_bioskryb-libraries-UG100/cram_files/037976-NIST-PL01-SC207-Z0070-CTTGCATGCGATGCGAT.cram	32420411169	https://giab-aws.s3.amazonaws.com/WGS/Bioskryb/2024/HG008-T_bioskryb-libraries-UG100/cram_files/037976-NIST-PL01-SC207-Z0070-CTTGCATGCGATGCGAT.cram	-	reads	
HG008-T.Bioskryb_UG100_singlecell	ext/giab-aws/2024/HG008-T_bioskryb-libraries-UG100/cram_files/037976-NIST-PL01-SC207-Z0070-CTTGCATGCGATGCGAT.cram.crai	822239	https://giab-aws.s3.amazonaws.com/WGS/Bioskryb/2024/HG008-T_bioskryb-libraries-UG100/cram_files/037976-NIST-PL01-SC207-Z0070-CTTGCATGCGATGCGAT.cram.crai	78706acfc49de540bfd34a22e7903536	index	
HG008-T.Bioskryb_UG100_singlecell	ext/giab-aws/2024/HG008-T_bioskryb-libraries-UG100/cram_files/037976-NIST-PL01-SC211-Z0074-CTATGAATGAGCGAT.cram	41773845565	https://giab-aws.s3.amazonaws.com/WGS/Bioskryb/2024/HG008-T_bioskryb-libraries-UG100/cram_files/037976-NIST-PL01-SC211-Z0074-CTATGAATGAGCGAT.cram	-	reads	
HG008-T.Bioskryb_UG100_singlecell	ext/giab-aws/2024/HG008-T_bioskryb-libraries-UG100/cram_files/037976-NIST-PL01-SC211-Z0074-CTATGAATGAGCGAT.cram.crai	1061675	https://giab-aws.s3.amazonaws.com/WGS/Bioskryb/2024/HG008-T_bioskryb-libraries-UG100/cram_files/037976-NIST-PL01-SC211-Z0074-CTATGAATGAGCGAT.cram.crai	c5d52b352ad624366bb7d670c3cf0556	index	
HG008-T.Bioskryb_UG100_singlecell	ext/giab-aws/2024/HG008-T_bioskryb-libraries-UG100/cram_files/037976-NIST-PL01-SC217-Z0075-CTATGCACCATCGAT.cram	42566906354	https://giab-aws.s3.amazonaws.com/WGS/Bioskryb/2024/HG008-T_bioskryb-libraries-UG100/cram_files/037976-NIST-PL01-SC217-Z0075-CTATGCACCATCGAT.cram	-	reads	
HG008-T.Bioskryb_UG100_singlecell	ext/giab-aws/2024/HG008-T_bioskryb-libraries-UG100/cram_files/037976-NIST-PL01-SC217-Z0075-CTATGCACCATCGAT.cram.crai	1120308	https://giab-aws.s3.amazonaws.com/WGS/Bioskryb/2024/HG008-T_bioskryb-libraries-UG100/cram_files/037976-NIST-PL01-SC217-Z0075-CTATGCACCATCGAT.cram.crai	c977796ca28d6a970a73f99a7539e49f	index	
HG008-T.Bioskryb_UG100_singlecell	ext/giab-aws/2024/HG008-T_bioskryb-libraries-UG100/cram_files/037976-NIST-PL01-SC219-Z0076-CACAATGTGCGCGAT.cram	39488622370	https://giab-aws.s3.amazonaws.com/WGS/Bioskryb/2024/HG008-T_bioskryb-libraries-UG100/cram_files/037976-NIST-PL01-SC219-Z0076-CACAATGTGCGCGAT.cram	-	reads	
HG008-T.Bioskryb_UG100_singlecell	ext/giab-aws/2024/HG008-T_bioskryb-libraries-UG100/cram_files/037976-NIST-PL01-SC219-Z0076-CACAATGTGCGCGAT.cram.crai	1009250	https://giab-aws.s3.amazonaws.com/WGS/Bioskryb/2024/HG008-T_bioskryb-libraries-UG100/cram_files/037976-NIST-PL01-SC219-Z0076-CACAATGTGCGCGAT.cram.crai	5ce276e4c6baf2b36d47a370484e7ea7	index	
HG008-T.Bioskryb_UG100_singlecell	ext/giab-aws/2024/HG008-T_bioskryb-libraries-UG100/cram_files/037976-NIST-PL01-SC223-Z0077-CAATGACTATCTGAT.cram	37472144502	https://giab-aws.s3.amazonaws.com/WGS/Bioskryb/2024/HG008-T_bioskryb-libraries-UG100/cram_files/037976-NIST-PL01-SC223-Z0077-CAATGACTATCTGAT.cram	-	reads	
HG008-T.Bioskryb_UG100_singlecell	ext/giab-aws/2024/HG008-T_bioskryb-libraries-UG100/cram_files/037976-NIST-PL01-SC223-Z0077-CAATGACTATCTGAT.cram.crai	949854	https://giab-aws.s3.amazonaws.com/WGS/Bioskryb/2024/HG008-T_bioskryb-libraries-UG100/cram_files/037976-NIST-PL01-SC223-Z0077-CAATGACTATCTGAT.cram.crai	fba5d1922be478e31c4f0d52aa909999	index	
HG008-T.Bioskryb_UG100_singlecell	ext/giab-aws/2024/HG008-T_bioskryb-libraries-UG100/cram_files/037976-NIST-PL01-SC229-Z0078-CAGCCGCTGCTCGAT.cram	35744983340	https://giab-aws.s3.amazonaws.com/WGS/Bioskryb/2024/HG008-T_bioskryb-libraries-UG100/cram_files/037976-NIST-PL01-SC229-Z0078-CAGCCGCTGCTCGAT.cram	-	reads	
HG008-T.Bioskryb_UG100_singlecell	ext/giab-aws/2024/HG008-T_bioskryb-libraries-UG100/cram_files/037976-NIST-PL01-SC229-Z0078-CAGCCGCTGCTCGAT.cram.crai	898791	https://giab-aws.s3.amazonaws.com/WGS/Bioskryb/2024/HG008-T_bioskryb-libraries-UG100/cram_files/037976-NIST-PL01-SC229-Z0078-CAGCCGCTGCTCGAT.cram.crai	e936e3f9e99ebcb5c7285ad28d93d6f9	index	
HG008-T.Bioskryb_UG100_singlecell	ext/giab-aws/2024/HG008-T_bioskryb-libraries-UG100/cram_files/037976-NIST-PL01-SC240-Z0079-CGCGCGCAGAATGAT.cram	34735453969	https://giab-aws.s3.amazonaws.com/WGS/Bioskryb/2024/HG008-T_bioskryb-libraries-UG100/cram_files/037976-NIST-PL01-SC240-Z0079-CGCGCGCAGAATGAT.cram	-	reads	
HG008-T.Bioskryb_UG100_singlecell	ext/giab-aws/2024/HG008-T_bioskryb-libraries-UG100/cram_files/037976-NIST-PL01-SC240-Z0079-CGCGCGCAGAATGAT.cram.crai	892473	https://giab-aws.s3.amazonaws.com/WGS/Bioskryb/2024/HG008-T_bioskryb-libraries-UG100/cram_files/037976-NIST-PL01-SC240-Z0079-CGCGCGCAGAATGAT.cram.crai	a08cf95686d3869945e7b0ccbca5cfb3	index	
HG008-T.Bioskryb_UG100_singlecell	ext/giab-aws/2024/HG008-T_bioskryb-libraries-UG100/cram_files/037976-NIST-PL01-SC243-Z0080-CAGCCTCAGCGTGAT.cram	35689519223	https://giab-aws.s3.amazonaws.com/WGS/Bioskryb/2024/HG008-T_bioskryb-libraries-UG100/cram_files/037976-NIST-PL01-SC243-Z0080-CAGCCTCAGCGTGAT.cram	-	reads	
HG008-T.Bioskryb_UG100_singlecell	ext/giab-aws/2024/HG008-T_bioskryb-libraries-UG100/cram_files/037976-NIST-PL01-SC243-Z0080-CAGCCTCAGCGTGAT.cram.crai	901304	https://giab-aws.s3.amazonaws.com/WGS/Bioskryb/2024/HG008-T_bioskryb-libraries-UG100/cram_files/037976-NIST-PL01-SC243-Z0080-CAGCCTCAGCGTGAT.cram.crai	bd7cbbca7385ede4ab98a49c0da4f203	index	
HG008-T.Bioskryb_UG100_singlecell	ext/giab-aws/2024/HG008-T_bioskryb-libraries-UG100/cram_files/037978-NIST-PL01-SC293-Z0097-CAGTCAGTTGCAGAT.cram	38225044712	https://giab-aws.s3.amazonaws.com/WGS/Bioskryb/2024/HG008-T_bioskryb-libraries-UG100/cram_files/037978-NIST-PL01-SC293-Z0097-CAGTCAGTTGCAGAT.cram	-	reads	
HG008-T.Bioskryb_UG100_singlecell	ext/giab-aws/2024/HG008-T_bioskryb-libraries-UG100/cram_files/037978-NIST-PL01-SC293-Z0097-CAGTCAGTTGCAGAT.cram.crai	929503	https://giab-aws.s3.amazonaws.com/WGS/Bioskryb/2024/HG008-T_bioskryb-libraries-UG100/cram_files/037978-NIST-PL01-SC293-Z0097-CAGTCAGTTGCAGAT.cram.crai	ec0f71c5f9e923901a965cec2f36ba0a	index	
HG008-T.Bioskryb_UG100_singlecell	ext/giab-aws/2024/HG008-T_bioskryb-libraries-UG100/cram_files/037978-NIST-PL01-SC296-Z0099-CTCATCTGCGCAATGAT.cram	42963033394	https://giab-aws.s3.amazonaws.com/WGS/Bioskryb/2024/HG008-T_bioskryb-libraries-UG100/cram_files/037978-NIST-PL01-SC296-Z0099-CTCATCTGCGCAATGAT.cram	-	reads	
HG008-T.Bioskryb_UG100_singlecell	ext/giab-aws/2024/HG008-T_bioskryb-libraries-UG100/cram_files/037978-NIST-PL01-SC296-Z0099-CTCATCTGCGCAATGAT.cram.crai	1022258	https://giab-aws.s3.amazonaws.com/WGS/Bioskryb/2024/HG008-T_bioskryb-libraries-UG100/cram_files/037978-NIST-PL01-SC296-Z0099-CTCATCTGCGCAATGAT.cram.crai	a81201f5c6b6a3822121e6b3d2485e0a	index	
HG008-T.Bioskryb_UG100_singlecell	ext/giab-aws/2024/HG008-T_bioskryb-libraries-UG100/cram_files/037978-NIST-PL01-SC297-Z0098-CAACAGATGTATGAT.cram	42993367188	https://giab-aws.s3.amazonaws.com/WGS/Bioskryb/2024/HG008-T_bioskryb-libraries-UG100/cram_files/037978-NIST-PL01-SC297-Z0098-CAACAGATGTATGAT.cram	-	reads	
HG008-T.Bioskryb_UG100_singlecell	ext/giab-aws/2024/HG008-T_bioskryb-libraries-UG100/cram_files/037978-NIST-PL01-SC297-Z0098-CAACAGATGTATGAT.cram.crai	1025065	https://giab-aws.s3.amazonaws.com/WGS/Bioskryb/2024/HG008-T_bioskryb-libraries-UG100/cram_files/037978-NIST-PL01-SC297-Z0098-CAACAGATGTATGAT.cram.crai	351348ffc62ba0905f41892b50f3dad4	index	
HG008-T.Bioskryb_UG100_singlecell	ext/giab-aws/2024/HG008-T_bioskryb-libraries-UG100/cram_files/037978-NIST-PL01-SC298-Z0100-CGGATCATGCGTGAT.cram	39469336392	https://giab-aws.s3.amazonaws.com/WGS/Bioskryb/2024/HG008-T_bioskryb-libraries-UG100/cram_files/037978-NIST-PL01-SC298-Z0100-CGGATCATGCGTGAT.cram	-	reads	
HG008-T.Bioskryb_UG100_singlecell	ext/giab-aws/2024/HG008-T_bioskryb-libraries-UG100/cram_files/037978-NIST-PL01-SC298-Z0100-CGGATCATGCGTGAT.cram.crai	954100	https://giab-aws.s3.amazonaws.com/WGS/Bioskryb/2024/HG008-T_bioskryb-libraries-UG100/cram_files/037978-NIST-PL01-SC298-Z0100-CGGATCATGCGTGAT.cram.crai	40e9be6c8a90946ea9a26803c22cc9e0	index	
HG008-T.Bioskryb_UG100_singlecell	ext/giab-aws/2024/HG008-T_bioskryb-libraries-UG100/cram_files/037978-NIST-PL01-SC304-Z0101-CTATTGCATGCTCTGAT.cram	36086335770	https://giab-aws.s3.amazonaws.com/WGS/Bioskryb/2024/HG008-T_bioskryb-libraries-UG100/cram_files/037978-NIST-PL01-SC304-Z0101-CTATTGCATGCTCTGAT.cram	-	reads	
HG008-T.Bioskryb_UG100_singlecell	ext/giab-aws/2024/HG008-T_bioskryb-libraries-UG100/cram_files/037978-NIST-PL01-SC304-Z0101-CTATTGCATGCTCTGAT.cram.crai	865535	https://giab-aws.s3.amazonaws.com/WGS/Bioskryb/2024/HG008-T_bioskryb-libraries-UG100/cram_files/037978-NIST-PL01-SC304-Z0101-CTATTGCATGCTCTGAT.cram.crai	927ac4f4bf4181f5f1f1d768ed86d7b8	index	
HG008-T.Bioskryb_UG100_singlecell	ext/giab-aws/2024/HG008-T_bioskryb-libraries-UG100/cram_files/037978-NIST-PL01-SC305-Z0102-CTACCTGATGCAGAT.cram	32952201602	https://giab-aws.s3.amazonaws.com/WGS/Bioskryb/2024/HG008-T_bioskryb-libraries-UG100/cram_files/037978-NIST-PL01-SC305-Z0102-CTACCTGATGCAGAT.cram	-	reads	
HG008-T.Bioskryb_UG100_singlecell	ext/giab-aws/2024/HG008-T_bioskryb-libraries-UG100/cram_files/037978-NIST-PL01-SC305-Z0102-CTACCTGATGCAGAT.cram.crai	799680	https://giab-aws.s3.amazonaws.com/WGS/Bioskryb/2024/HG008-T_bioskryb-libraries-UG100/cram_files/037978-NIST-PL01-SC305-Z0102-CTACCTGATGCAGAT.cram.crai	90053c34f4a5e3652410ed0d93e95aeb	index	
HG008-T.Bioskryb_UG100_singlecell	ext/giab-aws/2024/HG008-T_bioskryb-libraries-UG100/cram_files/037978-NIST-PL01-SC307-Z0103-CATATAATCACAGAT.cram	33658697710	https://giab-aws.s3.amazonaws.com/WGS/Bioskryb/2024/HG008-T_bioskryb-libraries-UG100/cram_files/037978-NIST-PL01-SC307-Z0103-CATATAATCACAGAT.cram	-	reads	
HG008-T.Bioskryb_UG100_singlecell	ext/giab-aws/2024/HG008-T_bioskryb-libraries-UG100/cram_files/037978-NIST-PL01-SC307-Z0103-CATATAATCACAGAT.cram.crai	815464	https://giab-aws.s3.amazonaws.com/WGS/Bioskryb/2024/HG008-T_bioskryb-libraries-UG100/cram_files/037978-NIST-PL01-SC307-Z0103-CATATAATCACAGAT.cram.crai	fdd4d1049e79faec7630f0342625011a	index	
HG008-T.Bioskryb_UG100_singlecell	ext/giab-aws/2024/HG008-T_bioskryb-libraries-UG100/cram_files/037978-NIST-PL01-SC309-Z0104-CATGCAGCGCTAATGAT.cram	31437203291	https://giab-aws.s3.amazonaws.com/WGS/Bioskryb/2024/HG008-T_bioskryb-libraries-UG100/cram_files/037978-NIST-PL01-SC309-Z0104-CATGCAGCGCTAATGAT.cram	-	reads	
HG008-T.Bioskryb_UG100_singlecell	ext/giab-aws/2024/HG008-T_bioskryb-libraries-UG100/cram_files/037978-NIST-PL01-SC309-Z0104-CATGCAGCGCTAATGAT.cram.crai	770477	https://giab-aws.s3.amazonaws.com/WGS/Bioskryb/2024/HG008-T_bioskryb-libraries-UG100/cram_files/037978-NIST-PL01-SC309-Z0104-CATGCAGCGCTAATGAT.cram.crai	ab1a40977838f4ede6449a361643dd64	index	
HG008-T.Bioskryb_UG100_singlecell	ext/giab-aws/2024/HG008-T_bioskryb-libraries-UG100/cram_files/037978-NIST-PL01-SC313-Z0105-CATGGCGCAGTGCTGAT.cram	41905283149	https://giab-aws.s3.amazonaws.com/WGS/Bioskryb/2024/HG008-T_bioskryb-libraries-UG100/cram_files/037978-NIST-PL01-SC313-Z0105-CATGGCGCAGTGCTGAT.cram	-	reads	
HG008-T.Bioskryb_UG100_singlecell	ext/giab-aws/2024/HG008-T_bioskryb-libraries-UG100/cram_files/037978-NIST-PL01-SC313-Z0105-CATGGCGCAGTGCTGAT.cram.crai	1014455	https://giab-aws.s3.amazonaws.com/WGS/Bioskryb/2024/HG008-T_bioskryb-libraries-UG100/cram_files/037978-NIST-PL01-SC313-Z0105-CATGGCGCAGTGCTGAT.cram.crai	4466866ab3af88cc5ab98c6faa84b64c	index	
HG008-T.Bioskryb_UG100_singlecell	ext/giab-aws/2024/HG008-T_bioskryb-libraries-UG100/cram_files/037978-NIST-PL01-SC315-Z0106-CTGAGAATGTGTGAT.cram	44151362970	https://giab-aws.s3.amazonaws.com/WGS/Bioskryb/2024/HG008-T_bioskryb-libraries-UG100/cram_files/037978-NIST-PL01-SC315-Z0106-CTGAGAATGTGTGAT.cram	-	reads	
HG008-T.Bioskryb_UG100_singlecell	ext/giab-aws/2024/HG008-T_bioskryb-libraries-UG100/cram_files/037978-NIST-PL01-SC315-Z0106-CTGAGAATGTGTGAT.cram.crai	1063978	https://giab-aws.s3.amazonaws.com/WGS/Bioskryb/2024/HG008-T_bioskryb-libraries-UG100/cram_files/037978-NIST-PL01-SC315-Z0106-CTGAGAATGTGTGAT.cram.crai	37caf1214d0482b6958b2ff900a49dc5	index	
HG008-T.Bioskryb_UG100_singlecell	ext/giab-aws/2024/HG008-T_bioskryb-libraries-UG100/cram_files/037978-NIST-PL01-SC316-Z0109-CAATCTGCATACGAT.cram	44256922494	https://giab-aws.s3.amazonaws.com/WGS/Bioskryb/2024/HG008-T_bioskryb-libraries-UG100/cram_files/037978-NIST-PL01-SC316-Z0109-CAATCTGCATACGAT.cram	-	reads	
HG008-T.Bioskryb_UG100_singlecell	ext/giab-aws/2024/HG008-T_bioskryb-libraries-UG100/cram_files/037978-NIST-PL01-SC316-Z0109-CAATCTGCATACGAT.cram.crai	1061827	https://giab-aws.s3.amazonaws.com/WGS/Bioskryb/2024/HG008-T_bioskryb-libraries-UG100/cram_files/037978-NIST-PL01-SC316-Z0109-CAATCTGCATACGAT.cram.crai	2aaf7fdfc8dc6ee50d1fdc05adceb5b7	index	
HG008-T.Bioskryb_UG100_singlecell	ext/giab-aws/2024/HG008-T_bioskryb-libraries-UG100/cram_files/037978-NIST-PL01-SC317-Z0107-CATGCATGGTACGAT.cram	43523836163	https://giab-aws.s3.amazonaws.com/WGS/Bioskryb/2024/HG008-T_bioskryb-libraries-UG100/cram_files/037978-NIST-PL01-SC317-Z0107-CATGCATGGTACGAT.cram	-	reads	
HG008-T.Bioskryb_UG100_singlecell	ext/giab-aws/2024/HG008-T_bioskryb-libraries-UG100/cram_files/037978-NIST-PL01-SC317-Z0107-CATGCATGGTACGAT.cram.crai	1041492	https://giab-aws.s3.amazonaws.com/WGS/Bioskryb/2024/HG008-T_bioskryb-libraries-UG100/cram_files/037978-NIST-PL01-SC317-Z0107-CATGCATGGTACGAT.cram.crai	15aaf2fc76079b4e407fe144e0dfc820	index	
HG008-T.Bioskryb_UG100_singlecell	ext/giab-aws/2024/HG008-T_bioskryb-libraries-UG100/cram_files/037978-NIST-PL01-SC319-Z0108-CATGCATGCGAGGAGAT.cram	44014912762	https://giab-aws.s3.amazonaws.com/WGS/Bioskryb/2024/HG008-T_bioskryb-libraries-UG100/cram_files/037978-NIST-PL01-SC319-Z0108-CATGCATGCGAGGAGAT.cram	-	reads	
HG008-T.Bioskryb_UG100_singlecell	ext/giab-aws/2024/HG008-T_bioskryb-libraries-UG100/cram_files/037978-NIST-PL01-SC319-Z0108-CATGCATGCGAGGAGAT.cram.crai	1059417	https://giab-aws.s3.amazonaws.com/WGS/Bioskryb/2024/HG008-T_bioskryb-libraries-UG100/cram_files/037978-NIST-PL01-SC319-Z0108-CATGCATGCGAGGAGAT.cram.crai	052a6a8504d82a49ae065b7fefef3adf	index	
HG008-T.Bioskryb_UG100_singlecell	ext/giab-aws/2024/HG008-T_bioskryb-libraries-UG100/cram_files/037978-NIST-PL01-SC321-Z0110-CAGCATGAGCGCCAGAT.cram	40517439511	https://giab-aws.s3.amazonaws.com/WGS/Bioskryb/2024/HG008-T_bioskryb-libraries-UG100/cram_files/037978-NIST-PL01-SC321-Z0110-CAGCATGAGCGCCAGAT.cram	-	reads	
HG008-T.Bioskryb_UG100_singlecell	ext/giab-aws/2024/HG008-T_bioskryb-libraries-UG100/cram_files/037978-NIST-PL01-SC321-Z0110-CAGCATGAGCGCCAGAT.cram.crai	988467	https://giab-aws.s3.amazonaws.com/WGS/Bioskryb/2024/HG008-T_bioskryb-libraries-UG100/cram_files/037978-NIST-PL01-SC321-Z0110-CAGCATGAGCGCCAGAT.cram.crai	a783e23f735587f261673e568799331c	index	
HG008-T.Bioskryb_UG100_singlecell	ext/giab-aws/2024/HG008-T_bioskryb-libraries-UG100/cram_files/037978-NIST-PL01-SC323-Z0111-CTTATCTGATCTGAT.cram	87835301952	https://giab-aws.s3.amazonaws.com/WGS/Bioskryb/2024/HG008-T_bioskryb-libraries-UG100/cram_files/037978-NIST-PL01-SC323-Z0111-CTTATCTGATCTGAT.cram	-	reads	
HG008-T.Bioskryb_UG100_singlecell	ext/giab-aws/2024/HG008-T_bioskryb-libraries-UG100/cram_files/037978-NIST-PL01-SC323-Z0111-CTTATCTGATCTGAT.cram.crai	2022244	https://giab-aws.s3.amazonaws.com/WGS/Bioskryb/2024/HG008-T_bioskryb-libraries-UG100/cram_files/037978-NIST-PL01-SC323-Z0111-CTTATCTGATCTGAT.cram.crai	ed2d7f6668724a095704b3aa4b6dba03	index	
HG008-T.Bioskryb_UG100_singlecell	ext/giab-aws/2024/HG008-T_bioskryb-libraries-UG100/cram_files/037978-NIST-PL01-SC335-Z0112-CATCCAGCGCATGTGAT.cram	47809672325	https://giab-aws.s3.amazonaws.com/WGS/Bioskryb/2024/HG008-T_bioskryb-libraries-UG100/cram_files/037978-NIST-PL01-SC335-Z0112-CATCCAGCGCATGTGAT.cram	-	reads	
HG008-T.Bioskryb_UG100_singlecell	ext/giab-aws/2024/HG008-T_bioskryb-libraries-UG100/cram_files/037978-NIST-PL01-SC335-Z0112-CATCCAGCGCATGTGAT.cram.crai	1160015	https://giab-aws.s3.amazonaws.com/WGS/Bioskryb/2024/HG008-T_bioskryb-libraries-UG100/cram_files/037978-NIST-PL01-SC335-Z0112-CATCCAGCGCATGTGAT.cram.crai	7ff69de823eee05a2101a9d18463b7ef	index	
HG008-T.Bioskryb_UG100_singlecell	ext/giab-aws/2024/HG008-T_bioskryb-libraries-UG100/cram_files/037998-NIST-PL01-SC244-Z0082-CTCTGCTGTGCAATGAT.cram	35201123423	https://giab-aws.s3.amazonaws.com/WGS/Bioskryb/2024/HG008-T_bioskryb-libraries-UG100/cram_files/037998-NIST-PL01-SC244-Z0082-CTCTGCTGTGCAATGAT.cram	-	reads	
HG008-T.Bioskryb_UG100_singlecell	ext/giab-aws/2024/HG008-T_bioskryb-libraries-UG100/cram_files/037998-NIST-PL01-SC244-Z0082-CTCTGCTGTGCAATGAT.cram.crai	884771	https://giab-aws.s3.amazonaws.com/WGS/Bioskryb/2024/HG008-T_bioskryb-libraries-UG100/cram_files/037998-NIST-PL01-SC244-Z0082-CTCTGCTGTGCAATGAT.cram.crai	630605a628e8574a4c9649f0c754d5a7	index	
HG008-T.Bioskryb_UG100_singlecell	ext/giab-aws/2024/HG008-T_bioskryb-libraries-UG100/cram_files/037998-NIST-PL01-SC249-Z0081-CTTGATCATACAGAT.cram	46167538613	https://giab-aws.s3.amazonaws.com/WGS/Bioskryb/2024/HG008-T_bioskryb-libraries-UG100/cram_files/037998-NIST-PL01-SC249-Z0081-CTTGATCATACAGAT.cram	-	reads	
HG008-T.Bioskryb_UG100_singlecell	ext/giab-aws/2024/HG008-T_bioskryb-libraries-UG100/cram_files/037998-NIST-PL01-SC249-Z0081-CTTGATCATACAGAT.cram.crai	1157058	https://giab-aws.s3.amazonaws.com/WGS/Bioskryb/2024/HG008-T_bioskryb-libraries-UG100/cram_files/037998-NIST-PL01-SC249-Z0081-CTTGATCATACAGAT.cram.crai	056aaa5d49a0ab1489230f22f4110f47	index	
HG008-T.Bioskryb_UG100_singlecell	ext/giab-aws/2024/HG008-T_bioskryb-libraries-UG100/cram_files/037998-NIST-PL01-SC250-Z0083-CAGTGTATTGCTGAT.cram	34648892185	https://giab-aws.s3.amazonaws.com/WGS/Bioskryb/2024/HG008-T_bioskryb-libraries-UG100/cram_files/037998-NIST-PL01-SC250-Z0083-CAGTGTATTGCTGAT.cram	-	reads	
HG008-T.Bioskryb_UG100_singlecell	ext/giab-aws/2024/HG008-T_bioskryb-libraries-UG100/cram_files/037998-NIST-PL01-SC250-Z0083-CAGTGTATTGCTGAT.cram.crai	887591	https://giab-aws.s3.amazonaws.com/WGS/Bioskryb/2024/HG008-T_bioskryb-libraries-UG100/cram_files/037998-NIST-PL01-SC250-Z0083-CAGTGTATTGCTGAT.cram.crai	d9d2655ecc310c49688d21a52b770b45	index	
HG008-T.Bioskryb_UG100_singlecell	ext/giab-aws/2024/HG008-T_bioskryb-libraries-UG100/cram_files/037998-NIST-PL01-SC256-Z0084-CTGTGCATCTGCCTGAT.cram	34395333055	https://giab-aws.s3.amazonaws.com/WGS/Bioskryb/2024/HG008-T_bioskryb-libraries-UG100/cram_files/037998-NIST-PL01-SC256-Z0084-CTGTGCATCTGCCTGAT.cram	-	reads	
HG008-T.Bioskryb_UG100_singlecell	ext/giab-aws/2024/HG008-T_bioskryb-libraries-UG100/cram_files/037998-NIST-PL01-SC256-Z0084-CTGTGCATCTGCCTGAT.cram.crai	874444	https://giab-aws.s3.amazonaws.com/WGS/Bioskryb/2024/HG008-T_bioskryb-libraries-UG100/cram_files/037998-NIST-PL01-SC256-Z0084-CTGTGCATCTGCCTGAT.cram.crai	5cb67bb0ebc5fc04f297e1d7baddbfb7	index	
HG008-T.Bioskryb_UG100_singlecell	ext/giab-aws/2024/HG008-T_bioskryb-libraries-UG100/cram_files/037998-NIST-PL01-SC257-Z0085-CTCTATGTTGCTGAT.cram	46194320577	https://giab-aws.s3.amazonaws.com/WGS/Bioskryb/2024/HG008-T_bioskryb-libraries-UG100/cram_files/037998-NIST-PL01-SC257-Z0085-CTCTATGTTGCTGAT.cram	-	reads	
HG008-T.Bioskryb_UG100_singlecell	ext/giab-aws/2024/HG008-T_bioskryb-libraries-UG100/cram_files/037998-NIST-PL01-SC257-Z0085-CTCTATGTTGCTGAT.cram.crai	1138643	https://giab-aws.s3.amazonaws.com/WGS/Bioskryb/2024/HG008-T_bioskryb-libraries-UG100/cram_files/037998-NIST-PL01-SC257-Z0085-CTCTATGTTGCTGAT.cram.crai	cc9315acd2799d27d665067d8cb579ea	index	
HG008-T.Bioskryb_UG100_singlecell	ext/giab-aws/2024/HG008-T_bioskryb-libraries-UG100/cram_files/037998-NIST-PL01-SC261-Z0086-CAACTATCTGCAGAT.cram	30934766664	https://giab-aws.s3.amazonaws.com/WGS/Bioskryb/2024/HG008-T_bioskryb-libraries-UG100/cram_files/037998-NIST-PL01-SC261-Z0086-CAACTATCTGCAGAT.cram	-	reads	
HG008-T.Bioskryb_UG100_singlecell	ext/giab-aws/2024/HG008-T_bioskryb-libraries-UG100/cram_files/037998-NIST-PL01-SC261-Z0086-CAACTATCTGCAGAT.cram.crai	786606	https://giab-aws.s3.amazonaws.com/WGS/Bioskryb/2024/HG008-T_bioskryb-libraries-UG100/cram_files/037998-NIST-PL01-SC261-Z0086-CAACTATCTGCAGAT.cram.crai	5373d2ddaf4ba4019903c2c50c263d6a	index	
HG008-T.Bioskryb_UG100_singlecell	ext/giab-aws/2024/HG008-T_bioskryb-libraries-UG100/cram_files/037998-NIST-PL01-SC266-Z0088-CTATCATCCAGTGAT.cram	30474066035	https://giab-aws.s3.amazonaws.com/WGS/Bioskryb/2024/HG008-T_bioskryb-libraries-UG100/cram_files/037998-NIST-PL01-SC266-Z0088-CTATCATCCAGTGAT.cram	-	reads	
HG008-T.Bioskryb_UG100_singlecell	ext/giab-aws/2024/HG008-T_bioskryb-libraries-UG100/cram_files/037998-NIST-PL01-SC266-Z0088-CTATCATCCAGTGAT.cram.crai	768617	https://giab-aws.s3.amazonaws.com/WGS/Bioskryb/2024/HG008-T_bioskryb-libraries-UG100/cram_files/037998-NIST-PL01-SC266-Z0088-CTATCATCCAGTGAT.cram.crai	6c2fc715b218911682dc5d8c8a5bdcda	index	
HG008-T.Bioskryb_UG100_singlecell	ext/giab-aws/2024/HG008-T_bioskryb-libraries-UG100/cram_files/037998-NIST-PL01-SC267-Z0087-CAGATCTCATGAATGAT.cram	30542861522	https://giab-aws.s3.amazonaws.com/WGS/Bioskryb/2024/HG008-T_bioskryb-libraries-UG100/cram_files/037998-NIST-PL01-SC267-Z0087-CAGATCTCATGAATGAT.cram	-	reads	
HG008-T.Bioskryb_UG100_singlecell	ext/giab-aws/2024/HG008-T_bioskryb-libraries-UG100/cram_files/037998-NIST-PL01-SC267-Z0087-CAGATCTCATGAATGAT.cram.crai	762519	https://giab-aws.s3.amazonaws.com/WGS/Bioskryb/2024/HG008-T_bioskryb-libraries-UG100/cram_files/037998-NIST-PL01-SC267-Z0087-CAGATCTCATGAATGAT.cram.crai	d111d4bfaafc4011f0d3aa4c4091398f	index	
HG008-T.Bioskryb_UG100_singlecell	ext/giab-aws/2024/HG008-T_bioskryb-libraries-UG100/cram_files/037998-NIST-PL01-SC268-Z0089-CTGCTACAAGCAGAT.cram	47677746536	https://giab-aws.s3.amazonaws.com/WGS/Bioskryb/2024/HG008-T_bioskryb-libraries-UG100/cram_files/037998-NIST-PL01-SC268-Z0089-CTGCTACAAGCAGAT.cram	-	reads	
HG008-T.Bioskryb_UG100_singlecell	ext/giab-aws/2024/HG008-T_bioskryb-libraries-UG100/cram_files/037998-NIST-PL01-SC268-Z0089-CTGCTACAAGCAGAT.cram.crai	1207552	https://giab-aws.s3.amazonaws.com/WGS/Bioskryb/2024/HG008-T_bioskryb-libraries-UG100/cram_files/037998-NIST-PL01-SC268-Z0089-CTGCTACAAGCAGAT.cram.crai	76e4a4dc28f795aacdee613b1cb1f43c	index	
HG008-T.Bioskryb_UG100_singlecell	ext/giab-aws/2024/HG008-T_bioskryb-libraries-UG100/cram_files/037998-NIST-PL01-SC274-Z0093-CAATGACAGCTCGAT.cram	36507307886	https://giab-aws.s3.amazonaws.com/WGS/Bioskryb/2024/HG008-T_bioskryb-libraries-UG100/cram_files/037998-NIST-PL01-SC274-Z0093-CAATGACAGCTCGAT.cram	-	reads	
HG008-T.Bioskryb_UG100_singlecell	ext/giab-aws/2024/HG008-T_bioskryb-libraries-UG100/cram_files/037998-NIST-PL01-SC274-Z0093-CAATGACAGCTCGAT.cram.crai	916251	https://giab-aws.s3.amazonaws.com/WGS/Bioskryb/2024/HG008-T_bioskryb-libraries-UG100/cram_files/037998-NIST-PL01-SC274-Z0093-CAATGACAGCTCGAT.cram.crai	e53b21f0dc97ebefaae6d50d49a72fe1	index	
HG008-T.Bioskryb_UG100_singlecell	ext/giab-aws/2024/HG008-T_bioskryb-libraries-UG100/cram_files/037998-NIST-PL01-SC275-Z0090-CAATATGCACGTGAT.cram	46165427288	https://giab-aws.s3.amazonaws.com/WGS/Bioskryb/2024/HG008-T_bioskryb-libraries-UG100/cram_files/037998-NIST-PL01-SC275-Z0090-CAATATGCACGTGAT.cram	-	reads	
HG008-T.Bioskryb_UG100_singlecell	ext/giab-aws/2024/HG008-T_bioskryb-libraries-UG100/cram_files/037998-NIST-PL01-SC275-Z0090-CAATATGCACGTGAT.cram.crai	1146958	https://giab-aws.s3.amazonaws.com/WGS/Bioskryb/2024/HG008-T_bioskryb-libraries-UG100/cram_files/037998-NIST-PL01-SC275-Z0090-CAATATGCACGTGAT.cram.crai	6046a4027d32edd1d0cad169ef15d6ff	index	
HG008-T.Bioskryb_UG100_singlecell	ext/giab-aws/2024/HG008-T_bioskryb-libraries-UG100/cram_files/037998-NIST-PL01-SC277-Z0091-CACTTCTGCGATGAT.cram	40801669083	https://giab-aws.s3.amazonaws.com/WGS/Bioskryb/2024/HG008-T_bioskryb-libraries-UG100/cram_files/037998-NIST-PL01-SC277-Z0091-CACTTCTGCGATGAT.cram	-	reads	
HG008-T.Bioskryb_UG100_singlecell	ext/giab-aws/2024/HG008-T_bioskryb-libraries-UG100/cram_files/037998-NIST-PL01-SC277-Z0091-CACTTCTGCGATGAT.cram.crai	1018778	https://giab-aws.s3.amazonaws.com/WGS/Bioskryb/2024/HG008-T_bioskryb-libraries-UG100/cram_files/037998-NIST-PL01-SC277-Z0091-CACTTCTGCGATGAT.cram.crai	cc9a50fd342136e219e58fa96418a323	index	
HG008-T.Bioskryb_UG100_singlecell	ext/giab-aws/2024/HG008-T_bioskryb-libraries-UG100/cram_files/037998-NIST-PL01-SC279-Z0092-CAAGCATATCTAGAT.cram	39904907679	https://giab-aws.s3.amazonaws.com/WGS/Bioskryb/2024/HG008-T_bioskryb-libraries-UG100/cram_files/037998-NIST-PL01-SC279-Z0092-CAAGCATATCTAGAT.cram	-	reads	
HG008-T.Bioskryb_UG100_singlecell	ext/giab-aws/2024/HG008-T_bioskryb-libraries-UG100/cram_files/037998-NIST-PL01-SC279-Z0092-CAAGCATATCTAGAT.cram.crai	1006597	https://giab-aws.s3.amazonaws.com/WGS/Bioskryb/2024/HG008-T_bioskryb-libraries-UG100/cram_files/037998-NIST-PL01-SC279-Z0092-CAAGCATATCTAGAT.cram.crai	44f02ef035c6751f5b0e5443b8b6c83d	index	
HG008-T.Bioskryb_UG100_singlecell	ext/giab-aws/2024/HG008-T_bioskryb-libraries-UG100/cram_files/037998-NIST-PL01-SC280-Z0094-CTGATGAGCTTGATGAT.cram	35506765263	https://giab-aws.s3.amazonaws.com/WGS/Bioskryb/2024/HG008-T_bioskryb-libraries-UG100/cram_files/037998-NIST-PL01-SC280-Z0094-CTGATGAGCTTGATGAT.cram	-	reads	
HG008-T.Bioskryb_UG100_singlecell	ext/giab-aws/2024/HG008-T_bioskryb-libraries-UG100/cram_files/037998-NIST-PL01-SC280-Z0094-CTGATGAGCTTGATGAT.cram.crai	887876	https://giab-aws.s3.amazonaws.com/WGS/Bioskryb/2024/HG008-T_bioskryb-libraries-UG100/cram_files/037998-NIST-PL01-SC280-Z0094-CTGATGAGCTTGATGAT.cram.crai	90208751e51f3c5d55c5db5228d72955	index	
HG008-T.Bioskryb_UG100_singlecell	ext/giab-aws/2024/HG008-T_bioskryb-libraries-UG100/cram_files/037998-NIST-PL01-SC288-Z0095-CATATGACCTGAGAT.cram	37098447669	https://giab-aws.s3.amazonaws.com/WGS/Bioskryb/2024/HG008-T_bioskryb-libraries-UG100/cram_files/037998-NIST-PL01-SC288-Z0095-CATATGACCTGAGAT.cram	-	reads	
HG008-T.Bioskryb_UG100_singlecell	ext/giab-aws/2024/HG008-T_bioskryb-libraries-UG100/cram_files/037998-NIST-PL01-SC288-Z0095-CATATGACCTGAGAT.cram.crai	945080	https://giab-aws.s3.amazonaws.com/WGS/Bioskryb/2024/HG008-T_bioskryb-libraries-UG100/cram_files/037998-NIST-PL01-SC288-Z0095-CATATGACCTGAGAT.cram.crai	b6c0269796e7d741a43fab0a4b254ea8	index	
HG008-T.Bioskryb_UG100_singlecell	ext/giab-aws/2024/HG008-T_bioskryb-libraries-UG100/cram_files/037998-NIST-PL01-SC289-Z0096-CAGCCGATATCAGAT.cram	39410285469	https://giab-aws.s3.amazonaws.com/WGS/Bioskryb/2024/HG008-T_bioskryb-libraries-UG100/cram_files/037998-NIST-PL01-SC289-Z0096-CAGCCGATATCAGAT.cram	-	reads	
HG008-T.Bioskryb_UG100_singlecell	ext/giab-aws/2024/HG008-T_bioskryb-libraries-UG100/cram_files/037998-NIST-PL01-SC289-Z0096-CAGCCGATATCAGAT.cram.crai	993113	https://giab-aws.s3.amazonaws.com/WGS/Bioskryb/2024/HG008-T_bioskryb-libraries-UG100/cram_files/037998-NIST-PL01-SC289-Z0096-CAGCCGATATCAGAT.cram.crai	b7312507cc15001298e381c5d100cd69	index	
HG008-T.Bioskryb_UG100_singlecell	ext/giab-aws/2024/HG008-T_bioskryb-libraries-UG100/vcf_files/037104-NIST-PL01-SC52-Z0017-CACGTGGCACATGAT.vep.PASS_filtered.vcf.gz	613394549	https://giab-aws.s3.amazonaws.com/WGS/Bioskryb/2024/HG008-T_bioskryb-libraries-UG100/vcf_files/037104-NIST-PL01-SC52-Z0017-CACGTGGCACATGAT.vep.PASS_filtered.vcf.gz	-	variants	
HG008-T.Bioskryb_UG100_singlecell	ext/giab-aws/2024/HG008-T_bioskryb-libraries-UG100/vcf_files/037104-NIST-PL01-SC52-Z0017-CACGTGGCACATGAT.vep.PASS_filtered.vcf.gz.tbi	1928475	https://giab-aws.s3.amazonaws.com/WGS/Bioskryb/2024/HG008-T_bioskryb-libraries-UG100/vcf_files/037104-NIST-PL01-SC52-Z0017-CACGTGGCACATGAT.vep.PASS_filtered.vcf.gz.tbi	22e34a5ec918095f19767f364fceb640	index	
HG008-T.Bioskryb_UG100_singlecell	ext/giab-aws/2024/HG008-T_bioskryb-libraries-UG100/vcf_files/037104-NIST-PL01-SC54-Z0018-CATGCGTCCTGTGAT.vep.PASS_filtered.vcf.gz	577489281	https://giab-aws.s3.amazonaws.com/WGS/Bioskryb/2024/HG008-T_bioskryb-libraries-UG100/vcf_files/037104-NIST-PL01-SC54-Z0018-CATGCGTCCTGTGAT.vep.PASS_filtered.vcf.gz	-	variants	
HG008-T.Bioskryb_UG100_singlecell	ext/giab-aws/2024/HG008-T_bioskryb-libraries-UG100/vcf_files/037104-NIST-PL01-SC54-Z0018-CATGCGTCCTGTGAT.vep.PASS_filtered.vcf.gz.tbi	1886894	https://giab-aws.s3.amazonaws.com/WGS/Bioskryb/2024/HG008-T_bioskryb-libraries-UG100/vcf_files/037104-NIST-PL01-SC54-Z0018-CATGCGTCCTGTGAT.vep.PASS_filtered.vcf.gz.tbi	af3bf395fabe0b4ef15894a78d5e44ba	index	
HG008-T.Bioskryb_UG100_singlecell	ext/giab-aws/2024/HG008-T_bioskryb-libraries-UG100/vcf_files/037104-NIST-PL01-SC66-Z0022-CGGAGTGCATGCATGAT.vep.PASS_filtered.vcf.gz	569934664	https://giab-aws.s3.amazonaws.com/WGS/Bioskryb/2024/HG008-T_bioskryb-libraries-UG100/vcf_files/037104-NIST-PL01-SC66-Z0022-CGGAGTGCATGCATGAT.vep.PASS_filtered.vcf.gz	-	variants	
HG008-T.Bioskryb_UG100_singlecell	ext/giab-aws/2024/HG008-T_bioskryb-libraries-UG100/vcf_files/037104-NIST-PL01-SC66-Z0022-CGGAGTGCATGCATGAT.vep.PASS_filtered.vcf.gz.tbi	1903708	https://giab-aws.s3.amazonaws.com/WGS/Bioskryb/2024/HG008-T_bioskryb-libraries-UG100/vcf_files/037104-NIST-PL01-SC66-Z0022-CGGAGTGCATGCATGAT.vep.PASS_filtered.vcf.gz.tbi	ce14237933edc87a09ca958632219656	index	
HG008-T.Bioskryb_UG100_singlecell	ext/giab-aws/2024/HG008-T_bioskryb-libraries-UG100/vcf_files/037104-NIST-PL01-SC67-Z0020-CTACATTGCACAGAT.vep.PASS_filtered.vcf.gz	565855202	https://giab-aws.s3.amazonaws.com/WGS/Bioskryb/2024/HG008-T_bioskryb-libraries-UG100/vcf_files/037104-NIST-PL01-SC67-Z0020-CTACATTGCACAGAT.vep.PASS_filtered.vcf.gz	-	variants	
HG008-T.Bioskryb_UG100_singlecell	ext/giab-aws/2024/HG008-T_bioskryb-libraries-UG100/vcf_files/037104-NIST-PL01-SC67-Z0020-CTACATTGCACAGAT.vep.PASS_filtered.vcf.gz.tbi	1891152	https://giab-aws.s3.amazonaws.com/WGS/Bioskryb/2024/HG008-T_bioskryb-libraries-UG100/vcf_files/037104-NIST-PL01-SC67-Z0020-CTACATTGCACAGAT.vep.PASS_filtered.vcf.gz.tbi	6d9ca9abfb043c37213bd6cdcc16efdd	index	
HG008-T.Bioskryb_UG100_singlecell	ext/giab-aws/2024/HG008-T_bioskryb-libraries-UG100/vcf_files/037104-NIST-PL01-SC74-Z0023-CATGGAGATACTGAT.vep.PASS_filtered.vcf.gz	570368340	https://giab-aws.s3.amazonaws.com/WGS/Bioskryb/2024/HG008-T_bioskryb-libraries-UG100/vcf_files/037104-NIST-PL01-SC74-Z0023-CATGGAGATACTGAT.vep.PASS_filtered.vcf.gz	-	variants	
HG008-T.Bioskryb_UG100_singlecell	ext/giab-aws/2024/HG008-T_bioskryb-libraries-UG100/vcf_files/037104-NIST-PL01-SC74-Z0023-CATGGAGATACTGAT.vep.PASS_filtered.vcf.gz.tbi	1907234	https://giab-aws.s3.amazonaws.com/WGS/Bioskryb/2024/HG008-T_bioskryb-libraries-UG100/vcf_files/037104-NIST-PL01-SC74-Z0023-CATGGAGATACTGAT.vep.PASS_filtered.vcf.gz.tbi	0b1c7448cfc642e67329d4969b65f953	index	
HG008-T.Bioskryb_UG100_singlecell	ext/giab-aws/2024/HG008-T_bioskryb-libraries-UG100/vcf_files/037104-NIST-PL01-SC78-Z0024-CTGAGCCTGTCAGAT.vep.PASS_filtered.vcf.gz	579218834	https://giab-aws.s3.amazonaws.com/WGS/Bioskryb/2024/HG008-T_bioskryb-libraries-UG100/vcf_files/037104-NIST-PL01-SC78-Z0024-CTGAGCCTGTCAGAT.vep.PASS_filtered.vcf.gz	-	variants	
HG008-T.Bioskryb_UG100_singlecell	ext/giab-aws/2024/HG008-T_bioskryb-libraries-UG100/vcf_files/037104-NIST-PL01-SC78-Z0024-CTGAGCCTGTCAGAT.vep.PASS_filtered.vcf.gz.tbi	1911028	https://giab-aws.s3.amazonaws.com/WGS/Bioskryb/2024/HG008-T_bioskryb-libraries-UG100/vcf_files/037104-NIST-PL01-SC78-Z0024-CTGAGCCTGTCAGAT.vep.PASS_filtered.vcf.gz.tbi	1acea990c440421cd2d1fa64552627c7	index	
HG008-T.Bioskryb_UG100_singlecell	ext/giab-aws/2024/HG008-T_bioskryb-libraries-UG100/vcf_files/037104-NIST-PL01-SC79-Z0021-CATAGCGAGCCAGAT.vep.PASS_filtered.vcf.gz	532149150	https://giab-aws.s3.amazonaws.com/WGS/Bioskryb/2024/HG008-T_bioskryb-libraries-UG100/vcf_files/037104-NIST-PL01-SC79-Z0021-CATAGCGAGCCAGAT.vep.PASS_filtered.vcf.gz	-	variants	
HG008-T.Bioskryb_UG100_singlecell	ext/giab-aws/2024/HG008-T_bioskryb-libraries-UG100/vcf_files/037104-NIST-PL01-SC79-Z0021-CATAGCGAGCCAGAT.vep.PASS_filtered.vcf.gz.tbi	1873493	https://giab-aws.s3.amazonaws.com/WGS/Bioskryb/2024/HG008-T_bioskryb-libraries-UG100/vcf_files/037104-NIST-PL01-SC79-Z0021-CATAGCGAGCCAGAT.vep.PASS_filtered.vcf.gz.tbi	36182c87fa839499e69cc5ff5347f05b	index	
HG008-T.Bioskryb_UG100_singlecell	ext/giab-aws/2024/HG008-T_bioskryb-libraries-UG100/vcf_files/037104-NIST-PL01-SC81-Z0025-CTCGAGATTGATGAT.vep.PASS_filtered.vcf.gz	571788021	https://giab-aws.s3.amazonaws.com/WGS/Bioskryb/2024/HG008-T_bioskryb-libraries-UG100/vcf_files/037104-NIST-PL01-SC81-Z0025-CTCGAGATTGATGAT.vep.PASS_filtered.vcf.gz	-	variants	
HG008-T.Bioskryb_UG100_singlecell	ext/giab-aws/2024/HG008-T_bioskryb-libraries-UG100/vcf_files/037104-NIST-PL01-SC81-Z0025-CTCGAGATTGATGAT.vep.PASS_filtered.vcf.gz.tbi	1905458	https://giab-aws.s3.amazonaws.com/WGS/Bioskryb/2024/HG008-T_bioskryb-libraries-UG100/vcf_files/037104-NIST-PL01-SC81-Z0025-CTCGAGATTGATGAT.vep.PASS_filtered.vcf.gz.tbi	9202642631c0e4a97b8acb47c68a15f6	index	
HG008-T.Bioskryb_UG100_singlecell	ext/giab-aws/2024/HG008-T_bioskryb-libraries-UG100/vcf_files/037104-NIST-PL01-SC83-Z0026-CATCCATCTCATCTGAT.vep.PASS_filtered.vcf.gz	586668182	https://giab-aws.s3.amazonaws.com/WGS/Bioskryb/2024/HG008-T_bioskryb-libraries-UG100/vcf_files/037104-NIST-PL01-SC83-Z0026-CATCCATCTCATCTGAT.vep.PASS_filtered.vcf.gz	-	variants	
HG008-T.Bioskryb_UG100_singlecell	ext/giab-aws/2024/HG008-T_bioskryb-libraries-UG100/vcf_files/037104-NIST-PL01-SC83-Z0026-CATCCATCTCATCTGAT.vep.PASS_filtered.vcf.gz.tbi	1915820	https://giab-aws.s3.amazonaws.com/WGS/Bioskryb/2024/HG008-T_bioskryb-libraries-UG100/vcf_files/037104-NIST-PL01-SC83-Z0026-CATCCATCTCATCTGAT.vep.PASS_filtered.vcf.gz.tbi	dc8313d45594c51dd3dfa7424fba7ad3	index	
HG008-T.Bioskryb_UG100_singlecell	ext/giab-aws/2024/HG008-T_bioskryb-libraries-UG100/vcf_files/037104-NIST-PL01-SC84-Z0029-CATATAGCAGGAGAT.vep.PASS_filtered.vcf.gz	562912988	https://giab-aws.s3.amazonaws.com/WGS/Bioskryb/2024/HG008-T_bioskryb-libraries-UG100/vcf_files/037104-NIST-PL01-SC84-Z0029-CATATAGCAGGAGAT.vep.PASS_filtered.vcf.gz	-	variants	
HG008-T.Bioskryb_UG100_singlecell	ext/giab-aws/2024/HG008-T_bioskryb-libraries-UG100/vcf_files/037104-NIST-PL01-SC84-Z0029-CATATAGCAGGAGAT.vep.PASS_filtered.vcf.gz.tbi	1900907	https://giab-aws.s3.amazonaws.com/WGS/Bioskryb/2024/HG008-T_bioskryb-libraries-UG100/vcf_files/037104-NIST-PL01-SC84-Z0029-CATATAGCAGGAGAT.vep.PASS_filtered.vcf.gz.tbi	62dfaf142f822e3d2caab9a2f671a9f1	index	
HG008-T.Bioskryb_UG100_singlecell	ext/giab-aws/2024/HG008-T_bioskryb-libraries-UG100/vcf_files/037104-NIST-PL01-SC85-Z0027-CACTGTCAGCCAGAT.vep.PASS_filtered.vcf.gz	547664174	https://giab-aws.s3.amazonaws.com/WGS/Bioskryb/2024/HG008-T_bioskryb-libraries-UG100/vcf_files/037104-NIST-PL01-SC85-Z0027-CACTGTCAGCCAGAT.vep.PASS_filtered.vcf.gz	-	variants	
HG008-T.Bioskryb_UG100_singlecell	ext/giab-aws/2024/HG008-T_bioskryb-libraries-UG100/vcf_files/037104-NIST-PL01-SC85-Z0027-CACTGTCAGCCAGAT.vep.PASS_filtered.vcf.gz.tbi	1783935	https://giab-aws.s3.amazonaws.com/WGS/Bioskryb/2024/HG008-T_bioskryb-libraries-UG100/vcf_files/037104-NIST-PL01-SC85-Z0027-CACTGTCAGCCAGAT.vep.PASS_filtered.vcf.gz.tbi	d7e902f226b6815db0df258e77ad51b9	index	
HG008-T.Bioskryb_UG100_singlecell	ext/giab-aws/2024/HG008-T_bioskryb-libraries-UG100/vcf_files/037104-NIST-PL01-SC86-Z0030-CATGTCTAAGATGAT.vep.PASS_filtered.vcf.gz	568827400	https://giab-aws.s3.amazonaws.com/WGS/Bioskryb/2024/HG008-T_bioskryb-libraries-UG100/vcf_files/037104-NIST-PL01-SC86-Z0030-CATGTCTAAGATGAT.vep.PASS_filtered.vcf.gz	-	variants	
HG008-T.Bioskryb_UG100_singlecell	ext/giab-aws/2024/HG008-T_bioskryb-libraries-UG100/vcf_files/037104-NIST-PL01-SC86-Z0030-CATGTCTAAGATGAT.vep.PASS_filtered.vcf.gz.tbi	1905763	https://giab-aws.s3.amazonaws.com/WGS/Bioskryb/2024/HG008-T_bioskryb-libraries-UG100/vcf_files/037104-NIST-PL01-SC86-Z0030-CATGTCTAAGATGAT.vep.PASS_filtered.vcf.gz.tbi	3dd3948701fd5904ea3fd6e38d220b6c	index	
HG008-T.Bioskryb_UG100_singlecell	ext/giab-aws/2024/HG008-T_bioskryb-libraries-UG100/vcf_files/037104-NIST-PL01-SC88-Z0031-CATCGCAGCTGAATGAT.vep.PASS_filtered.vcf.gz	508882950	https://giab-aws.s3.amazonaws.com/WGS/Bioskryb/2024/HG008-T_bioskryb-libraries-UG100/vcf_files/037104-NIST-PL01-SC88-Z0031-CATCGCAGCTGAATGAT.vep.PASS_filtered.vcf.gz	-	variants	
HG008-T.Bioskryb_UG100_singlecell	ext/giab-aws/2024/HG008-T_bioskryb-libraries-UG100/vcf_files/037104-NIST-PL01-SC88-Z0031-CATCGCAGCTGAATGAT.vep.PASS_filtered.vcf.gz.tbi	1786527	https://giab-aws.s3.amazonaws.com/WGS/Bioskryb/2024/HG008-T_bioskryb-libraries-UG100/vcf_files/037104-NIST-PL01-SC88-Z0031-CATCGCAGCTGAATGAT.vep.PASS_filtered.vcf.gz.tbi	c8da07fb7898336f4c7403719b930772	index	
HG008-T.Bioskryb_UG100_singlecell	ext/giab-aws/2024/HG008-T_bioskryb-libraries-UG100/vcf_files/037104-NIST-PL01-SC92-Z0032-CTCTGTATTGCAGAT.vep.PASS_filtered.vcf.gz	590335485	https://giab-aws.s3.amazonaws.com/WGS/Bioskryb/2024/HG008-T_bioskryb-libraries-UG100/vcf_files/037104-NIST-PL01-SC92-Z0032-CTCTGTATTGCAGAT.vep.PASS_filtered.vcf.gz	-	variants	
HG008-T.Bioskryb_UG100_singlecell	ext/giab-aws/2024/HG008-T_bioskryb-libraries-UG100/vcf_files/037104-NIST-PL01-SC92-Z0032-CTCTGTATTGCAGAT.vep.PASS_filtered.vcf.gz.tbi	1920308	https://giab-aws.s3.amazonaws.com/WGS/Bioskryb/2024/HG008-T_bioskryb-libraries-UG100/vcf_files/037104-NIST-PL01-SC92-Z0032-CTCTGTATTGCAGAT.vep.PASS_filtered.vcf.gz.tbi	f0470666bf05d1d3c6ab38489b9cb94f	index	
HG008-T.Bioskryb_UG100_singlecell	ext/giab-aws/2024/HG008-T_bioskryb-libraries-UG100/vcf_files/037104-NIST-PL01-SC95-Z0028-CAGACTTGCTGCGAT.vep.PASS_filtered.vcf.gz	582324503	https://giab-aws.s3.amazonaws.com/WGS/Bioskryb/2024/HG008-T_bioskryb-libraries-UG100/vcf_files/037104-NIST-PL01-SC95-Z0028-CAGACTTGCTGCGAT.vep.PASS_filtered.vcf.gz	-	variants	
HG008-T.Bioskryb_UG100_singlecell	ext/giab-aws/2024/HG008-T_bioskryb-libraries-UG100/vcf_files/037104-NIST-PL01-SC95-Z0028-CAGACTTGCTGCGAT.vep.PASS_filtered.vcf.gz.tbi	1905846	https://giab-aws.s3.amazonaws.com/WGS/Bioskryb/2024/HG008-T_bioskryb-libraries-UG100/vcf_files/037104-NIST-PL01-SC95-Z0028-CAGACTTGCTGCGAT.vep.PASS_filtered.vcf.gz.tbi	219fe98b42fcfe76ceef93cbde2d3207	index	
HG008-T.Bioskryb_UG100_singlecell	ext/giab-aws/2024/HG008-T_bioskryb-libraries-UG100/vcf_files/037105-NIST-PL01-SC100-Z0036-CAGAAGCTGCATGAGAT.vep.PASS_filtered.vcf.gz	557805489	https://giab-aws.s3.amazonaws.com/WGS/Bioskryb/2024/HG008-T_bioskryb-libraries-UG100/vcf_files/037105-NIST-PL01-SC100-Z0036-CAGAAGCTGCATGAGAT.vep.PASS_filtered.vcf.gz	-	variants	
HG008-T.Bioskryb_UG100_singlecell	ext/giab-aws/2024/HG008-T_bioskryb-libraries-UG100/vcf_files/037105-NIST-PL01-SC100-Z0036-CAGAAGCTGCATGAGAT.vep.PASS_filtered.vcf.gz.tbi	1859699	https://giab-aws.s3.amazonaws.com/WGS/Bioskryb/2024/HG008-T_bioskryb-libraries-UG100/vcf_files/037105-NIST-PL01-SC100-Z0036-CAGAAGCTGCATGAGAT.vep.PASS_filtered.vcf.gz.tbi	da1e081c83ffcebf58230a44c0d8019d	index	
HG008-T.Bioskryb_UG100_singlecell	ext/giab-aws/2024/HG008-T_bioskryb-libraries-UG100/vcf_files/037105-NIST-PL01-SC101-Z0034-CTGTGAATATGCGAT.vep.PASS_filtered.vcf.gz	589307650	https://giab-aws.s3.amazonaws.com/WGS/Bioskryb/2024/HG008-T_bioskryb-libraries-UG100/vcf_files/037105-NIST-PL01-SC101-Z0034-CTGTGAATATGCGAT.vep.PASS_filtered.vcf.gz	-	variants	
HG008-T.Bioskryb_UG100_singlecell	ext/giab-aws/2024/HG008-T_bioskryb-libraries-UG100/vcf_files/037105-NIST-PL01-SC101-Z0034-CTGTGAATATGCGAT.vep.PASS_filtered.vcf.gz.tbi	1909594	https://giab-aws.s3.amazonaws.com/WGS/Bioskryb/2024/HG008-T_bioskryb-libraries-UG100/vcf_files/037105-NIST-PL01-SC101-Z0034-CTGTGAATATGCGAT.vep.PASS_filtered.vcf.gz.tbi	ee4a803ef4f64b98e868b1cb02a1cb9c	index	
HG008-T.Bioskryb_UG100_singlecell	ext/giab-aws/2024/HG008-T_bioskryb-libraries-UG100/vcf_files/037105-NIST-PL01-SC103-Z0035-CTGAATGATCTCGAT.vep.PASS_filtered.vcf.gz	470546168	https://giab-aws.s3.amazonaws.com/WGS/Bioskryb/2024/HG008-T_bioskryb-libraries-UG100/vcf_files/037105-NIST-PL01-SC103-Z0035-CTGAATGATCTCGAT.vep.PASS_filtered.vcf.gz	-	variants	
HG008-T.Bioskryb_UG100_singlecell	ext/giab-aws/2024/HG008-T_bioskryb-libraries-UG100/vcf_files/037105-NIST-PL01-SC103-Z0035-CTGAATGATCTCGAT.vep.PASS_filtered.vcf.gz.tbi	1683963	https://giab-aws.s3.amazonaws.com/WGS/Bioskryb/2024/HG008-T_bioskryb-libraries-UG100/vcf_files/037105-NIST-PL01-SC103-Z0035-CTGAATGATCTCGAT.vep.PASS_filtered.vcf.gz.tbi	42866ebe7173c521f77f7ddab38d595f	index	
HG008-T.Bioskryb_UG100_singlecell	ext/giab-aws/2024/HG008-T_bioskryb-libraries-UG100/vcf_files/037105-NIST-PL01-SC104-Z0037-CTAGATTGCGCAGAT.vep.PASS_filtered.vcf.gz	613913108	https://giab-aws.s3.amazonaws.com/WGS/Bioskryb/2024/HG008-T_bioskryb-libraries-UG100/vcf_files/037105-NIST-PL01-SC104-Z0037-CTAGATTGCGCAGAT.vep.PASS_filtered.vcf.gz	-	variants	
HG008-T.Bioskryb_UG100_singlecell	ext/giab-aws/2024/HG008-T_bioskryb-libraries-UG100/vcf_files/037105-NIST-PL01-SC104-Z0037-CTAGATTGCGCAGAT.vep.PASS_filtered.vcf.gz.tbi	1927664	https://giab-aws.s3.amazonaws.com/WGS/Bioskryb/2024/HG008-T_bioskryb-libraries-UG100/vcf_files/037105-NIST-PL01-SC104-Z0037-CTAGATTGCGCAGAT.vep.PASS_filtered.vcf.gz.tbi	a8cc7c24739644aaafe046bf94505874	index	
HG008-T.Bioskryb_UG100_singlecell	ext/giab-aws/2024/HG008-T_bioskryb-libraries-UG100/vcf_files/037105-NIST-PL01-SC106-Z0038-CGCATCCTCACAGAT.vep.PASS_filtered.vcf.gz	581855169	https://giab-aws.s3.amazonaws.com/WGS/Bioskryb/2024/HG008-T_bioskryb-libraries-UG100/vcf_files/037105-NIST-PL01-SC106-Z0038-CGCATCCTCACAGAT.vep.PASS_filtered.vcf.gz	-	variants	
HG008-T.Bioskryb_UG100_singlecell	ext/giab-aws/2024/HG008-T_bioskryb-libraries-UG100/vcf_files/037105-NIST-PL01-SC106-Z0038-CGCATCCTCACAGAT.vep.PASS_filtered.vcf.gz.tbi	1909501	https://giab-aws.s3.amazonaws.com/WGS/Bioskryb/2024/HG008-T_bioskryb-libraries-UG100/vcf_files/037105-NIST-PL01-SC106-Z0038-CGCATCCTCACAGAT.vep.PASS_filtered.vcf.gz.tbi	0f4261304251bef94b0b0ea3dc207036	index	
HG008-T.Bioskryb_UG100_singlecell	ext/giab-aws/2024/HG008-T_bioskryb-libraries-UG100/vcf_files/037105-NIST-PL01-SC108-Z0039-CACAACATATCAGAT.vep.PASS_filtered.vcf.gz	549554643	https://giab-aws.s3.amazonaws.com/WGS/Bioskryb/2024/HG008-T_bioskryb-libraries-UG100/vcf_files/037105-NIST-PL01-SC108-Z0039-CACAACATATCAGAT.vep.PASS_filtered.vcf.gz	-	variants	
HG008-T.Bioskryb_UG100_singlecell	ext/giab-aws/2024/HG008-T_bioskryb-libraries-UG100/vcf_files/037105-NIST-PL01-SC108-Z0039-CACAACATATCAGAT.vep.PASS_filtered.vcf.gz.tbi	1862900	https://giab-aws.s3.amazonaws.com/WGS/Bioskryb/2024/HG008-T_bioskryb-libraries-UG100/vcf_files/037105-NIST-PL01-SC108-Z0039-CACAACATATCAGAT.vep.PASS_filtered.vcf.gz.tbi	980900c0b644463feaab850d0c77194a	index	
HG008-T.Bioskryb_UG100_singlecell	ext/giab-aws/2024/HG008-T_bioskryb-libraries-UG100/vcf_files/037105-NIST-PL01-SC110-Z0040-CATCCTGCATCGCAGAT.vep.PASS_filtered.vcf.gz	587854964	https://giab-aws.s3.amazonaws.com/WGS/Bioskryb/2024/HG008-T_bioskryb-libraries-UG100/vcf_files/037105-NIST-PL01-SC110-Z0040-CATCCTGCATCGCAGAT.vep.PASS_filtered.vcf.gz	-	variants	
HG008-T.Bioskryb_UG100_singlecell	ext/giab-aws/2024/HG008-T_bioskryb-libraries-UG100/vcf_files/037105-NIST-PL01-SC110-Z0040-CATCCTGCATCGCAGAT.vep.PASS_filtered.vcf.gz.tbi	1913026	https://giab-aws.s3.amazonaws.com/WGS/Bioskryb/2024/HG008-T_bioskryb-libraries-UG100/vcf_files/037105-NIST-PL01-SC110-Z0040-CATCCTGCATCGCAGAT.vep.PASS_filtered.vcf.gz.tbi	7f6322757ecc65e9ae4722c7afd58a21	index	
HG008-T.Bioskryb_UG100_singlecell	ext/giab-aws/2024/HG008-T_bioskryb-libraries-UG100/vcf_files/037105-NIST-PL01-SC116-Z0044-CAATGTGTGCTAGAT.vep.PASS_filtered.vcf.gz	594113838	https://giab-aws.s3.amazonaws.com/WGS/Bioskryb/2024/HG008-T_bioskryb-libraries-UG100/vcf_files/037105-NIST-PL01-SC116-Z0044-CAATGTGTGCTAGAT.vep.PASS_filtered.vcf.gz	-	variants	
HG008-T.Bioskryb_UG100_singlecell	ext/giab-aws/2024/HG008-T_bioskryb-libraries-UG100/vcf_files/037105-NIST-PL01-SC116-Z0044-CAATGTGTGCTAGAT.vep.PASS_filtered.vcf.gz.tbi	1917050	https://giab-aws.s3.amazonaws.com/WGS/Bioskryb/2024/HG008-T_bioskryb-libraries-UG100/vcf_files/037105-NIST-PL01-SC116-Z0044-CAATGTGTGCTAGAT.vep.PASS_filtered.vcf.gz.tbi	6e8a240a100a33d0ff34442690d7f8a5	index	
HG008-T.Bioskryb_UG100_singlecell	ext/giab-aws/2024/HG008-T_bioskryb-libraries-UG100/vcf_files/037105-NIST-PL01-SC117-Z0041-CACATCAGCTCAATGAT.vep.PASS_filtered.vcf.gz	575587384	https://giab-aws.s3.amazonaws.com/WGS/Bioskryb/2024/HG008-T_bioskryb-libraries-UG100/vcf_files/037105-NIST-PL01-SC117-Z0041-CACATCAGCTCAATGAT.vep.PASS_filtered.vcf.gz	-	variants	
HG008-T.Bioskryb_UG100_singlecell	ext/giab-aws/2024/HG008-T_bioskryb-libraries-UG100/vcf_files/037105-NIST-PL01-SC117-Z0041-CACATCAGCTCAATGAT.vep.PASS_filtered.vcf.gz.tbi	1912192	https://giab-aws.s3.amazonaws.com/WGS/Bioskryb/2024/HG008-T_bioskryb-libraries-UG100/vcf_files/037105-NIST-PL01-SC117-Z0041-CACATCAGCTCAATGAT.vep.PASS_filtered.vcf.gz.tbi	7baac9a0ad90ccb248819c9a58f9ce46	index	
HG008-T.Bioskryb_UG100_singlecell	ext/giab-aws/2024/HG008-T_bioskryb-libraries-UG100/vcf_files/037105-NIST-PL01-SC118-Z0045-CTCAGCCTCATGCTGAT.vep.PASS_filtered.vcf.gz	562446945	https://giab-aws.s3.amazonaws.com/WGS/Bioskryb/2024/HG008-T_bioskryb-libraries-UG100/vcf_files/037105-NIST-PL01-SC118-Z0045-CTCAGCCTCATGCTGAT.vep.PASS_filtered.vcf.gz	-	variants	
HG008-T.Bioskryb_UG100_singlecell	ext/giab-aws/2024/HG008-T_bioskryb-libraries-UG100/vcf_files/037105-NIST-PL01-SC118-Z0045-CTCAGCCTCATGCTGAT.vep.PASS_filtered.vcf.gz.tbi	1887816	https://giab-aws.s3.amazonaws.com/WGS/Bioskryb/2024/HG008-T_bioskryb-libraries-UG100/vcf_files/037105-NIST-PL01-SC118-Z0045-CTCAGCCTCATGCTGAT.vep.PASS_filtered.vcf.gz.tbi	4b711f9812f28fb2cd690cee4a4fc5ed	index	
HG008-T.Bioskryb_UG100_singlecell	ext/giab-aws/2024/HG008-T_bioskryb-libraries-UG100/vcf_files/037105-NIST-PL01-SC119-Z0042-CATGCATATAATGCGAT.vep.PASS_filtered.vcf.gz	585804650	https://giab-aws.s3.amazonaws.com/WGS/Bioskryb/2024/HG008-T_bioskryb-libraries-UG100/vcf_files/037105-NIST-PL01-SC119-Z0042-CATGCATATAATGCGAT.vep.PASS_filtered.vcf.gz	-	variants	
HG008-T.Bioskryb_UG100_singlecell	ext/giab-aws/2024/HG008-T_bioskryb-libraries-UG100/vcf_files/037105-NIST-PL01-SC119-Z0042-CATGCATATAATGCGAT.vep.PASS_filtered.vcf.gz.tbi	1907361	https://giab-aws.s3.amazonaws.com/WGS/Bioskryb/2024/HG008-T_bioskryb-libraries-UG100/vcf_files/037105-NIST-PL01-SC119-Z0042-CATGCATATAATGCGAT.vep.PASS_filtered.vcf.gz.tbi	ee7916b06d0372f4f3647b3509d6a702	index	
HG008-T.Bioskryb_UG100_singlecell	ext/giab-aws/2024/HG008-T_bioskryb-libraries-UG100/vcf_files/037105-NIST-PL01-SC122-Z0046-CTCTCGCATGCAATGAT.vep.PASS_filtered.vcf.gz	575151587	https://giab-aws.s3.amazonaws.com/WGS/Bioskryb/2024/HG008-T_bioskryb-libraries-UG100/vcf_files/037105-NIST-PL01-SC122-Z0046-CTCTCGCATGCAATGAT.vep.PASS_filtered.vcf.gz	-	variants	
HG008-T.Bioskryb_UG100_singlecell	ext/giab-aws/2024/HG008-T_bioskryb-libraries-UG100/vcf_files/037105-NIST-PL01-SC122-Z0046-CTCTCGCATGCAATGAT.vep.PASS_filtered.vcf.gz.tbi	1899808	https://giab-aws.s3.amazonaws.com/WGS/Bioskryb/2024/HG008-T_bioskryb-libraries-UG100/vcf_files/037105-NIST-PL01-SC122-Z0046-CTCTCGCATGCAATGAT.vep.PASS_filtered.vcf.gz.tbi	93a64cc9f67279309584bf639bd48f9f	index	
HG008-T.Bioskryb_UG100_singlecell	ext/giab-aws/2024/HG008-T_bioskryb-libraries-UG100/vcf_files/037105-NIST-PL01-SC123-Z0043-CTCAATGCATCAGCGAT.vep.PASS_filtered.vcf.gz	583794758	https://giab-aws.s3.amazonaws.com/WGS/Bioskryb/2024/HG008-T_bioskryb-libraries-UG100/vcf_files/037105-NIST-PL01-SC123-Z0043-CTCAATGCATCAGCGAT.vep.PASS_filtered.vcf.gz	-	variants	
HG008-T.Bioskryb_UG100_singlecell	ext/giab-aws/2024/HG008-T_bioskryb-libraries-UG100/vcf_files/037105-NIST-PL01-SC123-Z0043-CTCAATGCATCAGCGAT.vep.PASS_filtered.vcf.gz.tbi	1912381	https://giab-aws.s3.amazonaws.com/WGS/Bioskryb/2024/HG008-T_bioskryb-libraries-UG100/vcf_files/037105-NIST-PL01-SC123-Z0043-CTCAATGCATCAGCGAT.vep.PASS_filtered.vcf.gz.tbi	97e0d753ccbd7cd4bcf1250ab8635c80	index	
HG008-T.Bioskryb_UG100_singlecell	ext/giab-aws/2024/HG008-T_bioskryb-libraries-UG100/vcf_files/037105-NIST-PL01-SC129-Z0047-CTAGCAGCCAGCGAT.vep.PASS_filtered.vcf.gz	557915883	https://giab-aws.s3.amazonaws.com/WGS/Bioskryb/2024/HG008-T_bioskryb-libraries-UG100/vcf_files/037105-NIST-PL01-SC129-Z0047-CTAGCAGCCAGCGAT.vep.PASS_filtered.vcf.gz	-	variants	
HG008-T.Bioskryb_UG100_singlecell	ext/giab-aws/2024/HG008-T_bioskryb-libraries-UG100/vcf_files/037105-NIST-PL01-SC129-Z0047-CTAGCAGCCAGCGAT.vep.PASS_filtered.vcf.gz.tbi	1898498	https://giab-aws.s3.amazonaws.com/WGS/Bioskryb/2024/HG008-T_bioskryb-libraries-UG100/vcf_files/037105-NIST-PL01-SC129-Z0047-CTAGCAGCCAGCGAT.vep.PASS_filtered.vcf.gz.tbi	9725e3d850e071115da48db6e6dc2037	index	
HG008-T.Bioskryb_UG100_singlecell	ext/giab-aws/2024/HG008-T_bioskryb-libraries-UG100/vcf_files/037105-NIST-PL01-SC133-Z0048-CTGCCAGACTGTGAT.vep.PASS_filtered.vcf.gz	583712968	https://giab-aws.s3.amazonaws.com/WGS/Bioskryb/2024/HG008-T_bioskryb-libraries-UG100/vcf_files/037105-NIST-PL01-SC133-Z0048-CTGCCAGACTGTGAT.vep.PASS_filtered.vcf.gz	-	variants	
HG008-T.Bioskryb_UG100_singlecell	ext/giab-aws/2024/HG008-T_bioskryb-libraries-UG100/vcf_files/037105-NIST-PL01-SC133-Z0048-CTGCCAGACTGTGAT.vep.PASS_filtered.vcf.gz.tbi	1912345	https://giab-aws.s3.amazonaws.com/WGS/Bioskryb/2024/HG008-T_bioskryb-libraries-UG100/vcf_files/037105-NIST-PL01-SC133-Z0048-CTGCCAGACTGTGAT.vep.PASS_filtered.vcf.gz.tbi	b1d55be6a827c9a8ccc628d4c131b1c4	index	
HG008-T.Bioskryb_UG100_singlecell	ext/giab-aws/2024/HG008-T_bioskryb-libraries-UG100/vcf_files/037105-NIST-PL01-SC97-Z0033-CATCATCGATTCGAT.vep.PASS_filtered.vcf.gz	590643050	https://giab-aws.s3.amazonaws.com/WGS/Bioskryb/2024/HG008-T_bioskryb-libraries-UG100/vcf_files/037105-NIST-PL01-SC97-Z0033-CATCATCGATTCGAT.vep.PASS_filtered.vcf.gz	-	variants	
HG008-T.Bioskryb_UG100_singlecell	ext/giab-aws/2024/HG008-T_bioskryb-libraries-UG100/vcf_files/037105-NIST-PL01-SC97-Z0033-CATCATCGATTCGAT.vep.PASS_filtered.vcf.gz.tbi	1921780	https://giab-aws.s3.amazonaws.com/WGS/Bioskryb/2024/HG008-T_bioskryb-libraries-UG100/vcf_files/037105-NIST-PL01-SC97-Z0033-CATCATCGATTCGAT.vep.PASS_filtered.vcf.gz.tbi	c243f3e1f5eed19ae0a0b03d41457c72	index	
HG008-T.Bioskryb_UG100_singlecell	ext/giab-aws/2024/HG008-T_bioskryb-libraries-UG100/vcf_files/037113-NIST-PL01-SC01-Z0001-CAGCTCGAATGCGAT.vep.PASS_filtered.vcf.gz	581466271	https://giab-aws.s3.amazonaws.com/WGS/Bioskryb/2024/HG008-T_bioskryb-libraries-UG100/vcf_files/037113-NIST-PL01-SC01-Z0001-CAGCTCGAATGCGAT.vep.PASS_filtered.vcf.gz	-	variants	
HG008-T.Bioskryb_UG100_singlecell	ext/giab-aws/2024/HG008-T_bioskryb-libraries-UG100/vcf_files/037113-NIST-PL01-SC01-Z0001-CAGCTCGAATGCGAT.vep.PASS_filtered.vcf.gz.tbi	1914532	https://giab-aws.s3.amazonaws.com/WGS/Bioskryb/2024/HG008-T_bioskryb-libraries-UG100/vcf_files/037113-NIST-PL01-SC01-Z0001-CAGCTCGAATGCGAT.vep.PASS_filtered.vcf.gz.tbi	63f82f950de50d66dd3e67871b650028	index	
HG008-T.Bioskryb_UG100_singlecell	ext/giab-aws/2024/HG008-T_bioskryb-libraries-UG100/vcf_files/037113-NIST-PL01-SC02-Z0004-CTGTGTAGGCATGAT.vep.PASS_filtered.vcf.gz	571371762	https://giab-aws.s3.amazonaws.com/WGS/Bioskryb/2024/HG008-T_bioskryb-libraries-UG100/vcf_files/037113-NIST-PL01-SC02-Z0004-CTGTGTAGGCATGAT.vep.PASS_filtered.vcf.gz	-	variants	
HG008-T.Bioskryb_UG100_singlecell	ext/giab-aws/2024/HG008-T_bioskryb-libraries-UG100/vcf_files/037113-NIST-PL01-SC02-Z0004-CTGTGTAGGCATGAT.vep.PASS_filtered.vcf.gz.tbi	1897161	https://giab-aws.s3.amazonaws.com/WGS/Bioskryb/2024/HG008-T_bioskryb-libraries-UG100/vcf_files/037113-NIST-PL01-SC02-Z0004-CTGTGTAGGCATGAT.vep.PASS_filtered.vcf.gz.tbi	6c6dde2f56b23c760e86b5b33b500fd1	index	
HG008-T.Bioskryb_UG100_singlecell	ext/giab-aws/2024/HG008-T_bioskryb-libraries-UG100/vcf_files/037113-NIST-PL01-SC03-Z0002-CATGTGCAGCCATCGAT.vep.PASS_filtered.vcf.gz	614757419	https://giab-aws.s3.amazonaws.com/WGS/Bioskryb/2024/HG008-T_bioskryb-libraries-UG100/vcf_files/037113-NIST-PL01-SC03-Z0002-CATGTGCAGCCATCGAT.vep.PASS_filtered.vcf.gz	-	variants	
HG008-T.Bioskryb_UG100_singlecell	ext/giab-aws/2024/HG008-T_bioskryb-libraries-UG100/vcf_files/037113-NIST-PL01-SC03-Z0002-CATGTGCAGCCATCGAT.vep.PASS_filtered.vcf.gz.tbi	1929749	https://giab-aws.s3.amazonaws.com/WGS/Bioskryb/2024/HG008-T_bioskryb-libraries-UG100/vcf_files/037113-NIST-PL01-SC03-Z0002-CATGTGCAGCCATCGAT.vep.PASS_filtered.vcf.gz.tbi	e75476a7ab52e562820c57bf263b0154	index	
HG008-T.Bioskryb_UG100_singlecell	ext/giab-aws/2024/HG008-T_bioskryb-libraries-UG100/vcf_files/037113-NIST-PL01-SC12-Z0005-CATGTATCCTCTGAT.vep.PASS_filtered.vcf.gz	596043895	https://giab-aws.s3.amazonaws.com/WGS/Bioskryb/2024/HG008-T_bioskryb-libraries-UG100/vcf_files/037113-NIST-PL01-SC12-Z0005-CATGTATCCTCTGAT.vep.PASS_filtered.vcf.gz	-	variants	
HG008-T.Bioskryb_UG100_singlecell	ext/giab-aws/2024/HG008-T_bioskryb-libraries-UG100/vcf_files/037113-NIST-PL01-SC12-Z0005-CATGTATCCTCTGAT.vep.PASS_filtered.vcf.gz.tbi	1920389	https://giab-aws.s3.amazonaws.com/WGS/Bioskryb/2024/HG008-T_bioskryb-libraries-UG100/vcf_files/037113-NIST-PL01-SC12-Z0005-CATGTATCCTCTGAT.vep.PASS_filtered.vcf.gz.tbi	5ad0071d470380ffaac05cff45d731f7	index	
HG008-T.Bioskryb_UG100_singlecell	ext/giab-aws/2024/HG008-T_bioskryb-libraries-UG100/vcf_files/037113-NIST-PL01-SC15-Z0003-CATCACACATGAATGAT.vep.PASS_filtered.vcf.gz	572149927	https://giab-aws.s3.amazonaws.com/WGS/Bioskryb/2024/HG008-T_bioskryb-libraries-UG100/vcf_files/037113-NIST-PL01-SC15-Z0003-CATCACACATGAATGAT.vep.PASS_filtered.vcf.gz	-	variants	
HG008-T.Bioskryb_UG100_singlecell	ext/giab-aws/2024/HG008-T_bioskryb-libraries-UG100/vcf_files/037113-NIST-PL01-SC15-Z0003-CATCACACATGAATGAT.vep.PASS_filtered.vcf.gz.tbi	1906443	https://giab-aws.s3.amazonaws.com/WGS/Bioskryb/2024/HG008-T_bioskryb-libraries-UG100/vcf_files/037113-NIST-PL01-SC15-Z0003-CATCACACATGAATGAT.vep.PASS_filtered.vcf.gz.tbi	38b9ae1154394a7c7ce71cb77ab10eca	index	
HG008-T.Bioskryb_UG100_singlecell	ext/giab-aws/2024/HG008-T_bioskryb-libraries-UG100/vcf_files/037113-NIST-PL01-SC23-Z0006-CATATAGCCTATGAT.vep.PASS_filtered.vcf.gz	546495965	https://giab-aws.s3.amazonaws.com/WGS/Bioskryb/2024/HG008-T_bioskryb-libraries-UG100/vcf_files/037113-NIST-PL01-SC23-Z0006-CATATAGCCTATGAT.vep.PASS_filtered.vcf.gz	-	variants	
HG008-T.Bioskryb_UG100_singlecell	ext/giab-aws/2024/HG008-T_bioskryb-libraries-UG100/vcf_files/037113-NIST-PL01-SC23-Z0006-CATATAGCCTATGAT.vep.PASS_filtered.vcf.gz.tbi	1880367	https://giab-aws.s3.amazonaws.com/WGS/Bioskryb/2024/HG008-T_bioskryb-libraries-UG100/vcf_files/037113-NIST-PL01-SC23-Z0006-CATATAGCCTATGAT.vep.PASS_filtered.vcf.gz.tbi	7b5f07fd83c41056f8e27f81afa2c3f1	index	
HG008-T.Bioskryb_UG100_singlecell	ext/giab-aws/2024/HG008-T_bioskryb-libraries-UG100/vcf_files/037113-NIST-PL01-SC25-Z0007-CGATTCATGCTCGAT.vep.PASS_filtered.vcf.gz	596522073	https://giab-aws.s3.amazonaws.com/WGS/Bioskryb/2024/HG008-T_bioskryb-libraries-UG100/vcf_files/037113-NIST-PL01-SC25-Z0007-CGATTCATGCTCGAT.vep.PASS_filtered.vcf.gz	-	variants	
HG008-T.Bioskryb_UG100_singlecell	ext/giab-aws/2024/HG008-T_bioskryb-libraries-UG100/vcf_files/037113-NIST-PL01-SC25-Z0007-CGATTCATGCTCGAT.vep.PASS_filtered.vcf.gz.tbi	1922392	https://giab-aws.s3.amazonaws.com/WGS/Bioskryb/2024/HG008-T_bioskryb-libraries-UG100/vcf_files/037113-NIST-PL01-SC25-Z0007-CGATTCATGCTCGAT.vep.PASS_filtered.vcf.gz.tbi	5bcf0da7c52e1b621723ac4ff3dd0d78	index	
HG008-T.Bioskryb_UG100_singlecell	ext/giab-aws/2024/HG008-T_bioskryb-libraries-UG100/vcf_files/037113-NIST-PL01-SC27-Z0008-CACATCCTGCATGTGAT.vep.PASS_filtered.vcf.gz	528643439	https://giab-aws.s3.amazonaws.com/WGS/Bioskryb/2024/HG008-T_bioskryb-libraries-UG100/vcf_files/037113-NIST-PL01-SC27-Z0008-CACATCCTGCATGTGAT.vep.PASS_filtered.vcf.gz	-	variants	
HG008-T.Bioskryb_UG100_singlecell	ext/giab-aws/2024/HG008-T_bioskryb-libraries-UG100/vcf_files/037113-NIST-PL01-SC27-Z0008-CACATCCTGCATGTGAT.vep.PASS_filtered.vcf.gz.tbi	1888720	https://giab-aws.s3.amazonaws.com/WGS/Bioskryb/2024/HG008-T_bioskryb-libraries-UG100/vcf_files/037113-NIST-PL01-SC27-Z0008-CACATCCTGCATGTGAT.vep.PASS_filtered.vcf.gz.tbi	2b9dde93e4be01b626c3377d1e771579	index	
HG008-T.Bioskryb_UG100_singlecell	ext/giab-aws/2024/HG008-T_bioskryb-libraries-UG100/vcf_files/037113-NIST-PL01-SC29-Z0009-CGCGCATCCTGCATGAT.vep.PASS_filtered.vcf.gz	593799309	https://giab-aws.s3.amazonaws.com/WGS/Bioskryb/2024/HG008-T_bioskryb-libraries-UG100/vcf_files/037113-NIST-PL01-SC29-Z0009-CGCGCATCCTGCATGAT.vep.PASS_filtered.vcf.gz	-	variants	
HG008-T.Bioskryb_UG100_singlecell	ext/giab-aws/2024/HG008-T_bioskryb-libraries-UG100/vcf_files/037113-NIST-PL01-SC29-Z0009-CGCGCATCCTGCATGAT.vep.PASS_filtered.vcf.gz.tbi	1919421	https://giab-aws.s3.amazonaws.com/WGS/Bioskryb/2024/HG008-T_bioskryb-libraries-UG100/vcf_files/037113-NIST-PL01-SC29-Z0009-CGCGCATCCTGCATGAT.vep.PASS_filtered.vcf.gz.tbi	345544e183944f825883090c2e71bcfe	index	
HG008-T.Bioskryb_UG100_singlecell	ext/giab-aws/2024/HG008-T_bioskryb-libraries-UG100/vcf_files/037113-NIST-PL01-SC33-Z0010-CACTGCACGAATGAT.vep.PASS_filtered.vcf.gz	594259766	https://giab-aws.s3.amazonaws.com/WGS/Bioskryb/2024/HG008-T_bioskryb-libraries-UG100/vcf_files/037113-NIST-PL01-SC33-Z0010-CACTGCACGAATGAT.vep.PASS_filtered.vcf.gz	-	variants	
HG008-T.Bioskryb_UG100_singlecell	ext/giab-aws/2024/HG008-T_bioskryb-libraries-UG100/vcf_files/037113-NIST-PL01-SC33-Z0010-CACTGCACGAATGAT.vep.PASS_filtered.vcf.gz.tbi	1917550	https://giab-aws.s3.amazonaws.com/WGS/Bioskryb/2024/HG008-T_bioskryb-libraries-UG100/vcf_files/037113-NIST-PL01-SC33-Z0010-CACTGCACGAATGAT.vep.PASS_filtered.vcf.gz.tbi	18b8d5d0375aa3f232595642da8aa767	index	
HG008-T.Bioskryb_UG100_singlecell	ext/giab-aws/2024/HG008-T_bioskryb-libraries-UG100/vcf_files/037113-NIST-PL01-SC47-Z0011-CACGCACTGCCAGAT.vep.PASS_filtered.vcf.gz	584429309	https://giab-aws.s3.amazonaws.com/WGS/Bioskryb/2024/HG008-T_bioskryb-libraries-UG100/vcf_files/037113-NIST-PL01-SC47-Z0011-CACGCACTGCCAGAT.vep.PASS_filtered.vcf.gz	-	variants	
HG008-T.Bioskryb_UG100_singlecell	ext/giab-aws/2024/HG008-T_bioskryb-libraries-UG100/vcf_files/037113-NIST-PL01-SC47-Z0011-CACGCACTGCCAGAT.vep.PASS_filtered.vcf.gz.tbi	1916009	https://giab-aws.s3.amazonaws.com/WGS/Bioskryb/2024/HG008-T_bioskryb-libraries-UG100/vcf_files/037113-NIST-PL01-SC47-Z0011-CACGCACTGCCAGAT.vep.PASS_filtered.vcf.gz.tbi	0dff3725355ba580ffd43f2b5352d70f	index	
HG008-T.Bioskryb_UG100_singlecell	ext/giab-aws/2024/HG008-T_bioskryb-libraries-UG100/vcf_files/037113-NIST-PL01-SC50-Z0016-CATCCTGTGCGCATGAT.vep.PASS_filtered.vcf.gz	535689692	https://giab-aws.s3.amazonaws.com/WGS/Bioskryb/2024/HG008-T_bioskryb-libraries-UG100/vcf_files/037113-NIST-PL01-SC50-Z0016-CATCCTGTGCGCATGAT.vep.PASS_filtered.vcf.gz	-	variants	
HG008-T.Bioskryb_UG100_singlecell	ext/giab-aws/2024/HG008-T_bioskryb-libraries-UG100/vcf_files/037113-NIST-PL01-SC50-Z0016-CATCCTGTGCGCATGAT.vep.PASS_filtered.vcf.gz.tbi	1879637	https://giab-aws.s3.amazonaws.com/WGS/Bioskryb/2024/HG008-T_bioskryb-libraries-UG100/vcf_files/037113-NIST-PL01-SC50-Z0016-CATCCTGTGCGCATGAT.vep.PASS_filtered.vcf.gz.tbi	9f48e35a24f6e3d7b821b3b23797a3f7	index	
HG008-T.Bioskryb_UG100_singlecell	ext/giab-aws/2024/HG008-T_bioskryb-libraries-UG100/vcf_files/037113-NIST-PL01-SC53-Z0012-CTGCCATAGCACGAT.vep.PASS_filtered.vcf.gz	556235167	https://giab-aws.s3.amazonaws.com/WGS/Bioskryb/2024/HG008-T_bioskryb-libraries-UG100/vcf_files/037113-NIST-PL01-SC53-Z0012-CTGCCATAGCACGAT.vep.PASS_filtered.vcf.gz	-	variants	
HG008-T.Bioskryb_UG100_singlecell	ext/giab-aws/2024/HG008-T_bioskryb-libraries-UG100/vcf_files/037113-NIST-PL01-SC53-Z0012-CTGCCATAGCACGAT.vep.PASS_filtered.vcf.gz.tbi	1868630	https://giab-aws.s3.amazonaws.com/WGS/Bioskryb/2024/HG008-T_bioskryb-libraries-UG100/vcf_files/037113-NIST-PL01-SC53-Z0012-CTGCCATAGCACGAT.vep.PASS_filtered.vcf.gz.tbi	61c005163593620c5f0890dd6fe88f89	index	
HG008-T.Bioskryb_UG100_singlecell	ext/giab-aws/2024/HG008-T_bioskryb-libraries-UG100/vcf_files/037113-NIST-PL01-SC57-Z0013-CAGTTGTGCTGTGAT.vep.PASS_filtered.vcf.gz	580554476	https://giab-aws.s3.amazonaws.com/WGS/Bioskryb/2024/HG008-T_bioskryb-libraries-UG100/vcf_files/037113-NIST-PL01-SC57-Z0013-CAGTTGTGCTGTGAT.vep.PASS_filtered.vcf.gz	-	variants	
HG008-T.Bioskryb_UG100_singlecell	ext/giab-aws/2024/HG008-T_bioskryb-libraries-UG100/vcf_files/037113-NIST-PL01-SC57-Z0013-CAGTTGTGCTGTGAT.vep.PASS_filtered.vcf.gz.tbi	1908396	https://giab-aws.s3.amazonaws.com/WGS/Bioskryb/2024/HG008-T_bioskryb-libraries-UG100/vcf_files/037113-NIST-PL01-SC57-Z0013-CAGTTGTGCTGTGAT.vep.PASS_filtered.vcf.gz.tbi	76c32f35709515311057830c3bf9bb08	index	
HG008-T.Bioskryb_UG100_singlecell	ext/giab-aws/2024/HG008-T_bioskryb-libraries-UG100/vcf_files/037113-NIST-PL01-SC59-Z0014-CATGGCGCGATCATGAT.vep.PASS_filtered.vcf.gz	579585732	https://giab-aws.s3.amazonaws.com/WGS/Bioskryb/2024/HG008-T_bioskryb-libraries-UG100/vcf_files/037113-NIST-PL01-SC59-Z0014-CATGGCGCGATCATGAT.vep.PASS_filtered.vcf.gz	-	variants	
HG008-T.Bioskryb_UG100_singlecell	ext/giab-aws/2024/HG008-T_bioskryb-libraries-UG100/vcf_files/037113-NIST-PL01-SC59-Z0014-CATGGCGCGATCATGAT.vep.PASS_filtered.vcf.gz.tbi	1912282	https://giab-aws.s3.amazonaws.com/WGS/Bioskryb/2024/HG008-T_bioskryb-libraries-UG100/vcf_files/037113-NIST-PL01-SC59-Z0014-CATGGCGCGATCATGAT.vep.PASS_filtered.vcf.gz.tbi	719cda768aaaf06fef50a6c43b74bfb2	index	
HG008-T.Bioskryb_UG100_singlecell	ext/giab-aws/2024/HG008-T_bioskryb-libraries-UG100/vcf_files/037113-NIST-PL01-SC63-Z0015-CTTAGATATCATGAT.vep.PASS_filtered.vcf.gz	529710030	https://giab-aws.s3.amazonaws.com/WGS/Bioskryb/2024/HG008-T_bioskryb-libraries-UG100/vcf_files/037113-NIST-PL01-SC63-Z0015-CTTAGATATCATGAT.vep.PASS_filtered.vcf.gz	-	variants	
HG008-T.Bioskryb_UG100_singlecell	ext/giab-aws/2024/HG008-T_bioskryb-libraries-UG100/vcf_files/037113-NIST-PL01-SC63-Z0015-CTTAGATATCATGAT.vep.PASS_filtered.vcf.gz.tbi	1825742	https://giab-aws.s3.amazonaws.com/WGS/Bioskryb/2024/HG008-T_bioskryb-libraries-UG100/vcf_files/037113-NIST-PL01-SC63-Z0015-CTTAGATATCATGAT.vep.PASS_filtered.vcf.gz.tbi	7595b52a3f944bf7bc4733a0fb4c045d	index	
HG008-T.Bioskryb_UG100_singlecell	ext/giab-aws/2024/HG008-T_bioskryb-libraries-UG100/vcf_files/037144-NIST-PL01-SC136-Z0050-CACATGGCAGCACAGAT.vep.PASS_filtered.vcf.gz	577416212	https://giab-aws.s3.amazonaws.com/WGS/Bioskryb/2024/HG008-T_bioskryb-libraries-UG100/vcf_files/037144-NIST-PL01-SC136-Z0050-CACATGGCAGCACAGAT.vep.PASS_filtered.vcf.gz	-	variants	
HG008-T.Bioskryb_UG100_singlecell	ext/giab-aws/2024/HG008-T_bioskryb-libraries-UG100/vcf_files/037144-NIST-PL01-SC136-Z0050-CACATGGCAGCACAGAT.vep.PASS_filtered.vcf.gz.tbi	1899896	https://giab-aws.s3.amazonaws.com/WGS/Bioskryb/2024/HG008-T_bioskryb-libraries-UG100/vcf_files/037144-NIST-PL01-SC136-Z0050-CACATGGCAGCACAGAT.vep.PASS_filtered.vcf.gz.tbi	13de541f323387653bd34189c2efe236	index	
HG008-T.Bioskryb_UG100_singlecell	ext/giab-aws/2024/HG008-T_bioskryb-libraries-UG100/vcf_files/037144-NIST-PL01-SC137-Z0049-CGCACTGCTCCTGAT.vep.PASS_filtered.vcf.gz	543943760	https://giab-aws.s3.amazonaws.com/WGS/Bioskryb/2024/HG008-T_bioskryb-libraries-UG100/vcf_files/037144-NIST-PL01-SC137-Z0049-CGCACTGCTCCTGAT.vep.PASS_filtered.vcf.gz	-	variants	
HG008-T.Bioskryb_UG100_singlecell	ext/giab-aws/2024/HG008-T_bioskryb-libraries-UG100/vcf_files/037144-NIST-PL01-SC137-Z0049-CGCACTGCTCCTGAT.vep.PASS_filtered.vcf.gz.tbi	1866413	https://giab-aws.s3.amazonaws.com/WGS/Bioskryb/2024/HG008-T_bioskryb-libraries-UG100/vcf_files/037144-NIST-PL01-SC137-Z0049-CGCACTGCTCCTGAT.vep.PASS_filtered.vcf.gz.tbi	2e68bcd7e15e8b5eb2390fe98f91edb5	index	
HG008-T.Bioskryb_UG100_singlecell	ext/giab-aws/2024/HG008-T_bioskryb-libraries-UG100/vcf_files/037144-NIST-PL01-SC140-Z0051-CACTTGCAGATCGAT.vep.PASS_filtered.vcf.gz	585439329	https://giab-aws.s3.amazonaws.com/WGS/Bioskryb/2024/HG008-T_bioskryb-libraries-UG100/vcf_files/037144-NIST-PL01-SC140-Z0051-CACTTGCAGATCGAT.vep.PASS_filtered.vcf.gz	-	variants	
HG008-T.Bioskryb_UG100_singlecell	ext/giab-aws/2024/HG008-T_bioskryb-libraries-UG100/vcf_files/037144-NIST-PL01-SC140-Z0051-CACTTGCAGATCGAT.vep.PASS_filtered.vcf.gz.tbi	1914691	https://giab-aws.s3.amazonaws.com/WGS/Bioskryb/2024/HG008-T_bioskryb-libraries-UG100/vcf_files/037144-NIST-PL01-SC140-Z0051-CACTTGCAGATCGAT.vep.PASS_filtered.vcf.gz.tbi	0bce17b5e3cd89941b7af706d77285f5	index	
HG008-T.Bioskryb_UG100_singlecell	ext/giab-aws/2024/HG008-T_bioskryb-libraries-UG100/vcf_files/037144-NIST-PL01-SC146-Z0056-CTTATGCTATCAGAT.vep.PASS_filtered.vcf.gz	586040221	https://giab-aws.s3.amazonaws.com/WGS/Bioskryb/2024/HG008-T_bioskryb-libraries-UG100/vcf_files/037144-NIST-PL01-SC146-Z0056-CTTATGCTATCAGAT.vep.PASS_filtered.vcf.gz	-	variants	
HG008-T.Bioskryb_UG100_singlecell	ext/giab-aws/2024/HG008-T_bioskryb-libraries-UG100/vcf_files/037144-NIST-PL01-SC146-Z0056-CTTATGCTATCAGAT.vep.PASS_filtered.vcf.gz.tbi	1896706	https://giab-aws.s3.amazonaws.com/WGS/Bioskryb/2024/HG008-T_bioskryb-libraries-UG100/vcf_files/037144-NIST-PL01-SC146-Z0056-CTTATGCTATCAGAT.vep.PASS_filtered.vcf.gz.tbi	f7bff26c73ff60acc77d955869227450	index	
HG008-T.Bioskryb_UG100_singlecell	ext/giab-aws/2024/HG008-T_bioskryb-libraries-UG100/vcf_files/037144-NIST-PL01-SC149-Z0052-CTATGCCACAGCATGAT.vep.PASS_filtered.vcf.gz	565833851	https://giab-aws.s3.amazonaws.com/WGS/Bioskryb/2024/HG008-T_bioskryb-libraries-UG100/vcf_files/037144-NIST-PL01-SC149-Z0052-CTATGCCACAGCATGAT.vep.PASS_filtered.vcf.gz	-	variants	
HG008-T.Bioskryb_UG100_singlecell	ext/giab-aws/2024/HG008-T_bioskryb-libraries-UG100/vcf_files/037144-NIST-PL01-SC149-Z0052-CTATGCCACAGCATGAT.vep.PASS_filtered.vcf.gz.tbi	1903543	https://giab-aws.s3.amazonaws.com/WGS/Bioskryb/2024/HG008-T_bioskryb-libraries-UG100/vcf_files/037144-NIST-PL01-SC149-Z0052-CTATGCCACAGCATGAT.vep.PASS_filtered.vcf.gz.tbi	e32f8eb427bac5bb0d4820d8a4ee53a9	index	
HG008-T.Bioskryb_UG100_singlecell	ext/giab-aws/2024/HG008-T_bioskryb-libraries-UG100/vcf_files/037144-NIST-PL01-SC150-Z0057-CAATGCGTGCTGCAGAT.vep.PASS_filtered.vcf.gz	575324952	https://giab-aws.s3.amazonaws.com/WGS/Bioskryb/2024/HG008-T_bioskryb-libraries-UG100/vcf_files/037144-NIST-PL01-SC150-Z0057-CAATGCGTGCTGCAGAT.vep.PASS_filtered.vcf.gz	-	variants	
HG008-T.Bioskryb_UG100_singlecell	ext/giab-aws/2024/HG008-T_bioskryb-libraries-UG100/vcf_files/037144-NIST-PL01-SC150-Z0057-CAATGCGTGCTGCAGAT.vep.PASS_filtered.vcf.gz.tbi	1886233	https://giab-aws.s3.amazonaws.com/WGS/Bioskryb/2024/HG008-T_bioskryb-libraries-UG100/vcf_files/037144-NIST-PL01-SC150-Z0057-CAATGCGTGCTGCAGAT.vep.PASS_filtered.vcf.gz.tbi	4835875804a79588b63b74988c33367f	index	
HG008-T.Bioskryb_UG100_singlecell	ext/giab-aws/2024/HG008-T_bioskryb-libraries-UG100/vcf_files/037144-NIST-PL01-SC152-Z0058-CATCTCAGTGCAATGAT.vep.PASS_filtered.vcf.gz	578199935	https://giab-aws.s3.amazonaws.com/WGS/Bioskryb/2024/HG008-T_bioskryb-libraries-UG100/vcf_files/037144-NIST-PL01-SC152-Z0058-CATCTCAGTGCAATGAT.vep.PASS_filtered.vcf.gz	-	variants	
HG008-T.Bioskryb_UG100_singlecell	ext/giab-aws/2024/HG008-T_bioskryb-libraries-UG100/vcf_files/037144-NIST-PL01-SC152-Z0058-CATCTCAGTGCAATGAT.vep.PASS_filtered.vcf.gz.tbi	1883945	https://giab-aws.s3.amazonaws.com/WGS/Bioskryb/2024/HG008-T_bioskryb-libraries-UG100/vcf_files/037144-NIST-PL01-SC152-Z0058-CATCTCAGTGCAATGAT.vep.PASS_filtered.vcf.gz.tbi	94ca3a83d63790249a9db8dfe01fdef4	index	
HG008-T.Bioskryb_UG100_singlecell	ext/giab-aws/2024/HG008-T_bioskryb-libraries-UG100/vcf_files/037144-NIST-PL01-SC153-Z0053-CAACATCAGCATGAGAT.vep.PASS_filtered.vcf.gz	575069817	https://giab-aws.s3.amazonaws.com/WGS/Bioskryb/2024/HG008-T_bioskryb-libraries-UG100/vcf_files/037144-NIST-PL01-SC153-Z0053-CAACATCAGCATGAGAT.vep.PASS_filtered.vcf.gz	-	variants	
HG008-T.Bioskryb_UG100_singlecell	ext/giab-aws/2024/HG008-T_bioskryb-libraries-UG100/vcf_files/037144-NIST-PL01-SC153-Z0053-CAACATCAGCATGAGAT.vep.PASS_filtered.vcf.gz.tbi	1875376	https://giab-aws.s3.amazonaws.com/WGS/Bioskryb/2024/HG008-T_bioskryb-libraries-UG100/vcf_files/037144-NIST-PL01-SC153-Z0053-CAACATCAGCATGAGAT.vep.PASS_filtered.vcf.gz.tbi	3b70ac87c22489413e7a59c8e126cbbe	index	
HG008-T.Bioskryb_UG100_singlecell	ext/giab-aws/2024/HG008-T_bioskryb-libraries-UG100/vcf_files/037144-NIST-PL01-SC156-Z0059-CATGTGCTTCGCATGAT.vep.PASS_filtered.vcf.gz	592287346	https://giab-aws.s3.amazonaws.com/WGS/Bioskryb/2024/HG008-T_bioskryb-libraries-UG100/vcf_files/037144-NIST-PL01-SC156-Z0059-CATGTGCTTCGCATGAT.vep.PASS_filtered.vcf.gz	-	variants	
HG008-T.Bioskryb_UG100_singlecell	ext/giab-aws/2024/HG008-T_bioskryb-libraries-UG100/vcf_files/037144-NIST-PL01-SC156-Z0059-CATGTGCTTCGCATGAT.vep.PASS_filtered.vcf.gz.tbi	1915662	https://giab-aws.s3.amazonaws.com/WGS/Bioskryb/2024/HG008-T_bioskryb-libraries-UG100/vcf_files/037144-NIST-PL01-SC156-Z0059-CATGTGCTTCGCATGAT.vep.PASS_filtered.vcf.gz.tbi	13c8dff4eacda10fde106a1502a76a96	index	
HG008-T.Bioskryb_UG100_singlecell	ext/giab-aws/2024/HG008-T_bioskryb-libraries-UG100/vcf_files/037144-NIST-PL01-SC157-Z0054-CTGCAGTGATTCATGAT.vep.PASS_filtered.vcf.gz	587806221	https://giab-aws.s3.amazonaws.com/WGS/Bioskryb/2024/HG008-T_bioskryb-libraries-UG100/vcf_files/037144-NIST-PL01-SC157-Z0054-CTGCAGTGATTCATGAT.vep.PASS_filtered.vcf.gz	-	variants	
HG008-T.Bioskryb_UG100_singlecell	ext/giab-aws/2024/HG008-T_bioskryb-libraries-UG100/vcf_files/037144-NIST-PL01-SC157-Z0054-CTGCAGTGATTCATGAT.vep.PASS_filtered.vcf.gz.tbi	1913125	https://giab-aws.s3.amazonaws.com/WGS/Bioskryb/2024/HG008-T_bioskryb-libraries-UG100/vcf_files/037144-NIST-PL01-SC157-Z0054-CTGCAGTGATTCATGAT.vep.PASS_filtered.vcf.gz.tbi	9bcb7a33a7a055745d278b7a8245fa3b	index	
HG008-T.Bioskryb_UG100_singlecell	ext/giab-aws/2024/HG008-T_bioskryb-libraries-UG100/vcf_files/037144-NIST-PL01-SC159-Z0055-CAGCACCTGCATCAGAT.vep.PASS_filtered.vcf.gz	579811500	https://giab-aws.s3.amazonaws.com/WGS/Bioskryb/2024/HG008-T_bioskryb-libraries-UG100/vcf_files/037144-NIST-PL01-SC159-Z0055-CAGCACCTGCATCAGAT.vep.PASS_filtered.vcf.gz	-	variants	
HG008-T.Bioskryb_UG100_singlecell	ext/giab-aws/2024/HG008-T_bioskryb-libraries-UG100/vcf_files/037144-NIST-PL01-SC159-Z0055-CAGCACCTGCATCAGAT.vep.PASS_filtered.vcf.gz.tbi	1906157	https://giab-aws.s3.amazonaws.com/WGS/Bioskryb/2024/HG008-T_bioskryb-libraries-UG100/vcf_files/037144-NIST-PL01-SC159-Z0055-CAGCACCTGCATCAGAT.vep.PASS_filtered.vcf.gz.tbi	c0825a515fde8afd67de5059cb423af0	index	
HG008-T.Bioskryb_UG100_singlecell	ext/giab-aws/2024/HG008-T_bioskryb-libraries-UG100/vcf_files/037144-NIST-PL01-SC161-Z0060-CATGAGTGCAGCCAGAT.vep.PASS_filtered.vcf.gz	549324710	https://giab-aws.s3.amazonaws.com/WGS/Bioskryb/2024/HG008-T_bioskryb-libraries-UG100/vcf_files/037144-NIST-PL01-SC161-Z0060-CATGAGTGCAGCCAGAT.vep.PASS_filtered.vcf.gz	-	variants	
HG008-T.Bioskryb_UG100_singlecell	ext/giab-aws/2024/HG008-T_bioskryb-libraries-UG100/vcf_files/037144-NIST-PL01-SC161-Z0060-CATGAGTGCAGCCAGAT.vep.PASS_filtered.vcf.gz.tbi	1849107	https://giab-aws.s3.amazonaws.com/WGS/Bioskryb/2024/HG008-T_bioskryb-libraries-UG100/vcf_files/037144-NIST-PL01-SC161-Z0060-CATGAGTGCAGCCAGAT.vep.PASS_filtered.vcf.gz.tbi	860d8023e9a121d7517828b1e92f706f	index	
HG008-T.Bioskryb_UG100_singlecell	ext/giab-aws/2024/HG008-T_bioskryb-libraries-UG100/vcf_files/037144-NIST-PL01-SC164-Z0063-CACACTTGATGCGAT.vep.PASS_filtered.vcf.gz	535397453	https://giab-aws.s3.amazonaws.com/WGS/Bioskryb/2024/HG008-T_bioskryb-libraries-UG100/vcf_files/037144-NIST-PL01-SC164-Z0063-CACACTTGATGCGAT.vep.PASS_filtered.vcf.gz	-	variants	
HG008-T.Bioskryb_UG100_singlecell	ext/giab-aws/2024/HG008-T_bioskryb-libraries-UG100/vcf_files/037144-NIST-PL01-SC164-Z0063-CACACTTGATGCGAT.vep.PASS_filtered.vcf.gz.tbi	1839933	https://giab-aws.s3.amazonaws.com/WGS/Bioskryb/2024/HG008-T_bioskryb-libraries-UG100/vcf_files/037144-NIST-PL01-SC164-Z0063-CACACTTGATGCGAT.vep.PASS_filtered.vcf.gz.tbi	556abee0f1646554b814b1d6b014c008	index	
HG008-T.Bioskryb_UG100_singlecell	ext/giab-aws/2024/HG008-T_bioskryb-libraries-UG100/vcf_files/037144-NIST-PL01-SC165-Z0061-CTCAAGCATGTGCTGAT.vep.PASS_filtered.vcf.gz	594099535	https://giab-aws.s3.amazonaws.com/WGS/Bioskryb/2024/HG008-T_bioskryb-libraries-UG100/vcf_files/037144-NIST-PL01-SC165-Z0061-CTCAAGCATGTGCTGAT.vep.PASS_filtered.vcf.gz	-	variants	
HG008-T.Bioskryb_UG100_singlecell	ext/giab-aws/2024/HG008-T_bioskryb-libraries-UG100/vcf_files/037144-NIST-PL01-SC165-Z0061-CTCAAGCATGTGCTGAT.vep.PASS_filtered.vcf.gz.tbi	1917032	https://giab-aws.s3.amazonaws.com/WGS/Bioskryb/2024/HG008-T_bioskryb-libraries-UG100/vcf_files/037144-NIST-PL01-SC165-Z0061-CTCAAGCATGTGCTGAT.vep.PASS_filtered.vcf.gz.tbi	fdab1bae41d947cad3e9a107acac83ff	index	
HG008-T.Bioskryb_UG100_singlecell	ext/giab-aws/2024/HG008-T_bioskryb-libraries-UG100/vcf_files/037144-NIST-PL01-SC167-Z0062-CACAGTCAATGTGAT.vep.PASS_filtered.vcf.gz	563394855	https://giab-aws.s3.amazonaws.com/WGS/Bioskryb/2024/HG008-T_bioskryb-libraries-UG100/vcf_files/037144-NIST-PL01-SC167-Z0062-CACAGTCAATGTGAT.vep.PASS_filtered.vcf.gz	-	variants	
HG008-T.Bioskryb_UG100_singlecell	ext/giab-aws/2024/HG008-T_bioskryb-libraries-UG100/vcf_files/037144-NIST-PL01-SC167-Z0062-CACAGTCAATGTGAT.vep.PASS_filtered.vcf.gz.tbi	1895473	https://giab-aws.s3.amazonaws.com/WGS/Bioskryb/2024/HG008-T_bioskryb-libraries-UG100/vcf_files/037144-NIST-PL01-SC167-Z0062-CACAGTCAATGTGAT.vep.PASS_filtered.vcf.gz.tbi	6e52c57839ad9585b79f84dd28906d3a	index	
HG008-T.Bioskryb_UG100_singlecell	ext/giab-aws/2024/HG008-T_bioskryb-libraries-UG100/vcf_files/037144-NIST-PL01-SC170-Z0064-CATAGAGCCTCAGAT.vep.PASS_filtered.vcf.gz	582156302	https://giab-aws.s3.amazonaws.com/WGS/Bioskryb/2024/HG008-T_bioskryb-libraries-UG100/vcf_files/037144-NIST-PL01-SC170-Z0064-CATAGAGCCTCAGAT.vep.PASS_filtered.vcf.gz	-	variants	
HG008-T.Bioskryb_UG100_singlecell	ext/giab-aws/2024/HG008-T_bioskryb-libraries-UG100/vcf_files/037144-NIST-PL01-SC170-Z0064-CATAGAGCCTCAGAT.vep.PASS_filtered.vcf.gz.tbi	1911777	https://giab-aws.s3.amazonaws.com/WGS/Bioskryb/2024/HG008-T_bioskryb-libraries-UG100/vcf_files/037144-NIST-PL01-SC170-Z0064-CATAGAGCCTCAGAT.vep.PASS_filtered.vcf.gz.tbi	72f129cedd9dc2da0627aecf715363ac	index	
HG008-T.Bioskryb_UG100_singlecell	ext/giab-aws/2024/HG008-T_bioskryb-libraries-UG100/vcf_files/037886-NIST-PL01-SC322-Z0113-CAGTTCATCTGTGAT.vep.PASS_filtered.vcf.gz	595880412	https://giab-aws.s3.amazonaws.com/WGS/Bioskryb/2024/HG008-T_bioskryb-libraries-UG100/vcf_files/037886-NIST-PL01-SC322-Z0113-CAGTTCATCTGTGAT.vep.PASS_filtered.vcf.gz	-	variants	
HG008-T.Bioskryb_UG100_singlecell	ext/giab-aws/2024/HG008-T_bioskryb-libraries-UG100/vcf_files/037886-NIST-PL01-SC322-Z0113-CAGTTCATCTGTGAT.vep.PASS_filtered.vcf.gz.tbi	1915325	https://giab-aws.s3.amazonaws.com/WGS/Bioskryb/2024/HG008-T_bioskryb-libraries-UG100/vcf_files/037886-NIST-PL01-SC322-Z0113-CAGTTCATCTGTGAT.vep.PASS_filtered.vcf.gz.tbi	576007a3db00977a7aa5f0ea0b6a9e96	index	
HG008-T.Bioskryb_UG100_singlecell	ext/giab-aws/2024/HG008-T_bioskryb-libraries-UG100/vcf_files/037886-NIST-PL01-SC336-Z0114-CAACATACATCAGAT.vep.PASS_filtered.vcf.gz	618632825	https://giab-aws.s3.amazonaws.com/WGS/Bioskryb/2024/HG008-T_bioskryb-libraries-UG100/vcf_files/037886-NIST-PL01-SC336-Z0114-CAACATACATCAGAT.vep.PASS_filtered.vcf.gz	-	variants	
HG008-T.Bioskryb_UG100_singlecell	ext/giab-aws/2024/HG008-T_bioskryb-libraries-UG100/vcf_files/037886-NIST-PL01-SC336-Z0114-CAACATACATCAGAT.vep.PASS_filtered.vcf.gz.tbi	1929344	https://giab-aws.s3.amazonaws.com/WGS/Bioskryb/2024/HG008-T_bioskryb-libraries-UG100/vcf_files/037886-NIST-PL01-SC336-Z0114-CAACATACATCAGAT.vep.PASS_filtered.vcf.gz.tbi	84e251f92efa5449729744321ed9ddad	index	
HG008-T.Bioskryb_UG100_singlecell	ext/giab-aws/2024/HG008-T_bioskryb-libraries-UG100/vcf_files/037886-NIST-PL01-SC341-Z0115-CGGCTAGATGCAGAT.vep.PASS_filtered.vcf.gz	617031539	https://giab-aws.s3.amazonaws.com/WGS/Bioskryb/2024/HG008-T_bioskryb-libraries-UG100/vcf_files/037886-NIST-PL01-SC341-Z0115-CGGCTAGATGCAGAT.vep.PASS_filtered.vcf.gz	-	variants	
HG008-T.Bioskryb_UG100_singlecell	ext/giab-aws/2024/HG008-T_bioskryb-libraries-UG100/vcf_files/037886-NIST-PL01-SC341-Z0115-CGGCTAGATGCAGAT.vep.PASS_filtered.vcf.gz.tbi	1930207	https://giab-aws.s3.amazonaws.com/WGS/Bioskryb/2024/HG008-T_bioskryb-libraries-UG100/vcf_files/037886-NIST-PL01-SC341-Z0115-CGGCTAGATGCAGAT.vep.PASS_filtered.vcf.gz.tbi	f74547b113a6e298f01143ab88aab229	index	
HG008-T.Bioskryb_UG100_singlecell	ext/giab-aws/2024/HG008-T_bioskryb-libraries-UG100/vcf_files/037886-NIST-PL01-SC344-Z0117-CTGCCGAGCAGCATGAT.vep.PASS_filtered.vcf.gz	629805846	https://giab-aws.s3.amazonaws.com/WGS/Bioskryb/2024/HG008-T_bioskryb-libraries-UG100/vcf_files/037886-NIST-PL01-SC344-Z0117-CTGCCGAGCAGCATGAT.vep.PASS_filtered.vcf.gz	-	variants	
HG008-T.Bioskryb_UG100_singlecell	ext/giab-aws/2024/HG008-T_bioskryb-libraries-UG100/vcf_files/037886-NIST-PL01-SC344-Z0117-CTGCCGAGCAGCATGAT.vep.PASS_filtered.vcf.gz.tbi	1933816	https://giab-aws.s3.amazonaws.com/WGS/Bioskryb/2024/HG008-T_bioskryb-libraries-UG100/vcf_files/037886-NIST-PL01-SC344-Z0117-CTGCCGAGCAGCATGAT.vep.PASS_filtered.vcf.gz.tbi	c0ea2a0e41ce1d9f0d7ab27916843291	index	
HG008-T.Bioskryb_UG100_singlecell	ext/giab-aws/2024/HG008-T_bioskryb-libraries-UG100/vcf_files/037886-NIST-PL01-SC345-Z0116-CAGTTATGTGCTGAT.vep.PASS_filtered.vcf.gz	617163256	https://giab-aws.s3.amazonaws.com/WGS/Bioskryb/2024/HG008-T_bioskryb-libraries-UG100/vcf_files/037886-NIST-PL01-SC345-Z0116-CAGTTATGTGCTGAT.vep.PASS_filtered.vcf.gz	-	variants	
HG008-T.Bioskryb_UG100_singlecell	ext/giab-aws/2024/HG008-T_bioskryb-libraries-UG100/vcf_files/037886-NIST-PL01-SC345-Z0116-CAGTTATGTGCTGAT.vep.PASS_filtered.vcf.gz.tbi	1928965	https://giab-aws.s3.amazonaws.com/WGS/Bioskryb/2024/HG008-T_bioskryb-libraries-UG100/vcf_files/037886-NIST-PL01-SC345-Z0116-CAGTTATGTGCTGAT.vep.PASS_filtered.vcf.gz.tbi	b00d7312d669b2b8bb5fdd00ec81e61b	index	
HG008-T.Bioskryb_UG100_singlecell	ext/giab-aws/2024/HG008-T_bioskryb-libraries-UG100/vcf_files/037886-NIST-PL01-SC361-Z0118-CTGCCTCAGATCATGAT.vep.PASS_filtered.vcf.gz	585416973	https://giab-aws.s3.amazonaws.com/WGS/Bioskryb/2024/HG008-T_bioskryb-libraries-UG100/vcf_files/037886-NIST-PL01-SC361-Z0118-CTGCCTCAGATCATGAT.vep.PASS_filtered.vcf.gz	-	variants	
HG008-T.Bioskryb_UG100_singlecell	ext/giab-aws/2024/HG008-T_bioskryb-libraries-UG100/vcf_files/037886-NIST-PL01-SC361-Z0118-CTGCCTCAGATCATGAT.vep.PASS_filtered.vcf.gz.tbi	1912369	https://giab-aws.s3.amazonaws.com/WGS/Bioskryb/2024/HG008-T_bioskryb-libraries-UG100/vcf_files/037886-NIST-PL01-SC361-Z0118-CTGCCTCAGATCATGAT.vep.PASS_filtered.vcf.gz.tbi	1e183da1a8fe397d958d590dda83f64a	index	
HG008-T.Bioskryb_UG100_singlecell	ext/giab-aws/2024/HG008-T_bioskryb-libraries-UG100/vcf_files/037886-NIST-PL01-SC362-Z0119-CTGATCAGTGGCGAT.vep.PASS_filtered.vcf.gz	630480950	https://giab-aws.s3.amazonaws.com/WGS/Bioskryb/2024/HG008-T_bioskryb-libraries-UG100/vcf_files/037886-NIST-PL01-SC362-Z0119-CTGATCAGTGGCGAT.vep.PASS_filtered.vcf.gz	-	variants	
HG008-T.Bioskryb_UG100_singlecell	ext/giab-aws/2024/HG008-T_bioskryb-libraries-UG100/vcf_files/037886-NIST-PL01-SC362-Z0119-CTGATCAGTGGCGAT.vep.PASS_filtered.vcf.gz.tbi	1934314	https://giab-aws.s3.amazonaws.com/WGS/Bioskryb/2024/HG008-T_bioskryb-libraries-UG100/vcf_files/037886-NIST-PL01-SC362-Z0119-CTGATCAGTGGCGAT.vep.PASS_filtered.vcf.gz.tbi	5ff9b42aebc8ba1168b80c8a31c4a375	index	
HG008-T.Bioskryb_UG100_singlecell	ext/giab-aws/2024/HG008-T_bioskryb-libraries-UG100/vcf_files/037886-NIST-PL01-SC368-Z0120-CTGCTGCGGAGCATGAT.vep.PASS_filtered.vcf.gz	607548749	https://giab-aws.s3.amazonaws.com/WGS/Bioskryb/2024/HG008-T_bioskryb-libraries-UG100/vcf_files/037886-NIST-PL01-SC368-Z0120-CTGCTGCGGAGCATGAT.vep.PASS_filtered.vcf.gz	-	variants	
HG008-T.Bioskryb_UG100_singlecell	ext/giab-aws/2024/HG008-T_bioskryb-libraries-UG100/vcf_files/037886-NIST-PL01-SC368-Z0120-CTGCTGCGGAGCATGAT.vep.PASS_filtered.vcf.gz.tbi	1928185	https://giab-aws.s3.amazonaws.com/WGS/Bioskryb/2024/HG008-T_bioskryb-libraries-UG100/vcf_files/037886-NIST-PL01-SC368-Z0120-CTGCTGCGGAGCATGAT.vep.PASS_filtered.vcf.gz.tbi	2bdd9d151c0d1ec44c4fcc380da7390a	index	
HG008-T.Bioskryb_UG100_singlecell	ext/giab-aws/2024/HG008-T_bioskryb-libraries-UG100/vcf_files/037976-NIST-PL01-SC181-Z0065-CTTGTGTCATGAGAT.vep.PASS_filtered.vcf.gz	618646486	https://giab-aws.s3.amazonaws.com/WGS/Bioskryb/2024/HG008-T_bioskryb-libraries-UG100/vcf_files/037976-NIST-PL01-SC181-Z0065-CTTGTGTCATGAGAT.vep.PASS_filtered.vcf.gz	-	variants	
HG008-T.Bioskryb_UG100_singlecell	ext/giab-aws/2024/HG008-T_bioskryb-libraries-UG100/vcf_files/037976-NIST-PL01-SC181-Z0065-CTTGTGTCATGAGAT.vep.PASS_filtered.vcf.gz.tbi	1931599	https://giab-aws.s3.amazonaws.com/WGS/Bioskryb/2024/HG008-T_bioskryb-libraries-UG100/vcf_files/037976-NIST-PL01-SC181-Z0065-CTTGTGTCATGAGAT.vep.PASS_filtered.vcf.gz.tbi	44e2a0f37b905eba33c5bc6c84e2e5a2	index	
HG008-T.Bioskryb_UG100_singlecell	ext/giab-aws/2024/HG008-T_bioskryb-libraries-UG100/vcf_files/037976-NIST-PL01-SC182-Z0069-CATCACTGCAACGAT.vep.PASS_filtered.vcf.gz	581027190	https://giab-aws.s3.amazonaws.com/WGS/Bioskryb/2024/HG008-T_bioskryb-libraries-UG100/vcf_files/037976-NIST-PL01-SC182-Z0069-CATCACTGCAACGAT.vep.PASS_filtered.vcf.gz	-	variants	
HG008-T.Bioskryb_UG100_singlecell	ext/giab-aws/2024/HG008-T_bioskryb-libraries-UG100/vcf_files/037976-NIST-PL01-SC182-Z0069-CATCACTGCAACGAT.vep.PASS_filtered.vcf.gz.tbi	1895132	https://giab-aws.s3.amazonaws.com/WGS/Bioskryb/2024/HG008-T_bioskryb-libraries-UG100/vcf_files/037976-NIST-PL01-SC182-Z0069-CATCACTGCAACGAT.vep.PASS_filtered.vcf.gz.tbi	c7914b60c50341539802e01bbfce5d9c	index	
HG008-T.Bioskryb_UG100_singlecell	ext/giab-aws/2024/HG008-T_bioskryb-libraries-UG100/vcf_files/037976-NIST-PL01-SC183-Z0066-CAATGCACTCGAGAT.vep.PASS_filtered.vcf.gz	592587739	https://giab-aws.s3.amazonaws.com/WGS/Bioskryb/2024/HG008-T_bioskryb-libraries-UG100/vcf_files/037976-NIST-PL01-SC183-Z0066-CAATGCACTCGAGAT.vep.PASS_filtered.vcf.gz	-	variants	
HG008-T.Bioskryb_UG100_singlecell	ext/giab-aws/2024/HG008-T_bioskryb-libraries-UG100/vcf_files/037976-NIST-PL01-SC183-Z0066-CAATGCACTCGAGAT.vep.PASS_filtered.vcf.gz.tbi	1912896	https://giab-aws.s3.amazonaws.com/WGS/Bioskryb/2024/HG008-T_bioskryb-libraries-UG100/vcf_files/037976-NIST-PL01-SC183-Z0066-CAATGCACTCGAGAT.vep.PASS_filtered.vcf.gz.tbi	858c2bb147ab1df8b61d5e2c986a3c87	index	
HG008-T.Bioskryb_UG100_singlecell	ext/giab-aws/2024/HG008-T_bioskryb-libraries-UG100/vcf_files/037976-NIST-PL01-SC187-Z0067-CTTATGAGCGCTGAT.vep.PASS_filtered.vcf.gz	626827948	https://giab-aws.s3.amazonaws.com/WGS/Bioskryb/2024/HG008-T_bioskryb-libraries-UG100/vcf_files/037976-NIST-PL01-SC187-Z0067-CTTATGAGCGCTGAT.vep.PASS_filtered.vcf.gz	-	variants	
HG008-T.Bioskryb_UG100_singlecell	ext/giab-aws/2024/HG008-T_bioskryb-libraries-UG100/vcf_files/037976-NIST-PL01-SC187-Z0067-CTTATGAGCGCTGAT.vep.PASS_filtered.vcf.gz.tbi	1933783	https://giab-aws.s3.amazonaws.com/WGS/Bioskryb/2024/HG008-T_bioskryb-libraries-UG100/vcf_files/037976-NIST-PL01-SC187-Z0067-CTTATGAGCGCTGAT.vep.PASS_filtered.vcf.gz.tbi	e9ec4a13b7fb8b1fb69a178a40183a04	index	
HG008-T.Bioskryb_UG100_singlecell	ext/giab-aws/2024/HG008-T_bioskryb-libraries-UG100/vcf_files/037976-NIST-PL01-SC191-Z0068-CGTCATTGCACAGAT.vep.PASS_filtered.vcf.gz	594855675	https://giab-aws.s3.amazonaws.com/WGS/Bioskryb/2024/HG008-T_bioskryb-libraries-UG100/vcf_files/037976-NIST-PL01-SC191-Z0068-CGTCATTGCACAGAT.vep.PASS_filtered.vcf.gz	-	variants	
HG008-T.Bioskryb_UG100_singlecell	ext/giab-aws/2024/HG008-T_bioskryb-libraries-UG100/vcf_files/037976-NIST-PL01-SC191-Z0068-CGTCATTGCACAGAT.vep.PASS_filtered.vcf.gz.tbi	1919997	https://giab-aws.s3.amazonaws.com/WGS/Bioskryb/2024/HG008-T_bioskryb-libraries-UG100/vcf_files/037976-NIST-PL01-SC191-Z0068-CGTCATTGCACAGAT.vep.PASS_filtered.vcf.gz.tbi	abd534366d12d2671fc2d8ee1b5cb35b	index	
HG008-T.Bioskryb_UG100_singlecell	ext/giab-aws/2024/HG008-T_bioskryb-libraries-UG100/vcf_files/037976-NIST-PL01-SC194-Z0071-CGTGCGCAAGCAGAT.vep.PASS_filtered.vcf.gz	599425236	https://giab-aws.s3.amazonaws.com/WGS/Bioskryb/2024/HG008-T_bioskryb-libraries-UG100/vcf_files/037976-NIST-PL01-SC194-Z0071-CGTGCGCAAGCAGAT.vep.PASS_filtered.vcf.gz	-	variants	
HG008-T.Bioskryb_UG100_singlecell	ext/giab-aws/2024/HG008-T_bioskryb-libraries-UG100/vcf_files/037976-NIST-PL01-SC194-Z0071-CGTGCGCAAGCAGAT.vep.PASS_filtered.vcf.gz.tbi	1919863	https://giab-aws.s3.amazonaws.com/WGS/Bioskryb/2024/HG008-T_bioskryb-libraries-UG100/vcf_files/037976-NIST-PL01-SC194-Z0071-CGTGCGCAAGCAGAT.vep.PASS_filtered.vcf.gz.tbi	891b0b5b0ca81c575eaa3ef96ccec31a	index	
HG008-T.Bioskryb_UG100_singlecell	ext/giab-aws/2024/HG008-T_bioskryb-libraries-UG100/vcf_files/037976-NIST-PL01-SC196-Z0072-CTATCTCATAATGAT.vep.PASS_filtered.vcf.gz	566808962	https://giab-aws.s3.amazonaws.com/WGS/Bioskryb/2024/HG008-T_bioskryb-libraries-UG100/vcf_files/037976-NIST-PL01-SC196-Z0072-CTATCTCATAATGAT.vep.PASS_filtered.vcf.gz	-	variants	
HG008-T.Bioskryb_UG100_singlecell	ext/giab-aws/2024/HG008-T_bioskryb-libraries-UG100/vcf_files/037976-NIST-PL01-SC196-Z0072-CTATCTCATAATGAT.vep.PASS_filtered.vcf.gz.tbi	1884910	https://giab-aws.s3.amazonaws.com/WGS/Bioskryb/2024/HG008-T_bioskryb-libraries-UG100/vcf_files/037976-NIST-PL01-SC196-Z0072-CTATCTCATAATGAT.vep.PASS_filtered.vcf.gz.tbi	dc71b8e250cdff47c9d35de814551f1e	index	
HG008-T.Bioskryb_UG100_singlecell	ext/giab-aws/2024/HG008-T_bioskryb-libraries-UG100/vcf_files/037976-NIST-PL01-SC200-Z0073-CATGGCTATGCACTGAT.vep.PASS_filtered.vcf.gz	583831333	https://giab-aws.s3.amazonaws.com/WGS/Bioskryb/2024/HG008-T_bioskryb-libraries-UG100/vcf_files/037976-NIST-PL01-SC200-Z0073-CATGGCTATGCACTGAT.vep.PASS_filtered.vcf.gz	-	variants	
HG008-T.Bioskryb_UG100_singlecell	ext/giab-aws/2024/HG008-T_bioskryb-libraries-UG100/vcf_files/037976-NIST-PL01-SC200-Z0073-CATGGCTATGCACTGAT.vep.PASS_filtered.vcf.gz.tbi	1890437	https://giab-aws.s3.amazonaws.com/WGS/Bioskryb/2024/HG008-T_bioskryb-libraries-UG100/vcf_files/037976-NIST-PL01-SC200-Z0073-CATGGCTATGCACTGAT.vep.PASS_filtered.vcf.gz.tbi	726e31d9fc02d15e9432565a431cd4b7	index	
HG008-T.Bioskryb_UG100_singlecell	ext/giab-aws/2024/HG008-T_bioskryb-libraries-UG100/vcf_files/037976-NIST-PL01-SC207-Z0070-CTTGCATGCGATGCGAT.vep.PASS_filtered.vcf.gz	598800364	https://giab-aws.s3.amazonaws.com/WGS/Bioskryb/2024/HG008-T_bioskryb-libraries-UG100/vcf_files/037976-NIST-PL01-SC207-Z0070-CTTGCATGCGATGCGAT.vep.PASS_filtered.vcf.gz	-	variants	
HG008-T.Bioskryb_UG100_singlecell	ext/giab-aws/2024/HG008-T_bioskryb-libraries-UG100/vcf_files/037976-NIST-PL01-SC207-Z0070-CTTGCATGCGATGCGAT.vep.PASS_filtered.vcf.gz.tbi	1921959	https://giab-aws.s3.amazonaws.com/WGS/Bioskryb/2024/HG008-T_bioskryb-libraries-UG100/vcf_files/037976-NIST-PL01-SC207-Z0070-CTTGCATGCGATGCGAT.vep.PASS_filtered.vcf.gz.tbi	230b3948d9774054c5d77d8a80afafcc	index	
HG008-T.Bioskryb_UG100_singlecell	ext/giab-aws/2024/HG008-T_bioskryb-libraries-UG100/vcf_files/037976-NIST-PL01-SC211-Z0074-CTATGAATGAGCGAT.vep.PASS_filtered.vcf.gz	613708345	https://giab-aws.s3.amazonaws.com/WGS/Bioskryb/2024/HG008-T_bioskryb-libraries-UG100/vcf_files/037976-NIST-PL01-SC211-Z0074-CTATGAATGAGCGAT.vep.PASS_filtered.vcf.gz	-	variants	
HG008-T.Bioskryb_UG100_singlecell	ext/giab-aws/2024/HG008-T_bioskryb-libraries-UG100/vcf_files/037976-NIST-PL01-SC211-Z0074-CTATGAATGAGCGAT.vep.PASS_filtered.vcf.gz.tbi	1930081	https://giab-aws.s3.amazonaws.com/WGS/Bioskryb/2024/HG008-T_bioskryb-libraries-UG100/vcf_files/037976-NIST-PL01-SC211-Z0074-CTATGAATGAGCGAT.vep.PASS_filtered.vcf.gz.tbi	77401045d5f03f633569f1be81cd4232	index	
HG008-T.Bioskryb_UG100_singlecell	ext/giab-aws/2024/HG008-T_bioskryb-libraries-UG100/vcf_files/037976-NIST-PL01-SC217-Z0075-CTATGCACCATCGAT.vep.PASS_filtered.vcf.gz	540807106	https://giab-aws.s3.amazonaws.com/WGS/Bioskryb/2024/HG008-T_bioskryb-libraries-UG100/vcf_files/037976-NIST-PL01-SC217-Z0075-CTATGCACCATCGAT.vep.PASS_filtered.vcf.gz	-	variants	
HG008-T.Bioskryb_UG100_singlecell	ext/giab-aws/2024/HG008-T_bioskryb-libraries-UG100/vcf_files/037976-NIST-PL01-SC217-Z0075-CTATGCACCATCGAT.vep.PASS_filtered.vcf.gz.tbi	1755666	https://giab-aws.s3.amazonaws.com/WGS/Bioskryb/2024/HG008-T_bioskryb-libraries-UG100/vcf_files/037976-NIST-PL01-SC217-Z0075-CTATGCACCATCGAT.vep.PASS_filtered.vcf.gz.tbi	92b4405d5dbba04b990527407c11888e	index	
HG008-T.Bioskryb_UG100_singlecell	ext/giab-aws/2024/HG008-T_bioskryb-libraries-UG100/vcf_files/037976-NIST-PL01-SC219-Z0076-CACAATGTGCGCGAT.vep.PASS_filtered.vcf.gz	586231038	https://giab-aws.s3.amazonaws.com/WGS/Bioskryb/2024/HG008-T_bioskryb-libraries-UG100/vcf_files/037976-NIST-PL01-SC219-Z0076-CACAATGTGCGCGAT.vep.PASS_filtered.vcf.gz	-	variants	
HG008-T.Bioskryb_UG100_singlecell	ext/giab-aws/2024/HG008-T_bioskryb-libraries-UG100/vcf_files/037976-NIST-PL01-SC219-Z0076-CACAATGTGCGCGAT.vep.PASS_filtered.vcf.gz.tbi	1911632	https://giab-aws.s3.amazonaws.com/WGS/Bioskryb/2024/HG008-T_bioskryb-libraries-UG100/vcf_files/037976-NIST-PL01-SC219-Z0076-CACAATGTGCGCGAT.vep.PASS_filtered.vcf.gz.tbi	854762bd15af9c3e46d4678a29033c78	index	
HG008-T.Bioskryb_UG100_singlecell	ext/giab-aws/2024/HG008-T_bioskryb-libraries-UG100/vcf_files/037976-NIST-PL01-SC223-Z0077-CAATGACTATCTGAT.vep.PASS_filtered.vcf.gz	576153855	https://giab-aws.s3.amazonaws.com/WGS/Bioskryb/2024/HG008-T_bioskryb-libraries-UG100/vcf_files/037976-NIST-PL01-SC223-Z0077-CAATGACTATCTGAT.vep.PASS_filtered.vcf.gz	-	variants	
HG008-T.Bioskryb_UG100_singlecell	ext/giab-aws/2024/HG008-T_bioskryb-libraries-UG100/vcf_files/037976-NIST-PL01-SC223-Z0077-CAATGACTATCTGAT.vep.PASS_filtered.vcf.gz.tbi	1888893	https://giab-aws.s3.amazonaws.com/WGS/Bioskryb/2024/HG008-T_bioskryb-libraries-UG100/vcf_files/037976-NIST-PL01-SC223-Z0077-CAATGACTATCTGAT.vep.PASS_filtered.vcf.gz.tbi	c66f593d073eb576982ecfdc8d7e2545	index	
HG008-T.Bioskryb_UG100_singlecell	ext/giab-aws/2024/HG008-T_bioskryb-libraries-UG100/vcf_files/037976-NIST-PL01-SC229-Z0078-CAGCCGCTGCTCGAT.vep.PASS_filtered.vcf.gz	587208899	https://giab-aws.s3.amazonaws.com/WGS/Bioskryb/2024/HG008-T_bioskryb-libraries-UG100/vcf_files/037976-NIST-PL01-SC229-Z0078-CAGCCGCTGCTCGAT.vep.PASS_filtered.vcf.gz	-	variants	
HG008-T.Bioskryb_UG100_singlecell	ext/giab-aws/2024/HG008-T_bioskryb-libraries-UG100/vcf_files/037976-NIST-PL01-SC229-Z0078-CAGCCGCTGCTCGAT.vep.PASS_filtered.vcf.gz.tbi	1912995	https://giab-aws.s3.amazonaws.com/WGS/Bioskryb/2024/HG008-T_bioskryb-libraries-UG100/vcf_files/037976-NIST-PL01-SC229-Z0078-CAGCCGCTGCTCGAT.vep.PASS_filtered.vcf.gz.tbi	277009f0aef8a7b6ece4cfd6ffa1e714	index	
HG008-T.Bioskryb_UG100_singlecell	ext/giab-aws/2024/HG008-T_bioskryb-libraries-UG100/vcf_files/037976-NIST-PL01-SC240-Z0079-CGCGCGCAGAATGAT.vep.PASS_filtered.vcf.gz	575753592	https://giab-aws.s3.amazonaws.com/WGS/Bioskryb/2024/HG008-T_bioskryb-libraries-UG100/vcf_files/037976-NIST-PL01-SC240-Z0079-CGCGCGCAGAATGAT.vep.PASS_filtered.vcf.gz	-	variants	
HG008-T.Bioskryb_UG100_singlecell	ext/giab-aws/2024/HG008-T_bioskryb-libraries-UG100/vcf_files/037976-NIST-PL01-SC240-Z0079-CGCGCGCAGAATGAT.vep.PASS_filtered.vcf.gz.tbi	1908770	https://giab-aws.s3.amazonaws.com/WGS/Bioskryb/2024/HG008-T_bioskryb-libraries-UG100/vcf_files/037976-NIST-PL01-SC240-Z0079-CGCGCGCAGAATGAT.vep.PASS_filtered.vcf.gz.tbi	1e4db3c4297f5a5f3f5ce995ef8260d3	index	
HG008-T.Bioskryb_UG100_singlecell	ext/giab-aws/2024/HG008-T_bioskryb-libraries-UG100/vcf_files/037976-NIST-PL01-SC243-Z0080-CAGCCTCAGCGTGAT.vep.PASS_filtered.vcf.gz	583025585	https://giab-aws.s3.amazonaws.com/WGS/Bioskryb/2024/HG008-T_bioskryb-libraries-UG100/vcf_files/037976-NIST-PL01-SC243-Z0080-CAGCCTCAGCGTGAT.vep.PASS_filtered.vcf.gz	-	variants	
HG008-T.Bioskryb_UG100_singlecell	ext/giab-aws/2024/HG008-T_bioskryb-libraries-UG100/vcf_files/037976-NIST-PL01-SC243-Z0080-CAGCCTCAGCGTGAT.vep.PASS_filtered.vcf.gz.tbi	1911340	https://giab-aws.s3.amazonaws.com/WGS/Bioskryb/2024/HG008-T_bioskryb-libraries-UG100/vcf_files/037976-NIST-PL01-SC243-Z0080-CAGCCTCAGCGTGAT.vep.PASS_filtered.vcf.gz.tbi	e9a133ba271fd8af2fef498b4df57023	index	
HG008-T.Bioskryb_UG100_singlecell	ext/giab-aws/2024/HG008-T_bioskryb-libraries-UG100/vcf_files/037978-NIST-PL01-SC293-Z0097-CAGTCAGTTGCAGAT.vep.PASS_filtered.vcf.gz	585603749	https://giab-aws.s3.amazonaws.com/WGS/Bioskryb/2024/HG008-T_bioskryb-libraries-UG100/vcf_files/037978-NIST-PL01-SC293-Z0097-CAGTCAGTTGCAGAT.vep.PASS_filtered.vcf.gz	-	variants	
HG008-T.Bioskryb_UG100_singlecell	ext/giab-aws/2024/HG008-T_bioskryb-libraries-UG100/vcf_files/037978-NIST-PL01-SC293-Z0097-CAGTCAGTTGCAGAT.vep.PASS_filtered.vcf.gz.tbi	1911554	https://giab-aws.s3.amazonaws.com/WGS/Bioskryb/2024/HG008-T_bioskryb-libraries-UG100/vcf_files/037978-NIST-PL01-SC293-Z0097-CAGTCAGTTGCAGAT.vep.PASS_filtered.vcf.gz.tbi	f61ed0d1869558ab7a8ac705f25c8672	index	
HG008-T.Bioskryb_UG100_singlecell	ext/giab-aws/2024/HG008-T_bioskryb-libraries-UG100/vcf_files/037978-NIST-PL01-SC296-Z0099-CTCATCTGCGCAATGAT.vep.PASS_filtered.vcf.gz	592261770	https://giab-aws.s3.amazonaws.com/WGS/Bioskryb/2024/HG008-T_bioskryb-libraries-UG100/vcf_files/037978-NIST-PL01-SC296-Z0099-CTCATCTGCGCAATGAT.vep.PASS_filtered.vcf.gz	-	variants	
HG008-T.Bioskryb_UG100_singlecell	ext/giab-aws/2024/HG008-T_bioskryb-libraries-UG100/vcf_files/037978-NIST-PL01-SC296-Z0099-CTCATCTGCGCAATGAT.vep.PASS_filtered.vcf.gz.tbi	1914717	https://giab-aws.s3.amazonaws.com/WGS/Bioskryb/2024/HG008-T_bioskryb-libraries-UG100/vcf_files/037978-NIST-PL01-SC296-Z0099-CTCATCTGCGCAATGAT.vep.PASS_filtered.vcf.gz.tbi	10ae0994a9a5577f988eea9f27ee7cec	index	
HG008-T.Bioskryb_UG100_singlecell	ext/giab-aws/2024/HG008-T_bioskryb-libraries-UG100/vcf_files/037978-NIST-PL01-SC297-Z0098-CAACAGATGTATGAT.vep.PASS_filtered.vcf.gz	581318558	https://giab-aws.s3.amazonaws.com/WGS/Bioskryb/2024/HG008-T_bioskryb-libraries-UG100/vcf_files/037978-NIST-PL01-SC297-Z0098-CAACAGATGTATGAT.vep.PASS_filtered.vcf.gz	-	variants	
HG008-T.Bioskryb_UG100_singlecell	ext/giab-aws/2024/HG008-T_bioskryb-libraries-UG100/vcf_files/037978-NIST-PL01-SC297-Z0098-CAACAGATGTATGAT.vep.PASS_filtered.vcf.gz.tbi	1910793	https://giab-aws.s3.amazonaws.com/WGS/Bioskryb/2024/HG008-T_bioskryb-libraries-UG100/vcf_files/037978-NIST-PL01-SC297-Z0098-CAACAGATGTATGAT.vep.PASS_filtered.vcf.gz.tbi	16ee3ad15e1b16fdddf3eab96b2cb0c6	index	
HG008-T.Bioskryb_UG100_singlecell	ext/giab-aws/2024/HG008-T_bioskryb-libraries-UG100/vcf_files/037978-NIST-PL01-SC298-Z0100-CGGATCATGCGTGAT.vep.PASS_filtered.vcf.gz	576698504	https://giab-aws.s3.amazonaws.com/WGS/Bioskryb/2024/HG008-T_bioskryb-libraries-UG100/vcf_files/037978-NIST-PL01-SC298-Z0100-CGGATCATGCGTGAT.vep.PASS_filtered.vcf.gz	-	variants	
HG008-T.Bioskryb_UG100_singlecell	ext/giab-aws/2024/HG008-T_bioskryb-libraries-UG100/vcf_files/037978-NIST-PL01-SC298-Z0100-CGGATCATGCGTGAT.vep.PASS_filtered.vcf.gz.tbi	1908296	https://giab-aws.s3.amazonaws.com/WGS/Bioskryb/2024/HG008-T_bioskryb-libraries-UG100/vcf_files/037978-NIST-PL01-SC298-Z0100-CGGATCATGCGTGAT.vep.PASS_filtered.vcf.gz.tbi	3c99a9479251b239bf5255e366ed94b0	index	
HG008-T.Bioskryb_UG100_singlecell	ext/giab-aws/2024/HG008-T_bioskryb-libraries-UG100/vcf_files/037978-NIST-PL01-SC304-Z0101-CTATTGCATGCTCTGAT.vep.PASS_filtered.vcf.gz	591611500	https://giab-aws.s3.amazonaws.com/WGS/Bioskryb/2024/HG008-T_bioskryb-libraries-UG100/vcf_files/037978-NIST-PL01-SC304-Z0101-CTATTGCATGCTCTGAT.vep.PASS_filtered.vcf.gz	-	variants	
HG008-T.Bioskryb_UG100_singlecell	ext/giab-aws/2024/HG008-T_bioskryb-libraries-UG100/vcf_files/037978-NIST-PL01-SC304-Z0101-CTATTGCATGCTCTGAT.vep.PASS_filtered.vcf.gz.tbi	1914927	https://giab-aws.s3.amazonaws.com/WGS/Bioskryb/2024/HG008-T_bioskryb-libraries-UG100/vcf_files/037978-NIST-PL01-SC304-Z0101-CTATTGCATGCTCTGAT.vep.PASS_filtered.vcf.gz.tbi	26379d226ff11187579e20a1d45c07d8	index	
HG008-T.Bioskryb_UG100_singlecell	ext/giab-aws/2024/HG008-T_bioskryb-libraries-UG100/vcf_files/037978-NIST-PL01-SC305-Z0102-CTACCTGATGCAGAT.vep.PASS_filtered.vcf.gz	569150452	https://giab-aws.s3.amazonaws.com/WGS/Bioskryb/2024/HG008-T_bioskryb-libraries-UG100/vcf_files/037978-NIST-PL01-SC305-Z0102-CTACCTGATGCAGAT.vep.PASS_filtered.vcf.gz	-	variants	
HG008-T.Bioskryb_UG100_singlecell	ext/giab-aws/2024/HG008-T_bioskryb-libraries-UG100/vcf_files/037978-NIST-PL01-SC305-Z0102-CTACCTGATGCAGAT.vep.PASS_filtered.vcf.gz.tbi	1900165	https://giab-aws.s3.amazonaws.com/WGS/Bioskryb/2024/HG008-T_bioskryb-libraries-UG100/vcf_files/037978-NIST-PL01-SC305-Z0102-CTACCTGATGCAGAT.vep.PASS_filtered.vcf.gz.tbi	820a44d8f2180028a942a68848a9c456	index	
HG008-T.Bioskryb_UG100_singlecell	ext/giab-aws/2024/HG008-T_bioskryb-libraries-UG100/vcf_files/037978-NIST-PL01-SC307-Z0103-CATATAATCACAGAT.vep.PASS_filtered.vcf.gz	576884213	https://giab-aws.s3.amazonaws.com/WGS/Bioskryb/2024/HG008-T_bioskryb-libraries-UG100/vcf_files/037978-NIST-PL01-SC307-Z0103-CATATAATCACAGAT.vep.PASS_filtered.vcf.gz	-	variants	
HG008-T.Bioskryb_UG100_singlecell	ext/giab-aws/2024/HG008-T_bioskryb-libraries-UG100/vcf_files/037978-NIST-PL01-SC307-Z0103-CATATAATCACAGAT.vep.PASS_filtered.vcf.gz.tbi	1908126	https://giab-aws.s3.amazonaws.com/WGS/Bioskryb/2024/HG008-T_bioskryb-libraries-UG100/vcf_files/037978-NIST-PL01-SC307-Z0103-CATATAATCACAGAT.vep.PASS_filtered.vcf.gz.tbi	a45ba8dfc492c4235c5b066dfc9a615b	index	
HG008-T.Bioskryb_UG100_singlecell	ext/giab-aws/2024/HG008-T_bioskryb-libraries-UG100/vcf_files/037978-NIST-PL01-SC309-Z0104-CATGCAGCGCTAATGAT.vep.PASS_filtered.vcf.gz	577594399	https://giab-aws.s3.amazonaws.com/WGS/Bioskryb/2024/HG008-T_bioskryb-libraries-UG100/vcf_files/037978-NIST-PL01-SC309-Z0104-CATGCAGCGCTAATGAT.vep.PASS_filtered.vcf.gz	-	variants	
HG008-T.Bioskryb_UG100_singlecell	ext/giab-aws/2024/HG008-T_bioskryb-libraries-UG100/vcf_files/037978-NIST-PL01-SC309-Z0104-CATGCAGCGCTAATGAT.vep.PASS_filtered.vcf.gz.tbi	1910532	https://giab-aws.s3.amazonaws.com/WGS/Bioskryb/2024/HG008-T_bioskryb-libraries-UG100/vcf_files/037978-NIST-PL01-SC309-Z0104-CATGCAGCGCTAATGAT.vep.PASS_filtered.vcf.gz.tbi	de425068f3d7e3e62da6568b7fd18078	index	
HG008-T.Bioskryb_UG100_singlecell	ext/giab-aws/2024/HG008-T_bioskryb-libraries-UG100/vcf_files/037978-NIST-PL01-SC313-Z0105-CATGGCGCAGTGCTGAT.vep.PASS_filtered.vcf.gz	604955073	https://giab-aws.s3.amazonaws.com/WGS/Bioskryb/2024/HG008-T_bioskryb-libraries-UG100/vcf_files/037978-NIST-PL01-SC313-Z0105-CATGGCGCAGTGCTGAT.vep.PASS_filtered.vcf.gz	-	variants	
HG008-T.Bioskryb_UG100_singlecell	ext/giab-aws/2024/HG008-T_bioskryb-libraries-UG100/vcf_files/037978-NIST-PL01-SC313-Z0105-CATGGCGCAGTGCTGAT.vep.PASS_filtered.vcf.gz.tbi	1921050	https://giab-aws.s3.amazonaws.com/WGS/Bioskryb/2024/HG008-T_bioskryb-libraries-UG100/vcf_files/037978-NIST-PL01-SC313-Z0105-CATGGCGCAGTGCTGAT.vep.PASS_filtered.vcf.gz.tbi	9b0f948fcfd9cd11671e43d76b5cd73a	index	
HG008-T.Bioskryb_UG100_singlecell	ext/giab-aws/2024/HG008-T_bioskryb-libraries-UG100/vcf_files/037978-NIST-PL01-SC315-Z0106-CTGAGAATGTGTGAT.vep.PASS_filtered.vcf.gz	576465570	https://giab-aws.s3.amazonaws.com/WGS/Bioskryb/2024/HG008-T_bioskryb-libraries-UG100/vcf_files/037978-NIST-PL01-SC315-Z0106-CTGAGAATGTGTGAT.vep.PASS_filtered.vcf.gz	-	variants	
HG008-T.Bioskryb_UG100_singlecell	ext/giab-aws/2024/HG008-T_bioskryb-libraries-UG100/vcf_files/037978-NIST-PL01-SC315-Z0106-CTGAGAATGTGTGAT.vep.PASS_filtered.vcf.gz.tbi	1906512	https://giab-aws.s3.amazonaws.com/WGS/Bioskryb/2024/HG008-T_bioskryb-libraries-UG100/vcf_files/037978-NIST-PL01-SC315-Z0106-CTGAGAATGTGTGAT.vep.PASS_filtered.vcf.gz.tbi	63b864185e127fd101cd184678f1e0eb	index	
HG008-T.Bioskryb_UG100_singlecell	ext/giab-aws/2024/HG008-T_bioskryb-libraries-UG100/vcf_files/037978-NIST-PL01-SC316-Z0109-CAATCTGCATACGAT.vep.PASS_filtered.vcf.gz	598852239	https://giab-aws.s3.amazonaws.com/WGS/Bioskryb/2024/HG008-T_bioskryb-libraries-UG100/vcf_files/037978-NIST-PL01-SC316-Z0109-CAATCTGCATACGAT.vep.PASS_filtered.vcf.gz	-	variants	
HG008-T.Bioskryb_UG100_singlecell	ext/giab-aws/2024/HG008-T_bioskryb-libraries-UG100/vcf_files/037978-NIST-PL01-SC316-Z0109-CAATCTGCATACGAT.vep.PASS_filtered.vcf.gz.tbi	1919641	https://giab-aws.s3.amazonaws.com/WGS/Bioskryb/2024/HG008-T_bioskryb-libraries-UG100/vcf_files/037978-NIST-PL01-SC316-Z0109-CAATCTGCATACGAT.vep.PASS_filtered.vcf.gz.tbi	92154dc3cf29b3a8b452dcc0c0611849	index	
HG008-T.Bioskryb_UG100_singlecell	ext/giab-aws/2024/HG008-T_bioskryb-libraries-UG100/vcf_files/037978-NIST-PL01-SC317-Z0107-CATGCATGGTACGAT.vep.PASS_filtered.vcf.gz	611980819	https://giab-aws.s3.amazonaws.com/WGS/Bioskryb/2024/HG008-T_bioskryb-libraries-UG100/vcf_files/037978-NIST-PL01-SC317-Z0107-CATGCATGGTACGAT.vep.PASS_filtered.vcf.gz	-	variants	
HG008-T.Bioskryb_UG100_singlecell	ext/giab-aws/2024/HG008-T_bioskryb-libraries-UG100/vcf_files/037978-NIST-PL01-SC317-Z0107-CATGCATGGTACGAT.vep.PASS_filtered.vcf.gz.tbi	1925506	https://giab-aws.s3.amazonaws.com/WGS/Bioskryb/2024/HG008-T_bioskryb-libraries-UG100/vcf_files/037978-NIST-PL01-SC317-Z0107-CATGCATGGTACGAT.vep.PASS_filtered.vcf.gz.tbi	701c1cf2b1e11dc2d5f86ec1cfe6d267	index	
HG008-T.Bioskryb_UG100_singlecell	ext/giab-aws/2024/HG008-T_bioskryb-libraries-UG100/vcf_files/037978-NIST-PL01-SC319-Z0108-CATGCATGCGAGGAGAT.vep.PASS_filtered.vcf.gz	591019568	https://giab-aws.s3.amazonaws.com/WGS/Bioskryb/2024/HG008-T_bioskryb-libraries-UG100/vcf_files/037978-NIST-PL01-SC319-Z0108-CATGCATGCGAGGAGAT.vep.PASS_filtered.vcf.gz	-	variants	
HG008-T.Bioskryb_UG100_singlecell	ext/giab-aws/2024/HG008-T_bioskryb-libraries-UG100/vcf_files/037978-NIST-PL01-SC319-Z0108-CATGCATGCGAGGAGAT.vep.PASS_filtered.vcf.gz.tbi	1915371	https://giab-aws.s3.amazonaws.com/WGS/Bioskryb/2024/HG008-T_bioskryb-libraries-UG100/vcf_files/037978-NIST-PL01-SC319-Z0108-CATGCATGCGAGGAGAT.vep.PASS_filtered.vcf.gz.tbi	b772c6b2cc7a74b816df9108426b98dd	index	
HG008-T.Bioskryb_UG100_singlecell	ext/giab-aws/2024/HG008-T_bioskryb-libraries-UG100/vcf_files/037978-NIST-PL01-SC321-Z0110-CAGCATGAGCGCCAGAT.vep.PASS_filtered.vcf.gz	576218598	https://giab-aws.s3.amazonaws.com/WGS/Bioskryb/2024/HG008-T_bioskryb-libraries-UG100/vcf_files/037978-NIST-PL01-SC321-Z0110-CAGCATGAGCGCCAGAT.vep.PASS_filtered.vcf.gz	-	variants	
HG008-T.Bioskryb_UG100_singlecell	ext/giab-aws/2024/HG008-T_bioskryb-libraries-UG100/vcf_files/037978-NIST-PL01-SC321-Z0110-CAGCATGAGCGCCAGAT.vep.PASS_filtered.vcf.gz.tbi	1896946	https://giab-aws.s3.amazonaws.com/WGS/Bioskryb/2024/HG008-T_bioskryb-libraries-UG100/vcf_files/037978-NIST-PL01-SC321-Z0110-CAGCATGAGCGCCAGAT.vep.PASS_filtered.vcf.gz.tbi	b4802831a0986953750434cff16e4409	index	
HG008-T.Bioskryb_UG100_singlecell	ext/giab-aws/2024/HG008-T_bioskryb-libraries-UG100/vcf_files/037978-NIST-PL01-SC323-Z0111-CTTATCTGATCTGAT.vep.PASS_filtered.vcf.gz	601735555	https://giab-aws.s3.amazonaws.com/WGS/Bioskryb/2024/HG008-T_bioskryb-libraries-UG100/vcf_files/037978-NIST-PL01-SC323-Z0111-CTTATCTGATCTGAT.vep.PASS_filtered.vcf.gz	-	variants	
HG008-T.Bioskryb_UG100_singlecell	ext/giab-aws/2024/HG008-T_bioskryb-libraries-UG100/vcf_files/037978-NIST-PL01-SC323-Z0111-CTTATCTGATCTGAT.vep.PASS_filtered.vcf.gz.tbi	1916496	https://giab-aws.s3.amazonaws.com/WGS/Bioskryb/2024/HG008-T_bioskryb-libraries-UG100/vcf_files/037978-NIST-PL01-SC323-Z0111-CTTATCTGATCTGAT.vep.PASS_filtered.vcf.gz.tbi	be8c6253e1f6ad87fb84eccdc4d96cd9	index	
HG008-T.Bioskryb_UG100_singlecell	ext/giab-aws/2024/HG008-T_bioskryb-libraries-UG100/vcf_files/037978-NIST-PL01-SC335-Z0112-CATCCAGCGCATGTGAT.vep.PASS_filtered.vcf.gz	576969457	https://giab-aws.s3.amazonaws.com/WGS/Bioskryb/2024/HG008-T_bioskryb-libraries-UG100/vcf_files/037978-NIST-PL01-SC335-Z0112-CATCCAGCGCATGTGAT.vep.PASS_filtered.vcf.gz	-	variants	
HG008-T.Bioskryb_UG100_singlecell	ext/giab-aws/2024/HG008-T_bioskryb-libraries-UG100/vcf_files/037978-NIST-PL01-SC335-Z0112-CATCCAGCGCATGTGAT.vep.PASS_filtered.vcf.gz.tbi	1884958	https://giab-aws.s3.amazonaws.com/WGS/Bioskryb/2024/HG008-T_bioskryb-libraries-UG100/vcf_files/037978-NIST-PL01-SC335-Z0112-CATCCAGCGCATGTGAT.vep.PASS_filtered.vcf.gz.tbi	006041688579a937eba71ac68e3d34ac	index	
HG008-T.Bioskryb_UG100_singlecell	ext/giab-aws/2024/HG008-T_bioskryb-libraries-UG100/vcf_files/037998-NIST-PL01-SC244-Z0082-CTCTGCTGTGCAATGAT.vep.PASS_filtered.vcf.gz	573324264	https://giab-aws.s3.amazonaws.com/WGS/Bioskryb/2024/HG008-T_bioskryb-libraries-UG100/vcf_files/037998-NIST-PL01-SC244-Z0082-CTCTGCTGTGCAATGAT.vep.PASS_filtered.vcf.gz	-	variants	
HG008-T.Bioskryb_UG100_singlecell	ext/giab-aws/2024/HG008-T_bioskryb-libraries-UG100/vcf_files/037998-NIST-PL01-SC244-Z0082-CTCTGCTGTGCAATGAT.vep.PASS_filtered.vcf.gz.tbi	1908639	https://giab-aws.s3.amazonaws.com/WGS/Bioskryb/2024/HG008-T_bioskryb-libraries-UG100/vcf_files/037998-NIST-PL01-SC244-Z0082-CTCTGCTGTGCAATGAT.vep.PASS_filtered.vcf.gz.tbi	d870645715d78bdd4c99297ad546cbbd	index	
HG008-T.Bioskryb_UG100_singlecell	ext/giab-aws/2024/HG008-T_bioskryb-libraries-UG100/vcf_files/037998-NIST-PL01-SC249-Z0081-CTTGATCATACAGAT.vep.PASS_filtered.vcf.gz	614654073	https://giab-aws.s3.amazonaws.com/WGS/Bioskryb/2024/HG008-T_bioskryb-libraries-UG100/vcf_files/037998-NIST-PL01-SC249-Z0081-CTTGATCATACAGAT.vep.PASS_filtered.vcf.gz	-	variants	
HG008-T.Bioskryb_UG100_singlecell	ext/giab-aws/2024/HG008-T_bioskryb-libraries-UG100/vcf_files/037998-NIST-PL01-SC249-Z0081-CTTGATCATACAGAT.vep.PASS_filtered.vcf.gz.tbi	1925215	https://giab-aws.s3.amazonaws.com/WGS/Bioskryb/2024/HG008-T_bioskryb-libraries-UG100/vcf_files/037998-NIST-PL01-SC249-Z0081-CTTGATCATACAGAT.vep.PASS_filtered.vcf.gz.tbi	c5381d461c06116c3474704873464895	index	
HG008-T.Bioskryb_UG100_singlecell	ext/giab-aws/2024/HG008-T_bioskryb-libraries-UG100/vcf_files/037998-NIST-PL01-SC250-Z0083-CAGTGTATTGCTGAT.vep.PASS_filtered.vcf.gz	571120118	https://giab-aws.s3.amazonaws.com/WGS/Bioskryb/2024/HG008-T_bioskryb-libraries-UG100/vcf_files/037998-NIST-PL01-SC250-Z0083-CAGTGTATTGCTGAT.vep.PASS_filtered.vcf.gz	-	variants	
HG008-T.Bioskryb_UG100_singlecell	ext/giab-aws/2024/HG008-T_bioskryb-libraries-UG100/vcf_files/037998-NIST-PL01-SC250-Z0083-CAGTGTATTGCTGAT.vep.PASS_filtered.vcf.gz.tbi	1878003	https://giab-aws.s3.amazonaws.com/WGS/Bioskryb/2024/HG008-T_bioskryb-libraries-UG100/vcf_files/037998-NIST-PL01-SC250-Z0083-CAGTGTATTGCTGAT.vep.PASS_filtered.vcf.gz.tbi	da3701d52b2589ab28a1bb5448f2cbe7	index	
HG008-T.Bioskryb_UG100_singlecell	ext/giab-aws/2024/HG008-T_bioskryb-libraries-UG100/vcf_files/037998-NIST-PL01-SC256-Z0084-CTGTGCATCTGCCTGAT.vep.PASS_filtered.vcf.gz	585613967	https://giab-aws.s3.amazonaws.com/WGS/Bioskryb/2024/HG008-T_bioskryb-libraries-UG100/vcf_files/037998-NIST-PL01-SC256-Z0084-CTGTGCATCTGCCTGAT.vep.PASS_filtered.vcf.gz	-	variants	
HG008-T.Bioskryb_UG100_singlecell	ext/giab-aws/2024/HG008-T_bioskryb-libraries-UG100/vcf_files/037998-NIST-PL01-SC256-Z0084-CTGTGCATCTGCCTGAT.vep.PASS_filtered.vcf.gz.tbi	1911955	https://giab-aws.s3.amazonaws.com/WGS/Bioskryb/2024/HG008-T_bioskryb-libraries-UG100/vcf_files/037998-NIST-PL01-SC256-Z0084-CTGTGCATCTGCCTGAT.vep.PASS_filtered.vcf.gz.tbi	45d4afeedf46ac4c6eee93551e9473af	index	
HG008-T.Bioskryb_UG100_singlecell	ext/giab-aws/2024/HG008-T_bioskryb-libraries-UG100/vcf_files/037998-NIST-PL01-SC257-Z0085-CTCTATGTTGCTGAT.vep.PASS_filtered.vcf.gz	573991754	https://giab-aws.s3.amazonaws.com/WGS/Bioskryb/2024/HG008-T_bioskryb-libraries-UG100/vcf_files/037998-NIST-PL01-SC257-Z0085-CTCTATGTTGCTGAT.vep.PASS_filtered.vcf.gz	-	variants	
HG008-T.Bioskryb_UG100_singlecell	ext/giab-aws/2024/HG008-T_bioskryb-libraries-UG100/vcf_files/037998-NIST-PL01-SC257-Z0085-CTCTATGTTGCTGAT.vep.PASS_filtered.vcf.gz.tbi	1875224	https://giab-aws.s3.amazonaws.com/WGS/Bioskryb/2024/HG008-T_bioskryb-libraries-UG100/vcf_files/037998-NIST-PL01-SC257-Z0085-CTCTATGTTGCTGAT.vep.PASS_filtered.vcf.gz.tbi	749c134e0c9f75c09047c5028ac92c52	index	
HG008-T.Bioskryb_UG100_singlecell	ext/giab-aws/2024/HG008-T_bioskryb-libraries-UG100/vcf_files/037998-NIST-PL01-SC261-Z0086-CAACTATCTGCAGAT.vep.PASS_filtered.vcf.gz	596097742	https://giab-aws.s3.amazonaws.com/WGS/Bioskryb/2024/HG008-T_bioskryb-libraries-UG100/vcf_files/037998-NIST-PL01-SC261-Z0086-CAACTATCTGCAGAT.vep.PASS_filtered.vcf.gz	-	variants	
HG008-T.Bioskryb_UG100_singlecell	ext/giab-aws/2024/HG008-T_bioskryb-libraries-UG100/vcf_files/037998-NIST-PL01-SC261-Z0086-CAACTATCTGCAGAT.vep.PASS_filtered.vcf.gz.tbi	1919157	https://giab-aws.s3.amazonaws.com/WGS/Bioskryb/2024/HG008-T_bioskryb-libraries-UG100/vcf_files/037998-NIST-PL01-SC261-Z0086-CAACTATCTGCAGAT.vep.PASS_filtered.vcf.gz.tbi	9d0df65eb08959cb5fe302cb0467f665	index	
HG008-T.Bioskryb_UG100_singlecell	ext/giab-aws/2024/HG008-T_bioskryb-libraries-UG100/vcf_files/037998-NIST-PL01-SC266-Z0088-CTATCATCCAGTGAT.vep.PASS_filtered.vcf.gz	578106532	https://giab-aws.s3.amazonaws.com/WGS/Bioskryb/2024/HG008-T_bioskryb-libraries-UG100/vcf_files/037998-NIST-PL01-SC266-Z0088-CTATCATCCAGTGAT.vep.PASS_filtered.vcf.gz	-	variants	
HG008-T.Bioskryb_UG100_singlecell	ext/giab-aws/2024/HG008-T_bioskryb-libraries-UG100/vcf_files/037998-NIST-PL01-SC266-Z0088-CTATCATCCAGTGAT.vep.PASS_filtered.vcf.gz.tbi	1908348	https://giab-aws.s3.amazonaws.com/WGS/Bioskryb/2024/HG008-T_bioskryb-libraries-UG100/vcf_files/037998-NIST-PL01-SC266-Z0088-CTATCATCCAGTGAT.vep.PASS_filtered.vcf.gz.tbi	5db603a90d51ed3c0749458efd18e4a3	index	
HG008-T.Bioskryb_UG100_singlecell	ext/giab-aws/2024/HG008-T_bioskryb-libraries-UG100/vcf_files/037998-NIST-PL01-SC267-Z0087-CAGATCTCATGAATGAT.vep.PASS_filtered.vcf.gz	569049790	https://giab-aws.s3.amazonaws.com/WGS/Bioskryb/2024/HG008-T_bioskryb-libraries-UG100/vcf_files/037998-NIST-PL01-SC267-Z0087-CAGATCTCATGAATGAT.vep.PASS_filtered.vcf.gz	-	variants	
HG008-T.Bioskryb_UG100_singlecell	ext/giab-aws/2024/HG008-T_bioskryb-libraries-UG100/vcf_files/037998-NIST-PL01-SC267-Z0087-CAGATCTCATGAATGAT.vep.PASS_filtered.vcf.gz.tbi	1904343	https://giab-aws.s3.amazonaws.com/WGS/Bioskryb/2024/HG008-T_bioskryb-libraries-UG100/vcf_files/037998-NIST-PL01-SC267-Z0087-CAGATCTCATGAATGAT.vep.PASS_filtered.vcf.gz.tbi	437027e9728b606bc35e66d8abaa16d5	index	
HG008-T.Bioskryb_UG100_singlecell	ext/giab-aws/2024/HG008-T_bioskryb-libraries-UG100/vcf_files/037998-NIST-PL01-SC268-Z0089-CTGCTACAAGCAGAT.vep.PASS_filtered.vcf.gz	593744215	https://giab-aws.s3.amazonaws.com/WGS/Bioskryb/2024/HG008-T_bioskryb-libraries-UG100/vcf_files/037998-NIST-PL01-SC268-Z0089-CTGCTACAAGCAGAT.vep.PASS_filtered.vcf.gz	-	variants	
HG008-T.Bioskryb_UG100_singlecell	ext/giab-aws/2024/HG008-T_bioskryb-libraries-UG100/vcf_files/037998-NIST-PL01-SC268-Z0089-CTGCTACAAGCAGAT.vep.PASS_filtered.vcf.gz.tbi	1915602	https://giab-aws.s3.amazonaws.com/WGS/Bioskryb/2024/HG008-T_bioskryb-libraries-UG100/vcf_files/037998-NIST-PL01-SC268-Z0089-CTGCTACAAGCAGAT.vep.PASS_filtered.vcf.gz.tbi	131460661bc2d33850c5978767d1ed53	index	
HG008-T.Bioskryb_UG100_singlecell	ext/giab-aws/2024/HG008-T_bioskryb-libraries-UG100/vcf_files/037998-NIST-PL01-SC274-Z0093-CAATGACAGCTCGAT.vep.PASS_filtered.vcf.gz	588420104	https://giab-aws.s3.amazonaws.com/WGS/Bioskryb/2024/HG008-T_bioskryb-libraries-UG100/vcf_files/037998-NIST-PL01-SC274-Z0093-CAATGACAGCTCGAT.vep.PASS_filtered.vcf.gz	-	variants	
HG008-T.Bioskryb_UG100_singlecell	ext/giab-aws/2024/HG008-T_bioskryb-libraries-UG100/vcf_files/037998-NIST-PL01-SC274-Z0093-CAATGACAGCTCGAT.vep.PASS_filtered.vcf.gz.tbi	1915180	https://giab-aws.s3.amazonaws.com/WGS/Bioskryb/2024/HG008-T_bioskryb-libraries-UG100/vcf_files/037998-NIST-PL01-SC274-Z0093-CAATGACAGCTCGAT.vep.PASS_filtered.vcf.gz.tbi	677777943853437cc874d727cb37ec79	index	
HG008-T.Bioskryb_UG100_singlecell	ext/giab-aws/2024/HG008-T_bioskryb-libraries-UG100/vcf_files/037998-NIST-PL01-SC275-Z0090-CAATATGCACGTGAT.vep.PASS_filtered.vcf.gz	608206629	https://giab-aws.s3.amazonaws.com/WGS/Bioskryb/2024/HG008-T_bioskryb-libraries-UG100/vcf_files/037998-NIST-PL01-SC275-Z0090-CAATATGCACGTGAT.vep.PASS_filtered.vcf.gz	-	variants	
HG008-T.Bioskryb_UG100_singlecell	ext/giab-aws/2024/HG008-T_bioskryb-libraries-UG100/vcf_files/037998-NIST-PL01-SC275-Z0090-CAATATGCACGTGAT.vep.PASS_filtered.vcf.gz.tbi	1926401	https://giab-aws.s3.amazonaws.com/WGS/Bioskryb/2024/HG008-T_bioskryb-libraries-UG100/vcf_files/037998-NIST-PL01-SC275-Z0090-CAATATGCACGTGAT.vep.PASS_filtered.vcf.gz.tbi	17dd255957082d1f8d69948ae479e879	index	
HG008-T.Bioskryb_UG100_singlecell	ext/giab-aws/2024/HG008-T_bioskryb-libraries-UG100/vcf_files/037998-NIST-PL01-SC277-Z0091-CACTTCTGCGATGAT.vep.PASS_filtered.vcf.gz	587691202	https://giab-aws.s3.amazonaws.com/WGS/Bioskryb/2024/HG008-T_bioskryb-libraries-UG100/vcf_files/037998-NIST-PL01-SC277-Z0091-CACTTCTGCGATGAT.vep.PASS_filtered.vcf.gz	-	variants	
HG008-T.Bioskryb_UG100_singlecell	ext/giab-aws/2024/HG008-T_bioskryb-libraries-UG100/vcf_files/037998-NIST-PL01-SC277-Z0091-CACTTCTGCGATGAT.vep.PASS_filtered.vcf.gz.tbi	1906670	https://giab-aws.s3.amazonaws.com/WGS/Bioskryb/2024/HG008-T_bioskryb-libraries-UG100/vcf_files/037998-NIST-PL01-SC277-Z0091-CACTTCTGCGATGAT.vep.PASS_filtered.vcf.gz.tbi	1e3e339ac3a40c9fade7997ed45ae902	index	
HG008-T.Bioskryb_UG100_singlecell	ext/giab-aws/2024/HG008-T_bioskryb-libraries-UG100/vcf_files/037998-NIST-PL01-SC279-Z0092-CAAGCATATCTAGAT.vep.PASS_filtered.vcf.gz	564825312	https://giab-aws.s3.amazonaws.com/WGS/Bioskryb/2024/HG008-T_bioskryb-libraries-UG100/vcf_files/037998-NIST-PL01-SC279-Z0092-CAAGCATATCTAGAT.vep.PASS_filtered.vcf.gz	-	variants	
HG008-T.Bioskryb_UG100_singlecell	ext/giab-aws/2024/HG008-T_bioskryb-libraries-UG100/vcf_files/037998-NIST-PL01-SC279-Z0092-CAAGCATATCTAGAT.vep.PASS_filtered.vcf.gz.tbi	1893154	https://giab-aws.s3.amazonaws.com/WGS/Bioskryb/2024/HG008-T_bioskryb-libraries-UG100/vcf_files/037998-NIST-PL01-SC279-Z0092-CAAGCATATCTAGAT.vep.PASS_filtered.vcf.gz.tbi	012a73b0944d440d3ecc539b63081842	index	
HG008-T.Bioskryb_UG100_singlecell	ext/giab-aws/2024/HG008-T_bioskryb-libraries-UG100/vcf_files/037998-NIST-PL01-SC280-Z0094-CTGATGAGCTTGATGAT.vep.PASS_filtered.vcf.gz	586785316	https://giab-aws.s3.amazonaws.com/WGS/Bioskryb/2024/HG008-T_bioskryb-libraries-UG100/vcf_files/037998-NIST-PL01-SC280-Z0094-CTGATGAGCTTGATGAT.vep.PASS_filtered.vcf.gz	-	variants	
HG008-T.Bioskryb_UG100_singlecell	ext/giab-aws/2024/HG008-T_bioskryb-libraries-UG100/vcf_files/037998-NIST-PL01-SC280-Z0094-CTGATGAGCTTGATGAT.vep.PASS_filtered.vcf.gz.tbi	1915553	https://giab-aws.s3.amazonaws.com/WGS/Bioskryb/2024/HG008-T_bioskryb-libraries-UG100/vcf_files/037998-NIST-PL01-SC280-Z0094-CTGATGAGCTTGATGAT.vep.PASS_filtered.vcf.gz.tbi	b12d7816b773a4e10edcf9d6576831ec	index	
HG008-T.Bioskryb_UG100_singlecell	ext/giab-aws/2024/HG008-T_bioskryb-libraries-UG100/vcf_files/037998-NIST-PL01-SC288-Z0095-CATATGACCTGAGAT.vep.PASS_filtered.vcf.gz	575030103	https://giab-aws.s3.amazonaws.com/WGS/Bioskryb/2024/HG008-T_bioskryb-libraries-UG100/vcf_files/037998-NIST-PL01-SC288-Z0095-CATATGACCTGAGAT.vep.PASS_filtered.vcf.gz	-	variants	
HG008-T.Bioskryb_UG100_singlecell	ext/giab-aws/2024/HG008-T_bioskryb-libraries-UG100/vcf_files/037998-NIST-PL01-SC288-Z0095-CATATGACCTGAGAT.vep.PASS_filtered.vcf.gz.tbi	1900699	https://giab-aws.s3.amazonaws.com/WGS/Bioskryb/2024/HG008-T_bioskryb-libraries-UG100/vcf_files/037998-NIST-PL01-SC288-Z0095-CATATGACCTGAGAT.vep.PASS_filtered.vcf.gz.tbi	09a22917a02a5f32c0cf95caf0769ff2	index	
HG008-T.Bioskryb_UG100_singlecell	ext/giab-aws/2024/HG008-T_bioskryb-libraries-UG100/vcf_files/037998-NIST-PL01-SC289-Z0096-CAGCCGATATCAGAT.vep.PASS_filtered.vcf.gz	549407885	https://giab-aws.s3.amazonaws.com/WGS/Bioskryb/2024/HG008-T_bioskryb-libraries-UG100/vcf_files/037998-NIST-PL01-SC289-Z0096-CAGCCGATATCAGAT.vep.PASS_filtered.vcf.gz	-	variants	
HG008-T.Bioskryb_UG100_singlecell	ext/giab-aws/2024/HG008-T_bioskryb-libraries-UG100/vcf_files/037998-NIST-PL01-SC289-Z0096-CAGCCGATATCAGAT.vep.PASS_filtered.vcf.gz.tbi	1847051	https://giab-aws.s3.amazonaws.com/WGS/Bioskryb/2024/HG008-T_bioskryb-libraries-UG100/vcf_files/037998-NIST-PL01-SC289-Z0096-CAGCCGATATCAGAT.vep.PASS_filtered.vcf.gz.tbi	26f89e6a2743ef2c049ebd0ec5c001ec	index	
