Aug-19 15:28:54.954 [main] DEBUG nextflow.cli.Launcher - $> nextflow run nf-core/nanoseq -r 3.1.0 -profile test,singularity --outdir /BiO/scratch/ehojune/nanoseq_test -w /BiO/scratch/ehojune/nxf_work
Aug-19 15:28:55.017 [main] DEBUG nextflow.cli.CmdRun - N E X T F L O W  ~  version 24.10.5
Aug-19 15:28:55.033 [main] DEBUG nextflow.plugin.PluginsFacade - Setting up plugin manager > mode=prod; embedded=false; plugins-dir=/home/ehojune/.nextflow/plugins; core-plugins: nf-amazon@2.9.2,nf-azure@1.10.2,nf-cloudcache@0.4.2,nf-codecommit@0.2.2,nf-console@1.1.4,nf-google@1.15.4,nf-tower@1.9.3,nf-wave@1.7.4
Aug-19 15:28:55.050 [main] INFO  o.pf4j.DefaultPluginStatusProvider - Enabled plugins: []
Aug-19 15:28:55.050 [main] INFO  o.pf4j.DefaultPluginStatusProvider - Disabled plugins: []
Aug-19 15:28:55.053 [main] INFO  org.pf4j.DefaultPluginManager - PF4J version 3.12.0 in 'deployment' mode
Aug-19 15:28:55.062 [main] INFO  org.pf4j.AbstractPluginManager - No plugins
Aug-19 15:28:55.071 [main] DEBUG nextflow.scm.ProviderConfig - Using SCM config path: /home/ehojune/.nextflow/scm
Aug-19 15:28:55.705 [main] DEBUG nextflow.scm.AssetManager - Git config: /home/ehojune/.nextflow/assets/nf-core/nanoseq/.git/config; branch: null; remote: origin; url: https://github.com/nf-core/nanoseq.git
Aug-19 15:28:55.729 [main] DEBUG nextflow.scm.RepositoryFactory - Found Git repository result: [RepositoryFactory]
Aug-19 15:28:55.736 [main] DEBUG nextflow.scm.AssetManager - Git config: /home/ehojune/.nextflow/assets/nf-core/nanoseq/.git/config; branch: null; remote: origin; url: https://github.com/nf-core/nanoseq.git
Aug-19 15:28:56.811 [main] DEBUG nextflow.config.ConfigBuilder - Found config base: /home/ehojune/.nextflow/assets/nf-core/nanoseq/nextflow.config
Aug-19 15:28:56.812 [main] DEBUG nextflow.config.ConfigBuilder - Parsing config file: /home/ehojune/.nextflow/assets/nf-core/nanoseq/nextflow.config
Aug-19 15:28:56.818 [main] DEBUG n.secret.LocalSecretsProvider - Secrets store: /home/ehojune/.nextflow/secrets/store.json
Aug-19 15:28:56.820 [main] DEBUG nextflow.secret.SecretsLoader - Discovered secrets providers: [nextflow.secret.LocalSecretsProvider@7069f076] - activable => nextflow.secret.LocalSecretsProvider@7069f076
Aug-19 15:28:56.835 [main] DEBUG nextflow.config.ConfigBuilder - Applying config profile: `test,singularity`
Aug-19 15:28:58.360 [main] DEBUG nextflow.config.ConfigBuilder - Available config profiles: [bih, cfc_dev, uzl_omics, ifb_core, embl_hd, mcw_rcc, denbi_qbic, alice, mjolnir_globe, uppmax, giga, verily_workbench, incliva, ilifu, ki_luria, uge, icr_alma, rosalind_uge, lugh, mccleary, unibe_ibu, vai, czbiohub_aws, jax, roslin, iris, tes, unc_longleaf, tigem, tubingen_apg, apollo, ipop_up, vsc_calcua, pdc_kth, test_nodx_vc, ceci_nic5, ccga_cau, humantechnopole, stjude, daisybio, eddie, medair, biowulf, mahuika, bi, bigpurple, adcra, cedars, pawsey_setonix, vsc_kul_uhasselt, purdue_gautschi, rki, ucl_myriad, test_nodx_rnamod, charliecloud, fred_hutch, seattlechildrens, ceres, purdue_negishi, munin, arm, rosalind, hasta, cfc, uzh, shu_bmrc, ebi_codon_slurm, ebc, ccga_dx, crick, ku_sund_danhead, marvin, lrz_cm4, purdue_bell, biohpc_gen, shifter, kelvin2, mana, mamba, york_viking, unc_lccc, wehi, awsbatch, arcc, ceci_dragon2, imperial, maestro, cannon, genotoul, nci_gadi, abims, eva_grace, janelia, nu_genomics, googlebatch, oist, sahmri, kaust, alliance_canada, mpcdf, leicester, vsc_ugent, create, sage, cambridge, jex, podman, ebi_codon, cheaha, xanadu, nyu_hpc, test, marjorie, palmetto, computerome, ucd_sonic, seg_globe, mssm, sanger, dkfz, bluebear, pasteur, einstein, ethz_euler, m3c, test_full, imb, ucl_cscluster, tuos_stanage, test_nodx_noaln, test_nodx_stringtie, azurebatch, seadragon, crukmi, csiro_petrichor, qmul_apocrita, docker, engaging, gis, hypatia, psmn, eva, unity, cropdiversityhpc, nygc, fgcz, conda, crg, singularity, mpcdf_viper, dirac, self_hosted_runner, tufts, uw_hyak_pedslabs, binac2, hki_genie, debug, genouest, cbe, unsw_katana, utd_juno, hazel, phoenix, gitpod, seawulf, uod_hpc, fub_curta, lovelace, uct_hpc, aws_tower, fsu_draco]
Aug-19 15:28:58.392 [main] DEBUG nextflow.cli.CmdRun - Applied DSL=2 from script declaration
Aug-19 15:28:58.392 [main] DEBUG nextflow.cli.CmdRun - Launching `https://github.com/nf-core/nanoseq` [zen_hawking] DSL2 - revision: 6e563e5436 [3.1.0]
Aug-19 15:28:58.393 [main] DEBUG nextflow.plugin.PluginsFacade - Plugins default=[]
Aug-19 15:28:58.394 [main] DEBUG nextflow.plugin.PluginsFacade - Plugins resolved requirement=[]
Aug-19 15:28:58.456 [main] DEBUG nextflow.Session - Session UUID: ac594281-69b5-43e0-862e-faa26ff79460
Aug-19 15:28:58.457 [main] DEBUG nextflow.Session - Run name: zen_hawking
Aug-19 15:28:58.457 [main] DEBUG nextflow.Session - Executor pool size: 72
Aug-19 15:28:58.464 [main] DEBUG nextflow.file.FilePorter - File porter settings maxRetries=3; maxTransfers=50; pollTimeout=null
Aug-19 15:28:58.467 [main] DEBUG nextflow.util.ThreadPoolBuilder - Creating thread pool 'FileTransfer' minSize=10; maxSize=216; workQueue=LinkedBlockingQueue[-1]; allowCoreThreadTimeout=false
Aug-19 15:28:58.483 [main] DEBUG nextflow.cli.CmdRun - 
  Version: 24.10.5 build 5935
  Created: 04-03-2025 17:55 UTC (05-03-2025 02:55 KDT)
  System: Linux 4.18.0-477.10.1.el8_8.x86_64
  Runtime: Groovy 4.0.23 on OpenJDK 64-Bit Server VM 17.0.18-internal+0-adhoc.conda.src
  Encoding: UTF-8 (UTF-8)
  Process: 1823136@nbbcluster2 [1.9.1.41]
  CPUs: 72 - Mem: 377 GB (238.8 GB) - Swap: 16 GB (16 GB)
Aug-19 15:28:58.492 [main] DEBUG nextflow.Session - Work-dir: /BiO/scratch/ehojune/nxf_work [lustre]
Aug-19 15:28:58.516 [main] DEBUG nextflow.executor.ExecutorFactory - Extension executors providers=[]
Aug-19 15:28:58.524 [main] DEBUG nextflow.Session - Observer factory: DefaultObserverFactory
Aug-19 15:28:58.567 [main] DEBUG nextflow.cache.CacheFactory - Using Nextflow cache factory: nextflow.cache.DefaultCacheFactory
Aug-19 15:28:58.575 [main] DEBUG nextflow.util.CustomThreadPool - Creating default thread pool > poolSize: 73; maxThreads: 1000
Aug-19 15:28:58.621 [main] DEBUG nextflow.Session - Session start
Aug-19 15:28:58.623 [main] DEBUG nextflow.trace.TraceFileObserver - Workflow started -- trace file: /BiO/scratch/ehojune/nanoseq_test/pipeline_info/execution_trace_2026-08-19_15-28-58.txt
Aug-19 15:28:58.630 [main] DEBUG nextflow.Session - Using default localLib path: /home/ehojune/.nextflow/assets/nf-core/nanoseq/lib
Aug-19 15:28:58.632 [main] DEBUG nextflow.Session - Adding to the classpath library: /home/ehojune/.nextflow/assets/nf-core/nanoseq/lib
Aug-19 15:28:58.633 [main] DEBUG nextflow.Session - Adding to the classpath library: /home/ehojune/.nextflow/assets/nf-core/nanoseq/lib/nfcore_external_java_deps.jar
Aug-19 15:28:59.219 [main] DEBUG nextflow.script.ScriptRunner - > Launching execution
Aug-19 15:28:59.263 [main] INFO  nextflow.Nextflow - 

-[2m----------------------------------------------------[0m-
                                        [0;32m,--.[0;30m/[0;32m,-.[0m
[0;34m        ___     __   __   __   ___     [0;32m/,-._.--~'[0m
[0;34m  |\ | |__  __ /  ` /  \ |__) |__         [0;33m}  {[0m
[0;34m  | \| |       \__, \__/ |  \ |___     [0;32m\`-._,-`-,[0m
                                        [0;32m`._,._,'[0m
[0;35m  nf-core/nanoseq v3.1.0-g6e563e5[0m
-[2m----------------------------------------------------[0m-
[1mCore Nextflow options[0m
  [0;34mrevision                  : [0;32m3.1.0[0m
  [0;34mrunName                   : [0;32mzen_hawking[0m
  [0;34mcontainerEngine           : [0;32msingularity[0m
  [0;34mlaunchDir                 : [0;32m/home/ehojune/GIAB_benchmarking[0m
  [0;34mworkDir                   : [0;32m/BiO/scratch/ehojune/nxf_work[0m
  [0;34mprojectDir                : [0;32m/home/ehojune/.nextflow/assets/nf-core/nanoseq[0m
  [0;34muserName                  : [0;32mehojune[0m
  [0;34mprofile                   : [0;32mtest,singularity[0m
  [0;34mconfigFiles               : [0;32m/home/ehojune/.nextflow/assets/nf-core/nanoseq/nextflow.config[0m

[1mInput/output options[0m
  [0;34minput                     : [0;32mhttps://raw.githubusercontent.com/nf-core/test-datasets/nanoseq/3.0/samplesheet/samplesheet_nobc_dx.csv[0m
  [0;34mprotocol                  : [0;32mDNA[0m
  [0;34moutdir                    : [0;32m/BiO/scratch/ehojune/nanoseq_test[0m

[1mDemultiplexing options[0m
  [0;34minput_path                : [0;32mhttps://raw.githubusercontent.com/nf-core/test-datasets/nanoseq/fastq/nondemultiplexed/sample_nobc_dx.fastq.gz[0m
  [0;34mbarcode_kit               : [0;32mNBD103/NBD104[0m

[1mDifferential analysis options[0m
  [0;34mskip_quantification       : [0;32mtrue[0m

[1mRNA fusion analysis options[0m
  [0;34mjaffal_ref_dir            : [0;32mnull[0m
  [0;34mskip_fusion_analysis      : [0;32mtrue[0m

[1mRNA modification analysis options[0m
  [0;34mskip_modification_analysis: [0;32mtrue[0m

[1mProcess skipping options[0m
  [0;34mskip_bigbed               : [0;32mtrue[0m
  [0;34mskip_bigwig               : [0;32mtrue[0m

[1mReference genome options[0m
  [0;34migenomes_base             : [0;32ms3://ngi-igenomes/igenomes/[0m

[1mInstitutional config options[0m
  [0;34mconfig_profile_name       : [0;32mTest profile[0m
  [0;34mconfig_profile_description: [0;32mMinimal test dataset to check pipeline function[0m

[1mMax job request options[0m
  [0;34mmax_cpus                  : [0;32m2[0m
  [0;34mmax_memory                : [0;32m6 GB[0m
  [0;34mmax_time                  : [0;32m12h[0m

!! Only displaying parameters that differ from the pipeline defaults !!
-[2m----------------------------------------------------[0m-
If you use nf-core/nanoseq for your analysis please cite:

* The pipeline
  https://doi.org/10.5281/zenodo.5740870

* The nf-core framework
  https://doi.org/10.1038/s41587-020-0439-x

* Software dependencies
  https://github.com/nf-core/nanoseq/blob/master/CITATIONS.md
-[2m----------------------------------------------------[0m-
Aug-19 15:29:01.984 [main] DEBUG nextflow.script.ProcessConfig - Config settings `withLabel:process_single` matches labels `process_single` for process with name NFCORE_NANOSEQ:NANOSEQ:INPUT_CHECK:SAMPLESHEET_CHECK
Aug-19 15:29:01.985 [main] DEBUG nextflow.script.ProcessConfig - Config settings `withName:SAMPLESHEET_CHECK` matches process NFCORE_NANOSEQ:NANOSEQ:INPUT_CHECK:SAMPLESHEET_CHECK
Aug-19 15:29:01.993 [main] DEBUG nextflow.executor.ExecutorFactory - << taskConfig executor: null
Aug-19 15:29:01.993 [main] DEBUG nextflow.executor.ExecutorFactory - >> processorType: 'local'
Aug-19 15:29:01.997 [main] DEBUG nextflow.executor.Executor - [warm up] executor > local
Aug-19 15:29:02.001 [main] DEBUG n.processor.LocalPollingMonitor - Creating local task monitor for executor 'local' > cpus=72; memory=377 GB; capacity=72; pollInterval=100ms; dumpInterval=5m
Aug-19 15:29:02.003 [main] DEBUG n.processor.TaskPollingMonitor - >>> barrier register (monitor: local)
Aug-19 15:29:02.077 [main] DEBUG nextflow.script.ProcessConfig - Config settings `withLabel:process_medium` matches labels `process_medium` for process with name NFCORE_NANOSEQ:NANOSEQ:QCAT
Aug-19 15:29:02.077 [main] DEBUG nextflow.script.ProcessConfig - Config settings `withName:QCAT` matches process NFCORE_NANOSEQ:NANOSEQ:QCAT
Aug-19 15:29:02.079 [main] DEBUG nextflow.executor.ExecutorFactory - << taskConfig executor: null
Aug-19 15:29:02.079 [main] DEBUG nextflow.executor.ExecutorFactory - >> processorType: 'local'
Aug-19 15:29:02.111 [main] DEBUG nextflow.script.ProcessConfig - Config settings `withLabel:process_low` matches labels `process_low` for process with name NFCORE_NANOSEQ:NANOSEQ:QCFASTQ_NANOPLOT_FASTQC:NANOPLOT
Aug-19 15:29:02.112 [main] DEBUG nextflow.script.ProcessConfig - Config settings `withName:NANOPLOT` matches process NFCORE_NANOSEQ:NANOSEQ:QCFASTQ_NANOPLOT_FASTQC:NANOPLOT
Aug-19 15:29:02.114 [main] DEBUG nextflow.executor.ExecutorFactory - << taskConfig executor: null
Aug-19 15:29:02.115 [main] DEBUG nextflow.executor.ExecutorFactory - >> processorType: 'local'
Aug-19 15:29:02.122 [main] DEBUG nextflow.script.ProcessConfig - Config settings `withLabel:process_medium` matches labels `process_medium` for process with name NFCORE_NANOSEQ:NANOSEQ:QCFASTQ_NANOPLOT_FASTQC:FASTQC
Aug-19 15:29:02.122 [main] DEBUG nextflow.script.ProcessConfig - Config settings `withName:FASTQC` matches process NFCORE_NANOSEQ:NANOSEQ:QCFASTQ_NANOPLOT_FASTQC:FASTQC
Aug-19 15:29:02.125 [main] DEBUG nextflow.executor.ExecutorFactory - << taskConfig executor: null
Aug-19 15:29:02.126 [main] DEBUG nextflow.executor.ExecutorFactory - >> processorType: 'local'
Aug-19 15:29:02.149 [main] DEBUG nextflow.script.ProcessConfig - Config settings `withLabel:process_medium` matches labels `process_medium` for process with name NFCORE_NANOSEQ:NANOSEQ:PREPARE_GENOME:GET_CHROM_SIZES
Aug-19 15:29:02.149 [main] DEBUG nextflow.script.ProcessConfig - Config settings `withName:GET_CHROM_SIZES` matches process NFCORE_NANOSEQ:NANOSEQ:PREPARE_GENOME:GET_CHROM_SIZES
Aug-19 15:29:02.151 [main] DEBUG nextflow.executor.ExecutorFactory - << taskConfig executor: null
Aug-19 15:29:02.151 [main] DEBUG nextflow.executor.ExecutorFactory - >> processorType: 'local'
Aug-19 15:29:02.158 [main] DEBUG nextflow.script.ProcessConfig - Config settings `withLabel:process_low` matches labels `process_low` for process with name NFCORE_NANOSEQ:NANOSEQ:PREPARE_GENOME:GTF2BED
Aug-19 15:29:02.159 [main] DEBUG nextflow.script.ProcessConfig - Config settings `withName:GTF2BED` matches process NFCORE_NANOSEQ:NANOSEQ:PREPARE_GENOME:GTF2BED
Aug-19 15:29:02.160 [main] DEBUG nextflow.executor.ExecutorFactory - << taskConfig executor: null
Aug-19 15:29:02.160 [main] DEBUG nextflow.executor.ExecutorFactory - >> processorType: 'local'
Aug-19 15:29:02.180 [main] DEBUG nextflow.script.ProcessConfig - Config settings `withLabel:process_single` matches labels `process_single` for process with name NFCORE_NANOSEQ:NANOSEQ:PREPARE_GENOME:SAMTOOLS_FAIDX
Aug-19 15:29:02.181 [main] DEBUG nextflow.script.ProcessConfig - Config settings `withName:SAMTOOLS_FAIDX` matches process NFCORE_NANOSEQ:NANOSEQ:PREPARE_GENOME:SAMTOOLS_FAIDX
Aug-19 15:29:02.183 [main] DEBUG nextflow.executor.ExecutorFactory - << taskConfig executor: null
Aug-19 15:29:02.183 [main] DEBUG nextflow.executor.ExecutorFactory - >> processorType: 'local'
Aug-19 15:29:02.198 [main] DEBUG nextflow.script.ProcessConfig - Config settings `withLabel:process_high` matches labels `process_high` for process with name NFCORE_NANOSEQ:NANOSEQ:ALIGN_MINIMAP2:MINIMAP2_INDEX
Aug-19 15:29:02.198 [main] DEBUG nextflow.script.ProcessConfig - Config settings `withName:MINIMAP2_INDEX` matches process NFCORE_NANOSEQ:NANOSEQ:ALIGN_MINIMAP2:MINIMAP2_INDEX
Aug-19 15:29:02.200 [main] DEBUG nextflow.executor.ExecutorFactory - << taskConfig executor: null
Aug-19 15:29:02.200 [main] DEBUG nextflow.executor.ExecutorFactory - >> processorType: 'local'
Aug-19 15:29:02.211 [main] DEBUG nextflow.script.ProcessConfig - Config settings `withLabel:process_medium` matches labels `process_medium` for process with name NFCORE_NANOSEQ:NANOSEQ:ALIGN_MINIMAP2:MINIMAP2_ALIGN
Aug-19 15:29:02.211 [main] DEBUG nextflow.script.ProcessConfig - Config settings `withName:MINIMAP2_ALIGN` matches process NFCORE_NANOSEQ:NANOSEQ:ALIGN_MINIMAP2:MINIMAP2_ALIGN
Aug-19 15:29:02.213 [main] DEBUG nextflow.executor.ExecutorFactory - << taskConfig executor: null
Aug-19 15:29:02.213 [main] DEBUG nextflow.executor.ExecutorFactory - >> processorType: 'local'
Aug-19 15:29:02.221 [main] DEBUG nextflow.script.ProcessConfig - Config settings `withLabel:process_medium` matches labels `process_medium` for process with name NFCORE_NANOSEQ:NANOSEQ:BAM_SORT_INDEX_SAMTOOLS:SAMTOOLS_VIEW_BAM
Aug-19 15:29:02.222 [main] DEBUG nextflow.script.ProcessConfig - Config settings `withName:SAMTOOLS_VIEW_BAM` matches process NFCORE_NANOSEQ:NANOSEQ:BAM_SORT_INDEX_SAMTOOLS:SAMTOOLS_VIEW_BAM
Aug-19 15:29:02.223 [main] DEBUG nextflow.executor.ExecutorFactory - << taskConfig executor: null
Aug-19 15:29:02.223 [main] DEBUG nextflow.executor.ExecutorFactory - >> processorType: 'local'
Aug-19 15:29:02.228 [main] DEBUG nextflow.script.ProcessConfig - Config settings `withLabel:process_medium` matches labels `process_medium` for process with name NFCORE_NANOSEQ:NANOSEQ:BAM_SORT_INDEX_SAMTOOLS:SAMTOOLS_SORT
Aug-19 15:29:02.229 [main] DEBUG nextflow.script.ProcessConfig - Config settings `withName:SAMTOOLS_SORT` matches process NFCORE_NANOSEQ:NANOSEQ:BAM_SORT_INDEX_SAMTOOLS:SAMTOOLS_SORT
Aug-19 15:29:02.231 [main] DEBUG nextflow.executor.ExecutorFactory - << taskConfig executor: null
Aug-19 15:29:02.231 [main] DEBUG nextflow.executor.ExecutorFactory - >> processorType: 'local'
Aug-19 15:29:02.237 [main] DEBUG nextflow.script.ProcessConfig - Config settings `withLabel:process_low` matches labels `process_low` for process with name NFCORE_NANOSEQ:NANOSEQ:BAM_SORT_INDEX_SAMTOOLS:SAMTOOLS_INDEX
Aug-19 15:29:02.238 [main] DEBUG nextflow.script.ProcessConfig - Config settings `withName:SAMTOOLS_INDEX` matches process NFCORE_NANOSEQ:NANOSEQ:BAM_SORT_INDEX_SAMTOOLS:SAMTOOLS_INDEX
Aug-19 15:29:02.240 [main] DEBUG nextflow.executor.ExecutorFactory - << taskConfig executor: null
Aug-19 15:29:02.240 [main] DEBUG nextflow.executor.ExecutorFactory - >> processorType: 'local'
Aug-19 15:29:02.253 [main] DEBUG nextflow.script.ProcessConfig - Config settings `withLabel:process_single` matches labels `process_single` for process with name NFCORE_NANOSEQ:NANOSEQ:BAM_SORT_INDEX_SAMTOOLS:BAM_STATS_SAMTOOLS:SAMTOOLS_STATS
Aug-19 15:29:02.253 [main] DEBUG nextflow.script.ProcessConfig - Config settings `withName:SAMTOOLS_STATS` matches process NFCORE_NANOSEQ:NANOSEQ:BAM_SORT_INDEX_SAMTOOLS:BAM_STATS_SAMTOOLS:SAMTOOLS_STATS
Aug-19 15:29:02.255 [main] DEBUG nextflow.executor.ExecutorFactory - << taskConfig executor: null
Aug-19 15:29:02.255 [main] DEBUG nextflow.executor.ExecutorFactory - >> processorType: 'local'
Aug-19 15:29:02.259 [main] DEBUG nextflow.script.ProcessConfig - Config settings `withLabel:process_single` matches labels `process_single` for process with name NFCORE_NANOSEQ:NANOSEQ:BAM_SORT_INDEX_SAMTOOLS:BAM_STATS_SAMTOOLS:SAMTOOLS_FLAGSTAT
Aug-19 15:29:02.259 [main] DEBUG nextflow.script.ProcessConfig - Config settings `withName:SAMTOOLS_FLAGSTAT` matches process NFCORE_NANOSEQ:NANOSEQ:BAM_SORT_INDEX_SAMTOOLS:BAM_STATS_SAMTOOLS:SAMTOOLS_FLAGSTAT
Aug-19 15:29:02.261 [main] DEBUG nextflow.executor.ExecutorFactory - << taskConfig executor: null
Aug-19 15:29:02.261 [main] DEBUG nextflow.executor.ExecutorFactory - >> processorType: 'local'
Aug-19 15:29:02.266 [main] DEBUG nextflow.script.ProcessConfig - Config settings `withLabel:process_single` matches labels `process_single` for process with name NFCORE_NANOSEQ:NANOSEQ:BAM_SORT_INDEX_SAMTOOLS:BAM_STATS_SAMTOOLS:SAMTOOLS_IDXSTATS
Aug-19 15:29:02.267 [main] DEBUG nextflow.script.ProcessConfig - Config settings `withName:SAMTOOLS_IDXSTATS` matches process NFCORE_NANOSEQ:NANOSEQ:BAM_SORT_INDEX_SAMTOOLS:BAM_STATS_SAMTOOLS:SAMTOOLS_IDXSTATS
Aug-19 15:29:02.268 [main] DEBUG nextflow.executor.ExecutorFactory - << taskConfig executor: null
Aug-19 15:29:02.268 [main] DEBUG nextflow.executor.ExecutorFactory - >> processorType: 'local'
Aug-19 15:29:02.302 [main] DEBUG nextflow.script.ProcessConfig - Config settings `withLabel:process_single` matches labels `process_single` for process with name NFCORE_NANOSEQ:NANOSEQ:CUSTOM_DUMPSOFTWAREVERSIONS
Aug-19 15:29:02.303 [main] DEBUG nextflow.script.ProcessConfig - Config settings `withName:CUSTOM_DUMPSOFTWAREVERSIONS` matches process NFCORE_NANOSEQ:NANOSEQ:CUSTOM_DUMPSOFTWAREVERSIONS
Aug-19 15:29:02.305 [main] DEBUG nextflow.executor.ExecutorFactory - << taskConfig executor: null
Aug-19 15:29:02.305 [main] DEBUG nextflow.executor.ExecutorFactory - >> processorType: 'local'
Aug-19 15:29:02.327 [main] DEBUG nextflow.script.ProcessConfig - Config settings `withLabel:process_medium` matches labels `process_medium` for process with name NFCORE_NANOSEQ:NANOSEQ:MULTIQC
Aug-19 15:29:02.327 [main] DEBUG nextflow.script.ProcessConfig - Config settings `withName:MULTIQC` matches process NFCORE_NANOSEQ:NANOSEQ:MULTIQC
Aug-19 15:29:02.329 [main] DEBUG nextflow.executor.ExecutorFactory - << taskConfig executor: null
Aug-19 15:29:02.329 [main] DEBUG nextflow.executor.ExecutorFactory - >> processorType: 'local'
Aug-19 15:29:02.333 [main] DEBUG nextflow.Session - Workflow process names [dsl2]: SNIFFLES_TABIX_VCF, BAMBU, NFCORE_NANOSEQ:NANOSEQ:ALIGN_MINIMAP2:MINIMAP2_INDEX, NFCORE_NANOSEQ:NANOSEQ:BAM_SORT_INDEX_SAMTOOLS:BAM_STATS_SAMTOOLS:SAMTOOLS_FLAGSTAT, SAMTOOLS_SORT_INDEX, NFCORE_NANOSEQ:NANOSEQ:BAM_SORT_INDEX_SAMTOOLS:SAMTOOLS_INDEX, TABIX_BGZIP, NANOPOLISH_INDEX_EVENTALIGN, XPORE_DIFFMOD, M6ANET_DATAPREP, DEXSEQ, SNIFFLES, GET_JAFFAL_REF, SAMTOOLS_STATS, UNTAR, NFCORE_NANOSEQ:NANOSEQ:QCFASTQ_NANOPLOT_FASTQC:FASTQC, NFCORE_NANOSEQ:NANOSEQ:INPUT_CHECK:SAMPLESHEET_CHECK, NFCORE_NANOSEQ:NANOSEQ:PREPARE_GENOME:GET_CHROM_SIZES, SNIFFLES_SORT_VCF, NFCORE_NANOSEQ:NANOSEQ:MULTIQC, DESEQ2, UCSC_BED12TOBIGBED, GRAPHMAP2_ALIGN, BEDTOOLS_GENOMECOV, PEPPER_MARGIN_DEEPVARIANT, CUTESV, NFCORE_NANOSEQ:NANOSEQ:BAM_SORT_INDEX_SAMTOOLS:SAMTOOLS_VIEW_BAM, NFCORE_NANOSEQ:NANOSEQ:QCAT, NFCORE_NANOSEQ:NANOSEQ:PREPARE_GENOME:SAMTOOLS_FAIDX, NFCORE_NANOSEQ:NANOSEQ:PREPARE_GENOME:GTF2BED, DEEPVARIANT_TABIX_GVCF, DEEPVARIANT, CUTESV_TABIX_VCF, NANOPLOT, MINIMAP2_INDEX, SAMTOOLS_INDEX, DEEPVARIANT_TABIX_VCF, MEDAKA_BGZIP_VCF, TABIX_TABIX, FASTQC, GRAPHMAP2_INDEX, UCSC_BEDGRAPHTOBIGWIG, MULTIQC, NFCORE_NANOSEQ:NANOSEQ:BAM_SORT_INDEX_SAMTOOLS:SAMTOOLS_SORT, GTF2BED, NFCORE_NANOSEQ:NANOSEQ:CUSTOM_DUMPSOFTWAREVERSIONS, SAMTOOLS_SORT, BEDTOOLS_BAMBED, STRINGTIE_MERGE, SUBREAD_FEATURECOUNTS, GET_CHROM_SIZES, NFCORE_NANOSEQ:NANOSEQ:BAM_SORT_INDEX_SAMTOOLS:BAM_STATS_SAMTOOLS:SAMTOOLS_STATS, M6ANET_INFERENCE, JAFFAL, SAMTOOLS_FAIDX, NFCORE_NANOSEQ:NANOSEQ:ALIGN_MINIMAP2:MINIMAP2_ALIGN, CUTESV_SORT_VCF, QCAT, SAMTOOLS_FLAGSTAT, SAMPLESHEET_CHECK, SNIFFLES_BGZIP_VCF, XPORE_DATAPREP, STRINGTIE2, BCFTOOLS_SORT, CUTESV_BGZIP_VCF, NFCORE_NANOSEQ:NANOSEQ:BAM_SORT_INDEX_SAMTOOLS:BAM_STATS_SAMTOOLS:SAMTOOLS_IDXSTATS, SAMTOOLS_VIEW_BAM, MEDAKA_TABIX_VCF, GET_TEST_DATA, NFCORE_NANOSEQ:NANOSEQ:QCFASTQ_NANOPLOT_FASTQC:NANOPLOT, GET_NANOLYSE_FASTA, NANOLYSE, MEDAKA_VARIANT, BAM_RENAME, SAMTOOLS_IDXSTATS, CUSTOM_DUMPSOFTWAREVERSIONS, MINIMAP2_ALIGN
Aug-19 15:29:02.339 [main] DEBUG nextflow.Session - Igniting dataflow network (37)
Aug-19 15:29:02.344 [main] DEBUG nextflow.processor.TaskProcessor - Starting process > NFCORE_NANOSEQ:NANOSEQ:INPUT_CHECK:SAMPLESHEET_CHECK
Aug-19 15:29:02.344 [main] DEBUG nextflow.processor.TaskProcessor - Starting process > NFCORE_NANOSEQ:NANOSEQ:QCAT
Aug-19 15:29:02.344 [main] DEBUG nextflow.processor.TaskProcessor - Starting process > NFCORE_NANOSEQ:NANOSEQ:QCFASTQ_NANOPLOT_FASTQC:NANOPLOT
Aug-19 15:29:02.345 [main] DEBUG nextflow.processor.TaskProcessor - Starting process > NFCORE_NANOSEQ:NANOSEQ:QCFASTQ_NANOPLOT_FASTQC:FASTQC
Aug-19 15:29:02.345 [main] DEBUG nextflow.processor.TaskProcessor - Starting process > NFCORE_NANOSEQ:NANOSEQ:PREPARE_GENOME:GET_CHROM_SIZES
Aug-19 15:29:02.345 [main] DEBUG nextflow.processor.TaskProcessor - Starting process > NFCORE_NANOSEQ:NANOSEQ:PREPARE_GENOME:GTF2BED
Aug-19 15:29:02.345 [main] DEBUG nextflow.processor.TaskProcessor - Starting process > NFCORE_NANOSEQ:NANOSEQ:PREPARE_GENOME:SAMTOOLS_FAIDX
Aug-19 15:29:02.345 [main] DEBUG nextflow.processor.TaskProcessor - Starting process > NFCORE_NANOSEQ:NANOSEQ:ALIGN_MINIMAP2:MINIMAP2_INDEX
Aug-19 15:29:02.345 [main] DEBUG nextflow.processor.TaskProcessor - Starting process > NFCORE_NANOSEQ:NANOSEQ:ALIGN_MINIMAP2:MINIMAP2_ALIGN
Aug-19 15:29:02.345 [main] DEBUG nextflow.processor.TaskProcessor - Starting process > NFCORE_NANOSEQ:NANOSEQ:BAM_SORT_INDEX_SAMTOOLS:SAMTOOLS_VIEW_BAM
Aug-19 15:29:02.345 [main] DEBUG nextflow.processor.TaskProcessor - Starting process > NFCORE_NANOSEQ:NANOSEQ:BAM_SORT_INDEX_SAMTOOLS:SAMTOOLS_SORT
Aug-19 15:29:02.345 [main] DEBUG nextflow.processor.TaskProcessor - Starting process > NFCORE_NANOSEQ:NANOSEQ:BAM_SORT_INDEX_SAMTOOLS:SAMTOOLS_INDEX
Aug-19 15:29:02.345 [main] DEBUG nextflow.processor.TaskProcessor - Starting process > NFCORE_NANOSEQ:NANOSEQ:BAM_SORT_INDEX_SAMTOOLS:BAM_STATS_SAMTOOLS:SAMTOOLS_STATS
Aug-19 15:29:02.345 [main] DEBUG nextflow.processor.TaskProcessor - Starting process > NFCORE_NANOSEQ:NANOSEQ:BAM_SORT_INDEX_SAMTOOLS:BAM_STATS_SAMTOOLS:SAMTOOLS_FLAGSTAT
Aug-19 15:29:02.345 [main] DEBUG nextflow.processor.TaskProcessor - Starting process > NFCORE_NANOSEQ:NANOSEQ:BAM_SORT_INDEX_SAMTOOLS:BAM_STATS_SAMTOOLS:SAMTOOLS_IDXSTATS
Aug-19 15:29:02.345 [main] DEBUG nextflow.processor.TaskProcessor - Starting process > NFCORE_NANOSEQ:NANOSEQ:CUSTOM_DUMPSOFTWAREVERSIONS
Aug-19 15:29:02.346 [main] DEBUG nextflow.processor.TaskProcessor - Starting process > NFCORE_NANOSEQ:NANOSEQ:MULTIQC
Aug-19 15:29:02.347 [main] DEBUG nextflow.script.ScriptRunner - Parsed script files:
  Script_bc87ae5ad864b5ca: /home/ehojune/.nextflow/assets/nf-core/nanoseq/./workflows/../subworkflows/local/../../modules/local/ucsc_bedgraphtobigwig.nf
  Script_9147fc2e9bf0c6a5: /home/ehojune/.nextflow/assets/nf-core/nanoseq/./workflows/../subworkflows/local/../../modules/local/xpore_diffmod.nf
  Script_baaa2e5a3f9c0763: /home/ehojune/.nextflow/assets/nf-core/nanoseq/./workflows/../subworkflows/local/align_minimap2.nf
  Script_392e714dbe8a1df6: /home/ehojune/.nextflow/assets/nf-core/nanoseq/./workflows/../subworkflows/local/../../modules/nf-core/fastqc/main.nf
  Script_0c1ca5ef7dc6c642: /home/ehojune/.nextflow/assets/nf-core/nanoseq/./workflows/../modules/local/bam_rename.nf
  Script_505ec9861459c120: /home/ehojune/.nextflow/assets/nf-core/nanoseq/./workflows/../subworkflows/local/../../modules/nf-core/tabix/bgzip/main.nf
  Script_fc41373a5d7d5bfa: /home/ehojune/.nextflow/assets/nf-core/nanoseq/./workflows/../modules/local/bambu.nf
  Script_a68d5feb9279c11c: /home/ehojune/.nextflow/assets/nf-core/nanoseq/./workflows/../subworkflows/local/../../modules/local/m6anet_dataprep.nf
  Script_c701dffdd78c77be: /home/ehojune/.nextflow/assets/nf-core/nanoseq/./workflows/../subworkflows/local/../../modules/local/get_chrom_sizes.nf
  Script_56314d2c57757f2a: /home/ehojune/.nextflow/assets/nf-core/nanoseq/./workflows/../subworkflows/local/../../modules/local/nanopolish_index_eventalign.nf
  Script_0d565de2ba87d6c8: /home/ehojune/.nextflow/assets/nf-core/nanoseq/./workflows/../subworkflows/local/../../modules/local/jaffal.nf
  Script_fc3d4f6b4e02cfe9: /home/ehojune/.nextflow/assets/nf-core/nanoseq/./workflows/../subworkflows/local/../../modules/local/minimap2_index.nf
  Script_9f5759e89bdbf53f: /home/ehojune/.nextflow/assets/nf-core/nanoseq/./workflows/../subworkflows/local/../../modules/local/minimap2_align.nf
  Script_5f3a0549c5575017: /home/ehojune/.nextflow/assets/nf-core/nanoseq/./workflows/../subworkflows/local/qcfastq_nanoplot_fastqc.nf
  Script_08e8120406c42c87: /home/ehojune/.nextflow/assets/nf-core/nanoseq/./workflows/../subworkflows/local/../../subworkflows/nf-core/../../modules/nf-core/samtools/stats/main.nf
  Script_cb211c549341a328: /home/ehojune/.nextflow/assets/nf-core/nanoseq/./workflows/../subworkflows/local/../../subworkflows/nf-core/../../modules/nf-core/samtools/idxstats/main.nf
  Script_ece15101865d8f4a: /home/ehojune/.nextflow/assets/nf-core/nanoseq/./workflows/nanoseq.nf
  Script_e332896fb6593c29: /home/ehojune/.nextflow/assets/nf-core/nanoseq/./workflows/../subworkflows/local/../../modules/local/stringtie2.nf
  Script_d499d47010ed84a6: /home/ehojune/.nextflow/assets/nf-core/nanoseq/./workflows/../subworkflows/local/../../modules/local/dexseq.nf
  Script_1acc6c07bdc27d33: /home/ehojune/.nextflow/assets/nf-core/nanoseq/./workflows/../subworkflows/local/../../modules/local/medaka_variant.nf
  Script_3ed7cdfd5cf5f414: /home/ehojune/.nextflow/assets/nf-core/nanoseq/./workflows/../modules/local/get_nanolyse_fasta.nf
  Script_9a38ee04b01174ab: /home/ehojune/.nextflow/assets/nf-core/nanoseq/./workflows/../modules/local/get_test_data.nf
  Script_68530a6b378fbdd4: /home/ehojune/.nextflow/assets/nf-core/nanoseq/./workflows/../subworkflows/local/../../modules/nf-core/bcftools/sort/main.nf
  Script_5a936eec0a0d6fae: /home/ehojune/.nextflow/assets/nf-core/nanoseq/./workflows/../subworkflows/local/../../modules/local/get_jaffal_ref.nf
  Script_92c226a4b8189b23: /home/ehojune/.nextflow/assets/nf-core/nanoseq/./workflows/../subworkflows/local/../../modules/local/ucsc_bed12tobigbed.nf
  Script_abf9087b1c4fde5e: /home/ehojune/.nextflow/assets/nf-core/nanoseq/./workflows/../subworkflows/local/../../modules/local/cutesv.nf
  Script_aa204f00e460a490: /home/ehojune/.nextflow/assets/nf-core/nanoseq/./workflows/../subworkflows/local/../../modules/local/deepvariant.nf
  Script_4af3f2569d318659: /home/ehojune/.nextflow/assets/nf-core/nanoseq/./workflows/../subworkflows/local/../../modules/local/gtf2bed.nf
  Script_1aa52c5cc59dfaa8: /home/ehojune/.nextflow/assets/nf-core/nanoseq/./workflows/../modules/local/multiqc.nf
  Script_a063e9fdaa49ec58: /home/ehojune/.nextflow/assets/nf-core/nanoseq/./workflows/../subworkflows/local/../../subworkflows/nf-core/bam_stats_samtools.nf
  Script_813f8bd24f68044c: /home/ehojune/.nextflow/assets/nf-core/nanoseq/./workflows/../subworkflows/local/../../subworkflows/nf-core/../../modules/nf-core/samtools/flagstat/main.nf
  Script_3e5bd3bd630cb772: /home/ehojune/.nextflow/assets/nf-core/nanoseq/./workflows/../modules/nf-core/nanolyse/main.nf
  Script_c45bc812e1d5f5cb: /home/ehojune/.nextflow/assets/nf-core/nanoseq/./workflows/../subworkflows/local/../../modules/nf-core/samtools/sort/main.nf
  Script_622d4b2a91e75ea6: /home/ehojune/.nextflow/assets/nf-core/nanoseq/./workflows/../subworkflows/local/../../modules/nf-core/samtools/index/main.nf
  Script_a552269934e8d8de: /home/ehojune/.nextflow/assets/nf-core/nanoseq/./workflows/../subworkflows/local/../../modules/nf-core/samtools/faidx/main.nf
  Script_71a3b5208ae2d2c1: /home/ehojune/.nextflow/assets/nf-core/nanoseq/./workflows/../subworkflows/local/../../modules/local/xpore_dataprep.nf
  Script_dd40e7ee19caedbd: /home/ehojune/.nextflow/assets/nf-core/nanoseq/./workflows/../subworkflows/local/../../modules/nf-core/tabix/tabix/main.nf
  Script_756fb404e3a86813: /home/ehojune/.nextflow/assets/nf-core/nanoseq/./workflows/../subworkflows/local/bedtools_ucsc_bigwig.nf
  Script_a2889bb270434f37: /home/ehojune/.nextflow/assets/nf-core/nanoseq/./workflows/../subworkflows/local/short_variant_calling.nf
  Script_cdf3da412293fa45: /home/ehojune/.nextflow/assets/nf-core/nanoseq/./workflows/../subworkflows/local/../../modules/nf-core/untar/main.nf
  Script_96579e44a6e66cf3: /home/ehojune/.nextflow/assets/nf-core/nanoseq/main.nf
  Script_bfc43472a62a96bf: /home/ehojune/.nextflow/assets/nf-core/nanoseq/./workflows/../subworkflows/local/../../modules/local/samplesheet_check.nf
  Script_400f660dc919fb65: /home/ehojune/.nextflow/assets/nf-core/nanoseq/./workflows/../subworkflows/local/align_graphmap2.nf
  Script_2ebc0fec72e677cc: /home/ehojune/.nextflow/assets/nf-core/nanoseq/./workflows/../subworkflows/local/../../modules/local/graphmap2_align.nf
  Script_73d7fefc55c924d3: /home/ehojune/.nextflow/assets/nf-core/nanoseq/./workflows/../subworkflows/local/input_check.nf
  Script_5b3c40854b745bc1: /home/ehojune/.nextflow/assets/nf-core/nanoseq/./workflows/../subworkflows/local/quantify_stringtie_featurecounts.nf
  Script_aa73f213cf4c1a39: /home/ehojune/.nextflow/assets/nf-core/nanoseq/./workflows/../subworkflows/local/rna_modifications_xpore_m6anet.nf
  Script_1410347fabfe4819: /home/ehojune/.nextflow/assets/nf-core/nanoseq/./workflows/../subworkflows/local/../../modules/local/samtools_sort_index.nf
  Script_09e1dc2cabbac8a7: /home/ehojune/.nextflow/assets/nf-core/nanoseq/./workflows/../subworkflows/local/prepare_genome.nf
  Script_51f1a671ca2d31cc: /home/ehojune/.nextflow/assets/nf-core/nanoseq/./workflows/../subworkflows/local/bam_sort_index_samtools.nf
  Script_57e2107c0843bbed: /home/ehojune/.nextflow/assets/nf-core/nanoseq/./workflows/../subworkflows/local/../../modules/local/deseq2.nf
  Script_470d462c1256120a: /home/ehojune/.nextflow/assets/nf-core/nanoseq/./workflows/../modules/local/qcat.nf
  Script_0fe890aec39cf994: /home/ehojune/.nextflow/assets/nf-core/nanoseq/./workflows/../subworkflows/local/../../modules/local/samtools_view_bam.nf
  Script_b2317a11268bd508: /home/ehojune/.nextflow/assets/nf-core/nanoseq/./workflows/../subworkflows/local/../../modules/local/m6anet_inference.nf
  Script_ac86f64dd61924c5: /home/ehojune/.nextflow/assets/nf-core/nanoseq/./workflows/../subworkflows/local/bedtools_ucsc_bigbed.nf
  Script_dc576499bdaf05f8: /home/ehojune/.nextflow/assets/nf-core/nanoseq/./workflows/../modules/nf-core/custom/dumpsoftwareversions/main.nf
  Script_b1fdbee1932eafb4: /home/ehojune/.nextflow/assets/nf-core/nanoseq/./workflows/../subworkflows/local/../../modules/local/pepper_margin_deepvariant.nf
  Script_ee1ef9ec05ecaeb5: /home/ehojune/.nextflow/assets/nf-core/nanoseq/./workflows/../subworkflows/local/../../modules/local/graphmap2_index.nf
  Script_ec08d50709821cef: /home/ehojune/.nextflow/assets/nf-core/nanoseq/./workflows/../subworkflows/local/../../modules/local/bedtools_bamtobed.nf
  Script_0a2bd97c11252c13: /home/ehojune/.nextflow/assets/nf-core/nanoseq/./workflows/../subworkflows/local/../../modules/nf-core/nanoplot/main.nf
  Script_281ca4766407b903: /home/ehojune/.nextflow/assets/nf-core/nanoseq/./workflows/../subworkflows/local/rna_fusions_jaffal.nf
  Script_71b1bd40ad956ee9: /home/ehojune/.nextflow/assets/nf-core/nanoseq/./workflows/../subworkflows/local/../../modules/local/subread_featurecounts.nf
  Script_77c74b582a9f373a: /home/ehojune/.nextflow/assets/nf-core/nanoseq/./workflows/../subworkflows/local/../../modules/nf-core/stringtie/merge/main.nf
  Script_c5b0da1b34408130: /home/ehojune/.nextflow/assets/nf-core/nanoseq/./workflows/../subworkflows/local/differential_deseq2_dexseq.nf
  Script_dd9e93ab6d097c8c: /home/ehojune/.nextflow/assets/nf-core/nanoseq/./workflows/../subworkflows/local/structural_variant_calling.nf
  Script_875bce8dda01a9f7: /home/ehojune/.nextflow/assets/nf-core/nanoseq/./workflows/../subworkflows/local/../../modules/local/bedtools_genomecov.nf
  Script_3cab1dda38cc3727: /home/ehojune/.nextflow/assets/nf-core/nanoseq/./workflows/../subworkflows/local/../../modules/local/sniffles.nf
Aug-19 15:29:02.347 [main] DEBUG nextflow.script.ScriptRunner - > Awaiting termination 
Aug-19 15:29:02.347 [main] DEBUG nextflow.Session - Session await
Aug-19 15:29:02.402 [Actor Thread 59] DEBUG nextflow.sort.BigSort - Sort completed -- entries: 1; slices: 1; internal sort time: 0.0 s; external sort time: 0.01 s; total time: 0.01 s
Aug-19 15:29:02.465 [Actor Thread 59] DEBUG nextflow.file.FileCollector - Saved collect-files list to: /BiO/scratch/ehojune/nxf_work/collect-file/4e6f4369ab4b59c29312750346d3d2e1
Aug-19 15:29:02.470 [Actor Thread 59] DEBUG nextflow.file.FileCollector - Deleting file collector temp dir: /tmp/nxf-10717014465456647258
Aug-19 15:29:02.832 [FileTransfer-1] DEBUG nextflow.file.FilePorter - Copying foreign file https://raw.githubusercontent.com/nf-core/test-datasets/nanoseq/fastq/nondemultiplexed/sample_nobc_dx.fastq.gz to work dir: /BiO/scratch/ehojune/nxf_work/stage-ac594281-69b5-43e0-862e-faa26ff79460/ea/b094ced45a7d68243a3439a0e55ddf/sample_nobc_dx.fastq.gz
Aug-19 15:29:02.832 [FileTransfer-2] DEBUG nextflow.file.FilePorter - Copying foreign file https://raw.githubusercontent.com/nf-core/test-datasets/nanoseq/3.0/samplesheet/samplesheet_nobc_dx.csv to work dir: /BiO/scratch/ehojune/nxf_work/stage-ac594281-69b5-43e0-862e-faa26ff79460/f9/8e1f5fc44a1f082fe758752fed6c95/samplesheet_nobc_dx.csv
Aug-19 15:29:03.168 [Actor Thread 65] INFO  nextflow.container.SingularityCache - Pulling Singularity image https://depot.galaxyproject.org/singularity/python:3.8.3 [cache /BiO/scratch/ehojune/singularity_cache/depot.galaxyproject.org-singularity-python-3.8.3.img]
Aug-19 15:29:03.184 [Actor Thread 64] INFO  nextflow.container.SingularityCache - Pulling Singularity image https://depot.galaxyproject.org/singularity/qcat:1.1.0--py_0 [cache /BiO/scratch/ehojune/singularity_cache/depot.galaxyproject.org-singularity-qcat-1.1.0--py_0.img]
Aug-19 15:29:03.328 [Actor Thread 66] DEBUG nextflow.processor.TaskProcessor - Handling unexpected condition for
  task: name=NFCORE_NANOSEQ:NANOSEQ:INPUT_CHECK:SAMPLESHEET_CHECK (1); work-dir=null
  error [java.lang.IllegalStateException]: java.lang.IllegalStateException: Failed to pull singularity image
  command: singularity pull  --name depot.galaxyproject.org-singularity-python-3.8.3.img.pulling.1787120943169 https://depot.galaxyproject.org/singularity/python:3.8.3 > /dev/null
  status : 255
  hint   : Try and increase singularity.pullTimeout in the config (current is "20m")
  message:
    FATAL:   Error making http request: Head "https://depot.galaxyproject.org/singularity/python:3.8.3": dial tcp: lookup depot.galaxyproject.org on 221.143.43.39:53: no such host

Aug-19 15:29:03.334 [Actor Thread 63] DEBUG nextflow.processor.TaskProcessor - Handling unexpected condition for
  task: name=NFCORE_NANOSEQ:NANOSEQ:QCAT (1); work-dir=null
  error [java.lang.IllegalStateException]: java.lang.IllegalStateException: Failed to pull singularity image
  command: singularity pull  --name depot.galaxyproject.org-singularity-qcat-1.1.0--py_0.img.pulling.1787120943184 https://depot.galaxyproject.org/singularity/qcat:1.1.0--py_0 > /dev/null
  status : 255
  hint   : Try and increase singularity.pullTimeout in the config (current is "20m")
  message:
    FATAL:   Error making http request: Head "https://depot.galaxyproject.org/singularity/qcat:1.1.0--py_0": dial tcp: lookup depot.galaxyproject.org on 221.143.43.39:53: no such host

Aug-19 15:29:03.335 [Actor Thread 59] DEBUG nextflow.processor.TaskProcessor - Handling unexpected condition for
  task: name=NFCORE_NANOSEQ:NANOSEQ:QCAT; work-dir=null
  error [java.lang.InterruptedException]: java.lang.InterruptedException
Aug-19 15:29:03.335 [Actor Thread 66] ERROR nextflow.processor.TaskProcessor - Error executing process > 'NFCORE_NANOSEQ:NANOSEQ:INPUT_CHECK:SAMPLESHEET_CHECK (1)'

Caused by:
  Failed to pull singularity image
    command: singularity pull  --name depot.galaxyproject.org-singularity-python-3.8.3.img.pulling.1787120943169 https://depot.galaxyproject.org/singularity/python:3.8.3 > /dev/null
    status : 255
    hint   : Try and increase singularity.pullTimeout in the config (current is "20m")
    message:
      FATAL:   Error making http request: Head "https://depot.galaxyproject.org/singularity/python:3.8.3": dial tcp: lookup depot.galaxyproject.org on 221.143.43.39:53: no such host


java.lang.IllegalStateException: java.lang.IllegalStateException: Failed to pull singularity image
  command: singularity pull  --name depot.galaxyproject.org-singularity-python-3.8.3.img.pulling.1787120943169 https://depot.galaxyproject.org/singularity/python:3.8.3 > /dev/null
  status : 255
  hint   : Try and increase singularity.pullTimeout in the config (current is "20m")
  message:
    FATAL:   Error making http request: Head "https://depot.galaxyproject.org/singularity/python:3.8.3": dial tcp: lookup depot.galaxyproject.org on 221.143.43.39:53: no such host

	at nextflow.container.SingularityCache.getCachePathFor(SingularityCache.groovy:356)
	at nextflow.container.ContainerHandler.createSingularityCache(ContainerHandler.groovy:108)
	at nextflow.container.ContainerHandler.normalizeImageName(ContainerHandler.groovy:75)
	at nextflow.container.resolver.DefaultContainerResolver.resolveImage0(DefaultContainerResolver.groovy:49)
	at nextflow.container.resolver.DefaultContainerResolver.resolveImage(DefaultContainerResolver.groovy:42)
	at org.codehaus.groovy.vmplugin.v8.IndyInterface.fromCache(IndyInterface.java:321)
	at nextflow.processor.TaskRun.containerInfo0(TaskRun.groovy:697)
	at java.base/jdk.internal.reflect.NativeMethodAccessorImpl.invoke0(Native Method)
	at java.base/jdk.internal.reflect.NativeMethodAccessorImpl.invoke(NativeMethodAccessorImpl.java:77)
	at java.base/jdk.internal.reflect.DelegatingMethodAccessorImpl.invoke(DelegatingMethodAccessorImpl.java:43)
	at java.base/java.lang.reflect.Method.invoke(Method.java:569)
	at org.codehaus.groovy.reflection.CachedMethod.invoke(CachedMethod.java:343)
	at groovy.lang.MetaMethod.doMethodInvoke(MetaMethod.java:328)
	at groovy.lang.MetaClassImpl.doInvokeMethod(MetaClassImpl.java:1333)
	at groovy.lang.MetaClassImpl.invokeMethod(MetaClassImpl.java:1088)
	at org.codehaus.groovy.runtime.ScriptBytecodeAdapter.invokeMethodOnCurrentN(ScriptBytecodeAdapter.java:96)
	at nextflow.processor.TaskRun.this$dist$invoke$1(TaskRun.groovy)
	at nextflow.processor.TaskRun$4.methodMissing(TaskRun.groovy)
	at java.base/jdk.internal.reflect.NativeMethodAccessorImpl.invoke0(Native Method)
	at java.base/jdk.internal.reflect.NativeMethodAccessorImpl.invoke(NativeMethodAccessorImpl.java:77)
	at java.base/jdk.internal.reflect.DelegatingMethodAccessorImpl.invoke(DelegatingMethodAccessorImpl.java:43)
	at java.base/java.lang.reflect.Method.invoke(Method.java:569)
	at org.codehaus.groovy.reflection.CachedMethod.invoke(CachedMethod.java:343)
	at groovy.lang.MetaClassImpl.invokeMissingMethod(MetaClassImpl.java:924)
	at groovy.lang.MetaClassImpl.invokePropertyOrMissing(MetaClassImpl.java:1413)
	at groovy.lang.MetaClassImpl.doInvokeMethod(MetaClassImpl.java:1335)
	at groovy.lang.MetaClassImpl.invokeMethod(MetaClassImpl.java:1088)
	at groovy.lang.MetaClassImpl.invokeMethod(MetaClassImpl.java:1007)
	at org.codehaus.groovy.vmplugin.v8.IndyInterface.fromCache(IndyInterface.java:321)
	at nextflow.processor.TaskRun$4.apply(TaskRun.groovy:678)
	at nextflow.processor.TaskRun$4.apply(TaskRun.groovy)
	at java.base/java.util.concurrent.ConcurrentHashMap.computeIfAbsent(ConcurrentHashMap.java:1708)
	at org.codehaus.groovy.vmplugin.v8.IndyInterface.fromCache(IndyInterface.java:321)
	at nextflow.processor.TaskRun.containerInfo(TaskRun.groovy:675)
	at org.codehaus.groovy.vmplugin.v8.IndyInterface.fromCache(IndyInterface.java:321)
	at nextflow.processor.TaskRun.getContainer(TaskRun.groovy:709)
	at org.codehaus.groovy.vmplugin.v8.IndyInterface.fromCache(IndyInterface.java:321)
	at nextflow.processor.TaskRun.isContainerEnabled(TaskRun.groovy:764)
	at org.codehaus.groovy.vmplugin.v8.IndyInterface.fromCache(IndyInterface.java:321)
	at nextflow.processor.TaskProcessor.createTaskHashKey(TaskProcessor.groovy:2199)
	at org.codehaus.groovy.vmplugin.v8.IndyInterface.fromCache(IndyInterface.java:321)
	at nextflow.processor.TaskProcessor.invokeTask(TaskProcessor.groovy:654)
	at nextflow.processor.InvokeTaskAdapter.call(InvokeTaskAdapter.groovy:52)
	at groovyx.gpars.dataflow.operator.DataflowOperatorActor.startTask(DataflowOperatorActor.java:120)
	at groovyx.gpars.dataflow.operator.ForkingDataflowOperatorActor.access$001(ForkingDataflowOperatorActor.java:35)
	at groovyx.gpars.dataflow.operator.ForkingDataflowOperatorActor$1.run(ForkingDataflowOperatorActor.java:58)
	at java.base/java.util.concurrent.ThreadPoolExecutor.runWorker(ThreadPoolExecutor.java:1136)
	at java.base/java.util.concurrent.ThreadPoolExecutor$Worker.run(ThreadPoolExecutor.java:635)
	at java.base/java.lang.Thread.run(Thread.java:840)
Caused by: java.lang.IllegalStateException: Failed to pull singularity image
  command: singularity pull  --name depot.galaxyproject.org-singularity-python-3.8.3.img.pulling.1787120943169 https://depot.galaxyproject.org/singularity/python:3.8.3 > /dev/null
  status : 255
  hint   : Try and increase singularity.pullTimeout in the config (current is "20m")
  message:
    FATAL:   Error making http request: Head "https://depot.galaxyproject.org/singularity/python:3.8.3": dial tcp: lookup depot.galaxyproject.org on 221.143.43.39:53: no such host

	at nextflow.container.SingularityCache.runCommand(SingularityCache.groovy:308)
	at nextflow.container.SingularityCache.downloadContainerImage0(SingularityCache.groovy:275)
	at java.base/jdk.internal.reflect.NativeMethodAccessorImpl.invoke0(Native Method)
	at java.base/jdk.internal.reflect.NativeMethodAccessorImpl.invoke(NativeMethodAccessorImpl.java:77)
	at java.base/jdk.internal.reflect.DelegatingMethodAccessorImpl.invoke(DelegatingMethodAccessorImpl.java:43)
	at java.base/java.lang.reflect.Method.invoke(Method.java:569)
	at org.codehaus.groovy.reflection.CachedMethod.invoke(CachedMethod.java:343)
	at groovy.lang.MetaMethod.doMethodInvoke(MetaMethod.java:328)
	at groovy.lang.MetaClassImpl.doInvokeMethod(MetaClassImpl.java:1333)
	at groovy.lang.MetaClassImpl.invokeMethod(MetaClassImpl.java:1088)
	at groovy.lang.MetaClassImpl.invokeMethod(MetaClassImpl.java:1007)
	at org.codehaus.groovy.runtime.InvokerHelper.invokePogoMethod(InvokerHelper.java:645)
	at org.codehaus.groovy.runtime.InvokerHelper.invokeMethod(InvokerHelper.java:628)
	at org.codehaus.groovy.runtime.InvokerHelper.invokeMethodSafe(InvokerHelper.java:82)
	at nextflow.container.SingularityCache$_downloadContainerImage_closure1.doCall(SingularityCache.groovy:243)
	at nextflow.container.SingularityCache$_downloadContainerImage_closure1.call(SingularityCache.groovy)
	at nextflow.file.FileMutex.lock(FileMutex.groovy:106)
	at nextflow.container.SingularityCache.downloadContainerImage(SingularityCache.groovy:243)
	at java.base/jdk.internal.reflect.NativeMethodAccessorImpl.invoke0(Native Method)
	at java.base/jdk.internal.reflect.NativeMethodAccessorImpl.invoke(NativeMethodAccessorImpl.java:77)
	at java.base/jdk.internal.reflect.DelegatingMethodAccessorImpl.invoke(DelegatingMethodAccessorImpl.java:43)
	at java.base/java.lang.reflect.Method.invoke(Method.java:569)
	at org.codehaus.groovy.reflection.CachedMethod.invoke(CachedMethod.java:343)
	at groovy.lang.MetaMethod.doMethodInvoke(MetaMethod.java:328)
	at groovy.lang.MetaClassImpl.doInvokeMethod(MetaClassImpl.java:1333)
	at groovy.lang.MetaClassImpl.invokeMethod(MetaClassImpl.java:1088)
	at groovy.lang.MetaClassImpl.invokeMethod(MetaClassImpl.java:1007)
	at org.codehaus.groovy.runtime.InvokerHelper.invokePogoMethod(InvokerHelper.java:645)
	at org.codehaus.groovy.runtime.InvokerHelper.invokeMethod(InvokerHelper.java:628)
	at org.codehaus.groovy.runtime.InvokerHelper.invokeMethodSafe(InvokerHelper.java:82)
	at nextflow.container.SingularityCache$_getLazyImagePath_closure2.doCall(SingularityCache.groovy:333)
	at nextflow.container.SingularityCache$_getLazyImagePath_closure2.call(SingularityCache.groovy)
	at groovyx.gpars.dataflow.LazyDataflowVariable$1.run(LazyDataflowVariable.java:70)
	... 3 common frames omitted
Aug-19 15:29:03.338 [Actor Thread 66] DEBUG nextflow.Session - Session aborted -- Cause: java.lang.IllegalStateException: Failed to pull singularity image
  command: singularity pull  --name depot.galaxyproject.org-singularity-python-3.8.3.img.pulling.1787120943169 https://depot.galaxyproject.org/singularity/python:3.8.3 > /dev/null
  status : 255
  hint   : Try and increase singularity.pullTimeout in the config (current is "20m")
  message:
    FATAL:   Error making http request: Head "https://depot.galaxyproject.org/singularity/python:3.8.3": dial tcp: lookup depot.galaxyproject.org on 221.143.43.39:53: no such host

Aug-19 15:29:03.353 [Actor Thread 66] DEBUG nextflow.Session - The following nodes are still active:
[process] NFCORE_NANOSEQ:NANOSEQ:INPUT_CHECK:SAMPLESHEET_CHECK
  status=ACTIVE
  port 0: (value) bound ; channel: samplesheet
  port 1: (queue) closed; channel: input_path
  port 2: (cntrl) -     ; channel: $

[process] NFCORE_NANOSEQ:NANOSEQ:QCFASTQ_NANOPLOT_FASTQC:NANOPLOT
  status=ACTIVE
  port 0: (queue) OPEN  ; channel: -
  port 1: (cntrl) -     ; channel: $

[process] NFCORE_NANOSEQ:NANOSEQ:QCFASTQ_NANOPLOT_FASTQC:FASTQC
  status=ACTIVE
  port 0: (queue) OPEN  ; channel: -
  port 1: (cntrl) -     ; channel: $

[process] NFCORE_NANOSEQ:NANOSEQ:PREPARE_GENOME:GET_CHROM_SIZES
  status=ACTIVE
  port 0: (queue) OPEN  ; channel: -
  port 1: (cntrl) -     ; channel: $

[process] NFCORE_NANOSEQ:NANOSEQ:PREPARE_GENOME:GTF2BED
  status=ACTIVE
  port 0: (queue) OPEN  ; channel: -
  port 1: (cntrl) -     ; channel: $

[process] NFCORE_NANOSEQ:NANOSEQ:PREPARE_GENOME:SAMTOOLS_FAIDX
  status=ACTIVE
  port 0: (queue) OPEN  ; channel: -
  port 1: (cntrl) -     ; channel: $

[process] NFCORE_NANOSEQ:NANOSEQ:ALIGN_MINIMAP2:MINIMAP2_INDEX
  status=ACTIVE
  port 0: (queue) OPEN  ; channel: -
  port 1: (cntrl) -     ; channel: $

[process] NFCORE_NANOSEQ:NANOSEQ:ALIGN_MINIMAP2:MINIMAP2_ALIGN
  status=ACTIVE
  port 0: (queue) OPEN  ; channel: -
  port 1: (cntrl) -     ; channel: $

[process] NFCORE_NANOSEQ:NANOSEQ:BAM_SORT_INDEX_SAMTOOLS:SAMTOOLS_VIEW_BAM
  status=ACTIVE
  port 0: (queue) OPEN  ; channel: -
  port 1: (cntrl) -     ; channel: $

[process] NFCORE_NANOSEQ:NANOSEQ:BAM_SORT_INDEX_SAMTOOLS:SAMTOOLS_SORT
  status=ACTIVE
  port 0: (queue) OPEN  ; channel: -
  port 1: (cntrl) -     ; channel: $

[process] NFCORE_NANOSEQ:NANOSEQ:BAM_SORT_INDEX_SAMTOOLS:SAMTOOLS_INDEX
  status=ACTIVE
  port 0: (queue) OPEN  ; channel: -
  port 1: (cntrl) -     ; channel: $

[process] NFCORE_NANOSEQ:NANOSEQ:BAM_SORT_INDEX_SAMTOOLS:BAM_STATS_SAMTOOLS:SAMTOOLS_STATS
  status=ACTIVE
  port 0: (queue) OPEN  ; channel: -
  port 1: (queue) OPEN  ; channel: fasta
  port 2: (cntrl) -     ; channel: $

[process] NFCORE_NANOSEQ:NANOSEQ:BAM_SORT_INDEX_SAMTOOLS:BAM_STATS_SAMTOOLS:SAMTOOLS_FLAGSTAT
  status=ACTIVE
  port 0: (queue) OPEN  ; channel: -
  port 1: (cntrl) -     ; channel: $

[process] NFCORE_NANOSEQ:NANOSEQ:BAM_SORT_INDEX_SAMTOOLS:BAM_STATS_SAMTOOLS:SAMTOOLS_IDXSTATS
  status=ACTIVE
  port 0: (queue) OPEN  ; channel: -
  port 1: (cntrl) -     ; channel: $

[process] NFCORE_NANOSEQ:NANOSEQ:CUSTOM_DUMPSOFTWAREVERSIONS
  status=ACTIVE
  port 0: (queue) OPEN  ; channel: versions
  port 1: (cntrl) -     ; channel: $

[process] NFCORE_NANOSEQ:NANOSEQ:MULTIQC
  status=ACTIVE
  port 0: (value) bound ; channel: ch_multiqc_config
  port 1: (value) bound ; channel: ch_multiqc_custom_config
  port 2: (queue) OPEN  ; channel: ch_fastqc_multiqc
  port 3: (value) OPEN  ; channel: ch_sortbam_stats_multiqc
  port 4: (queue) OPEN  ; channel: ch_featurecounts_gene_multiqc
  port 5: (queue) OPEN  ; channel: ch_featurecounts_transcript_multiqc
  port 6: (value) OPEN  ; channel: software_versions_yaml
  port 7: (queue) OPEN  ; channel: workflow_summary
  port 8: (cntrl) -     ; channel: $

Aug-19 15:29:03.357 [Actor Thread 66] DEBUG nextflow.Session - 
Thread[Actor Thread 73,5,main]
  java.base@17.0.18-internal/jdk.internal.misc.Unsafe.park(Native Method)
  java.base@17.0.18-internal/java.util.concurrent.locks.LockSupport.park(LockSupport.java:341)
  java.base@17.0.18-internal/java.util.concurrent.SynchronousQueue$TransferStack$SNode.block(SynchronousQueue.java:288)
  java.base@17.0.18-internal/java.util.concurrent.ForkJoinPool.unmanagedBlock(ForkJoinPool.java:3465)
  java.base@17.0.18-internal/java.util.concurrent.ForkJoinPool.managedBlock(ForkJoinPool.java:3436)
  java.base@17.0.18-internal/java.util.concurrent.SynchronousQueue$TransferStack.transfer(SynchronousQueue.java:397)
  java.base@17.0.18-internal/java.util.concurrent.SynchronousQueue.take(SynchronousQueue.java:886)
  java.base@17.0.18-internal/java.util.concurrent.ThreadPoolExecutor.getTask(ThreadPoolExecutor.java:1062)
  java.base@17.0.18-internal/java.util.concurrent.ThreadPoolExecutor.runWorker(ThreadPoolExecutor.java:1122)
  java.base@17.0.18-internal/java.util.concurrent.ThreadPoolExecutor$Worker.run(ThreadPoolExecutor.java:635)
  java.base@17.0.18-internal/java.lang.Thread.run(Thread.java:840)

Thread[Actor Thread 72,5,main]
  java.base@17.0.18-internal/jdk.internal.misc.Unsafe.park(Native Method)
  java.base@17.0.18-internal/java.util.concurrent.locks.LockSupport.park(LockSupport.java:341)
  java.base@17.0.18-internal/java.util.concurrent.SynchronousQueue$TransferStack$SNode.block(SynchronousQueue.java:288)
  java.base@17.0.18-internal/java.util.concurrent.ForkJoinPool.unmanagedBlock(ForkJoinPool.java:3465)
  java.base@17.0.18-internal/java.util.concurrent.ForkJoinPool.managedBlock(ForkJoinPool.java:3436)
  java.base@17.0.18-internal/java.util.concurrent.SynchronousQueue$TransferStack.transfer(SynchronousQueue.java:397)
  java.base@17.0.18-internal/java.util.concurrent.SynchronousQueue.take(SynchronousQueue.java:886)
  java.base@17.0.18-internal/java.util.concurrent.ThreadPoolExecutor.getTask(ThreadPoolExecutor.java:1062)
  java.base@17.0.18-internal/java.util.concurrent.ThreadPoolExecutor.runWorker(ThreadPoolExecutor.java:1122)
  java.base@17.0.18-internal/java.util.concurrent.ThreadPoolExecutor$Worker.run(ThreadPoolExecutor.java:635)
  java.base@17.0.18-internal/java.lang.Thread.run(Thread.java:840)

Thread[PathVisitor-2,5,main]
  java.base@17.0.18-internal/jdk.internal.misc.Unsafe.park(Native Method)
  java.base@17.0.18-internal/java.util.concurrent.locks.LockSupport.parkNanos(LockSupport.java:252)
  java.base@17.0.18-internal/java.util.concurrent.SynchronousQueue$TransferStack.transfer(SynchronousQueue.java:401)
  java.base@17.0.18-internal/java.util.concurrent.SynchronousQueue.poll(SynchronousQueue.java:903)
  java.base@17.0.18-internal/java.util.concurrent.ThreadPoolExecutor.getTask(ThreadPoolExecutor.java:1061)
  java.base@17.0.18-internal/java.util.concurrent.ThreadPoolExecutor.runWorker(ThreadPoolExecutor.java:1122)
  java.base@17.0.18-internal/java.util.concurrent.ThreadPoolExecutor$Worker.run(ThreadPoolExecutor.java:635)
  java.base@17.0.18-internal/java.lang.Thread.run(Thread.java:840)

Thread[process reaper,10,system]
  java.base@17.0.18-internal/jdk.internal.misc.Unsafe.park(Native Method)
  java.base@17.0.18-internal/java.util.concurrent.locks.LockSupport.parkNanos(LockSupport.java:252)
  java.base@17.0.18-internal/java.util.concurrent.SynchronousQueue$TransferStack.transfer(SynchronousQueue.java:401)
  java.base@17.0.18-internal/java.util.concurrent.SynchronousQueue.poll(SynchronousQueue.java:903)
  java.base@17.0.18-internal/java.util.concurrent.ThreadPoolExecutor.getTask(ThreadPoolExecutor.java:1061)
  java.base@17.0.18-internal/java.util.concurrent.ThreadPoolExecutor.runWorker(ThreadPoolExecutor.java:1122)
  java.base@17.0.18-internal/java.util.concurrent.ThreadPoolExecutor$Worker.run(ThreadPoolExecutor.java:635)
  java.base@17.0.18-internal/java.lang.Thread.run(Thread.java:840)

Thread[FileTransfer-2,5,main]
  java.base@17.0.18-internal/jdk.internal.misc.Unsafe.park(Native Method)
  java.base@17.0.18-internal/java.util.concurrent.locks.LockSupport.park(LockSupport.java:341)
  java.base@17.0.18-internal/java.util.concurrent.locks.AbstractQueuedSynchronizer$ConditionNode.block(AbstractQueuedSynchronizer.java:506)
  java.base@17.0.18-internal/java.util.concurrent.ForkJoinPool.unmanagedBlock(ForkJoinPool.java:3465)
  java.base@17.0.18-internal/java.util.concurrent.ForkJoinPool.managedBlock(ForkJoinPool.java:3436)
  java.base@17.0.18-internal/java.util.concurrent.locks.AbstractQueuedSynchronizer$ConditionObject.await(AbstractQueuedSynchronizer.java:1630)
  java.base@17.0.18-internal/java.util.concurrent.LinkedBlockingQueue.take(LinkedBlockingQueue.java:435)
  java.base@17.0.18-internal/java.util.concurrent.ThreadPoolExecutor.getTask(ThreadPoolExecutor.java:1062)
  java.base@17.0.18-internal/java.util.concurrent.ThreadPoolExecutor.runWorker(ThreadPoolExecutor.java:1122)
  java.base@17.0.18-internal/java.util.concurrent.ThreadPoolExecutor$Worker.run(ThreadPoolExecutor.java:635)
  java.base@17.0.18-internal/java.lang.Thread.run(Thread.java:840)

Thread[Actor Thread 62,5,main]
  java.base@17.0.18-internal/jdk.internal.misc.Unsafe.park(Native Method)
  java.base@17.0.18-internal/java.util.concurrent.locks.LockSupport.park(LockSupport.java:341)
  java.base@17.0.18-internal/java.util.concurrent.SynchronousQueue$TransferStack$SNode.block(SynchronousQueue.java:288)
  java.base@17.0.18-internal/java.util.concurrent.ForkJoinPool.unmanagedBlock(ForkJoinPool.java:3465)
  java.base@17.0.18-internal/java.util.concurrent.ForkJoinPool.managedBlock(ForkJoinPool.java:3436)
  java.base@17.0.18-internal/java.util.concurrent.SynchronousQueue$TransferStack.transfer(SynchronousQueue.java:397)
  java.base@17.0.18-internal/java.util.concurrent.SynchronousQueue.take(SynchronousQueue.java:886)
  java.base@17.0.18-internal/java.util.concurrent.ThreadPoolExecutor.getTask(ThreadPoolExecutor.java:1062)
  java.base@17.0.18-internal/java.util.concurrent.ThreadPoolExecutor.runWorker(ThreadPoolExecutor.java:1122)
  java.base@17.0.18-internal/java.util.concurrent.ThreadPoolExecutor$Worker.run(ThreadPoolExecutor.java:635)
  java.base@17.0.18-internal/java.lang.Thread.run(Thread.java:840)

Thread[Signal Dispatcher,9,system]

Thread[Actor Thread 67,5,main]
  java.base@17.0.18-internal/jdk.internal.misc.Unsafe.park(Native Method)
  java.base@17.0.18-internal/java.util.concurrent.locks.LockSupport.park(LockSupport.java:341)
  java.base@17.0.18-internal/java.util.concurrent.SynchronousQueue$TransferStack$SNode.block(SynchronousQueue.java:288)
  java.base@17.0.18-internal/java.util.concurrent.ForkJoinPool.unmanagedBlock(ForkJoinPool.java:3465)
  java.base@17.0.18-internal/java.util.concurrent.ForkJoinPool.managedBlock(ForkJoinPool.java:3436)
  java.base@17.0.18-internal/java.util.concurrent.SynchronousQueue$TransferStack.transfer(SynchronousQueue.java:397)
  java.base@17.0.18-internal/java.util.concurrent.SynchronousQueue.take(SynchronousQueue.java:886)
  java.base@17.0.18-internal/java.util.concurrent.ThreadPoolExecutor.getTask(ThreadPoolExecutor.java:1062)
  java.base@17.0.18-internal/java.util.concurrent.ThreadPoolExecutor.runWorker(ThreadPoolExecutor.java:1122)
  java.base@17.0.18-internal/java.util.concurrent.ThreadPoolExecutor$Worker.run(ThreadPoolExecutor.java:635)
  java.base@17.0.18-internal/java.lang.Thread.run(Thread.java:840)

Thread[Task monitor,5,main]
  java.base@17.0.18-internal/jdk.internal.misc.Unsafe.park(Native Method)
  java.base@17.0.18-internal/java.util.concurrent.locks.LockSupport.parkNanos(LockSupport.java:252)
  java.base@17.0.18-internal/java.util.concurrent.locks.AbstractQueuedSynchronizer$ConditionObject.await(AbstractQueuedSynchronizer.java:1764)
  app//nextflow.processor.TaskPollingMonitor$_await_closure5.doCall(TaskPollingMonitor.groovy:529)
  app//nextflow.processor.TaskPollingMonitor$_await_closure5.call(TaskPollingMonitor.groovy)
  app//nextflow.extension.Bolts.withLock(Bolts.groovy:337)
  app//nextflow.extension.Bolts.withLock(Bolts.groovy)
  app//nextflow.processor.TaskPollingMonitor.await(TaskPollingMonitor.groovy:528)
  app//nextflow.processor.TaskPollingMonitor.pollLoop(TaskPollingMonitor.groovy:453)
  java.base@17.0.18-internal/jdk.internal.reflect.NativeMethodAccessorImpl.invoke0(Native Method)
  java.base@17.0.18-internal/jdk.internal.reflect.NativeMethodAccessorImpl.invoke(NativeMethodAccessorImpl.java:77)
  java.base@17.0.18-internal/jdk.internal.reflect.DelegatingMethodAccessorImpl.invoke(DelegatingMethodAccessorImpl.java:43)
  java.base@17.0.18-internal/java.lang.reflect.Method.invoke(Method.java:569)
  app//org.codehaus.groovy.reflection.CachedMethod.invoke(CachedMethod.java:343)
  app//groovy.lang.MetaMethod.doMethodInvoke(MetaMethod.java:328)
  app//groovy.lang.MetaClassImpl.doInvokeMethod(MetaClassImpl.java:1333)
  app//groovy.lang.MetaClassImpl.invokeMethod(MetaClassImpl.java:1088)
  app//groovy.lang.MetaClassImpl.invokeMethod(MetaClassImpl.java:1007)
  app//org.codehaus.groovy.runtime.InvokerHelper.invokePogoMethod(InvokerHelper.java:645)
  app//org.codehaus.groovy.runtime.InvokerHelper.invokeMethod(InvokerHelper.java:628)
  app//org.codehaus.groovy.runtime.InvokerHelper.invokeMethodSafe(InvokerHelper.java:82)
  app//nextflow.processor.TaskPollingMonitor$_start_closure2.doCall(TaskPollingMonitor.groovy:318)
  app//nextflow.processor.TaskPollingMonitor$_start_closure2.call(TaskPollingMonitor.groovy)
  app//groovy.lang.Closure.run(Closure.java:505)
  java.base@17.0.18-internal/java.lang.Thread.run(Thread.java:840)

Thread[Actor Thread 54,5,main]
  java.base@17.0.18-internal/jdk.internal.misc.Unsafe.park(Native Method)
  java.base@17.0.18-internal/java.util.concurrent.locks.LockSupport.park(LockSupport.java:341)
  java.base@17.0.18-internal/java.util.concurrent.SynchronousQueue$TransferStack$SNode.block(SynchronousQueue.java:288)
  java.base@17.0.18-internal/java.util.concurrent.ForkJoinPool.unmanagedBlock(ForkJoinPool.java:3465)
  java.base@17.0.18-internal/java.util.concurrent.ForkJoinPool.managedBlock(ForkJoinPool.java:3436)
  java.base@17.0.18-internal/java.util.concurrent.SynchronousQueue$TransferStack.transfer(SynchronousQueue.java:397)
  java.base@17.0.18-internal/java.util.concurrent.SynchronousQueue.take(SynchronousQueue.java:886)
  java.base@17.0.18-internal/java.util.concurrent.ThreadPoolExecutor.getTask(ThreadPoolExecutor.java:1062)
  java.base@17.0.18-internal/java.util.concurrent.ThreadPoolExecutor.runWorker(ThreadPoolExecutor.java:1122)
  java.base@17.0.18-internal/java.util.concurrent.ThreadPoolExecutor$Worker.run(ThreadPoolExecutor.java:635)
  java.base@17.0.18-internal/java.lang.Thread.run(Thread.java:840)

Thread[Actor Thread 65,5,main]
  java.base@17.0.18-internal/jdk.internal.misc.Unsafe.park(Native Method)
  java.base@17.0.18-internal/java.util.concurrent.locks.LockSupport.park(LockSupport.java:341)
  java.base@17.0.18-internal/java.util.concurrent.SynchronousQueue$TransferStack$SNode.block(SynchronousQueue.java:288)
  java.base@17.0.18-internal/java.util.concurrent.ForkJoinPool.unmanagedBlock(ForkJoinPool.java:3465)
  java.base@17.0.18-internal/java.util.concurrent.ForkJoinPool.managedBlock(ForkJoinPool.java:3436)
  java.base@17.0.18-internal/java.util.concurrent.SynchronousQueue$TransferStack.transfer(SynchronousQueue.java:397)
  java.base@17.0.18-internal/java.util.concurrent.SynchronousQueue.take(SynchronousQueue.java:886)
  java.base@17.0.18-internal/java.util.concurrent.ThreadPoolExecutor.getTask(ThreadPoolExecutor.java:1062)
  java.base@17.0.18-internal/java.util.concurrent.ThreadPoolExecutor.runWorker(ThreadPoolExecutor.java:1122)
  java.base@17.0.18-internal/java.util.concurrent.ThreadPoolExecutor$Worker.run(ThreadPoolExecutor.java:635)
  java.base@17.0.18-internal/java.lang.Thread.run(Thread.java:840)

Thread[process reaper,10,system]
  java.base@17.0.18-internal/jdk.internal.misc.Unsafe.park(Native Method)
  java.base@17.0.18-internal/java.util.concurrent.locks.LockSupport.parkNanos(LockSupport.java:252)
  java.base@17.0.18-internal/java.util.concurrent.SynchronousQueue$TransferStack.transfer(SynchronousQueue.java:401)
  java.base@17.0.18-internal/java.util.concurrent.SynchronousQueue.poll(SynchronousQueue.java:903)
  java.base@17.0.18-internal/java.util.concurrent.ThreadPoolExecutor.getTask(ThreadPoolExecutor.java:1061)
  java.base@17.0.18-internal/java.util.concurrent.ThreadPoolExecutor.runWorker(ThreadPoolExecutor.java:1122)
  java.base@17.0.18-internal/java.util.concurrent.ThreadPoolExecutor$Worker.run(ThreadPoolExecutor.java:635)
  java.base@17.0.18-internal/java.lang.Thread.run(Thread.java:840)

Thread[Actor Thread 47,5,main]
  java.base@17.0.18-internal/jdk.internal.misc.Unsafe.park(Native Method)
  java.base@17.0.18-internal/java.util.concurrent.locks.LockSupport.park(LockSupport.java:341)
  java.base@17.0.18-internal/java.util.concurrent.SynchronousQueue$TransferStack$SNode.block(SynchronousQueue.java:288)
  java.base@17.0.18-internal/java.util.concurrent.ForkJoinPool.unmanagedBlock(ForkJoinPool.java:3465)
  java.base@17.0.18-internal/java.util.concurrent.ForkJoinPool.managedBlock(ForkJoinPool.java:3436)
  java.base@17.0.18-internal/java.util.concurrent.SynchronousQueue$TransferStack.transfer(SynchronousQueue.java:397)
  java.base@17.0.18-internal/java.util.concurrent.SynchronousQueue.take(SynchronousQueue.java:886)
  java.base@17.0.18-internal/java.util.concurrent.ThreadPoolExecutor.getTask(ThreadPoolExecutor.java:1062)
  java.base@17.0.18-internal/java.util.concurrent.ThreadPoolExecutor.runWorker(ThreadPoolExecutor.java:1122)
  java.base@17.0.18-internal/java.util.concurrent.ThreadPoolExecutor$Worker.run(ThreadPoolExecutor.java:635)
  java.base@17.0.18-internal/java.lang.Thread.run(Thread.java:840)

Thread[Actor Thread 64,5,main]
  java.base@17.0.18-internal/jdk.internal.misc.Unsafe.park(Native Method)
  java.base@17.0.18-internal/java.util.concurrent.locks.LockSupport.park(LockSupport.java:341)
  java.base@17.0.18-internal/java.util.concurrent.SynchronousQueue$TransferStack$SNode.block(SynchronousQueue.java:288)
  java.base@17.0.18-internal/java.util.concurrent.ForkJoinPool.unmanagedBlock(ForkJoinPool.java:3465)
  java.base@17.0.18-internal/java.util.concurrent.ForkJoinPool.managedBlock(ForkJoinPool.java:3436)
  java.base@17.0.18-internal/java.util.concurrent.SynchronousQueue$TransferStack.transfer(SynchronousQueue.java:397)
  java.base@17.0.18-internal/java.util.concurrent.SynchronousQueue.take(SynchronousQueue.java:886)
  java.base@17.0.18-internal/java.util.concurrent.ThreadPoolExecutor.getTask(ThreadPoolExecutor.java:1062)
  java.base@17.0.18-internal/java.util.concurrent.ThreadPoolExecutor.runWorker(ThreadPoolExecutor.java:1122)
  java.base@17.0.18-internal/java.util.concurrent.ThreadPoolExecutor$Worker.run(ThreadPoolExecutor.java:635)
  java.base@17.0.18-internal/java.lang.Thread.run(Thread.java:840)

Thread[Actor Thread 25,5,main]
  java.base@17.0.18-internal/jdk.internal.misc.Unsafe.park(Native Method)
  java.base@17.0.18-internal/java.util.concurrent.locks.LockSupport.park(LockSupport.java:341)
  java.base@17.0.18-internal/java.util.concurrent.SynchronousQueue$TransferStack$SNode.block(SynchronousQueue.java:288)
  java.base@17.0.18-internal/java.util.concurrent.ForkJoinPool.unmanagedBlock(ForkJoinPool.java:3465)
  java.base@17.0.18-internal/java.util.concurrent.ForkJoinPool.managedBlock(ForkJoinPool.java:3436)
  java.base@17.0.18-internal/java.util.concurrent.SynchronousQueue$TransferStack.transfer(SynchronousQueue.java:397)
  java.base@17.0.18-internal/java.util.concurrent.SynchronousQueue.take(SynchronousQueue.java:886)
  java.base@17.0.18-internal/java.util.concurrent.ThreadPoolExecutor.getTask(ThreadPoolExecutor.java:1062)
  java.base@17.0.18-internal/java.util.concurrent.ThreadPoolExecutor.runWorker(ThreadPoolExecutor.java:1122)
  java.base@17.0.18-internal/java.util.concurrent.ThreadPoolExecutor$Worker.run(ThreadPoolExecutor.java:635)
  java.base@17.0.18-internal/java.lang.Thread.run(Thread.java:840)

Thread[Actor Thread 53,5,main]
  java.base@17.0.18-internal/jdk.internal.misc.Unsafe.park(Native Method)
  java.base@17.0.18-internal/java.util.concurrent.locks.LockSupport.park(LockSupport.java:341)
  java.base@17.0.18-internal/java.util.concurrent.SynchronousQueue$TransferStack$SNode.block(SynchronousQueue.java:288)
  java.base@17.0.18-internal/java.util.concurrent.ForkJoinPool.unmanagedBlock(ForkJoinPool.java:3465)
  java.base@17.0.18-internal/java.util.concurrent.ForkJoinPool.managedBlock(ForkJoinPool.java:3436)
  java.base@17.0.18-internal/java.util.concurrent.SynchronousQueue$TransferStack.transfer(SynchronousQueue.java:397)
  java.base@17.0.18-internal/java.util.concurrent.SynchronousQueue.take(SynchronousQueue.java:886)
  java.base@17.0.18-internal/java.util.concurrent.ThreadPoolExecutor.getTask(ThreadPoolExecutor.java:1062)
  java.base@17.0.18-internal/java.util.concurrent.ThreadPoolExecutor.runWorker(ThreadPoolExecutor.java:1122)
  java.base@17.0.18-internal/java.util.concurrent.ThreadPoolExecutor$Worker.run(ThreadPoolExecutor.java:635)
  java.base@17.0.18-internal/java.lang.Thread.run(Thread.java:840)

Thread[ForkJoinPool.commonPool-worker-1,5,main]
  java.base@17.0.18-internal/jdk.internal.misc.Unsafe.park(Native Method)
  java.base@17.0.18-internal/java.util.concurrent.locks.LockSupport.park(LockSupport.java:341)
  java.base@17.0.18-internal/java.util.concurrent.ForkJoinPool.awaitWork(ForkJoinPool.java:1724)
  java.base@17.0.18-internal/java.util.concurrent.ForkJoinPool.runWorker(ForkJoinPool.java:1623)
  java.base@17.0.18-internal/java.util.concurrent.ForkJoinWorkerThread.run(ForkJoinWorkerThread.java:165)

Thread[Actor Thread 2,5,main]
  java.base@17.0.18-internal/jdk.internal.misc.Unsafe.park(Native Method)
  java.base@17.0.18-internal/java.util.concurrent.locks.LockSupport.park(LockSupport.java:341)
  java.base@17.0.18-internal/java.util.concurrent.SynchronousQueue$TransferStack$SNode.block(SynchronousQueue.java:288)
  java.base@17.0.18-internal/java.util.concurrent.ForkJoinPool.unmanagedBlock(ForkJoinPool.java:3465)
  java.base@17.0.18-internal/java.util.concurrent.ForkJoinPool.managedBlock(ForkJoinPool.java:3436)
  java.base@17.0.18-internal/java.util.concurrent.SynchronousQueue$TransferStack.transfer(SynchronousQueue.java:397)
  java.base@17.0.18-internal/java.util.concurrent.SynchronousQueue.take(SynchronousQueue.java:886)
  java.base@17.0.18-internal/java.util.concurrent.ThreadPoolExecutor.getTask(ThreadPoolExecutor.java:1062)
  java.base@17.0.18-internal/java.util.concurrent.ThreadPoolExecutor.runWorker(ThreadPoolExecutor.java:1122)
  java.base@17.0.18-internal/java.util.concurrent.ThreadPoolExecutor$Worker.run(ThreadPoolExecutor.java:635)
  java.base@17.0.18-internal/java.lang.Thread.run(Thread.java:840)

Thread[Actor Thread 30,5,main]
  java.base@17.0.18-internal/jdk.internal.misc.Unsafe.park(Native Method)
  java.base@17.0.18-internal/java.util.concurrent.locks.LockSupport.park(LockSupport.java:341)
  java.base@17.0.18-internal/java.util.concurrent.SynchronousQueue$TransferStack$SNode.block(SynchronousQueue.java:288)
  java.base@17.0.18-internal/java.util.concurrent.ForkJoinPool.unmanagedBlock(ForkJoinPool.java:3465)
  java.base@17.0.18-internal/java.util.concurrent.ForkJoinPool.managedBlock(ForkJoinPool.java:3436)
  java.base@17.0.18-internal/java.util.concurrent.SynchronousQueue$TransferStack.transfer(SynchronousQueue.java:397)
  java.base@17.0.18-internal/java.util.concurrent.SynchronousQueue.take(SynchronousQueue.java:886)
  java.base@17.0.18-internal/java.util.concurrent.ThreadPoolExecutor.getTask(ThreadPoolExecutor.java:1062)
  java.base@17.0.18-internal/java.util.concurrent.ThreadPoolExecutor.runWorker(ThreadPoolExecutor.java:1122)
  java.base@17.0.18-internal/java.util.concurrent.ThreadPoolExecutor$Worker.run(ThreadPoolExecutor.java:635)
  java.base@17.0.18-internal/java.lang.Thread.run(Thread.java:840)

Thread[Actor Thread 63,5,main]
  java.base@17.0.18-internal/jdk.internal.misc.Unsafe.park(Native Method)
  java.base@17.0.18-internal/java.util.concurrent.locks.LockSupport.park(LockSupport.java:341)
  java.base@17.0.18-internal/java.util.concurrent.SynchronousQueue$TransferStack$SNode.block(SynchronousQueue.java:288)
  java.base@17.0.18-internal/java.util.concurrent.ForkJoinPool.unmanagedBlock(ForkJoinPool.java:3465)
  java.base@17.0.18-internal/java.util.concurrent.ForkJoinPool.managedBlock(ForkJoinPool.java:3436)
  java.base@17.0.18-internal/java.util.concurrent.SynchronousQueue$TransferStack.transfer(SynchronousQueue.java:397)
  java.base@17.0.18-internal/java.util.concurrent.SynchronousQueue.take(SynchronousQueue.java:886)
  java.base@17.0.18-internal/java.util.concurrent.ThreadPoolExecutor.getTask(ThreadPoolExecutor.java:1062)
  java.base@17.0.18-internal/java.util.concurrent.ThreadPoolExecutor.runWorker(ThreadPoolExecutor.java:1122)
  java.base@17.0.18-internal/java.util.concurrent.ThreadPoolExecutor$Worker.run(ThreadPoolExecutor.java:635)
  java.base@17.0.18-internal/java.lang.Thread.run(Thread.java:840)

Thread[Actor Thread 40,5,main]
  java.base@17.0.18-internal/jdk.internal.misc.Unsafe.park(Native Method)
  java.base@17.0.18-internal/java.util.concurrent.locks.LockSupport.park(LockSupport.java:341)
  java.base@17.0.18-internal/java.util.concurrent.SynchronousQueue$TransferStack$SNode.block(SynchronousQueue.java:288)
  java.base@17.0.18-internal/java.util.concurrent.ForkJoinPool.unmanagedBlock(ForkJoinPool.java:3465)
  java.base@17.0.18-internal/java.util.concurrent.ForkJoinPool.managedBlock(ForkJoinPool.java:3436)
  java.base@17.0.18-internal/java.util.concurrent.SynchronousQueue$TransferStack.transfer(SynchronousQueue.java:397)
  java.base@17.0.18-internal/java.util.concurrent.SynchronousQueue.take(SynchronousQueue.java:886)
  java.base@17.0.18-internal/java.util.concurrent.ThreadPoolExecutor.getTask(ThreadPoolExecutor.java:1062)
  java.base@17.0.18-internal/java.util.concurrent.ThreadPoolExecutor.runWorker(ThreadPoolExecutor.java:1122)
  java.base@17.0.18-internal/java.util.concurrent.ThreadPoolExecutor$Worker.run(ThreadPoolExecutor.java:635)
  java.base@17.0.18-internal/java.lang.Thread.run(Thread.java:840)

Thread[Actor Thread 32,5,main]
  java.base@17.0.18-internal/jdk.internal.misc.Unsafe.park(Native Method)
  java.base@17.0.18-internal/java.util.concurrent.locks.LockSupport.park(LockSupport.java:341)
  java.base@17.0.18-internal/java.util.concurrent.SynchronousQueue$TransferStack$SNode.block(SynchronousQueue.java:288)
  java.base@17.0.18-internal/java.util.concurrent.ForkJoinPool.unmanagedBlock(ForkJoinPool.java:3465)
  java.base@17.0.18-internal/java.util.concurrent.ForkJoinPool.managedBlock(ForkJoinPool.java:3436)
  java.base@17.0.18-internal/java.util.concurrent.SynchronousQueue$TransferStack.transfer(SynchronousQueue.java:397)
  java.base@17.0.18-internal/java.util.concurrent.SynchronousQueue.take(SynchronousQueue.java:886)
  java.base@17.0.18-internal/java.util.concurrent.ThreadPoolExecutor.getTask(ThreadPoolExecutor.java:1062)
  java.base@17.0.18-internal/java.util.concurrent.ThreadPoolExecutor.runWorker(ThreadPoolExecutor.java:1122)
  java.base@17.0.18-internal/java.util.concurrent.ThreadPoolExecutor$Worker.run(ThreadPoolExecutor.java:635)
  java.base@17.0.18-internal/java.lang.Thread.run(Thread.java:840)

Thread[PathVisitor-1,5,main]
  java.base@17.0.18-internal/jdk.internal.misc.Unsafe.park(Native Method)
  java.base@17.0.18-internal/java.util.concurrent.locks.LockSupport.parkNanos(LockSupport.java:252)
  java.base@17.0.18-internal/java.util.concurrent.SynchronousQueue$TransferStack.transfer(SynchronousQueue.java:401)
  java.base@17.0.18-internal/java.util.concurrent.SynchronousQueue.poll(SynchronousQueue.java:903)
  java.base@17.0.18-internal/java.util.concurrent.ThreadPoolExecutor.getTask(ThreadPoolExecutor.java:1061)
  java.base@17.0.18-internal/java.util.concurrent.ThreadPoolExecutor.runWorker(ThreadPoolExecutor.java:1122)
  java.base@17.0.18-internal/java.util.concurrent.ThreadPoolExecutor$Worker.run(ThreadPoolExecutor.java:635)
  java.base@17.0.18-internal/java.lang.Thread.run(Thread.java:840)

Thread[Actor Thread 29,5,main]
  java.base@17.0.18-internal/jdk.internal.misc.Unsafe.park(Native Method)
  java.base@17.0.18-internal/java.util.concurrent.locks.LockSupport.park(LockSupport.java:341)
  java.base@17.0.18-internal/java.util.concurrent.SynchronousQueue$TransferStack$SNode.block(SynchronousQueue.java:288)
  java.base@17.0.18-internal/java.util.concurrent.ForkJoinPool.unmanagedBlock(ForkJoinPool.java:3465)
  java.base@17.0.18-internal/java.util.concurrent.ForkJoinPool.managedBlock(ForkJoinPool.java:3436)
  java.base@17.0.18-internal/java.util.concurrent.SynchronousQueue$TransferStack.transfer(SynchronousQueue.java:397)
  java.base@17.0.18-internal/java.util.concurrent.SynchronousQueue.take(SynchronousQueue.java:886)
  java.base@17.0.18-internal/java.util.concurrent.ThreadPoolExecutor.getTask(ThreadPoolExecutor.java:1062)
  java.base@17.0.18-internal/java.util.concurrent.ThreadPoolExecutor.runWorker(ThreadPoolExecutor.java:1122)
  java.base@17.0.18-internal/java.util.concurrent.ThreadPoolExecutor$Worker.run(ThreadPoolExecutor.java:635)
  java.base@17.0.18-internal/java.lang.Thread.run(Thread.java:840)

Thread[Actor Thread 35,5,main]
  java.base@17.0.18-internal/jdk.internal.misc.Unsafe.park(Native Method)
  java.base@17.0.18-internal/java.util.concurrent.locks.LockSupport.park(LockSupport.java:341)
  java.base@17.0.18-internal/java.util.concurrent.SynchronousQueue$TransferStack$SNode.block(SynchronousQueue.java:288)
  java.base@17.0.18-internal/java.util.concurrent.ForkJoinPool.unmanagedBlock(ForkJoinPool.java:3465)
  java.base@17.0.18-internal/java.util.concurrent.ForkJoinPool.managedBlock(ForkJoinPool.java:3436)
  java.base@17.0.18-internal/java.util.concurrent.SynchronousQueue$TransferStack.transfer(SynchronousQueue.java:397)
  java.base@17.0.18-internal/java.util.concurrent.SynchronousQueue.take(SynchronousQueue.java:886)
  java.base@17.0.18-internal/java.util.concurrent.ThreadPoolExecutor.getTask(ThreadPoolExecutor.java:1062)
  java.base@17.0.18-internal/java.util.concurrent.ThreadPoolExecutor.runWorker(ThreadPoolExecutor.java:1122)
  java.base@17.0.18-internal/java.util.concurrent.ThreadPoolExecutor$Worker.run(ThreadPoolExecutor.java:635)
  java.base@17.0.18-internal/java.lang.Thread.run(Thread.java:840)

Thread[Actor Thread 22,5,main]
  java.base@17.0.18-internal/jdk.internal.misc.Unsafe.park(Native Method)
  java.base@17.0.18-internal/java.util.concurrent.locks.LockSupport.park(LockSupport.java:341)
  java.base@17.0.18-internal/java.util.concurrent.SynchronousQueue$TransferStack$SNode.block(SynchronousQueue.java:288)
  java.base@17.0.18-internal/java.util.concurrent.ForkJoinPool.unmanagedBlock(ForkJoinPool.java:3465)
  java.base@17.0.18-internal/java.util.concurrent.ForkJoinPool.managedBlock(ForkJoinPool.java:3436)
  java.base@17.0.18-internal/java.util.concurrent.SynchronousQueue$TransferStack.transfer(SynchronousQueue.java:397)
  java.base@17.0.18-internal/java.util.concurrent.SynchronousQueue.take(SynchronousQueue.java:886)
  java.base@17.0.18-internal/java.util.concurrent.ThreadPoolExecutor.getTask(ThreadPoolExecutor.java:1062)
  java.base@17.0.18-internal/java.util.concurrent.ThreadPoolExecutor.runWorker(ThreadPoolExecutor.java:1122)
  java.base@17.0.18-internal/java.util.concurrent.ThreadPoolExecutor$Worker.run(ThreadPoolExecutor.java:635)
  java.base@17.0.18-internal/java.lang.Thread.run(Thread.java:840)

Thread[Actor Thread 26,5,main]
  java.base@17.0.18-internal/jdk.internal.misc.Unsafe.park(Native Method)
  java.base@17.0.18-internal/java.util.concurrent.locks.LockSupport.park(LockSupport.java:341)
  java.base@17.0.18-internal/java.util.concurrent.SynchronousQueue$TransferStack$SNode.block(SynchronousQueue.java:288)
  java.base@17.0.18-internal/java.util.concurrent.ForkJoinPool.unmanagedBlock(ForkJoinPool.java:3465)
  java.base@17.0.18-internal/java.util.concurrent.ForkJoinPool.managedBlock(ForkJoinPool.java:3436)
  java.base@17.0.18-internal/java.util.concurrent.SynchronousQueue$TransferStack.transfer(SynchronousQueue.java:397)
  java.base@17.0.18-internal/java.util.concurrent.SynchronousQueue.take(SynchronousQueue.java:886)
  java.base@17.0.18-internal/java.util.concurrent.ThreadPoolExecutor.getTask(ThreadPoolExecutor.java:1062)
  java.base@17.0.18-internal/java.util.concurrent.ThreadPoolExecutor.runWorker(ThreadPoolExecutor.java:1122)
  java.base@17.0.18-internal/java.util.concurrent.ThreadPoolExecutor$Worker.run(ThreadPoolExecutor.java:635)
  java.base@17.0.18-internal/java.lang.Thread.run(Thread.java:840)

Thread[Task submitter,5,main]
  java.base@17.0.18-internal/jdk.internal.misc.Unsafe.park(Native Method)
  java.base@17.0.18-internal/java.util.concurrent.locks.LockSupport.park(LockSupport.java:341)
  java.base@17.0.18-internal/java.util.concurrent.locks.AbstractQueuedSynchronizer$ConditionNode.block(AbstractQueuedSynchronizer.java:506)
  java.base@17.0.18-internal/java.util.concurrent.ForkJoinPool.unmanagedBlock(ForkJoinPool.java:3465)
  java.base@17.0.18-internal/java.util.concurrent.ForkJoinPool.managedBlock(ForkJoinPool.java:3436)
  java.base@17.0.18-internal/java.util.concurrent.locks.AbstractQueuedSynchronizer$ConditionObject.await(AbstractQueuedSynchronizer.java:1630)
  app//nextflow.processor.TaskPollingMonitor.awaitTasks(TaskPollingMonitor.groovy:388)
  app//nextflow.processor.TaskPollingMonitor.submitLoop(TaskPollingMonitor.groovy:412)
  java.base@17.0.18-internal/jdk.internal.reflect.NativeMethodAccessorImpl.invoke0(Native Method)
  java.base@17.0.18-internal/jdk.internal.reflect.NativeMethodAccessorImpl.invoke(NativeMethodAccessorImpl.java:77)
  java.base@17.0.18-internal/jdk.internal.reflect.DelegatingMethodAccessorImpl.invoke(DelegatingMethodAccessorImpl.java:43)
  java.base@17.0.18-internal/java.lang.reflect.Method.invoke(Method.java:569)
  app//org.codehaus.groovy.reflection.CachedMethod.invoke(CachedMethod.java:343)
  app//groovy.lang.MetaMethod.doMethodInvoke(MetaMethod.java:328)
  app//groovy.lang.MetaClassImpl.doInvokeMethod(MetaClassImpl.java:1333)
  app//groovy.lang.MetaClassImpl.invokeMethod(MetaClassImpl.java:1088)
  app//groovy.lang.MetaClassImpl.invokeMethodClosure(MetaClassImpl.java:1017)
  app//groovy.lang.MetaClassImpl.doInvokeMethod(MetaClassImpl.java:1207)
  app//groovy.lang.MetaClassImpl.invokeMethod(MetaClassImpl.java:1088)
  app//groovy.lang.MetaClassImpl.invokeMethod(MetaClassImpl.java:1007)
  app//groovy.lang.Closure.call(Closure.java:433)
  app//groovy.lang.Closure.call(Closure.java:412)
  app//groovy.lang.Closure.run(Closure.java:505)
  java.base@17.0.18-internal/java.lang.Thread.run(Thread.java:840)

Thread[Actor Thread 28,5,main]
  java.base@17.0.18-internal/jdk.internal.misc.Unsafe.park(Native Method)
  java.base@17.0.18-internal/java.util.concurrent.locks.LockSupport.park(LockSupport.java:341)
  java.base@17.0.18-internal/java.util.concurrent.SynchronousQueue$TransferStack$SNode.block(SynchronousQueue.java:288)
  java.base@17.0.18-internal/java.util.concurrent.ForkJoinPool.unmanagedBlock(ForkJoinPool.java:3465)
  java.base@17.0.18-internal/java.util.concurrent.ForkJoinPool.managedBlock(ForkJoinPool.java:3436)
  java.base@17.0.18-internal/java.util.concurrent.SynchronousQueue$TransferStack.transfer(SynchronousQueue.java:397)
  java.base@17.0.18-internal/java.util.concurrent.SynchronousQueue.take(SynchronousQueue.java:886)
  java.base@17.0.18-internal/java.util.concurrent.ThreadPoolExecutor.getTask(ThreadPoolExecutor.java:1062)
  java.base@17.0.18-internal/java.util.concurrent.ThreadPoolExecutor.runWorker(ThreadPoolExecutor.java:1122)
  java.base@17.0.18-internal/java.util.concurrent.ThreadPoolExecutor$Worker.run(ThreadPoolExecutor.java:635)
  java.base@17.0.18-internal/java.lang.Thread.run(Thread.java:840)

Thread[Actor Thread 11,5,main]
  java.base@17.0.18-internal/jdk.internal.misc.Unsafe.park(Native Method)
  java.base@17.0.18-internal/java.util.concurrent.locks.LockSupport.park(LockSupport.java:341)
  java.base@17.0.18-internal/java.util.concurrent.SynchronousQueue$TransferStack$SNode.block(SynchronousQueue.java:288)
  java.base@17.0.18-internal/java.util.concurrent.ForkJoinPool.unmanagedBlock(ForkJoinPool.java:3465)
  java.base@17.0.18-internal/java.util.concurrent.ForkJoinPool.managedBlock(ForkJoinPool.java:3436)
  java.base@17.0.18-internal/java.util.concurrent.SynchronousQueue$TransferStack.transfer(SynchronousQueue.java:397)
  java.base@17.0.18-internal/java.util.concurrent.SynchronousQueue.take(SynchronousQueue.java:886)
  java.base@17.0.18-internal/java.util.concurrent.ThreadPoolExecutor.getTask(ThreadPoolExecutor.java:1062)
  java.base@17.0.18-internal/java.util.concurrent.ThreadPoolExecutor.runWorker(ThreadPoolExecutor.java:1122)
  java.base@17.0.18-internal/java.util.concurrent.ThreadPoolExecutor$Worker.run(ThreadPoolExecutor.java:635)
  java.base@17.0.18-internal/java.lang.Thread.run(Thread.java:840)

Thread[Actor Thread 3,5,main]
  java.base@17.0.18-internal/jdk.internal.misc.Unsafe.park(Native Method)
  java.base@17.0.18-internal/java.util.concurrent.locks.LockSupport.park(LockSupport.java:341)
  java.base@17.0.18-internal/java.util.concurrent.SynchronousQueue$TransferStack$SNode.block(SynchronousQueue.java:288)
  java.base@17.0.18-internal/java.util.concurrent.ForkJoinPool.unmanagedBlock(ForkJoinPool.java:3465)
  java.base@17.0.18-internal/java.util.concurrent.ForkJoinPool.managedBlock(ForkJoinPool.java:3436)
  java.base@17.0.18-internal/java.util.concurrent.SynchronousQueue$TransferStack.transfer(SynchronousQueue.java:397)
  java.base@17.0.18-internal/java.util.concurrent.SynchronousQueue.take(SynchronousQueue.java:886)
  java.base@17.0.18-internal/java.util.concurrent.ThreadPoolExecutor.getTask(ThreadPoolExecutor.java:1062)
  java.base@17.0.18-internal/java.util.concurrent.ThreadPoolExecutor.runWorker(ThreadPoolExecutor.java:1122)
  java.base@17.0.18-internal/java.util.concurrent.ThreadPoolExecutor$Worker.run(ThreadPoolExecutor.java:635)
  java.base@17.0.18-internal/java.lang.Thread.run(Thread.java:840)

Thread[AnsiLogObserver,5,main]
  java.base@17.0.18-internal/java.lang.Object.wait(Native Method)
  app//nextflow.trace.AnsiLogObserver.render0(AnsiLogObserver.groovy:185)
  java.base@17.0.18-internal/jdk.internal.reflect.NativeMethodAccessorImpl.invoke0(Native Method)
  java.base@17.0.18-internal/jdk.internal.reflect.NativeMethodAccessorImpl.invoke(NativeMethodAccessorImpl.java:77)
  java.base@17.0.18-internal/jdk.internal.reflect.DelegatingMethodAccessorImpl.invoke(DelegatingMethodAccessorImpl.java:43)
  java.base@17.0.18-internal/java.lang.reflect.Method.invoke(Method.java:569)
  app//org.codehaus.groovy.reflection.CachedMethod.invoke(CachedMethod.java:343)
  app//groovy.lang.MetaMethod.doMethodInvoke(MetaMethod.java:328)
  app//groovy.lang.MetaClassImpl.doInvokeMethod(MetaClassImpl.java:1333)
  app//groovy.lang.MetaClassImpl.invokeMethod(MetaClassImpl.java:1088)
  app//groovy.lang.MetaClassImpl.invokeMethodClosure(MetaClassImpl.java:1017)
  app//groovy.lang.MetaClassImpl.doInvokeMethod(MetaClassImpl.java:1207)
  app//groovy.lang.MetaClassImpl.invokeMethod(MetaClassImpl.java:1088)
  app//groovy.lang.MetaClassImpl.invokeMethod(MetaClassImpl.java:1007)
  app//groovy.lang.Closure.call(Closure.java:433)
  app//groovy.lang.Closure.call(Closure.java:412)
  app//groovy.lang.Closure.run(Closure.java:505)
  java.base@17.0.18-internal/java.lang.Thread.run(Thread.java:840)

Thread[Actor Thread 60,5,main]
  java.base@17.0.18-internal/jdk.internal.misc.Unsafe.park(Native Method)
  java.base@17.0.18-internal/java.util.concurrent.locks.LockSupport.park(LockSupport.java:211)
  java.base@17.0.18-internal/java.util.concurrent.locks.AbstractQueuedSynchronizer.acquire(AbstractQueuedSynchronizer.java:715)
  java.base@17.0.18-internal/java.util.concurrent.locks.AbstractQueuedSynchronizer.acquireSharedInterruptibly(AbstractQueuedSynchronizer.java:1047)
  java.base@17.0.18-internal/java.util.concurrent.Semaphore.acquire(Semaphore.java:475)
  app//groovyx.gpars.dataflow.operator.ForkingDataflowOperatorActor.forwardPoisonPill(ForkingDataflowOperatorActor.java:69)
  app//groovyx.gpars.dataflow.operator.DataflowProcessorActor.checkPoison(DataflowProcessorActor.java:114)
  app//groovyx.gpars.dataflow.operator.DataflowOperatorActor.onMessage(DataflowOperatorActor.java:83)
  app//groovyx.gpars.actor.impl.SDAClosure$1.call(SDAClosure.java:43)
  app//groovyx.gpars.actor.AbstractLoopingActor.runEnhancedWithoutRepliesOnMessages(AbstractLoopingActor.java:293)
  app//groovyx.gpars.actor.AbstractLoopingActor.access$400(AbstractLoopingActor.java:30)
  app//groovyx.gpars.actor.AbstractLoopingActor$1.handleMessage(AbstractLoopingActor.java:93)
  app//groovyx.gpars.util.AsyncMessagingCore.run(AsyncMessagingCore.java:132)
  java.base@17.0.18-internal/java.util.concurrent.ThreadPoolExecutor.runWorker(ThreadPoolExecutor.java:1136)
  java.base@17.0.18-internal/java.util.concurrent.ThreadPoolExecutor$Worker.run(ThreadPoolExecutor.java:635)
  java.base@17.0.18-internal/java.lang.Thread.run(Thread.java:840)

Thread[Actor Thread 57,5,main]
  java.base@17.0.18-internal/jdk.internal.misc.Unsafe.park(Native Method)
  java.base@17.0.18-internal/java.util.concurrent.locks.LockSupport.park(LockSupport.java:341)
  java.base@17.0.18-internal/java.util.concurrent.SynchronousQueue$TransferStack$SNode.block(SynchronousQueue.java:288)
  java.base@17.0.18-internal/java.util.concurrent.ForkJoinPool.unmanagedBlock(ForkJoinPool.java:3465)
  java.base@17.0.18-internal/java.util.concurrent.ForkJoinPool.managedBlock(ForkJoinPool.java:3436)
  java.base@17.0.18-internal/java.util.concurrent.SynchronousQueue$TransferStack.transfer(SynchronousQueue.java:397)
  java.base@17.0.18-internal/java.util.concurrent.SynchronousQueue.take(SynchronousQueue.java:886)
  java.base@17.0.18-internal/java.util.concurrent.ThreadPoolExecutor.getTask(ThreadPoolExecutor.java:1062)
  java.base@17.0.18-internal/java.util.concurrent.ThreadPoolExecutor.runWorker(ThreadPoolExecutor.java:1122)
  java.base@17.0.18-internal/java.util.concurrent.ThreadPoolExecutor$Worker.run(ThreadPoolExecutor.java:635)
  java.base@17.0.18-internal/java.lang.Thread.run(Thread.java:840)

Thread[Actor Thread 19,5,main]
  java.base@17.0.18-internal/jdk.internal.misc.Unsafe.park(Native Method)
  java.base@17.0.18-internal/java.util.concurrent.locks.LockSupport.park(LockSupport.java:341)
  java.base@17.0.18-internal/java.util.concurrent.SynchronousQueue$TransferStack$SNode.block(SynchronousQueue.java:288)
  java.base@17.0.18-internal/java.util.concurrent.ForkJoinPool.unmanagedBlock(ForkJoinPool.java:3465)
  java.base@17.0.18-internal/java.util.concurrent.ForkJoinPool.managedBlock(ForkJoinPool.java:3436)
  java.base@17.0.18-internal/java.util.concurrent.SynchronousQueue$TransferStack.transfer(SynchronousQueue.java:397)
  java.base@17.0.18-internal/java.util.concurrent.SynchronousQueue.take(SynchronousQueue.java:886)
  java.base@17.0.18-internal/java.util.concurrent.ThreadPoolExecutor.getTask(ThreadPoolExecutor.java:1062)
  java.base@17.0.18-internal/java.util.concurrent.ThreadPoolExecutor.runWorker(ThreadPoolExecutor.java:1122)
  java.base@17.0.18-internal/java.util.concurrent.ThreadPoolExecutor$Worker.run(ThreadPoolExecutor.java:635)
  java.base@17.0.18-internal/java.lang.Thread.run(Thread.java:840)

Thread[Actor Thread 51,5,main]
  java.base@17.0.18-internal/jdk.internal.misc.Unsafe.park(Native Method)
  java.base@17.0.18-internal/java.util.concurrent.locks.LockSupport.park(LockSupport.java:341)
  java.base@17.0.18-internal/java.util.concurrent.SynchronousQueue$TransferStack$SNode.block(SynchronousQueue.java:288)
  java.base@17.0.18-internal/java.util.concurrent.ForkJoinPool.unmanagedBlock(ForkJoinPool.java:3465)
  java.base@17.0.18-internal/java.util.concurrent.ForkJoinPool.managedBlock(ForkJoinPool.java:3436)
  java.base@17.0.18-internal/java.util.concurrent.SynchronousQueue$TransferStack.transfer(SynchronousQueue.java:397)
  java.base@17.0.18-internal/java.util.concurrent.SynchronousQueue.take(SynchronousQueue.java:886)
  java.base@17.0.18-internal/java.util.concurrent.ThreadPoolExecutor.getTask(ThreadPoolExecutor.java:1062)
  java.base@17.0.18-internal/java.util.concurrent.ThreadPoolExecutor.runWorker(ThreadPoolExecutor.java:1122)
  java.base@17.0.18-internal/java.util.concurrent.ThreadPoolExecutor$Worker.run(ThreadPoolExecutor.java:635)
  java.base@17.0.18-internal/java.lang.Thread.run(Thread.java:840)

Thread[Actor Thread 46,5,main]
  java.base@17.0.18-internal/jdk.internal.misc.Unsafe.park(Native Method)
  java.base@17.0.18-internal/java.util.concurrent.locks.LockSupport.park(LockSupport.java:341)
  java.base@17.0.18-internal/java.util.concurrent.SynchronousQueue$TransferStack$SNode.block(SynchronousQueue.java:288)
  java.base@17.0.18-internal/java.util.concurrent.ForkJoinPool.unmanagedBlock(ForkJoinPool.java:3465)
  java.base@17.0.18-internal/java.util.concurrent.ForkJoinPool.managedBlock(ForkJoinPool.java:3436)
  java.base@17.0.18-internal/java.util.concurrent.SynchronousQueue$TransferStack.transfer(SynchronousQueue.java:397)
  java.base@17.0.18-internal/java.util.concurrent.SynchronousQueue.take(SynchronousQueue.java:886)
  java.base@17.0.18-internal/java.util.concurrent.ThreadPoolExecutor.getTask(ThreadPoolExecutor.java:1062)
  java.base@17.0.18-internal/java.util.concurrent.ThreadPoolExecutor.runWorker(ThreadPoolExecutor.java:1122)
  java.base@17.0.18-internal/java.util.concurrent.ThreadPoolExecutor$Worker.run(ThreadPoolExecutor.java:635)
  java.base@17.0.18-internal/java.lang.Thread.run(Thread.java:840)

Thread[Notification Thread,9,system]

Thread[Actor Thread 7,5,main]
  java.base@17.0.18-internal/jdk.internal.misc.Unsafe.park(Native Method)
  java.base@17.0.18-internal/java.util.concurrent.locks.LockSupport.park(LockSupport.java:341)
  java.base@17.0.18-internal/java.util.concurrent.SynchronousQueue$TransferStack$SNode.block(SynchronousQueue.java:288)
  java.base@17.0.18-internal/java.util.concurrent.ForkJoinPool.unmanagedBlock(ForkJoinPool.java:3465)
  java.base@17.0.18-internal/java.util.concurrent.ForkJoinPool.managedBlock(ForkJoinPool.java:3436)
  java.base@17.0.18-internal/java.util.concurrent.SynchronousQueue$TransferStack.transfer(SynchronousQueue.java:397)
  java.base@17.0.18-internal/java.util.concurrent.SynchronousQueue.take(SynchronousQueue.java:886)
  java.base@17.0.18-internal/java.util.concurrent.ThreadPoolExecutor.getTask(ThreadPoolExecutor.java:1062)
  java.base@17.0.18-internal/java.util.concurrent.ThreadPoolExecutor.runWorker(ThreadPoolExecutor.java:1122)
  java.base@17.0.18-internal/java.util.concurrent.ThreadPoolExecutor$Worker.run(ThreadPoolExecutor.java:635)
  java.base@17.0.18-internal/java.lang.Thread.run(Thread.java:840)

Thread[Actor Thread 41,5,main]
  java.base@17.0.18-internal/jdk.internal.misc.Unsafe.park(Native Method)
  java.base@17.0.18-internal/java.util.concurrent.locks.LockSupport.park(LockSupport.java:341)
  java.base@17.0.18-internal/java.util.concurrent.SynchronousQueue$TransferStack$SNode.block(SynchronousQueue.java:288)
  java.base@17.0.18-internal/java.util.concurrent.ForkJoinPool.unmanagedBlock(ForkJoinPool.java:3465)
  java.base@17.0.18-internal/java.util.concurrent.ForkJoinPool.managedBlock(ForkJoinPool.java:3436)
  java.base@17.0.18-internal/java.util.concurrent.SynchronousQueue$TransferStack.transfer(SynchronousQueue.java:397)
  java.base@17.0.18-internal/java.util.concurrent.SynchronousQueue.take(SynchronousQueue.java:886)
  java.base@17.0.18-internal/java.util.concurrent.ThreadPoolExecutor.getTask(ThreadPoolExecutor.java:1062)
  java.base@17.0.18-internal/java.util.concurrent.ThreadPoolExecutor.runWorker(ThreadPoolExecutor.java:1122)
  java.base@17.0.18-internal/java.util.concurrent.ThreadPoolExecutor$Worker.run(ThreadPoolExecutor.java:635)
  java.base@17.0.18-internal/java.lang.Thread.run(Thread.java:840)

Thread[Actor Thread 12,5,main]
  java.base@17.0.18-internal/jdk.internal.misc.Unsafe.park(Native Method)
  java.base@17.0.18-internal/java.util.concurrent.locks.LockSupport.park(LockSupport.java:341)
  java.base@17.0.18-internal/java.util.concurrent.SynchronousQueue$TransferStack$SNode.block(SynchronousQueue.java:288)
  java.base@17.0.18-internal/java.util.concurrent.ForkJoinPool.unmanagedBlock(ForkJoinPool.java:3465)
  java.base@17.0.18-internal/java.util.concurrent.ForkJoinPool.managedBlock(ForkJoinPool.java:3436)
  java.base@17.0.18-internal/java.util.concurrent.SynchronousQueue$TransferStack.transfer(SynchronousQueue.java:397)
  java.base@17.0.18-internal/java.util.concurrent.SynchronousQueue.take(SynchronousQueue.java:886)
  java.base@17.0.18-internal/java.util.concurrent.ThreadPoolExecutor.getTask(ThreadPoolExecutor.java:1062)
  java.base@17.0.18-internal/java.util.concurrent.ThreadPoolExecutor.runWorker(ThreadPoolExecutor.java:1122)
  java.base@17.0.18-internal/java.util.concurrent.ThreadPoolExecutor$Worker.run(ThreadPoolExecutor.java:635)
  java.base@17.0.18-internal/java.lang.Thread.run(Thread.java:840)

Thread[Actor Thread 1,5,main]
  java.base@17.0.18-internal/jdk.internal.misc.Unsafe.park(Native Method)
  java.base@17.0.18-internal/java.util.concurrent.locks.LockSupport.park(LockSupport.java:341)
  java.base@17.0.18-internal/java.util.concurrent.SynchronousQueue$TransferStack$SNode.block(SynchronousQueue.java:288)
  java.base@17.0.18-internal/java.util.concurrent.ForkJoinPool.unmanagedBlock(ForkJoinPool.java:3465)
  java.base@17.0.18-internal/java.util.concurrent.ForkJoinPool.managedBlock(ForkJoinPool.java:3436)
  java.base@17.0.18-internal/java.util.concurrent.SynchronousQueue$TransferStack.transfer(SynchronousQueue.java:397)
  java.base@17.0.18-internal/java.util.concurrent.SynchronousQueue.take(SynchronousQueue.java:886)
  java.base@17.0.18-internal/java.util.concurrent.ThreadPoolExecutor.getTask(ThreadPoolExecutor.java:1062)
  java.base@17.0.18-internal/java.util.concurrent.ThreadPoolExecutor.runWorker(ThreadPoolExecutor.java:1122)
  java.base@17.0.18-internal/java.util.concurrent.ThreadPoolExecutor$Worker.run(ThreadPoolExecutor.java:635)
  java.base@17.0.18-internal/java.lang.Thread.run(Thread.java:840)

Thread[Actor Thread 49,5,main]
  java.base@17.0.18-internal/jdk.internal.misc.Unsafe.park(Native Method)
  java.base@17.0.18-internal/java.util.concurrent.locks.LockSupport.park(LockSupport.java:341)
  java.base@17.0.18-internal/java.util.concurrent.SynchronousQueue$TransferStack$SNode.block(SynchronousQueue.java:288)
  java.base@17.0.18-internal/java.util.concurrent.ForkJoinPool.unmanagedBlock(ForkJoinPool.java:3465)
  java.base@17.0.18-internal/java.util.concurrent.ForkJoinPool.managedBlock(ForkJoinPool.java:3436)
  java.base@17.0.18-internal/java.util.concurrent.SynchronousQueue$TransferStack.transfer(SynchronousQueue.java:397)
  java.base@17.0.18-internal/java.util.concurrent.SynchronousQueue.take(SynchronousQueue.java:886)
  java.base@17.0.18-internal/java.util.concurrent.ThreadPoolExecutor.getTask(ThreadPoolExecutor.java:1062)
  java.base@17.0.18-internal/java.util.concurrent.ThreadPoolExecutor.runWorker(ThreadPoolExecutor.java:1122)
  java.base@17.0.18-internal/java.util.concurrent.ThreadPoolExecutor$Worker.run(ThreadPoolExecutor.java:635)
  java.base@17.0.18-internal/java.lang.Thread.run(Thread.java:840)

Thread[Actor Thread 56,5,main]
  java.base@17.0.18-internal/jdk.internal.misc.Unsafe.park(Native Method)
  java.base@17.0.18-internal/java.util.concurrent.locks.LockSupport.park(LockSupport.java:341)
  java.base@17.0.18-internal/java.util.concurrent.SynchronousQueue$TransferStack$SNode.block(SynchronousQueue.java:288)
  java.base@17.0.18-internal/java.util.concurrent.ForkJoinPool.unmanagedBlock(ForkJoinPool.java:3465)
  java.base@17.0.18-internal/java.util.concurrent.ForkJoinPool.managedBlock(ForkJoinPool.java:3436)
  java.base@17.0.18-internal/java.util.concurrent.SynchronousQueue$TransferStack.transfer(SynchronousQueue.java:397)
  java.base@17.0.18-internal/java.util.concurrent.SynchronousQueue.take(SynchronousQueue.java:886)
  java.base@17.0.18-internal/java.util.concurrent.ThreadPoolExecutor.getTask(ThreadPoolExecutor.java:1062)
  java.base@17.0.18-internal/java.util.concurrent.ThreadPoolExecutor.runWorker(ThreadPoolExecutor.java:1122)
  java.base@17.0.18-internal/java.util.concurrent.ThreadPoolExecutor$Worker.run(ThreadPoolExecutor.java:635)
  java.base@17.0.18-internal/java.lang.Thread.run(Thread.java:840)

Thread[Actor Thread 8,5,main]
  java.base@17.0.18-internal/jdk.internal.misc.Unsafe.park(Native Method)
  java.base@17.0.18-internal/java.util.concurrent.locks.LockSupport.park(LockSupport.java:341)
  java.base@17.0.18-internal/java.util.concurrent.SynchronousQueue$TransferStack$SNode.block(SynchronousQueue.java:288)
  java.base@17.0.18-internal/java.util.concurrent.ForkJoinPool.unmanagedBlock(ForkJoinPool.java:3465)
  java.base@17.0.18-internal/java.util.concurrent.ForkJoinPool.managedBlock(ForkJoinPool.java:3436)
  java.base@17.0.18-internal/java.util.concurrent.SynchronousQueue$TransferStack.transfer(SynchronousQueue.java:397)
  java.base@17.0.18-internal/java.util.concurrent.SynchronousQueue.take(SynchronousQueue.java:886)
  java.base@17.0.18-internal/java.util.concurrent.ThreadPoolExecutor.getTask(ThreadPoolExecutor.java:1062)
  java.base@17.0.18-internal/java.util.concurrent.ThreadPoolExecutor.runWorker(ThreadPoolExecutor.java:1122)
  java.base@17.0.18-internal/java.util.concurrent.ThreadPoolExecutor$Worker.run(ThreadPoolExecutor.java:635)
  java.base@17.0.18-internal/java.lang.Thread.run(Thread.java:840)

Thread[Actor Thread 5,5,main]
  java.base@17.0.18-internal/jdk.internal.misc.Unsafe.park(Native Method)
  java.base@17.0.18-internal/java.util.concurrent.locks.LockSupport.park(LockSupport.java:341)
  java.base@17.0.18-internal/java.util.concurrent.SynchronousQueue$TransferStack$SNode.block(SynchronousQueue.java:288)
  java.base@17.0.18-internal/java.util.concurrent.ForkJoinPool.unmanagedBlock(ForkJoinPool.java:3465)
  java.base@17.0.18-internal/java.util.concurrent.ForkJoinPool.managedBlock(ForkJoinPool.java:3436)
  java.base@17.0.18-internal/java.util.concurrent.SynchronousQueue$TransferStack.transfer(SynchronousQueue.java:397)
  java.base@17.0.18-internal/java.util.concurrent.SynchronousQueue.take(SynchronousQueue.java:886)
  java.base@17.0.18-internal/java.util.concurrent.ThreadPoolExecutor.getTask(ThreadPoolExecutor.java:1062)
  java.base@17.0.18-internal/java.util.concurrent.ThreadPoolExecutor.runWorker(ThreadPoolExecutor.java:1122)
  java.base@17.0.18-internal/java.util.concurrent.ThreadPoolExecutor$Worker.run(ThreadPoolExecutor.java:635)
  java.base@17.0.18-internal/java.lang.Thread.run(Thread.java:840)

Thread[Thread-4,5,main]
  java.base@17.0.18-internal/jdk.internal.misc.Unsafe.park(Native Method)
  java.base@17.0.18-internal/java.util.concurrent.locks.LockSupport.parkNanos(LockSupport.java:252)
  java.base@17.0.18-internal/java.util.concurrent.locks.AbstractQueuedSynchronizer$ConditionObject.awaitNanos(AbstractQueuedSynchronizer.java:1679)
  java.base@17.0.18-internal/java.util.concurrent.LinkedBlockingDeque.pollFirst(LinkedBlockingDeque.java:515)
  java.base@17.0.18-internal/java.util.concurrent.LinkedBlockingDeque.poll(LinkedBlockingDeque.java:677)
  app//nextflow.util.SimpleAgent.run(SimpleAgent.groovy:89)
  java.base@17.0.18-internal/jdk.internal.reflect.NativeMethodAccessorImpl.invoke0(Native Method)
  java.base@17.0.18-internal/jdk.internal.reflect.NativeMethodAccessorImpl.invoke(NativeMethodAccessorImpl.java:77)
  java.base@17.0.18-internal/jdk.internal.reflect.DelegatingMethodAccessorImpl.invoke(DelegatingMethodAccessorImpl.java:43)
  java.base@17.0.18-internal/java.lang.reflect.Method.invoke(Method.java:569)
  app//org.codehaus.groovy.reflection.CachedMethod.invoke(CachedMethod.java:343)
  app//groovy.lang.MetaMethod.doMethodInvoke(MetaMethod.java:328)
  app//groovy.lang.MetaClassImpl.doInvokeMethod(MetaClassImpl.java:1333)
  app//groovy.lang.MetaClassImpl.invokeMethod(MetaClassImpl.java:1088)
  app//groovy.lang.MetaClassImpl.invokeMethodClosure(MetaClassImpl.java:1017)
  app//groovy.lang.MetaClassImpl.doInvokeMethod(MetaClassImpl.java:1207)
  app//groovy.lang.MetaClassImpl.invokeMethod(MetaClassImpl.java:1088)
  app//groovy.lang.MetaClassImpl.invokeMethod(MetaClassImpl.java:1007)
  app//groovy.lang.Closure.call(Closure.java:433)
  app//groovy.lang.Closure.call(Closure.java:412)
  app//groovy.lang.Closure.run(Closure.java:505)
  java.base@17.0.18-internal/java.lang.Thread.run(Thread.java:840)

Thread[Actor Thread 70,5,main]
  java.base@17.0.18-internal/jdk.internal.misc.Unsafe.park(Native Method)
  java.base@17.0.18-internal/java.util.concurrent.locks.LockSupport.park(LockSupport.java:341)
  java.base@17.0.18-internal/java.util.concurrent.SynchronousQueue$TransferStack$SNode.block(SynchronousQueue.java:288)
  java.base@17.0.18-internal/java.util.concurrent.ForkJoinPool.unmanagedBlock(ForkJoinPool.java:3465)
  java.base@17.0.18-internal/java.util.concurrent.ForkJoinPool.managedBlock(ForkJoinPool.java:3436)
  java.base@17.0.18-internal/java.util.concurrent.SynchronousQueue$TransferStack.transfer(SynchronousQueue.java:397)
  java.base@17.0.18-internal/java.util.concurrent.SynchronousQueue.take(SynchronousQueue.java:886)
  java.base@17.0.18-internal/java.util.concurrent.ThreadPoolExecutor.getTask(ThreadPoolExecutor.java:1062)
  java.base@17.0.18-internal/java.util.concurrent.ThreadPoolExecutor.runWorker(ThreadPoolExecutor.java:1122)
  java.base@17.0.18-internal/java.util.concurrent.ThreadPoolExecutor$Worker.run(ThreadPoolExecutor.java:635)
  java.base@17.0.18-internal/java.lang.Thread.run(Thread.java:840)

Thread[Actor Thread 34,5,main]
  java.base@17.0.18-internal/jdk.internal.misc.Unsafe.park(Native Method)
  java.base@17.0.18-internal/java.util.concurrent.locks.LockSupport.park(LockSupport.java:341)
  java.base@17.0.18-internal/java.util.concurrent.SynchronousQueue$TransferStack$SNode.block(SynchronousQueue.java:288)
  java.base@17.0.18-internal/java.util.concurrent.ForkJoinPool.unmanagedBlock(ForkJoinPool.java:3465)
  java.base@17.0.18-internal/java.util.concurrent.ForkJoinPool.managedBlock(ForkJoinPool.java:3436)
  java.base@17.0.18-internal/java.util.concurrent.SynchronousQueue$TransferStack.transfer(SynchronousQueue.java:397)
  java.base@17.0.18-internal/java.util.concurrent.SynchronousQueue.take(SynchronousQueue.java:886)
  java.base@17.0.18-internal/java.util.concurrent.ThreadPoolExecutor.getTask(ThreadPoolExecutor.java:1062)
  java.base@17.0.18-internal/java.util.concurrent.ThreadPoolExecutor.runWorker(ThreadPoolExecutor.java:1122)
  java.base@17.0.18-internal/java.util.concurrent.ThreadPoolExecutor$Worker.run(ThreadPoolExecutor.java:635)
  java.base@17.0.18-internal/java.lang.Thread.run(Thread.java:840)

Thread[Actor Thread 31,5,main]
  java.base@17.0.18-internal/jdk.internal.misc.Unsafe.park(Native Method)
  java.base@17.0.18-internal/java.util.concurrent.locks.LockSupport.park(LockSupport.java:341)
  java.base@17.0.18-internal/java.util.concurrent.SynchronousQueue$TransferStack$SNode.block(SynchronousQueue.java:288)
  java.base@17.0.18-internal/java.util.concurrent.ForkJoinPool.unmanagedBlock(ForkJoinPool.java:3465)
  java.base@17.0.18-internal/java.util.concurrent.ForkJoinPool.managedBlock(ForkJoinPool.java:3436)
  java.base@17.0.18-internal/java.util.concurrent.SynchronousQueue$TransferStack.transfer(SynchronousQueue.java:397)
  java.base@17.0.18-internal/java.util.concurrent.SynchronousQueue.take(SynchronousQueue.java:886)
  java.base@17.0.18-internal/java.util.concurrent.ThreadPoolExecutor.getTask(ThreadPoolExecutor.java:1062)
  java.base@17.0.18-internal/java.util.concurrent.ThreadPoolExecutor.runWorker(ThreadPoolExecutor.java:1122)
  java.base@17.0.18-internal/java.util.concurrent.ThreadPoolExecutor$Worker.run(ThreadPoolExecutor.java:635)
  java.base@17.0.18-internal/java.lang.Thread.run(Thread.java:840)

Thread[Actor Thread 66,5,main]
  java.base@17.0.18-internal/java.lang.Thread.dumpThreads(Native Method)
  java.base@17.0.18-internal/java.lang.Thread.getAllStackTraces(Thread.java:1671)
  app//nextflow.util.SysHelper.dumpThreads(SysHelper.groovy:188)
  app//nextflow.Session.abort(Session.groovy:800)
  app//nextflow.Session.fault(Session.groovy:766)
  app//nextflow.Session.fault(Session.groovy)
  java.base@17.0.18-internal/java.lang.invoke.DirectMethodHandle$Holder.invokeVirtual(DirectMethodHandle$Holder)
  java.base@17.0.18-internal/java.lang.invoke.LambdaForm$MH/0x00007f1a142d7000.invoke(LambdaForm$MH)
  java.base@17.0.18-internal/java.lang.invoke.LambdaForm$MH/0x00007f1a14105800.guardWithCatch(LambdaForm$MH)
  java.base@17.0.18-internal/java.lang.invoke.LambdaForm$MH/0x00007f1a14106000.reinvoke(LambdaForm$MH)
  java.base@17.0.18-internal/java.lang.invoke.LambdaForm$MH/0x00007f1a14106400.guard(LambdaForm$MH)
  java.base@17.0.18-internal/java.lang.invoke.LambdaForm$MH/0x00007f1a14106000.reinvoke(LambdaForm$MH)
  java.base@17.0.18-internal/java.lang.invoke.LambdaForm$MH/0x00007f1a14106400.guard(LambdaForm$MH)
  java.base@17.0.18-internal/java.lang.invoke.LambdaForm$MH/0x00007f1a14106000.reinvoke(LambdaForm$MH)
  java.base@17.0.18-internal/java.lang.invoke.LambdaForm$MH/0x00007f1a14162000.invoke(LambdaForm$MH)
  java.base@17.0.18-internal/java.lang.invoke.LambdaForm$MH/0x00007f1a140b9000.invokeExact_MT(LambdaForm$MH)
  app//org.codehaus.groovy.vmplugin.v8.IndyInterface.fromCache(IndyInterface.java:321)
  java.base@17.0.18-internal/java.lang.invoke.LambdaForm$DMH/0x00007f1a140a6c00.invokeStatic(LambdaForm$DMH)
  java.base@17.0.18-internal/java.lang.invoke.LambdaForm$MH/0x00007f1a14105000.invoke(LambdaForm$MH)
  java.base@17.0.18-internal/java.lang.invoke.Invokers$Holder.linkToCallSite(Invokers$Holder)
  app//nextflow.processor.TaskProcessor.handleException(TaskProcessor.groovy:1008)
  java.base@17.0.18-internal/jdk.internal.reflect.NativeMethodAccessorImpl.invoke0(Native Method)
  java.base@17.0.18-internal/jdk.internal.reflect.NativeMethodAccessorImpl.invoke(NativeMethodAccessorImpl.java:77)
  java.base@17.0.18-internal/jdk.internal.reflect.DelegatingMethodAccessorImpl.invoke(DelegatingMethodAccessorImpl.java:43)
  java.base@17.0.18-internal/java.lang.reflect.Method.invoke(Method.java:569)
  app//org.codehaus.groovy.reflection.CachedMethod.invoke(CachedMethod.java:343)
  app//groovy.lang.MetaMethod.doMethodInvoke(MetaMethod.java:328)
  app//groovy.lang.MetaClassImpl.doInvokeMethod(MetaClassImpl.java:1333)
  app//groovy.lang.MetaClassImpl.invokeMethod(MetaClassImpl.java:1088)
  app//org.codehaus.groovy.runtime.ScriptBytecodeAdapter.invokeMethodOnCurrentN(ScriptBytecodeAdapter.java:96)
  app//nextflow.processor.TaskProcessor.this$dist$invoke$1(TaskProcessor.groovy)
  app//nextflow.processor.TaskProcessor$TaskProcessorInterceptor.methodMissing(TaskProcessor.groovy)
  java.base@17.0.18-internal/jdk.internal.reflect.NativeMethodAccessorImpl.invoke0(Native Method)
  java.base@17.0.18-internal/jdk.internal.reflect.NativeMethodAccessorImpl.invoke(NativeMethodAccessorImpl.java:77)
  java.base@17.0.18-internal/jdk.internal.reflect.DelegatingMethodAccessorImpl.invoke(DelegatingMethodAccessorImpl.java:43)
  java.base@17.0.18-internal/java.lang.reflect.Method.invoke(Method.java:569)
  app//org.codehaus.groovy.reflection.CachedMethod.invoke(CachedMethod.java:343)
  app//groovy.lang.MetaClassImpl.invokeMissingMethod(MetaClassImpl.java:924)
  app//groovy.lang.MetaClassImpl.invokePropertyOrMissing(MetaClassImpl.java:1413)
  app//groovy.lang.MetaClassImpl.doInvokeMethod(MetaClassImpl.java:1335)
  app//groovy.lang.MetaClassImpl.invokeMethod(MetaClassImpl.java:1088)
  app//groovy.lang.MetaClassImpl.invokeMethod(MetaClassImpl.java:1007)
  java.base@17.0.18-internal/java.lang.invoke.LambdaForm$DMH/0x00007f1a140b2c00.invokeInterface(LambdaForm$DMH)
  java.base@17.0.18-internal/java.lang.invoke.LambdaForm$MH/0x00007f1a14175400.invoke(LambdaForm$MH)
  java.base@17.0.18-internal/java.lang.invoke.LambdaForm$MH/0x00007f1a142da400.invoke(LambdaForm$MH)
  java.base@17.0.18-internal/java.lang.invoke.LambdaForm$MH/0x00007f1a1415f400.guardWithCatch(LambdaForm$MH)
  java.base@17.0.18-internal/java.lang.invoke.LambdaForm$MH/0x00007f1a14160000.reinvoke(LambdaForm$MH)
  java.base@17.0.18-internal/java.lang.invoke.LambdaForm$MH/0x00007f1a14160400.guard(LambdaForm$MH)
  java.base@17.0.18-internal/java.lang.invoke.LambdaForm$MH/0x00007f1a14160000.reinvoke(LambdaForm$MH)
  java.base@17.0.18-internal/java.lang.invoke.LambdaForm$MH/0x00007f1a14160400.guard(LambdaForm$MH)
  java.base@17.0.18-internal/java.lang.invoke.LambdaForm$MH/0x00007f1a14160000.reinvoke(LambdaForm$MH)
  java.base@17.0.18-internal/java.lang.invoke.LambdaForm$MH/0x00007f1a14199800.invoke(LambdaForm$MH)
  java.base@17.0.18-internal/java.lang.invoke.LambdaForm$MH/0x00007f1a140b9000.invokeExact_MT(LambdaForm$MH)
  app//org.codehaus.groovy.vmplugin.v8.IndyInterface.fromCache(IndyInterface.java:321)
  java.base@17.0.18-internal/java.lang.invoke.LambdaForm$DMH/0x00007f1a140a6c00.invokeStatic(LambdaForm$DMH)
  java.base@17.0.18-internal/java.lang.invoke.LambdaForm$MH/0x00007f1a1415e800.invoke(LambdaForm$MH)
  java.base@17.0.18-internal/java.lang.invoke.Invokers$Holder.linkToCallSite(Invokers$Holder)
  app//nextflow.processor.TaskProcessor$TaskProcessorInterceptor.onException(TaskProcessor.groovy:2608)
  app//groovyx.gpars.dataflow.operator.DataflowProcessor.fireOnException(DataflowProcessor.java:331)
  app//groovyx.gpars.dataflow.operator.DataflowProcessor.reportError(DataflowProcessor.java:293)
  app//groovyx.gpars.dataflow.operator.DataflowProcessorActor.reportException(DataflowProcessorActor.java:125)
  app//groovyx.gpars.dataflow.operator.DataflowOperatorActor.startTask(DataflowOperatorActor.java:122)
  app//groovyx.gpars.dataflow.operator.ForkingDataflowOperatorActor.access$001(ForkingDataflowOperatorActor.java:35)
  app//groovyx.gpars.dataflow.operator.ForkingDataflowOperatorActor$1.run(ForkingDataflowOperatorActor.java:58)
  java.base@17.0.18-internal/java.util.concurrent.ThreadPoolExecutor.runWorker(ThreadPoolExecutor.java:1136)
  java.base@17.0.18-internal/java.util.concurrent.ThreadPoolExecutor$Worker.run(ThreadPoolExecutor.java:635)
  java.base@17.0.18-internal/java.lang.Thread.run(Thread.java:840)

Thread[Actor Thread 48,5,main]
  java.base@17.0.18-internal/jdk.internal.misc.Unsafe.park(Native Method)
  java.base@17.0.18-internal/java.util.concurrent.locks.LockSupport.park(LockSupport.java:341)
  java.base@17.0.18-internal/java.util.concurrent.SynchronousQueue$TransferStack$SNode.block(SynchronousQueue.java:288)
  java.base@17.0.18-internal/java.util.concurrent.ForkJoinPool.unmanagedBlock(ForkJoinPool.java:3465)
  java.base@17.0.18-internal/java.util.concurrent.ForkJoinPool.managedBlock(ForkJoinPool.java:3436)
  java.base@17.0.18-internal/java.util.concurrent.SynchronousQueue$TransferStack.transfer(SynchronousQueue.java:397)
  java.base@17.0.18-internal/java.util.concurrent.SynchronousQueue.take(SynchronousQueue.java:886)
  java.base@17.0.18-internal/java.util.concurrent.ThreadPoolExecutor.getTask(ThreadPoolExecutor.java:1062)
  java.base@17.0.18-internal/java.util.concurrent.ThreadPoolExecutor.runWorker(ThreadPoolExecutor.java:1122)
  java.base@17.0.18-internal/java.util.concurrent.ThreadPoolExecutor$Worker.run(ThreadPoolExecutor.java:635)
  java.base@17.0.18-internal/java.lang.Thread.run(Thread.java:840)

Thread[ForkJoinPool.commonPool-worker-3,5,main]
  java.base@17.0.18-internal/jdk.internal.misc.Unsafe.park(Native Method)
  java.base@17.0.18-internal/java.util.concurrent.locks.LockSupport.park(LockSupport.java:341)
  java.base@17.0.18-internal/java.util.concurrent.ForkJoinPool.awaitWork(ForkJoinPool.java:1724)
  java.base@17.0.18-internal/java.util.concurrent.ForkJoinPool.runWorker(ForkJoinPool.java:1623)
  java.base@17.0.18-internal/java.util.concurrent.ForkJoinWorkerThread.run(ForkJoinWorkerThread.java:165)

Thread[Actor Thread 20,5,main]
  java.base@17.0.18-internal/jdk.internal.misc.Unsafe.park(Native Method)
  java.base@17.0.18-internal/java.util.concurrent.locks.LockSupport.park(LockSupport.java:341)
  java.base@17.0.18-internal/java.util.concurrent.SynchronousQueue$TransferStack$SNode.block(SynchronousQueue.java:288)
  java.base@17.0.18-internal/java.util.concurrent.ForkJoinPool.unmanagedBlock(ForkJoinPool.java:3465)
  java.base@17.0.18-internal/java.util.concurrent.ForkJoinPool.managedBlock(ForkJoinPool.java:3436)
  java.base@17.0.18-internal/java.util.concurrent.SynchronousQueue$TransferStack.transfer(SynchronousQueue.java:397)
  java.base@17.0.18-internal/java.util.concurrent.SynchronousQueue.take(SynchronousQueue.java:886)
  java.base@17.0.18-internal/java.util.concurrent.ThreadPoolExecutor.getTask(ThreadPoolExecutor.java:1062)
  java.base@17.0.18-internal/java.util.concurrent.ThreadPoolExecutor.runWorker(ThreadPoolExecutor.java:1122)
  java.base@17.0.18-internal/java.util.concurrent.ThreadPoolExecutor$Worker.run(ThreadPoolExecutor.java:635)
  java.base@17.0.18-internal/java.lang.Thread.run(Thread.java:840)

Thread[Actor Thread 71,5,main]
  java.base@17.0.18-internal/jdk.internal.misc.Unsafe.park(Native Method)
  java.base@17.0.18-internal/java.util.concurrent.locks.LockSupport.park(LockSupport.java:341)
  java.base@17.0.18-internal/java.util.concurrent.SynchronousQueue$TransferStack$SNode.block(SynchronousQueue.java:288)
  java.base@17.0.18-internal/java.util.concurrent.ForkJoinPool.unmanagedBlock(ForkJoinPool.java:3465)
  java.base@17.0.18-internal/java.util.concurrent.ForkJoinPool.managedBlock(ForkJoinPool.java:3436)
  java.base@17.0.18-internal/java.util.concurrent.SynchronousQueue$TransferStack.transfer(SynchronousQueue.java:397)
  java.base@17.0.18-internal/java.util.concurrent.SynchronousQueue.take(SynchronousQueue.java:886)
  java.base@17.0.18-internal/java.util.concurrent.ThreadPoolExecutor.getTask(ThreadPoolExecutor.java:1062)
  java.base@17.0.18-internal/java.util.concurrent.ThreadPoolExecutor.runWorker(ThreadPoolExecutor.java:1122)
  java.base@17.0.18-internal/java.util.concurrent.ThreadPoolExecutor$Worker.run(ThreadPoolExecutor.java:635)
  java.base@17.0.18-internal/java.lang.Thread.run(Thread.java:840)

Thread[Actor Thread 17,5,main]
  java.base@17.0.18-internal/jdk.internal.misc.Unsafe.park(Native Method)
  java.base@17.0.18-internal/java.util.concurrent.locks.LockSupport.park(LockSupport.java:341)
  java.base@17.0.18-internal/java.util.concurrent.SynchronousQueue$TransferStack$SNode.block(SynchronousQueue.java:288)
  java.base@17.0.18-internal/java.util.concurrent.ForkJoinPool.unmanagedBlock(ForkJoinPool.java:3465)
  java.base@17.0.18-internal/java.util.concurrent.ForkJoinPool.managedBlock(ForkJoinPool.java:3436)
  java.base@17.0.18-internal/java.util.concurrent.SynchronousQueue$TransferStack.transfer(SynchronousQueue.java:397)
  java.base@17.0.18-internal/java.util.concurrent.SynchronousQueue.take(SynchronousQueue.java:886)
  java.base@17.0.18-internal/java.util.concurrent.ThreadPoolExecutor.getTask(ThreadPoolExecutor.java:1062)
  java.base@17.0.18-internal/java.util.concurrent.ThreadPoolExecutor.runWorker(ThreadPoolExecutor.java:1122)
  java.base@17.0.18-internal/java.util.concurrent.ThreadPoolExecutor$Worker.run(ThreadPoolExecutor.java:635)
  java.base@17.0.18-internal/java.lang.Thread.run(Thread.java:840)

Thread[Actor Thread 37,5,main]
  java.base@17.0.18-internal/jdk.internal.misc.Unsafe.park(Native Method)
  java.base@17.0.18-internal/java.util.concurrent.locks.LockSupport.park(LockSupport.java:341)
  java.base@17.0.18-internal/java.util.concurrent.SynchronousQueue$TransferStack$SNode.block(SynchronousQueue.java:288)
  java.base@17.0.18-internal/java.util.concurrent.ForkJoinPool.unmanagedBlock(ForkJoinPool.java:3465)
  java.base@17.0.18-internal/java.util.concurrent.ForkJoinPool.managedBlock(ForkJoinPool.java:3436)
  java.base@17.0.18-internal/java.util.concurrent.SynchronousQueue$TransferStack.transfer(SynchronousQueue.java:397)
  java.base@17.0.18-internal/java.util.concurrent.SynchronousQueue.take(SynchronousQueue.java:886)
  java.base@17.0.18-internal/java.util.concurrent.ThreadPoolExecutor.getTask(ThreadPoolExecutor.java:1062)
  java.base@17.0.18-internal/java.util.concurrent.ThreadPoolExecutor.runWorker(ThreadPoolExecutor.java:1122)
  java.base@17.0.18-internal/java.util.concurrent.ThreadPoolExecutor$Worker.run(ThreadPoolExecutor.java:635)
  java.base@17.0.18-internal/java.lang.Thread.run(Thread.java:840)

Thread[Actor Thread 27,5,main]
  java.base@17.0.18-internal/jdk.internal.misc.Unsafe.park(Native Method)
  java.base@17.0.18-internal/java.util.concurrent.locks.LockSupport.park(LockSupport.java:341)
  java.base@17.0.18-internal/java.util.concurrent.SynchronousQueue$TransferStack$SNode.block(SynchronousQueue.java:288)
  java.base@17.0.18-internal/java.util.concurrent.ForkJoinPool.unmanagedBlock(ForkJoinPool.java:3465)
  java.base@17.0.18-internal/java.util.concurrent.ForkJoinPool.managedBlock(ForkJoinPool.java:3436)
  java.base@17.0.18-internal/java.util.concurrent.SynchronousQueue$TransferStack.transfer(SynchronousQueue.java:397)
  java.base@17.0.18-internal/java.util.concurrent.SynchronousQueue.take(SynchronousQueue.java:886)
  java.base@17.0.18-internal/java.util.concurrent.ThreadPoolExecutor.getTask(ThreadPoolExecutor.java:1062)
  java.base@17.0.18-internal/java.util.concurrent.ThreadPoolExecutor.runWorker(ThreadPoolExecutor.java:1122)
  java.base@17.0.18-internal/java.util.concurrent.ThreadPoolExecutor$Worker.run(ThreadPoolExecutor.java:635)
  java.base@17.0.18-internal/java.lang.Thread.run(Thread.java:840)

Thread[Actor Thread 52,5,main]
  java.base@17.0.18-internal/jdk.internal.misc.Unsafe.park(Native Method)
  java.base@17.0.18-internal/java.util.concurrent.locks.LockSupport.park(LockSupport.java:341)
  java.base@17.0.18-internal/java.util.concurrent.SynchronousQueue$TransferStack$SNode.block(SynchronousQueue.java:288)
  java.base@17.0.18-internal/java.util.concurrent.ForkJoinPool.unmanagedBlock(ForkJoinPool.java:3465)
  java.base@17.0.18-internal/java.util.concurrent.ForkJoinPool.managedBlock(ForkJoinPool.java:3436)
  java.base@17.0.18-internal/java.util.concurrent.SynchronousQueue$TransferStack.transfer(SynchronousQueue.java:397)
  java.base@17.0.18-internal/java.util.concurrent.SynchronousQueue.take(SynchronousQueue.java:886)
  java.base@17.0.18-internal/java.util.concurrent.ThreadPoolExecutor.getTask(ThreadPoolExecutor.java:1062)
  java.base@17.0.18-internal/java.util.concurrent.ThreadPoolExecutor.runWorker(ThreadPoolExecutor.java:1122)
  java.base@17.0.18-internal/java.util.concurrent.ThreadPoolExecutor$Worker.run(ThreadPoolExecutor.java:635)
  java.base@17.0.18-internal/java.lang.Thread.run(Thread.java:840)

Thread[Actor Thread 59,5,main]
  java.base@17.0.18-internal/jdk.internal.misc.Unsafe.park(Native Method)
  java.base@17.0.18-internal/java.util.concurrent.locks.LockSupport.park(LockSupport.java:341)
  java.base@17.0.18-internal/java.util.concurrent.SynchronousQueue$TransferStack$SNode.block(SynchronousQueue.java:288)
  java.base@17.0.18-internal/java.util.concurrent.ForkJoinPool.unmanagedBlock(ForkJoinPool.java:3465)
  java.base@17.0.18-internal/java.util.concurrent.ForkJoinPool.managedBlock(ForkJoinPool.java:3436)
  java.base@17.0.18-internal/java.util.concurrent.SynchronousQueue$TransferStack.transfer(SynchronousQueue.java:397)
  java.base@17.0.18-internal/java.util.concurrent.SynchronousQueue.take(SynchronousQueue.java:886)
  java.base@17.0.18-internal/java.util.concurrent.ThreadPoolExecutor.getTask(ThreadPoolExecutor.java:1062)
  java.base@17.0.18-internal/java.util.concurrent.ThreadPoolExecutor.runWorker(ThreadPoolExecutor.java:1122)
  java.base@17.0.18-internal/java.util.concurrent.ThreadPoolExecutor$Worker.run(ThreadPoolExecutor.java:635)
  java.base@17.0.18-internal/java.lang.Thread.run(Thread.java:840)

Thread[Actor Thread 14,5,main]
  java.base@17.0.18-internal/jdk.internal.misc.Unsafe.park(Native Method)
  java.base@17.0.18-internal/java.util.concurrent.locks.LockSupport.park(LockSupport.java:341)
  java.base@17.0.18-internal/java.util.concurrent.SynchronousQueue$TransferStack$SNode.block(SynchronousQueue.java:288)
  java.base@17.0.18-internal/java.util.concurrent.ForkJoinPool.unmanagedBlock(ForkJoinPool.java:3465)
  java.base@17.0.18-internal/java.util.concurrent.ForkJoinPool.managedBlock(ForkJoinPool.java:3436)
  java.base@17.0.18-internal/java.util.concurrent.SynchronousQueue$TransferStack.transfer(SynchronousQueue.java:397)
  java.base@17.0.18-internal/java.util.concurrent.SynchronousQueue.take(SynchronousQueue.java:886)
  java.base@17.0.18-internal/java.util.concurrent.ThreadPoolExecutor.getTask(ThreadPoolExecutor.java:1062)
  java.base@17.0.18-internal/java.util.concurrent.ThreadPoolExecutor.runWorker(ThreadPoolExecutor.java:1122)
  java.base@17.0.18-internal/java.util.concurrent.ThreadPoolExecutor$Worker.run(ThreadPoolExecutor.java:635)
  java.base@17.0.18-internal/java.lang.Thread.run(Thread.java:840)

Thread[process reaper,10,system]
  java.base@17.0.18-internal/jdk.internal.misc.Unsafe.park(Native Method)
  java.base@17.0.18-internal/java.util.concurrent.locks.LockSupport.parkNanos(LockSupport.java:252)
  java.base@17.0.18-internal/java.util.concurrent.SynchronousQueue$TransferStack.transfer(SynchronousQueue.java:401)
  java.base@17.0.18-internal/java.util.concurrent.SynchronousQueue.poll(SynchronousQueue.java:903)
  java.base@17.0.18-internal/java.util.concurrent.ThreadPoolExecutor.getTask(ThreadPoolExecutor.java:1061)
  java.base@17.0.18-internal/java.util.concurrent.ThreadPoolExecutor.runWorker(ThreadPoolExecutor.java:1122)
  java.base@17.0.18-internal/java.util.concurrent.ThreadPoolExecutor$Worker.run(ThreadPoolExecutor.java:635)
  java.base@17.0.18-internal/java.lang.Thread.run(Thread.java:840)

Thread[Actor Thread 13,5,main]
  java.base@17.0.18-internal/jdk.internal.misc.Unsafe.park(Native Method)
  java.base@17.0.18-internal/java.util.concurrent.locks.LockSupport.park(LockSupport.java:341)
  java.base@17.0.18-internal/java.util.concurrent.SynchronousQueue$TransferStack$SNode.block(SynchronousQueue.java:288)
  java.base@17.0.18-internal/java.util.concurrent.ForkJoinPool.unmanagedBlock(ForkJoinPool.java:3465)
  java.base@17.0.18-internal/java.util.concurrent.ForkJoinPool.managedBlock(ForkJoinPool.java:3436)
  java.base@17.0.18-internal/java.util.concurrent.SynchronousQueue$TransferStack.transfer(SynchronousQueue.java:397)
  java.base@17.0.18-internal/java.util.concurrent.SynchronousQueue.take(SynchronousQueue.java:886)
  java.base@17.0.18-internal/java.util.concurrent.ThreadPoolExecutor.getTask(ThreadPoolExecutor.java:1062)
  java.base@17.0.18-internal/java.util.concurrent.ThreadPoolExecutor.runWorker(ThreadPoolExecutor.java:1122)
  java.base@17.0.18-internal/java.util.concurrent.ThreadPoolExecutor$Worker.run(ThreadPoolExecutor.java:635)
  java.base@17.0.18-internal/java.lang.Thread.run(Thread.java:840)

Thread[Actor Thread 33,5,main]
  java.base@17.0.18-internal/jdk.internal.misc.Unsafe.park(Native Method)
  java.base@17.0.18-internal/java.util.concurrent.locks.LockSupport.park(LockSupport.java:341)
  java.base@17.0.18-internal/java.util.concurrent.SynchronousQueue$TransferStack$SNode.block(SynchronousQueue.java:288)
  java.base@17.0.18-internal/java.util.concurrent.ForkJoinPool.unmanagedBlock(ForkJoinPool.java:3465)
  java.base@17.0.18-internal/java.util.concurrent.ForkJoinPool.managedBlock(ForkJoinPool.java:3436)
  java.base@17.0.18-internal/java.util.concurrent.SynchronousQueue$TransferStack.transfer(SynchronousQueue.java:397)
  java.base@17.0.18-internal/java.util.concurrent.SynchronousQueue.take(SynchronousQueue.java:886)
  java.base@17.0.18-internal/java.util.concurrent.ThreadPoolExecutor.getTask(ThreadPoolExecutor.java:1062)
  java.base@17.0.18-internal/java.util.concurrent.ThreadPoolExecutor.runWorker(ThreadPoolExecutor.java:1122)
  java.base@17.0.18-internal/java.util.concurrent.ThreadPoolExecutor$Worker.run(ThreadPoolExecutor.java:635)
  java.base@17.0.18-internal/java.lang.Thread.run(Thread.java:840)

Thread[Actor Thread 18,5,main]
  java.base@17.0.18-internal/jdk.internal.misc.Unsafe.park(Native Method)
  java.base@17.0.18-internal/java.util.concurrent.locks.LockSupport.park(LockSupport.java:341)
  java.base@17.0.18-internal/java.util.concurrent.SynchronousQueue$TransferStack$SNode.block(SynchronousQueue.java:288)
  java.base@17.0.18-internal/java.util.concurrent.ForkJoinPool.unmanagedBlock(ForkJoinPool.java:3465)
  java.base@17.0.18-internal/java.util.concurrent.ForkJoinPool.managedBlock(ForkJoinPool.java:3436)
  java.base@17.0.18-internal/java.util.concurrent.SynchronousQueue$TransferStack.transfer(SynchronousQueue.java:397)
  java.base@17.0.18-internal/java.util.concurrent.SynchronousQueue.take(SynchronousQueue.java:886)
  java.base@17.0.18-internal/java.util.concurrent.ThreadPoolExecutor.getTask(ThreadPoolExecutor.java:1062)
  java.base@17.0.18-internal/java.util.concurrent.ThreadPoolExecutor.runWorker(ThreadPoolExecutor.java:1122)
  java.base@17.0.18-internal/java.util.concurrent.ThreadPoolExecutor$Worker.run(ThreadPoolExecutor.java:635)
  java.base@17.0.18-internal/java.lang.Thread.run(Thread.java:840)

Thread[Actor Thread 61,5,main]
  java.base@17.0.18-internal/jdk.internal.misc.Unsafe.park(Native Method)
  java.base@17.0.18-internal/java.util.concurrent.locks.LockSupport.park(LockSupport.java:341)
  java.base@17.0.18-internal/java.util.concurrent.SynchronousQueue$TransferStack$SNode.block(SynchronousQueue.java:288)
  java.base@17.0.18-internal/java.util.concurrent.ForkJoinPool.unmanagedBlock(ForkJoinPool.java:3465)
  java.base@17.0.18-internal/java.util.concurrent.ForkJoinPool.managedBlock(ForkJoinPool.java:3436)
  java.base@17.0.18-internal/java.util.concurrent.SynchronousQueue$TransferStack.transfer(SynchronousQueue.java:397)
  java.base@17.0.18-internal/java.util.concurrent.SynchronousQueue.take(SynchronousQueue.java:886)
  java.base@17.0.18-internal/java.util.concurrent.ThreadPoolExecutor.getTask(ThreadPoolExecutor.java:1062)
  java.base@17.0.18-internal/java.util.concurrent.ThreadPoolExecutor.runWorker(ThreadPoolExecutor.java:1122)
  java.base@17.0.18-internal/java.util.concurrent.ThreadPoolExecutor$Worker.run(ThreadPoolExecutor.java:635)
  java.base@17.0.18-internal/java.lang.Thread.run(Thread.java:840)

Thread[Finalizer,8,system]
  java.base@17.0.18-internal/java.lang.Object.wait(Native Method)
  java.base@17.0.18-internal/java.lang.ref.ReferenceQueue.remove(ReferenceQueue.java:155)
  java.base@17.0.18-internal/java.lang.ref.ReferenceQueue.remove(ReferenceQueue.java:176)
  java.base@17.0.18-internal/java.lang.ref.Finalizer$FinalizerThread.run(Finalizer.java:172)

Thread[Actor Thread 4,5,main]
  java.base@17.0.18-internal/jdk.internal.misc.Unsafe.park(Native Method)
  java.base@17.0.18-internal/java.util.concurrent.locks.LockSupport.park(LockSupport.java:341)
  java.base@17.0.18-internal/java.util.concurrent.SynchronousQueue$TransferStack$SNode.block(SynchronousQueue.java:288)
  java.base@17.0.18-internal/java.util.concurrent.ForkJoinPool.unmanagedBlock(ForkJoinPool.java:3465)
  java.base@17.0.18-internal/java.util.concurrent.ForkJoinPool.managedBlock(ForkJoinPool.java:3436)
  java.base@17.0.18-internal/java.util.concurrent.SynchronousQueue$TransferStack.transfer(SynchronousQueue.java:397)
  java.base@17.0.18-internal/java.util.concurrent.SynchronousQueue.take(SynchronousQueue.java:886)
  java.base@17.0.18-internal/java.util.concurrent.ThreadPoolExecutor.getTask(ThreadPoolExecutor.java:1062)
  java.base@17.0.18-internal/java.util.concurrent.ThreadPoolExecutor.runWorker(ThreadPoolExecutor.java:1122)
  java.base@17.0.18-internal/java.util.concurrent.ThreadPoolExecutor$Worker.run(ThreadPoolExecutor.java:635)
  java.base@17.0.18-internal/java.lang.Thread.run(Thread.java:840)

Thread[Actor Thread 44,5,main]
  java.base@17.0.18-internal/jdk.internal.misc.Unsafe.park(Native Method)
  java.base@17.0.18-internal/java.util.concurrent.locks.LockSupport.park(LockSupport.java:341)
  java.base@17.0.18-internal/java.util.concurrent.SynchronousQueue$TransferStack$SNode.block(SynchronousQueue.java:288)
  java.base@17.0.18-internal/java.util.concurrent.ForkJoinPool.unmanagedBlock(ForkJoinPool.java:3465)
  java.base@17.0.18-internal/java.util.concurrent.ForkJoinPool.managedBlock(ForkJoinPool.java:3436)
  java.base@17.0.18-internal/java.util.concurrent.SynchronousQueue$TransferStack.transfer(SynchronousQueue.java:397)
  java.base@17.0.18-internal/java.util.concurrent.SynchronousQueue.take(SynchronousQueue.java:886)
  java.base@17.0.18-internal/java.util.concurrent.ThreadPoolExecutor.getTask(ThreadPoolExecutor.java:1062)
  java.base@17.0.18-internal/java.util.concurrent.ThreadPoolExecutor.runWorker(ThreadPoolExecutor.java:1122)
  java.base@17.0.18-internal/java.util.concurrent.ThreadPoolExecutor$Worker.run(ThreadPoolExecutor.java:635)
  java.base@17.0.18-internal/java.lang.Thread.run(Thread.java:840)

Thread[Actor Thread 50,5,main]
  java.base@17.0.18-internal/jdk.internal.misc.Unsafe.park(Native Method)
  java.base@17.0.18-internal/java.util.concurrent.locks.LockSupport.park(LockSupport.java:341)
  java.base@17.0.18-internal/java.util.concurrent.SynchronousQueue$TransferStack$SNode.block(SynchronousQueue.java:288)
  java.base@17.0.18-internal/java.util.concurrent.ForkJoinPool.unmanagedBlock(ForkJoinPool.java:3465)
  java.base@17.0.18-internal/java.util.concurrent.ForkJoinPool.managedBlock(ForkJoinPool.java:3436)
  java.base@17.0.18-internal/java.util.concurrent.SynchronousQueue$TransferStack.transfer(SynchronousQueue.java:397)
  java.base@17.0.18-internal/java.util.concurrent.SynchronousQueue.take(SynchronousQueue.java:886)
  java.base@17.0.18-internal/java.util.concurrent.ThreadPoolExecutor.getTask(ThreadPoolExecutor.java:1062)
  java.base@17.0.18-internal/java.util.concurrent.ThreadPoolExecutor.runWorker(ThreadPoolExecutor.java:1122)
  java.base@17.0.18-internal/java.util.concurrent.ThreadPoolExecutor$Worker.run(ThreadPoolExecutor.java:635)
  java.base@17.0.18-internal/java.lang.Thread.run(Thread.java:840)

Thread[Actor Thread 23,5,main]
  java.base@17.0.18-internal/jdk.internal.misc.Unsafe.park(Native Method)
  java.base@17.0.18-internal/java.util.concurrent.locks.LockSupport.park(LockSupport.java:341)
  java.base@17.0.18-internal/java.util.concurrent.SynchronousQueue$TransferStack$SNode.block(SynchronousQueue.java:288)
  java.base@17.0.18-internal/java.util.concurrent.ForkJoinPool.unmanagedBlock(ForkJoinPool.java:3465)
  java.base@17.0.18-internal/java.util.concurrent.ForkJoinPool.managedBlock(ForkJoinPool.java:3436)
  java.base@17.0.18-internal/java.util.concurrent.SynchronousQueue$TransferStack.transfer(SynchronousQueue.java:397)
  java.base@17.0.18-internal/java.util.concurrent.SynchronousQueue.take(SynchronousQueue.java:886)
  java.base@17.0.18-internal/java.util.concurrent.ThreadPoolExecutor.getTask(ThreadPoolExecutor.java:1062)
  java.base@17.0.18-internal/java.util.concurrent.ThreadPoolExecutor.runWorker(ThreadPoolExecutor.java:1122)
  java.base@17.0.18-internal/java.util.concurrent.ThreadPoolExecutor$Worker.run(ThreadPoolExecutor.java:635)
  java.base@17.0.18-internal/java.lang.Thread.run(Thread.java:840)

Thread[Actor Thread 43,5,main]
  java.base@17.0.18-internal/jdk.internal.misc.Unsafe.park(Native Method)
  java.base@17.0.18-internal/java.util.concurrent.locks.LockSupport.park(LockSupport.java:341)
  java.base@17.0.18-internal/java.util.concurrent.SynchronousQueue$TransferStack$SNode.block(SynchronousQueue.java:288)
  java.base@17.0.18-internal/java.util.concurrent.ForkJoinPool.unmanagedBlock(ForkJoinPool.java:3465)
  java.base@17.0.18-internal/java.util.concurrent.ForkJoinPool.managedBlock(ForkJoinPool.java:3436)
  java.base@17.0.18-internal/java.util.concurrent.SynchronousQueue$TransferStack.transfer(SynchronousQueue.java:397)
  java.base@17.0.18-internal/java.util.concurrent.SynchronousQueue.take(SynchronousQueue.java:886)
  java.base@17.0.18-internal/java.util.concurrent.ThreadPoolExecutor.getTask(ThreadPoolExecutor.java:1062)
  java.base@17.0.18-internal/java.util.concurrent.ThreadPoolExecutor.runWorker(ThreadPoolExecutor.java:1122)
  java.base@17.0.18-internal/java.util.concurrent.ThreadPoolExecutor$Worker.run(ThreadPoolExecutor.java:635)
  java.base@17.0.18-internal/java.lang.Thread.run(Thread.java:840)

Thread[Actor Thread 45,5,main]
  java.base@17.0.18-internal/jdk.internal.misc.Unsafe.park(Native Method)
  java.base@17.0.18-internal/java.util.concurrent.locks.LockSupport.park(LockSupport.java:341)
  java.base@17.0.18-internal/java.util.concurrent.SynchronousQueue$TransferStack$SNode.block(SynchronousQueue.java:288)
  java.base@17.0.18-internal/java.util.concurrent.ForkJoinPool.unmanagedBlock(ForkJoinPool.java:3465)
  java.base@17.0.18-internal/java.util.concurrent.ForkJoinPool.managedBlock(ForkJoinPool.java:3436)
  java.base@17.0.18-internal/java.util.concurrent.SynchronousQueue$TransferStack.transfer(SynchronousQueue.java:397)
  java.base@17.0.18-internal/java.util.concurrent.SynchronousQueue.take(SynchronousQueue.java:886)
  java.base@17.0.18-internal/java.util.concurrent.ThreadPoolExecutor.getTask(ThreadPoolExecutor.java:1062)
  java.base@17.0.18-internal/java.util.concurrent.ThreadPoolExecutor.runWorker(ThreadPoolExecutor.java:1122)
  java.base@17.0.18-internal/java.util.concurrent.ThreadPoolExecutor$Worker.run(ThreadPoolExecutor.java:635)
  java.base@17.0.18-internal/java.lang.Thread.run(Thread.java:840)

Thread[Actor Thread 6,5,main]
  java.base@17.0.18-internal/jdk.internal.misc.Unsafe.park(Native Method)
  java.base@17.0.18-internal/java.util.concurrent.locks.LockSupport.park(LockSupport.java:341)
  java.base@17.0.18-internal/java.util.concurrent.SynchronousQueue$TransferStack$SNode.block(SynchronousQueue.java:288)
  java.base@17.0.18-internal/java.util.concurrent.ForkJoinPool.unmanagedBlock(ForkJoinPool.java:3465)
  java.base@17.0.18-internal/java.util.concurrent.ForkJoinPool.managedBlock(ForkJoinPool.java:3436)
  java.base@17.0.18-internal/java.util.concurrent.SynchronousQueue$TransferStack.transfer(SynchronousQueue.java:397)
  java.base@17.0.18-internal/java.util.concurrent.SynchronousQueue.take(SynchronousQueue.java:886)
  java.base@17.0.18-internal/java.util.concurrent.ThreadPoolExecutor.getTask(ThreadPoolExecutor.java:1062)
  java.base@17.0.18-internal/java.util.concurrent.ThreadPoolExecutor.runWorker(ThreadPoolExecutor.java:1122)
  java.base@17.0.18-internal/java.util.concurrent.ThreadPoolExecutor$Worker.run(ThreadPoolExecutor.java:635)
  java.base@17.0.18-internal/java.lang.Thread.run(Thread.java:840)

Thread[Actor Thread 16,5,main]
  java.base@17.0.18-internal/jdk.internal.misc.Unsafe.park(Native Method)
  java.base@17.0.18-internal/java.util.concurrent.locks.LockSupport.park(LockSupport.java:341)
  java.base@17.0.18-internal/java.util.concurrent.SynchronousQueue$TransferStack$SNode.block(SynchronousQueue.java:288)
  java.base@17.0.18-internal/java.util.concurrent.ForkJoinPool.unmanagedBlock(ForkJoinPool.java:3465)
  java.base@17.0.18-internal/java.util.concurrent.ForkJoinPool.managedBlock(ForkJoinPool.java:3436)
  java.base@17.0.18-internal/java.util.concurrent.SynchronousQueue$TransferStack.transfer(SynchronousQueue.java:397)
  java.base@17.0.18-internal/java.util.concurrent.SynchronousQueue.take(SynchronousQueue.java:886)
  java.base@17.0.18-internal/java.util.concurrent.ThreadPoolExecutor.getTask(ThreadPoolExecutor.java:1062)
  java.base@17.0.18-internal/java.util.concurrent.ThreadPoolExecutor.runWorker(ThreadPoolExecutor.java:1122)
  java.base@17.0.18-internal/java.util.concurrent.ThreadPoolExecutor$Worker.run(ThreadPoolExecutor.java:635)
  java.base@17.0.18-internal/java.lang.Thread.run(Thread.java:840)

Thread[JGit-FileStoreAttributeReader-1,5,main]
  java.base@17.0.18-internal/jdk.internal.misc.Unsafe.park(Native Method)
  java.base@17.0.18-internal/java.util.concurrent.locks.LockSupport.park(LockSupport.java:341)
  java.base@17.0.18-internal/java.util.concurrent.locks.AbstractQueuedSynchronizer$ConditionNode.block(AbstractQueuedSynchronizer.java:506)
  java.base@17.0.18-internal/java.util.concurrent.ForkJoinPool.unmanagedBlock(ForkJoinPool.java:3465)
  java.base@17.0.18-internal/java.util.concurrent.ForkJoinPool.managedBlock(ForkJoinPool.java:3436)
  java.base@17.0.18-internal/java.util.concurrent.locks.AbstractQueuedSynchronizer$ConditionObject.await(AbstractQueuedSynchronizer.java:1630)
  java.base@17.0.18-internal/java.util.concurrent.LinkedBlockingQueue.take(LinkedBlockingQueue.java:435)
  java.base@17.0.18-internal/java.util.concurrent.ThreadPoolExecutor.getTask(ThreadPoolExecutor.java:1062)
  java.base@17.0.18-internal/java.util.concurrent.ThreadPoolExecutor.runWorker(ThreadPoolExecutor.java:1122)
  java.base@17.0.18-internal/java.util.concurrent.ThreadPoolExecutor$Worker.run(ThreadPoolExecutor.java:635)
  java.base@17.0.18-internal/java.lang.Thread.run(Thread.java:840)

Thread[Actor Thread 15,5,main]
  java.base@17.0.18-internal/jdk.internal.misc.Unsafe.park(Native Method)
  java.base@17.0.18-internal/java.util.concurrent.locks.LockSupport.park(LockSupport.java:341)
  java.base@17.0.18-internal/java.util.concurrent.SynchronousQueue$TransferStack$SNode.block(SynchronousQueue.java:288)
  java.base@17.0.18-internal/java.util.concurrent.ForkJoinPool.unmanagedBlock(ForkJoinPool.java:3465)
  java.base@17.0.18-internal/java.util.concurrent.ForkJoinPool.managedBlock(ForkJoinPool.java:3436)
  java.base@17.0.18-internal/java.util.concurrent.SynchronousQueue$TransferStack.transfer(SynchronousQueue.java:397)
  java.base@17.0.18-internal/java.util.concurrent.SynchronousQueue.take(SynchronousQueue.java:886)
  java.base@17.0.18-internal/java.util.concurrent.ThreadPoolExecutor.getTask(ThreadPoolExecutor.java:1062)
  java.base@17.0.18-internal/java.util.concurrent.ThreadPoolExecutor.runWorker(ThreadPoolExecutor.java:1122)
  java.base@17.0.18-internal/java.util.concurrent.ThreadPoolExecutor$Worker.run(ThreadPoolExecutor.java:635)
  java.base@17.0.18-internal/java.lang.Thread.run(Thread.java:840)

Thread[Actor Thread 21,5,main]
  java.base@17.0.18-internal/jdk.internal.misc.Unsafe.park(Native Method)
  java.base@17.0.18-internal/java.util.concurrent.locks.LockSupport.park(LockSupport.java:341)
  java.base@17.0.18-internal/java.util.concurrent.SynchronousQueue$TransferStack$SNode.block(SynchronousQueue.java:288)
  java.base@17.0.18-internal/java.util.concurrent.ForkJoinPool.unmanagedBlock(ForkJoinPool.java:3465)
  java.base@17.0.18-internal/java.util.concurrent.ForkJoinPool.managedBlock(ForkJoinPool.java:3436)
  java.base@17.0.18-internal/java.util.concurrent.SynchronousQueue$TransferStack.transfer(SynchronousQueue.java:397)
  java.base@17.0.18-internal/java.util.concurrent.SynchronousQueue.take(SynchronousQueue.java:886)
  java.base@17.0.18-internal/java.util.concurrent.ThreadPoolExecutor.getTask(ThreadPoolExecutor.java:1062)
  java.base@17.0.18-internal/java.util.concurrent.ThreadPoolExecutor.runWorker(ThreadPoolExecutor.java:1122)
  java.base@17.0.18-internal/java.util.concurrent.ThreadPoolExecutor$Worker.run(ThreadPoolExecutor.java:635)
  java.base@17.0.18-internal/java.lang.Thread.run(Thread.java:840)

Thread[Reference Handler,10,system]
  java.base@17.0.18-internal/java.lang.ref.Reference.waitForReferencePendingList(Native Method)
  java.base@17.0.18-internal/java.lang.ref.Reference.processPendingReferences(Reference.java:253)
  java.base@17.0.18-internal/java.lang.ref.Reference$ReferenceHandler.run(Reference.java:215)

Thread[Actor Thread 38,5,main]
  java.base@17.0.18-internal/jdk.internal.misc.Unsafe.park(Native Method)
  java.base@17.0.18-internal/java.util.concurrent.locks.LockSupport.park(LockSupport.java:341)
  java.base@17.0.18-internal/java.util.concurrent.SynchronousQueue$TransferStack$SNode.block(SynchronousQueue.java:288)
  java.base@17.0.18-internal/java.util.concurrent.ForkJoinPool.unmanagedBlock(ForkJoinPool.java:3465)
  java.base@17.0.18-internal/java.util.concurrent.ForkJoinPool.managedBlock(ForkJoinPool.java:3436)
  java.base@17.0.18-internal/java.util.concurrent.SynchronousQueue$TransferStack.transfer(SynchronousQueue.java:397)
  java.base@17.0.18-internal/java.util.concurrent.SynchronousQueue.take(SynchronousQueue.java:886)
  java.base@17.0.18-internal/java.util.concurrent.ThreadPoolExecutor.getTask(ThreadPoolExecutor.java:1062)
  java.base@17.0.18-internal/java.util.concurrent.ThreadPoolExecutor.runWorker(ThreadPoolExecutor.java:1122)
  java.base@17.0.18-internal/java.util.concurrent.ThreadPoolExecutor$Worker.run(ThreadPoolExecutor.java:635)
  java.base@17.0.18-internal/java.lang.Thread.run(Thread.java:840)

Thread[Common-Cleaner,8,InnocuousThreadGroup]
  java.base@17.0.18-internal/java.lang.Object.wait(Native Method)
  java.base@17.0.18-internal/java.lang.ref.ReferenceQueue.remove(ReferenceQueue.java:155)
  java.base@17.0.18-internal/jdk.internal.ref.CleanerImpl.run(CleanerImpl.java:140)
  java.base@17.0.18-internal/java.lang.Thread.run(Thread.java:840)
  java.base@17.0.18-internal/jdk.internal.misc.InnocuousThread.run(InnocuousThread.java:162)

Thread[Keep-Alive-Timer,8,InnocuousThreadGroup]
  java.base@17.0.18-internal/java.lang.Thread.sleep(Native Method)
  java.base@17.0.18-internal/sun.net.www.http.KeepAliveCache.run(KeepAliveCache.java:238)
  java.base@17.0.18-internal/java.lang.Thread.run(Thread.java:840)
  java.base@17.0.18-internal/jdk.internal.misc.InnocuousThread.run(InnocuousThread.java:162)

Thread[Actor Thread 55,5,main]
  java.base@17.0.18-internal/jdk.internal.misc.Unsafe.park(Native Method)
  java.base@17.0.18-internal/java.util.concurrent.locks.LockSupport.park(LockSupport.java:341)
  java.base@17.0.18-internal/java.util.concurrent.SynchronousQueue$TransferStack$SNode.block(SynchronousQueue.java:288)
  java.base@17.0.18-internal/java.util.concurrent.ForkJoinPool.unmanagedBlock(ForkJoinPool.java:3465)
  java.base@17.0.18-internal/java.util.concurrent.ForkJoinPool.managedBlock(ForkJoinPool.java:3436)
  java.base@17.0.18-internal/java.util.concurrent.SynchronousQueue$TransferStack.transfer(SynchronousQueue.java:397)
  java.base@17.0.18-internal/java.util.concurrent.SynchronousQueue.take(SynchronousQueue.java:886)
  java.base@17.0.18-internal/java.util.concurrent.ThreadPoolExecutor.getTask(ThreadPoolExecutor.java:1062)
  java.base@17.0.18-internal/java.util.concurrent.ThreadPoolExecutor.runWorker(ThreadPoolExecutor.java:1122)
  java.base@17.0.18-internal/java.util.concurrent.ThreadPoolExecutor$Worker.run(ThreadPoolExecutor.java:635)
  java.base@17.0.18-internal/java.lang.Thread.run(Thread.java:840)

Thread[Actor Thread 58,5,main]
  java.base@17.0.18-internal/jdk.internal.misc.Unsafe.park(Native Method)
  java.base@17.0.18-internal/java.util.concurrent.locks.LockSupport.park(LockSupport.java:341)
  java.base@17.0.18-internal/java.util.concurrent.SynchronousQueue$TransferStack$SNode.block(SynchronousQueue.java:288)
  java.base@17.0.18-internal/java.util.concurrent.ForkJoinPool.unmanagedBlock(ForkJoinPool.java:3465)
  java.base@17.0.18-internal/java.util.concurrent.ForkJoinPool.managedBlock(ForkJoinPool.java:3436)
  java.base@17.0.18-internal/java.util.concurrent.SynchronousQueue$TransferStack.transfer(SynchronousQueue.java:397)
  java.base@17.0.18-internal/java.util.concurrent.SynchronousQueue.take(SynchronousQueue.java:886)
  java.base@17.0.18-internal/java.util.concurrent.ThreadPoolExecutor.getTask(ThreadPoolExecutor.java:1062)
  java.base@17.0.18-internal/java.util.concurrent.ThreadPoolExecutor.runWorker(ThreadPoolExecutor.java:1122)
  java.base@17.0.18-internal/java.util.concurrent.ThreadPoolExecutor$Worker.run(ThreadPoolExecutor.java:635)
  java.base@17.0.18-internal/java.lang.Thread.run(Thread.java:840)

Thread[ForkJoinPool.commonPool-worker-2,5,main]
  java.base@17.0.18-internal/jdk.internal.misc.Unsafe.park(Native Method)
  java.base@17.0.18-internal/java.util.concurrent.locks.LockSupport.parkUntil(LockSupport.java:410)
  java.base@17.0.18-internal/java.util.concurrent.ForkJoinPool.awaitWork(ForkJoinPool.java:1726)
  java.base@17.0.18-internal/java.util.concurrent.ForkJoinPool.runWorker(ForkJoinPool.java:1623)
  java.base@17.0.18-internal/java.util.concurrent.ForkJoinWorkerThread.run(ForkJoinWorkerThread.java:165)

Thread[Actor Thread 69,5,main]
  java.base@17.0.18-internal/jdk.internal.misc.Unsafe.park(Native Method)
  java.base@17.0.18-internal/java.util.concurrent.locks.LockSupport.park(LockSupport.java:341)
  java.base@17.0.18-internal/java.util.concurrent.SynchronousQueue$TransferStack$SNode.block(SynchronousQueue.java:288)
  java.base@17.0.18-internal/java.util.concurrent.ForkJoinPool.unmanagedBlock(ForkJoinPool.java:3465)
  java.base@17.0.18-internal/java.util.concurrent.ForkJoinPool.managedBlock(ForkJoinPool.java:3436)
  java.base@17.0.18-internal/java.util.concurrent.SynchronousQueue$TransferStack.transfer(SynchronousQueue.java:397)
  java.base@17.0.18-internal/java.util.concurrent.SynchronousQueue.take(SynchronousQueue.java:886)
  java.base@17.0.18-internal/java.util.concurrent.ThreadPoolExecutor.getTask(ThreadPoolExecutor.java:1062)
  java.base@17.0.18-internal/java.util.concurrent.ThreadPoolExecutor.runWorker(ThreadPoolExecutor.java:1122)
  java.base@17.0.18-internal/java.util.concurrent.ThreadPoolExecutor$Worker.run(ThreadPoolExecutor.java:635)
  java.base@17.0.18-internal/java.lang.Thread.run(Thread.java:840)

Thread[Actor Thread 9,5,main]
  java.base@17.0.18-internal/jdk.internal.misc.Unsafe.park(Native Method)
  java.base@17.0.18-internal/java.util.concurrent.locks.LockSupport.park(LockSupport.java:341)
  java.base@17.0.18-internal/java.util.concurrent.SynchronousQueue$TransferStack$SNode.block(SynchronousQueue.java:288)
  java.base@17.0.18-internal/java.util.concurrent.ForkJoinPool.unmanagedBlock(ForkJoinPool.java:3465)
  java.base@17.0.18-internal/java.util.concurrent.ForkJoinPool.managedBlock(ForkJoinPool.java:3436)
  java.base@17.0.18-internal/java.util.concurrent.SynchronousQueue$TransferStack.transfer(SynchronousQueue.java:397)
  java.base@17.0.18-internal/java.util.concurrent.SynchronousQueue.take(SynchronousQueue.java:886)
  java.base@17.0.18-internal/java.util.concurrent.ThreadPoolExecutor.getTask(ThreadPoolExecutor.java:1062)
  java.base@17.0.18-internal/java.util.concurrent.ThreadPoolExecutor.runWorker(ThreadPoolExecutor.java:1122)
  java.base@17.0.18-internal/java.util.concurrent.ThreadPoolExecutor$Worker.run(ThreadPoolExecutor.java:635)
  java.base@17.0.18-internal/java.lang.Thread.run(Thread.java:840)

Thread[Actor Thread 68,5,main]
  java.base@17.0.18-internal/jdk.internal.misc.Unsafe.park(Native Method)
  java.base@17.0.18-internal/java.util.concurrent.locks.LockSupport.park(LockSupport.java:341)
  java.base@17.0.18-internal/java.util.concurrent.SynchronousQueue$TransferStack$SNode.block(SynchronousQueue.java:288)
  java.base@17.0.18-internal/java.util.concurrent.ForkJoinPool.unmanagedBlock(ForkJoinPool.java:3465)
  java.base@17.0.18-internal/java.util.concurrent.ForkJoinPool.managedBlock(ForkJoinPool.java:3436)
  java.base@17.0.18-internal/java.util.concurrent.SynchronousQueue$TransferStack.transfer(SynchronousQueue.java:397)
  java.base@17.0.18-internal/java.util.concurrent.SynchronousQueue.take(SynchronousQueue.java:886)
  java.base@17.0.18-internal/java.util.concurrent.ThreadPoolExecutor.getTask(ThreadPoolExecutor.java:1062)
  java.base@17.0.18-internal/java.util.concurrent.ThreadPoolExecutor.runWorker(ThreadPoolExecutor.java:1122)
  java.base@17.0.18-internal/java.util.concurrent.ThreadPoolExecutor$Worker.run(ThreadPoolExecutor.java:635)
  java.base@17.0.18-internal/java.lang.Thread.run(Thread.java:840)

Thread[main,5,main]
  java.base@17.0.18-internal/jdk.internal.misc.Unsafe.park(Native Method)
  java.base@17.0.18-internal/java.util.concurrent.locks.LockSupport.park(LockSupport.java:341)
  java.base@17.0.18-internal/java.util.concurrent.locks.AbstractQueuedSynchronizer$ConditionNode.block(AbstractQueuedSynchronizer.java:506)
  java.base@17.0.18-internal/java.util.concurrent.ForkJoinPool.unmanagedBlock(ForkJoinPool.java:3465)
  java.base@17.0.18-internal/java.util.concurrent.ForkJoinPool.managedBlock(ForkJoinPool.java:3436)
  java.base@17.0.18-internal/java.util.concurrent.locks.AbstractQueuedSynchronizer$ConditionObject.await(AbstractQueuedSynchronizer.java:1630)
  app//nextflow.util.Barrier$_awaitCompletion_closure3.doCall(Barrier.groovy:92)
  app//nextflow.util.Barrier$_awaitCompletion_closure3.call(Barrier.groovy)
  app//nextflow.extension.Bolts.withLock(Bolts.groovy:337)
  app//nextflow.extension.Bolts.withLock(Bolts.groovy)
  app//nextflow.util.Barrier.awaitCompletion(Barrier.groovy:89)
  app//nextflow.Session.await(Session.groovy:676)
  app//nextflow.script.ScriptRunner.await(ScriptRunner.groovy:256)
  app//nextflow.script.ScriptRunner.execute(ScriptRunner.groovy:144)
  app//nextflow.cli.CmdRun.run(CmdRun.groovy:376)
  app//nextflow.cli.Launcher.run(Launcher.groovy:503)
  app//nextflow.cli.Launcher.main(Launcher.groovy:658)

Thread[Actor Thread 36,5,main]
  java.base@17.0.18-internal/jdk.internal.misc.Unsafe.park(Native Method)
  java.base@17.0.18-internal/java.util.concurrent.locks.LockSupport.park(LockSupport.java:341)
  java.base@17.0.18-internal/java.util.concurrent.SynchronousQueue$TransferStack$SNode.block(SynchronousQueue.java:288)
  java.base@17.0.18-internal/java.util.concurrent.ForkJoinPool.unmanagedBlock(ForkJoinPool.java:3465)
  java.base@17.0.18-internal/java.util.concurrent.ForkJoinPool.managedBlock(ForkJoinPool.java:3436)
  java.base@17.0.18-internal/java.util.concurrent.SynchronousQueue$TransferStack.transfer(SynchronousQueue.java:397)
  java.base@17.0.18-internal/java.util.concurrent.SynchronousQueue.take(SynchronousQueue.java:886)
  java.base@17.0.18-internal/java.util.concurrent.ThreadPoolExecutor.getTask(ThreadPoolExecutor.java:1062)
  java.base@17.0.18-internal/java.util.concurrent.ThreadPoolExecutor.runWorker(ThreadPoolExecutor.java:1122)
  java.base@17.0.18-internal/java.util.concurrent.ThreadPoolExecutor$Worker.run(ThreadPoolExecutor.java:635)
  java.base@17.0.18-internal/java.lang.Thread.run(Thread.java:840)

Thread[Actor Thread 10,5,main]
  java.base@17.0.18-internal/jdk.internal.misc.Unsafe.park(Native Method)
  java.base@17.0.18-internal/java.util.concurrent.locks.LockSupport.park(LockSupport.java:341)
  java.base@17.0.18-internal/java.util.concurrent.SynchronousQueue$TransferStack$SNode.block(SynchronousQueue.java:288)
  java.base@17.0.18-internal/java.util.concurrent.ForkJoinPool.unmanagedBlock(ForkJoinPool.java:3465)
  java.base@17.0.18-internal/java.util.concurrent.ForkJoinPool.managedBlock(ForkJoinPool.java:3436)
  java.base@17.0.18-internal/java.util.concurrent.SynchronousQueue$TransferStack.transfer(SynchronousQueue.java:397)
  java.base@17.0.18-internal/java.util.concurrent.SynchronousQueue.take(SynchronousQueue.java:886)
  java.base@17.0.18-internal/java.util.concurrent.ThreadPoolExecutor.getTask(ThreadPoolExecutor.java:1062)
  java.base@17.0.18-internal/java.util.concurrent.ThreadPoolExecutor.runWorker(ThreadPoolExecutor.java:1122)
  java.base@17.0.18-internal/java.util.concurrent.ThreadPoolExecutor$Worker.run(ThreadPoolExecutor.java:635)
  java.base@17.0.18-internal/java.lang.Thread.run(Thread.java:840)

Thread[Actor Thread 39,5,main]
  java.base@17.0.18-internal/jdk.internal.misc.Unsafe.park(Native Method)
  java.base@17.0.18-internal/java.util.concurrent.locks.LockSupport.park(LockSupport.java:341)
  java.base@17.0.18-internal/java.util.concurrent.SynchronousQueue$TransferStack$SNode.block(SynchronousQueue.java:288)
  java.base@17.0.18-internal/java.util.concurrent.ForkJoinPool.unmanagedBlock(ForkJoinPool.java:3465)
  java.base@17.0.18-internal/java.util.concurrent.ForkJoinPool.managedBlock(ForkJoinPool.java:3436)
  java.base@17.0.18-internal/java.util.concurrent.SynchronousQueue$TransferStack.transfer(SynchronousQueue.java:397)
  java.base@17.0.18-internal/java.util.concurrent.SynchronousQueue.take(SynchronousQueue.java:886)
  java.base@17.0.18-internal/java.util.concurrent.ThreadPoolExecutor.getTask(ThreadPoolExecutor.java:1062)
  java.base@17.0.18-internal/java.util.concurrent.ThreadPoolExecutor.runWorker(ThreadPoolExecutor.java:1122)
  java.base@17.0.18-internal/java.util.concurrent.ThreadPoolExecutor$Worker.run(ThreadPoolExecutor.java:635)
  java.base@17.0.18-internal/java.lang.Thread.run(Thread.java:840)

Thread[FileTransfer-1,5,main]
  java.base@17.0.18-internal/jdk.internal.misc.Unsafe.park(Native Method)
  java.base@17.0.18-internal/java.util.concurrent.locks.LockSupport.park(LockSupport.java:341)
  java.base@17.0.18-internal/java.util.concurrent.locks.AbstractQueuedSynchronizer$ConditionNode.block(AbstractQueuedSynchronizer.java:506)
  java.base@17.0.18-internal/java.util.concurrent.ForkJoinPool.unmanagedBlock(ForkJoinPool.java:3465)
  java.base@17.0.18-internal/java.util.concurrent.ForkJoinPool.managedBlock(ForkJoinPool.java:3436)
  java.base@17.0.18-internal/java.util.concurrent.locks.AbstractQueuedSynchronizer$ConditionObject.await(AbstractQueuedSynchronizer.java:1630)
  java.base@17.0.18-internal/java.util.concurrent.LinkedBlockingQueue.take(LinkedBlockingQueue.java:435)
  java.base@17.0.18-internal/java.util.concurrent.ThreadPoolExecutor.getTask(ThreadPoolExecutor.java:1062)
  java.base@17.0.18-internal/java.util.concurrent.ThreadPoolExecutor.runWorker(ThreadPoolExecutor.java:1122)
  java.base@17.0.18-internal/java.util.concurrent.ThreadPoolExecutor$Worker.run(ThreadPoolExecutor.java:635)
  java.base@17.0.18-internal/java.lang.Thread.run(Thread.java:840)

Thread[Actor Thread 24,5,main]
  java.base@17.0.18-internal/jdk.internal.misc.Unsafe.park(Native Method)
  java.base@17.0.18-internal/java.util.concurrent.locks.LockSupport.park(LockSupport.java:341)
  java.base@17.0.18-internal/java.util.concurrent.SynchronousQueue$TransferStack$SNode.block(SynchronousQueue.java:288)
  java.base@17.0.18-internal/java.util.concurrent.ForkJoinPool.unmanagedBlock(ForkJoinPool.java:3465)
  java.base@17.0.18-internal/java.util.concurrent.ForkJoinPool.managedBlock(ForkJoinPool.java:3436)
  java.base@17.0.18-internal/java.util.concurrent.SynchronousQueue$TransferStack.transfer(SynchronousQueue.java:397)
  java.base@17.0.18-internal/java.util.concurrent.SynchronousQueue.take(SynchronousQueue.java:886)
  java.base@17.0.18-internal/java.util.concurrent.ThreadPoolExecutor.getTask(ThreadPoolExecutor.java:1062)
  java.base@17.0.18-internal/java.util.concurrent.ThreadPoolExecutor.runWorker(ThreadPoolExecutor.java:1122)
  java.base@17.0.18-internal/java.util.concurrent.ThreadPoolExecutor$Worker.run(ThreadPoolExecutor.java:635)
  java.base@17.0.18-internal/java.lang.Thread.run(Thread.java:840)

Thread[Actor Thread 42,5,main]
  java.base@17.0.18-internal/jdk.internal.misc.Unsafe.park(Native Method)
  java.base@17.0.18-internal/java.util.concurrent.locks.LockSupport.park(LockSupport.java:341)
  java.base@17.0.18-internal/java.util.concurrent.SynchronousQueue$TransferStack$SNode.block(SynchronousQueue.java:288)
  java.base@17.0.18-internal/java.util.concurrent.ForkJoinPool.unmanagedBlock(ForkJoinPool.java:3465)
  java.base@17.0.18-internal/java.util.concurrent.ForkJoinPool.managedBlock(ForkJoinPool.java:3436)
  java.base@17.0.18-internal/java.util.concurrent.SynchronousQueue$TransferStack.transfer(SynchronousQueue.java:397)
  java.base@17.0.18-internal/java.util.concurrent.SynchronousQueue.take(SynchronousQueue.java:886)
  java.base@17.0.18-internal/java.util.concurrent.ThreadPoolExecutor.getTask(ThreadPoolExecutor.java:1062)
  java.base@17.0.18-internal/java.util.concurrent.ThreadPoolExecutor.runWorker(ThreadPoolExecutor.java:1122)
  java.base@17.0.18-internal/java.util.concurrent.ThreadPoolExecutor$Worker.run(ThreadPoolExecutor.java:635)
  java.base@17.0.18-internal/java.lang.Thread.run(Thread.java:840)

Aug-19 15:29:03.359 [main] DEBUG nextflow.Session - Session await > all processes finished
Aug-19 15:29:03.359 [main] DEBUG nextflow.Session - Session await > all barriers passed
Aug-19 15:29:03.359 [Task monitor] DEBUG n.processor.TaskPollingMonitor - <<< barrier arrives (monitor: local) - terminating tasks monitor poll loop
Aug-19 15:29:03.360 [Actor Thread 60] DEBUG nextflow.processor.TaskProcessor - Handling unexpected condition for
  task: name=NFCORE_NANOSEQ:NANOSEQ:INPUT_CHECK:SAMPLESHEET_CHECK; work-dir=null
  error [java.lang.InterruptedException]: java.lang.InterruptedException
Aug-19 15:29:03.360 [Actor Thread 70] DEBUG nextflow.file.SortFileCollector - FileCollector temp dir not removed: null
Aug-19 15:29:03.361 [main] INFO  nextflow.Nextflow - -[0;35m[nf-core/nanoseq][0;31m Pipeline completed with errors[0m-
Aug-19 15:29:03.364 [main] DEBUG n.trace.WorkflowStatsObserver - Workflow completed > WorkflowStats[succeededCount=0; failedCount=0; ignoredCount=0; cachedCount=0; pendingCount=0; submittedCount=0; runningCount=0; retriesCount=0; abortedCount=0; succeedDuration=0ms; failedDuration=0ms; cachedDuration=0ms;loadCpus=0; loadMemory=0; peakRunning=0; peakCpus=0; peakMemory=0; ]
Aug-19 15:29:03.364 [main] DEBUG nextflow.trace.TraceFileObserver - Workflow completed -- saving trace file
Aug-19 15:29:03.365 [main] DEBUG nextflow.trace.ReportObserver - Workflow completed -- rendering execution report
Aug-19 15:29:03.766 [main] DEBUG nextflow.trace.TimelineObserver - Workflow completed -- rendering execution timeline
Aug-19 15:29:03.860 [main] DEBUG nextflow.cache.CacheDB - Closing CacheDB done
Aug-19 15:29:03.874 [main] DEBUG nextflow.script.ScriptRunner - > Execution complete -- Goodbye
