data/ChineseTrio/HG006_NA24694-huCA017E_father/CompleteGenomics_normal_cellsDNA/README.txt	2866
data/ChineseTrio/HG006_NA24694-huCA017E_father/CompleteGenomics_normal_cellsDNA/dad_NA24694_GS000037476-ASM/BAM/chr10_mapping_sorted_header.bam	76692703944
data/ChineseTrio/HG006_NA24694-huCA017E_father/CompleteGenomics_normal_cellsDNA/dad_NA24694_GS000037476-ASM/BAM/chr11_mapping_sorted_header.bam	60091143333
data/ChineseTrio/HG006_NA24694-huCA017E_father/CompleteGenomics_normal_cellsDNA/dad_NA24694_GS000037476-ASM/BAM/chr12_mapping_sorted_header.bam	54257949214
data/ChineseTrio/HG006_NA24694-huCA017E_father/CompleteGenomics_normal_cellsDNA/dad_NA24694_GS000037476-ASM/BAM/chr13_mapping_sorted_header.bam	33679244585
data/ChineseTrio/HG006_NA24694-huCA017E_father/CompleteGenomics_normal_cellsDNA/dad_NA24694_GS000037476-ASM/BAM/chr14_mapping_sorted_header.bam	37094236007
data/ChineseTrio/HG006_NA24694-huCA017E_father/CompleteGenomics_normal_cellsDNA/dad_NA24694_GS000037476-ASM/BAM/chr15_mapping_sorted_header.bam	36948042597
data/ChineseTrio/HG006_NA24694-huCA017E_father/CompleteGenomics_normal_cellsDNA/dad_NA24694_GS000037476-ASM/BAM/chr16_mapping_sorted_header.bam	48949740365
data/ChineseTrio/HG006_NA24694-huCA017E_father/CompleteGenomics_normal_cellsDNA/dad_NA24694_GS000037476-ASM/BAM/chr17_mapping_sorted_header.bam	38564760665
data/ChineseTrio/HG006_NA24694-huCA017E_father/CompleteGenomics_normal_cellsDNA/dad_NA24694_GS000037476-ASM/BAM/chr18_mapping_sorted_header.bam	30799886083
data/ChineseTrio/HG006_NA24694-huCA017E_father/CompleteGenomics_normal_cellsDNA/dad_NA24694_GS000037476-ASM/BAM/chr19_mapping_sorted_header.bam	35884760659
data/ChineseTrio/HG006_NA24694-huCA017E_father/CompleteGenomics_normal_cellsDNA/dad_NA24694_GS000037476-ASM/BAM/chr1_mapping_sorted_header.bam	102718689439
data/ChineseTrio/HG006_NA24694-huCA017E_father/CompleteGenomics_normal_cellsDNA/dad_NA24694_GS000037476-ASM/BAM/chr20_mapping_sorted_header.bam	24988183895
data/ChineseTrio/HG006_NA24694-huCA017E_father/CompleteGenomics_normal_cellsDNA/dad_NA24694_GS000037476-ASM/BAM/chr21_mapping_sorted_header.bam	19759441053
data/ChineseTrio/HG006_NA24694-huCA017E_father/CompleteGenomics_normal_cellsDNA/dad_NA24694_GS000037476-ASM/BAM/chr22_mapping_sorted_header.bam	17870747421
data/ChineseTrio/HG006_NA24694-huCA017E_father/CompleteGenomics_normal_cellsDNA/dad_NA24694_GS000037476-ASM/BAM/chr2_mapping_sorted_header.bam	107463959658
data/ChineseTrio/HG006_NA24694-huCA017E_father/CompleteGenomics_normal_cellsDNA/dad_NA24694_GS000037476-ASM/BAM/chr3_mapping_sorted_header.bam	76521553671
data/ChineseTrio/HG006_NA24694-huCA017E_father/CompleteGenomics_normal_cellsDNA/dad_NA24694_GS000037476-ASM/BAM/chr4_mapping_sorted_header.bam	83454177586
data/ChineseTrio/HG006_NA24694-huCA017E_father/CompleteGenomics_normal_cellsDNA/dad_NA24694_GS000037476-ASM/BAM/chr5_mapping_sorted_header.bam	74986657052
data/ChineseTrio/HG006_NA24694-huCA017E_father/CompleteGenomics_normal_cellsDNA/dad_NA24694_GS000037476-ASM/BAM/chr6_mapping_sorted_header.bam	65939176552
data/ChineseTrio/HG006_NA24694-huCA017E_father/CompleteGenomics_normal_cellsDNA/dad_NA24694_GS000037476-ASM/BAM/chr7_mapping_sorted_header.bam	77330989941
data/ChineseTrio/HG006_NA24694-huCA017E_father/CompleteGenomics_normal_cellsDNA/dad_NA24694_GS000037476-ASM/BAM/chr8_mapping_sorted_header.bam	66828950541
data/ChineseTrio/HG006_NA24694-huCA017E_father/CompleteGenomics_normal_cellsDNA/dad_NA24694_GS000037476-ASM/BAM/chr9_mapping_sorted_header.bam	62435646020
data/ChineseTrio/HG006_NA24694-huCA017E_father/CompleteGenomics_normal_cellsDNA/dad_NA24694_GS000037476-ASM/BAM/chrM_mapping_sorted_header.bam	3300301949
data/ChineseTrio/HG006_NA24694-huCA017E_father/CompleteGenomics_normal_cellsDNA/dad_NA24694_GS000037476-ASM/BAM/chrX_mapping_sorted_header.bam	55202260499
data/ChineseTrio/HG006_NA24694-huCA017E_father/CompleteGenomics_normal_cellsDNA/dad_NA24694_GS000037476-ASM/BAM/chrY_mapping_sorted_header.bam	36947815687
data/ChineseTrio/HG006_NA24694-huCA017E_father/CompleteGenomics_normal_cellsDNA/dad_NA24694_GS000037476-ASM/BAM/evidenceDnbs-GS000037476-ASM_sorted.bam	40649685850
data/ChineseTrio/HG006_NA24694-huCA017E_father/CompleteGenomics_normal_cellsDNA/dad_NA24694_GS000037476-ASM/BAM/evidenceDnbs-GS000037476-ASM_sorted.bam.bai	7498448
data/ChineseTrio/HG006_NA24694-huCA017E_father/CompleteGenomics_normal_cellsDNA/dad_NA24694_GS000037476-ASM/BAM/notMapped_mapping_sorted_header.bam	110612156551
data/ChineseTrio/HG006_NA24694-huCA017E_father/CompleteGenomics_normal_cellsDNA/dad_NA24694_GS000037476-ASM/LIB/GS02142-CLS_B06/lib_DNB_GS02142-CLS_B06.tsv	854
data/ChineseTrio/HG006_NA24694-huCA017E_father/CompleteGenomics_normal_cellsDNA/dad_NA24694_GS000037476-ASM/LIB/GS02142-CLS_B06/lib_gaps_L0_GS02142-CLS_B06.tsv	300751
data/ChineseTrio/HG006_NA24694-huCA017E_father/CompleteGenomics_normal_cellsDNA/dad_NA24694_GS000037476-ASM/LIB/GS02142-CLS_B06/lib_gaps_M_GS02142-CLS_B06.tsv	29316
data/ChineseTrio/HG006_NA24694-huCA017E_father/CompleteGenomics_normal_cellsDNA/dad_NA24694_GS000037476-ASM/LIB/GS02142-CLS_B06/lib_gaps_R0_GS02142-CLS_B06.tsv	300751
data/ChineseTrio/HG006_NA24694-huCA017E_father/CompleteGenomics_normal_cellsDNA/dad_NA24694_GS000037476-ASM/LIB/GS02142-CLS_B06/lib_gaps_rollup_L_GS02142-CLS_B06.tsv	772
data/ChineseTrio/HG006_NA24694-huCA017E_father/CompleteGenomics_normal_cellsDNA/dad_NA24694_GS000037476-ASM/LIB/GS02142-CLS_B06/lib_gaps_rollup_R_GS02142-CLS_B06.tsv	777
data/ChineseTrio/HG006_NA24694-huCA017E_father/CompleteGenomics_normal_cellsDNA/dad_NA24694_GS000037476-ASM/MAP/GS77235-FS3-L02/mapping_GS77235-FS3-L02_001.tsv.bz2	565698428
data/ChineseTrio/HG006_NA24694-huCA017E_father/CompleteGenomics_normal_cellsDNA/dad_NA24694_GS000037476-ASM/MAP/GS77235-FS3-L02/mapping_GS77235-FS3-L02_002.tsv.bz2	556646652
data/ChineseTrio/HG006_NA24694-huCA017E_father/CompleteGenomics_normal_cellsDNA/dad_NA24694_GS000037476-ASM/MAP/GS77235-FS3-L02/mapping_GS77235-FS3-L02_003.tsv.bz2	552480236
data/ChineseTrio/HG006_NA24694-huCA017E_father/CompleteGenomics_normal_cellsDNA/dad_NA24694_GS000037476-ASM/MAP/GS77235-FS3-L02/mapping_GS77235-FS3-L02_004.tsv.bz2	550849242
data/ChineseTrio/HG006_NA24694-huCA017E_father/CompleteGenomics_normal_cellsDNA/dad_NA24694_GS000037476-ASM/MAP/GS77235-FS3-L02/mapping_GS77235-FS3-L02_005.tsv.bz2	529749221
data/ChineseTrio/HG006_NA24694-huCA017E_father/CompleteGenomics_normal_cellsDNA/dad_NA24694_GS000037476-ASM/MAP/GS77235-FS3-L02/mapping_GS77235-FS3-L02_006.tsv.bz2	568453257
data/ChineseTrio/HG006_NA24694-huCA017E_father/CompleteGenomics_normal_cellsDNA/dad_NA24694_GS000037476-ASM/MAP/GS77235-FS3-L02/mapping_GS77235-FS3-L02_007.tsv.bz2	541899396
data/ChineseTrio/HG006_NA24694-huCA017E_father/CompleteGenomics_normal_cellsDNA/dad_NA24694_GS000037476-ASM/MAP/GS77235-FS3-L02/mapping_GS77235-FS3-L02_008.tsv.bz2	568251272
data/ChineseTrio/HG006_NA24694-huCA017E_father/CompleteGenomics_normal_cellsDNA/dad_NA24694_GS000037476-ASM/MAP/GS77235-FS3-L02/mapping_GS77235-FS3-L02_009.tsv.bz2	567566196
data/ChineseTrio/HG006_NA24694-huCA017E_father/CompleteGenomics_normal_cellsDNA/dad_NA24694_GS000037476-ASM/MAP/GS77235-FS3-L02/mapping_GS77235-FS3-L02_010.tsv.bz2	550055898
data/ChineseTrio/HG006_NA24694-huCA017E_father/CompleteGenomics_normal_cellsDNA/dad_NA24694_GS000037476-ASM/MAP/GS77235-FS3-L02/mapping_GS77235-FS3-L02_011.tsv.bz2	547741006
data/ChineseTrio/HG006_NA24694-huCA017E_father/CompleteGenomics_normal_cellsDNA/dad_NA24694_GS000037476-ASM/MAP/GS77235-FS3-L02/mapping_GS77235-FS3-L02_012.tsv.bz2	567478476
data/ChineseTrio/HG006_NA24694-huCA017E_father/CompleteGenomics_normal_cellsDNA/dad_NA24694_GS000037476-ASM/MAP/GS77235-FS3-L02/mapping_GS77235-FS3-L02_013.tsv.bz2	552634431
data/ChineseTrio/HG006_NA24694-huCA017E_father/CompleteGenomics_normal_cellsDNA/dad_NA24694_GS000037476-ASM/MAP/GS77235-FS3-L02/mapping_GS77235-FS3-L02_014.tsv.bz2	553453639
data/ChineseTrio/HG006_NA24694-huCA017E_father/CompleteGenomics_normal_cellsDNA/dad_NA24694_GS000037476-ASM/MAP/GS77235-FS3-L02/mapping_GS77235-FS3-L02_015.tsv.bz2	543381568
data/ChineseTrio/HG006_NA24694-huCA017E_father/CompleteGenomics_normal_cellsDNA/dad_NA24694_GS000037476-ASM/MAP/GS77235-FS3-L02/mapping_GS77235-FS3-L02_016.tsv.bz2	536497282
data/ChineseTrio/HG006_NA24694-huCA017E_father/CompleteGenomics_normal_cellsDNA/dad_NA24694_GS000037476-ASM/MAP/GS77235-FS3-L02/reads_GS77235-FS3-L02_001.tsv.bz2	1197502818
data/ChineseTrio/HG006_NA24694-huCA017E_father/CompleteGenomics_normal_cellsDNA/dad_NA24694_GS000037476-ASM/MAP/GS77235-FS3-L02/reads_GS77235-FS3-L02_002.tsv.bz2	1229005042
data/ChineseTrio/HG006_NA24694-huCA017E_father/CompleteGenomics_normal_cellsDNA/dad_NA24694_GS000037476-ASM/MAP/GS77235-FS3-L02/reads_GS77235-FS3-L02_003.tsv.bz2	1240353675
data/ChineseTrio/HG006_NA24694-huCA017E_father/CompleteGenomics_normal_cellsDNA/dad_NA24694_GS000037476-ASM/MAP/GS77235-FS3-L02/reads_GS77235-FS3-L02_004.tsv.bz2	1212645087
data/ChineseTrio/HG006_NA24694-huCA017E_father/CompleteGenomics_normal_cellsDNA/dad_NA24694_GS000037476-ASM/MAP/GS77235-FS3-L02/reads_GS77235-FS3-L02_005.tsv.bz2	1169540593
data/ChineseTrio/HG006_NA24694-huCA017E_father/CompleteGenomics_normal_cellsDNA/dad_NA24694_GS000037476-ASM/MAP/GS77235-FS3-L02/reads_GS77235-FS3-L02_006.tsv.bz2	1229524516
data/ChineseTrio/HG006_NA24694-huCA017E_father/CompleteGenomics_normal_cellsDNA/dad_NA24694_GS000037476-ASM/MAP/GS77235-FS3-L02/reads_GS77235-FS3-L02_007.tsv.bz2	1205384792
data/ChineseTrio/HG006_NA24694-huCA017E_father/CompleteGenomics_normal_cellsDNA/dad_NA24694_GS000037476-ASM/MAP/GS77235-FS3-L02/reads_GS77235-FS3-L02_008.tsv.bz2	1232773407
data/ChineseTrio/HG006_NA24694-huCA017E_father/CompleteGenomics_normal_cellsDNA/dad_NA24694_GS000037476-ASM/MAP/GS77235-FS3-L02/reads_GS77235-FS3-L02_009.tsv.bz2	1232467720
data/ChineseTrio/HG006_NA24694-huCA017E_father/CompleteGenomics_normal_cellsDNA/dad_NA24694_GS000037476-ASM/MAP/GS77235-FS3-L02/reads_GS77235-FS3-L02_010.tsv.bz2	1194962725
data/ChineseTrio/HG006_NA24694-huCA017E_father/CompleteGenomics_normal_cellsDNA/dad_NA24694_GS000037476-ASM/MAP/GS77235-FS3-L02/reads_GS77235-FS3-L02_011.tsv.bz2	1227064593
data/ChineseTrio/HG006_NA24694-huCA017E_father/CompleteGenomics_normal_cellsDNA/dad_NA24694_GS000037476-ASM/MAP/GS77235-FS3-L02/reads_GS77235-FS3-L02_012.tsv.bz2	1227338287
data/ChineseTrio/HG006_NA24694-huCA017E_father/CompleteGenomics_normal_cellsDNA/dad_NA24694_GS000037476-ASM/MAP/GS77235-FS3-L02/reads_GS77235-FS3-L02_013.tsv.bz2	1225883448
data/ChineseTrio/HG006_NA24694-huCA017E_father/CompleteGenomics_normal_cellsDNA/dad_NA24694_GS000037476-ASM/MAP/GS77235-FS3-L02/reads_GS77235-FS3-L02_014.tsv.bz2	1230190693
data/ChineseTrio/HG006_NA24694-huCA017E_father/CompleteGenomics_normal_cellsDNA/dad_NA24694_GS000037476-ASM/MAP/GS77235-FS3-L02/reads_GS77235-FS3-L02_015.tsv.bz2	1217035472
data/ChineseTrio/HG006_NA24694-huCA017E_father/CompleteGenomics_normal_cellsDNA/dad_NA24694_GS000037476-ASM/MAP/GS77235-FS3-L02/reads_GS77235-FS3-L02_016.tsv.bz2	1172681366
data/ChineseTrio/HG006_NA24694-huCA017E_father/CompleteGenomics_normal_cellsDNA/dad_NA24694_GS000037476-ASM/MAP/GS80172-FS3-L01/mapping_GS80172-FS3-L01_001.tsv.bz2	477790451
data/ChineseTrio/HG006_NA24694-huCA017E_father/CompleteGenomics_normal_cellsDNA/dad_NA24694_GS000037476-ASM/MAP/GS80172-FS3-L01/mapping_GS80172-FS3-L01_002.tsv.bz2	530313518
data/ChineseTrio/HG006_NA24694-huCA017E_father/CompleteGenomics_normal_cellsDNA/dad_NA24694_GS000037476-ASM/MAP/GS80172-FS3-L01/mapping_GS80172-FS3-L01_003.tsv.bz2	533535922
data/ChineseTrio/HG006_NA24694-huCA017E_father/CompleteGenomics_normal_cellsDNA/dad_NA24694_GS000037476-ASM/MAP/GS80172-FS3-L01/mapping_GS80172-FS3-L01_004.tsv.bz2	530637507
data/ChineseTrio/HG006_NA24694-huCA017E_father/CompleteGenomics_normal_cellsDNA/dad_NA24694_GS000037476-ASM/MAP/GS80172-FS3-L01/mapping_GS80172-FS3-L01_005.tsv.bz2	531406440
data/ChineseTrio/HG006_NA24694-huCA017E_father/CompleteGenomics_normal_cellsDNA/dad_NA24694_GS000037476-ASM/MAP/GS80172-FS3-L01/mapping_GS80172-FS3-L01_006.tsv.bz2	531473513
data/ChineseTrio/HG006_NA24694-huCA017E_father/CompleteGenomics_normal_cellsDNA/dad_NA24694_GS000037476-ASM/MAP/GS80172-FS3-L01/mapping_GS80172-FS3-L01_007.tsv.bz2	529714233
data/ChineseTrio/HG006_NA24694-huCA017E_father/CompleteGenomics_normal_cellsDNA/dad_NA24694_GS000037476-ASM/MAP/GS80172-FS3-L01/mapping_GS80172-FS3-L01_008.tsv.bz2	527807116
data/ChineseTrio/HG006_NA24694-huCA017E_father/CompleteGenomics_normal_cellsDNA/dad_NA24694_GS000037476-ASM/MAP/GS80172-FS3-L01/mapping_GS80172-FS3-L01_009.tsv.bz2	525857046
data/ChineseTrio/HG006_NA24694-huCA017E_father/CompleteGenomics_normal_cellsDNA/dad_NA24694_GS000037476-ASM/MAP/GS80172-FS3-L01/mapping_GS80172-FS3-L01_010.tsv.bz2	526019171
data/ChineseTrio/HG006_NA24694-huCA017E_father/CompleteGenomics_normal_cellsDNA/dad_NA24694_GS000037476-ASM/MAP/GS80172-FS3-L01/mapping_GS80172-FS3-L01_011.tsv.bz2	527290839
data/ChineseTrio/HG006_NA24694-huCA017E_father/CompleteGenomics_normal_cellsDNA/dad_NA24694_GS000037476-ASM/MAP/GS80172-FS3-L01/mapping_GS80172-FS3-L01_012.tsv.bz2	525417087
data/ChineseTrio/HG006_NA24694-huCA017E_father/CompleteGenomics_normal_cellsDNA/dad_NA24694_GS000037476-ASM/MAP/GS80172-FS3-L01/mapping_GS80172-FS3-L01_013.tsv.bz2	525428265
data/ChineseTrio/HG006_NA24694-huCA017E_father/CompleteGenomics_normal_cellsDNA/dad_NA24694_GS000037476-ASM/MAP/GS80172-FS3-L01/mapping_GS80172-FS3-L01_014.tsv.bz2	531156814
data/ChineseTrio/HG006_NA24694-huCA017E_father/CompleteGenomics_normal_cellsDNA/dad_NA24694_GS000037476-ASM/MAP/GS80172-FS3-L01/mapping_GS80172-FS3-L01_015.tsv.bz2	536354262
data/ChineseTrio/HG006_NA24694-huCA017E_father/CompleteGenomics_normal_cellsDNA/dad_NA24694_GS000037476-ASM/MAP/GS80172-FS3-L01/mapping_GS80172-FS3-L01_016.tsv.bz2	528902871
data/ChineseTrio/HG006_NA24694-huCA017E_father/CompleteGenomics_normal_cellsDNA/dad_NA24694_GS000037476-ASM/MAP/GS80172-FS3-L01/mapping_GS80172-FS3-L01_017.tsv.bz2	278687161
data/ChineseTrio/HG006_NA24694-huCA017E_father/CompleteGenomics_normal_cellsDNA/dad_NA24694_GS000037476-ASM/MAP/GS80172-FS3-L01/reads_GS80172-FS3-L01_001.tsv.bz2	1191133595
data/ChineseTrio/HG006_NA24694-huCA017E_father/CompleteGenomics_normal_cellsDNA/dad_NA24694_GS000037476-ASM/MAP/GS80172-FS3-L01/reads_GS80172-FS3-L01_002.tsv.bz2	1320586133
data/ChineseTrio/HG006_NA24694-huCA017E_father/CompleteGenomics_normal_cellsDNA/dad_NA24694_GS000037476-ASM/MAP/GS80172-FS3-L01/reads_GS80172-FS3-L01_003.tsv.bz2	1318007778
data/ChineseTrio/HG006_NA24694-huCA017E_father/CompleteGenomics_normal_cellsDNA/dad_NA24694_GS000037476-ASM/MAP/GS80172-FS3-L01/reads_GS80172-FS3-L01_004.tsv.bz2	1327787137
data/ChineseTrio/HG006_NA24694-huCA017E_father/CompleteGenomics_normal_cellsDNA/dad_NA24694_GS000037476-ASM/MAP/GS80172-FS3-L01/reads_GS80172-FS3-L01_005.tsv.bz2	1322598923
data/ChineseTrio/HG006_NA24694-huCA017E_father/CompleteGenomics_normal_cellsDNA/dad_NA24694_GS000037476-ASM/MAP/GS80172-FS3-L01/reads_GS80172-FS3-L01_006.tsv.bz2	1321477786
data/ChineseTrio/HG006_NA24694-huCA017E_father/CompleteGenomics_normal_cellsDNA/dad_NA24694_GS000037476-ASM/MAP/GS80172-FS3-L01/reads_GS80172-FS3-L01_007.tsv.bz2	1329924682
data/ChineseTrio/HG006_NA24694-huCA017E_father/CompleteGenomics_normal_cellsDNA/dad_NA24694_GS000037476-ASM/MAP/GS80172-FS3-L01/reads_GS80172-FS3-L01_008.tsv.bz2	1337109761
data/ChineseTrio/HG006_NA24694-huCA017E_father/CompleteGenomics_normal_cellsDNA/dad_NA24694_GS000037476-ASM/MAP/GS80172-FS3-L01/reads_GS80172-FS3-L01_009.tsv.bz2	1342758844
data/ChineseTrio/HG006_NA24694-huCA017E_father/CompleteGenomics_normal_cellsDNA/dad_NA24694_GS000037476-ASM/MAP/GS80172-FS3-L01/reads_GS80172-FS3-L01_010.tsv.bz2	1339823307
data/ChineseTrio/HG006_NA24694-huCA017E_father/CompleteGenomics_normal_cellsDNA/dad_NA24694_GS000037476-ASM/MAP/GS80172-FS3-L01/reads_GS80172-FS3-L01_011.tsv.bz2	1336731116
data/ChineseTrio/HG006_NA24694-huCA017E_father/CompleteGenomics_normal_cellsDNA/dad_NA24694_GS000037476-ASM/MAP/GS80172-FS3-L01/reads_GS80172-FS3-L01_012.tsv.bz2	1343430867
data/ChineseTrio/HG006_NA24694-huCA017E_father/CompleteGenomics_normal_cellsDNA/dad_NA24694_GS000037476-ASM/MAP/GS80172-FS3-L01/reads_GS80172-FS3-L01_013.tsv.bz2	1344463602
data/ChineseTrio/HG006_NA24694-huCA017E_father/CompleteGenomics_normal_cellsDNA/dad_NA24694_GS000037476-ASM/MAP/GS80172-FS3-L01/reads_GS80172-FS3-L01_014.tsv.bz2	1327326991
data/ChineseTrio/HG006_NA24694-huCA017E_father/CompleteGenomics_normal_cellsDNA/dad_NA24694_GS000037476-ASM/MAP/GS80172-FS3-L01/reads_GS80172-FS3-L01_015.tsv.bz2	1312434983
data/ChineseTrio/HG006_NA24694-huCA017E_father/CompleteGenomics_normal_cellsDNA/dad_NA24694_GS000037476-ASM/MAP/GS80172-FS3-L01/reads_GS80172-FS3-L01_016.tsv.bz2	1318180613
data/ChineseTrio/HG006_NA24694-huCA017E_father/CompleteGenomics_normal_cellsDNA/dad_NA24694_GS000037476-ASM/MAP/GS80172-FS3-L01/reads_GS80172-FS3-L01_017.tsv.bz2	679422514
data/ChineseTrio/HG006_NA24694-huCA017E_father/CompleteGenomics_normal_cellsDNA/dad_NA24694_GS000037476-ASM/MAP/GS80172-FS3-L02/mapping_GS80172-FS3-L02_001.tsv.bz2	493723970
data/ChineseTrio/HG006_NA24694-huCA017E_father/CompleteGenomics_normal_cellsDNA/dad_NA24694_GS000037476-ASM/MAP/GS80172-FS3-L02/mapping_GS80172-FS3-L02_002.tsv.bz2	530788063
data/ChineseTrio/HG006_NA24694-huCA017E_father/CompleteGenomics_normal_cellsDNA/dad_NA24694_GS000037476-ASM/MAP/GS80172-FS3-L02/mapping_GS80172-FS3-L02_003.tsv.bz2	536325181
data/ChineseTrio/HG006_NA24694-huCA017E_father/CompleteGenomics_normal_cellsDNA/dad_NA24694_GS000037476-ASM/MAP/GS80172-FS3-L02/mapping_GS80172-FS3-L02_004.tsv.bz2	528938039
data/ChineseTrio/HG006_NA24694-huCA017E_father/CompleteGenomics_normal_cellsDNA/dad_NA24694_GS000037476-ASM/MAP/GS80172-FS3-L02/mapping_GS80172-FS3-L02_005.tsv.bz2	532784269
data/ChineseTrio/HG006_NA24694-huCA017E_father/CompleteGenomics_normal_cellsDNA/dad_NA24694_GS000037476-ASM/MAP/GS80172-FS3-L02/mapping_GS80172-FS3-L02_006.tsv.bz2	533797357
data/ChineseTrio/HG006_NA24694-huCA017E_father/CompleteGenomics_normal_cellsDNA/dad_NA24694_GS000037476-ASM/MAP/GS80172-FS3-L02/mapping_GS80172-FS3-L02_007.tsv.bz2	532204335
data/ChineseTrio/HG006_NA24694-huCA017E_father/CompleteGenomics_normal_cellsDNA/dad_NA24694_GS000037476-ASM/MAP/GS80172-FS3-L02/mapping_GS80172-FS3-L02_008.tsv.bz2	531613684
data/ChineseTrio/HG006_NA24694-huCA017E_father/CompleteGenomics_normal_cellsDNA/dad_NA24694_GS000037476-ASM/MAP/GS80172-FS3-L02/mapping_GS80172-FS3-L02_009.tsv.bz2	532660120
data/ChineseTrio/HG006_NA24694-huCA017E_father/CompleteGenomics_normal_cellsDNA/dad_NA24694_GS000037476-ASM/MAP/GS80172-FS3-L02/mapping_GS80172-FS3-L02_010.tsv.bz2	532735160
data/ChineseTrio/HG006_NA24694-huCA017E_father/CompleteGenomics_normal_cellsDNA/dad_NA24694_GS000037476-ASM/MAP/GS80172-FS3-L02/mapping_GS80172-FS3-L02_011.tsv.bz2	532925730
data/ChineseTrio/HG006_NA24694-huCA017E_father/CompleteGenomics_normal_cellsDNA/dad_NA24694_GS000037476-ASM/MAP/GS80172-FS3-L02/mapping_GS80172-FS3-L02_012.tsv.bz2	528977022
data/ChineseTrio/HG006_NA24694-huCA017E_father/CompleteGenomics_normal_cellsDNA/dad_NA24694_GS000037476-ASM/MAP/GS80172-FS3-L02/mapping_GS80172-FS3-L02_013.tsv.bz2	528414787
data/ChineseTrio/HG006_NA24694-huCA017E_father/CompleteGenomics_normal_cellsDNA/dad_NA24694_GS000037476-ASM/MAP/GS80172-FS3-L02/mapping_GS80172-FS3-L02_014.tsv.bz2	529215813
data/ChineseTrio/HG006_NA24694-huCA017E_father/CompleteGenomics_normal_cellsDNA/dad_NA24694_GS000037476-ASM/MAP/GS80172-FS3-L02/mapping_GS80172-FS3-L02_015.tsv.bz2	536509140
data/ChineseTrio/HG006_NA24694-huCA017E_father/CompleteGenomics_normal_cellsDNA/dad_NA24694_GS000037476-ASM/MAP/GS80172-FS3-L02/mapping_GS80172-FS3-L02_016.tsv.bz2	531869860
data/ChineseTrio/HG006_NA24694-huCA017E_father/CompleteGenomics_normal_cellsDNA/dad_NA24694_GS000037476-ASM/MAP/GS80172-FS3-L02/mapping_GS80172-FS3-L02_017.tsv.bz2	249307577
data/ChineseTrio/HG006_NA24694-huCA017E_father/CompleteGenomics_normal_cellsDNA/dad_NA24694_GS000037476-ASM/MAP/GS80172-FS3-L02/reads_GS80172-FS3-L02_001.tsv.bz2	1234125202
data/ChineseTrio/HG006_NA24694-huCA017E_father/CompleteGenomics_normal_cellsDNA/dad_NA24694_GS000037476-ASM/MAP/GS80172-FS3-L02/reads_GS80172-FS3-L02_002.tsv.bz2	1330545434
data/ChineseTrio/HG006_NA24694-huCA017E_father/CompleteGenomics_normal_cellsDNA/dad_NA24694_GS000037476-ASM/MAP/GS80172-FS3-L02/reads_GS80172-FS3-L02_003.tsv.bz2	1321115032
data/ChineseTrio/HG006_NA24694-huCA017E_father/CompleteGenomics_normal_cellsDNA/dad_NA24694_GS000037476-ASM/MAP/GS80172-FS3-L02/reads_GS80172-FS3-L02_004.tsv.bz2	1344054409
data/ChineseTrio/HG006_NA24694-huCA017E_father/CompleteGenomics_normal_cellsDNA/dad_NA24694_GS000037476-ASM/MAP/GS80172-FS3-L02/reads_GS80172-FS3-L02_005.tsv.bz2	1328745499
data/ChineseTrio/HG006_NA24694-huCA017E_father/CompleteGenomics_normal_cellsDNA/dad_NA24694_GS000037476-ASM/MAP/GS80172-FS3-L02/reads_GS80172-FS3-L02_006.tsv.bz2	1327692019
data/ChineseTrio/HG006_NA24694-huCA017E_father/CompleteGenomics_normal_cellsDNA/dad_NA24694_GS000037476-ASM/MAP/GS80172-FS3-L02/reads_GS80172-FS3-L02_007.tsv.bz2	1335851794
data/ChineseTrio/HG006_NA24694-huCA017E_father/CompleteGenomics_normal_cellsDNA/dad_NA24694_GS000037476-ASM/MAP/GS80172-FS3-L02/reads_GS80172-FS3-L02_008.tsv.bz2	1340145834
data/ChineseTrio/HG006_NA24694-huCA017E_father/CompleteGenomics_normal_cellsDNA/dad_NA24694_GS000037476-ASM/MAP/GS80172-FS3-L02/reads_GS80172-FS3-L02_009.tsv.bz2	1339010023
data/ChineseTrio/HG006_NA24694-huCA017E_father/CompleteGenomics_normal_cellsDNA/dad_NA24694_GS000037476-ASM/MAP/GS80172-FS3-L02/reads_GS80172-FS3-L02_010.tsv.bz2	1335949636
data/ChineseTrio/HG006_NA24694-huCA017E_father/CompleteGenomics_normal_cellsDNA/dad_NA24694_GS000037476-ASM/MAP/GS80172-FS3-L02/reads_GS80172-FS3-L02_011.tsv.bz2	1334839993
data/ChineseTrio/HG006_NA24694-huCA017E_father/CompleteGenomics_normal_cellsDNA/dad_NA24694_GS000037476-ASM/MAP/GS80172-FS3-L02/reads_GS80172-FS3-L02_012.tsv.bz2	1348655012
data/ChineseTrio/HG006_NA24694-huCA017E_father/CompleteGenomics_normal_cellsDNA/dad_NA24694_GS000037476-ASM/MAP/GS80172-FS3-L02/reads_GS80172-FS3-L02_013.tsv.bz2	1349138990
data/ChineseTrio/HG006_NA24694-huCA017E_father/CompleteGenomics_normal_cellsDNA/dad_NA24694_GS000037476-ASM/MAP/GS80172-FS3-L02/reads_GS80172-FS3-L02_014.tsv.bz2	1339246812
data/ChineseTrio/HG006_NA24694-huCA017E_father/CompleteGenomics_normal_cellsDNA/dad_NA24694_GS000037476-ASM/MAP/GS80172-FS3-L02/reads_GS80172-FS3-L02_015.tsv.bz2	1318547176
data/ChineseTrio/HG006_NA24694-huCA017E_father/CompleteGenomics_normal_cellsDNA/dad_NA24694_GS000037476-ASM/MAP/GS80172-FS3-L02/reads_GS80172-FS3-L02_016.tsv.bz2	1316807223
data/ChineseTrio/HG006_NA24694-huCA017E_father/CompleteGenomics_normal_cellsDNA/dad_NA24694_GS000037476-ASM/MAP/GS80172-FS3-L02/reads_GS80172-FS3-L02_017.tsv.bz2	612894597
data/ChineseTrio/HG006_NA24694-huCA017E_father/CompleteGenomics_normal_cellsDNA/dad_NA24694_GS000037476-ASM/MAP/GS80172-FS3-L03/mapping_GS80172-FS3-L03_001.tsv.bz2	507883778
data/ChineseTrio/HG006_NA24694-huCA017E_father/CompleteGenomics_normal_cellsDNA/dad_NA24694_GS000037476-ASM/MAP/GS80172-FS3-L03/mapping_GS80172-FS3-L03_002.tsv.bz2	547015686
data/ChineseTrio/HG006_NA24694-huCA017E_father/CompleteGenomics_normal_cellsDNA/dad_NA24694_GS000037476-ASM/MAP/GS80172-FS3-L03/mapping_GS80172-FS3-L03_003.tsv.bz2	544241168
data/ChineseTrio/HG006_NA24694-huCA017E_father/CompleteGenomics_normal_cellsDNA/dad_NA24694_GS000037476-ASM/MAP/GS80172-FS3-L03/mapping_GS80172-FS3-L03_004.tsv.bz2	541253045
data/ChineseTrio/HG006_NA24694-huCA017E_father/CompleteGenomics_normal_cellsDNA/dad_NA24694_GS000037476-ASM/MAP/GS80172-FS3-L03/mapping_GS80172-FS3-L03_005.tsv.bz2	543189577
data/ChineseTrio/HG006_NA24694-huCA017E_father/CompleteGenomics_normal_cellsDNA/dad_NA24694_GS000037476-ASM/MAP/GS80172-FS3-L03/mapping_GS80172-FS3-L03_006.tsv.bz2	542533573
data/ChineseTrio/HG006_NA24694-huCA017E_father/CompleteGenomics_normal_cellsDNA/dad_NA24694_GS000037476-ASM/MAP/GS80172-FS3-L03/mapping_GS80172-FS3-L03_007.tsv.bz2	542052313
data/ChineseTrio/HG006_NA24694-huCA017E_father/CompleteGenomics_normal_cellsDNA/dad_NA24694_GS000037476-ASM/MAP/GS80172-FS3-L03/mapping_GS80172-FS3-L03_008.tsv.bz2	540266643
data/ChineseTrio/HG006_NA24694-huCA017E_father/CompleteGenomics_normal_cellsDNA/dad_NA24694_GS000037476-ASM/MAP/GS80172-FS3-L03/mapping_GS80172-FS3-L03_009.tsv.bz2	540936882
data/ChineseTrio/HG006_NA24694-huCA017E_father/CompleteGenomics_normal_cellsDNA/dad_NA24694_GS000037476-ASM/MAP/GS80172-FS3-L03/mapping_GS80172-FS3-L03_010.tsv.bz2	540001575
data/ChineseTrio/HG006_NA24694-huCA017E_father/CompleteGenomics_normal_cellsDNA/dad_NA24694_GS000037476-ASM/MAP/GS80172-FS3-L03/mapping_GS80172-FS3-L03_011.tsv.bz2	539991431
data/ChineseTrio/HG006_NA24694-huCA017E_father/CompleteGenomics_normal_cellsDNA/dad_NA24694_GS000037476-ASM/MAP/GS80172-FS3-L03/mapping_GS80172-FS3-L03_012.tsv.bz2	539222305
data/ChineseTrio/HG006_NA24694-huCA017E_father/CompleteGenomics_normal_cellsDNA/dad_NA24694_GS000037476-ASM/MAP/GS80172-FS3-L03/mapping_GS80172-FS3-L03_013.tsv.bz2	536846520
data/ChineseTrio/HG006_NA24694-huCA017E_father/CompleteGenomics_normal_cellsDNA/dad_NA24694_GS000037476-ASM/MAP/GS80172-FS3-L03/mapping_GS80172-FS3-L03_014.tsv.bz2	541476821
data/ChineseTrio/HG006_NA24694-huCA017E_father/CompleteGenomics_normal_cellsDNA/dad_NA24694_GS000037476-ASM/MAP/GS80172-FS3-L03/mapping_GS80172-FS3-L03_015.tsv.bz2	545074482
data/ChineseTrio/HG006_NA24694-huCA017E_father/CompleteGenomics_normal_cellsDNA/dad_NA24694_GS000037476-ASM/MAP/GS80172-FS3-L03/mapping_GS80172-FS3-L03_016.tsv.bz2	537645136
data/ChineseTrio/HG006_NA24694-huCA017E_father/CompleteGenomics_normal_cellsDNA/dad_NA24694_GS000037476-ASM/MAP/GS80172-FS3-L03/mapping_GS80172-FS3-L03_017.tsv.bz2	271152348
data/ChineseTrio/HG006_NA24694-huCA017E_father/CompleteGenomics_normal_cellsDNA/dad_NA24694_GS000037476-ASM/MAP/GS80172-FS3-L03/reads_GS80172-FS3-L03_001.tsv.bz2	1202450097
data/ChineseTrio/HG006_NA24694-huCA017E_father/CompleteGenomics_normal_cellsDNA/dad_NA24694_GS000037476-ASM/MAP/GS80172-FS3-L03/reads_GS80172-FS3-L03_002.tsv.bz2	1296724842
data/ChineseTrio/HG006_NA24694-huCA017E_father/CompleteGenomics_normal_cellsDNA/dad_NA24694_GS000037476-ASM/MAP/GS80172-FS3-L03/reads_GS80172-FS3-L03_003.tsv.bz2	1303563522
data/ChineseTrio/HG006_NA24694-huCA017E_father/CompleteGenomics_normal_cellsDNA/dad_NA24694_GS000037476-ASM/MAP/GS80172-FS3-L03/reads_GS80172-FS3-L03_004.tsv.bz2	1313850737
data/ChineseTrio/HG006_NA24694-huCA017E_father/CompleteGenomics_normal_cellsDNA/dad_NA24694_GS000037476-ASM/MAP/GS80172-FS3-L03/reads_GS80172-FS3-L03_005.tsv.bz2	1306398020
data/ChineseTrio/HG006_NA24694-huCA017E_father/CompleteGenomics_normal_cellsDNA/dad_NA24694_GS000037476-ASM/MAP/GS80172-FS3-L03/reads_GS80172-FS3-L03_006.tsv.bz2	1305308342
data/ChineseTrio/HG006_NA24694-huCA017E_father/CompleteGenomics_normal_cellsDNA/dad_NA24694_GS000037476-ASM/MAP/GS80172-FS3-L03/reads_GS80172-FS3-L03_007.tsv.bz2	1311673158
data/ChineseTrio/HG006_NA24694-huCA017E_father/CompleteGenomics_normal_cellsDNA/dad_NA24694_GS000037476-ASM/MAP/GS80172-FS3-L03/reads_GS80172-FS3-L03_008.tsv.bz2	1319315794
data/ChineseTrio/HG006_NA24694-huCA017E_father/CompleteGenomics_normal_cellsDNA/dad_NA24694_GS000037476-ASM/MAP/GS80172-FS3-L03/reads_GS80172-FS3-L03_009.tsv.bz2	1315777347
data/ChineseTrio/HG006_NA24694-huCA017E_father/CompleteGenomics_normal_cellsDNA/dad_NA24694_GS000037476-ASM/MAP/GS80172-FS3-L03/reads_GS80172-FS3-L03_010.tsv.bz2	1322012313
data/ChineseTrio/HG006_NA24694-huCA017E_father/CompleteGenomics_normal_cellsDNA/dad_NA24694_GS000037476-ASM/MAP/GS80172-FS3-L03/reads_GS80172-FS3-L03_011.tsv.bz2	1316170017
data/ChineseTrio/HG006_NA24694-huCA017E_father/CompleteGenomics_normal_cellsDNA/dad_NA24694_GS000037476-ASM/MAP/GS80172-FS3-L03/reads_GS80172-FS3-L03_012.tsv.bz2	1322083556
data/ChineseTrio/HG006_NA24694-huCA017E_father/CompleteGenomics_normal_cellsDNA/dad_NA24694_GS000037476-ASM/MAP/GS80172-FS3-L03/reads_GS80172-FS3-L03_013.tsv.bz2	1327755029
data/ChineseTrio/HG006_NA24694-huCA017E_father/CompleteGenomics_normal_cellsDNA/dad_NA24694_GS000037476-ASM/MAP/GS80172-FS3-L03/reads_GS80172-FS3-L03_014.tsv.bz2	1312408462
data/ChineseTrio/HG006_NA24694-huCA017E_father/CompleteGenomics_normal_cellsDNA/dad_NA24694_GS000037476-ASM/MAP/GS80172-FS3-L03/reads_GS80172-FS3-L03_015.tsv.bz2	1298839848
data/ChineseTrio/HG006_NA24694-huCA017E_father/CompleteGenomics_normal_cellsDNA/dad_NA24694_GS000037476-ASM/MAP/GS80172-FS3-L03/reads_GS80172-FS3-L03_016.tsv.bz2	1296011999
data/ChineseTrio/HG006_NA24694-huCA017E_father/CompleteGenomics_normal_cellsDNA/dad_NA24694_GS000037476-ASM/MAP/GS80172-FS3-L03/reads_GS80172-FS3-L03_017.tsv.bz2	644828896
data/ChineseTrio/HG006_NA24694-huCA017E_father/CompleteGenomics_normal_cellsDNA/dad_NA24694_GS000037476-ASM/MAP/GS80172-FS3-L04/mapping_GS80172-FS3-L04_001.tsv.bz2	417437514
data/ChineseTrio/HG006_NA24694-huCA017E_father/CompleteGenomics_normal_cellsDNA/dad_NA24694_GS000037476-ASM/MAP/GS80172-FS3-L04/mapping_GS80172-FS3-L04_002.tsv.bz2	532569721
data/ChineseTrio/HG006_NA24694-huCA017E_father/CompleteGenomics_normal_cellsDNA/dad_NA24694_GS000037476-ASM/MAP/GS80172-FS3-L04/mapping_GS80172-FS3-L04_003.tsv.bz2	490971784
data/ChineseTrio/HG006_NA24694-huCA017E_father/CompleteGenomics_normal_cellsDNA/dad_NA24694_GS000037476-ASM/MAP/GS80172-FS3-L04/mapping_GS80172-FS3-L04_004.tsv.bz2	541522493
data/ChineseTrio/HG006_NA24694-huCA017E_father/CompleteGenomics_normal_cellsDNA/dad_NA24694_GS000037476-ASM/MAP/GS80172-FS3-L04/mapping_GS80172-FS3-L04_005.tsv.bz2	542148274
data/ChineseTrio/HG006_NA24694-huCA017E_father/CompleteGenomics_normal_cellsDNA/dad_NA24694_GS000037476-ASM/MAP/GS80172-FS3-L04/mapping_GS80172-FS3-L04_006.tsv.bz2	541822511
data/ChineseTrio/HG006_NA24694-huCA017E_father/CompleteGenomics_normal_cellsDNA/dad_NA24694_GS000037476-ASM/MAP/GS80172-FS3-L04/mapping_GS80172-FS3-L04_007.tsv.bz2	540621735
data/ChineseTrio/HG006_NA24694-huCA017E_father/CompleteGenomics_normal_cellsDNA/dad_NA24694_GS000037476-ASM/MAP/GS80172-FS3-L04/mapping_GS80172-FS3-L04_008.tsv.bz2	541541947
data/ChineseTrio/HG006_NA24694-huCA017E_father/CompleteGenomics_normal_cellsDNA/dad_NA24694_GS000037476-ASM/MAP/GS80172-FS3-L04/mapping_GS80172-FS3-L04_009.tsv.bz2	541814648
data/ChineseTrio/HG006_NA24694-huCA017E_father/CompleteGenomics_normal_cellsDNA/dad_NA24694_GS000037476-ASM/MAP/GS80172-FS3-L04/mapping_GS80172-FS3-L04_010.tsv.bz2	543669677
data/ChineseTrio/HG006_NA24694-huCA017E_father/CompleteGenomics_normal_cellsDNA/dad_NA24694_GS000037476-ASM/MAP/GS80172-FS3-L04/mapping_GS80172-FS3-L04_011.tsv.bz2	540499868
data/ChineseTrio/HG006_NA24694-huCA017E_father/CompleteGenomics_normal_cellsDNA/dad_NA24694_GS000037476-ASM/MAP/GS80172-FS3-L04/mapping_GS80172-FS3-L04_012.tsv.bz2	536471705
data/ChineseTrio/HG006_NA24694-huCA017E_father/CompleteGenomics_normal_cellsDNA/dad_NA24694_GS000037476-ASM/MAP/GS80172-FS3-L04/mapping_GS80172-FS3-L04_013.tsv.bz2	534701256
data/ChineseTrio/HG006_NA24694-huCA017E_father/CompleteGenomics_normal_cellsDNA/dad_NA24694_GS000037476-ASM/MAP/GS80172-FS3-L04/mapping_GS80172-FS3-L04_014.tsv.bz2	537217354
data/ChineseTrio/HG006_NA24694-huCA017E_father/CompleteGenomics_normal_cellsDNA/dad_NA24694_GS000037476-ASM/MAP/GS80172-FS3-L04/mapping_GS80172-FS3-L04_015.tsv.bz2	542556775
data/ChineseTrio/HG006_NA24694-huCA017E_father/CompleteGenomics_normal_cellsDNA/dad_NA24694_GS000037476-ASM/MAP/GS80172-FS3-L04/mapping_GS80172-FS3-L04_016.tsv.bz2	529182992
data/ChineseTrio/HG006_NA24694-huCA017E_father/CompleteGenomics_normal_cellsDNA/dad_NA24694_GS000037476-ASM/MAP/GS80172-FS3-L04/mapping_GS80172-FS3-L04_017.tsv.bz2	301210260
data/ChineseTrio/HG006_NA24694-huCA017E_father/CompleteGenomics_normal_cellsDNA/dad_NA24694_GS000037476-ASM/MAP/GS80172-FS3-L04/reads_GS80172-FS3-L04_001.tsv.bz2	1068267535
data/ChineseTrio/HG006_NA24694-huCA017E_father/CompleteGenomics_normal_cellsDNA/dad_NA24694_GS000037476-ASM/MAP/GS80172-FS3-L04/reads_GS80172-FS3-L04_002.tsv.bz2	1314056281
data/ChineseTrio/HG006_NA24694-huCA017E_father/CompleteGenomics_normal_cellsDNA/dad_NA24694_GS000037476-ASM/MAP/GS80172-FS3-L04/reads_GS80172-FS3-L04_003.tsv.bz2	1267054517
data/ChineseTrio/HG006_NA24694-huCA017E_father/CompleteGenomics_normal_cellsDNA/dad_NA24694_GS000037476-ASM/MAP/GS80172-FS3-L04/reads_GS80172-FS3-L04_004.tsv.bz2	1313657234
data/ChineseTrio/HG006_NA24694-huCA017E_father/CompleteGenomics_normal_cellsDNA/dad_NA24694_GS000037476-ASM/MAP/GS80172-FS3-L04/reads_GS80172-FS3-L04_005.tsv.bz2	1307754162
data/ChineseTrio/HG006_NA24694-huCA017E_father/CompleteGenomics_normal_cellsDNA/dad_NA24694_GS000037476-ASM/MAP/GS80172-FS3-L04/reads_GS80172-FS3-L04_006.tsv.bz2	1308192343
data/ChineseTrio/HG006_NA24694-huCA017E_father/CompleteGenomics_normal_cellsDNA/dad_NA24694_GS000037476-ASM/MAP/GS80172-FS3-L04/reads_GS80172-FS3-L04_007.tsv.bz2	1311910022
data/ChineseTrio/HG006_NA24694-huCA017E_father/CompleteGenomics_normal_cellsDNA/dad_NA24694_GS000037476-ASM/MAP/GS80172-FS3-L04/reads_GS80172-FS3-L04_008.tsv.bz2	1312978066
data/ChineseTrio/HG006_NA24694-huCA017E_father/CompleteGenomics_normal_cellsDNA/dad_NA24694_GS000037476-ASM/MAP/GS80172-FS3-L04/reads_GS80172-FS3-L04_009.tsv.bz2	1310378832
data/ChineseTrio/HG006_NA24694-huCA017E_father/CompleteGenomics_normal_cellsDNA/dad_NA24694_GS000037476-ASM/MAP/GS80172-FS3-L04/reads_GS80172-FS3-L04_010.tsv.bz2	1304606159
data/ChineseTrio/HG006_NA24694-huCA017E_father/CompleteGenomics_normal_cellsDNA/dad_NA24694_GS000037476-ASM/MAP/GS80172-FS3-L04/reads_GS80172-FS3-L04_011.tsv.bz2	1313214598
data/ChineseTrio/HG006_NA24694-huCA017E_father/CompleteGenomics_normal_cellsDNA/dad_NA24694_GS000037476-ASM/MAP/GS80172-FS3-L04/reads_GS80172-FS3-L04_012.tsv.bz2	1323175586
data/ChineseTrio/HG006_NA24694-huCA017E_father/CompleteGenomics_normal_cellsDNA/dad_NA24694_GS000037476-ASM/MAP/GS80172-FS3-L04/reads_GS80172-FS3-L04_013.tsv.bz2	1329905481
data/ChineseTrio/HG006_NA24694-huCA017E_father/CompleteGenomics_normal_cellsDNA/dad_NA24694_GS000037476-ASM/MAP/GS80172-FS3-L04/reads_GS80172-FS3-L04_014.tsv.bz2	1321133227
data/ChineseTrio/HG006_NA24694-huCA017E_father/CompleteGenomics_normal_cellsDNA/dad_NA24694_GS000037476-ASM/MAP/GS80172-FS3-L04/reads_GS80172-FS3-L04_015.tsv.bz2	1302817553
data/ChineseTrio/HG006_NA24694-huCA017E_father/CompleteGenomics_normal_cellsDNA/dad_NA24694_GS000037476-ASM/MAP/GS80172-FS3-L04/reads_GS80172-FS3-L04_016.tsv.bz2	1321509137
data/ChineseTrio/HG006_NA24694-huCA017E_father/CompleteGenomics_normal_cellsDNA/dad_NA24694_GS000037476-ASM/MAP/GS80172-FS3-L04/reads_GS80172-FS3-L04_017.tsv.bz2	717420386
data/ChineseTrio/HG006_NA24694-huCA017E_father/CompleteGenomics_normal_cellsDNA/dad_NA24694_GS000037476-ASM/MAP/GS80172-FS3-L05/mapping_GS80172-FS3-L05_001.tsv.bz2	498508434
data/ChineseTrio/HG006_NA24694-huCA017E_father/CompleteGenomics_normal_cellsDNA/dad_NA24694_GS000037476-ASM/MAP/GS80172-FS3-L05/mapping_GS80172-FS3-L05_002.tsv.bz2	543689742
data/ChineseTrio/HG006_NA24694-huCA017E_father/CompleteGenomics_normal_cellsDNA/dad_NA24694_GS000037476-ASM/MAP/GS80172-FS3-L05/mapping_GS80172-FS3-L05_003.tsv.bz2	539181608
data/ChineseTrio/HG006_NA24694-huCA017E_father/CompleteGenomics_normal_cellsDNA/dad_NA24694_GS000037476-ASM/MAP/GS80172-FS3-L05/mapping_GS80172-FS3-L05_004.tsv.bz2	537446645
data/ChineseTrio/HG006_NA24694-huCA017E_father/CompleteGenomics_normal_cellsDNA/dad_NA24694_GS000037476-ASM/MAP/GS80172-FS3-L05/mapping_GS80172-FS3-L05_005.tsv.bz2	535637281
data/ChineseTrio/HG006_NA24694-huCA017E_father/CompleteGenomics_normal_cellsDNA/dad_NA24694_GS000037476-ASM/MAP/GS80172-FS3-L05/mapping_GS80172-FS3-L05_006.tsv.bz2	539494015
data/ChineseTrio/HG006_NA24694-huCA017E_father/CompleteGenomics_normal_cellsDNA/dad_NA24694_GS000037476-ASM/MAP/GS80172-FS3-L05/mapping_GS80172-FS3-L05_007.tsv.bz2	536904838
data/ChineseTrio/HG006_NA24694-huCA017E_father/CompleteGenomics_normal_cellsDNA/dad_NA24694_GS000037476-ASM/MAP/GS80172-FS3-L05/mapping_GS80172-FS3-L05_008.tsv.bz2	537937436
data/ChineseTrio/HG006_NA24694-huCA017E_father/CompleteGenomics_normal_cellsDNA/dad_NA24694_GS000037476-ASM/MAP/GS80172-FS3-L05/mapping_GS80172-FS3-L05_009.tsv.bz2	541027575
data/ChineseTrio/HG006_NA24694-huCA017E_father/CompleteGenomics_normal_cellsDNA/dad_NA24694_GS000037476-ASM/MAP/GS80172-FS3-L05/mapping_GS80172-FS3-L05_010.tsv.bz2	541975465
data/ChineseTrio/HG006_NA24694-huCA017E_father/CompleteGenomics_normal_cellsDNA/dad_NA24694_GS000037476-ASM/MAP/GS80172-FS3-L05/mapping_GS80172-FS3-L05_011.tsv.bz2	541148788
data/ChineseTrio/HG006_NA24694-huCA017E_father/CompleteGenomics_normal_cellsDNA/dad_NA24694_GS000037476-ASM/MAP/GS80172-FS3-L05/mapping_GS80172-FS3-L05_012.tsv.bz2	538048439
data/ChineseTrio/HG006_NA24694-huCA017E_father/CompleteGenomics_normal_cellsDNA/dad_NA24694_GS000037476-ASM/MAP/GS80172-FS3-L05/mapping_GS80172-FS3-L05_013.tsv.bz2	536946097
data/ChineseTrio/HG006_NA24694-huCA017E_father/CompleteGenomics_normal_cellsDNA/dad_NA24694_GS000037476-ASM/MAP/GS80172-FS3-L05/mapping_GS80172-FS3-L05_014.tsv.bz2	537335882
data/ChineseTrio/HG006_NA24694-huCA017E_father/CompleteGenomics_normal_cellsDNA/dad_NA24694_GS000037476-ASM/MAP/GS80172-FS3-L05/mapping_GS80172-FS3-L05_015.tsv.bz2	542134576
data/ChineseTrio/HG006_NA24694-huCA017E_father/CompleteGenomics_normal_cellsDNA/dad_NA24694_GS000037476-ASM/MAP/GS80172-FS3-L05/mapping_GS80172-FS3-L05_016.tsv.bz2	531471667
data/ChineseTrio/HG006_NA24694-huCA017E_father/CompleteGenomics_normal_cellsDNA/dad_NA24694_GS000037476-ASM/MAP/GS80172-FS3-L05/mapping_GS80172-FS3-L05_017.tsv.bz2	294727219
data/ChineseTrio/HG006_NA24694-huCA017E_father/CompleteGenomics_normal_cellsDNA/dad_NA24694_GS000037476-ASM/MAP/GS80172-FS3-L05/reads_GS80172-FS3-L05_001.tsv.bz2	1209222585
data/ChineseTrio/HG006_NA24694-huCA017E_father/CompleteGenomics_normal_cellsDNA/dad_NA24694_GS000037476-ASM/MAP/GS80172-FS3-L05/reads_GS80172-FS3-L05_002.tsv.bz2	1312254480
data/ChineseTrio/HG006_NA24694-huCA017E_father/CompleteGenomics_normal_cellsDNA/dad_NA24694_GS000037476-ASM/MAP/GS80172-FS3-L05/reads_GS80172-FS3-L05_003.tsv.bz2	1325489956
data/ChineseTrio/HG006_NA24694-huCA017E_father/CompleteGenomics_normal_cellsDNA/dad_NA24694_GS000037476-ASM/MAP/GS80172-FS3-L05/reads_GS80172-FS3-L05_004.tsv.bz2	1327394255
data/ChineseTrio/HG006_NA24694-huCA017E_father/CompleteGenomics_normal_cellsDNA/dad_NA24694_GS000037476-ASM/MAP/GS80172-FS3-L05/reads_GS80172-FS3-L05_005.tsv.bz2	1330114908
data/ChineseTrio/HG006_NA24694-huCA017E_father/CompleteGenomics_normal_cellsDNA/dad_NA24694_GS000037476-ASM/MAP/GS80172-FS3-L05/reads_GS80172-FS3-L05_006.tsv.bz2	1316053199
data/ChineseTrio/HG006_NA24694-huCA017E_father/CompleteGenomics_normal_cellsDNA/dad_NA24694_GS000037476-ASM/MAP/GS80172-FS3-L05/reads_GS80172-FS3-L05_007.tsv.bz2	1324039404
data/ChineseTrio/HG006_NA24694-huCA017E_father/CompleteGenomics_normal_cellsDNA/dad_NA24694_GS000037476-ASM/MAP/GS80172-FS3-L05/reads_GS80172-FS3-L05_008.tsv.bz2	1325923865
data/ChineseTrio/HG006_NA24694-huCA017E_father/CompleteGenomics_normal_cellsDNA/dad_NA24694_GS000037476-ASM/MAP/GS80172-FS3-L05/reads_GS80172-FS3-L05_009.tsv.bz2	1314085423
data/ChineseTrio/HG006_NA24694-huCA017E_father/CompleteGenomics_normal_cellsDNA/dad_NA24694_GS000037476-ASM/MAP/GS80172-FS3-L05/reads_GS80172-FS3-L05_010.tsv.bz2	1311868659
data/ChineseTrio/HG006_NA24694-huCA017E_father/CompleteGenomics_normal_cellsDNA/dad_NA24694_GS000037476-ASM/MAP/GS80172-FS3-L05/reads_GS80172-FS3-L05_011.tsv.bz2	1314986408
data/ChineseTrio/HG006_NA24694-huCA017E_father/CompleteGenomics_normal_cellsDNA/dad_NA24694_GS000037476-ASM/MAP/GS80172-FS3-L05/reads_GS80172-FS3-L05_012.tsv.bz2	1325802605
data/ChineseTrio/HG006_NA24694-huCA017E_father/CompleteGenomics_normal_cellsDNA/dad_NA24694_GS000037476-ASM/MAP/GS80172-FS3-L05/reads_GS80172-FS3-L05_013.tsv.bz2	1328869888
data/ChineseTrio/HG006_NA24694-huCA017E_father/CompleteGenomics_normal_cellsDNA/dad_NA24694_GS000037476-ASM/MAP/GS80172-FS3-L05/reads_GS80172-FS3-L05_014.tsv.bz2	1324598885
data/ChineseTrio/HG006_NA24694-huCA017E_father/CompleteGenomics_normal_cellsDNA/dad_NA24694_GS000037476-ASM/MAP/GS80172-FS3-L05/reads_GS80172-FS3-L05_015.tsv.bz2	1311185069
data/ChineseTrio/HG006_NA24694-huCA017E_father/CompleteGenomics_normal_cellsDNA/dad_NA24694_GS000037476-ASM/MAP/GS80172-FS3-L05/reads_GS80172-FS3-L05_016.tsv.bz2	1316095274
data/ChineseTrio/HG006_NA24694-huCA017E_father/CompleteGenomics_normal_cellsDNA/dad_NA24694_GS000037476-ASM/MAP/GS80172-FS3-L05/reads_GS80172-FS3-L05_017.tsv.bz2	708781329
data/ChineseTrio/HG006_NA24694-huCA017E_father/CompleteGenomics_normal_cellsDNA/dad_NA24694_GS000037476-ASM/MAP/GS80172-FS3-L06/mapping_GS80172-FS3-L06_001.tsv.bz2	503066948
data/ChineseTrio/HG006_NA24694-huCA017E_father/CompleteGenomics_normal_cellsDNA/dad_NA24694_GS000037476-ASM/MAP/GS80172-FS3-L06/mapping_GS80172-FS3-L06_002.tsv.bz2	547354528
data/ChineseTrio/HG006_NA24694-huCA017E_father/CompleteGenomics_normal_cellsDNA/dad_NA24694_GS000037476-ASM/MAP/GS80172-FS3-L06/mapping_GS80172-FS3-L06_003.tsv.bz2	544486709
data/ChineseTrio/HG006_NA24694-huCA017E_father/CompleteGenomics_normal_cellsDNA/dad_NA24694_GS000037476-ASM/MAP/GS80172-FS3-L06/mapping_GS80172-FS3-L06_004.tsv.bz2	542335887
data/ChineseTrio/HG006_NA24694-huCA017E_father/CompleteGenomics_normal_cellsDNA/dad_NA24694_GS000037476-ASM/MAP/GS80172-FS3-L06/mapping_GS80172-FS3-L06_005.tsv.bz2	544058861
data/ChineseTrio/HG006_NA24694-huCA017E_father/CompleteGenomics_normal_cellsDNA/dad_NA24694_GS000037476-ASM/MAP/GS80172-FS3-L06/mapping_GS80172-FS3-L06_006.tsv.bz2	540996929
data/ChineseTrio/HG006_NA24694-huCA017E_father/CompleteGenomics_normal_cellsDNA/dad_NA24694_GS000037476-ASM/MAP/GS80172-FS3-L06/mapping_GS80172-FS3-L06_007.tsv.bz2	539714498
data/ChineseTrio/HG006_NA24694-huCA017E_father/CompleteGenomics_normal_cellsDNA/dad_NA24694_GS000037476-ASM/MAP/GS80172-FS3-L06/mapping_GS80172-FS3-L06_008.tsv.bz2	539578262
data/ChineseTrio/HG006_NA24694-huCA017E_father/CompleteGenomics_normal_cellsDNA/dad_NA24694_GS000037476-ASM/MAP/GS80172-FS3-L06/mapping_GS80172-FS3-L06_009.tsv.bz2	540755592
data/ChineseTrio/HG006_NA24694-huCA017E_father/CompleteGenomics_normal_cellsDNA/dad_NA24694_GS000037476-ASM/MAP/GS80172-FS3-L06/mapping_GS80172-FS3-L06_010.tsv.bz2	543517360
data/ChineseTrio/HG006_NA24694-huCA017E_father/CompleteGenomics_normal_cellsDNA/dad_NA24694_GS000037476-ASM/MAP/GS80172-FS3-L06/mapping_GS80172-FS3-L06_011.tsv.bz2	539989168
data/ChineseTrio/HG006_NA24694-huCA017E_father/CompleteGenomics_normal_cellsDNA/dad_NA24694_GS000037476-ASM/MAP/GS80172-FS3-L06/mapping_GS80172-FS3-L06_012.tsv.bz2	535583405
data/ChineseTrio/HG006_NA24694-huCA017E_father/CompleteGenomics_normal_cellsDNA/dad_NA24694_GS000037476-ASM/MAP/GS80172-FS3-L06/mapping_GS80172-FS3-L06_013.tsv.bz2	536908331
data/ChineseTrio/HG006_NA24694-huCA017E_father/CompleteGenomics_normal_cellsDNA/dad_NA24694_GS000037476-ASM/MAP/GS80172-FS3-L06/mapping_GS80172-FS3-L06_014.tsv.bz2	538497878
data/ChineseTrio/HG006_NA24694-huCA017E_father/CompleteGenomics_normal_cellsDNA/dad_NA24694_GS000037476-ASM/MAP/GS80172-FS3-L06/mapping_GS80172-FS3-L06_015.tsv.bz2	542890208
data/ChineseTrio/HG006_NA24694-huCA017E_father/CompleteGenomics_normal_cellsDNA/dad_NA24694_GS000037476-ASM/MAP/GS80172-FS3-L06/mapping_GS80172-FS3-L06_016.tsv.bz2	530459824
data/ChineseTrio/HG006_NA24694-huCA017E_father/CompleteGenomics_normal_cellsDNA/dad_NA24694_GS000037476-ASM/MAP/GS80172-FS3-L06/mapping_GS80172-FS3-L06_017.tsv.bz2	292364482
data/ChineseTrio/HG006_NA24694-huCA017E_father/CompleteGenomics_normal_cellsDNA/dad_NA24694_GS000037476-ASM/MAP/GS80172-FS3-L06/reads_GS80172-FS3-L06_001.tsv.bz2	1209146369
data/ChineseTrio/HG006_NA24694-huCA017E_father/CompleteGenomics_normal_cellsDNA/dad_NA24694_GS000037476-ASM/MAP/GS80172-FS3-L06/reads_GS80172-FS3-L06_002.tsv.bz2	1299732705
data/ChineseTrio/HG006_NA24694-huCA017E_father/CompleteGenomics_normal_cellsDNA/dad_NA24694_GS000037476-ASM/MAP/GS80172-FS3-L06/reads_GS80172-FS3-L06_003.tsv.bz2	1305884141
data/ChineseTrio/HG006_NA24694-huCA017E_father/CompleteGenomics_normal_cellsDNA/dad_NA24694_GS000037476-ASM/MAP/GS80172-FS3-L06/reads_GS80172-FS3-L06_004.tsv.bz2	1312074628
data/ChineseTrio/HG006_NA24694-huCA017E_father/CompleteGenomics_normal_cellsDNA/dad_NA24694_GS000037476-ASM/MAP/GS80172-FS3-L06/reads_GS80172-FS3-L06_005.tsv.bz2	1306559805
data/ChineseTrio/HG006_NA24694-huCA017E_father/CompleteGenomics_normal_cellsDNA/dad_NA24694_GS000037476-ASM/MAP/GS80172-FS3-L06/reads_GS80172-FS3-L06_006.tsv.bz2	1310301116
data/ChineseTrio/HG006_NA24694-huCA017E_father/CompleteGenomics_normal_cellsDNA/dad_NA24694_GS000037476-ASM/MAP/GS80172-FS3-L06/reads_GS80172-FS3-L06_007.tsv.bz2	1315332945
data/ChineseTrio/HG006_NA24694-huCA017E_father/CompleteGenomics_normal_cellsDNA/dad_NA24694_GS000037476-ASM/MAP/GS80172-FS3-L06/reads_GS80172-FS3-L06_008.tsv.bz2	1318787962
data/ChineseTrio/HG006_NA24694-huCA017E_father/CompleteGenomics_normal_cellsDNA/dad_NA24694_GS000037476-ASM/MAP/GS80172-FS3-L06/reads_GS80172-FS3-L06_009.tsv.bz2	1315792040
data/ChineseTrio/HG006_NA24694-huCA017E_father/CompleteGenomics_normal_cellsDNA/dad_NA24694_GS000037476-ASM/MAP/GS80172-FS3-L06/reads_GS80172-FS3-L06_010.tsv.bz2	1305725886
data/ChineseTrio/HG006_NA24694-huCA017E_father/CompleteGenomics_normal_cellsDNA/dad_NA24694_GS000037476-ASM/MAP/GS80172-FS3-L06/reads_GS80172-FS3-L06_011.tsv.bz2	1314871967
data/ChineseTrio/HG006_NA24694-huCA017E_father/CompleteGenomics_normal_cellsDNA/dad_NA24694_GS000037476-ASM/MAP/GS80172-FS3-L06/reads_GS80172-FS3-L06_012.tsv.bz2	1332325663
data/ChineseTrio/HG006_NA24694-huCA017E_father/CompleteGenomics_normal_cellsDNA/dad_NA24694_GS000037476-ASM/MAP/GS80172-FS3-L06/reads_GS80172-FS3-L06_013.tsv.bz2	1324887952
data/ChineseTrio/HG006_NA24694-huCA017E_father/CompleteGenomics_normal_cellsDNA/dad_NA24694_GS000037476-ASM/MAP/GS80172-FS3-L06/reads_GS80172-FS3-L06_014.tsv.bz2	1319521755
data/ChineseTrio/HG006_NA24694-huCA017E_father/CompleteGenomics_normal_cellsDNA/dad_NA24694_GS000037476-ASM/MAP/GS80172-FS3-L06/reads_GS80172-FS3-L06_015.tsv.bz2	1301657898
data/ChineseTrio/HG006_NA24694-huCA017E_father/CompleteGenomics_normal_cellsDNA/dad_NA24694_GS000037476-ASM/MAP/GS80172-FS3-L06/reads_GS80172-FS3-L06_016.tsv.bz2	1315031654
data/ChineseTrio/HG006_NA24694-huCA017E_father/CompleteGenomics_normal_cellsDNA/dad_NA24694_GS000037476-ASM/MAP/GS80172-FS3-L06/reads_GS80172-FS3-L06_017.tsv.bz2	704111893
data/ChineseTrio/HG006_NA24694-huCA017E_father/CompleteGenomics_normal_cellsDNA/dad_NA24694_GS000037476-ASM/MAP/GS80172-FS3-L07/mapping_GS80172-FS3-L07_001.tsv.bz2	499093114
data/ChineseTrio/HG006_NA24694-huCA017E_father/CompleteGenomics_normal_cellsDNA/dad_NA24694_GS000037476-ASM/MAP/GS80172-FS3-L07/mapping_GS80172-FS3-L07_002.tsv.bz2	528271349
data/ChineseTrio/HG006_NA24694-huCA017E_father/CompleteGenomics_normal_cellsDNA/dad_NA24694_GS000037476-ASM/MAP/GS80172-FS3-L07/mapping_GS80172-FS3-L07_003.tsv.bz2	542554072
data/ChineseTrio/HG006_NA24694-huCA017E_father/CompleteGenomics_normal_cellsDNA/dad_NA24694_GS000037476-ASM/MAP/GS80172-FS3-L07/mapping_GS80172-FS3-L07_004.tsv.bz2	542023948
data/ChineseTrio/HG006_NA24694-huCA017E_father/CompleteGenomics_normal_cellsDNA/dad_NA24694_GS000037476-ASM/MAP/GS80172-FS3-L07/mapping_GS80172-FS3-L07_005.tsv.bz2	536717153
data/ChineseTrio/HG006_NA24694-huCA017E_father/CompleteGenomics_normal_cellsDNA/dad_NA24694_GS000037476-ASM/MAP/GS80172-FS3-L07/mapping_GS80172-FS3-L07_006.tsv.bz2	536203101
data/ChineseTrio/HG006_NA24694-huCA017E_father/CompleteGenomics_normal_cellsDNA/dad_NA24694_GS000037476-ASM/MAP/GS80172-FS3-L07/mapping_GS80172-FS3-L07_007.tsv.bz2	534713778
data/ChineseTrio/HG006_NA24694-huCA017E_father/CompleteGenomics_normal_cellsDNA/dad_NA24694_GS000037476-ASM/MAP/GS80172-FS3-L07/mapping_GS80172-FS3-L07_008.tsv.bz2	536283838
data/ChineseTrio/HG006_NA24694-huCA017E_father/CompleteGenomics_normal_cellsDNA/dad_NA24694_GS000037476-ASM/MAP/GS80172-FS3-L07/mapping_GS80172-FS3-L07_009.tsv.bz2	535336618
data/ChineseTrio/HG006_NA24694-huCA017E_father/CompleteGenomics_normal_cellsDNA/dad_NA24694_GS000037476-ASM/MAP/GS80172-FS3-L07/mapping_GS80172-FS3-L07_010.tsv.bz2	540576224
data/ChineseTrio/HG006_NA24694-huCA017E_father/CompleteGenomics_normal_cellsDNA/dad_NA24694_GS000037476-ASM/MAP/GS80172-FS3-L07/mapping_GS80172-FS3-L07_011.tsv.bz2	538431057
data/ChineseTrio/HG006_NA24694-huCA017E_father/CompleteGenomics_normal_cellsDNA/dad_NA24694_GS000037476-ASM/MAP/GS80172-FS3-L07/mapping_GS80172-FS3-L07_012.tsv.bz2	534488567
data/ChineseTrio/HG006_NA24694-huCA017E_father/CompleteGenomics_normal_cellsDNA/dad_NA24694_GS000037476-ASM/MAP/GS80172-FS3-L07/mapping_GS80172-FS3-L07_013.tsv.bz2	532665573
data/ChineseTrio/HG006_NA24694-huCA017E_father/CompleteGenomics_normal_cellsDNA/dad_NA24694_GS000037476-ASM/MAP/GS80172-FS3-L07/mapping_GS80172-FS3-L07_014.tsv.bz2	535260977
data/ChineseTrio/HG006_NA24694-huCA017E_father/CompleteGenomics_normal_cellsDNA/dad_NA24694_GS000037476-ASM/MAP/GS80172-FS3-L07/mapping_GS80172-FS3-L07_015.tsv.bz2	539254586
data/ChineseTrio/HG006_NA24694-huCA017E_father/CompleteGenomics_normal_cellsDNA/dad_NA24694_GS000037476-ASM/MAP/GS80172-FS3-L07/mapping_GS80172-FS3-L07_016.tsv.bz2	527314483
data/ChineseTrio/HG006_NA24694-huCA017E_father/CompleteGenomics_normal_cellsDNA/dad_NA24694_GS000037476-ASM/MAP/GS80172-FS3-L07/mapping_GS80172-FS3-L07_017.tsv.bz2	310843698
data/ChineseTrio/HG006_NA24694-huCA017E_father/CompleteGenomics_normal_cellsDNA/dad_NA24694_GS000037476-ASM/MAP/GS80172-FS3-L07/reads_GS80172-FS3-L07_001.tsv.bz2	1209200070
data/ChineseTrio/HG006_NA24694-huCA017E_father/CompleteGenomics_normal_cellsDNA/dad_NA24694_GS000037476-ASM/MAP/GS80172-FS3-L07/reads_GS80172-FS3-L07_002.tsv.bz2	1316362453
data/ChineseTrio/HG006_NA24694-huCA017E_father/CompleteGenomics_normal_cellsDNA/dad_NA24694_GS000037476-ASM/MAP/GS80172-FS3-L07/reads_GS80172-FS3-L07_003.tsv.bz2	1305364066
data/ChineseTrio/HG006_NA24694-huCA017E_father/CompleteGenomics_normal_cellsDNA/dad_NA24694_GS000037476-ASM/MAP/GS80172-FS3-L07/reads_GS80172-FS3-L07_004.tsv.bz2	1307367154
data/ChineseTrio/HG006_NA24694-huCA017E_father/CompleteGenomics_normal_cellsDNA/dad_NA24694_GS000037476-ASM/MAP/GS80172-FS3-L07/reads_GS80172-FS3-L07_005.tsv.bz2	1324468196
data/ChineseTrio/HG006_NA24694-huCA017E_father/CompleteGenomics_normal_cellsDNA/dad_NA24694_GS000037476-ASM/MAP/GS80172-FS3-L07/reads_GS80172-FS3-L07_006.tsv.bz2	1318135147
data/ChineseTrio/HG006_NA24694-huCA017E_father/CompleteGenomics_normal_cellsDNA/dad_NA24694_GS000037476-ASM/MAP/GS80172-FS3-L07/reads_GS80172-FS3-L07_007.tsv.bz2	1322634596
data/ChineseTrio/HG006_NA24694-huCA017E_father/CompleteGenomics_normal_cellsDNA/dad_NA24694_GS000037476-ASM/MAP/GS80172-FS3-L07/reads_GS80172-FS3-L07_008.tsv.bz2	1320016145
data/ChineseTrio/HG006_NA24694-huCA017E_father/CompleteGenomics_normal_cellsDNA/dad_NA24694_GS000037476-ASM/MAP/GS80172-FS3-L07/reads_GS80172-FS3-L07_009.tsv.bz2	1323241670
data/ChineseTrio/HG006_NA24694-huCA017E_father/CompleteGenomics_normal_cellsDNA/dad_NA24694_GS000037476-ASM/MAP/GS80172-FS3-L07/reads_GS80172-FS3-L07_010.tsv.bz2	1306643086
data/ChineseTrio/HG006_NA24694-huCA017E_father/CompleteGenomics_normal_cellsDNA/dad_NA24694_GS000037476-ASM/MAP/GS80172-FS3-L07/reads_GS80172-FS3-L07_011.tsv.bz2	1311967274
data/ChineseTrio/HG006_NA24694-huCA017E_father/CompleteGenomics_normal_cellsDNA/dad_NA24694_GS000037476-ASM/MAP/GS80172-FS3-L07/reads_GS80172-FS3-L07_012.tsv.bz2	1323862395
data/ChineseTrio/HG006_NA24694-huCA017E_father/CompleteGenomics_normal_cellsDNA/dad_NA24694_GS000037476-ASM/MAP/GS80172-FS3-L07/reads_GS80172-FS3-L07_013.tsv.bz2	1333191616
data/ChineseTrio/HG006_NA24694-huCA017E_father/CompleteGenomics_normal_cellsDNA/dad_NA24694_GS000037476-ASM/MAP/GS80172-FS3-L07/reads_GS80172-FS3-L07_014.tsv.bz2	1320816951
data/ChineseTrio/HG006_NA24694-huCA017E_father/CompleteGenomics_normal_cellsDNA/dad_NA24694_GS000037476-ASM/MAP/GS80172-FS3-L07/reads_GS80172-FS3-L07_015.tsv.bz2	1305565176
data/ChineseTrio/HG006_NA24694-huCA017E_father/CompleteGenomics_normal_cellsDNA/dad_NA24694_GS000037476-ASM/MAP/GS80172-FS3-L07/reads_GS80172-FS3-L07_016.tsv.bz2	1317312182
data/ChineseTrio/HG006_NA24694-huCA017E_father/CompleteGenomics_normal_cellsDNA/dad_NA24694_GS000037476-ASM/MAP/GS80172-FS3-L07/reads_GS80172-FS3-L07_017.tsv.bz2	740868675
data/ChineseTrio/HG006_NA24694-huCA017E_father/CompleteGenomics_normal_cellsDNA/dad_NA24694_GS000037476-ASM/MAP/GS80172-FS3-L08/mapping_GS80172-FS3-L08_001.tsv.bz2	501533395
data/ChineseTrio/HG006_NA24694-huCA017E_father/CompleteGenomics_normal_cellsDNA/dad_NA24694_GS000037476-ASM/MAP/GS80172-FS3-L08/mapping_GS80172-FS3-L08_002.tsv.bz2	536168069
data/ChineseTrio/HG006_NA24694-huCA017E_father/CompleteGenomics_normal_cellsDNA/dad_NA24694_GS000037476-ASM/MAP/GS80172-FS3-L08/mapping_GS80172-FS3-L08_003.tsv.bz2	534506586
data/ChineseTrio/HG006_NA24694-huCA017E_father/CompleteGenomics_normal_cellsDNA/dad_NA24694_GS000037476-ASM/MAP/GS80172-FS3-L08/mapping_GS80172-FS3-L08_004.tsv.bz2	535307856
data/ChineseTrio/HG006_NA24694-huCA017E_father/CompleteGenomics_normal_cellsDNA/dad_NA24694_GS000037476-ASM/MAP/GS80172-FS3-L08/mapping_GS80172-FS3-L08_005.tsv.bz2	537052979
data/ChineseTrio/HG006_NA24694-huCA017E_father/CompleteGenomics_normal_cellsDNA/dad_NA24694_GS000037476-ASM/MAP/GS80172-FS3-L08/mapping_GS80172-FS3-L08_006.tsv.bz2	535443381
data/ChineseTrio/HG006_NA24694-huCA017E_father/CompleteGenomics_normal_cellsDNA/dad_NA24694_GS000037476-ASM/MAP/GS80172-FS3-L08/mapping_GS80172-FS3-L08_007.tsv.bz2	534145728
data/ChineseTrio/HG006_NA24694-huCA017E_father/CompleteGenomics_normal_cellsDNA/dad_NA24694_GS000037476-ASM/MAP/GS80172-FS3-L08/mapping_GS80172-FS3-L08_008.tsv.bz2	537280013
data/ChineseTrio/HG006_NA24694-huCA017E_father/CompleteGenomics_normal_cellsDNA/dad_NA24694_GS000037476-ASM/MAP/GS80172-FS3-L08/mapping_GS80172-FS3-L08_009.tsv.bz2	531507123
data/ChineseTrio/HG006_NA24694-huCA017E_father/CompleteGenomics_normal_cellsDNA/dad_NA24694_GS000037476-ASM/MAP/GS80172-FS3-L08/mapping_GS80172-FS3-L08_010.tsv.bz2	540878145
data/ChineseTrio/HG006_NA24694-huCA017E_father/CompleteGenomics_normal_cellsDNA/dad_NA24694_GS000037476-ASM/MAP/GS80172-FS3-L08/mapping_GS80172-FS3-L08_011.tsv.bz2	536244159
data/ChineseTrio/HG006_NA24694-huCA017E_father/CompleteGenomics_normal_cellsDNA/dad_NA24694_GS000037476-ASM/MAP/GS80172-FS3-L08/mapping_GS80172-FS3-L08_012.tsv.bz2	533900097
data/ChineseTrio/HG006_NA24694-huCA017E_father/CompleteGenomics_normal_cellsDNA/dad_NA24694_GS000037476-ASM/MAP/GS80172-FS3-L08/mapping_GS80172-FS3-L08_013.tsv.bz2	532745501
data/ChineseTrio/HG006_NA24694-huCA017E_father/CompleteGenomics_normal_cellsDNA/dad_NA24694_GS000037476-ASM/MAP/GS80172-FS3-L08/mapping_GS80172-FS3-L08_014.tsv.bz2	534843387
data/ChineseTrio/HG006_NA24694-huCA017E_father/CompleteGenomics_normal_cellsDNA/dad_NA24694_GS000037476-ASM/MAP/GS80172-FS3-L08/mapping_GS80172-FS3-L08_015.tsv.bz2	508117557
data/ChineseTrio/HG006_NA24694-huCA017E_father/CompleteGenomics_normal_cellsDNA/dad_NA24694_GS000037476-ASM/MAP/GS80172-FS3-L08/mapping_GS80172-FS3-L08_016.tsv.bz2	533164580
data/ChineseTrio/HG006_NA24694-huCA017E_father/CompleteGenomics_normal_cellsDNA/dad_NA24694_GS000037476-ASM/MAP/GS80172-FS3-L08/mapping_GS80172-FS3-L08_017.tsv.bz2	322242404
data/ChineseTrio/HG006_NA24694-huCA017E_father/CompleteGenomics_normal_cellsDNA/dad_NA24694_GS000037476-ASM/MAP/GS80172-FS3-L08/reads_GS80172-FS3-L08_001.tsv.bz2	1218157214
data/ChineseTrio/HG006_NA24694-huCA017E_father/CompleteGenomics_normal_cellsDNA/dad_NA24694_GS000037476-ASM/MAP/GS80172-FS3-L08/reads_GS80172-FS3-L08_002.tsv.bz2	1313218652
data/ChineseTrio/HG006_NA24694-huCA017E_father/CompleteGenomics_normal_cellsDNA/dad_NA24694_GS000037476-ASM/MAP/GS80172-FS3-L08/reads_GS80172-FS3-L08_003.tsv.bz2	1320227045
data/ChineseTrio/HG006_NA24694-huCA017E_father/CompleteGenomics_normal_cellsDNA/dad_NA24694_GS000037476-ASM/MAP/GS80172-FS3-L08/reads_GS80172-FS3-L08_004.tsv.bz2	1317338702
data/ChineseTrio/HG006_NA24694-huCA017E_father/CompleteGenomics_normal_cellsDNA/dad_NA24694_GS000037476-ASM/MAP/GS80172-FS3-L08/reads_GS80172-FS3-L08_005.tsv.bz2	1320028289
data/ChineseTrio/HG006_NA24694-huCA017E_father/CompleteGenomics_normal_cellsDNA/dad_NA24694_GS000037476-ASM/MAP/GS80172-FS3-L08/reads_GS80172-FS3-L08_006.tsv.bz2	1313529171
data/ChineseTrio/HG006_NA24694-huCA017E_father/CompleteGenomics_normal_cellsDNA/dad_NA24694_GS000037476-ASM/MAP/GS80172-FS3-L08/reads_GS80172-FS3-L08_007.tsv.bz2	1320358496
data/ChineseTrio/HG006_NA24694-huCA017E_father/CompleteGenomics_normal_cellsDNA/dad_NA24694_GS000037476-ASM/MAP/GS80172-FS3-L08/reads_GS80172-FS3-L08_008.tsv.bz2	1318101554
data/ChineseTrio/HG006_NA24694-huCA017E_father/CompleteGenomics_normal_cellsDNA/dad_NA24694_GS000037476-ASM/MAP/GS80172-FS3-L08/reads_GS80172-FS3-L08_009.tsv.bz2	1330231156
data/ChineseTrio/HG006_NA24694-huCA017E_father/CompleteGenomics_normal_cellsDNA/dad_NA24694_GS000037476-ASM/MAP/GS80172-FS3-L08/reads_GS80172-FS3-L08_010.tsv.bz2	1310111364
data/ChineseTrio/HG006_NA24694-huCA017E_father/CompleteGenomics_normal_cellsDNA/dad_NA24694_GS000037476-ASM/MAP/GS80172-FS3-L08/reads_GS80172-FS3-L08_011.tsv.bz2	1320673081
data/ChineseTrio/HG006_NA24694-huCA017E_father/CompleteGenomics_normal_cellsDNA/dad_NA24694_GS000037476-ASM/MAP/GS80172-FS3-L08/reads_GS80172-FS3-L08_012.tsv.bz2	1329225880
data/ChineseTrio/HG006_NA24694-huCA017E_father/CompleteGenomics_normal_cellsDNA/dad_NA24694_GS000037476-ASM/MAP/GS80172-FS3-L08/reads_GS80172-FS3-L08_013.tsv.bz2	1331260516
data/ChineseTrio/HG006_NA24694-huCA017E_father/CompleteGenomics_normal_cellsDNA/dad_NA24694_GS000037476-ASM/MAP/GS80172-FS3-L08/reads_GS80172-FS3-L08_014.tsv.bz2	1321738061
data/ChineseTrio/HG006_NA24694-huCA017E_father/CompleteGenomics_normal_cellsDNA/dad_NA24694_GS000037476-ASM/MAP/GS80172-FS3-L08/reads_GS80172-FS3-L08_015.tsv.bz2	1212917170
data/ChineseTrio/HG006_NA24694-huCA017E_father/CompleteGenomics_normal_cellsDNA/dad_NA24694_GS000037476-ASM/MAP/GS80172-FS3-L08/reads_GS80172-FS3-L08_016.tsv.bz2	1308522929
data/ChineseTrio/HG006_NA24694-huCA017E_father/CompleteGenomics_normal_cellsDNA/dad_NA24694_GS000037476-ASM/MAP/GS80172-FS3-L08/reads_GS80172-FS3-L08_017.tsv.bz2	756322526
data/ChineseTrio/HG006_NA24694-huCA017E_father/CompleteGenomics_normal_cellsDNA/dad_NA24694_GS000037476-ASM/MAP/GS80173-FS3-L01/mapping_GS80173-FS3-L01_001.tsv.bz2	485990514
data/ChineseTrio/HG006_NA24694-huCA017E_father/CompleteGenomics_normal_cellsDNA/dad_NA24694_GS000037476-ASM/MAP/GS80173-FS3-L01/mapping_GS80173-FS3-L01_002.tsv.bz2	535271509
data/ChineseTrio/HG006_NA24694-huCA017E_father/CompleteGenomics_normal_cellsDNA/dad_NA24694_GS000037476-ASM/MAP/GS80173-FS3-L01/mapping_GS80173-FS3-L01_003.tsv.bz2	536659162
data/ChineseTrio/HG006_NA24694-huCA017E_father/CompleteGenomics_normal_cellsDNA/dad_NA24694_GS000037476-ASM/MAP/GS80173-FS3-L01/mapping_GS80173-FS3-L01_004.tsv.bz2	534004725
data/ChineseTrio/HG006_NA24694-huCA017E_father/CompleteGenomics_normal_cellsDNA/dad_NA24694_GS000037476-ASM/MAP/GS80173-FS3-L01/mapping_GS80173-FS3-L01_005.tsv.bz2	532736996
data/ChineseTrio/HG006_NA24694-huCA017E_father/CompleteGenomics_normal_cellsDNA/dad_NA24694_GS000037476-ASM/MAP/GS80173-FS3-L01/mapping_GS80173-FS3-L01_006.tsv.bz2	515668483
data/ChineseTrio/HG006_NA24694-huCA017E_father/CompleteGenomics_normal_cellsDNA/dad_NA24694_GS000037476-ASM/MAP/GS80173-FS3-L01/mapping_GS80173-FS3-L01_007.tsv.bz2	529137957
data/ChineseTrio/HG006_NA24694-huCA017E_father/CompleteGenomics_normal_cellsDNA/dad_NA24694_GS000037476-ASM/MAP/GS80173-FS3-L01/mapping_GS80173-FS3-L01_008.tsv.bz2	531201760
data/ChineseTrio/HG006_NA24694-huCA017E_father/CompleteGenomics_normal_cellsDNA/dad_NA24694_GS000037476-ASM/MAP/GS80173-FS3-L01/mapping_GS80173-FS3-L01_009.tsv.bz2	532817254
data/ChineseTrio/HG006_NA24694-huCA017E_father/CompleteGenomics_normal_cellsDNA/dad_NA24694_GS000037476-ASM/MAP/GS80173-FS3-L01/mapping_GS80173-FS3-L01_010.tsv.bz2	533944005
data/ChineseTrio/HG006_NA24694-huCA017E_father/CompleteGenomics_normal_cellsDNA/dad_NA24694_GS000037476-ASM/MAP/GS80173-FS3-L01/mapping_GS80173-FS3-L01_011.tsv.bz2	531499545
data/ChineseTrio/HG006_NA24694-huCA017E_father/CompleteGenomics_normal_cellsDNA/dad_NA24694_GS000037476-ASM/MAP/GS80173-FS3-L01/mapping_GS80173-FS3-L01_012.tsv.bz2	531226898
data/ChineseTrio/HG006_NA24694-huCA017E_father/CompleteGenomics_normal_cellsDNA/dad_NA24694_GS000037476-ASM/MAP/GS80173-FS3-L01/mapping_GS80173-FS3-L01_013.tsv.bz2	528102918
data/ChineseTrio/HG006_NA24694-huCA017E_father/CompleteGenomics_normal_cellsDNA/dad_NA24694_GS000037476-ASM/MAP/GS80173-FS3-L01/mapping_GS80173-FS3-L01_014.tsv.bz2	528806314
data/ChineseTrio/HG006_NA24694-huCA017E_father/CompleteGenomics_normal_cellsDNA/dad_NA24694_GS000037476-ASM/MAP/GS80173-FS3-L01/mapping_GS80173-FS3-L01_015.tsv.bz2	534172018
data/ChineseTrio/HG006_NA24694-huCA017E_father/CompleteGenomics_normal_cellsDNA/dad_NA24694_GS000037476-ASM/MAP/GS80173-FS3-L01/mapping_GS80173-FS3-L01_016.tsv.bz2	529699005
data/ChineseTrio/HG006_NA24694-huCA017E_father/CompleteGenomics_normal_cellsDNA/dad_NA24694_GS000037476-ASM/MAP/GS80173-FS3-L01/mapping_GS80173-FS3-L01_017.tsv.bz2	286013101
data/ChineseTrio/HG006_NA24694-huCA017E_father/CompleteGenomics_normal_cellsDNA/dad_NA24694_GS000037476-ASM/MAP/GS80173-FS3-L01/reads_GS80173-FS3-L01_001.tsv.bz2	1187550675
data/ChineseTrio/HG006_NA24694-huCA017E_father/CompleteGenomics_normal_cellsDNA/dad_NA24694_GS000037476-ASM/MAP/GS80173-FS3-L01/reads_GS80173-FS3-L01_002.tsv.bz2	1311541835
data/ChineseTrio/HG006_NA24694-huCA017E_father/CompleteGenomics_normal_cellsDNA/dad_NA24694_GS000037476-ASM/MAP/GS80173-FS3-L01/reads_GS80173-FS3-L01_003.tsv.bz2	1304739858
data/ChineseTrio/HG006_NA24694-huCA017E_father/CompleteGenomics_normal_cellsDNA/dad_NA24694_GS000037476-ASM/MAP/GS80173-FS3-L01/reads_GS80173-FS3-L01_004.tsv.bz2	1312327108
data/ChineseTrio/HG006_NA24694-huCA017E_father/CompleteGenomics_normal_cellsDNA/dad_NA24694_GS000037476-ASM/MAP/GS80173-FS3-L01/reads_GS80173-FS3-L01_005.tsv.bz2	1316348938
data/ChineseTrio/HG006_NA24694-huCA017E_father/CompleteGenomics_normal_cellsDNA/dad_NA24694_GS000037476-ASM/MAP/GS80173-FS3-L01/reads_GS80173-FS3-L01_006.tsv.bz2	1279757256
data/ChineseTrio/HG006_NA24694-huCA017E_father/CompleteGenomics_normal_cellsDNA/dad_NA24694_GS000037476-ASM/MAP/GS80173-FS3-L01/reads_GS80173-FS3-L01_007.tsv.bz2	1322232091
data/ChineseTrio/HG006_NA24694-huCA017E_father/CompleteGenomics_normal_cellsDNA/dad_NA24694_GS000037476-ASM/MAP/GS80173-FS3-L01/reads_GS80173-FS3-L01_008.tsv.bz2	1318564074
data/ChineseTrio/HG006_NA24694-huCA017E_father/CompleteGenomics_normal_cellsDNA/dad_NA24694_GS000037476-ASM/MAP/GS80173-FS3-L01/reads_GS80173-FS3-L01_009.tsv.bz2	1317730448
data/ChineseTrio/HG006_NA24694-huCA017E_father/CompleteGenomics_normal_cellsDNA/dad_NA24694_GS000037476-ASM/MAP/GS80173-FS3-L01/reads_GS80173-FS3-L01_010.tsv.bz2	1309971129
data/ChineseTrio/HG006_NA24694-huCA017E_father/CompleteGenomics_normal_cellsDNA/dad_NA24694_GS000037476-ASM/MAP/GS80173-FS3-L01/reads_GS80173-FS3-L01_011.tsv.bz2	1320519749
data/ChineseTrio/HG006_NA24694-huCA017E_father/CompleteGenomics_normal_cellsDNA/dad_NA24694_GS000037476-ASM/MAP/GS80173-FS3-L01/reads_GS80173-FS3-L01_012.tsv.bz2	1325892547
data/ChineseTrio/HG006_NA24694-huCA017E_father/CompleteGenomics_normal_cellsDNA/dad_NA24694_GS000037476-ASM/MAP/GS80173-FS3-L01/reads_GS80173-FS3-L01_013.tsv.bz2	1335437439
data/ChineseTrio/HG006_NA24694-huCA017E_father/CompleteGenomics_normal_cellsDNA/dad_NA24694_GS000037476-ASM/MAP/GS80173-FS3-L01/reads_GS80173-FS3-L01_014.tsv.bz2	1331870512
data/ChineseTrio/HG006_NA24694-huCA017E_father/CompleteGenomics_normal_cellsDNA/dad_NA24694_GS000037476-ASM/MAP/GS80173-FS3-L01/reads_GS80173-FS3-L01_015.tsv.bz2	1318107311
data/ChineseTrio/HG006_NA24694-huCA017E_father/CompleteGenomics_normal_cellsDNA/dad_NA24694_GS000037476-ASM/MAP/GS80173-FS3-L01/reads_GS80173-FS3-L01_016.tsv.bz2	1320097550
data/ChineseTrio/HG006_NA24694-huCA017E_father/CompleteGenomics_normal_cellsDNA/dad_NA24694_GS000037476-ASM/MAP/GS80173-FS3-L01/reads_GS80173-FS3-L01_017.tsv.bz2	709740870
data/ChineseTrio/HG006_NA24694-huCA017E_father/CompleteGenomics_normal_cellsDNA/dad_NA24694_GS000037476-ASM/MAP/GS80173-FS3-L02/mapping_GS80173-FS3-L02_001.tsv.bz2	498121505
data/ChineseTrio/HG006_NA24694-huCA017E_father/CompleteGenomics_normal_cellsDNA/dad_NA24694_GS000037476-ASM/MAP/GS80173-FS3-L02/mapping_GS80173-FS3-L02_002.tsv.bz2	538915152
data/ChineseTrio/HG006_NA24694-huCA017E_father/CompleteGenomics_normal_cellsDNA/dad_NA24694_GS000037476-ASM/MAP/GS80173-FS3-L02/mapping_GS80173-FS3-L02_003.tsv.bz2	537717290
data/ChineseTrio/HG006_NA24694-huCA017E_father/CompleteGenomics_normal_cellsDNA/dad_NA24694_GS000037476-ASM/MAP/GS80173-FS3-L02/mapping_GS80173-FS3-L02_004.tsv.bz2	536581625
data/ChineseTrio/HG006_NA24694-huCA017E_father/CompleteGenomics_normal_cellsDNA/dad_NA24694_GS000037476-ASM/MAP/GS80173-FS3-L02/mapping_GS80173-FS3-L02_005.tsv.bz2	537037061
data/ChineseTrio/HG006_NA24694-huCA017E_father/CompleteGenomics_normal_cellsDNA/dad_NA24694_GS000037476-ASM/MAP/GS80173-FS3-L02/mapping_GS80173-FS3-L02_006.tsv.bz2	538374495
data/ChineseTrio/HG006_NA24694-huCA017E_father/CompleteGenomics_normal_cellsDNA/dad_NA24694_GS000037476-ASM/MAP/GS80173-FS3-L02/mapping_GS80173-FS3-L02_007.tsv.bz2	538502135
data/ChineseTrio/HG006_NA24694-huCA017E_father/CompleteGenomics_normal_cellsDNA/dad_NA24694_GS000037476-ASM/MAP/GS80173-FS3-L02/mapping_GS80173-FS3-L02_008.tsv.bz2	537825461
data/ChineseTrio/HG006_NA24694-huCA017E_father/CompleteGenomics_normal_cellsDNA/dad_NA24694_GS000037476-ASM/MAP/GS80173-FS3-L02/mapping_GS80173-FS3-L02_009.tsv.bz2	539265086
data/ChineseTrio/HG006_NA24694-huCA017E_father/CompleteGenomics_normal_cellsDNA/dad_NA24694_GS000037476-ASM/MAP/GS80173-FS3-L02/mapping_GS80173-FS3-L02_010.tsv.bz2	540269923
data/ChineseTrio/HG006_NA24694-huCA017E_father/CompleteGenomics_normal_cellsDNA/dad_NA24694_GS000037476-ASM/MAP/GS80173-FS3-L02/mapping_GS80173-FS3-L02_011.tsv.bz2	539916020
data/ChineseTrio/HG006_NA24694-huCA017E_father/CompleteGenomics_normal_cellsDNA/dad_NA24694_GS000037476-ASM/MAP/GS80173-FS3-L02/mapping_GS80173-FS3-L02_012.tsv.bz2	536476869
data/ChineseTrio/HG006_NA24694-huCA017E_father/CompleteGenomics_normal_cellsDNA/dad_NA24694_GS000037476-ASM/MAP/GS80173-FS3-L02/mapping_GS80173-FS3-L02_013.tsv.bz2	533151213
data/ChineseTrio/HG006_NA24694-huCA017E_father/CompleteGenomics_normal_cellsDNA/dad_NA24694_GS000037476-ASM/MAP/GS80173-FS3-L02/mapping_GS80173-FS3-L02_014.tsv.bz2	535208752
data/ChineseTrio/HG006_NA24694-huCA017E_father/CompleteGenomics_normal_cellsDNA/dad_NA24694_GS000037476-ASM/MAP/GS80173-FS3-L02/mapping_GS80173-FS3-L02_015.tsv.bz2	542544156
data/ChineseTrio/HG006_NA24694-huCA017E_father/CompleteGenomics_normal_cellsDNA/dad_NA24694_GS000037476-ASM/MAP/GS80173-FS3-L02/mapping_GS80173-FS3-L02_016.tsv.bz2	536367977
data/ChineseTrio/HG006_NA24694-huCA017E_father/CompleteGenomics_normal_cellsDNA/dad_NA24694_GS000037476-ASM/MAP/GS80173-FS3-L02/mapping_GS80173-FS3-L02_017.tsv.bz2	299344530
data/ChineseTrio/HG006_NA24694-huCA017E_father/CompleteGenomics_normal_cellsDNA/dad_NA24694_GS000037476-ASM/MAP/GS80173-FS3-L02/reads_GS80173-FS3-L02_001.tsv.bz2	1220536695
data/ChineseTrio/HG006_NA24694-huCA017E_father/CompleteGenomics_normal_cellsDNA/dad_NA24694_GS000037476-ASM/MAP/GS80173-FS3-L02/reads_GS80173-FS3-L02_002.tsv.bz2	1312445579
data/ChineseTrio/HG006_NA24694-huCA017E_father/CompleteGenomics_normal_cellsDNA/dad_NA24694_GS000037476-ASM/MAP/GS80173-FS3-L02/reads_GS80173-FS3-L02_003.tsv.bz2	1314962007
data/ChineseTrio/HG006_NA24694-huCA017E_father/CompleteGenomics_normal_cellsDNA/dad_NA24694_GS000037476-ASM/MAP/GS80173-FS3-L02/reads_GS80173-FS3-L02_004.tsv.bz2	1315661743
data/ChineseTrio/HG006_NA24694-huCA017E_father/CompleteGenomics_normal_cellsDNA/dad_NA24694_GS000037476-ASM/MAP/GS80173-FS3-L02/reads_GS80173-FS3-L02_005.tsv.bz2	1308733751
data/ChineseTrio/HG006_NA24694-huCA017E_father/CompleteGenomics_normal_cellsDNA/dad_NA24694_GS000037476-ASM/MAP/GS80173-FS3-L02/reads_GS80173-FS3-L02_006.tsv.bz2	1306875509
data/ChineseTrio/HG006_NA24694-huCA017E_father/CompleteGenomics_normal_cellsDNA/dad_NA24694_GS000037476-ASM/MAP/GS80173-FS3-L02/reads_GS80173-FS3-L02_007.tsv.bz2	1308006453
data/ChineseTrio/HG006_NA24694-huCA017E_father/CompleteGenomics_normal_cellsDNA/dad_NA24694_GS000037476-ASM/MAP/GS80173-FS3-L02/reads_GS80173-FS3-L02_008.tsv.bz2	1309078744
data/ChineseTrio/HG006_NA24694-huCA017E_father/CompleteGenomics_normal_cellsDNA/dad_NA24694_GS000037476-ASM/MAP/GS80173-FS3-L02/reads_GS80173-FS3-L02_009.tsv.bz2	1307462459
data/ChineseTrio/HG006_NA24694-huCA017E_father/CompleteGenomics_normal_cellsDNA/dad_NA24694_GS000037476-ASM/MAP/GS80173-FS3-L02/reads_GS80173-FS3-L02_010.tsv.bz2	1302561884
data/ChineseTrio/HG006_NA24694-huCA017E_father/CompleteGenomics_normal_cellsDNA/dad_NA24694_GS000037476-ASM/MAP/GS80173-FS3-L02/reads_GS80173-FS3-L02_011.tsv.bz2	1305405182
data/ChineseTrio/HG006_NA24694-huCA017E_father/CompleteGenomics_normal_cellsDNA/dad_NA24694_GS000037476-ASM/MAP/GS80173-FS3-L02/reads_GS80173-FS3-L02_012.tsv.bz2	1313833809
data/ChineseTrio/HG006_NA24694-huCA017E_father/CompleteGenomics_normal_cellsDNA/dad_NA24694_GS000037476-ASM/MAP/GS80173-FS3-L02/reads_GS80173-FS3-L02_013.tsv.bz2	1325086707
data/ChineseTrio/HG006_NA24694-huCA017E_father/CompleteGenomics_normal_cellsDNA/dad_NA24694_GS000037476-ASM/MAP/GS80173-FS3-L02/reads_GS80173-FS3-L02_014.tsv.bz2	1321220557
data/ChineseTrio/HG006_NA24694-huCA017E_father/CompleteGenomics_normal_cellsDNA/dad_NA24694_GS000037476-ASM/MAP/GS80173-FS3-L02/reads_GS80173-FS3-L02_015.tsv.bz2	1301887742
data/ChineseTrio/HG006_NA24694-huCA017E_father/CompleteGenomics_normal_cellsDNA/dad_NA24694_GS000037476-ASM/MAP/GS80173-FS3-L02/reads_GS80173-FS3-L02_016.tsv.bz2	1311288930
data/ChineseTrio/HG006_NA24694-huCA017E_father/CompleteGenomics_normal_cellsDNA/dad_NA24694_GS000037476-ASM/MAP/GS80173-FS3-L02/reads_GS80173-FS3-L02_017.tsv.bz2	727756594
data/ChineseTrio/HG006_NA24694-huCA017E_father/CompleteGenomics_normal_cellsDNA/dad_NA24694_GS000037476-ASM/MAP/GS80173-FS3-L03/mapping_GS80173-FS3-L03_001.tsv.bz2	506813047
data/ChineseTrio/HG006_NA24694-huCA017E_father/CompleteGenomics_normal_cellsDNA/dad_NA24694_GS000037476-ASM/MAP/GS80173-FS3-L03/mapping_GS80173-FS3-L03_002.tsv.bz2	543120966
data/ChineseTrio/HG006_NA24694-huCA017E_father/CompleteGenomics_normal_cellsDNA/dad_NA24694_GS000037476-ASM/MAP/GS80173-FS3-L03/mapping_GS80173-FS3-L03_003.tsv.bz2	541760670
data/ChineseTrio/HG006_NA24694-huCA017E_father/CompleteGenomics_normal_cellsDNA/dad_NA24694_GS000037476-ASM/MAP/GS80173-FS3-L03/mapping_GS80173-FS3-L03_004.tsv.bz2	539194956
data/ChineseTrio/HG006_NA24694-huCA017E_father/CompleteGenomics_normal_cellsDNA/dad_NA24694_GS000037476-ASM/MAP/GS80173-FS3-L03/mapping_GS80173-FS3-L03_005.tsv.bz2	542442300
data/ChineseTrio/HG006_NA24694-huCA017E_father/CompleteGenomics_normal_cellsDNA/dad_NA24694_GS000037476-ASM/MAP/GS80173-FS3-L03/mapping_GS80173-FS3-L03_006.tsv.bz2	544038664
data/ChineseTrio/HG006_NA24694-huCA017E_father/CompleteGenomics_normal_cellsDNA/dad_NA24694_GS000037476-ASM/MAP/GS80173-FS3-L03/mapping_GS80173-FS3-L03_007.tsv.bz2	544065948
data/ChineseTrio/HG006_NA24694-huCA017E_father/CompleteGenomics_normal_cellsDNA/dad_NA24694_GS000037476-ASM/MAP/GS80173-FS3-L03/mapping_GS80173-FS3-L03_008.tsv.bz2	506610298
data/ChineseTrio/HG006_NA24694-huCA017E_father/CompleteGenomics_normal_cellsDNA/dad_NA24694_GS000037476-ASM/MAP/GS80173-FS3-L03/mapping_GS80173-FS3-L03_009.tsv.bz2	544186498
data/ChineseTrio/HG006_NA24694-huCA017E_father/CompleteGenomics_normal_cellsDNA/dad_NA24694_GS000037476-ASM/MAP/GS80173-FS3-L03/mapping_GS80173-FS3-L03_010.tsv.bz2	530351695
data/ChineseTrio/HG006_NA24694-huCA017E_father/CompleteGenomics_normal_cellsDNA/dad_NA24694_GS000037476-ASM/MAP/GS80173-FS3-L03/mapping_GS80173-FS3-L03_011.tsv.bz2	540096652
data/ChineseTrio/HG006_NA24694-huCA017E_father/CompleteGenomics_normal_cellsDNA/dad_NA24694_GS000037476-ASM/MAP/GS80173-FS3-L03/mapping_GS80173-FS3-L03_012.tsv.bz2	540951761
data/ChineseTrio/HG006_NA24694-huCA017E_father/CompleteGenomics_normal_cellsDNA/dad_NA24694_GS000037476-ASM/MAP/GS80173-FS3-L03/mapping_GS80173-FS3-L03_013.tsv.bz2	540134723
data/ChineseTrio/HG006_NA24694-huCA017E_father/CompleteGenomics_normal_cellsDNA/dad_NA24694_GS000037476-ASM/MAP/GS80173-FS3-L03/mapping_GS80173-FS3-L03_014.tsv.bz2	541903222
data/ChineseTrio/HG006_NA24694-huCA017E_father/CompleteGenomics_normal_cellsDNA/dad_NA24694_GS000037476-ASM/MAP/GS80173-FS3-L03/mapping_GS80173-FS3-L03_015.tsv.bz2	546404834
data/ChineseTrio/HG006_NA24694-huCA017E_father/CompleteGenomics_normal_cellsDNA/dad_NA24694_GS000037476-ASM/MAP/GS80173-FS3-L03/mapping_GS80173-FS3-L03_016.tsv.bz2	540995946
data/ChineseTrio/HG006_NA24694-huCA017E_father/CompleteGenomics_normal_cellsDNA/dad_NA24694_GS000037476-ASM/MAP/GS80173-FS3-L03/mapping_GS80173-FS3-L03_017.tsv.bz2	296180130
data/ChineseTrio/HG006_NA24694-huCA017E_father/CompleteGenomics_normal_cellsDNA/dad_NA24694_GS000037476-ASM/MAP/GS80173-FS3-L03/reads_GS80173-FS3-L03_001.tsv.bz2	1200114452
data/ChineseTrio/HG006_NA24694-huCA017E_father/CompleteGenomics_normal_cellsDNA/dad_NA24694_GS000037476-ASM/MAP/GS80173-FS3-L03/reads_GS80173-FS3-L03_002.tsv.bz2	1300381516
data/ChineseTrio/HG006_NA24694-huCA017E_father/CompleteGenomics_normal_cellsDNA/dad_NA24694_GS000037476-ASM/MAP/GS80173-FS3-L03/reads_GS80173-FS3-L03_003.tsv.bz2	1305810338
data/ChineseTrio/HG006_NA24694-huCA017E_father/CompleteGenomics_normal_cellsDNA/dad_NA24694_GS000037476-ASM/MAP/GS80173-FS3-L03/reads_GS80173-FS3-L03_004.tsv.bz2	1312613904
data/ChineseTrio/HG006_NA24694-huCA017E_father/CompleteGenomics_normal_cellsDNA/dad_NA24694_GS000037476-ASM/MAP/GS80173-FS3-L03/reads_GS80173-FS3-L03_005.tsv.bz2	1298040228
data/ChineseTrio/HG006_NA24694-huCA017E_father/CompleteGenomics_normal_cellsDNA/dad_NA24694_GS000037476-ASM/MAP/GS80173-FS3-L03/reads_GS80173-FS3-L03_006.tsv.bz2	1293785394
data/ChineseTrio/HG006_NA24694-huCA017E_father/CompleteGenomics_normal_cellsDNA/dad_NA24694_GS000037476-ASM/MAP/GS80173-FS3-L03/reads_GS80173-FS3-L03_007.tsv.bz2	1294021849
data/ChineseTrio/HG006_NA24694-huCA017E_father/CompleteGenomics_normal_cellsDNA/dad_NA24694_GS000037476-ASM/MAP/GS80173-FS3-L03/reads_GS80173-FS3-L03_008.tsv.bz2	1264434860
data/ChineseTrio/HG006_NA24694-huCA017E_father/CompleteGenomics_normal_cellsDNA/dad_NA24694_GS000037476-ASM/MAP/GS80173-FS3-L03/reads_GS80173-FS3-L03_009.tsv.bz2	1294774125
data/ChineseTrio/HG006_NA24694-huCA017E_father/CompleteGenomics_normal_cellsDNA/dad_NA24694_GS000037476-ASM/MAP/GS80173-FS3-L03/reads_GS80173-FS3-L03_010.tsv.bz2	1308542987
data/ChineseTrio/HG006_NA24694-huCA017E_father/CompleteGenomics_normal_cellsDNA/dad_NA24694_GS000037476-ASM/MAP/GS80173-FS3-L03/reads_GS80173-FS3-L03_011.tsv.bz2	1299237609
data/ChineseTrio/HG006_NA24694-huCA017E_father/CompleteGenomics_normal_cellsDNA/dad_NA24694_GS000037476-ASM/MAP/GS80173-FS3-L03/reads_GS80173-FS3-L03_012.tsv.bz2	1305708131
data/ChineseTrio/HG006_NA24694-huCA017E_father/CompleteGenomics_normal_cellsDNA/dad_NA24694_GS000037476-ASM/MAP/GS80173-FS3-L03/reads_GS80173-FS3-L03_013.tsv.bz2	1306904057
data/ChineseTrio/HG006_NA24694-huCA017E_father/CompleteGenomics_normal_cellsDNA/dad_NA24694_GS000037476-ASM/MAP/GS80173-FS3-L03/reads_GS80173-FS3-L03_014.tsv.bz2	1301599169
data/ChineseTrio/HG006_NA24694-huCA017E_father/CompleteGenomics_normal_cellsDNA/dad_NA24694_GS000037476-ASM/MAP/GS80173-FS3-L03/reads_GS80173-FS3-L03_015.tsv.bz2	1290487280
data/ChineseTrio/HG006_NA24694-huCA017E_father/CompleteGenomics_normal_cellsDNA/dad_NA24694_GS000037476-ASM/MAP/GS80173-FS3-L03/reads_GS80173-FS3-L03_016.tsv.bz2	1295467754
data/ChineseTrio/HG006_NA24694-huCA017E_father/CompleteGenomics_normal_cellsDNA/dad_NA24694_GS000037476-ASM/MAP/GS80173-FS3-L03/reads_GS80173-FS3-L03_017.tsv.bz2	695737214
data/ChineseTrio/HG006_NA24694-huCA017E_father/CompleteGenomics_normal_cellsDNA/dad_NA24694_GS000037476-ASM/MAP/GS80173-FS3-L04/mapping_GS80173-FS3-L04_001.tsv.bz2	504545078
data/ChineseTrio/HG006_NA24694-huCA017E_father/CompleteGenomics_normal_cellsDNA/dad_NA24694_GS000037476-ASM/MAP/GS80173-FS3-L04/mapping_GS80173-FS3-L04_002.tsv.bz2	544285679
data/ChineseTrio/HG006_NA24694-huCA017E_father/CompleteGenomics_normal_cellsDNA/dad_NA24694_GS000037476-ASM/MAP/GS80173-FS3-L04/mapping_GS80173-FS3-L04_003.tsv.bz2	542528056
data/ChineseTrio/HG006_NA24694-huCA017E_father/CompleteGenomics_normal_cellsDNA/dad_NA24694_GS000037476-ASM/MAP/GS80173-FS3-L04/mapping_GS80173-FS3-L04_004.tsv.bz2	543957086
data/ChineseTrio/HG006_NA24694-huCA017E_father/CompleteGenomics_normal_cellsDNA/dad_NA24694_GS000037476-ASM/MAP/GS80173-FS3-L04/mapping_GS80173-FS3-L04_005.tsv.bz2	544516989
data/ChineseTrio/HG006_NA24694-huCA017E_father/CompleteGenomics_normal_cellsDNA/dad_NA24694_GS000037476-ASM/MAP/GS80173-FS3-L04/mapping_GS80173-FS3-L04_006.tsv.bz2	542905453
data/ChineseTrio/HG006_NA24694-huCA017E_father/CompleteGenomics_normal_cellsDNA/dad_NA24694_GS000037476-ASM/MAP/GS80173-FS3-L04/mapping_GS80173-FS3-L04_007.tsv.bz2	541334405
data/ChineseTrio/HG006_NA24694-huCA017E_father/CompleteGenomics_normal_cellsDNA/dad_NA24694_GS000037476-ASM/MAP/GS80173-FS3-L04/mapping_GS80173-FS3-L04_008.tsv.bz2	540283545
data/ChineseTrio/HG006_NA24694-huCA017E_father/CompleteGenomics_normal_cellsDNA/dad_NA24694_GS000037476-ASM/MAP/GS80173-FS3-L04/mapping_GS80173-FS3-L04_009.tsv.bz2	538431735
data/ChineseTrio/HG006_NA24694-huCA017E_father/CompleteGenomics_normal_cellsDNA/dad_NA24694_GS000037476-ASM/MAP/GS80173-FS3-L04/mapping_GS80173-FS3-L04_010.tsv.bz2	542988012
data/ChineseTrio/HG006_NA24694-huCA017E_father/CompleteGenomics_normal_cellsDNA/dad_NA24694_GS000037476-ASM/MAP/GS80173-FS3-L04/mapping_GS80173-FS3-L04_011.tsv.bz2	540644409
data/ChineseTrio/HG006_NA24694-huCA017E_father/CompleteGenomics_normal_cellsDNA/dad_NA24694_GS000037476-ASM/MAP/GS80173-FS3-L04/mapping_GS80173-FS3-L04_012.tsv.bz2	537147093
data/ChineseTrio/HG006_NA24694-huCA017E_father/CompleteGenomics_normal_cellsDNA/dad_NA24694_GS000037476-ASM/MAP/GS80173-FS3-L04/mapping_GS80173-FS3-L04_013.tsv.bz2	534432786
data/ChineseTrio/HG006_NA24694-huCA017E_father/CompleteGenomics_normal_cellsDNA/dad_NA24694_GS000037476-ASM/MAP/GS80173-FS3-L04/mapping_GS80173-FS3-L04_014.tsv.bz2	534566132
data/ChineseTrio/HG006_NA24694-huCA017E_father/CompleteGenomics_normal_cellsDNA/dad_NA24694_GS000037476-ASM/MAP/GS80173-FS3-L04/mapping_GS80173-FS3-L04_015.tsv.bz2	540083189
data/ChineseTrio/HG006_NA24694-huCA017E_father/CompleteGenomics_normal_cellsDNA/dad_NA24694_GS000037476-ASM/MAP/GS80173-FS3-L04/mapping_GS80173-FS3-L04_016.tsv.bz2	532320323
data/ChineseTrio/HG006_NA24694-huCA017E_father/CompleteGenomics_normal_cellsDNA/dad_NA24694_GS000037476-ASM/MAP/GS80173-FS3-L04/mapping_GS80173-FS3-L04_017.tsv.bz2	297704029
data/ChineseTrio/HG006_NA24694-huCA017E_father/CompleteGenomics_normal_cellsDNA/dad_NA24694_GS000037476-ASM/MAP/GS80173-FS3-L04/reads_GS80173-FS3-L04_001.tsv.bz2	1217354099
data/ChineseTrio/HG006_NA24694-huCA017E_father/CompleteGenomics_normal_cellsDNA/dad_NA24694_GS000037476-ASM/MAP/GS80173-FS3-L04/reads_GS80173-FS3-L04_002.tsv.bz2	1307878539
data/ChineseTrio/HG006_NA24694-huCA017E_father/CompleteGenomics_normal_cellsDNA/dad_NA24694_GS000037476-ASM/MAP/GS80173-FS3-L04/reads_GS80173-FS3-L04_003.tsv.bz2	1311971398
data/ChineseTrio/HG006_NA24694-huCA017E_father/CompleteGenomics_normal_cellsDNA/dad_NA24694_GS000037476-ASM/MAP/GS80173-FS3-L04/reads_GS80173-FS3-L04_004.tsv.bz2	1306729557
data/ChineseTrio/HG006_NA24694-huCA017E_father/CompleteGenomics_normal_cellsDNA/dad_NA24694_GS000037476-ASM/MAP/GS80173-FS3-L04/reads_GS80173-FS3-L04_005.tsv.bz2	1302834568
data/ChineseTrio/HG006_NA24694-huCA017E_father/CompleteGenomics_normal_cellsDNA/dad_NA24694_GS000037476-ASM/MAP/GS80173-FS3-L04/reads_GS80173-FS3-L04_006.tsv.bz2	1305878547
data/ChineseTrio/HG006_NA24694-huCA017E_father/CompleteGenomics_normal_cellsDNA/dad_NA24694_GS000037476-ASM/MAP/GS80173-FS3-L04/reads_GS80173-FS3-L04_007.tsv.bz2	1311189497
data/ChineseTrio/HG006_NA24694-huCA017E_father/CompleteGenomics_normal_cellsDNA/dad_NA24694_GS000037476-ASM/MAP/GS80173-FS3-L04/reads_GS80173-FS3-L04_008.tsv.bz2	1315872161
data/ChineseTrio/HG006_NA24694-huCA017E_father/CompleteGenomics_normal_cellsDNA/dad_NA24694_GS000037476-ASM/MAP/GS80173-FS3-L04/reads_GS80173-FS3-L04_009.tsv.bz2	1318548287
data/ChineseTrio/HG006_NA24694-huCA017E_father/CompleteGenomics_normal_cellsDNA/dad_NA24694_GS000037476-ASM/MAP/GS80173-FS3-L04/reads_GS80173-FS3-L04_010.tsv.bz2	1309223710
data/ChineseTrio/HG006_NA24694-huCA017E_father/CompleteGenomics_normal_cellsDNA/dad_NA24694_GS000037476-ASM/MAP/GS80173-FS3-L04/reads_GS80173-FS3-L04_011.tsv.bz2	1314471194
data/ChineseTrio/HG006_NA24694-huCA017E_father/CompleteGenomics_normal_cellsDNA/dad_NA24694_GS000037476-ASM/MAP/GS80173-FS3-L04/reads_GS80173-FS3-L04_012.tsv.bz2	1324663086
data/ChineseTrio/HG006_NA24694-huCA017E_father/CompleteGenomics_normal_cellsDNA/dad_NA24694_GS000037476-ASM/MAP/GS80173-FS3-L04/reads_GS80173-FS3-L04_013.tsv.bz2	1333188199
data/ChineseTrio/HG006_NA24694-huCA017E_father/CompleteGenomics_normal_cellsDNA/dad_NA24694_GS000037476-ASM/MAP/GS80173-FS3-L04/reads_GS80173-FS3-L04_014.tsv.bz2	1328924337
data/ChineseTrio/HG006_NA24694-huCA017E_father/CompleteGenomics_normal_cellsDNA/dad_NA24694_GS000037476-ASM/MAP/GS80173-FS3-L04/reads_GS80173-FS3-L04_015.tsv.bz2	1311793346
data/ChineseTrio/HG006_NA24694-huCA017E_father/CompleteGenomics_normal_cellsDNA/dad_NA24694_GS000037476-ASM/MAP/GS80173-FS3-L04/reads_GS80173-FS3-L04_016.tsv.bz2	1319984481
data/ChineseTrio/HG006_NA24694-huCA017E_father/CompleteGenomics_normal_cellsDNA/dad_NA24694_GS000037476-ASM/MAP/GS80173-FS3-L04/reads_GS80173-FS3-L04_017.tsv.bz2	730618863
data/ChineseTrio/HG006_NA24694-huCA017E_father/CompleteGenomics_normal_cellsDNA/dad_NA24694_GS000037476-ASM/MAP/GS80173-FS3-L05/mapping_GS80173-FS3-L05_001.tsv.bz2	503861433
data/ChineseTrio/HG006_NA24694-huCA017E_father/CompleteGenomics_normal_cellsDNA/dad_NA24694_GS000037476-ASM/MAP/GS80173-FS3-L05/mapping_GS80173-FS3-L05_002.tsv.bz2	538794055
data/ChineseTrio/HG006_NA24694-huCA017E_father/CompleteGenomics_normal_cellsDNA/dad_NA24694_GS000037476-ASM/MAP/GS80173-FS3-L05/mapping_GS80173-FS3-L05_003.tsv.bz2	531159295
data/ChineseTrio/HG006_NA24694-huCA017E_father/CompleteGenomics_normal_cellsDNA/dad_NA24694_GS000037476-ASM/MAP/GS80173-FS3-L05/mapping_GS80173-FS3-L05_004.tsv.bz2	529902912
data/ChineseTrio/HG006_NA24694-huCA017E_father/CompleteGenomics_normal_cellsDNA/dad_NA24694_GS000037476-ASM/MAP/GS80173-FS3-L05/mapping_GS80173-FS3-L05_005.tsv.bz2	535537335
data/ChineseTrio/HG006_NA24694-huCA017E_father/CompleteGenomics_normal_cellsDNA/dad_NA24694_GS000037476-ASM/MAP/GS80173-FS3-L05/mapping_GS80173-FS3-L05_006.tsv.bz2	538031288
data/ChineseTrio/HG006_NA24694-huCA017E_father/CompleteGenomics_normal_cellsDNA/dad_NA24694_GS000037476-ASM/MAP/GS80173-FS3-L05/mapping_GS80173-FS3-L05_007.tsv.bz2	536958924
data/ChineseTrio/HG006_NA24694-huCA017E_father/CompleteGenomics_normal_cellsDNA/dad_NA24694_GS000037476-ASM/MAP/GS80173-FS3-L05/mapping_GS80173-FS3-L05_008.tsv.bz2	535618393
data/ChineseTrio/HG006_NA24694-huCA017E_father/CompleteGenomics_normal_cellsDNA/dad_NA24694_GS000037476-ASM/MAP/GS80173-FS3-L05/mapping_GS80173-FS3-L05_009.tsv.bz2	536879251
data/ChineseTrio/HG006_NA24694-huCA017E_father/CompleteGenomics_normal_cellsDNA/dad_NA24694_GS000037476-ASM/MAP/GS80173-FS3-L05/mapping_GS80173-FS3-L05_010.tsv.bz2	541634428
data/ChineseTrio/HG006_NA24694-huCA017E_father/CompleteGenomics_normal_cellsDNA/dad_NA24694_GS000037476-ASM/MAP/GS80173-FS3-L05/mapping_GS80173-FS3-L05_011.tsv.bz2	542790939
data/ChineseTrio/HG006_NA24694-huCA017E_father/CompleteGenomics_normal_cellsDNA/dad_NA24694_GS000037476-ASM/MAP/GS80173-FS3-L05/mapping_GS80173-FS3-L05_012.tsv.bz2	537832418
data/ChineseTrio/HG006_NA24694-huCA017E_father/CompleteGenomics_normal_cellsDNA/dad_NA24694_GS000037476-ASM/MAP/GS80173-FS3-L05/mapping_GS80173-FS3-L05_013.tsv.bz2	534895396
data/ChineseTrio/HG006_NA24694-huCA017E_father/CompleteGenomics_normal_cellsDNA/dad_NA24694_GS000037476-ASM/MAP/GS80173-FS3-L05/mapping_GS80173-FS3-L05_014.tsv.bz2	534985440
data/ChineseTrio/HG006_NA24694-huCA017E_father/CompleteGenomics_normal_cellsDNA/dad_NA24694_GS000037476-ASM/MAP/GS80173-FS3-L05/mapping_GS80173-FS3-L05_015.tsv.bz2	542658423
data/ChineseTrio/HG006_NA24694-huCA017E_father/CompleteGenomics_normal_cellsDNA/dad_NA24694_GS000037476-ASM/MAP/GS80173-FS3-L05/mapping_GS80173-FS3-L05_016.tsv.bz2	533966743
data/ChineseTrio/HG006_NA24694-huCA017E_father/CompleteGenomics_normal_cellsDNA/dad_NA24694_GS000037476-ASM/MAP/GS80173-FS3-L05/mapping_GS80173-FS3-L05_017.tsv.bz2	297898667
data/ChineseTrio/HG006_NA24694-huCA017E_father/CompleteGenomics_normal_cellsDNA/dad_NA24694_GS000037476-ASM/MAP/GS80173-FS3-L05/reads_GS80173-FS3-L05_001.tsv.bz2	1224945542
data/ChineseTrio/HG006_NA24694-huCA017E_father/CompleteGenomics_normal_cellsDNA/dad_NA24694_GS000037476-ASM/MAP/GS80173-FS3-L05/reads_GS80173-FS3-L05_002.tsv.bz2	1321128677
data/ChineseTrio/HG006_NA24694-huCA017E_father/CompleteGenomics_normal_cellsDNA/dad_NA24694_GS000037476-ASM/MAP/GS80173-FS3-L05/reads_GS80173-FS3-L05_003.tsv.bz2	1332472184
data/ChineseTrio/HG006_NA24694-huCA017E_father/CompleteGenomics_normal_cellsDNA/dad_NA24694_GS000037476-ASM/MAP/GS80173-FS3-L05/reads_GS80173-FS3-L05_004.tsv.bz2	1342631619
data/ChineseTrio/HG006_NA24694-huCA017E_father/CompleteGenomics_normal_cellsDNA/dad_NA24694_GS000037476-ASM/MAP/GS80173-FS3-L05/reads_GS80173-FS3-L05_005.tsv.bz2	1327031330
data/ChineseTrio/HG006_NA24694-huCA017E_father/CompleteGenomics_normal_cellsDNA/dad_NA24694_GS000037476-ASM/MAP/GS80173-FS3-L05/reads_GS80173-FS3-L05_006.tsv.bz2	1319143833
data/ChineseTrio/HG006_NA24694-huCA017E_father/CompleteGenomics_normal_cellsDNA/dad_NA24694_GS000037476-ASM/MAP/GS80173-FS3-L05/reads_GS80173-FS3-L05_007.tsv.bz2	1324641927
data/ChineseTrio/HG006_NA24694-huCA017E_father/CompleteGenomics_normal_cellsDNA/dad_NA24694_GS000037476-ASM/MAP/GS80173-FS3-L05/reads_GS80173-FS3-L05_008.tsv.bz2	1329189676
data/ChineseTrio/HG006_NA24694-huCA017E_father/CompleteGenomics_normal_cellsDNA/dad_NA24694_GS000037476-ASM/MAP/GS80173-FS3-L05/reads_GS80173-FS3-L05_009.tsv.bz2	1322527855
data/ChineseTrio/HG006_NA24694-huCA017E_father/CompleteGenomics_normal_cellsDNA/dad_NA24694_GS000037476-ASM/MAP/GS80173-FS3-L05/reads_GS80173-FS3-L05_010.tsv.bz2	1311692954
data/ChineseTrio/HG006_NA24694-huCA017E_father/CompleteGenomics_normal_cellsDNA/dad_NA24694_GS000037476-ASM/MAP/GS80173-FS3-L05/reads_GS80173-FS3-L05_011.tsv.bz2	1309407835
data/ChineseTrio/HG006_NA24694-huCA017E_father/CompleteGenomics_normal_cellsDNA/dad_NA24694_GS000037476-ASM/MAP/GS80173-FS3-L05/reads_GS80173-FS3-L05_012.tsv.bz2	1323164558
data/ChineseTrio/HG006_NA24694-huCA017E_father/CompleteGenomics_normal_cellsDNA/dad_NA24694_GS000037476-ASM/MAP/GS80173-FS3-L05/reads_GS80173-FS3-L05_013.tsv.bz2	1330948367
data/ChineseTrio/HG006_NA24694-huCA017E_father/CompleteGenomics_normal_cellsDNA/dad_NA24694_GS000037476-ASM/MAP/GS80173-FS3-L05/reads_GS80173-FS3-L05_014.tsv.bz2	1331782795
data/ChineseTrio/HG006_NA24694-huCA017E_father/CompleteGenomics_normal_cellsDNA/dad_NA24694_GS000037476-ASM/MAP/GS80173-FS3-L05/reads_GS80173-FS3-L05_015.tsv.bz2	1306929687
data/ChineseTrio/HG006_NA24694-huCA017E_father/CompleteGenomics_normal_cellsDNA/dad_NA24694_GS000037476-ASM/MAP/GS80173-FS3-L05/reads_GS80173-FS3-L05_016.tsv.bz2	1318643626
data/ChineseTrio/HG006_NA24694-huCA017E_father/CompleteGenomics_normal_cellsDNA/dad_NA24694_GS000037476-ASM/MAP/GS80173-FS3-L05/reads_GS80173-FS3-L05_017.tsv.bz2	726383199
data/ChineseTrio/HG006_NA24694-huCA017E_father/CompleteGenomics_normal_cellsDNA/dad_NA24694_GS000037476-ASM/MAP/GS80173-FS3-L06/mapping_GS80173-FS3-L06_001.tsv.bz2	508419856
data/ChineseTrio/HG006_NA24694-huCA017E_father/CompleteGenomics_normal_cellsDNA/dad_NA24694_GS000037476-ASM/MAP/GS80173-FS3-L06/mapping_GS80173-FS3-L06_002.tsv.bz2	544168138
data/ChineseTrio/HG006_NA24694-huCA017E_father/CompleteGenomics_normal_cellsDNA/dad_NA24694_GS000037476-ASM/MAP/GS80173-FS3-L06/mapping_GS80173-FS3-L06_003.tsv.bz2	542789295
data/ChineseTrio/HG006_NA24694-huCA017E_father/CompleteGenomics_normal_cellsDNA/dad_NA24694_GS000037476-ASM/MAP/GS80173-FS3-L06/mapping_GS80173-FS3-L06_004.tsv.bz2	542200047
data/ChineseTrio/HG006_NA24694-huCA017E_father/CompleteGenomics_normal_cellsDNA/dad_NA24694_GS000037476-ASM/MAP/GS80173-FS3-L06/mapping_GS80173-FS3-L06_005.tsv.bz2	542344060
data/ChineseTrio/HG006_NA24694-huCA017E_father/CompleteGenomics_normal_cellsDNA/dad_NA24694_GS000037476-ASM/MAP/GS80173-FS3-L06/mapping_GS80173-FS3-L06_006.tsv.bz2	543266321
data/ChineseTrio/HG006_NA24694-huCA017E_father/CompleteGenomics_normal_cellsDNA/dad_NA24694_GS000037476-ASM/MAP/GS80173-FS3-L06/mapping_GS80173-FS3-L06_007.tsv.bz2	542517990
data/ChineseTrio/HG006_NA24694-huCA017E_father/CompleteGenomics_normal_cellsDNA/dad_NA24694_GS000037476-ASM/MAP/GS80173-FS3-L06/mapping_GS80173-FS3-L06_008.tsv.bz2	543164511
data/ChineseTrio/HG006_NA24694-huCA017E_father/CompleteGenomics_normal_cellsDNA/dad_NA24694_GS000037476-ASM/MAP/GS80173-FS3-L06/mapping_GS80173-FS3-L06_009.tsv.bz2	543184281
data/ChineseTrio/HG006_NA24694-huCA017E_father/CompleteGenomics_normal_cellsDNA/dad_NA24694_GS000037476-ASM/MAP/GS80173-FS3-L06/mapping_GS80173-FS3-L06_010.tsv.bz2	544295726
data/ChineseTrio/HG006_NA24694-huCA017E_father/CompleteGenomics_normal_cellsDNA/dad_NA24694_GS000037476-ASM/MAP/GS80173-FS3-L06/mapping_GS80173-FS3-L06_011.tsv.bz2	543023052
data/ChineseTrio/HG006_NA24694-huCA017E_father/CompleteGenomics_normal_cellsDNA/dad_NA24694_GS000037476-ASM/MAP/GS80173-FS3-L06/mapping_GS80173-FS3-L06_012.tsv.bz2	538148636
data/ChineseTrio/HG006_NA24694-huCA017E_father/CompleteGenomics_normal_cellsDNA/dad_NA24694_GS000037476-ASM/MAP/GS80173-FS3-L06/mapping_GS80173-FS3-L06_013.tsv.bz2	535932432
data/ChineseTrio/HG006_NA24694-huCA017E_father/CompleteGenomics_normal_cellsDNA/dad_NA24694_GS000037476-ASM/MAP/GS80173-FS3-L06/mapping_GS80173-FS3-L06_014.tsv.bz2	537641110
data/ChineseTrio/HG006_NA24694-huCA017E_father/CompleteGenomics_normal_cellsDNA/dad_NA24694_GS000037476-ASM/MAP/GS80173-FS3-L06/mapping_GS80173-FS3-L06_015.tsv.bz2	542237993
data/ChineseTrio/HG006_NA24694-huCA017E_father/CompleteGenomics_normal_cellsDNA/dad_NA24694_GS000037476-ASM/MAP/GS80173-FS3-L06/mapping_GS80173-FS3-L06_016.tsv.bz2	528066975
data/ChineseTrio/HG006_NA24694-huCA017E_father/CompleteGenomics_normal_cellsDNA/dad_NA24694_GS000037476-ASM/MAP/GS80173-FS3-L06/mapping_GS80173-FS3-L06_017.tsv.bz2	321394012
data/ChineseTrio/HG006_NA24694-huCA017E_father/CompleteGenomics_normal_cellsDNA/dad_NA24694_GS000037476-ASM/MAP/GS80173-FS3-L06/reads_GS80173-FS3-L06_001.tsv.bz2	1212317220
data/ChineseTrio/HG006_NA24694-huCA017E_father/CompleteGenomics_normal_cellsDNA/dad_NA24694_GS000037476-ASM/MAP/GS80173-FS3-L06/reads_GS80173-FS3-L06_002.tsv.bz2	1305863073
data/ChineseTrio/HG006_NA24694-huCA017E_father/CompleteGenomics_normal_cellsDNA/dad_NA24694_GS000037476-ASM/MAP/GS80173-FS3-L06/reads_GS80173-FS3-L06_003.tsv.bz2	1308296275
data/ChineseTrio/HG006_NA24694-huCA017E_father/CompleteGenomics_normal_cellsDNA/dad_NA24694_GS000037476-ASM/MAP/GS80173-FS3-L06/reads_GS80173-FS3-L06_004.tsv.bz2	1310990034
data/ChineseTrio/HG006_NA24694-huCA017E_father/CompleteGenomics_normal_cellsDNA/dad_NA24694_GS000037476-ASM/MAP/GS80173-FS3-L06/reads_GS80173-FS3-L06_005.tsv.bz2	1309069921
data/ChineseTrio/HG006_NA24694-huCA017E_father/CompleteGenomics_normal_cellsDNA/dad_NA24694_GS000037476-ASM/MAP/GS80173-FS3-L06/reads_GS80173-FS3-L06_006.tsv.bz2	1299486610
data/ChineseTrio/HG006_NA24694-huCA017E_father/CompleteGenomics_normal_cellsDNA/dad_NA24694_GS000037476-ASM/MAP/GS80173-FS3-L06/reads_GS80173-FS3-L06_007.tsv.bz2	1304828129
data/ChineseTrio/HG006_NA24694-huCA017E_father/CompleteGenomics_normal_cellsDNA/dad_NA24694_GS000037476-ASM/MAP/GS80173-FS3-L06/reads_GS80173-FS3-L06_008.tsv.bz2	1303838332
data/ChineseTrio/HG006_NA24694-huCA017E_father/CompleteGenomics_normal_cellsDNA/dad_NA24694_GS000037476-ASM/MAP/GS80173-FS3-L06/reads_GS80173-FS3-L06_009.tsv.bz2	1304868810
data/ChineseTrio/HG006_NA24694-huCA017E_father/CompleteGenomics_normal_cellsDNA/dad_NA24694_GS000037476-ASM/MAP/GS80173-FS3-L06/reads_GS80173-FS3-L06_010.tsv.bz2	1300828864
data/ChineseTrio/HG006_NA24694-huCA017E_father/CompleteGenomics_normal_cellsDNA/dad_NA24694_GS000037476-ASM/MAP/GS80173-FS3-L06/reads_GS80173-FS3-L06_011.tsv.bz2	1304292335
data/ChineseTrio/HG006_NA24694-huCA017E_father/CompleteGenomics_normal_cellsDNA/dad_NA24694_GS000037476-ASM/MAP/GS80173-FS3-L06/reads_GS80173-FS3-L06_012.tsv.bz2	1318086402
data/ChineseTrio/HG006_NA24694-huCA017E_father/CompleteGenomics_normal_cellsDNA/dad_NA24694_GS000037476-ASM/MAP/GS80173-FS3-L06/reads_GS80173-FS3-L06_013.tsv.bz2	1328260116
data/ChineseTrio/HG006_NA24694-huCA017E_father/CompleteGenomics_normal_cellsDNA/dad_NA24694_GS000037476-ASM/MAP/GS80173-FS3-L06/reads_GS80173-FS3-L06_014.tsv.bz2	1319950821
data/ChineseTrio/HG006_NA24694-huCA017E_father/CompleteGenomics_normal_cellsDNA/dad_NA24694_GS000037476-ASM/MAP/GS80173-FS3-L06/reads_GS80173-FS3-L06_015.tsv.bz2	1304006054
data/ChineseTrio/HG006_NA24694-huCA017E_father/CompleteGenomics_normal_cellsDNA/dad_NA24694_GS000037476-ASM/MAP/GS80173-FS3-L06/reads_GS80173-FS3-L06_016.tsv.bz2	1328409679
data/ChineseTrio/HG006_NA24694-huCA017E_father/CompleteGenomics_normal_cellsDNA/dad_NA24694_GS000037476-ASM/MAP/GS80173-FS3-L06/reads_GS80173-FS3-L06_017.tsv.bz2	778367813
data/ChineseTrio/HG006_NA24694-huCA017E_father/CompleteGenomics_normal_cellsDNA/dad_NA24694_GS000037476-ASM/MAP/GS80173-FS3-L07/mapping_GS80173-FS3-L07_001.tsv.bz2	494952387
data/ChineseTrio/HG006_NA24694-huCA017E_father/CompleteGenomics_normal_cellsDNA/dad_NA24694_GS000037476-ASM/MAP/GS80173-FS3-L07/mapping_GS80173-FS3-L07_002.tsv.bz2	539882975
data/ChineseTrio/HG006_NA24694-huCA017E_father/CompleteGenomics_normal_cellsDNA/dad_NA24694_GS000037476-ASM/MAP/GS80173-FS3-L07/mapping_GS80173-FS3-L07_003.tsv.bz2	539976781
data/ChineseTrio/HG006_NA24694-huCA017E_father/CompleteGenomics_normal_cellsDNA/dad_NA24694_GS000037476-ASM/MAP/GS80173-FS3-L07/mapping_GS80173-FS3-L07_004.tsv.bz2	540192450
data/ChineseTrio/HG006_NA24694-huCA017E_father/CompleteGenomics_normal_cellsDNA/dad_NA24694_GS000037476-ASM/MAP/GS80173-FS3-L07/mapping_GS80173-FS3-L07_005.tsv.bz2	538224122
data/ChineseTrio/HG006_NA24694-huCA017E_father/CompleteGenomics_normal_cellsDNA/dad_NA24694_GS000037476-ASM/MAP/GS80173-FS3-L07/mapping_GS80173-FS3-L07_006.tsv.bz2	538626472
data/ChineseTrio/HG006_NA24694-huCA017E_father/CompleteGenomics_normal_cellsDNA/dad_NA24694_GS000037476-ASM/MAP/GS80173-FS3-L07/mapping_GS80173-FS3-L07_007.tsv.bz2	536533540
data/ChineseTrio/HG006_NA24694-huCA017E_father/CompleteGenomics_normal_cellsDNA/dad_NA24694_GS000037476-ASM/MAP/GS80173-FS3-L07/mapping_GS80173-FS3-L07_008.tsv.bz2	536201283
data/ChineseTrio/HG006_NA24694-huCA017E_father/CompleteGenomics_normal_cellsDNA/dad_NA24694_GS000037476-ASM/MAP/GS80173-FS3-L07/mapping_GS80173-FS3-L07_009.tsv.bz2	537166169
data/ChineseTrio/HG006_NA24694-huCA017E_father/CompleteGenomics_normal_cellsDNA/dad_NA24694_GS000037476-ASM/MAP/GS80173-FS3-L07/mapping_GS80173-FS3-L07_010.tsv.bz2	540549042
data/ChineseTrio/HG006_NA24694-huCA017E_father/CompleteGenomics_normal_cellsDNA/dad_NA24694_GS000037476-ASM/MAP/GS80173-FS3-L07/mapping_GS80173-FS3-L07_011.tsv.bz2	536828203
data/ChineseTrio/HG006_NA24694-huCA017E_father/CompleteGenomics_normal_cellsDNA/dad_NA24694_GS000037476-ASM/MAP/GS80173-FS3-L07/mapping_GS80173-FS3-L07_012.tsv.bz2	533116770
data/ChineseTrio/HG006_NA24694-huCA017E_father/CompleteGenomics_normal_cellsDNA/dad_NA24694_GS000037476-ASM/MAP/GS80173-FS3-L07/mapping_GS80173-FS3-L07_013.tsv.bz2	531113990
data/ChineseTrio/HG006_NA24694-huCA017E_father/CompleteGenomics_normal_cellsDNA/dad_NA24694_GS000037476-ASM/MAP/GS80173-FS3-L07/mapping_GS80173-FS3-L07_014.tsv.bz2	534912930
data/ChineseTrio/HG006_NA24694-huCA017E_father/CompleteGenomics_normal_cellsDNA/dad_NA24694_GS000037476-ASM/MAP/GS80173-FS3-L07/mapping_GS80173-FS3-L07_015.tsv.bz2	539446753
data/ChineseTrio/HG006_NA24694-huCA017E_father/CompleteGenomics_normal_cellsDNA/dad_NA24694_GS000037476-ASM/MAP/GS80173-FS3-L07/mapping_GS80173-FS3-L07_016.tsv.bz2	529105888
data/ChineseTrio/HG006_NA24694-huCA017E_father/CompleteGenomics_normal_cellsDNA/dad_NA24694_GS000037476-ASM/MAP/GS80173-FS3-L07/mapping_GS80173-FS3-L07_017.tsv.bz2	314151380
data/ChineseTrio/HG006_NA24694-huCA017E_father/CompleteGenomics_normal_cellsDNA/dad_NA24694_GS000037476-ASM/MAP/GS80173-FS3-L07/reads_GS80173-FS3-L07_001.tsv.bz2	1214466538
data/ChineseTrio/HG006_NA24694-huCA017E_father/CompleteGenomics_normal_cellsDNA/dad_NA24694_GS000037476-ASM/MAP/GS80173-FS3-L07/reads_GS80173-FS3-L07_002.tsv.bz2	1307341530
data/ChineseTrio/HG006_NA24694-huCA017E_father/CompleteGenomics_normal_cellsDNA/dad_NA24694_GS000037476-ASM/MAP/GS80173-FS3-L07/reads_GS80173-FS3-L07_003.tsv.bz2	1308535423
data/ChineseTrio/HG006_NA24694-huCA017E_father/CompleteGenomics_normal_cellsDNA/dad_NA24694_GS000037476-ASM/MAP/GS80173-FS3-L07/reads_GS80173-FS3-L07_004.tsv.bz2	1309809593
data/ChineseTrio/HG006_NA24694-huCA017E_father/CompleteGenomics_normal_cellsDNA/dad_NA24694_GS000037476-ASM/MAP/GS80173-FS3-L07/reads_GS80173-FS3-L07_005.tsv.bz2	1313457247
data/ChineseTrio/HG006_NA24694-huCA017E_father/CompleteGenomics_normal_cellsDNA/dad_NA24694_GS000037476-ASM/MAP/GS80173-FS3-L07/reads_GS80173-FS3-L07_006.tsv.bz2	1308814042
data/ChineseTrio/HG006_NA24694-huCA017E_father/CompleteGenomics_normal_cellsDNA/dad_NA24694_GS000037476-ASM/MAP/GS80173-FS3-L07/reads_GS80173-FS3-L07_007.tsv.bz2	1318497411
data/ChineseTrio/HG006_NA24694-huCA017E_father/CompleteGenomics_normal_cellsDNA/dad_NA24694_GS000037476-ASM/MAP/GS80173-FS3-L07/reads_GS80173-FS3-L07_008.tsv.bz2	1319055396
data/ChineseTrio/HG006_NA24694-huCA017E_father/CompleteGenomics_normal_cellsDNA/dad_NA24694_GS000037476-ASM/MAP/GS80173-FS3-L07/reads_GS80173-FS3-L07_009.tsv.bz2	1316572823
data/ChineseTrio/HG006_NA24694-huCA017E_father/CompleteGenomics_normal_cellsDNA/dad_NA24694_GS000037476-ASM/MAP/GS80173-FS3-L07/reads_GS80173-FS3-L07_010.tsv.bz2	1307888963
data/ChineseTrio/HG006_NA24694-huCA017E_father/CompleteGenomics_normal_cellsDNA/dad_NA24694_GS000037476-ASM/MAP/GS80173-FS3-L07/reads_GS80173-FS3-L07_011.tsv.bz2	1317510316
data/ChineseTrio/HG006_NA24694-huCA017E_father/CompleteGenomics_normal_cellsDNA/dad_NA24694_GS000037476-ASM/MAP/GS80173-FS3-L07/reads_GS80173-FS3-L07_012.tsv.bz2	1331355746
data/ChineseTrio/HG006_NA24694-huCA017E_father/CompleteGenomics_normal_cellsDNA/dad_NA24694_GS000037476-ASM/MAP/GS80173-FS3-L07/reads_GS80173-FS3-L07_013.tsv.bz2	1334002780
data/ChineseTrio/HG006_NA24694-huCA017E_father/CompleteGenomics_normal_cellsDNA/dad_NA24694_GS000037476-ASM/MAP/GS80173-FS3-L07/reads_GS80173-FS3-L07_014.tsv.bz2	1319264651
data/ChineseTrio/HG006_NA24694-huCA017E_father/CompleteGenomics_normal_cellsDNA/dad_NA24694_GS000037476-ASM/MAP/GS80173-FS3-L07/reads_GS80173-FS3-L07_015.tsv.bz2	1307068879
data/ChineseTrio/HG006_NA24694-huCA017E_father/CompleteGenomics_normal_cellsDNA/dad_NA24694_GS000037476-ASM/MAP/GS80173-FS3-L07/reads_GS80173-FS3-L07_016.tsv.bz2	1318627048
data/ChineseTrio/HG006_NA24694-huCA017E_father/CompleteGenomics_normal_cellsDNA/dad_NA24694_GS000037476-ASM/MAP/GS80173-FS3-L07/reads_GS80173-FS3-L07_017.tsv.bz2	757026779
data/ChineseTrio/HG006_NA24694-huCA017E_father/CompleteGenomics_normal_cellsDNA/dad_NA24694_GS000037476-ASM/MAP/GS80173-FS3-L08/mapping_GS80173-FS3-L08_001.tsv.bz2	504909962
data/ChineseTrio/HG006_NA24694-huCA017E_father/CompleteGenomics_normal_cellsDNA/dad_NA24694_GS000037476-ASM/MAP/GS80173-FS3-L08/mapping_GS80173-FS3-L08_002.tsv.bz2	534609088
data/ChineseTrio/HG006_NA24694-huCA017E_father/CompleteGenomics_normal_cellsDNA/dad_NA24694_GS000037476-ASM/MAP/GS80173-FS3-L08/mapping_GS80173-FS3-L08_003.tsv.bz2	538251443
data/ChineseTrio/HG006_NA24694-huCA017E_father/CompleteGenomics_normal_cellsDNA/dad_NA24694_GS000037476-ASM/MAP/GS80173-FS3-L08/mapping_GS80173-FS3-L08_004.tsv.bz2	535653937
data/ChineseTrio/HG006_NA24694-huCA017E_father/CompleteGenomics_normal_cellsDNA/dad_NA24694_GS000037476-ASM/MAP/GS80173-FS3-L08/mapping_GS80173-FS3-L08_005.tsv.bz2	542133231
data/ChineseTrio/HG006_NA24694-huCA017E_father/CompleteGenomics_normal_cellsDNA/dad_NA24694_GS000037476-ASM/MAP/GS80173-FS3-L08/mapping_GS80173-FS3-L08_006.tsv.bz2	538276028
data/ChineseTrio/HG006_NA24694-huCA017E_father/CompleteGenomics_normal_cellsDNA/dad_NA24694_GS000037476-ASM/MAP/GS80173-FS3-L08/mapping_GS80173-FS3-L08_007.tsv.bz2	537353965
data/ChineseTrio/HG006_NA24694-huCA017E_father/CompleteGenomics_normal_cellsDNA/dad_NA24694_GS000037476-ASM/MAP/GS80173-FS3-L08/mapping_GS80173-FS3-L08_008.tsv.bz2	535311605
data/ChineseTrio/HG006_NA24694-huCA017E_father/CompleteGenomics_normal_cellsDNA/dad_NA24694_GS000037476-ASM/MAP/GS80173-FS3-L08/mapping_GS80173-FS3-L08_009.tsv.bz2	534734391
data/ChineseTrio/HG006_NA24694-huCA017E_father/CompleteGenomics_normal_cellsDNA/dad_NA24694_GS000037476-ASM/MAP/GS80173-FS3-L08/mapping_GS80173-FS3-L08_010.tsv.bz2	537866642
data/ChineseTrio/HG006_NA24694-huCA017E_father/CompleteGenomics_normal_cellsDNA/dad_NA24694_GS000037476-ASM/MAP/GS80173-FS3-L08/mapping_GS80173-FS3-L08_011.tsv.bz2	535278576
data/ChineseTrio/HG006_NA24694-huCA017E_father/CompleteGenomics_normal_cellsDNA/dad_NA24694_GS000037476-ASM/MAP/GS80173-FS3-L08/mapping_GS80173-FS3-L08_012.tsv.bz2	532077289
data/ChineseTrio/HG006_NA24694-huCA017E_father/CompleteGenomics_normal_cellsDNA/dad_NA24694_GS000037476-ASM/MAP/GS80173-FS3-L08/mapping_GS80173-FS3-L08_013.tsv.bz2	530821487
data/ChineseTrio/HG006_NA24694-huCA017E_father/CompleteGenomics_normal_cellsDNA/dad_NA24694_GS000037476-ASM/MAP/GS80173-FS3-L08/mapping_GS80173-FS3-L08_014.tsv.bz2	534399804
data/ChineseTrio/HG006_NA24694-huCA017E_father/CompleteGenomics_normal_cellsDNA/dad_NA24694_GS000037476-ASM/MAP/GS80173-FS3-L08/mapping_GS80173-FS3-L08_015.tsv.bz2	524569627
data/ChineseTrio/HG006_NA24694-huCA017E_father/CompleteGenomics_normal_cellsDNA/dad_NA24694_GS000037476-ASM/MAP/GS80173-FS3-L08/mapping_GS80173-FS3-L08_016.tsv.bz2	529623138
data/ChineseTrio/HG006_NA24694-huCA017E_father/CompleteGenomics_normal_cellsDNA/dad_NA24694_GS000037476-ASM/MAP/GS80173-FS3-L08/mapping_GS80173-FS3-L08_017.tsv.bz2	284256335
data/ChineseTrio/HG006_NA24694-huCA017E_father/CompleteGenomics_normal_cellsDNA/dad_NA24694_GS000037476-ASM/MAP/GS80173-FS3-L08/reads_GS80173-FS3-L08_001.tsv.bz2	1216044794
data/ChineseTrio/HG006_NA24694-huCA017E_father/CompleteGenomics_normal_cellsDNA/dad_NA24694_GS000037476-ASM/MAP/GS80173-FS3-L08/reads_GS80173-FS3-L08_002.tsv.bz2	1318511797
data/ChineseTrio/HG006_NA24694-huCA017E_father/CompleteGenomics_normal_cellsDNA/dad_NA24694_GS000037476-ASM/MAP/GS80173-FS3-L08/reads_GS80173-FS3-L08_003.tsv.bz2	1314748910
data/ChineseTrio/HG006_NA24694-huCA017E_father/CompleteGenomics_normal_cellsDNA/dad_NA24694_GS000037476-ASM/MAP/GS80173-FS3-L08/reads_GS80173-FS3-L08_004.tsv.bz2	1328147781
data/ChineseTrio/HG006_NA24694-huCA017E_father/CompleteGenomics_normal_cellsDNA/dad_NA24694_GS000037476-ASM/MAP/GS80173-FS3-L08/reads_GS80173-FS3-L08_005.tsv.bz2	1303218690
data/ChineseTrio/HG006_NA24694-huCA017E_father/CompleteGenomics_normal_cellsDNA/dad_NA24694_GS000037476-ASM/MAP/GS80173-FS3-L08/reads_GS80173-FS3-L08_006.tsv.bz2	1313485818
data/ChineseTrio/HG006_NA24694-huCA017E_father/CompleteGenomics_normal_cellsDNA/dad_NA24694_GS000037476-ASM/MAP/GS80173-FS3-L08/reads_GS80173-FS3-L08_007.tsv.bz2	1316096491
data/ChineseTrio/HG006_NA24694-huCA017E_father/CompleteGenomics_normal_cellsDNA/dad_NA24694_GS000037476-ASM/MAP/GS80173-FS3-L08/reads_GS80173-FS3-L08_008.tsv.bz2	1328311711
data/ChineseTrio/HG006_NA24694-huCA017E_father/CompleteGenomics_normal_cellsDNA/dad_NA24694_GS000037476-ASM/MAP/GS80173-FS3-L08/reads_GS80173-FS3-L08_009.tsv.bz2	1332740586
data/ChineseTrio/HG006_NA24694-huCA017E_father/CompleteGenomics_normal_cellsDNA/dad_NA24694_GS000037476-ASM/MAP/GS80173-FS3-L08/reads_GS80173-FS3-L08_010.tsv.bz2	1322220281
data/ChineseTrio/HG006_NA24694-huCA017E_father/CompleteGenomics_normal_cellsDNA/dad_NA24694_GS000037476-ASM/MAP/GS80173-FS3-L08/reads_GS80173-FS3-L08_011.tsv.bz2	1323420348
data/ChineseTrio/HG006_NA24694-huCA017E_father/CompleteGenomics_normal_cellsDNA/dad_NA24694_GS000037476-ASM/MAP/GS80173-FS3-L08/reads_GS80173-FS3-L08_012.tsv.bz2	1338449805
data/ChineseTrio/HG006_NA24694-huCA017E_father/CompleteGenomics_normal_cellsDNA/dad_NA24694_GS000037476-ASM/MAP/GS80173-FS3-L08/reads_GS80173-FS3-L08_013.tsv.bz2	1339226751
data/ChineseTrio/HG006_NA24694-huCA017E_father/CompleteGenomics_normal_cellsDNA/dad_NA24694_GS000037476-ASM/MAP/GS80173-FS3-L08/reads_GS80173-FS3-L08_014.tsv.bz2	1328221599
data/ChineseTrio/HG006_NA24694-huCA017E_father/CompleteGenomics_normal_cellsDNA/dad_NA24694_GS000037476-ASM/MAP/GS80173-FS3-L08/reads_GS80173-FS3-L08_015.tsv.bz2	1259745030
data/ChineseTrio/HG006_NA24694-huCA017E_father/CompleteGenomics_normal_cellsDNA/dad_NA24694_GS000037476-ASM/MAP/GS80173-FS3-L08/reads_GS80173-FS3-L08_016.tsv.bz2	1309467402
data/ChineseTrio/HG006_NA24694-huCA017E_father/CompleteGenomics_normal_cellsDNA/dad_NA24694_GS000037476-ASM/MAP/GS80173-FS3-L08/reads_GS80173-FS3-L08_017.tsv.bz2	701600360
