sample	category	dataset	giab_path	platform	coverage	files	size_gib	reads_present	reads_format	index_present	index_types	index_unindexed_n	index_by	index_local_path	index_script	aligned	align_tool	align_ref	align_by	align_local_path	align_script	phased	phase_tool	phase_by	phase_local_path	phase_script	variant_called	variant_tool	variant_by	variant_local_path	variant_script	meth_called	meth_tool	meth_by	meth_local_path	meth_script	somatic_called	somatic_tool	somatic_by	somatic_local_path	somatic_script	assembled	assembly_tool	assembly_by	assembly_local_path	assembly_script	giab_processed	tool_source	next_step	notes
HG001	bgi_mgi	HG001 BGISEQ500 WGS	data/NA12878/BGISEQ500	BGISEQ500 (PCR-free, standard_library에 PE50/PE100 표기)		19	654.0	TRUE	fq.gz/fastq.gz 12개 (PCR-free CL100076243 4개 + PE50 CL100004823 4개 + PE100 ERR1799697/98 4개)	FALSE		2				TRUE	N/A	hg19 (standard_library BAM 2개만; PCR-free 리드는 미정렬)	GIAB			FALSE	N/A				FALSE	N/A				-	-	-			-	-	-			-	-	-			리드 + hg19 정렬 BAM 2개 (정렬 툴 미기재)	giab_doc:data/NA12878/BGISEQ500/standard_library/readme.txt	PCR-free fq.gz 4개로 정렬→변이 호출을 직접 실행. 기존 PE50/PE100 BAM은 hg19이고 정렬 툴을 알 수 없어 벤치마크 비교용으론 재정렬 권장.	standard_library/readme.txt는 GigaScience PE50/PE100 데이터셋만 설명. 같은 프리픽스의 BGISEQ500_PCRfree_NA12878_CL100076243_* 4개를 설명하는 문서는 번들에 없음. BAM은 BGI(Huang et al.)가 만들어 GIAB FTP에 재배포한 것. | index: BGISEQ_PE100/PE50 sorted.bam 2개에 .bai 없음(md5_bam.txt만 동봉) → samtools index 필요 | 장비/화학 상세: BGISEQ-500 (standard_library = PE50 2런 + PE100 2런, Huang et al. 2016 GigaScience 100252)
HG001	bgi_mgi	HG001 MGISEQ2000 PCR-free WGS	data/NA12878/MGISEQ	MGISEQ2000 (DNBSEQ, PCR-free)		8	360.4	TRUE	fq.gz 8개 (라이브러리 2개: V100003043 L01/L02, V100002698 L01/L02)	-		0	-			FALSE	N/A					FALSE	N/A				FALSE	N/A				-	-	-			-	-	-			-	-	-			리드만 (원시 fq.gz)	N/A	fq.gz 8개(라이브러리 2개 x 레인 2개)를 직접 정렬→변이 호출. 처리 전 단계라 전 구간이 사용자 몫.	GIAB가 어떤 처리도 하지 않은 원시 리드. 문서 번들 514개에 MGISEQ 관련 문서 전무.
HG002	bgi_mgi	HG002 BGISEQ500 WGS	data/AshkenazimTrio/HG002_NA24385_son/BGISEQ500	BGISEQ500 (PCR-free)		5	208.0	TRUE	fq.gz 4개 (CL100076190 L01/L02 read_1/2) + md5_b3.in	-		0	-			FALSE	N/A					FALSE	N/A				FALSE	N/A				-	-	-			-	-	-			-	-	-			리드만 (원시 fq.gz)	N/A	fq.gz 4개로 정렬→변이 호출을 직접 실행. GIAB BAM/VCF 없음.	HG001 쪽 standard_library/readme.txt는 NA12878 GigaScience 데이터 전용이라 이 PCR-free 세트엔 적용 못 함.
HG002	bgi_mgi	HG002 MGISEQ2000 PCR-free WGS	data/AshkenazimTrio/HG002_NA24385_son/MGISEQ/PCR-free	MGISEQ2000 (DNBSEQ, PCR-free)		5	186.4	TRUE	fq.gz 4개 (V100002807 L03/L04) + md5.in	-		0	-			FALSE	N/A					FALSE	N/A				FALSE	N/A				-	-	-			-	-	-			-	-	-			리드만 (원시 fq.gz)	N/A	fq.gz 4개로 정렬→변이 호출 직접 실행. HG003/HG004와 같은 플로우셀(V100002807)이라 배치 효과 비교용으로 묶어 쓸 수 있음.	MGISEQ/stLFR/ 에는 readme가 없음. stLFR readme는 별개 최상위 디렉토리 data/AshkenazimTrio/HG002_NA24385_son/stLFR/readme.txt (820바이트, linked_reads.tsv). 배제 판단 자체는 맞음 — 경로만 틀림.
HG002	bgi_mgi	HG002 NIST BGISEQ 2x150 100x	data/AshkenazimTrio/HG002_NA24385_son/NIST_BGIseq_2x150bp_100x	BGISEQ 2x150bp (MGI V350038332 플로우셀, M024 장비)	"100x (문서 제목 ""High-coverage (100X) 2X150 bp"")"	38	1104.4	TRUE	fq.gz 30개 (reads/ 하위, L01~L03 x 바코드 606~610 x R1/R2)	TRUE	.bai	0	GIAB			TRUE	bwa → GATK	GRCh37, GRCh38 (각각 BAM 1개)	GIAB			FALSE	N/A				FALSE	N/A				-	-	-			-	-	-			-	-	-			리드 + GRCh37·GRCh38 정렬 BAM (bwa, GATK BQSR·중복표시)	giab_doc:data/AshkenazimTrio/HG002_NA24385_son/NIST_BGIseq_2x150bp_100x/README_NIST_BGISeq_100x_HG002_data.md	GRCh38 BAM으로 바로 변이 호출해 v4.2.1 벤치마크와 비교. 파이프라인을 바꿔 볼 땐 reads/ fq.gz 30개로 재정렬.	변이 호출은 같은 프리픽스가 아니라 data/AshkenazimTrio/analysis/NIST_BGIseq_2x150bp_100x_07192023 에 있고, 그 README가 GATK HaplotypeCaller v4.1.4.1 (-ERC GVCF)로 명시. 디렉토리에 BGI 랩 리포트 PDF 2개가 있어 추가 버전 정보가 있을 수 있으나 문서 번들엔 미포함. | index: GRCh37/GRCh38 BAM 각각 .bam.bai 동봉 (미인덱스 0) | 장비/화학 상세: BGISEQ/DNBSEQ 2x150bp PE, 2021-11 수집, NIST가 BGI에 위탁 (M024, V350038332)
HG003	bgi_mgi	HG003 BGISEQ500 WGS	data/AshkenazimTrio/HG003_NA24149_father/BGISEQ500	BGISEQ500 (PCR-free)		4	216.7	TRUE	fq.gz 4개 (CL100076246 L01/L02 read_1/2)	-		0	-			FALSE	N/A					FALSE	N/A				FALSE	N/A				-	-	-			-	-	-			-	-	-			리드만 (원시 fq.gz)	N/A	fq.gz 4개로 정렬→변이 호출 직접 실행. 트리오(HG002/003/004) 동시 처리해 멘델 오류 점검에 쓰기 좋음.	파일명에 툴 표기 없음
HG003	bgi_mgi	HG003 MGISEQ2000 PCR-free WGS	data/AshkenazimTrio/HG003_NA24149_father/MGISEQ/PCR-free	MGISEQ2000 (DNBSEQ, PCR-free)		4	178.1	TRUE	fq.gz 4개 (V100002807 L01/L02)	-		0	-			FALSE	N/A					FALSE	N/A				FALSE	N/A				-	-	-			-	-	-			-	-	-			리드만 (원시 fq.gz)	N/A	fq.gz 4개로 정렬→변이 호출 직접 실행. HG002와 같은 플로우셀 V100002807.	HG002와 같은 V100002807 런의 다른 레인. 파일명에 툴 표기 없음
HG004	bgi_mgi	HG004 BGISEQ500 WGS	data/AshkenazimTrio/HG004_NA24143_mother/BGISEQ500	BGISEQ500 (PCR-free)		4	209.7	TRUE	fq.gz 4개 (CL100076266 L01/L02 read_1/2)	-		0	-			FALSE	N/A					FALSE	N/A				FALSE	N/A				-	-	-			-	-	-			-	-	-			리드만 (원시 fq.gz)	N/A	fq.gz 4개로 정렬→변이 호출 직접 실행.	파일명에 툴 표기 없음
HG004	bgi_mgi	HG004 MGISEQ2000 PCR-free WGS	data/AshkenazimTrio/HG004_NA24143_mother/MGISEQ/PCR-free	MGISEQ2000 (DNBSEQ, PCR-free)		8	354.0	TRUE	fq.gz 8개 (NA24143_1: V100003043 L03/L04, NA24143_2: V100002698 L03/L04)	-		0	-			FALSE	N/A					FALSE	N/A				FALSE	N/A				-	-	-			-	-	-			-	-	-			리드만 (원시 fq.gz)	N/A	라이브러리 2개를 따로 정렬한 뒤 합칠지 결정하고 변이 호출. 사용자 몫.	HG001 MGISEQ와 같은 두 플로우셀(V100003043, V100002698)을 공유.
HG005	bgi_mgi	HG005 BGISEQ500 WGS	data/ChineseTrio/HG005_NA24631_son/BGISEQ500	BGISEQ500 (PCR-free)		5	211.8	TRUE	fq.gz 4개 (CL100076244 L01/L02 read_1/2) + md5_b3.in	-		0	-			FALSE	N/A					FALSE	N/A				FALSE	N/A				-	-	-			-	-	-			-	-	-			리드만 (원시 fq.gz)	N/A	fq.gz 4개로 정렬→변이 호출 직접 실행.	파일명에 툴 표기 없음
HG005	bgi_mgi	HG005 MGISEQ2000 PCR-free WGS	data/ChineseTrio/HG005_NA24631_son/MGISEQ/PCR-free	MGISEQ2000 (DNBSEQ, PCR-free)		4	185.8	TRUE	fq.gz 4개 (V100002812 L01/L02)	-		0	-			FALSE	N/A					FALSE	N/A				FALSE	N/A				-	-	-			-	-	-			-	-	-			리드만 (원시 fq.gz)	N/A	fq.gz 4개로 정렬→변이 호출 직접 실행.	파일명에 툴 표기 없음
HG005	bgi_mgi	HG005 NIST BGISEQ 2x150 100x	data/ChineseTrio/HG005_NA24631_son/NIST_BGIseq_2x150bp_100x	BGISEQ 2x150bp (MGI V350038332/V350038580 플로우셀, M024·M025 장비)	"100x (문서 제목 ""High-coverage (100X) 2X150 bp"")"	38	1031.2	TRUE	fq.gz 30개 (reads/ 하위, 바코드 611~615 x R1/R2)	TRUE	.bai	0	GIAB			TRUE	bwa → GATK	GRCh37, GRCh38 (각각 BAM 1개)	GIAB			FALSE	N/A				FALSE	N/A				-	-	-			-	-	-			-	-	-			리드 + GRCh37·GRCh38 정렬 BAM (bwa, GATK BQSR·중복표시)	giab_doc:data/ChineseTrio/HG005_NA24631_son/NIST_BGIseq_2x150bp_100x/README_NIST_BGISeq_100x_HG005_data.md	GRCh38 BAM으로 변이 호출해 HG005 벤치마크와 비교. 파이프라인 교체 실험은 reads/ fq.gz 30개로 재정렬.	변이 호출 산출물은 data/ChineseTrio/analysis/NIST_BGIseq_2x150bp_100x_07192023 에 별도로 있고, 그 README가 GATK HaplotypeCaller v4.1.4.1 (-ERC GVCF) 명시. BGI 랩 리포트 PDF 2개는 문서 번들에 미포함. | index: GRCh37/GRCh38 BAM 각각 .bam.bai 동봉 (미인덱스 0) | 장비/화학 상세: BGISEQ/DNBSEQ 2x150bp PE, 2021-11 수집, NIST가 BGI에 위탁 (M024 L04 + M025 L01/L02)
HG006	bgi_mgi	HG006 BGISEQ500 WGS	data/ChineseTrio/HG006_NA24694-huCA017E_father/BGISEQ500	BGISEQ500 (PCR-free)		4	192.5	TRUE	fq.gz 4개 (CL100076304 L01/L02 read_1/2)	-		0	-			FALSE	N/A					FALSE	N/A				FALSE	N/A				-	-	-			-	-	-			-	-	-			리드만 (원시 fq.gz)	N/A	fq.gz 4개로 정렬→변이 호출 직접 실행. HG005 트리오 부모 쪽 상속 검증용.	MGISEQ 데이터 없이 BGISEQ500만 존재. 파일명에 툴 표기 없음
HG007	bgi_mgi	HG007 BGISEQ500 WGS	data/ChineseTrio/HG007_NA24695-hu38168_mother/BGISEQ500	BGISEQ500 (PCR-free)		4	209.0	TRUE	fq.gz 4개 (CL100076245 L01/L02 read_1/2)	-		0	-			FALSE	N/A					FALSE	N/A				FALSE	N/A				-	-	-			-	-	-			-	-	-			리드만 (원시 fq.gz)	N/A	fq.gz 4개로 정렬→변이 호출 직접 실행.	MGISEQ 데이터 없이 BGISEQ500만 존재. 파일명에 툴 표기 없음
HG001	complete_genomics	CG RMDNA GS000025639 (native ASM + BAM)	data/NA12878/CompleteGenomics_normal_RMDNA	Complete Genomics		597	1620.1	TRUE	CG 네이티브 reads_*.tsv.bz2 256개 + mapping_*.tsv.bz2 256개 (FASTQ 아님)	PARTIAL	.bai	26	GIAB			TRUE	CG Standard Pipeline 2.5 → cgatools map2sam v1.8.0 / evidence2sam v1.8.0		GIAB			FALSE	N/A				TRUE	CG Standard Pipeline 2.5 → cgatools junctions2events (SV events)	GIAB			-	-	-			-	-	-			-	-	-			TRUE	giab_doc:data/NA12878/CompleteGenomics_normal_RMDNA/README.txt	README가 재정렬·재콜을 금지 — 표준 파이프라인 대상이 아니다. mapping BAM 26개에 samtools index만 걸어 좌표 조회용으로 쓴다.	NIST 참조물질(RM) DNA. VCF/masterVar는 이 prefix 안이 아니라 data/NA12878/analysis/variant_calls/COMPLETE_RMDNA/. v1.8.0은 user guide URL 경로에서 온 값이고 생성 주체는 CGI 벤더('our ... tool'), GIAB가 배포. README는 LDN(local de novo assembly)을 CG 파이프라인 내부 단계로만 언급하므로 어셈블리 산출물은 없다. | index: evidenceDnbs-chrN-...ASM_sorted.bam 24개만 .bai 있고 mapping_sorted 계열 26개는 인덱스 없음. 문서에 인덱싱 툴 언급 없음 — 조회하려면 samtools index 필요.
HG001	complete_genomics	CG normal 디렉토리 README	data/NA12878/CompleteGenomics_normal/README.txt	Complete Genomics		1	0.0	FALSE		-		0	-			-	-		-			-	-	-			-	-	-			-	-	-			-	-	-			-	-	-			-	giab_doc:data/NA12878/CompleteGenomics_normal/README.txt	처리 대상 아님 — CompleteGenomics_normal 하위 BAM·ASM tar를 해석할 때 근거 문서로 참조.	BAM/ 하위(evidenceDnbs*, *_mapping_sorted_header)만 설명하고 CGI_PublicGenomeData/ tar는 언급하지 않는 상위 README. 본문이 설명한다고 적은 LIB/MAP 디렉토리는 이 경로에 존재하지 않는다.
HG001	complete_genomics	CG public genome ASM tarball (EVIDENCE/REF)	data/NA12878/CompleteGenomics_normal/CGI_PublicGenomeData	Complete Genomics		10	31.9	FALSE	ASM EVIDENCE/REF tar 10개(CG 네이티브 텍스트 묶음)	-		0	-			-	-		-			-	-	-			FALSE	N/A				-	-	-			-	-	-			-	-	-			TRUE	N/A (모든 *_tool이 N/A이므로 tool_source도 N/A. evidence의 실제 인용 문서는 data/NA12878/analysis/CompleteGenomics_PublicGenomes_10152011/README.txt)	tar를 풀어 EVIDENCE/REF 텍스트를 조회용으로만 쓴다. CG 네이티브 포맷이라 표준 파이프라인 입력으로는 못 쓴다.	tar 이름 NA12878-200-37-ASM-EVIDENCE-files-pt1~5 / -REF-files-pt1~5 로 ASM의 EVIDENCE·REF 두 하위만 담겨 있다. 소변이 VCF(vcfBeta/masterVar)는 이 prefix가 아니라 data/NA12878/analysis/variant_calls/COMPLETE/ 쪽. 툴 이름은 이 산출물 자체에 대해 문서화된 것이 없다.
HG001	complete_genomics	CG teramap BAM (CEU high-coverage)	data/NA12878/CompleteGenomics_normal/BAM	Complete Genomics	파일명 'high_coverage' 토큰만 있고 문서에 수치 없음	48	435.2	FALSE		TRUE	.bai	0	GIAB			TRUE	cgatools evidence2sam v1.8.0		GIAB			FALSE	N/A				TRUE	CG Standard Pipeline 2.5 → cgatools junctions2events (SV events)	GIAB			-	-	-			-	-	-			-	-	-			TRUE	giab_doc:data/NA12878/CompleteGenomics_normal/README.txt	README가 '갭 리드 구조 때문에 이 BAM으로 재정렬·재콜하는 것은 부적절'이라고 명시 — 재처리 대상이 아니고 CG 변이 근거 확인용으로만 열어본다.	주의: 이 디렉토리 실제 파일명은 NA12878.chromN.CGI.teramap.CEU.high_coverage.20120417.bam 으로 README가 설명하는 evidenceDnbs*/_mapping_sorted_header 명명과 다르다. BAM/ = EVIDENCE의 BAM 판본이라는 근거는 data/NA12878/analysis/CompleteGenomics_PublicGenomes_10152011/README.txt의 'BAM versions of the data in the EVIDENCE directory is provided in the BAM/ directory of the supporting data linked above'(linked above = 이 디렉토리)에서 나온다. 'teramap' 토큰은 514개 문서 전체에 0건. v1.8.0은 툴 버전 표기가 아니라 user guide URL 경로에서 온 값. 생성 주체는 CGI 벤더('our ... tool')이고 GIAB가 배포. | index: BAM 24개 전부 .bai 동반(48파일). 문서에 인덱싱 툴 언급 없음.
HG002	complete_genomics	CG RMDNA GS000037263 (native ASM + BAM)	data/AshkenazimTrio/HG002_NA24385_son/CompleteGenomics_normal_RMDNA	Complete Genomics		607	1805.2	TRUE	CG 네이티브 reads_*.tsv.bz2 286개 + mapping_*.tsv.bz2 286개 (FASTQ 아님)	PARTIAL	.bai	26	GIAB			TRUE	CG Standard Pipeline 2.5 → cgatools map2sam v1.8.0 / evidence2sam v1.8.0		GIAB			FALSE	N/A				TRUE	cgatools (CG Standard Pipeline 2.5)	GIAB			-	-	-			-	-	-			-	-	-			TRUE	giab_doc:data/AshkenazimTrio/HG002_NA24385_son/CompleteGenomics_normal_RMDNA/README.txt	README가 재정렬·재콜을 금지 — 재처리 대상 아니다. mapping BAM에 samtools index만 걸어 조회용으로.	변이콜 툴은 GIAB가 붙인 분석 디렉토리명 'SmallVariants_CGAtools_08082014'와 README 본문 링크에서 cgatools로 확인. VCF는 이 prefix 밖. v1.8.0은 user guide URL 경로 값, 생성 주체는 CGI 벤더. | index: evidenceDnbs sorted BAM만 .bai 있고 chrN_mapping_sorted_header.bam 26개는 인덱스 없음. 문서에 인덱싱 툴 언급 없음.
HG003	complete_genomics	CG RMDNA GS000037264 (native ASM + BAM)	data/AshkenazimTrio/HG003_NA24149_father/CompleteGenomics_normal_RMDNA	Complete Genomics		603	1854.0	TRUE	CG 네이티브 reads_*.tsv.bz2 284개 + mapping_*.tsv.bz2 284개 (FASTQ 아님)	PARTIAL	.bai	26	GIAB			TRUE	CG Standard Pipeline 2.5 → cgatools map2sam v1.8.0 / evidence2sam v1.8.0		GIAB			FALSE	N/A				TRUE	cgatools (CG Standard Pipeline 2.5)	GIAB			-	-	-			-	-	-			-	-	-			TRUE	giab_doc:data/AshkenazimTrio/HG003_NA24149_father/CompleteGenomics_normal_RMDNA/README.txt	README가 재정렬·재콜을 금지 — 재처리 대상 아니다. 조회용으로 samtools index만.	VCF는 이 prefix 밖 분석 디렉토리. v1.8.0은 user guide URL 경로 값, 생성 주체는 CGI 벤더. | index: evidenceDnbs sorted BAM만 .bai 있고 mapping_sorted 26개는 인덱스 없음. 문서에 인덱싱 툴 언급 없음.
HG004	complete_genomics	CG RMDNA GS000037262 (native ASM + BAM)	data/AshkenazimTrio/HG004_NA24143_mother/CompleteGenomics_normal_RMDNA	Complete Genomics		589	1747.0	TRUE	CG 네이티브 reads_*.tsv.bz2 277개 + mapping_*.tsv.bz2 277개 (FASTQ 아님)	PARTIAL	.bai	26	GIAB			TRUE	CG Standard Pipeline 2.5 → cgatools map2sam v1.8.0 / evidence2sam v1.8.0		GIAB			FALSE	N/A				TRUE	cgatools (CG Standard Pipeline 2.5)	GIAB			-	-	-			-	-	-			-	-	-			TRUE	giab_doc:data/AshkenazimTrio/HG004_NA24143_mother/CompleteGenomics_normal_RMDNA/README.txt	README가 재정렬·재콜을 금지 — 재처리 대상 아니다. 조회용으로 samtools index만.	VCF는 이 prefix 밖 분석 디렉토리. v1.8.0은 user guide URL 경로 값, 생성 주체는 CGI 벤더. | index: evidenceDnbs sorted BAM만 .bai 있고 mapping_sorted 26개는 인덱스 없음. 문서에 인덱싱 툴 언급 없음.
HG005	complete_genomics	CG RMDNA GS000037265 (native ASM + BAM)	data/ChineseTrio/HG005_NA24631_son/CompleteGenomics_normal_RMDNA	Complete Genomics		597	1795.9	TRUE	CG 네이티브 reads_*.tsv.bz2 + mapping_*.tsv.bz2 (FASTQ 아님)	PARTIAL	.bai	26	GIAB			TRUE	CG Standard Pipeline 2.5 → cgatools map2sam v1.8.0 / evidence2sam v1.8.0		GIAB			FALSE	N/A				TRUE	CG Standard Pipeline 2.5 (cgatools 삭제). 변이콜 툴 근거를 엄격히 보면 N/A	GIAB			-	-	-			-	-	-			-	-	-			TRUE	giab_doc:data/ChineseTrio/HG005_NA24631_son/CompleteGenomics_normal_RMDNA/README.txt	README가 재정렬·재콜을 금지 — 재처리 대상 아니다. 조회용으로 samtools index만.	NIST RM DNA 유래(cellsDNA와 구분). VCF는 이 prefix 밖. HG005 매니페스트의 reads/mapping 569개는 RMDNA와 cellsDNA 두 데이터셋 합계. | index: evidenceDnbs sorted BAM만 .bai 있고 mapping_sorted 26개는 인덱스 없음. 문서에 인덱싱 툴 언급 없음.
HG005	complete_genomics	CG cellsDNA GS000037475 (native ASM + BAM)	data/ChineseTrio/HG005_NA24631_son/CompleteGenomics_normal_cellsDNA	Complete Genomics		611	1864.6	TRUE	CG 네이티브 reads_*.tsv.bz2 + mapping_*.tsv.bz2 (FASTQ 아님)	PARTIAL	.bai	26	GIAB			TRUE	CG Standard Pipeline 2.5 → cgatools map2sam v1.8.0 / evidence2sam v1.8.0		GIAB			FALSE	N/A				TRUE	cgatools (CG Standard Pipeline 2.5)	GIAB			-	-	-			-	-	-			-	-	-			TRUE	giab_doc:data/ChineseTrio/HG005_NA24631_son/CompleteGenomics_normal_cellsDNA/README.txt	README가 재정렬·재콜을 금지 — 재처리 대상 아니다. RMDNA 대비 세포주 유래 차이 확인용으로만.	분석 디렉토리명이 ExtractedFromCoriellCells — NIST RM이 아니라 Coriell 세포 유래 DNA. VCF는 이 prefix 밖. | index: evidenceDnbs sorted BAM만 .bai 있고 mapping_sorted 26개는 인덱스 없음. 문서에 인덱싱 툴 언급 없음.
HG006	complete_genomics	CG cellsDNA GS000037476 (native ASM + BAM)	data/ChineseTrio/HG006_NA24694-huCA017E_father/CompleteGenomics_normal_cellsDNA	Complete Genomics		611	1859.1	TRUE	CG 네이티브 reads_*.tsv.bz2 288개 + mapping_*.tsv.bz2 288개 (FASTQ 아님)	PARTIAL	.bai	26	GIAB			TRUE	CG Standard Pipeline 2.5 → cgatools map2sam v1.8.0 / evidence2sam v1.8.0		GIAB			FALSE	N/A				TRUE	cgatools (CG Standard Pipeline 2.5)	GIAB			-	-	-			-	-	-			-	-	-			TRUE	giab_doc:data/ChineseTrio/HG006_NA24694-huCA017E_father/CompleteGenomics_normal_cellsDNA/README.txt	README가 재정렬·재콜을 금지 — 재처리 대상 아니다. 조회용으로 samtools index만.	Coriell 세포 유래. VCF는 이 prefix 밖 분석 디렉토리. | index: evidenceDnbs sorted BAM만 .bai 있고 mapping_sorted 26개는 인덱스 없음. 문서에 인덱싱 툴 언급 없음.
HG007	complete_genomics	CG cellsDNA GS000037477 (native ASM + BAM)	data/ChineseTrio/HG007_NA24695-hu38168_mother/CompleteGenomics_normal_cellsDNA	Complete Genomics		613	1867.5	TRUE	CG 네이티브 reads_*.tsv.bz2 289개 + mapping_*.tsv.bz2 289개 (FASTQ 아님)	PARTIAL	.bai	26	GIAB			TRUE	CG Standard Pipeline 2.5 → cgatools map2sam v1.8.0 / evidence2sam v1.8.0		GIAB			FALSE	N/A				TRUE	cgatools (CG Standard Pipeline 2.5)	GIAB			-	-	-			-	-	-			-	-	-			TRUE	giab_doc:data/ChineseTrio/HG007_NA24695-hu38168_mother/CompleteGenomics_normal_cellsDNA/README.txt	README가 재정렬·재콜을 금지 — 재처리 대상 아니다. 조회용으로 samtools index만.	Coriell 세포 유래. VCF는 이 prefix 밖 분석 디렉토리. | index: evidenceDnbs sorted BAM만 .bai 있고 mapping_sorted 26개는 인덱스 없음. 문서에 인덱싱 툴 언급 없음.
HG001	exome	HG001 Garvan HiSeq Exome	data/NA12878/Garvan_NA12878_HG001_HiSeq_Exome	Illumina HiSeq (H7AP8ADXX 플로우셀), Nextera Rapid Capture Expanded Exome 캡처		28	39.2	TRUE	fastq.gz 원본 8개 + trimmed 8개 (어댑터 트림 후)	PARTIAL	.bai,.idx	1	GIAB			TRUE	trimgalore → bwa -backtrack → Picard MarkDuplicates	hg19	GIAB			FALSE	N/A				TRUE	GATK HaplotypeCaller	GIAB			-	-	-			-	-	-			-	-	-			리드(원본+트림) + hg19 BAM 4개 + GATK HC 원시 VCF 1개. 전 툴 버전 미기재	giab_doc:data/NA12878/Garvan_NA12878_HG001_HiSeq_Exome/Garvan_NA12878_HG001_HiSeq_Exome.README	hg19 + bwa backtrack 기반 옛 산출물이라, GRCh38 v4.2.1 벤치마크와 비교하려면 원본 fastq 8개로 재정렬·재호출. 동봉 VCF는 VQSR 미적용 원시 콜셋이므로 그대로 비교하면 FP가 과대평가됨.	툴 4종 모두 이름만 확인되고 버전은 문서에 없음. Garvan Institute가 수행. 캡처 영역 BED(nexterarapidcapture_expandedexome_targetedregions.bed.gz) 동봉. | index: BAM 4개 .bai 동봉. project.NIST.hc.snps.indels.vcf는 비압축 + GATK .idx만 있음 → hap.py 등에 쓰려면 bgzip + tabix 필요 | 장비/화학 상세: Illumina HiSeq2500, Nextera Rapid Capture Exome / Expanded Exome (Garvan Institute; NIST7035·NIST7086 두 바이알 각 2레인)
HG001	exome	HG001 Ion Torrent Exome	data/NA12878/ion_exome	Ion Torrent (IonXpress_020 바코드, rawlib)		6	65.1	TRUE	bb17523_PSP4_BC20.fastq 1개 (비압축; PTRIM BAM에서 TVC가 변환한 최종 서열)	TRUE	.bai	0	GIAB			TRUE	TMap	b37, hg19 (각각 BAM 1개)	GIAB			FALSE	N/A				FALSE	N/A				-	-	-			-	-	-			-	-	-			TMap 정렬 BAM(b37, hg19) + TVC 변환 fastq. 변이 VCF는 이 프리픽스에 없음	giab_doc:data/NA12878/ion_exome/README.txt	flow·ZM 태그가 필요한 Ion 데이터라 일반 정렬기로 재처리하지 말고 TVC 계열로 변이 호출. 짧은 리드 벤치마크와 직접 비교는 부적합하니 플랫폼 특이 FP 관찰용으로 쓸 것.	"README가 언급하는 TSVC_variants.vcf 등은 매니페스트에 없고 data/NA12878/analysis/IonTorrent_TVC_04302015(동일 README) 및 IonTorrent_TVC_06302015에 있음. 후자는 ""Alignment: tmap -J 25 --end-repair 15 --do-repeat-clip --context"", ""Variant calling: TVC4.4""로 옵션까지 기록. | index: BAM 2개 모두 .bam.bai 동봉 | 장비/화학 상세: Ion Torrent Proton, AmpliSeq Exome (IonXpress_020 바코드)"
HG001	exome	HG001 Nebraska TruSeq Exome	data/NA12878/Nebraska_NA12878_HG001_TruSeq_Exome	장비 미표기, TruSeq Exome 캡처		14	18.9	FALSE	원시 리드 없음 (BAM/VCF만)	PARTIAL	.bai	8	GIAB			TRUE	N/A	N/A (BAM @SQ/@PG 확인 필요). 동봉 BED가 hg19라는 사실만 별도로 적는 편이 정확.	GIAB			FALSE	N/A				TRUE	freebayes + gatk + gatk-haplotype → ensemble	GIAB			-	-	-			-	-	-			-	-	-			BAM 2개 + 콜러 3종·ensemble VCF 8개. 툴 이름은 파일명에서만, 버전·정렬 툴 불명	filename	원시 리드가 없어 재정렬 불가. ready.bam 2개로 변이 재호출만 가능. VCF 8개는 bgzip/tabix 후 참고 콜셋으로만 쓰고, 정렬 툴은 BAM @PG 헤더로 직접 확인.	변이 콜러 4종은 파일명 토큰이 유일한 근거. 정렬 툴은 파일명에도 문서에도 없어 N/A. ensemble은 앞의 세 콜셋을 합친 산출물로 보이나 합성 방법·버전 미확인. | index: ready.bam 2개는 .bam.bai 동봉. VCF 8개 전부 비압축·인덱스 없음 → bgzip + tabix 필요
HG002	exome	HG002 Ion Torrent Exome	data/AshkenazimTrio/HG002_NA24385_son/ion_exome	Ion Torrent (IonXpress_020 바코드, rawlib)	AmpliSeq 타깃 영역 런당 평균 256x (문서 기재)	10	215.1	FALSE	원시 fastq 없음 (rawlib BAM 4개, SRR1767406~409)	TRUE	.bai	0	GIAB			TRUE	Torrent Suite v4.2	hg19	GIAB			FALSE	N/A				FALSE	N/A				-	-	-			-	-	-			-	-	-			Torrent Suite v4.2 베이스콜·정렬 BAM 4개 (런별)	giab_doc:data/AshkenazimTrio/HG002_NA24385_son/ion_exome/README_Ion_GIAB_20150508.txt	원시 fastq가 없고 flow 신호 기반이라 재정렬 대신 TVC 계열로 변이 호출. 런 4개를 합칠지 여부부터 결정.	"같은 README는 변이가 Torrent Variant Caller v4.4로 호출됐다고 적지만 그 VCF/BED는 이 프리픽스에 없음(Thermo Fisher 제공분). 정렬기 이름 tmap은 release/AshkenazimTrio/HG002_NA24385_son/NISTv3.2~3.3.2 README의 ""tmap+TVC for Ion exome"" 문구로 뒷받침되나 이 데이터 디렉토리 문서엔 tmap 표기가 없음. | index: BAM 4개 모두 .bam.bai 동봉 | 장비/화학 상세: Ion Proton, Ion AmpliSeq Exome RDY (IonXpress_020 = NA24385), Ion PI Sequencing 200 Kit v4"
HG002	exome	HG002 Oslo Exome (KIT-Av5)	data/AshkenazimTrio/HG002_NA24385_son/OsloUniversityHospital_Exome	장비 미표기(런 151002_7001448_0359_AC7F6GANXX), KIT-Av5 캡처		2	9.6	FALSE	원시 리드 없음 (BAM 1개 + BAI 1개)	TRUE	.bai	0	GIAB			TRUE	N/A	N/A	GIAB			FALSE	N/A				FALSE	N/A				-	-	-			-	-	-			-	-	-			위치정렬·중복표시된 엑솜 BAM 1개. 툴·참조 게놈 모두 미확인	N/A	원시 리드가 없어 재정렬 불가. 먼저 BAM 헤더(@PG, @SQ)로 정렬 툴과 참조 게놈을 확인하고, 그 뒤 변이 호출에 사용.	posiSrt(position sort)와 markDup(duplicate marking)은 단계명이고 툴명이 아님. 정렬기·중복표시 툴·참조 게놈을 확정할 문서가 번들에 없음. | index: .posiSrt.markDup.bai 동봉 (확장자가 .bam.bai 아님 → 툴에 따라 인덱스 재생성 필요할 수 있음)
HG003	exome	HG003 Ion Torrent Exome	data/AshkenazimTrio/HG003_NA24149_father/ion_exome	Ion Torrent (IonXpress_022 바코드, rawlib)	AmpliSeq 타깃 영역 런당 평균 256x (문서 기재)	9	190.5	FALSE	원시 fastq 없음 (rawlib BAM 4개, SRR1767411/414/415/417)	TRUE	.bai	0	GIAB			TRUE	Torrent Suite v4.2	hg19	GIAB			FALSE	N/A				FALSE	N/A				-	-	-			-	-	-			-	-	-			Torrent Suite v4.2 베이스콜·정렬 BAM 4개 (런별)	giab_doc:data/AshkenazimTrio/HG002_NA24385_son/ion_exome/README_Ion_GIAB_20150508.txt	원시 fastq 없음 → 재정렬 불가. TVC 계열로 변이 호출해 트리오 엑솜 비교에 사용.	인용 문서는 형제 디렉토리(HG002 ion_exome)에 있지만 NA24143/NA24149/NA24385/NA24631 4샘플 동일 제출물을 설명하고 바코드까지 대응시켜 적어, 파일명 IonXpress_022와 일치. 사용자 주의: 문서 위치가 데이터 위치와 다름. | index: BAM 4개 모두 .bam.bai 동봉 | 장비/화학 상세: Ion Proton, Ion AmpliSeq Exome RDY (IonXpress_022 = NA24149), Ion PI Sequencing 200 Kit v4
HG003	exome	HG003 Oslo Exome (KIT-Av5)	data/AshkenazimTrio/HG003_NA24149_father/OsloUniversityHospital_Exome	장비 미표기(런 151002_7001448_0359_AC7F6GANXX), KIT-Av5 캡처		2	8.4	FALSE	원시 리드 없음 (BAM 1개 + BAI 1개)	TRUE	.bai	0	GIAB			TRUE	N/A	N/A	GIAB			FALSE	N/A				FALSE	N/A				-	-	-			-	-	-			-	-	-			위치정렬·중복표시된 엑솜 BAM 1개. 툴·참조 게놈 미확인	N/A	원시 리드가 없어 재정렬 불가. BAM 헤더로 정렬 툴·참조 확인 후 트리오 엑솜 변이 호출에 사용.	HG002/HG004/HG005와 동일 런(151002_7001448_0359_AC7F6GANXX), 바코드만 다름. 어느 샘플도 설명 문서가 없음. | index: .posiSrt.markDup.bai 동봉
HG004	exome	HG004 Ion Torrent Exome	data/AshkenazimTrio/HG004_NA24143_mother/ion_exome	Ion Torrent (IonXpress_024 바코드, rawlib)	AmpliSeq 타깃 영역 런당 평균 256x (문서 기재)	9	204.5	FALSE	원시 fastq 없음 (rawlib BAM 4개, SRR1767448~451)	TRUE	.bai	0	GIAB			TRUE	Torrent Suite v4.2	hg19	GIAB			FALSE	N/A				FALSE	N/A				-	-	-			-	-	-			-	-	-			Torrent Suite v4.2 베이스콜·정렬 BAM 4개 (런별)	giab_doc:data/AshkenazimTrio/HG002_NA24385_son/ion_exome/README_Ion_GIAB_20150508.txt	원시 fastq 없음 → 재정렬 불가. TVC 계열로 변이 호출.	근거 문서가 형제 디렉토리(HG002)에 있으나 4샘플 공동 제출물을 바코드 단위로 설명해 파일명 IonXpress_024와 일치. | index: BAM 4개 모두 .bam.bai 동봉 | 장비/화학 상세: Ion Proton, Ion AmpliSeq Exome RDY (IonXpress_024 = NA24143), Ion PI Sequencing 200 Kit v4
HG004	exome	HG004 Oslo Exome (KIT-Av5)	data/AshkenazimTrio/HG004_NA24143_mother/OsloUniversityHospital_Exome	장비 미표기(런 151002_7001448_0359_AC7F6GANXX), KIT-Av5 캡처		2	9.5	FALSE	원시 리드 없음 (BAM 1개 + BAI 1개)	TRUE	.bai	0	GIAB			TRUE	N/A	N/A	GIAB			FALSE	N/A				FALSE	N/A				-	-	-			-	-	-			-	-	-			위치정렬·중복표시된 엑솜 BAM 1개. 툴·참조 게놈 미확인	N/A	원시 리드가 없어 재정렬 불가. BAM 헤더로 정렬 툴·참조 확인 후 변이 호출에 사용.	HG002와 같은 레인의 CCGAAGTA 바코드. 정렬 툴과 레퍼런스 표기 없음 | index: .posiSrt.markDup.bai 동봉
HG005	exome	HG005 Ion Torrent Exome	data/ChineseTrio/HG005_NA24631_son/ion_exome	Ion Torrent (IonXpress_026 바코드, rawlib)	AmpliSeq 타깃 영역 런당 평균 256x (문서 기재)	9	207.7	FALSE	원시 fastq 없음 (rawlib BAM 4개, SRR1767452~455)	TRUE	.bai	0	GIAB			TRUE	Torrent Suite v4.2	hg19	GIAB			FALSE	N/A				FALSE	N/A				-	-	-			-	-	-			-	-	-			Torrent Suite v4.2 베이스콜·정렬 BAM 4개 (런별)	giab_doc:data/AshkenazimTrio/HG002_NA24385_son/ion_exome/README_Ion_GIAB_20150508.txt	원시 fastq 없음 → 재정렬 불가. TVC 계열로 변이 호출해 HG005 엑솜 비교에 사용.	근거 문서는 AJ 트리오 쪽(HG002 ion_exome)에 있지만 NA24631을 포함한 4샘플 공동 제출물 설명이고 바코드가 파일명과 일치. | index: BAM 4개 모두 .bam.bai 동봉 | 장비/화학 상세: Ion Proton, Ion AmpliSeq Exome RDY (IonXpress_026 = NA24631), Ion PI Sequencing 200 Kit v4
HG005	exome	HG005 Oslo Exome (KIT-Av5)	data/ChineseTrio/HG005_NA24631_son/OsloUniversityHospital_Exome	장비 미표기(런 151002_7001448_0359_AC7F6GANXX), KIT-Av5 캡처		2	8.3	FALSE	원시 리드 없음 (BAM 1개 + BAI 1개)	TRUE	.bai	0	GIAB			TRUE	N/A	N/A	GIAB			FALSE	N/A				FALSE	N/A				-	-	-			-	-	-			-	-	-			위치정렬·중복표시된 엑솜 BAM 1개. 툴·참조 게놈 미확인	N/A	원시 리드가 없어 재정렬 불가. BAM 헤더로 정렬 툴·참조 확인 후 변이 호출에 사용.	AJ 트리오 3개와 같은 런에서 나온 5번째 샘플. 설명 문서 없음. | index: .posiSrt.markDup.bai 동봉
HG001	illumina_wgs	HG001 NIST HiSeq 300x	data/NA12878/NIST_NA12878_HG001_HiSeq_300x	Illumina HiSeq	~300x 합계; RMNISTHS_30xdownsample.bam은 ~25-30x	1841	2003.2	TRUE	FASTQ 1742개 (라이브러리별 플로우셀 폴더)	TRUE	.bai	0	GIAB			TRUE	novoalign 3.02.07 → samtools 0.1.18; bwa mem (RMNISTHS_30xdownsample.bam)	hs37d5 (GRCh37), GCA_000001405.15_GRCh38_no_alt_plus_hs38d1_analysis_set	GIAB			FALSE	N/A				FALSE	N/A				-	-	-			-	-	-			FALSE	N/A				TRUE	giab_doc:data/NA12878/NIST_NA12878_HG001_HiSeq_300x/NHGRI_Illumina300X_novoalign_bams/README | giab_doc:data/NA12878/NIST_NA12878_HG001_HiSeq_300x/README_NIST_Illumina_pairedend_NA12878.txt	FASTQ 1742개로 자체 정렬(BWA-MEM/DRAGEN 등)+변이 검출을 돌려 novoalign 300x BAM 및 v4.2.1 truth set과 비교	bwa mem 30x 다운샘플 BAM은 버전·다운샘플 도구 미기재. 변이 VCF는 이 디렉토리에 없음 | index: novoalign BAM은 samtools 0.1.18으로 sort + index (.bai 동봉). 미인덱스 파일 0개 | 장비/화학 상세: Illumina HiSeq 2500 Rapid mode (v1), 2x148 bp paired-end, TruSeq PCR-free
HG002	illumina_wgs	HG002 6kb mate-pair	data/AshkenazimTrio/HG002_NA24385_son/NIST_Stanford_Illumina_6kb_matepair	Illumina 6kb mate-pair (기종 미표기)	리드 커버리지 13-17x, 물리적 커버리지 >400x	11	186.7	TRUE	FASTQ 4개 (MPHG002, 런 2개)	PARTIAL	.bai	1	GIAB			TRUE	bwa mem → samblaster (중복 표시)	hg19 (문서 미기재 빌드; 'from ucsc' 표현은 HG002 README에 없음). bams/GRCh38/의 GRCh38은 경로 토큰 기준이며 'decoy 포함 no-alt' 설명은 HG003~HG007 README에서만 확인됨	GIAB			FALSE	N/A				FALSE	N/A				-	-	-			-	-	-			FALSE	N/A				TRUE	giab_doc:data/AshkenazimTrio/HG002_NA24385_son/NIST_Stanford_Illumina_6kb_matepair/README.NIST_Stanford_Illumina_6kb_matepair	물리적 커버리지가 높아 대형 SV/전좌 검출 검증용. FASTQ 4개로 어댑터 제거 후 재정렬해 중복 미제거 BAM 확보 필요	BAM은 파일 크기 줄이려고 중복 리드를 제거한 상태로 배포됨 — 전체 데이터는 FASTQ에만 있음. HG002 README 본문은 hg19만 언급하고, GRCh38 언급은 HG003~HG007의 동일 README에 있음 | index: GRCh38/HG002.sorted.bam과 HG002.mate_pair.sorted.bam은 .bai 있음, HG002.mate_pair.bam 1개는 미인덱스 | 장비/화학 상세: Illumina HiSeq 2500 high output (v4) 2x125 bp PE (QC런은 Rapid v1 2x101); Nextera Mate Pair, 6-9kb 삽입
HG002	illumina_wgs	HG002 HiSeq 300x Homogeneity	data/AshkenazimTrio/HG002_NA24385_son/NIST_HiSeq_HG002_Homogeneity-10953946	Illumina HiSeq	300x 합계; 60x.1 = 앞쪽 20% 리드; 플로우셀별 BaseSpace 분석 각 ~40-50x	2069	2346.4	TRUE	FASTQ 1870개 (HG002_HiSeq300x_fastq 플로우셀별)	PARTIAL	.bai,.idx,.tbi	5	GIAB			TRUE	novoalign 3.02.07 → samtools 0.1.18; BaseSpace BWA Whole Genome Sequencing workflow (플로우셀별 S1.bam)	hs37d5 (GRCh37), GCA_000001405.15_GRCh38_no_alt_plus_hs38d1_analysis_set	GIAB			FALSE	N/A				TRUE	BaseSpace BWA Whole Genome Sequencing workflow (버전 미기재; SNV/gVCF/CNV/SV)	GIAB			-	-	-			-	-	-			FALSE	N/A				TRUE	giab_doc:data/AshkenazimTrio/HG002_NA24385_son/NIST_HiSeq_HG002_Homogeneity-10953946/NHGRI_Illumina300X_AJtrio_novoalign_bams/README_NHGRI_Novoalign_bams | giab_doc:data/AshkenazimTrio/HG002_NA24385_son/NIST_HiSeq_HG002_Homogeneity-10953946/README_NIST_Illumina_pairedend_HG002.txt	FASTQ 1870개로 자체 정렬+변이 검출 실행 후 novoalign 300x/60x BAM 및 HG002 v4.2.1 벤치마크와 비교	"BaseSpace 워크플로의 변이 검출기 이름·버전은 문서에 없음. 300x_chr20 서브셋 BAM은 HG002에만 존재 | index: novoalign BAM: ""created, sorted, and indexed with samtools version 0.1.18"". genome.vcf.gz는 .tbi 있음, S1.vcf/CNV/SV VCF 5개는 인덱스 없음 | 장비/화학 상세: Illumina HiSeq 2500 Rapid mode (v1), 2x148 bp PE, TruSeq PCR-free 12 라이브러리"
HG002	illumina_wgs	HG002 Illumina 2x250bp	data/AshkenazimTrio/HG002_NA24385_son/NIST_Illumina_2x250bps	Illumina 2x250bp (기종 미표기)	플로우셀 1개 ~40-50x	78	443.0	TRUE	FASTQ 68개 (reads/)	TRUE	.bai	0	GIAB			TRUE	novoalign 3.02.07 → samtools 0.1.18	hs37d5 (GRCh37), GCA_000001405.15_GRCh38_no_alt_plus_hs38d1_analysis_set	GIAB			FALSE	N/A				FALSE	N/A				-	-	-			-	-	-			FALSE	N/A				TRUE	giab_doc:data/AshkenazimTrio/HG002_NA24385_son/NIST_Illumina_2x250bps/novoalign_bams/README_update_feb2019 | giab_doc:data/AshkenazimTrio/HG002_NA24385_son/NIST_Illumina_2x250bps/README_NIST_Illumina_pairedend_2x250_HG002.txt	2x250 오버랩 리드로 어셈블리(DISCOVAR 등) 또는 긴 리드 정렬 벤치마크 재현. novoalign BAM은 정렬 비교 기준	"2019-02-06 업데이트: BAM 병합 오류로 중복 리드가 있었고 같은 버전/옵션으로 재정렬됨. README는 DISCOVAR 어셈블리용 설계라고만 밝히고 GIAB 어셈블리 산출물은 없음 | index: ""created, coordinate-sorted, and indexed with samtools version 0.1.18""; BAM 2개 모두 .bam.bai 동봉 | 장비/화학 상세: Illumina HiSeq 2500 Rapid mode (v2), 2x250 bp PE, 삽입크기 ~350bp (DISCOVAR 어셈블리용 설계)"
HG002	illumina_wgs	HG002 Moleculo 합성 롱리드	data/AshkenazimTrio/HG002_NA24385_son/NIST_Stanford_Moleculo	Illumina Moleculo (합성 롱리드), 125bp		9218	120.6	TRUE	FASTQ 6144개 (바코드 LTB-A-BC001~ 별)	TRUE	.bai	0	GIAB			TRUE	bwa-mem (기본 옵션, cloud end-marker 제거 후)	N/A (문서 미기재)	GIAB			FALSE	N/A				FALSE	N/A				-	-	-			-	-	-			FALSE	N/A				TRUE	giab_doc:data/AshkenazimTrio/HG002_NA24385_son/NIST_Stanford_Moleculo/basespace_bams/readme.txt | giab_doc:data/AshkenazimTrio/HG002_NA24385_son/NIST_Stanford_Moleculo/README.NIST_Stanford_Moleculo	웰별 BAM 병합 후 read-cloud 기반 haplotype/SV 분석. 또는 FASTQ 6144개로 바코드 인식 파이프라인 재실행	bwa-mem 버전·레퍼런스 미기재. BAM은 웰(well) 단위로 1536개 분할되어 있어 통합 처리 전 병합 필요 | index: basespace_bams에 BAM 1536개 전부 .bai 동봉 (미인덱스 0) | 장비/화학 상세: Illumina HiSeq 2500 high output (v4), 2x125 bp PE; TruSeq Synthetic Long-Read (read cloud, 384-well)
HG002	illumina_wgs	HG002 PCR-free 30x 서브샘플 FASTQ	data/AshkenazimTrio/HG002_NA24385_son/Illumina_PCRfree_downsampled	Illumina HiSeq	~30x	4	82.7	TRUE	FASTQ 2개 (R1/R2 subsampled)	-		0	-			FALSE	N/A					FALSE	N/A				FALSE	N/A				-	-	-			-	-	-			FALSE	N/A				TRUE	giab_doc:data/AshkenazimTrio/HG002_NA24385_son/Illumina_PCRfree_downsampled/README	30x FASTQ로 정렬~변이 검출 전 과정 실행. 1KG 30x 수준 저커버리지 벤치마크 기준선으로 사용	다운샘플에 쓴 툴(samtools view -s 등)은 문서에 없음. 정렬/변이 산출물 없이 FASTQ만 배포 | 장비/화학 상세: Illumina PCR-free 150bp PE (1KG NYGC 프로덕션 조건 매칭, ~450bp fragment)
HG003	illumina_wgs	HG003 6kb mate-pair	data/AshkenazimTrio/HG003_NA24149_father/NIST_Stanford_Illumina_6kb_matepair	Illumina 6kb mate-pair (기종 미표기)	리드 커버리지 13-17x, 물리적 커버리지 >400x	11	179.2	TRUE	FASTQ 4개	PARTIAL	.bai	1	GIAB			TRUE	bwa mem → samblaster (중복 표시)	hg19 (UCSC) 및 decoy 포함 no-alt GRCh38	GIAB			FALSE	N/A				FALSE	N/A				-	-	-			-	-	-			FALSE	N/A				TRUE	giab_doc:data/AshkenazimTrio/HG003_NA24149_father/NIST_Stanford_Illumina_6kb_matepair/README.NIST_Stanford_Illumina_6kb_matepair	대형 SV/전좌 검증용. FASTQ 4개로 어댑터 제거+재정렬해 중복 포함 BAM 확보	BAM은 중복 리드 제거 후 배포. bwa mem/samblaster 버전은 문서에 없음(인용 문헌만) | index: sorted BAM 2개는 .bai 있음, mate_pair.bam 1개 미인덱스 | 장비/화학 상세: Illumina HiSeq 2500 high output (v4) 2x125 bp PE (QC런 Rapid v1 2x101); Nextera Mate Pair, 6-9kb 삽입
HG003	illumina_wgs	HG003 HiSeq 300x Homogeneity	data/AshkenazimTrio/HG003_NA24149_father/NIST_HiSeq_HG003_Homogeneity-12389378	Illumina HiSeq	300x 합계; 60x.1 = 앞쪽 20% 리드; 플로우셀별 BaseSpace 분석 각 ~40-50x	2228	2348.1	TRUE	FASTQ 2010개 (HG003_HiSeq300x_fastq 플로우셀별)	PARTIAL	.bai,.idx,.tbi	6	GIAB			TRUE	novoalign 3.02.07 → samtools 0.1.18; BaseSpace BWA Whole Genome Sequencing workflow (Run01/Run03 S1.bam)	hs37d5 (GRCh37), GCA_000001405.15_GRCh38_no_alt_plus_hs38d1_analysis_set	GIAB			FALSE	N/A				TRUE	BaseSpace BWA Whole Genome Sequencing workflow (버전 미기재; SNV/gVCF/CNV/SV)	GIAB			-	-	-			-	-	-			FALSE	N/A				TRUE	giab_doc:data/AshkenazimTrio/HG003_NA24149_father/NIST_HiSeq_HG003_Homogeneity-12389378/NHGRI_Illumina300X_AJtrio_novoalign_bams/README_NHGRI_Novoalign_bams | giab_doc:data/AshkenazimTrio/HG003_NA24149_father/NIST_HiSeq_HG003_Homogeneity-12389378/README_NIST_Illumina_pairedend_HG003.txt	FASTQ 2010개로 자체 정렬+변이 검출 실행. AJ trio 삼자 일치성 검증에 HG002/HG004와 함께 사용	chr20 서브셋 BAM은 HG003에 없음(HG002에만). BaseSpace 변이 검출기 이름·버전 미기재 | index: novoalign BAM은 samtools 0.1.18로 sort+index. VCF 6개는 인덱스 없음 | 장비/화학 상세: Illumina HiSeq 2500 Rapid mode (v1), 2x148 bp PE, TruSeq PCR-free
HG003	illumina_wgs	HG003 Illumina 2x250bp	data/AshkenazimTrio/HG003_NA24149_father/NIST_Illumina_2x250bps	Illumina 2x250bp (기종 미표기)	플로우셀 1개 ~40-50x	56	490.0	TRUE	FASTQ 36개 (reads/)	PARTIAL	.bai,.tbi	3	GIAB			TRUE	novoalign 3.02.07 → samtools 0.1.18 (novoalign_bams/); HG003_250bp_All_good-29988042/S1.bam은 툴 미기재	hs37d5 (GRCh37), GCA_000001405.15_GRCh38_no_alt_plus_hs38d1_analysis_set	GIAB			FALSE	N/A				TRUE	N/A	GIAB			-	-	-			-	-	-			FALSE	N/A				TRUE	giab_doc:data/AshkenazimTrio/HG003_NA24149_father/NIST_Illumina_2x250bps/novoalign_bams/README | giab_doc:data/AshkenazimTrio/HG003_NA24149_father/NIST_Illumina_2x250bps/README_NIST_Illumina_pairedend_2x250_HG003.txt	2x250 리드로 어셈블리 또는 긴 리드 정렬 벤치마크. novoalign BAM과 자체 정렬 결과 비교	HG003_250bp_All_good-29988042의 BAM/VCF는 파일명 패턴이 BaseSpace 형식이지만 어떤 워크플로/검출기인지 문서에 없어 N/A 처리 | index: novoalign BAM 2개 .bai 있음; HG003-250bp-All-good_S1.bam도 .bam.bai 있음. VCF 3개(S1.vcf/CNV/SV)는 인덱스 없음 | 장비/화학 상세: Illumina HiSeq 2500 Rapid mode (v2), 2x250 bp PE, 삽입크기 ~350bp (DISCOVAR 어셈블리용 설계)
HG003	illumina_wgs	HG003 Moleculo 합성 롱리드	data/AshkenazimTrio/HG003_NA24149_father/NIST_Stanford_Moleculo	Illumina Moleculo (합성 롱리드), 125bp		9216	123.3	TRUE	FASTQ 6144개	TRUE	.bai	0	GIAB			TRUE	bwa-mem (기본 옵션, cloud end-marker 제거 후)	N/A (문서 미기재)	GIAB			FALSE	N/A				FALSE	N/A				-	-	-			-	-	-			FALSE	N/A				TRUE	giab_doc:data/AshkenazimTrio/HG002_NA24385_son/NIST_Stanford_Moleculo/basespace_bams/readme.txt	웰별 BAM 1536개 병합 후 read-cloud 분석. FASTQ 6144개로 재처리도 가능	HG003 디렉토리 자체에는 README 없음. 근거는 형제 디렉토리(HG002) 문서지만 그 문서가 008=HG003을 직접 지목하므로 인용 가능 | index: BAM 1536개 전부 .bai 동봉 | 장비/화학 상세: 값 자체는 정확하지만 tool_source에 data/AshkenazimTrio/HG002_NA24385_son/NIST_Stanford_Moleculo/README.NIST_Stanford_Moleculo 를 함께 인용해야 함
HG004	illumina_wgs	HG004 6kb mate-pair	data/AshkenazimTrio/HG004_NA24143_mother/NIST_Stanford_Illumina_6kb_matepair	Illumina 6kb mate-pair (기종 미표기)	리드 커버리지 13-17x, 물리적 커버리지 >400x	11	187.6	TRUE	FASTQ 4개	PARTIAL	.bai	1	GIAB			TRUE	bwa mem → samblaster (중복 표시)	hg19 (UCSC) 및 decoy 포함 no-alt GRCh38	GIAB			FALSE	N/A				FALSE	N/A				-	-	-			-	-	-			FALSE	N/A				TRUE	giab_doc:data/AshkenazimTrio/HG004_NA24143_mother/NIST_Stanford_Illumina_6kb_matepair/README.NIST_Stanford_Illumina_6kb_matepair	대형 SV 검증용. FASTQ로 어댑터 제거+재정렬해 중복 포함 BAM 확보	BAM은 중복 제거 후 배포. 툴 버전 미기재 | index: sorted BAM 2개 .bai 있음, mate_pair.bam 1개 미인덱스 | 장비/화학 상세: Illumina HiSeq 2500 high output (v4) 2x125 bp PE (QC런 Rapid v1 2x101); Nextera Mate Pair, 6-9kb 삽입
HG004	illumina_wgs	HG004 HiSeq 300x Homogeneity	data/AshkenazimTrio/HG004_NA24143_mother/NIST_HiSeq_HG004_Homogeneity-14572558	Illumina HiSeq	300x 합계; 60x.1 = 앞쪽 20% 리드; 플로우셀별 BaseSpace 분석 각 ~40-50x	2242	2685.8	TRUE	FASTQ 2048개 (HG004_HiSeq300x_fastq 플로우셀별)	PARTIAL	.bai,.idx,.tbi	6	GIAB			TRUE	novoalign 3.02.07 → samtools 0.1.18; BaseSpace BWA Whole Genome Sequencing workflow (Run01/run02 S1.bam)	hs37d5 (GRCh37), GCA_000001405.15_GRCh38_no_alt_plus_hs38d1_analysis_set	GIAB			FALSE	N/A				TRUE	BaseSpace BWA Whole Genome Sequencing workflow (버전 미기재; SNV/gVCF/CNV/SV)	GIAB			-	-	-			-	-	-			FALSE	N/A				TRUE	giab_doc:data/AshkenazimTrio/HG004_NA24143_mother/NIST_HiSeq_HG004_Homogeneity-14572558/NHGRI_Illumina300X_AJtrio_novoalign_bams/README_NHGRI_Novoalign_bams | giab_doc:data/AshkenazimTrio/HG004_NA24143_mother/NIST_HiSeq_HG004_Homogeneity-14572558/README_NIST_Illumina_pairedend_HG004.txt	FASTQ 2048개로 자체 정렬+변이 검출 실행. HG002/HG003과 묶어 AJ trio 멘델 일치성 검증	chr20 서브셋 BAM 없음. BaseSpace 변이 검출기 이름·버전 미기재 | index: novoalign BAM은 samtools 0.1.18로 sort+index. VCF 6개는 인덱스 없음 | 장비/화학 상세: Illumina HiSeq 2500 Rapid mode (v1), 2x148 bp PE, TruSeq PCR-free
HG004	illumina_wgs	HG004 Illumina 2x250bp	data/AshkenazimTrio/HG004_NA24143_mother/NIST_Illumina_2x250bps	Illumina 2x250bp (기종 미표기)	플로우셀 1개 ~40-50x	89	541.6	TRUE	FASTQ 70개 (reads/)	PARTIAL	.bai,.tbi	3	GIAB			TRUE	novoalign 3.02.07 → samtools 0.1.18 (novoalign_bams/); HG004_250bp_All-29933060/S1.bam은 툴 미기재	hs37d5 (GRCh37), GCA_000001405.15_GRCh38_no_alt_plus_hs38d1_analysis_set	GIAB			FALSE	N/A				TRUE	N/A	GIAB			-	-	-			-	-	-			FALSE	N/A				TRUE	giab_doc:data/AshkenazimTrio/HG004_NA24143_mother/NIST_Illumina_2x250bps/novoalign_bams/README | giab_doc:data/AshkenazimTrio/HG004_NA24143_mother/NIST_Illumina_2x250bps/README_NIST_Illumina_pairedend_2x250_HG004.txt	2x250 리드로 어셈블리 또는 긴 리드 정렬 벤치마크. novoalign BAM과 비교	HG004_250bp_All-29933060의 BAM/VCF는 툴 문서 없음 → N/A | index: novoalign BAM 2개 .bai 있음; HG004-250bp-All_S1.bam도 .bai 있음. VCF 3개는 인덱스 없음 | 장비/화학 상세: Illumina HiSeq 2500 Rapid mode (v2), 2x250 bp PE, 삽입크기 ~350bp (DISCOVAR 어셈블리용 설계)
HG004	illumina_wgs	HG004 Moleculo 합성 롱리드	data/AshkenazimTrio/HG004_NA24143_mother/NIST_Stanford_Moleculo	Illumina Moleculo (합성 롱리드), 125bp		6144	71.6	TRUE	FASTQ 6144개 (바코드별)	-		0	-			FALSE	N/A					FALSE	N/A				FALSE	N/A				-	-	-			-	-	-			FALSE	N/A				FALSE	N/A	바코드별 FASTQ 6144개를 웰 단위로 정렬(bwa-mem 등)해야 함. GIAB BAM이 없으니 정렬 전 과정을 사용자가 수행	FASTQ만 있고 정렬 산출물 없음. HG002 README를 끌어오는 것은 규칙 위반이라 N/A로 둠 | 장비/화학 상세: Illumina Moleculo 합성 롱리드, 125bp (디렉토리·파일명 기준. 이 디렉토리를 설명하는 GIAB 문서 없음)
HG005	illumina_wgs	HG005 6kb mate-pair	data/ChineseTrio/HG005_NA24631_son/NIST_Stanford_Illumina_6kb_matepair	Illumina 6kb mate-pair (기종 미표기)	리드 커버리지 13-17x, 물리적 커버리지 >400x	11	184.6	TRUE	FASTQ 4개	PARTIAL	.bai	1	GIAB			TRUE	bwa mem → samblaster (중복 표시)	hg19 (UCSC) 및 decoy 포함 no-alt GRCh38	GIAB			FALSE	N/A				FALSE	N/A				-	-	-			-	-	-			FALSE	N/A				TRUE	giab_doc:data/ChineseTrio/HG005_NA24631_son/NIST_Stanford_Illumina_6kb_matepair/README.NIST_Stanford_Illumina_6kb_matepair	대형 SV 검증용. FASTQ로 어댑터 제거+재정렬해 중복 포함 BAM 확보	BAM은 중복 제거 후 배포. 툴 버전 미기재. 아시안 부모 DNA는 Coriell 유래 | index: sorted BAM 2개 .bai 있음, mate_pair.bam 1개 미인덱스 | 장비/화학 상세: Illumina HiSeq 2500 high output (v4) 2x125 bp PE (QC런 Rapid v1 2x101); Nextera Mate Pair, 6-9kb 삽입
HG005	illumina_wgs	HG005 HiSeq 300x	data/ChineseTrio/HG005_NA24631_son/HG005_NA24631_son_HiSeq_300x	Illumina HiSeq, 2x250bp 리드	~300x 합계; 플로우셀별 BaseSpace 분석 각 ~45x	439	3048.1	TRUE	FASTQ 336개 (basespace_250bps_fastqs)	PARTIAL	.bai,.tbi	24	GIAB			TRUE	novoalign (버전 미기재) → samtools 0.1.18; Isaac Whole Genome Sequencing v3 (BaseSpace, 플로우셀별 S1.bam 8개)	hs37d5 (GRCh37), GCA_000001405.15_GRCh38_no_alt_plus_hs38d1_analysis_set	GIAB			FALSE	N/A				TRUE	Isaac Whole Genome Sequencing v3 (BaseSpace)	GIAB			-	-	-			-	-	-			FALSE	N/A				TRUE	giab_doc:data/ChineseTrio/HG005_NA24631_son/HG005_NA24631_son_HiSeq_300x/NHGRI_Illumina300X_Chinesetrio_novoalign_bams/README | giab_doc:data/ChineseTrio/HG005_NA24631_son/HG005_NA24631_son_HiSeq_300x/basespace_45x_bams_vcfs_PerFlowCell/README | giab_doc:data/ChineseTrio/HG005_NA24631_son/HG005_NA24631_son_HiSeq_300x/README_NIST_Illumina_pairedend_HG005.txt	FASTQ 336개로 자체 정렬+변이 검출 실행. novoalign 300x BAM과 Isaac 45x VCF 양쪽을 비교 기준으로 사용	중요: Chinese trio novoalign README에는 novoalign 버전이 없다(AJ trio/HG001 README의 3.02.07을 여기 적용하면 근거 없는 추론). Isaac v3의 세부 버전도 미기재 | index: novoalign BAM 2개는 samtools 0.1.18로 sort+index. genome.vcf.gz는 .tbi 있고 S1.vcf/CNV/SV VCF 24개는 인덱스 없음 | 장비/화학 상세: Illumina HiSeq 2500 Rapid mode (v2), 2x250 bp PE, TruSeq PCR-free 12 라이브러리
HG005	illumina_wgs	HG005 Moleculo 합성 롱리드	data/ChineseTrio/HG005_NA24631_son/NIST_Stanford_Moleculo	Illumina Moleculo (합성 롱리드), 125bp		6144	66.7	TRUE	FASTQ 6144개 (LTB-A-BC001~ 바코드별)	-		0	-			FALSE	N/A					FALSE	N/A				FALSE	N/A				-	-	-			-	-	-			FALSE	N/A				FALSE	N/A	바코드별 FASTQ를 웰 단위로 정렬해야 함. GIAB 정렬 산출물이 없어 전 과정을 사용자가 수행	FASTQ만 있고 BAM 없음 | 장비/화학 상세: Illumina Moleculo 합성 롱리드, 125bp (디렉토리·파일명 기준. 이 디렉토리를 설명하는 GIAB 문서 없음)
HG006	illumina_wgs	HG006 6kb mate-pair	data/ChineseTrio/HG006_NA24694-huCA017E_father/NIST_Stanford_Illumina_6kb_matepair	Illumina 6kb mate-pair (기종 미표기)	리드 커버리지 13-17x, 물리적 커버리지 >400x	11	196.5	TRUE	FASTQ 4개	PARTIAL	.bai	1	GIAB			TRUE	bwa mem → samblaster (중복 표시)	hg19 (UCSC) 및 decoy 포함 no-alt GRCh38	GIAB			FALSE	N/A				FALSE	N/A				-	-	-			-	-	-			FALSE	N/A				TRUE	giab_doc:data/ChineseTrio/HG006_NA24694-huCA017E_father/NIST_Stanford_Illumina_6kb_matepair/README.NIST_Stanford_Illumina_6kb_matepair	대형 SV 검증용. FASTQ로 어댑터 제거+재정렬	BAM은 중복 제거 후 배포. 툴 버전 미기재 | index: sorted BAM 2개 .bai 있음, mate_pair.bam 1개 미인덱스 | 장비/화학 상세: Illumina HiSeq 2500 high output (v4) 2x125 bp PE (QC런 Rapid v1 2x101); Nextera Mate Pair, 6-9kb 삽입
HG006	illumina_wgs	HG006 HiSeq 100x	data/ChineseTrio/HG006_NA24694-huCA017E_father/NA24694_Father_HiSeq100x	Illumina HiSeq	~100x (플로우셀당 ~25x, 전체 결합 분석 ~100x)	623	980.7	TRUE	FASTQ 600개 (NA24694_Father_HiSeq100x_fastqs)	PARTIAL	.bai,.tbi	3	GIAB			TRUE	novoalign (버전 미기재) → samtools 0.1.18; Isaac Whole Genome Sequencing v3 (BaseSpace, NA24694-combined_S1.bam)	hs37d5 (GRCh37), GCA_000001405.15_GRCh38_no_alt_plus_hs38d1_analysis_set	GIAB			FALSE	N/A				TRUE	Isaac Whole Genome Sequencing v3 (BaseSpace)	GIAB			-	-	-			-	-	-			FALSE	N/A				TRUE	giab_doc:data/ChineseTrio/HG006_NA24694-huCA017E_father/NA24694_Father_HiSeq100x/NHGRI_Illumina100X_Chinesetrio_novoalign_bams/README | giab_doc:data/ChineseTrio/HG006_NA24694-huCA017E_father/NA24694_Father_HiSeq100x/README_NIST_Illumina_pairedend_NA24694.txt	FASTQ 600개로 자체 정렬+변이 검출 실행. HG005/HG007과 함께 Chinese trio 멘델 일치성 검증	Chinese trio novoalign README에 novoalign 버전 없음. 리드 길이 표기가 두 문서에서 2x148/2x150로 엇갈림 | index: novoalign BAM 2개는 samtools 0.1.18로 sort+index. combined_S1.vcf/CNV/SV VCF 3개는 인덱스 없음 | 장비/화학 상세: Illumina HiSeq 2500 Rapid mode (v1), 2x148 bp PE (novoalign README는 2x150로 표기). Coriell gDNA 단일 라이브러리
HG006	illumina_wgs	HG006 Moleculo 합성 롱리드	data/ChineseTrio/HG006_NA24694-huCA017E_father/NIST_Stanford_Moleculo	Illumina Moleculo (합성 롱리드), 125bp		6144	66.5	TRUE	FASTQ 6144개 (바코드별)	-		0	-			FALSE	N/A					FALSE	N/A				FALSE	N/A				-	-	-			-	-	-			FALSE	N/A				FALSE	N/A	바코드별 FASTQ를 웰 단위로 정렬해야 함. GIAB 산출물 없어 전 과정 사용자 수행	FASTQ만 있고 BAM 없음 | 장비/화학 상세: Illumina HiSeq 2500 high output mode (v4), 2x125 bp PE; TruSeq Synthetic Long-Read DNA Library Prep Kit (FC-126-1001), 9-11kb 삽입, 384-well 분주 (출처: data/AshkenazimTrio/HG002_NA24385_son/NIST_Stanford_Moleculo/README.NIST_Stanford_Moleculo — Asian parents 명시 포괄)
HG007	illumina_wgs	HG007 6kb mate-pair	data/ChineseTrio/HG007_NA24695-hu38168_mother/NIST_Stanford_Illumina_6kb_matepair	Illumina 6kb mate-pair (기종 미표기)	리드 커버리지 13-17x, 물리적 커버리지 >400x	11	187.1	TRUE	FASTQ 4개	PARTIAL	.bai	1	GIAB			TRUE	bwa mem → samblaster (중복 표시)	hg19 (UCSC) 및 decoy 포함 no-alt GRCh38	GIAB			FALSE	N/A				FALSE	N/A				-	-	-			-	-	-			FALSE	N/A				TRUE	giab_doc:data/ChineseTrio/HG007_NA24695-hu38168_mother/NIST_Stanford_Illumina_6kb_matepair/README.NIST_Stanford_Illumina_6kb_matepair	대형 SV 검증용. FASTQ로 어댑터 제거+재정렬	BAM은 중복 제거 후 배포. 툴 버전 미기재 | index: sorted BAM 2개 .bai 있음, mate_pair.bam 1개 미인덱스 | 장비/화학 상세: Illumina HiSeq 2500 high output (v4) 2x125 bp PE (QC런 Rapid v1 2x101); Nextera Mate Pair, 6-9kb 삽입
HG007	illumina_wgs	HG007 HiSeq 100x	data/ChineseTrio/HG007_NA24695-hu38168_mother/NA24695_Mother_HiSeq100x	Illumina HiSeq	~100x (플로우셀당 ~25x, 전체 결합 분석 ~100x)	636	1015.7	TRUE	FASTQ 612개 (NA24695_Mother_HiSeq100x_fastqs)	PARTIAL	.bai,.tbi	3	GIAB			TRUE	novoalign (버전 미기재) → samtools 0.1.18; Isaac Whole Genome Sequencing v3 (BaseSpace, NA24695-combined_S1.bam)	hs37d5 (GRCh37), GCA_000001405.15_GRCh38_no_alt_plus_hs38d1_analysis_set	GIAB			FALSE	N/A				TRUE	Isaac Whole Genome Sequencing v3 (BaseSpace)	GIAB			-	-	-			-	-	-			FALSE	N/A				TRUE	giab_doc:data/ChineseTrio/HG007_NA24695-hu38168_mother/NA24695_Mother_HiSeq100x/NHGRI_Illumina100X_Chinesetrio_novoalign_bams/README | giab_doc:data/ChineseTrio/HG007_NA24695-hu38168_mother/NA24695_Mother_HiSeq100x/README_NIST_Illumina_pairedend_NA24695.txt	FASTQ 612개로 자체 정렬+변이 검출 실행. HG005/HG006과 함께 Chinese trio 멘델 일치성 검증	Chinese trio novoalign README에 novoalign 버전 없음 | index: novoalign BAM 2개는 samtools 0.1.18로 sort+index. combined_S1.vcf/CNV/SV VCF 3개는 인덱스 없음 | 장비/화학 상세: Illumina HiSeq 2500 Rapid mode (v1), 2x148 bp PE (novoalign README는 2x150로 표기). Coriell gDNA 단일 라이브러리
HG007	illumina_wgs	HG007 Moleculo 합성 롱리드	data/ChineseTrio/HG007_NA24695-hu38168_mother/NIST_Stanford_Moleculo	Illumina Moleculo (합성 롱리드), 125bp		6144	68.4	TRUE	FASTQ 6144개 (바코드별)	-		0	-			FALSE	N/A					FALSE	N/A				FALSE	N/A				-	-	-			-	-	-			FALSE	N/A				FALSE	N/A	바코드별 FASTQ를 웰 단위로 정렬해야 함. GIAB 산출물 없어 전 과정 사용자 수행	FASTQ만 있고 BAM 없음 | 장비/화학 상세: Illumina HiSeq 2500 high output mode (v4), 2x125 bp PE; TruSeq Synthetic Long-Read DNA Library Prep Kit (FC-126-1001), 9-11kb 삽입, 384-well 분주 (출처: data/AshkenazimTrio/HG002_NA24385_son/NIST_Stanford_Moleculo/README.NIST_Stanford_Moleculo — Asian parents 명시 포괄)
HG008	illumina_wgs	HG008 BCM ILMN-WGS 2025 (정상)	data_somatic/HG008/Liss_lab/BCM_ILMN-WGS_20251124	Illumina WGS (기종 미표기)	121x (라이브러리 335190_3) + 130x (라이브러리 335190_4)	14	560.4	TRUE	FASTQ 8개 (플로우셀 237CLHLT4, 레인 5~8)	TRUE	.crai	0	GIAB			TRUE	Dragen v4.3.6 germline pipeline (DRAGEN Host Software 05.121.732.4.3.6)	GRCh38 (GRCh38_full_analysis_set_plus_decoy_hla.fa, 1000 Genomes)	GIAB			FALSE	N/A				FALSE	N/A				-	-	-			-	-	-			FALSE	N/A				TRUE	giab_doc:data_somatic/HG008/Liss_lab/BCM_ILMN-WGS_20251124/README.md	FASTQ 8개로 자체 정렬+생식세포 변이 검출 실행해 Dragen CRAM과 비교. HG008-T와 짝지으려면 BCM_Illumina-WGS_20240313 종양 데이터 필요	"HG008-N-D(정상 조직)만. germline 파이프라인으로 정렬했지만 VCF는 이 디렉토리에 배포되지 않음. somatic 단계는 정상 단독이라 해당 없음 | index: ""GRCh38 reference based coordinate sorted alignment files and associated index files"" — CRAM 2개 모두 .crai 동봉 | 장비/화학 상세: Illumina NovaSeqX, 2x150 bp PE, PCR-free 라이브러리 2종 (ILMN-PCR-free-9a/9b)"
HG008	illumina_wgs	HG008 BCM Illumina WGS (T/N)	data_somatic/HG008/Liss_lab/BCM_Illumina-WGS_20240313	Illumina WGS (기종 미표기)	HG008-N-D 169x / HG008-T 195x(2배체 영역 환산, mean autosome 141x, 반수체 98x, NRPCC ~49x)	24	1380.6	TRUE	FASTQ 10개 (N-D 2개 + T 8개, 플로우셀 4개)	TRUE	.bai	0	GIAB			TRUE	BWA-MEM 0.7.17-r1188 → samtools v1.18 (sort) → samtools merge (snakemake wrapper 3.3.5)	GRCh37 hs37d5, GRCh38-GIABv3 (no_alt_analysis_set_maskedGRC_decoys_MAP2K3_KMT2C_KCNJ18), CHM13v2.0 (noPARmasking, CHM13 mito)	GIAB			FALSE	N/A				FALSE	N/A				-	-	-			FALSE	N/A				FALSE	N/A				TRUE	giab_doc:data_somatic/HG008/Liss_lab/BCM_Illumina-WGS_20240313/README_BCM_ILMN.md	T/N FASTQ 쌍으로 somatic 파이프라인(Mutect2/Strelka2/DeepSomatic 등) 실행 후 NIST HG008-T somatic 초안 벤치마크와 비교. CHM13 정렬은 maskedY_rCRS로 재정렬 권장	"CHM13v2.0 BAM 경고: Y PAR 미마스킹 + CHM13 미토콘드리아 사용 → X/Y PAR·mtDNA 변이는 부정확. PAR/mt 벤치마킹은 chm13v2.0_maskedY_rCRS.fa로 재정렬 권고. GIAB의 이 데이터 기반 somatic 콜은 analysis/DRAGEN-v4.2.4_ILMN-WGS_20240312 등 별도 디렉토리에 있음 | index: snakemake wrapper ""samtools index v1.31.1"" 사용 명시. BAM 6개 전부 .bam.bai 동봉 (미인덱스 0) | 장비/화학 상세: Illumina NovaSeq 6000 (ICS v1.8.1, bcl2fastq2 2.20.0.422), 2x150 bp PE, Roche Kapa HyperPrep PCR-free"
HG008	illumina_wgs	HG008 NYGC Illumina WGS (T/N)	data_somatic/HG008/Liss_lab/NYGC_Illumina-WGS_20231023	Illumina WGS (기종 미표기)	HG008-N-D 118x / HG008-T mean autosome 115x (2배체 161x, 반수체 80x, NRPCC ~40x)	58	1730.3	TRUE	FASTQ 48개 (T/N 각 플로우셀 3개 x 4레인)	TRUE	.bai	0	GIAB			TRUE	BWA-MEM v0.7.15 → ShortAlignmentMarking v2.1 → GATK v4.1.0 FixMateInformation → Novosort v1.03.01 markDuplicates → GATK BQSR (NYGC Somatic Pipeline v7)	GRCh38-GIABv3 (no_alt_analysis_set_maskedGRC_decoys_MAP2K3_KMT2C_KCNJ18), GRCh37 hs37d5	GIAB			FALSE	N/A				FALSE	N/A				-	-	-			FALSE	N/A				FALSE	N/A				TRUE	giab_doc:data_somatic/HG008/Liss_lab/NYGC_Illumina-WGS_20231023/README_NYGC.md	T/N FASTQ 48개로 somatic 파이프라인 실행. 정렬 비교는 NYGC BAM, 콜 비교는 analysis/NYGC-somatic-pipeline_20240412 결과를 사용	NYGC Somatic Pipeline v7에는 somatic 변이 검출도 포함되지만 그 결과 VCF는 이 디렉토리가 아니라 analysis/NYGC-somatic-pipeline_20240412/{GRCh37,GRCh38-GIABv3}에 있음. 이 프리픽스에는 VCF 0개 | index: BAM 4개 전부 .bai 동봉. GRCh38 정렬은 NYGC가 CRAM으로 보낸 것을 NIST가 samtools view -b -T로 BAM 변환 | 장비/화학 상세: Illumina NovaSeq 6000 (ICS v1.7.5, RTA v3.4.4), 2x150 bp PE, TruSeq UDI 라이브러리
HG008	illumina_wgs	HG008-T passage 13 BCM ILMN	data_somatic/HG008/Liss_lab/other_passages/BCM_ILMN-HG008Tp13_20250521	Illumina WGS (기종 미표기)	~85x (passage 13)	8	173.6	TRUE	FASTQ 4개 (플로우셀 22JHKKLT4, 22L2YWLT4)	TRUE	.crai	0	GIAB			TRUE	Dragen	GRCh38	GIAB			FALSE	N/A				FALSE	N/A				-	-	-			FALSE	N/A				FALSE	N/A				TRUE	giab_doc:data_somatic/HG008/Liss_lab/other_passages/BCM_ILMN-HG008Tp13_20250521/README_p13_20250521.md	계대 2/13 비교로 배양 중 체세포 변이 축적 추적. HG008-N-D 정상 데이터를 짝지어 somatic 콜 실행	"HG008-T 계대 13 종양 단독. Dragen 버전 미기재라 정렬 재현성 확인 불가. 정상 대조는 이 디렉토리에 없음 | index: ""coordinate sorted alignment files and associated index files"" — CRAM 1개 + .crai | 장비/화학 상세: Illumina NovaSeqX, 2x150 bp PE, PCR-free"
HG008	illumina_wgs	HG008-T passage 2 BCM ILMN	data_somatic/HG008/Liss_lab/other_passages/BCM_ILMN-HG008Tp2_20250521	Illumina WGS (기종 미표기)	~110x (passage 2)	8	219.7	TRUE	FASTQ 4개 (플로우셀 22JHKKLT4, 22L2YWLT4)	TRUE	.crai	0	GIAB			TRUE	Dragen	GRCh38	GIAB			FALSE	N/A				FALSE	N/A				-	-	-			FALSE	N/A				FALSE	N/A				TRUE	giab_doc:data_somatic/HG008/Liss_lab/other_passages/BCM_ILMN-HG008Tp2_20250521/README_p2_20250521.md	계대 2 vs 13 vs 23 비교로 체세포 변이 축적·클론 진화 분석. somatic 콜에는 HG008-N-D 정상 데이터 필요	HG008-T 계대 2 종양 단독. Dragen 버전 미기재. 주 데이터셋(BCM_Illumina-WGS_20240313)은 계대 23 기준이라 계대 비교 축으로 활용 | index: CRAM 1개 + .crai (coordinate sorted, index 동봉) | 장비/화학 상세: Illumina NovaSeqX, 2x150 bp PE, PCR-free
HG001	linked_reads	10X Chromium LongRanger2.0 (GRCh37+GRCh38)	data/NA12878/10Xgenomics_ChromiumGenome_LongRanger2.0_06202016	10X Chromium	NA12878 300Gb(시퀀싱량 표기, 커버리지 아님)	75	490.1	TRUE	10X barcoded FASTQ 64개 (read-RA/read-I1 × sample index 4 × lane 8)	TRUE	.bai,.tbi	0	GIAB			TRUE	Long Ranger v2.0 (디렉토리명 토큰; README 본문은 버전 미기재)	GRCh37, GRCh38	GIAB			TRUE	Long Ranger v2.0	GIAB			TRUE	Long Ranger v2.0	GIAB			-	-	-			-	-	-			FALSE	N/A				TRUE	giab_doc:data/NA12878/10Xgenomics_ChromiumGenome_LongRanger2.0_06202016/README	FASTQ가 있어 원하는 참조·툴로 재정렬·재콜이 가능하고, GRCh37/GRCh38 Long Ranger 2.0 산출물을 그 비교 기준으로 쓴다.	README는 CEPH·AJ 두 트리오 6샘플(NA12878/NA12891/NA12892/NA24385/NA24143/NA24149)을 함께 열거하지만 이 prefix에는 NA12878 산출물과 FASTQ만 있다. 이 데이터셋에서 유일하게 FASTQ+BAM+VCF가 한 prefix에 다 있다. | index: README가 'bam and bam.bai', 'vcf.gz and vcf.gz.tbi'로 인덱스 동반을 명시. 인덱싱 툴 이름은 없음. | 장비/화학 상세: 10X Chromium Genome ('Samples: GIAB trios using Chromium Genome')
HG001	linked_reads	10X Chromium LongRanger2.1 (GRCh38+hg19)	data/NA12878/10Xgenomics_ChromiumGenome_LongRanger2.1_09302016	10X Chromium	NA12878 75X (README)	17	362.9	FALSE		TRUE	.bai,.tbi	0	GIAB			TRUE	Long Ranger v2.1	hg19, GRCh38	GIAB			TRUE	Long Ranger v2.1	GIAB			TRUE	Long Ranger v2.1	GIAB			-	-	-			-	-	-			FALSE	N/A				TRUE	giab_doc:data/NA12878/10Xgenomics_ChromiumGenome_LongRanger2.1_09302016/README	정렬·페이징·변이까지 끝난 GIAB 산출물 그대로 사용. 재처리하려면 LongRanger2.0 디렉토리의 FASTQ를 입력으로 써야 한다.	파일명도 NA12878_hg19_* / NA12878_GRCh38_* 로 두 참조를 확인. 산출물은 phased_possorted BAM, phased_variants.vcf.gz, deletions.vcf.gz, large_svs.vcf.gz — 소변이와 SV 둘 다 콜됨. FASTQ는 이 prefix에 없다. | index: BAM 2개 .bai, VCF 6개 .tbi 전부 동반(미인덱스 0). 문서에 인덱싱 툴 언급 없음. | 장비/화학 상세: 10X Chromium Genome Platform
HG001	linked_reads	10X Chromium phased BAM (기본+size-selected)	data/NA12878/10XGenomics	10X Genomics (Chromium 미표기) — 또는 규칙 6대로 '미표기'. 같은 문제가 4행에 적용: data/NA12878/10XGenomics, data/AshkenazimTrio/HG002_NA24385_son/10XGenomics, data/AshkenazimTrio/HG003_NA24149_father/10XGenomics, data/AshkenazimTrio/HG004_NA24143_mother/10XGenomics. 이 4개 prefix 하위 전체 17개 경로에 'Chromium' 토큰이 0건이다(대소문자 무시 grep). 반면 HG001 LongRanger 2행과 HG002~HG004 10Xgenomics_ChromiumGenome 3행은 디렉토리명에 Chromium이 실제로 있어 ' 10X Chromium'이 정당하다.	NA12878 34X(short-read depth); sizeselected는 약 25–30x	8	175.6	FALSE		TRUE	.bai	0	GIAB			TRUE	Long Ranger (버전 미기재)		GIAB			TRUE	Long Ranger (버전 미기재)	GIAB			FALSE	N/A				-	-	-			-	-	-			FALSE	N/A				TRUE	giab_doc:data/NA12878/10XGenomics/README_10Xgenomes.txt	정렬·페이징 완료된 BAM이라 그대로 사용. FASTQ가 없어 재정렬은 불가하고, 소변이가 필요하면 이 BAM에서 직접 콜해야 한다.	GemCode 플랫폼이며 'Chromium' 토큰은 이 prefix 문서·경로에 없다. 소변이는 새로 콜한 것이 아니라 기존 GIAB VCF를 phasing에만 썼다. VCF·BEDPE·TSV 산출물은 data/NA12878/analysis/10XGenomics_calls_08142015/(같은 README 사본 존재)에 있고 이 prefix에는 BAM만 있다. | index: 두 BAM 모두 .bai 동반, sizeselected 쪽은 .md5까지. 문서에 인덱싱 툴 언급 없음. | 장비/화학 상세: 10X GemCode (Illumina HiSeq2500, High Output v4 또는 Rapid Run v1); 하위 10XGenomics_sizeselected는 PFGE로 50–100kb 선별 후 HiSeq2500 High Output v4
HG001	linked_reads	stLFR L0 (리드+정렬+VCF)	data/NA12878/stLFR	stLFR		8	513.6	TRUE	barcode-split FASTQ 2개 (read 이름 '#' 뒤에 [0-9]+_[0-9]+_[0-9]+ 형식 barcode)	PARTIAL	.bai	1	GIAB			TRUE	N/A	hs37d5	GIAB			FALSE	N/A				TRUE	GATK (버전 미기재)	GIAB			-	-	-			-	-	-			FALSE	N/A				TRUE	giab_doc:data/NA12878/stLFR/readme.txt	barcode-split FASTQ가 있어 재정렬·재콜이 가능하고, GIAB의 GATK VCF는 bgzip+tabix로 압축·인덱스한 뒤 비교 기준으로 쓴다.	매퍼 이름이 문서에 없다 — 참조(hs37d5)와 rmdup 여부만 기술되어 align_tool은 N/A. 데이터 출처는 Complete Genomics Inc.와 BGI, 방법 논문 genome.cshlp.org/content/29/5/798. GATK도 버전·서브커맨드 미기재. 담당 목록의 unindexed=1은 이 비압축 VCF다. | index: stLFR.L0.sort.rmdup.bam은 .bai 있음. stLFR.L0.variants.vcf는 비압축·미인덱스 → bgzip+tabix 필요. 문서에 인덱싱 툴 언급 없음. | 장비/화학 상세: BGISEQ-500, stLFR 라이브러리, PE100
HG002	linked_reads	10X Chromium FASTQ only	data/AshkenazimTrio/HG002_NA24385_son/10Xgenomics_ChromiumGenome	10X Chromium		65	166.0	TRUE	10X barcoded FASTQ 64개 (read-RA/read-I1 × sample index 4 × lane 8) + md5.in	-		0	-			FALSE	N/A					FALSE	N/A				FALSE	N/A				-	-	-			-	-	-			FALSE	N/A				FALSE	N/A	FASTQ만 있는 상태 — barcode-aware 정렬·페이징(Long Ranger 계열 또는 대안 툴)을 사용자가 직접 돌려야 한다.	참고용(출처로는 쓰지 않음): data/NA12878/10Xgenomics_ChromiumGenome_LongRanger2.0_06202016/README가 같은 Chromium Genome 릴리스에서 NA24385를 300Gb로 열거하고 GRCh37/GRCh38 산출물 규격을 적어 두었다. 다른 샘플 디렉토리의 문서라 이 prefix의 처리 근거로는 채택하지 않았다.
HG002	linked_reads	10X Chromium phased BAM	data/AshkenazimTrio/HG002_NA24385_son/10XGenomics	10X Chromium	NA24385 25X (short-read depth)	3	60.1	FALSE		TRUE	.bai	0	GIAB			TRUE	Long Ranger (버전 미기재)		GIAB			TRUE	Long Ranger (버전 미기재)	GIAB			FALSE	N/A				-	-	-			-	-	-			FALSE	N/A				TRUE	giab_doc:data/AshkenazimTrio/HG002_NA24385_son/10XGenomics/README_10Xgenomes.txt	페이징된 BAM 그대로 사용. FASTQ가 없어 재정렬은 불가하니 재처리는 같은 샘플 10Xgenomics_ChromiumGenome FASTQ로.	GemCode 플랫폼이고 이 prefix 경로·문서에 'Chromium' 토큰 없음. 소변이를 새로 콜하지 않고 기존 GIAB VCF(HG002-multiall-fullcombine)를 phasing에만 사용. 이 prefix에는 BAM만 있고 VCF/BEDPE/TSV는 없다. | index: NA24385_phased_possorted_bam.bam에 .bai 동반. 문서에 인덱싱 툴 언급 없음. | 장비/화학 상세: 10X GemCode (Illumina HiSeq2500, High Output v4 또는 Rapid Run v1)
HG002	linked_reads	HG002 stLFR (MGISEQ2000)	data/AshkenazimTrio/HG002_NA24385_son/MGISEQ/stLFR	MGISEQ-2000 stLFR		3	227.5	TRUE	stLFR barcode-split FASTQ 2개 (MGISEQ2000_stLFR_NA24385_split_read_1/2.fq.gz) + Md5.in	-		0	-			FALSE	N/A					FALSE	N/A				FALSE	N/A				-	-	-			-	-	-			FALSE	N/A				FALSE	N/A	문서가 없는 원시 FASTQ — 참조(hs37d5 또는 GRCh38)와 정렬 툴을 사용자가 정해 처음부터 돌려야 한다.	장비 표기 MGISEQ2000은 파일명 토큰이라 platform_refined(문서 확인분)에는 넣지 않았다. 같은 샘플의 BGISEQ-500 stLFR(data/AshkenazimTrio/HG002_NA24385_son/stLFR)과는 별개 데이터셋이다.
HG002	linked_reads	stLFR (리드+정렬)	data/AshkenazimTrio/HG002_NA24385_son/stLFR	stLFR		7	433.0	TRUE	barcode-split FASTQ 2개 (read 이름 '#' 뒤 barcode)	TRUE	.bai	0	GIAB			TRUE	N/A	hs37d5	GIAB			FALSE	N/A				FALSE	N/A				-	-	-			-	-	-			FALSE	N/A				TRUE	giab_doc:data/AshkenazimTrio/HG002_NA24385_son/stLFR/readme.txt	hs37d5 정렬 BAM과 FASTQ가 함께 있으니 변이콜부터 진행하고, 매퍼가 미기재라 재현이 필요하면 자체 정렬부터 다시 한다.	readme는 7개 stLFR 디렉토리 공통 템플릿이다. 템플릿이 '*.variant.vcf -- Variant file created by GATK tool'을 열거하지만 이 prefix에는 VCF가 없다(실측 n_vcf=0, HG001 stLFR에만 존재). 그래서 변이 단계는 FALSE로 둔다. | index: stLFR_NA24385.sort.rmdup.bam에 .bai 동반. 문서에 인덱싱 툴 언급 없음. | 장비/화학 상세: BGISEQ-500, stLFR 라이브러리, PE100
HG003	linked_reads	10X Chromium FASTQ only	data/AshkenazimTrio/HG003_NA24149_father/10Xgenomics_ChromiumGenome	10X Chromium		64	80.8	TRUE	10X barcoded FASTQ 64개 (read-RA/read-I1 × sample index 4 × lane 8)	-		0	-			FALSE	N/A					FALSE	N/A				FALSE	N/A				-	-	-			-	-	-			FALSE	N/A				FALSE	N/A	FASTQ만 있는 상태 — barcode-aware 정렬·페이징을 사용자가 직접 돌려야 한다.	참고용(출처 아님): NA12878 쪽 LongRanger2.0 릴리스 README가 같은 Chromium Genome 배치에서 NA24149를 128Gb로 열거한다. 다른 샘플 디렉토리 문서라 처리 근거로는 채택하지 않았다.
HG003	linked_reads	10X Chromium phased BAM	data/AshkenazimTrio/HG003_NA24149_father/10XGenomics	10X Chromium	NA24149 22X (short-read depth)	3	62.5	FALSE		TRUE	.bai	0	GIAB			TRUE	Long Ranger (버전 미기재)		GIAB			TRUE	Long Ranger (버전 미기재)	GIAB			FALSE	N/A				-	-	-			-	-	-			FALSE	N/A				TRUE	giab_doc:data/AshkenazimTrio/HG003_NA24149_father/10XGenomics/README_10Xgenomes.txt	페이징된 BAM 그대로 사용. 재정렬은 같은 샘플 10Xgenomics_ChromiumGenome FASTQ로.	GemCode 플랫폼이고 경로·문서에 'Chromium' 토큰 없음. 소변이 콜은 없고 기존 GIAB VCF를 phasing에만 사용. 이 prefix에는 BAM만. | index: NA24149_phased_possorted_bam.bam에 .bai 동반. 문서에 인덱싱 툴 언급 없음. | 장비/화학 상세: 10X GemCode (Illumina HiSeq2500, High Output v4 또는 Rapid Run v1)
HG003	linked_reads	stLFR (리드+정렬)	data/AshkenazimTrio/HG003_NA24149_father/stLFR	stLFR		5	428.5	TRUE	barcode-split FASTQ 2개 (read 이름 '#' 뒤 barcode)	TRUE	.bai	0	GIAB			TRUE	N/A	hs37d5	GIAB			FALSE	N/A				FALSE	N/A				-	-	-			-	-	-			FALSE	N/A				TRUE	giab_doc:data/AshkenazimTrio/HG003_NA24149_father/stLFR/readme.txt	hs37d5 정렬 BAM과 FASTQ가 있으니 변이콜부터 진행. 매퍼 미기재라 재현엔 자체 정렬 필요.	공통 템플릿 readme. 템플릿의 GATK VCF 항목에 해당하는 파일이 이 prefix에는 없다(실측 n_vcf=0). | index: stLFR_NA24149.sort.rmdup.bam에 .bai 동반. 문서에 인덱싱 툴 언급 없음. | 장비/화학 상세: BGISEQ-500, stLFR 라이브러리, PE100
HG004	linked_reads	10X Chromium FASTQ only	data/AshkenazimTrio/HG004_NA24143_mother/10Xgenomics_ChromiumGenome	10X Chromium		64	86.5	TRUE	10X barcoded FASTQ 64개 (read-RA/read-I1 × sample index 4 × lane 8)	-		0	-			FALSE	N/A					FALSE	N/A				FALSE	N/A				-	-	-			-	-	-			FALSE	N/A				FALSE	N/A	FASTQ만 있는 상태 — barcode-aware 정렬·페이징을 사용자가 직접 돌려야 한다.	참고용(출처 아님): NA12878 쪽 LongRanger2.0 릴리스 README가 같은 Chromium Genome 배치에서 NA24143을 128Gb로 열거한다. 다른 샘플 디렉토리 문서라 처리 근거로는 채택하지 않았다.
HG004	linked_reads	10X Chromium phased BAM	data/AshkenazimTrio/HG004_NA24143_mother/10XGenomics	10X Chromium	NA24143 24X (short-read depth)	3	56.2	FALSE		TRUE	.bai	0	GIAB			TRUE	Long Ranger (버전 미기재)		GIAB			TRUE	Long Ranger (버전 미기재)	GIAB			FALSE	N/A				-	-	-			-	-	-			FALSE	N/A				TRUE	giab_doc:data/AshkenazimTrio/HG004_NA24143_mother/10XGenomics/README_10Xgenomes.txt	페이징된 BAM 그대로 사용. 재정렬은 같은 샘플 10Xgenomics_ChromiumGenome FASTQ로.	GemCode 플랫폼이고 경로·문서에 'Chromium' 토큰 없음. 소변이 콜 없음(기존 GIAB VCF를 phasing에만). 이 prefix에는 BAM만. | index: NA24143_phased_possorted_bam.bam에 .bai 동반. 문서에 인덱싱 툴 언급 없음. | 장비/화학 상세: 10X GemCode (Illumina HiSeq2500, High Output v4 또는 Rapid Run v1)
HG004	linked_reads	stLFR (리드+정렬)	data/AshkenazimTrio/HG004_NA24143_mother/stLFR	stLFR		5	386.7	TRUE	barcode-split FASTQ 2개 (read 이름 '#' 뒤 barcode)	TRUE	.bai	0	GIAB			TRUE	N/A	hs37d5	GIAB			FALSE	N/A				FALSE	N/A				-	-	-			-	-	-			FALSE	N/A				TRUE	giab_doc:data/AshkenazimTrio/HG004_NA24143_mother/stLFR/readme.txt	hs37d5 정렬 BAM과 FASTQ가 있으니 변이콜부터 진행. 매퍼 미기재라 재현엔 자체 정렬 필요.	템플릿의 GATK VCF 항목에 해당하는 파일이 이 prefix에는 없다(실측 n_vcf=0). | index: stLFR_NA24143.sort.rmdup.bam에 .bai 동반. 문서에 인덱싱 툴 언급 없음. | 장비/화학 상세: BGISEQ-500, stLFR 라이브러리, PE100
HG005	linked_reads	HG005 stLFR (MGISEQ2000)	data/ChineseTrio/HG005_NA24631_son/MGISEQ/stLFR	MGISEQ-2000 stLFR		2	226.1	TRUE	stLFR barcode-split FASTQ 2개 (MGISEQ2000_stLFR_NA24631_split_read_1/2.fq.gz)	-		0	-			FALSE	N/A					FALSE	N/A				FALSE	N/A				-	-	-			-	-	-			FALSE	N/A				FALSE	N/A	문서 없는 원시 FASTQ — 참조와 정렬 툴을 정해 처음부터 돌려야 한다.	장비 표기 MGISEQ2000은 파일명 토큰이라 문서 확인분에는 넣지 않았다. 같은 샘플의 BGISEQ-500 stLFR과 별개 데이터셋.
HG005	linked_reads	stLFR (리드+정렬)	data/ChineseTrio/HG005_NA24631_son/stLFR	stLFR		7	429.3	TRUE	barcode-split FASTQ 2개 (read 이름 '#' 뒤 barcode)	TRUE	.bai	0	GIAB			TRUE	N/A	hs37d5	GIAB			FALSE	N/A				FALSE	N/A				-	-	-			-	-	-			FALSE	N/A				TRUE	giab_doc:data/ChineseTrio/HG005_NA24631_son/stLFR/readme.txt	hs37d5 정렬 BAM과 FASTQ가 있으니 변이콜부터 진행. 매퍼 미기재라 재현엔 자체 정렬 필요.	템플릿의 GATK VCF 항목에 해당하는 파일이 이 prefix에는 없다(실측 n_vcf=0). | index: stLFR_NA24631.sort.rmdup.bam에 .bai 동반. 문서에 인덱싱 툴 언급 없음. | 장비/화학 상세: BGISEQ-500, stLFR 라이브러리, PE100
HG006	linked_reads	stLFR (리드+정렬)	data/ChineseTrio/HG006_NA24694-huCA017E_father/stLFR	stLFR		5	422.3	TRUE	barcode-split FASTQ 2개 (read 이름 '#' 뒤 barcode)	TRUE	.bai	0	GIAB			TRUE	N/A	hs37d5	GIAB			FALSE	N/A				FALSE	N/A				-	-	-			-	-	-			FALSE	N/A				TRUE	giab_doc:data/ChineseTrio/HG006_NA24694-huCA017E_father/stLFR/readme.txt	hs37d5 정렬 BAM과 FASTQ가 있으니 변이콜부터 진행. 매퍼 미기재라 재현엔 자체 정렬 필요.	템플릿의 GATK VCF 항목에 해당하는 파일이 이 prefix에는 없다(실측 n_vcf=0). | index: stLFR_NA24694.sort.rmdup.bam에 .bai 동반. 문서에 인덱싱 툴 언급 없음. | 장비/화학 상세: BGISEQ-500, stLFR 라이브러리, PE100
HG007	linked_reads	stLFR (리드+정렬)	data/ChineseTrio/HG007_NA24695-hu38168_mother/stLFR	stLFR		5	430.8	TRUE	barcode-split FASTQ 2개 (read 이름 '#' 뒤 barcode)	TRUE	.bai	0	GIAB			TRUE	N/A	hs37d5	GIAB			FALSE	N/A				FALSE	N/A				-	-	-			-	-	-			FALSE	N/A				TRUE	giab_doc:data/ChineseTrio/HG007_NA24695-hu38168_mother/stLFR/readme.txt	hs37d5 정렬 BAM과 FASTQ가 있으니 변이콜부터 진행. 매퍼 미기재라 재현엔 자체 정렬 필요.	템플릿의 GATK VCF 항목에 해당하는 파일이 이 prefix에는 없다(실측 n_vcf=0). | index: stLFR_NA24695.sort.rmdup.bam에 .bai 동반. 문서에 인덱싱 툴 언급 없음. | 장비/화학 상세: BGISEQ-500, stLFR 라이브러리, PE100
HG001	ont	HG001 ONT ultralong (MinION UL, GRCh37/38 BAM)	data/NA12878/Ultralong_OxfordNanopore	MinION ultralong (파일명 minion-ul)		6	329.1	FALSE	N/A — 정렬 BAM만. 베이스콜/원시 리드는 nanopore-wgs-consortium AWS 버킷	TRUE	.bai	0	GIAB			TRUE	minimap2 vb09096fc890429ce (-x map-ont)	GRCh38 (GCA_000001405.15 no_alt_analysis_set)	me	/BiO/scratch/ehojune/GIAB_benchmark/processed_data_ehojune/HG001/ONT/Ultralong_OxfordNanopore/02_alignedBAM	phase2_ont/scripts/10_submit.sh	TRUE	LongPhase v2.0.2 (Clair3 VCF phase+haplotag, SV 동시 위상)	me	/BiO/scratch/ehojune/GIAB_benchmark/processed_data_ehojune/HG001/ONT/Ultralong_OxfordNanopore/03_VCF/phased_longphase	phase2_ont/scripts/10_submit.sh	TRUE	Clair3 v1.2.0 + Sniffles2 v2.8.0 [clair3 model: r941_prom_hac_g360+g422]	me	/BiO/scratch/ehojune/GIAB_benchmark/processed_data_ehojune/HG001/ONT/Ultralong_OxfordNanopore/03_VCF	phase2_ont/scripts/10_submit.sh	-	-	-			-	-	-			FALSE	N/A				TRUE	giab_doc:data/NA12878/Ultralong_OxfordNanopore/NA12878-minion-ul-README.txt	phase2 raw→VCF 완료 (minimap2 정렬 + Clair3 + Sniffles2 + LongPhase 위상) (R9.4.1이라 DeepVariant는 해당 모델이 없어 생략). 산출물 경로는 variant_local_path. 다음: truth set 대비 hap.py/truvari 평가.	제목이 'Mapped and phased ... MinION ultra-long dataset'이고 본문에 haplotag 명령이 있어 phase 확정. 파일명에는 phased 표기 없음. minimap2·whatshap 버전은 문서에 없음 | index: 인덱싱 툴 언급 없음. .bam.bai 2개 동봉 | 장비/화학 상세: MinION ultra-long, rel6 베이스콜 (README: 'rel6 based called reads')
HG002	ont	HG002 Cornell ONT 2D (fast5 원시 2912개 + 2D 리드)	data/AshkenazimTrio/HG002_NA24385_son/CORNELL_Oxford_Nanopore	ONT 2D 케미스트리 (기기명 미표기; 파일명 토큰은 2D뿐, fast5 채널 ch1~ch510)		2915	5.7	TRUE	fast5 2912개(채널별) + 2D fastq 1 / fasta 1	-		0	-			FALSE	N/A					-	-	-			FALSE	N/A				-	-	-			-	-	-			FALSE	N/A				FALSE	giab_doc:data/AshkenazimTrio/HG002_NA24385_son/CORNELL_Oxford_Nanopore/README.txt	phase2에서 제외: 2D 리드가 fastq 96 MB(+fasta 43 MB) = 0.03x 수준이고, 원시 데이터는 fast5 2912개다. R7 2D 케미스트리는 Clair3/DeepVariant 모델이 아예 없고 fast5 재베이스콜은 정책상 제외. 커버리지만으로도 변이 호출이 불가능하다 (2026-08-22 사용자 확인)	베이스콜러 Metrichor 2.26 (2D). GIAB 정렬본 없음. 2D 케미스트리 fast5라 5mC 모델 해당 없음 | index: 인덱스 파일 없음 (fastq/fasta, fast5) | 장비/화학 상세: ONT minION, 2D 케미스트리 (README: 'minION nanopore sequencing device')
HG002	ont	HG002 ONT-UL Guppy 2.3.4 (2019-06-26)	data/AshkenazimTrio/HG002_NA24385_son/Ultralong_OxfordNanopore/guppy-V2.3.4_2019-06-26	ONT ultralong (기기/케미스트리 미표기)	~52x total, reads>100kb ~15x	15	627.3	TRUE	combined fastq.gz 1개 + sequencing_summary.txt.gz	TRUE	.bai	0	GIAB			TRUE	minimap2 (-a -z 600,200 -x map-ont)	hs37d5(GRCh37), GRCh38	GIAB			TRUE	whatshap haplotag	GIAB			FALSE	N/A				-	-	-			-	-	-			FALSE	N/A				TRUE	giab_doc:data/AshkenazimTrio/HG002_NA24385_son/Ultralong_OxfordNanopore/guppy-V2.3.4_2019-06-26/README.txt	오라벨 3개 플로우셀 리드를 먼저 제외할 것. hs37d5 phased BAM은 그대로 사용 가능하고, GRCh38 BAM은 비페이즈라 whatshap haplotag가 사용자 몫	디렉토리명 guppy-V2.3.4 vs 본문 guppy 2.3.5 불일치. hs37d5만 phased BAM이고 GRCh38은 reheader BAM(비페이즈). 플로우셀 FAH71622/FAH86841/FAH87405는 HG001 오라벨 — mis-labeled-sample_run-ids.txt 참조 | index: .bai 동봉. read group 추출은 samtools -R 또는 bamUtil splitBam 안내(인덱싱 툴 자체는 미기재) | 장비/화학 상세: MinION FLO-MIN106 주력(SQK-RAD003/RAD004) + GridION/PromethION (README)
HG002	ont	HG002 ONT-UL Guppy 3.2.4 (2020-01-22, phased)	data/AshkenazimTrio/HG002_NA24385_son/Ultralong_OxfordNanopore/guppy-V3.2.4_2020-01-22	ONT ultralong (기기/케미스트리 미표기)	~52x total, reads>100kb ~15x	12	571.0	TRUE	combined fastq.gz 1개 + sequencing_summary.txt.gz	TRUE	.bai	0	GIAB			TRUE	minimap2 (-a -z 600,200 -x map-ont)	hs37d5(GRCh37), GRCh38	GIAB			TRUE	whatshap haplotag (giab-ont-ul-pipeline ul-HG002, commit 416c5be)	GIAB			FALSE	N/A				-	-	-			-	-	-			FALSE	N/A				TRUE	giab_doc:data/AshkenazimTrio/HG002_NA24385_son/Ultralong_OxfordNanopore/guppy-V3.2.4_2020-01-22/README	GRCh37/38 phased BAM 그대로 사용. 정렬을 다시 하려면 같은 디렉토리의 guppy 3.2.4 fastq.gz로 minimap2 재실행	양쪽 레퍼런스 모두 phased BAM 제공. minimap2·whatshap 버전 미기재 | index: .bai 동봉. read group 추출은 samtools -R / bamUtil splitBam 안내 | 장비/화학 상세: MinION FLO-MIN106 주력 + GridION/PromethION (README)
HG002	ont	HG002 ONT-UL Guppy 3.4.5 (align only)	data/AshkenazimTrio/HG002_NA24385_son/Ultralong_OxfordNanopore/guppy-V3.4.5	ONT ultralong (기기/케미스트리 미표기)	~52x total, reads>100kb ~15x	11	545.0	TRUE	combined fastq.gz 1개 + sequencing_summary.txt.gz	TRUE	.bai	0	GIAB			TRUE	minimap2 vb09096fc890429ce (-x map-ont)	GRCh38 (GCA_000001405.15 no_alt_analysis_set)	me	/BiO/scratch/ehojune/GIAB_benchmark/processed_data_ehojune/HG002/ONT/guppy-V3.4.5/02_alignedBAM	phase2_ont/scripts/10_submit.sh	TRUE	LongPhase v2.0.2 (Clair3 VCF phase+haplotag, SV 동시 위상)	me	/BiO/scratch/ehojune/GIAB_benchmark/processed_data_ehojune/HG002/ONT/guppy-V3.4.5/03_VCF/phased_longphase	phase2_ont/scripts/10_submit.sh	TRUE	Clair3 v1.2.0 + Sniffles2 v2.8.0 [clair3 model: r941_prom_hac_g360+g422]	me	/BiO/scratch/ehojune/GIAB_benchmark/processed_data_ehojune/HG002/ONT/guppy-V3.4.5/03_VCF	phase2_ont/scripts/10_submit.sh	-	-	-			-	-	-			FALSE	N/A				TRUE	giab_doc:data/AshkenazimTrio/HG002_NA24385_son/Ultralong_OxfordNanopore/guppy-V3.4.5/README_ONT-UL_GIAB_HG002.md	phase2 raw→VCF 완료 (minimap2 정렬 + Clair3 + Sniffles2 + LongPhase 위상) (R9.4.1이라 DeepVariant는 해당 모델이 없어 생략). 산출물 경로는 variant_local_path. 다음: truth set 대비 hap.py/truvari 평가.	README의 Phasing 절은 이전 릴리스에서 그대로 옮겨온 서술로 보이고, 실제 배포 파일에 phased BAM이 없어 phased=FALSE로 판정. FAH41164 플로우셀 multi-fast5 하나가 베이스콜 실패해 ~3k 리드 누락 | index: .bai 동봉. read group 추출은 samtools -R / bamUtil splitBam 안내 | 장비/화학 상세: MinION FLO-MIN106 주력 + GridION/PromethION (README)
HG002	ont	HG002 ONT-UL combined 2018-05-18 (rel1)	data/AshkenazimTrio/HG002_NA24385_son/Ultralong_OxfordNanopore/combined_2018-05-18	ONT ultralong (기기/케미스트리 미표기)	6x	10	44.4	TRUE	combined fastq.gz 1개	TRUE	.crai	0	GIAB			TRUE	minimap2 (-a -z 600,200 -x map-ont)	hs37d5(GRCh37), hg38 — sorted CRAM	GIAB			FALSE	N/A				FALSE	N/A				-	-	-			-	-	-			FALSE	N/A				TRUE	giab_doc:data/AshkenazimTrio/HG002_NA24385_son/Ultralong_OxfordNanopore/combined_2018-05-18/README_2018-05-17	6x·구버전 베이스콜이라 신규 분석에는 부적합. 같은 리드의 최신 베이스콜인 guppy-V3.4.5 릴리스를 쓰고, 이 디렉토리는 릴리스 이력 비교용으로만 보관	rel1(6x) 초기 릴리스. 페이징 산출물 없음. albacore 버전은 문서가 스스로 미확정이라고 밝힘 | index: .crai 동봉. 인덱싱 툴 미기재 | 장비/화학 상세: MinION FLO-MIN106, SQK-RAD003/RAD004 혼용 (README)
HG002	ont	HG002 ONT-UL combined 2018-08-10 (rel2, raw fast5 tar 포함)	data/AshkenazimTrio/HG002_NA24385_son/Ultralong_OxfordNanopore/combined_2018-08-10	ONT ultralong (기기/케미스트리 미표기)	16x total, reads>100kb 4x; HP BAM 16x	26	937.4	TRUE	raw fast5 tar 10개 + combined fastq.gz 1개	TRUE	.bai,.crai	0	GIAB			TRUE	minimap2 (-a -z 600,200 -x map-ont)	hs37d5(GRCh37), hg38 — sorted CRAM	GIAB			TRUE	whatshap haplotag	GIAB			FALSE	N/A				-	-	-			-	-	-			FALSE	N/A				TRUE	giab_doc:data/AshkenazimTrio/HG002_NA24385_son/Ultralong_OxfordNanopore/combined_2018-08-10/README_2018-08-10 + giab_doc:.../HG002_ONTrel2_16x_RG_HP10xtrioRTG.cram_filename_change_01292020.README	raw_fast5s.1~10.tar로 dorado R9 legacy 재베이스콜 → 재정렬하는 실험이 가능. 정렬본만 필요하면 같은 리드의 guppy-V3.4.5(52x) 릴리스가 최신	이 버킷의 HG002 ONT 릴리스 중 원시 fast5(tar 10개)가 실제로 들어 있는 유일한 디렉토리. haplotag 산출물은 hs37d5 한 개뿐 | index: haplotag 산출물은 실제로 BAM이어서 .cram.bam / .cram.bam.bai로 재명명 (filename_change README) | 장비/화학 상세: MinION FLO-MIN106 주력(SQK-RAD003/RAD004) + GridION/PromethION 일부 (README)
HG002	ont	HG002 UCSC ONT-UL PromethION (20200508, phased)	data/AshkenazimTrio/HG002_NA24385_son/UCSC_Ultralong_OxfordNanopore_Promethion	PromethION ultralong		15	511.3	TRUE	fastq.gz 3개(플로우셀별) + sequencing_summary.txt.gz 3개	TRUE	.bai	0	GIAB			TRUE	minimap2 vb09096fc890429ce (-x map-ont)	GRCh38 (GCA_000001405.15 no_alt_analysis_set)	me	/BiO/scratch/ehojune/GIAB_benchmark/processed_data_ehojune/HG002/ONT/UCSC_Ultralong_OxfordNanopore_Promethion/02_alignedBAM	phase2_ont/scripts/10_submit.sh	TRUE	LongPhase v2.0.2 (Clair3 VCF phase+haplotag, SV 동시 위상)	me	/BiO/scratch/ehojune/GIAB_benchmark/processed_data_ehojune/HG002/ONT/UCSC_Ultralong_OxfordNanopore_Promethion/03_VCF/phased_longphase	phase2_ont/scripts/10_submit.sh	TRUE	Clair3 v1.2.0 + Sniffles2 v2.8.0 [clair3 model: r941_prom_hac_g360+g422]	me	/BiO/scratch/ehojune/GIAB_benchmark/processed_data_ehojune/HG002/ONT/UCSC_Ultralong_OxfordNanopore_Promethion/03_VCF	phase2_ont/scripts/10_submit.sh	-	-	-			-	-	-			FALSE	N/A				TRUE	giab_doc:data/AshkenazimTrio/HG002_NA24385_son/UCSC_Ultralong_OxfordNanopore_Promethion/README_ONT-UL_UCSC_HG002.md	phase2 raw→VCF 완료 (minimap2 정렬 + Clair3 + Sniffles2 + LongPhase 위상) (R9.4.1이라 DeepVariant는 해당 모델이 없어 생략). 산출물 경로는 variant_local_path. 다음: truth set 대비 hap.py/truvari 평가.	본문은 guppy 3.2.5, read group PG 설명은 guppy v3.2.4 — 같은 문서 안에서 표기가 어긋남. minimap2·whatshap 버전 미기재 | index: QA는 samtools와 자체 스크립트로 수행(문서 명시). .bam.bai 동봉, 인덱싱 명령은 미기재 | 장비/화학 상세: PromethION, FLO-PRO002 + SQK-LSK109, R9.4.1 flipflop 모델
HG003	ont	HG003 UCSC ONT-UL PromethION (20200508)	data/AshkenazimTrio/HG003_NA24149_father/UCSC_Ultralong_OxfordNanopore_Promethion	PromethION ultralong		16	896.0	TRUE	fastq.gz 3개(플로우셀별) + sequencing_summary.txt.gz 3개	TRUE	.bai	0	GIAB			TRUE	minimap2 vb09096fc890429ce (-x map-ont)	GRCh38 (GCA_000001405.15 no_alt_analysis_set)	me	/BiO/scratch/ehojune/GIAB_benchmark/processed_data_ehojune/HG003/ONT/UCSC_Ultralong_OxfordNanopore_Promethion/02_alignedBAM	phase2_ont/scripts/10_submit.sh	TRUE	LongPhase v2.0.2 (Clair3 VCF phase+haplotag, SV 동시 위상)	me	/BiO/scratch/ehojune/GIAB_benchmark/processed_data_ehojune/HG003/ONT/UCSC_Ultralong_OxfordNanopore_Promethion/03_VCF/phased_longphase	phase2_ont/scripts/10_submit.sh	TRUE	Clair3 v1.2.0 + Sniffles2 v2.8.0 [clair3 model: r941_prom_hac_g360+g422]	me	/BiO/scratch/ehojune/GIAB_benchmark/processed_data_ehojune/HG003/ONT/UCSC_Ultralong_OxfordNanopore_Promethion/03_VCF	phase2_ont/scripts/10_submit.sh	-	-	-			-	-	-			FALSE	N/A				TRUE	giab_doc:data/AshkenazimTrio/HG003_NA24149_father/UCSC_Ultralong_OxfordNanopore_Promethion/README_ONT-UL_UCSC_HG003.md	phase2 raw→VCF 완료 (minimap2 정렬 + Clair3 + Sniffles2 + LongPhase 위상) (R9.4.1이라 DeepVariant는 해당 모델이 없어 생략). 산출물 경로는 variant_local_path. 다음: truth set 대비 hap.py/truvari 평가.	File Types 절이 bam을 'phased aligned reads'로 적었지만 HG002 문서에서 복사된 표기로 보이고, 처리 방법 목록과 파일명 모두 페이징 흔적이 없어 FALSE로 판정 | index: QA는 samtools와 자체 스크립트(문서 명시). .bam.bai 동봉 | 장비/화학 상세: PromethION, FLO-PRO002 + SQK-LSK109, R9.4.1 flipflop 모델
HG004	ont	HG004 UCSC ONT-UL PromethION (20200508)	data/AshkenazimTrio/HG004_NA24143_mother/UCSC_Ultralong_OxfordNanopore_Promethion	PromethION ultralong		16	916.7	TRUE	fastq.gz 3개(플로우셀별) + sequencing_summary.txt.gz 3개	TRUE	.bai	0	GIAB			TRUE	minimap2 vb09096fc890429ce (-x map-ont)	GRCh38 (GCA_000001405.15 no_alt_analysis_set)	me	/BiO/scratch/ehojune/GIAB_benchmark/processed_data_ehojune/HG004/ONT/UCSC_Ultralong_OxfordNanopore_Promethion/02_alignedBAM	phase2_ont/scripts/10_submit.sh	TRUE	LongPhase v2.0.2 (Clair3 VCF phase+haplotag, SV 동시 위상)	me	/BiO/scratch/ehojune/GIAB_benchmark/processed_data_ehojune/HG004/ONT/UCSC_Ultralong_OxfordNanopore_Promethion/03_VCF/phased_longphase	phase2_ont/scripts/10_submit.sh	TRUE	Clair3 v1.2.0 + Sniffles2 v2.8.0 [clair3 model: r941_prom_hac_g360+g422]	me	/BiO/scratch/ehojune/GIAB_benchmark/processed_data_ehojune/HG004/ONT/UCSC_Ultralong_OxfordNanopore_Promethion/03_VCF	phase2_ont/scripts/10_submit.sh	-	-	-			-	-	-			FALSE	N/A				TRUE	giab_doc:data/AshkenazimTrio/HG004_NA24143_mother/UCSC_Ultralong_OxfordNanopore_Promethion/README_ONT-UL_UCSC_HG004.md	phase2 raw→VCF 완료 (minimap2 정렬 + Clair3 + Sniffles2 + LongPhase 위상) (R9.4.1이라 DeepVariant는 해당 모델이 없어 생략). 산출물 경로는 variant_local_path. 다음: truth set 대비 hap.py/truvari 평가.	HG003과 동일 구조의 문서. File Types의 'phased aligned reads' 문구는 HG002 문서 복사 흔적으로 판단 | index: QA는 samtools와 자체 스크립트(문서 명시). .bam.bai 동봉 | 장비/화학 상세: PromethION, FLO-PRO002 + SQK-LSK109, R9.4.1 flipflop 모델
HG005	ont	HG005 UCSC ONT-UL PromethION R9.4.1 Guppy 4.2.2 (phased)	data/ChineseTrio/HG005_NA24631_son/UCSC_Ultralong_OxfordNanopore_Promethion	PromethION ultralong, R9.4.1 (파일명 R941)		14	526.9	TRUE	fastq.gz 3개(Guppy 4.2.2) + sequencing_summary.txt.gz 3개	TRUE	.bai	0	GIAB			TRUE	minimap2 vb09096fc890429ce (-x map-ont)	GRCh38 (GCA_000001405.15 no_alt_analysis_set)	me	/BiO/scratch/ehojune/GIAB_benchmark/processed_data_ehojune/HG005/ONT/UCSC_Ultralong_OxfordNanopore_Promethion/02_alignedBAM	phase2_ont/scripts/10_submit.sh	TRUE	LongPhase v2.0.2 (Clair3 VCF phase+haplotag, SV 동시 위상)	me	/BiO/scratch/ehojune/GIAB_benchmark/processed_data_ehojune/HG005/ONT/UCSC_Ultralong_OxfordNanopore_Promethion/03_VCF/phased_longphase	phase2_ont/scripts/10_submit.sh	TRUE	Clair3 v1.2.0 + Sniffles2 v2.8.0 [clair3 model: r941_prom_hac_g360+g422]	me	/BiO/scratch/ehojune/GIAB_benchmark/processed_data_ehojune/HG005/ONT/UCSC_Ultralong_OxfordNanopore_Promethion/03_VCF	phase2_ont/scripts/10_submit.sh	-	-	-			-	-	-			FALSE	N/A				TRUE	giab_doc:data/ChineseTrio/HG005_NA24631_son/UCSC_Ultralong_OxfordNanopore_Promethion/README_ONT-UL_UCSC_HG005.md	phase2 raw→VCF 완료 (minimap2 정렬 + Clair3 + Sniffles2 + LongPhase 위상) (R9.4.1이라 DeepVariant는 해당 모델이 없어 생략). 산출물 경로는 variant_local_path. 다음: truth set 대비 hap.py/truvari 평가.	원시 fast5 tar 3개는 GIAB FTP가 아니라 human-pangenomics S3(NHGRI_UCSC_panel)에 있음. 문서에 적힌 phasing VCF 경로가 AshkenazimTrio NA24385용으로 표기되어 있어 HG005 실제 사용 VCF는 문서상 불명확 | index: .phased.bam.bai 동봉. 인덱싱 툴 미기재 | 장비/화학 상세: PromethION, FLO-PRO002 + SQK-LSK109, R9.4.1 (dna_r9.4.1_450bps_flipflop.cfg)
HG006	ont	HG006 UCSC ONT-UL PromethION R9.4.1 Guppy 4.2.2 (phased)	data/ChineseTrio/HG006_NA24694-huCA017E_father/UCSC_Ultralong_OxfordNanopore_Promethion	PromethION ultralong, R9.4.1 (파일명 R941)		14	470.3	TRUE	fastq.gz 3개(Guppy 4.2.2) + sequencing_summary.txt.gz 3개	TRUE	.bai	0	GIAB			TRUE	minimap2 vb09096fc890429ce (-x map-ont)	GRCh38 (GCA_000001405.15 no_alt_analysis_set)	me	/BiO/scratch/ehojune/GIAB_benchmark/processed_data_ehojune/HG006/ONT/UCSC_Ultralong_OxfordNanopore_Promethion/02_alignedBAM	phase2_ont/scripts/10_submit.sh	TRUE	LongPhase v2.0.2 (Clair3 VCF phase+haplotag, SV 동시 위상)	me	/BiO/scratch/ehojune/GIAB_benchmark/processed_data_ehojune/HG006/ONT/UCSC_Ultralong_OxfordNanopore_Promethion/03_VCF/phased_longphase	phase2_ont/scripts/10_submit.sh	TRUE	Clair3 v1.2.0 + Sniffles2 v2.8.0 [clair3 model: r941_prom_hac_g360+g422]	me	/BiO/scratch/ehojune/GIAB_benchmark/processed_data_ehojune/HG006/ONT/UCSC_Ultralong_OxfordNanopore_Promethion/03_VCF	phase2_ont/scripts/10_submit.sh	-	-	-			-	-	-			FALSE	N/A				TRUE	giab_doc:data/ChineseTrio/HG006_NA24694-huCA017E_father/UCSC_Ultralong_OxfordNanopore_Promethion/README_ONT-UL_UCSC_HG006.md	phase2 raw→VCF 완료 (minimap2 정렬 + Clair3 + Sniffles2 + LongPhase 위상) (R9.4.1이라 DeepVariant는 해당 모델이 없어 생략). 산출물 경로는 variant_local_path. 다음: truth set 대비 hap.py/truvari 평가.	fast5 tar 3개는 human-pangenomics S3에 있음. 기재된 phasing VCF 경로가 NA24385(HG002)용으로 적혀 있어 HG006용 VCF는 문서상 불명확 | index: .phased.bam.bai 동봉. 인덱싱 툴 미기재 | 장비/화학 상세: PromethION, FLO-PRO002 + SQK-LSK109, R9.4.1 (dna_r9.4.1_450bps_flipflop.cfg)
HG007	ont	HG007 UCSC ONT-UL PromethION R9.4.1 Guppy 4.2.2 (phased)	data/ChineseTrio/HG007_NA24695-hu38168_mother/UCSC_Ultralong_OxfordNanopore_Promethion	PromethION ultralong, R9.4.1 (파일명 R941)		14	381.9	TRUE	fastq.gz 3개(Guppy 4.2.2) + sequencing_summary.txt.gz 3개	TRUE	.bai	0	GIAB			TRUE	minimap2 vb09096fc890429ce (-x map-ont)	GRCh38 (GCA_000001405.15 no_alt_analysis_set)	me	/BiO/scratch/ehojune/GIAB_benchmark/processed_data_ehojune/HG007/ONT/UCSC_Ultralong_OxfordNanopore_Promethion/02_alignedBAM	phase2_ont/scripts/10_submit.sh	TRUE	LongPhase v2.0.2 (Clair3 VCF phase+haplotag, SV 동시 위상)	me	/BiO/scratch/ehojune/GIAB_benchmark/processed_data_ehojune/HG007/ONT/UCSC_Ultralong_OxfordNanopore_Promethion/03_VCF/phased_longphase	phase2_ont/scripts/10_submit.sh	TRUE	Clair3 v1.2.0 + Sniffles2 v2.8.0 [clair3 model: r941_prom_hac_g360+g422]	me	/BiO/scratch/ehojune/GIAB_benchmark/processed_data_ehojune/HG007/ONT/UCSC_Ultralong_OxfordNanopore_Promethion/03_VCF	phase2_ont/scripts/10_submit.sh	-	-	-			-	-	-			FALSE	N/A				TRUE	giab_doc:data/ChineseTrio/HG007_NA24695-hu38168_mother/UCSC_Ultralong_OxfordNanopore_Promethion/README_ONT-UL_UCSC_HG007.md	phase2 raw→VCF 완료 (minimap2 정렬 + Clair3 + Sniffles2 + LongPhase 위상) (R9.4.1이라 DeepVariant는 해당 모델이 없어 생략). 산출물 경로는 variant_local_path. 다음: truth set 대비 hap.py/truvari 평가.	HG005/HG006과 달리 ChineseTrio 자기 샘플 phasing VCF가 정확히 기재됨 | index: .phased.bam.bai 동봉. 인덱싱 툴 미기재 | 장비/화학 상세: PromethION, FLO-PRO002 + SQK-LSK109, R9.4.1 (dna_r9.4.1_450bps_flipflop.cfg)
HG008	ont	HG008-N (십이지장/췌장) Northeastern ONT-std R10.4.1 dorado 0.5.3	data_somatic/HG008/Liss_lab/Northeastern_ONT-std_20240422	ONT R10.4.1 standard (파일명 R1041; 기기명 미표기)	N-D 93~94x (gt25kb 13x), N-P 40~41x (gt25kb 20x) — cramino	61	2754.5	TRUE	unaligned BAM 7개(dorado 0.5.3, MM/ML) + >25kb/>50kb fastq.gz 14개	PARTIAL	.bai	7	GIAB			TRUE	minimap2 vb09096fc890429ce (-x map-ont)	GRCh38 (GCA_000001405.15 no_alt_analysis_set)	me	/BiO/scratch/ehojune/GIAB_benchmark/processed_data_ehojune/*/ONT/Northeastern_ONT-std_20240422/02_alignedBAM	phase2_ont/scripts/10_submit.sh	TRUE	LongPhase v2.0.2 (Clair3 VCF phase+haplotag, SV 동시 위상)	me	/BiO/scratch/ehojune/GIAB_benchmark/processed_data_ehojune/*/ONT/Northeastern_ONT-std_20240422/03_VCF/phased_longphase	phase2_ont/scripts/10_submit.sh	TRUE	Clair3 v1.2.0 + DeepVariant v1.10.0 (ONT_R104) + Sniffles2 v2.8.0 [clair3 model: r1041_e82_400bps_sup_v430]	me	/BiO/scratch/ehojune/GIAB_benchmark/processed_data_ehojune/*/ONT/Northeastern_ONT-std_20240422/03_VCF	phase2_ont/scripts/10_submit.sh	TRUE	dorado v0.5.3 (sup@v4.3.0_5mC_5hmC@v1 — BAM MM/ML 태그) → modkit (HG008-N-P만, wf-somatic-variation v1.5.1 normal bedMethyl)	GIAB			TRUE	Severus v1.0 / SAVANA v1.0.3 / nanomonsv v0.7.0 / Sniffles2 v2.2 → Minda v0.0.2 앙상블; ClairS + Severus (epi2me wf-somatic-variation v1.5.1)	GIAB			TRUE	hifiasm v0.19.9-r616 (--ul, longer_than_25kb fastq)	GIAB			TRUE	툴 값은 유지하되 tool_source에 giab_doc:data_somatic/HG008/Liss_lab/other_passages/analysis/GRCh38/BCM_ONT-std_HG008T-p2_20260313/HG008-T_vs_HG008-N-P/README_HG008-T_vs_HG008-N-P_ONT.md 를 추가해야 함	phase2 raw→VCF 완료 (minimap2 정렬 + Clair3 + Sniffles2 + LongPhase 위상). 산출물 경로는 variant_local_path. 다음: truth set 대비 hap.py/truvari 평가.	N-P는 HG008 소마틱 분석의 정상 대조로 반복 사용됨(Minda 앙상블, BCM ONT-std p2 epi2me 실행). 소마틱/어셈블리 산출물은 이 prefix가 아니라 analysis 디렉토리에 있음 | index: samtools v1.21 — 예시 명령에 'samtools index ${OUTBAM}', gt25kb 추출도 samtools v1.21. ubam 7개는 무인덱스 | 장비/화학 상세: ONT PromethION, R10.4.1 FLO-PRO114M, SQK-LSK114 (README)
HG008	ont	HG008-T Northeastern ONT-UL R10.4.1 dorado 0.8.1 (54x)	data_somatic/HG008/Liss_lab/Northeastern-ONT-UL-20241216	ONT R10.4.1 ultralong (기기명 미표기)	cramino 평균 38x; GRCh38 diploid 54x / haploid 27x, NRPCC 14x	9	536.8	TRUE	unaligned BAM 1개(dorado, MM/ML 태그). pod5.tar은 FTP 미배포 — NIST 문의	PARTIAL	.bai	1	GIAB			TRUE	minimap2 vb09096fc890429ce (-x map-ont)	GRCh38 (GCA_000001405.15 no_alt_analysis_set)	me	/BiO/scratch/ehojune/GIAB_benchmark/processed_data_ehojune/HG008-T/ONT/Northeastern-ONT-UL-20241216/02_alignedBAM	phase2_ont/scripts/10_submit.sh	TRUE	LongPhase v2.0.2 (Clair3 VCF phase+haplotag, SV 동시 위상)	me	/BiO/scratch/ehojune/GIAB_benchmark/processed_data_ehojune/HG008-T/ONT/Northeastern-ONT-UL-20241216/03_VCF/phased_longphase	phase2_ont/scripts/10_submit.sh	TRUE	Clair3 v1.2.0 + DeepVariant v1.10.0 (ONT_R104) + Sniffles2 v2.8.0 [clair3 model: r1041_e82_400bps_sup_v500]	me	/BiO/scratch/ehojune/GIAB_benchmark/processed_data_ehojune/HG008-T/ONT/Northeastern-ONT-UL-20241216/03_VCF	phase2_ont/scripts/10_submit.sh	TRUE	dorado v0.8.1 (sup, 5mC_5hmC 모델 — BAM MM/ML 태그)	GIAB			FALSE	N/A				FALSE	N/A				TRUE	giab_doc:data_somatic/HG008/Liss_lab/Northeastern-ONT-UL-20241216/Northeastern-ONT-UL-20241216.md	phase2 raw→VCF 완료 (minimap2 정렬 + Clair3 + Sniffles2 + LongPhase 위상). 산출물 경로는 variant_local_path. 다음: truth set 대비 hap.py/truvari 평가.	정렬 시 염기 변형 태그는 보존되지만 문서가 'methylation has not been investigated'라고 명시 — 파일업/DMR 산출물 없음. 이 데이터셋(ONT-UL-2)을 입력으로 쓴 소마틱/어셈블리 GIAB 분석 문서는 번들에 없음 | index: samtools v1.21 — 예시 명령에 'samtools index ${OUTBAM}'. unaligned BAM 1개는 인덱스 없음(정상) | 장비/화학 상세: ONT PromethION, R10.4.1 플로우셀, SQK-ULK114, E8.2.1 모터 (README)
HG008	ont	HG008-T UCSC ONT-UL R10.4.1 dorado 0.4.3 (54x, 5mCG-5hmCG)	data_somatic/HG008/Liss_lab/UCSC_ONT-UL_20231207	ONT R10.4.1 ultralong (기기명 미표기)	54x (GRCh38 diploid), N50 ~127kb, 3 플로우셀 125Gb	12	436.7	TRUE	unaligned BAM 3개(dorado 0.4.3, 5mCG_5hmCG) + run_info.tar.gz. pod5는 FTP 미배포	PARTIAL	.bai	3	GIAB			TRUE	minimap2 vb09096fc890429ce (-x map-ont)	GRCh38 (GCA_000001405.15 no_alt_analysis_set)	me	/BiO/scratch/ehojune/GIAB_benchmark/processed_data_ehojune/HG008-T/ONT/UCSC_ONT-UL_20231207/02_alignedBAM	phase2_ont/scripts/10_submit.sh	TRUE	LongPhase v2.0.2 (Clair3 VCF phase+haplotag, SV 동시 위상)	me	/BiO/scratch/ehojune/GIAB_benchmark/processed_data_ehojune/HG008-T/ONT/UCSC_ONT-UL_20231207/03_VCF/phased_longphase	phase2_ont/scripts/10_submit.sh	TRUE	Clair3 v1.2.0 + DeepVariant v1.10.0 (ONT_R104) + Sniffles2 v2.8.0 [clair3 model: r1041_e82_400bps_sup_v420]	me	/BiO/scratch/ehojune/GIAB_benchmark/processed_data_ehojune/HG008-T/ONT/UCSC_ONT-UL_20231207/03_VCF	phase2_ont/scripts/10_submit.sh	TRUE	dorado v0.4.3 (dna_r10.4.1_e8.2_400bps_sup@v4.2.0 + 5mCG_5hmCG@v2 — BAM MM/ML 태그)	GIAB			TRUE	Sniffles v2.2 (germline/mosaic SV 호출 후 소마틱 필터)	GIAB			TRUE	hifiasm v0.19.9-r616 (--ul) / verkko v2.0 (--nano)	GIAB			TRUE	giab_doc:data_somatic/HG008/Liss_lab/UCSC_ONT-UL_20231207/README_UCSC_ONT-UL.md + giab_doc:data_somatic/HG008/Liss_lab/analysis/BCM_HiFi_ONT_Sniffles-v2.2_02282024/BCM_Sniffles_README.md + giab_doc:data_somatic/HG008/Liss_lab/analysis/Harvard_Cheng_hifiasm-assemblies_20240509/README_hifiasm_20240509.md + giab_doc:data_somatic/HG008/Liss_lab/analysis/Verkko_assemblies_05162024/HG008T/HG008T_verkko_v2.0/README	phase2 raw→VCF 완료 (minimap2 정렬 + Clair3 + Sniffles2 + LongPhase 위상). 산출물 경로는 variant_local_path. 다음: truth set 대비 hap.py/truvari 평가.	메틸 태그는 유지되지만 'methylation has not been investigated' — 파일업 없음. 페이징 산출물 없음(cramino --phased는 QC 옵션일 뿐) | index: 예시 명령에 'samtools index ${OUTBAM}'. QC는 pycoQC 2.5.2, cramino 0.13.0, mosdepth snakemake wrapper 3.3.6 | 장비/화학 상세: ONT PromethION 48(PRO-SEQ048), R10.4.1 FLO-PRO114M, SQK-ULK114, MinKNOW 5.5.5
HG008	ont	HG008-T UCSC ONT-std R10.4.1 dorado 0.3.4 (63x, 5mCG-5hmC)	data_somatic/HG008/Liss_lab/UCSC_ONT_20231003	ONT R10.4.1 standard (기기명 미표기)	63x (파일명·문서 일치)	11	510.1	TRUE	unaligned BAM 1개(dorado 0.3.4, 5mCG-5hmC) + summary.txt + pycoQC html	PARTIAL	.bai	1	GIAB			TRUE	minimap2 vb09096fc890429ce (-x map-ont)	GRCh38 (GCA_000001405.15 no_alt_analysis_set)	me	/BiO/scratch/ehojune/GIAB_benchmark/processed_data_ehojune/HG008-T/ONT/UCSC_ONT_20231003/02_alignedBAM	phase2_ont/scripts/10_submit.sh	TRUE	LongPhase v2.0.2 (Clair3 VCF phase+haplotag, SV 동시 위상)	me	/BiO/scratch/ehojune/GIAB_benchmark/processed_data_ehojune/HG008-T/ONT/UCSC_ONT_20231003/03_VCF/phased_longphase	phase2_ont/scripts/10_submit.sh	TRUE	Clair3 v1.2.0 + DeepVariant v1.10.0 (ONT_R104) + Sniffles2 v2.8.0 [clair3 model: r1041_e82_400bps_sup_v420]	me	/BiO/scratch/ehojune/GIAB_benchmark/processed_data_ehojune/HG008-T/ONT/UCSC_ONT_20231003/03_VCF	phase2_ont/scripts/10_submit.sh	TRUE	dorado v0.3.4 (dna_r10.4.1_e8.2_400bps_sup@v4.2.0 + 5mCG_5hmCG@v2 — BAM MM/ML 태그)	GIAB			TRUE	Sniffles v2.2; Severus v1.0 / SAVANA v1.0.3 / nanomonsv v0.7.0 / Sniffles2 v2.2 → Minda v0.0.2 앙상블	GIAB			FALSE	N/A				TRUE	giab_doc:data_somatic/HG008/Liss_lab/UCSC_ONT_20231003/README_UCSC_ONT-std.md + giab_doc:data_somatic/HG008/Liss_lab/analysis/BCM_HiFi_ONT_Sniffles-v2.2_02282024/BCM_Sniffles_README.md + giab_doc:data_somatic/HG008/Liss_lab/analysis/NIH-NCI_minda-ensemble_20240710/README_minda_20240710.md	phase2 raw→VCF 완료 (minimap2 정렬 + Clair3 + Sniffles2 + LongPhase 위상). 산출물 경로는 variant_local_path. 다음: truth set 대비 hap.py/truvari 평가.	소마틱 산출물은 analysis 디렉토리(BCM Sniffles, NIH-NCI Minda)에 있음. 메틸은 태그만, 파일업 없음. 페이징 없음 | index: 예시 명령에 'samtools index ${OUTBAM}'. QC는 pycoQC, Cramino 0.13.0, mosdepth | 장비/화학 상세: ONT PromethION 48(PRO-SEQ048), R10.4.1 FLO-PRO114M, SQK-LSK114-XL, MinKNOW 5.5.5
HG008	ont	HG008T-p2 BCM ONT-std 100X (플로우셀 2개, ubam 1090)	data_somatic/HG008/Liss_lab/other_passages/BCM_ONT-std_HG008T-p2_20260313	ONT (기기·케미스트리 미표기; 런 디렉토리 20260202_1137_1C_PBI63802_5301c73c / 20260202_1137_1D_PBI58079_9dc19127)	median diploid 100x, autosome mean 78x, haploid 50x, NRPCC 25, N50 11,841	1097	853.0	TRUE	pass unaligned BAM 1090개 (런 디렉토리 2개)	PARTIAL	.bai,.crai	1090	GIAB			TRUE	minimap2 (ONT epi2me wf-somatic-variation v1.5.1)	GRCh38-GIABv3	GIAB			TRUE	longphase (phasing + haplotagging, wf-somatic-variation v1.5.1)	GIAB			TRUE	Clair3 (ClairS 경유 tumor germline, wf-somatic-variation v1.5.1)	GIAB			TRUE	dorado (모델 dna_r10.4.1_e8.2_400bps_sup@v4.3.0) → modkit / modkit dmr (wf-somatic-variation v1.5.1)	GIAB			TRUE	ClairS (SNV/indel) + Severus (SV) (ONT epi2me wf-somatic-variation v1.5.1)	GIAB			FALSE	N/A				TRUE	giab_doc:data_somatic/HG008/Liss_lab/other_passages/BCM_ONT-std_HG008T-p2_20260313/README_BCM-ONT-std_HG008T-p2_20260313.md + giab_doc:data_somatic/HG008/Liss_lab/other_passages/analysis/GRCh38/BCM_ONT-std_HG008T-p2_20260313/HG008-T_vs_HG008-N-P/README_HG008-T_vs_HG008-N-P_ONT.md	정렬·haplotag·소마틱·메틸까지 끝난 GIAB 산출물 그대로 사용. 재현하려면 pass ubam 1090개로 wf-somatic-variation v1.5.1을 같은 파라미터로 재실행	dorado 버전은 문서에 없고 모델명만 기재. ClairS는 --override_basecaller_cfg dna_r10.4.1_e8.2_400bps_sup@v4.2.0으로 실행하고 정상 germline은 GRCh38_HG008N-v6.3_smvar_dipcall-z2k.vcf.gz로 대체. 데이터 README의 'HiFi somatic wdl pipeline' 문구는 오기로 보이며 실제는 ONT epi2me wf-somatic-variation. 변이/소마틱/메틸 산출물은 analysis 디렉토리에 있음 | index: ht.cram은 문서에 'indexed with samtools' 명시(.crai). BAM은 .bai 동봉, pass ubam 1090개는 무인덱스 | 장비/화학 상세: ONT PromethION (BCM), Ligation and Sequencing Kit V14, 베이스콜 모델 dna_r10.4.1_e8.2_400bps_sup@v4.3.0 (MinKNOW)
HG001	other	HG001 10X Genomics 콜셋	data/NA12878/analysis/10XGenomics_calls_08142015	10X Genomics 링크드리드(Chromium 표기 없음)	34x (NA12878 short-read depth)	5	0.5	FALSE	이 디렉토리에는 없음 (VCF/BEDPE/TSV만)	TRUE	.tbi	0	GIAB			FALSE	Long Ranger (버전 미기재; 이 디렉토리에 BAM 없음)					TRUE	Long Ranger (버전 미기재)	GIAB			TRUE	Long Ranger (버전 미기재) — SV(bedpe) 호출 및 SNP/indel 페이징	GIAB			-	-	-			-	-	-			FALSE	N/A				페이징 VCF + SV bedpe/페이징 TSV	giab_doc:data/NA12878/analysis/10XGenomics_calls_08142015/README_10Xgenomes.txt	리드가 없어 재처리 불가. Long Ranger 페이징 결과를 자체 페이징(switch error) 비교 기준으로 사용	SNP/indel은 새로 호출한 것이 아니라 RTG 'SP' 파일(data/NA12878/analysis/variant_calls/RTG/phasing_annotated.vcf.gz)을 페이징한 결과. README는 BAM도 제공된다고 하나 이 prefix에는 없음. | index: VCF에 tbi 제공 | 장비/화학 상세: 10X GemCode 링크드리드, Illumina HiSeq2500 (High Output v4 또는 Rapid Run v1)
HG001	other	HG001 CG LFR CGAtools	data/NA12878/analysis/CompleteGenomics_newLFR_CGAtools_06122015	Complete Genomics LFR		10	10.6	FALSE	없음 (VCF/var/summary tsv)	FALSE		3				FALSE	N/A					TRUE	N/A	GIAB			TRUE	Complete Genomics LFR standard pipeline (CGA Tools)	GIAB			-	-	-			-	-	-			FALSE	N/A				LFR 페이징 소변이 콜셋(VCF/var) + 런 요약	giab_doc:data/NA12878/analysis/CompleteGenomics_newLFR_CGAtools_06122015/README.txt	리드 없음. LFR 페이징 콜셋을 자체 페이징 비교용으로 사용. RM DNA가 아니라 Coriell 세포 유래라 절대 정확도 비교 시 주의	README 경고: 'This data was generated from cells sourced from Coriell, not the NIST reference material'. MEWC/SWC FORMAT 필드로 well 지지도를 제공(고신뢰 기준 MEWC>3, SWC=0). | 장비/화학 상세: Complete Genomics LFR (Long Fragment Read), ASM GS000039392/396/473
HG001	other	HG001 CG Public Genomes	data/NA12878/analysis/CompleteGenomics_PublicGenomes_10152011	Complete Genomics		2	1.3	FALSE	없음 (ASM VAR 파일 tar 1개)	-		0	-			FALSE	N/A					-	-	-			TRUE	Complete Genomics standard pipeline → CGA Tools junctions2events (SV 이벤트)	GIAB			-	-	-			-	-	-			FALSE	N/A				CG 파이프라인 변이 산출물(tar)	giab_doc:data/NA12878/analysis/CompleteGenomics_PublicGenomes_10152011/README.txt	tar 해제 후 vcfBeta/masterVar 사용. 리드 없음. CG 기술 비교 및 구 통합 콜셋 입력 확인용	'ASM'은 CG 파이프라인 출력 디렉토리 이름이며 게놈 어셈블리가 아님. EVIDENCE의 BAM 버전은 data/NA12878/CompleteGenomics_normal/에 있다고 README가 안내. | 장비/화학 상세: Complete Genomics (Public Genomes, 2011)
HG001	other	HG001 CG RM DNA ASM 전체	data/NA12878/analysis/CompleteGenomics_RMDNA_11272014	Complete Genomics		107	41.7	FALSE	없음 (ASM 트리: CNV/SV/MEI/REF/EVIDENCE tsv)	-		0	-			FALSE	N/A					-	-	-			TRUE	Complete Genomics standard pipeline → CGA Tools junctions2events (SV 이벤트)	GIAB			-	-	-			-	-	-			FALSE	N/A				CG 파이프라인 변이·CNV·SV·커버리지 전체 산출물	giab_doc:data/NA12878/analysis/CompleteGenomics_RMDNA_11272014/README.txt	리드 없음. vcfBeta/masterVar를 CG 기술 비교 및 SNV/CNV 직교 검증에 사용	EVIDENCE의 BAM 버전은 data/NA12878/CompleteGenomics_normal_RMDNA/에 있다고 README가 안내. 여기 EVIDENCE는 tsv.bz2(evidenceDnbs/evidenceIntervals/correlation). | 장비/화학 상세: Complete Genomics (NIST RM DNA, ASM GS000025639)
HG001	other	HG001 CLC bio 콜셋	data/NA12878/analysis/CLCBIO_Illumina300X_callsets_10012015	Illumina(모델 미표기)	300x	9	0.0	FALSE	없음 (VCF/BED만)	FALSE		4				FALSE	N/A					-	-	-			TRUE	CLC bio	GIAB			-	-	-			-	-	-			FALSE	N/A				소변이/indel VCF + SV/BP BED	filename	리드 없음(입력 FASTQ는 GIAB Illumina 300x 디렉토리). 자체 Illumina 소변이·SV 콜셋 비교용	라이브러리 U0a, U5c 2종. 문의처가 vikas.gupta@qiagen.com(CLC bio는 QIAGEN 제품군)이나 제품명·버전은 문서 미기재. README에 'Do not publish the data unless an agreement has been made' 문구 있음. | 장비/화학 상세: Illumina 300x WGS (GIAB 제공 FASTQ, 런 131219_D00360_005_BH814YADXX / 006_AH81VLADXX)
HG001	other	HG001 CytoSNP-850K 어레이	data/NA12878/analysis/INOVA_CytoSNP_850K_FinalReport_12082013	Illumina CytoSNP-850K 어레이		2	0.1	-	해당 없음 (어레이 FinalReport 텍스트)	-		0	-			-	-		-			-	-	-			TRUE	Illumina GenomeStudio V2011.1 (Genotyping Module 1.9.4) → CnvPartition 3.1.6	GIAB			-	-	-			-	-	-			-	-	-			어레이 genotype + CNV FinalReport	giab_doc:data/NA12878/analysis/INOVA_CytoSNP_850K_FinalReport_12082013/README	시퀀싱 처리 대상이 아님. 자체 genotype 및 CNV 결과를 검증하는 직교 어레이 데이터로 사용	Inova 제공. manifest·cluster 파일 URL이 README에 명시되어 재현 가능. | 장비/화학 상세: Illumina CytoSNP-850K 어레이 (manifest cytosnp-850k_b.bpm, cluster cytosnp-850k_b.egt, 2013-08-08판)
HG001	other	HG001 Element AVITI 20240920	data/NA12878/Element_AVITI_20240920	Element AVITI	StdInsert 81x, LngInsert 30x	12	421.0	TRUE	fastq.gz R1/R2 (StdInsert GAT-APP-C136, LngInsert NIST_HG001_long-insert)	TRUE	.bai	0	GIAB			TRUE	BWA-MEM 0.7.17-r1188 → samtools v1.18 (sort)	GRCh38-GIABv3 (GRCh38_GIABv3_no_alt_analysis_set_maskedGRC_decoys_MAP2K3_KMT2C_KCNJ18)	GIAB			FALSE	N/A				FALSE	N/A				-	-	-			-	-	-			FALSE	N/A				리드 + GRCh38-GIABv3 정렬	giab_doc:data/NA12878/Element_AVITI_20240920/README_Element_20240920.md	FASTQ로 자체 정렬·소변이 호출 파이프라인을 돌리고 GIAB BWA-MEM BAM을 정렬 기준선으로 비교	QC: FastQC 0.12.1(리드), GA4GH QC pipeline(정렬, picard CollectMultipleMetrics/mosdepth/samtools stats/multiqc). Snakemake wrapper: fastqc 0.72.0, Bwa_mem v1.31.1, multiqc v3.3.6. HTML은 Element Bases2Fastq QC 리포트. | index: bai 제공. README: 'alignment bam files sorted by using samtools v1.18', Snakemake wrapper 'samtools index v1.31.1' | 장비/화학 상세: Element AVITI, Cloudbreak UltraQ 2x150 (Kit PN 860-00018)
HG001	other	HG001 GIAB integration v0.2	data/NA12878/analysis/GIAB_integration	미표기(통합 콜셋)		7	0.8	FALSE	없음 (VCF + BED)	FALSE		2				FALSE	N/A	GRCh37				FALSE	N/A				TRUE	NIST-GIAB v2.19 arbitrated calls + RTG segregation-phased + Illumina Platinum Genomes 통합 → vcflib vcfallelicprimitives (복합변이 정규화, 표현은 GATK HaplotypeCaller v2.6 기준)	GIAB			-	-	-			-	-	-			-	-	-			통합 고신뢰 VCF + 고신뢰 영역 BED (v0.2 beta)	giab_doc:data/NA12878/analysis/GIAB_integration/README.GIAB.v0.2.txt	벤치마크 truth set 용도. 실제 평가에는 release/ 하위 최신 GIAB 버전을 쓰고, 이 v0.2는 과거 결과 재현용으로만 사용	README가 'preliminary beta version'이라고 명시. 통합 콜은 unphased('our calls are currently unphased')이며 RTG 페이징 정보는 통합 과정에만 활용. 고신뢰 BED는 GRCh37 non-N 염기의 약 23%를 제외. | 장비/화학 상세: 다중 플랫폼 통합 콜셋 (NIST v2.19 + RTG + Illumina Platinum Genomes)
HG001	other	HG001 Garvan SNP/indel	data/NA12878/analysis/GARVAN_snps_indels_12172013	미표기		2	0.1	FALSE	없음 (VCF + idx)	FALSE		1				FALSE	N/A					-	-	-			TRUE	N/A	GIAB			-	-	-			-	-	-			FALSE	N/A				SNP/indel VCF 1건	N/A	리드 없음. 툴 출처가 미확정이라 벤치마크 기준선으로 쓰기 전에 VCF 헤더의 ##GATKCommandLine 등을 직접 확인할 것	단서(확정 아님): 같은 Garvan 산출물이라면 trimgalore → bwa aln(-backtrack) → Picard MarkDuplicates → GATK HaplotypeCaller(BQSR+indel realign, VQSR 없음), hg19 정렬. 확인에는 GIAB 측 별도 문서가 필요. | index: VCF에 .idx (GATK 스타일 인덱스) 제공
HG001	other	HG001 HipSTR/GangSTR STR 콜	data/NA12878/analysis/Leicester_HipSTR_GangSTR_05182022	미표기	100x 및 30x (원본 300x/100x를 picard로 다운샘플)	12	0.4	FALSE	없음 (VCF만)	TRUE	.tbi	0	GIAB			FALSE	N/A	GRCh38 (GangSTR: GCA_000001405.15_GRCh38_no_alt_analysis_set.fa / HipSTR: GRCh38_full_analysis_set_plus_decoy_hla.fa)				-	-	-			TRUE	picard (다운샘플·중복 제거) → GangSTR / HipSTR (버전 미기재)	GIAB			-	-	-			-	-	-			FALSE	N/A				STR genotype VCF (GangSTR·HipSTR × 100x/30x)	giab_doc:data/NA12878/analysis/Leicester_HipSTR_GangSTR_05182022/README.md	리드 없음. 자체 STR 호출(HipSTR/GangSTR/TRGT) 결과와 비교하는 기준 콜셋으로 사용	HipSTR VCF 2개(NA12878_Chinese_trio_100x/30x)가 HG005·HG006·HG007+NA12878 멀티샘플. HG002~HG004(Ash_trio_gangstr_*, Ashkenazi_trio_*)는 README에만 나오고 이 prefix에는 없음 | index: VCF에 tbi 제공
HG001	other	HG001 Illumina Platinum Genomes	data/NA12878/analysis/Illumina_PlatinumGenomes_NA12877_NA12878_09162015	Illumina(모델 미표기)		64	1.2	FALSE	없음 (VCF + ConfidentRegions BED)	TRUE	.tbi	0	GIAB			FALSE	bwa (파일명 토큰 bwa_*, 버전 미기재). isaac/isaac2는 콜셋 파일명 토큰일 뿐, 정렬 수행 근거는 문서·파일명에 없음	hg19, hg38				FALSE	N/A				TRUE	bwa+FreeBayes → bwa+GATK → bwa+GATK3 → bwa+Platypus → Isaac → Isaac2 → Cortex → CGI (개별 콜셋) 병합 Platinum Genomes 콜셋 (hg19 8.0.1, hg38 2.0.1; 구버전 v6.0/v7.0)	GIAB			-	-	-			-	-	-			FALSE	N/A				Platinum Genomes 고신뢰 콜셋 + ConfidentRegions (hg19/hg38, 구버전 포함)	filename	리드 없음. NA12878 벤치마크 truth set 대안 및 다중 콜러 비교(bwa+GATK/FreeBayes/Platypus/Isaac/Cortex) 참고용	개별 툴 버전은 파일명에 없음(bwa_gatk3의 '3'은 GATK 메이저 버전). 상세는 동봉된 IlluminaPlatinumGenomes-user-guide.pdf(문서 번들 미수집)에 있을 가능성. NA12877(부)도 함께 포함. | index: VCF/BED에 tbi 제공 | 장비/화학 상세: Illumina WGS (Platinum Genomes 프로젝트, 모델 미표기)
HG001	other	HG001 Ion Torrent TVC 04/2015	data/NA12878/analysis/IonTorrent_TVC_04302015	Ion Torrent Proton		4	0.1	FALSE	없음 (VCF + BED만; README가 언급한 BAM/FASTQ는 이 prefix에 없음)	FALSE		2				FALSE	TMap (버전 미기재)	hg19				-	-	-			TRUE	Torrent Variant Caller (TVC) — 버전 미기재	GIAB			-	-	-			-	-	-			FALSE	N/A				TVC 엑솜 변이 VCF 2종 + 타깃 BED	giab_doc:data/NA12878/analysis/IonTorrent_TVC_04302015/README.txt	리드 없음. AmpliseqExome 타깃 영역 안에서 자체 엑솜 변이 콜셋과 비교(비교 전 vcfallelicprimitives로 표현 정규화)	align_tool은 README가 기술한 정렬 툴을 기록한 것이며 BAM 자체는 이 디렉토리에 없음. TSVC_variants_NISTv2.19ashotspot.vcf는 NIST v2.19 사이트를 hotspot으로 강제 호출한 버전. README: 'these vcf files are raw vcf files generated by TVC. To compare with NIST data, variants regularization by vcfallelicprimitives or similar tools is needed.' | 장비/화학 상세: Ion Torrent Proton, AmpliseqExome (hg19 타깃 BED 동봉)
HG001	other	HG001 Ion Torrent TVC 06/2015	data/NA12878/analysis/IonTorrent_TVC_06302015	Ion Torrent(모델 미표기)		4	0.1	FALSE	없음 (VCF + BED만)	FALSE		2				FALSE	tmap (-J 25 --end-repair 15 --do-repeat-clip --context; 버전 미기재)	N/A (또는 '같은 bam'이라는 문서 진술을 근거로 형제 문서 IonTorrent_TVC_04302015/README.txt의 hg19를 쓰되 evidence에 그 사실을 명시)				-	-	-			TRUE	tmap → TVC 4.4	GIAB			-	-	-			-	-	-			FALSE	N/A				TVC 4.4 변이 VCF 2종 + effective regions BED	giab_doc:data/NA12878/analysis/IonTorrent_TVC_06302015/README.IonTorrent_TVC_06302015	리드 없음. TVC 파라미터 민감도 비교 및 자체 엑솜 콜셋 대조용	VCF 2종은 TVC json 설정 차이: 기본 low stringency, 그리고 snp_min_allele_freq=0.2(README가 'A good balance of TP and FP'로 권장). 정렬 BAM은 이 디렉토리 밖. | 장비/화학 상세: Ion Torrent (모델 미표기), AmpliseqExome.20141120_effective_regions.bed
HG001	other	HG001 MtSinai BioNano	data/NA12878/MtSinai_BioNano	Bionano 광학맵(장비 모델 미표기)	80x (raw molecule)	11	0.5	TRUE	all.bnx (BioNano 80x raw molecule file)	-		0	-			TRUE	N/A	hg19 (in-silico Nt.BspQI digest, EXP_REFINEFINAL1_r.cmap)	GIAB			-	-	-			FALSE	N/A				-	-	-			-	-	-			TRUE	N/A	GIAB			원시 분자 + de novo genome map 어셈블리 + hg19 정렬	giab_doc:data/NA12878/MtSinai_BioNano/README.txt	Bionano 전용 툴(Solve/RefAligner)이 필요해 표준 NGS 파이프라인으로는 처리 불가. 시퀀싱 기반 SV 콜셋 검증용 직교 근거로만 사용	Pendleton et al., Nature Methods 2015 (PMID 26121404)에 쓰인 데이터. aligned=TRUE는 리드 정렬이 아니라 genome map→hg19 정렬(xmap)을 뜻함. | 장비/화학 상세: Bionano 광학맵 (nickase·장비 모델 문서 미기재) / align_ref: hg19 (in-silico digested reference, EXP_REFINEFINAL1_r.cmap)
HG001	other	HG001 NIST union callsets v2.15~2.18	data/NA12878/analysis/NIST_union_callsets_06172013	미표기(다중 데이터셋 통합)		61	4.8	FALSE	없음 (VCF + BED)	FALSE		13				FALSE	N/A	GRCh37				FALSE	N/A				TRUE	GATK 2.6 UnifiedGenotyper + GATK 2.6 HaplotypeCaller (전 데이터셋) + Cortex (1개 데이터셋) → vcflib vcfallelicprimitives	GIAB			-	-	-			-	-	-			-	-	-			구버전 통합 벤치마크 VCF/BED (v2.15/2.17/2.18)	giab_doc:data/NA12878/analysis/NIST_union_callsets_06172013/README.NIST.v2.18.txt	벤치마크 truth set 용도. 현행 평가는 release/ 하위 최신 버전을 쓰고 이 세트는 과거 논문(arXiv 1307.4661) 재현용으로 사용	v2.15 → v2.17 → v2.18 변경 이력이 README에 정리됨. 통합 콜은 unphased. 동봉 BED는 VQSR 필터 사유별(ABQD/Align/Conflicting/Cov/HapNoVar/Map/SSE), segdup, decoy, simple repeat, dbVar CNV, callable union 등. 비교 예시는 USeq 8.6.6 VCFComparator 명령으로 제시. | 장비/화학 상세: 14개 데이터셋 통합 (Complete Genomics 1, SOLiD WGS 1, 454 WGS 1, Ion WGS 1, Ion Exome 1, Illumina exome 2, Illumina WGS 9)
HG001	other	HG001 PacBio CCS chem2 콜셋	data/NA12878/analysis/PacBio_CCS_15kb_20kb_chemistry2_042021	PacBio CCS 15kb/20kb chemistry2(모델 미표기)		20	384.3	FALSE	없음 (원시 HiFi uBAM은 data/NA12878/PacBio_CCS_15kb_20kb_chemistry2/uBAMs/)	TRUE	.bai,.tbi	0	GIAB			TRUE	pbmm2 v1.1.0 (--preset CCS)	GRCh38, hs37d5	GIAB			TRUE	N/A	GIAB			TRUE	DeepVariant v0.9.0 (PacBio CCS 모델) → GATK 4.0.10.1 HaplotypeCaller → pbsv (버전 미기재)	GIAB			FALSE	N/A				-	-	-			FALSE	N/A				정렬(pbmm2) + haplotag + 소변이(DeepVariant, GATK-HC) + SV(pbsv)	giab_doc:data/NA12878/analysis/PacBio_CCS_15kb_20kb_chemistry2_042021/README.md	원시 HiFi uBAM이 data/NA12878/PacBio_CCS_15kb_20kb_chemistry2/uBAMs/에 있으므로 최신 pbmm2+DeepVariant로 재처리해 2021년 GIAB 결과와 비교	README 결함 2건: 제목이 'PacBio HiFi sequencing of GIAB HG003'인데 파일 목록·FTP 경로는 모두 HG001이고, pbmm2 명령 예시의 --sample이 HG002로 적혀 있음(내용상 HG001 데이터셋). haplotagged BAM이 있어 페이징은 수행됐지만 haplotag 툴명은 문서에 없음. 같은 이름의 시퀀싱 디렉토리(data/NA12878/PacBio_CCS_15kb_20kb_chemistry2/)에는 GIAB_5mC_CpG BAM이 별도로 존재. | index: BAM bai + 모든 파일 md5 제공. 인덱싱 툴은 문서 미기재 | 장비/화학 상세: PacBio CCS/HiFi 15kb+20kb chemistry2 (pbmm2 RG에 PM:SEQUELII 표기)
HG001	other	HG001 PacBio PBHoney SV	data/NA12878/analysis/BCM_PacBio_PBHoney_15.8.24_09012015	PacBio(모델 미표기)		3	0.0	FALSE	없음 (spots/tails 텍스트만)	-		0	-			FALSE	N/A					-	-	-			TRUE	PBHoney 15.8.24	GIAB			-	-	-			-	-	-			FALSE	N/A				SV 호출(spots/tails) 결과만	filename	리드 없음. PacBio SV 후보(spots/tails)를 자체 SV 콜셋과 대조하는 용도	15.8.24는 PBHoney가 포함된 PBSuite 릴리스 표기. 출력은 VCF가 아니라 spots/tails 텍스트. 참고: data/NA12878/NA12878_PacBio_MtSinai/README.txt는 별개 데이터셋에서 PBHoney/blasr1.3.1 조합을 기술하지만 이 디렉토리를 설명하는 문서는 아님. | 장비/화학 상세: PacBio (모델 미표기)
HG001	other	HG001 PacBio pbsv SV	data/NA12878/analysis/PacBio_pbsv_05212019	PacBio(모델 미표기)		5	0.0	FALSE	없음 (SV VCF만)	TRUE	.tbi	0	GIAB			FALSE	pbmm2 v1.1.0 (align -j 24 --sort --preset CCS -L 0.1 -c 0) → samtools merge	GRCh38_no_alt_analysis_set, hs37d5				-	-	-			TRUE	pbmm2 v1.1.0 → pbsv v2.2.1 (discover → call, DEL/INS/INV ≥20bp, ≥3 reads, ≥20% spanning)	GIAB			-	-	-			-	-	-			FALSE	N/A				pbsv SV VCF (GRCh38, hs37d5)	giab_doc:data/NA12878/analysis/PacBio_pbsv_05212019/README.txt	리드 없음. pbsv SV 콜셋을 자체 PacBio SV 호출 결과의 비교 기준으로 사용	tandem repeat 주석(pbsv annotations 86cc4b31)으로 시그니처 클러스터링. 정렬 BAM은 이 디렉토리에 없음(align_tool은 문서가 기술한 상류 단계). | index: README에 'bgzip [sample]_[reference].pbsv.vcf && tabix [sample]_[reference].pbsv.vcf.gz' 명령 명시 | 장비/화학 상세: PacBio CCS (SRA BioProject PRJNA540705)
HG001	other	HG001 Peregrine CCS 어셈블리	data/NA12878/analysis/JasonChin_Peregrine_PacBioCCS_assembly_05072019	PacBio CCS(모델 미표기)		2	2.7	FALSE	없음 (p_ctg_cns.fa 1개)	-		0	-			-	-		-			-	-	-			FALSE	N/A				-	-	-			-	-	-			TRUE	Peregrine	GIAB			PacBio CCS primary contig 어셈블리 FASTA	filename	자체 어셈블리(hifiasm 등) 결과와 QUAST/asmgene 비교, 또는 dipcall 등 어셈블리 기반 변이 호출 입력으로 사용	p_ctg = primary contig이므로 haplotype-resolved 어셈블리가 아님. 크기 약 2.7 GiB(2,881,013,690 bytes). | index: FASTA 인덱스(.fai) 없음 — 사용 전 samtools faidx 필요 | 장비/화학 상세: PacBio CCS (모델 미표기)
HG001	other	HG001 RTG segregation phasing	data/NA12878/analysis/RTG_Illumina_Segregation_Phasing_05122016	Illumina(모델 미표기)		13	7.0	FALSE	없음 (VCF만)	TRUE	.tbi	0	GIAB			FALSE	RTG Core (버전 미기재)	GRCh37 1000G phase2 (SP 37.7.0); GRCh38 no-alt + hs38d1 decoy (SP 38.1.0)				TRUE	RTG Core segregation phasing (SP 37.7.0 / SP 38.1.0) → rtg vcfsubset → rtg vcffilter	GIAB			TRUE	RTG Core population caller (17샘플 동시 호출, 수정 pedigree)	GIAB			-	-	-			-	-	-			FALSE	N/A				RTG 변이 호출 + segregation phasing 기준 콜셋(SP)	giab_doc:data/NA12878/analysis/RTG_Illumina_Segregation_Phasing_05122016/README.txt	리드 없음(원본은 ENA). SP를 페이징 기준 truth로 삼아 rtg vcfeval/hap.py로 자체 콜셋 ROC 비교	PHO/PHI/PHIC/PHC/PHQ/PHR 커스텀 주석 의미가 README에 정리됨. 비교는 haplotype-aware 툴(rtg vcfeval, hap.py, vgraph) 사용 권고. 이전 'SP6' 데이터셋을 대체. | index: VCF에 tbi 제공 | 장비/화학 상세: Illumina WGS (Platinum Genomes, ENA ERA172924 / ERA185981), CEPH/Utah 1463 17명
HG001	other	HG001 RTG small variants	data/NA12878/analysis/RTG_small_variants_01132014	Illumina WGS(모델 미표기)		19	18.8	FALSE	없음 (VCF만)	TRUE	.tbi	0	GIAB			FALSE	rtgVariant 1.2					TRUE	RTG segregation phasing (SP v6.0, phasing_annotated.vcf.gz)	GIAB			TRUE	rtgVariant v1.0 / v1.0.5 / v1.1 / v1.2 (파일별 상이; AVR≥0.15 또는 GQ≥50 필터)	GIAB			-	-	-			-	-	-			FALSE	N/A				rtgVariant 구성별 소변이 콜셋 + SP v6.0 페이징 콜셋	giab_doc:data/NA12878/analysis/RTG_small_variants_01132014/README.txt	리드 없음. 최신 SP는 RTG_Illumina_Segregation_Phasing_05122016을 쓰고, 이 세트는 구버전 RTG 결과 대조용	singleton/trio(family_1)/large family(family_3)/cohort/population 구성별 콜셋이 섞여 있고 파일마다 rtgVariant 버전이 다름. SP v6.0은 이후 sp_v37.7.0/sp_v38.1.0(RTG_Illumina_Segregation_Phasing_05122016)으로 갱신됨. | index: VCF에 tabix 인덱스 제공(README: 'for each compressed VCF file the is a corresponding tabbix index file') | 장비/화학 상세: Illumina WGS (Platinum Genomes, ENA ERA172924 / ERA185981), CEPH/Utah 1463
HG001	other	HG001 SOLiD 5500W	data/NA12878/NIST_NA12878_HG001_SOLID5500W	SOLiD 5500W	median depth 6x(PE), 15x(SE/ECC)	6	241.6	FALSE	원시 xsq 없음 (b37 merged BAM만)	TRUE	.bai	0	GIAB			TRUE	LifeScope 2.5.1	hg19 (README), 파일명은 b37	GIAB			FALSE	N/A				FALSE	N/A				-	-	-			-	-	-			FALSE	N/A				정렬(LifeScope)만, 레인 병합까지	giab_doc:data/NA12878/NIST_NA12878_HG001_SOLID5500W/README_NIST_NA12878_HG001_SOLID5500W.txt	원시 xsq/FASTQ가 없어 재정렬 불가. 커버리지 6~15x color-space BAM에서 변이 호출을 시도하는 정도만 가능	130920 = paired-end, 131114 = single-end/ECC. 병합 툴은 미기재. | index: bai 제공, 인덱싱 툴은 문서 미기재 | 장비/화학 상세: Life Technologies 5500W Genetic Analyzer (SOLiD), PE 50bp + SE 75bp ECC
HG001	other	HG001 TARDIS/mrCaNaVar SV·CNV	data/NA12878/analysis/BilkentUni_IlluminaHiSeq_TARDIS_mrCaNaVar_01102020	Illumina HiSeq	300x	14	0.1	FALSE	없음 (VCF/BED만)	TRUE	.tbi	0	GIAB			FALSE	N/A	hg37, hg38 (입력 BAM은 HG001.hg37/hg38.300x.bam)				-	-	-			TRUE	TARDIS (SV >50bp, 버전 미기재) → mrCaNaVaR (유전자 카피수 및 >10kb del/dup, 버전 미기재)	GIAB			-	-	-			-	-	-			FALSE	N/A				SV/CNV 콜셋만	giab_doc:data/NA12878/analysis/BilkentUni_IlluminaHiSeq_TARDIS_mrCaNaVar_01102020/README_HG001_TARDIS_012120	리드 없음. 자체 Illumina SV/CNV 콜셋과 비교하는 직교 콜셋으로 사용	Bilkent University 제공. hg37/hg38 두 레퍼런스 각각 산출. 입력 정렬 툴은 어느 README에도 없음. | index: tardis VCF에 tbi 제공 | 장비/화학 상세: Illumina HiSeq, 300x WGS
HG001	other	HG001 WhatsHap 페이징	data/NA12878/analysis/MPG_WhatsHap_phasing_07202017	Strand-seq + PacBio(모델 미표기)		4	0.0	FALSE	없음 (VCF만)	TRUE	.tbi	0	GIAB			FALSE	N/A					TRUE	WhatsHap v0.14.1	GIAB			FALSE	N/A (변이는 Illumina Platinum Genomes version 2016-1.0 SNV를 그대로 사용)				-	-	-			-	-	-			FALSE	N/A				WhatsHap 통합 페이징 VCF	giab_doc:data/NA12878/analysis/MPG_WhatsHap_phasing_07202017/README_WhatsHap	리드 없음. Strand-seq+PacBio 통합 페이징을 자체 페이징 정확도(switch error) 평가 기준으로 사용	재현 파이프라인(conda env + snakefile) 공개: github.com/daewoooo/IntegrativePhasingPaper. 산출 파일명이 strandseqcells134.pacbioall.illumina0.10x0.chrall.noindels — Strand-seq 134세포 + PacBio 전량, indel 제외. | index: VCF에 tbi + md5 제공 | 장비/화학 상세: Strand-seq (ENA PRJEB14185) + GIAB PacBio (NA12878_PacBio_MtSinai sorted_final_merged.bam)
HG002	other	HG002 BioNano DLE(링크만)	data/AshkenazimTrio/HG002_NA24385_son/BioNano_DLE	Bionano DLE-1 광학맵(장비 모델 미표기)	317 Gbp collected (molecules >150 kbp)	1	0.0	FALSE	GIAB FTP에 데이터 없음 — Dropbox 링크만	-		0	-			FALSE	N/A					-	-	-			FALSE	N/A				-	-	-			-	-	-			FALSE	Bionano Solve 3.2.1 (optArguments_haplotype_DLE1_saphyr_human.xml) — 산출물은 GIAB FTP 밖(Dropbox)				링크만 (실데이터 0바이트)	giab_doc:data/AshkenazimTrio/HG002_NA24385_son/BioNano_DLE/README.data_link	GIAB FTP에 실데이터가 없음. 다운로드 대상에서 제외하거나 Dropbox 링크에서 별도 취득 (링크 만료 여부 확인 필요)	HG002(GM24385) DLE-1 원시 데이터와 어셈블리는 모두 Dropbox 링크로만 제공. HG003/HG004는 같은 Solve 3.2.1 실행 결과가 GIAB FTP에 파이프라인 트리째 올라와 있음. | 장비/화학 상세: Bionano Saphyr, DLE-1 (GM24385 DLE1: >150kbp 분자 317 Gbp, N50 323 kbp)
HG002	other	HG002 BioNano(구버전 nickase)	data/AshkenazimTrio/HG002_NA24385_son/BioNano	Bionano 광학맵(장비 모델 미표기)		9	0.9	TRUE	all.bnx (이미지 처리·>150kb 필터 후 원시 분자)	-		0	-			TRUE	N/A	hg19 (in-silico Nt.BspQI digest, EXP_REFINEFINAL1_r.cmap)	GIAB			-	-	-			FALSE	N/A				-	-	-			-	-	-			TRUE	N/A	GIAB			원시 분자 + de novo genome map 어셈블리 + hg19 정렬	giab_doc:data/AshkenazimTrio/HG002_NA24385_son/BioNano/README.txt	Bionano 전용 툴(Solve/RefAligner)이 필요해 표준 NGS 파이프라인 처리 불가. SV 콜셋 검증용 직교 근거로 사용	구버전 nickase(Nt.BspQI) 기반. GM24385.zip 동봉. aligned=TRUE는 genome map→hg19 정렬(xmap)을 뜻함. DLE-1 데이터는 별도 디렉토리(BioNano_DLE). | 장비/화학 상세: Bionano 광학맵, Nt.BspQI nickase (장비 모델 미표기)
HG002	other	HG002 Dovetail Chicago	data/AshkenazimTrio/HG002_NA24385_son/Dovetail_ChicagoLibraties	Dovetail Chicago 라이브러리(시퀀서 미표기)		13	23.6	TRUE	fastq.gz R1/R2 각 3분할 (6개) + md5	-		0	-			FALSE	N/A					FALSE	N/A				FALSE	N/A				-	-	-			-	-	-			FALSE	HiRise (버전 미기재) — 스캐폴딩 결과는 data/AshkenazimTrio/analysis/Dovetail_HiRiseScaffolding_Oct2016				원시 리드만	giab_doc:data/AshkenazimTrio/HG002_NA24385_son/Dovetail_ChicagoLibraties/README.txt	Chicago FASTQ는 스캐폴딩(HiRise/SALSA2 등) 입력 전용. 단독 변이 호출에는 부적합	이 prefix에는 원시 FASTQ만 있고 스캐폴딩 산출물·정렬 BAM은 analysis/Dovetail_HiRiseScaffolding_Oct2016에 있음. | 장비/화학 상세: Dovetail Chicago 라이브러리 CP-468 (시퀀서 미표기)
HG002	other	HG002 Element AVITI 20231018	data/AshkenazimTrio/HG002_NA24385_son/Element_AVITI_20231018	Element AVITI	StdInsert ~81x, LngInsert ~55x	20	910.7	TRUE	fastq.gz R1/R2 (StdInsert, LngInsert) + runInfo.tar.gz	TRUE	.bai	0	GIAB			TRUE	BWA-MEM 0.7.17-r1188 (Snakemake 7.32.3, wrapper Bwa_mem v1.31.1)	GRCh37, GRCh38-GIABv3, CHM13v2.0	GIAB			FALSE	N/A				FALSE	N/A				-	-	-			-	-	-			FALSE	N/A				리드 + 3개 레퍼런스 정렬	giab_doc:data/AshkenazimTrio/HG002_NA24385_son/Element_AVITI_20231018/README_Element.md	FASTQ로 자체 정렬·변이 호출 수행. GRCh37/GRCh38/CHM13 BAM 3종이 있어 레퍼런스 영향 평가에도 활용	QC: FastQC 0.12.1, samtools stats 1.18, GA4GH QC pipeline. 20231018 배치는 개발 단계 시약이므로 20240920 UltraQ 배치와 화학이 다름. 3개 레퍼런스 BAM이 모두 있어 레퍼런스 간 비교 가능. | index: bai 제공. README: Snakemake wrapper 'samtools index, stats v1.31.1' | 장비/화학 상세: Element AVITI, AOS 2.3.0, in-development R&D 시약/레시피, 2x150 PE
HG002	other	HG002 Element AVITI 20240920	data/AshkenazimTrio/HG002_NA24385_son/Element_AVITI_20240920	Element AVITI	StdInsert 80x, LngInsert 34x	12	428.2	TRUE	fastq.gz R1/R2 (StdInsert GAT-APP-C138, LngInsert NIST_HG002_long-insert)	TRUE	.bai	0	GIAB			TRUE	BWA-MEM 0.7.17-r1188 → samtools v1.18 (sort)	GRCh38-GIABv3	GIAB			FALSE	N/A				FALSE	N/A				-	-	-			-	-	-			FALSE	N/A				리드 + GRCh38-GIABv3 정렬	giab_doc:data/AshkenazimTrio/HG002_NA24385_son/Element_AVITI_20240920/README_Element_20240920.md	FASTQ로 자체 정렬·소변이 호출 후 GIAB BWA-MEM BAM 및 v4.2.1 벤치마크로 평가	Element ID: 단삽입 MAXQ-0216, 장삽입 KOL-0825. QC: FastQC 0.12.1 + GA4GH QC pipeline. 20231018 배치와 달리 GRCh38-GIABv3 단일 레퍼런스만 제공. | index: bai 제공. README: samtools v1.18 정렬, Snakemake wrapper samtools index v1.31.1 | 장비/화학 상세: Element AVITI, Cloudbreak UltraQ 2x150 (Kit PN 860-00018)
HG002	other	HG002 Hi-C downsampled	data/AshkenazimTrio/HG002_NA24385_son/HiC_downsampled	Illumina NovaSeq(일부 파일만 표기)	441,683,225 raw read-pairs, 약 69x	10	212.7	TRUE	fastq.gz 8개: HiC_1 3반복(HG002.HiC_1_1/2/3 R1·R2) + HiC_2 NovaSeq 2x250(HG002.HiC_2_NovaSeq_rep1_run2_S1_L001 R1·R2). README가 나열한 HiC_2 2x150 파일(HG002.HiC_2_R1/R2.fastq.gz)은 이 prefix에 없음	-		0	-			FALSE	N/A					FALSE	N/A				FALSE	N/A				-	-	-			-	-	-			FALSE	N/A				리드만 (다운샘플 FASTQ)	giab_doc:data/AshkenazimTrio/HG002_NA24385_son/HiC_downsampled/README	README 권고대로 bwa mem -5SP(HiC_1) / -SP5M(HiC_2)로 직접 정렬한 뒤 스캐폴딩·페이징에 사용	HiC_1 linker 서열(GGTTCGTCCATCGATC / CCAAGCAGGTAG)이 README에 제시되어 있어 -5SP로 linker 제외 필요. HPRC HG002 Data Freeze v1.0(github.com/human-pangenomics/HG002_Data_Freeze_v1.0) 연계. | 장비/화학 상세: Hi-C 2종 프로토콜(익명 업체 2곳): HiC_1 linker 기반(제한효소 미사용), HiC_2 다중 제한효소(^GATC, G^ANTC, C^TNAG, T^TAA); HiC_2 일부는 Illumina NovaSeq 2x250
HG002	other	HG002 SOLiD 5500W	data/AshkenazimTrio/HG002_NA24385_son/NIST_SOLiD5500W	SOLiD 5500W	약 72x (2 라이브러리 x 24레인/4 FlowChip)	30	1034.8	TRUE	xsq 24개 (SOLiD color-space 원시, 4런 x 6레인)	TRUE	.bai	0	GIAB			TRUE	N/A	b37 (파일명 5500W_HG002_merged.b37.bam)	GIAB			FALSE	N/A				FALSE	N/A				-	-	-			-	-	-			FALSE	N/A				원시 xsq + b37 정렬(툴 미확인)	N/A	원시 xsq는 color-space 전용 툴(LifeScope 등)이 필요해 표준 파이프라인 처리 불가. b37 BAM에서 변이 호출만 실용적. 1 TiB 규모라 다운로드 우선순위 재검토 권장	HG001 SOLiD README는 LifeScope 2.5.1을 명시하지만 그것은 다른 데이터셋(HG001, 5500W Genetic Analyzer, 2013년) 문서이므로 HG002에 끌어오지 않음. release/AshkenazimTrio/HG002_NA24385_son/NISTv3.2.1/README도 'Lifescope+GATK-HC for SOLID'라고 적으나 그 문단은 RM 8398(HG001) 4개 데이터셋을 설명하는 내용이라 근거로 쓸 수 없음. | index: bai + md5 제공, 인덱싱 툴 미기재 | 장비/화학 상세: Life Technologies 5500xl Wildfire (5500W), SE 75bp, ICS software 2.1, v2 FlowChip
HG002	other	HG002 Strand-seq BCCRC	data/AshkenazimTrio/HG002_NA24385_son/Strand-Seq_BCCRC	Strand-seq(시퀀서 미표기)		135	7.7	TRUE	fastq.gz R1/R2, 단일세포 라이브러리 hg002_001~069 (132개, 일부 번호 결번)	-		0	-			FALSE	N/A					FALSE	N/A				FALSE	N/A				-	-	-			-	-	-			-	-	-			단일세포 원시 리드만	giab_doc:data/AshkenazimTrio/HG002_NA24385_son/Strand-Seq_BCCRC/README	세포별로 정렬(bwa 등) 후 BreakpointR/StrandPhaseR로 페이징·역위 검출. 개별 세포 커버리지가 낮아 단독 변이 호출은 불가	README_UPDATE(2020-02-18): hg002_050~069 추가, hg002_035/036/037은 중복이라 사용 금지. GIAB는 정렬·페이징을 수행하지 않았음. | 장비/화학 상세: Strand-seq, Illumina NextSeq 75bp PE (Lansdorp Lab, BC Cancer Research Centre)
HG002	other	HG002 Strand-seq EMBL	data/AshkenazimTrio/HG002_NA24385_son/Strand-Seq_EMBL	Strand-seq(시퀀서 미표기)	선별 83개 라이브러리 기준 2.01x, GRCh38 69.97% 커버	386	17.9	TRUE	*_1_sequence.txt.gz / *_2_sequence.txt.gz (FASTQ 384개 = 192 단일세포 x PE), 런 2019-12-16-HWVTJAFXY	-		0	-			FALSE	N/A					FALSE	N/A				FALSE	N/A				-	-	-			-	-	-			-	-	-			단일세포 원시 리드만	giab_doc:data/AshkenazimTrio/HG002_NA24385_son/Strand-Seq_EMBL/HG002_StrandSeq_README.txt	세포별 정렬 후 BreakpointR/StrandPhaseR로 페이징에 사용. BCCRC Strand-seq와 합쳐 세포 수를 늘리는 방식도 가능	파일 확장자가 .txt.gz이지만 내용은 FASTQ. 라이브러리 2종(HG002x01, HG002x02) 각 96셀. 동일 데이터가 HPRC S3에도 있음. | 장비/화학 상세: Strand-seq, Illumina NextSeq 80bp PE (EMBL Heidelberg, Sanders/Korbel; HPRC 제출)
HG002	other	HG002B Phase Genomics Hi-C	data/AshkenazimTrio/HG002_NA24385_son/HG002B-PhaseGenomics-20241031	Phase Genomics Hi-C(시퀀서 미표기)		14	386.0	TRUE	fastq.gz R1/R2 (라이브러리 772, 903), bcl2fastq 2.20 디멀티플렉싱	PARTIAL	.bai	2	GIAB			TRUE	BWA-MEM (버전 미기재) → samtools v1.21 (NIST에서 sort/index)	GRCh38 (GCF_000001405.39)	GIAB			FALSE	N/A				FALSE	N/A				-	-	-			-	-	-			FALSE	N/A				리드 + GRCh38 정렬(정렬/미정렬 BAM 모두) + Hi-C QC 리포트	giab_doc:data/AshkenazimTrio/HG002_NA24385_son/HG002B-PhaseGenomics-20241031/README_20241031.md	Hi-C FASTQ로 스캐폴딩·페이징 입력 구성. HG002B는 별도 배양체이므로 HG002 벤치마크와 직접 비교할 때 계대 차이 주의	중요: 샘플이 HG002 표준 라인이 아니라 NIST 2024 passage 5의 HG002 B세포 배양체(HG002B). Phase Genomics QC 절차 문서(phasegenomics.github.io 2019-09-19) 및 hic_qc.py 기준 지표(same-strand HQ ≥15%, >10kb HQ ≥20%, duplicate ≤40%, intercontig ≤30%)가 README에 정리됨. | index: 'Alignment files (.bam) received by NIST were sorted and indexed using samtools v1.21'. README 파일 설명은 .bam.crai로 적었으나 실제 파일은 .sorted.bam.bai | 장비/화학 상세: Phase Genomics CytoTerra/Proximo Hi-C v4.5 (KT4045), Illumina NovaSeq X 2x150 (NCS 1.2.2.48004)
HG003	other	HG003 BioNano DLE 파이프라인 전체	data/AshkenazimTrio/HG003_NA24149_father/BioNano_DLE	Bionano DLE-1 광학맵(장비 모델 미표기)	249 Gbp collected (molecules >150 kbp)	132	5.4	TRUE	all.bnx.gz, molecules.tar.gz (원시 분자)	-		0	-			TRUE	Bionano Solve 3.2.1	hg19 (in-silico DLE-1 reference cmap: HG003_pipeline_results/ref/hg19_DLE1_0kb_0labels.cmap)	GIAB			-	-	-			TRUE	Bionano Solve 3.2.1 (exp_refineFinal1_sv smap, alignmolvref/copynumber CNV)	GIAB			-	-	-			-	-	-			TRUE	Bionano Solve 3.2.1 (optArguments_haplotype_DLE1_saphyr_human.xml)	GIAB			원시 분자 + Solve 3.2.1 어셈블리 + 레퍼런스 정렬 + SV/CNV 호출	giab_doc:data/AshkenazimTrio/HG003_NA24149_father/BioNano_DLE/BNG_HG003.README.txt	Bionano 전용 툴 필요(Solve 3.2.1 다운로드 링크가 README에 있음). 광학맵 SV/CNV를 시퀀싱 기반 SV 콜셋의 직교 검증 근거로 사용	HG003_pipeline_results 전체가 포함됨: 원시 bnx/molecules, contigs/exp_refineFinal1 어셈블리 cmap, contig별 xmap/q.cmap/r.cmap 약 100개, auto_noise 20개, exp_refineFinal1_sv smap, copynumber(cnv.log, cnv_calls_exp.txt, cnv_rcmap_exp.txt). optArguments가 haplotype 모드라 haplotype-aware 어셈블리. | 장비/화학 상세: Bionano Saphyr, DLE-1 (GM24149 DLE1: >150kbp 분자 249 Gbp, N50 383 kbp)
HG003	other	HG003 BioNano(구버전 nickase)	data/AshkenazimTrio/HG003_NA24149_father/BioNano	Bionano 광학맵(장비 모델 미표기)		9	1.2	TRUE	all.bnx (이미지 처리·>150kb 필터 후 원시 분자)	-		0	-			TRUE	N/A	hg19 (in-silico Nt.BspQI digest)	GIAB			-	-	-			FALSE	N/A				-	-	-			-	-	-			TRUE	N/A	GIAB			원시 분자 + de novo genome map 어셈블리 + hg19 정렬	giab_doc:data/AshkenazimTrio/HG003_NA24149_father/BioNano/README.txt	Bionano 전용 툴 필요. 표준 NGS 파이프라인 대상 아님. SV 검증용 직교 근거로 사용	구버전 nickase 기반. GM24149.zip 동봉. DLE-1 데이터는 BioNano_DLE 디렉토리에 별도 존재. | 장비/화학 상세: Bionano 광학맵, Nt.BspQI nickase (장비 모델 미표기)
HG003	other	HG003 Dovetail Chicago	data/AshkenazimTrio/HG003_NA24149_father/Dovetail_ChicagoLibraties	Dovetail Chicago 라이브러리(시퀀서 미표기)		13	16.7	TRUE	fastq.gz R1/R2 각 3분할 (6개) + md5	-		0	-			FALSE	N/A					FALSE	N/A				FALSE	N/A				-	-	-			-	-	-			FALSE	HiRise (버전 미기재) — 스캐폴딩 결과는 data/AshkenazimTrio/analysis/Dovetail_HiRiseScaffolding_Oct2016				원시 리드만	giab_doc:data/AshkenazimTrio/HG003_NA24149_father/Dovetail_ChicagoLibraties/README.txt	Chicago FASTQ는 스캐폴딩 입력 전용. 단독 변이 호출 부적합	스캐폴딩 대상 어셈블리 3종: PacBio Falcon(MtSinai_PacBio_Assembly_falcon_03282016), PacBio PBcR/MHAP(UMD_PacBio_Assembly_CA8.3_08252015), Illumina 2x250 DISCOVAR(TAMU_NIST_..._09162016). | 장비/화학 상세: Dovetail Chicago 라이브러리 CP-470 (시퀀서 미표기)
HG003	other	HG003 Element AVITI 20240920	data/AshkenazimTrio/HG003_NA24149_father/Element_AVITI_20240920	Element AVITI	StdInsert 79x, LngInsert 32x	12	416.9	TRUE	fastq.gz R1/R2 (StdInsert GAT-APP-C140, LngInsert NIST_HG003_long-insert)	TRUE	.bai	0	GIAB			TRUE	BWA-MEM 0.7.17-r1188 → samtools v1.18 (sort)	GRCh38-GIABv3	GIAB			FALSE	N/A				FALSE	N/A				-	-	-			-	-	-			FALSE	N/A				리드 + GRCh38-GIABv3 정렬	giab_doc:data/AshkenazimTrio/HG003_NA24149_father/Element_AVITI_20240920/README_Element_20240920.md	FASTQ로 자체 정렬·소변이 호출. HG002-HG003-HG004 트리오 동시 처리 시 멘델 오류 기반 평가에 활용	Element ID: 단삽입 MAXQ-0188, 장삽입 MAXQ-0637. QC: FastQC 0.12.1 + GA4GH QC pipeline, multiqc. | index: bai 제공. README: samtools v1.18 정렬, Snakemake wrapper samtools index v1.31.1 | 장비/화학 상세: Element AVITI, Cloudbreak UltraQ 2x150 (Kit PN 860-00018)
HG003	other	HG003 Hi-C UCSC	data/AshkenazimTrio/HG003_NA24149_father/HiC_UCSC	Hi-C(시퀀서 미표기)		34	68.9	TRUE	trimmed fastq.gz 32개 (라이브러리 2건 x 8레인 x R1/R2)	-		0	-			FALSE	N/A					FALSE	N/A				FALSE	N/A				-	-	-			-	-	-			FALSE	N/A				트리밍된 리드만	giab_doc:data/AshkenazimTrio/HG003_NA24149_father/HiC_UCSC/HG003_HiC_README.txt	Hi-C FASTQ를 bwa mem -5SP 등으로 직접 정렬해 스캐폴딩·페이징 입력으로 사용	파일명에 'trimmed' 토큰이 있으나 트리밍 툴은 문서 미기재. UCSC 제공. | 장비/화학 상세: Hi-C (DpnII), Illumina HiSeq X (Fulgent Genetics), 라이브러리 SE5138 NWM053-1/-2
HG003	other	HG003 Strand-seq BCCRC	data/AshkenazimTrio/HG003_NA24149_father/Strand-Seq_BCCRC	Strand-seq(시퀀서 미표기)		58	5.5	TRUE	fastq.gz R1/R2, 단일세포 gm24149_001~028 (56개)	-		0	-			FALSE	N/A					FALSE	N/A				FALSE	N/A				-	-	-			-	-	-			-	-	-			선별된 단일세포 원시 리드만	giab_doc:data/AshkenazimTrio/HG003_NA24149_father/Strand-Seq_BCCRC/README	세포별 정렬 후 BreakpointR/StrandPhaseR로 페이징·역위 검출에 사용	BreakpointR은 라이브러리 선별용 수동 QC에 쓰였다고만 적혀 있고 버전은 없음. GIAB가 배포한 산출물은 FASTQ뿐. 각 FASTQ는 여러 시퀀싱 런의 데이터를 합친 것. | 장비/화학 상세: Strand-seq (Lansdorp Lab, BCCRC; 시퀀서 미표기)
HG004	other	HG004 BioNano DLE 파이프라인 전체	data/AshkenazimTrio/HG004_NA24143_mother/BioNano_DLE	Bionano DLE-1 광학맵(장비 모델 미표기)	316 Gbp collected (molecules >150 kbp)	132	6.2	TRUE	all.bnx.gz, molecules.tar.gz (원시 분자)	-		0	-			TRUE	Bionano Solve 3.2.1	hg19 (in-silico DLE-1 reference cmap: HG004_pipeline_results/ref/hg19_DLE1_0kb_0labels.cmap)	GIAB			-	-	-			TRUE	Bionano Solve 3.2.1 (exp_refineFinal1_sv smap, alignmolvref/copynumber CNV)	GIAB			-	-	-			-	-	-			TRUE	Bionano Solve 3.2.1 (optArguments_haplotype_DLE1_saphyr_human.xml)	GIAB			원시 분자 + Solve 3.2.1 어셈블리 + 레퍼런스 정렬 + SV/CNV 호출	giab_doc:data/AshkenazimTrio/HG004_NA24143_mother/BioNano_DLE/BNG_HG004.README.txt	Bionano 전용 툴 필요. 광학맵 SV/CNV를 시퀀싱 SV 콜셋의 직교 검증 근거로 사용	HG004_pipeline_results 구조는 HG003과 동일: bnx/molecules 원시, contigs 어셈블리 cmap, alignmolvref contig별 xmap/cmap, auto_noise, SV smap, CNV, reference cmap, 리포트/XML. haplotype 모드 파라미터. | 장비/화학 상세: Bionano Saphyr, DLE-1 (GM24143 DLE1: >150kbp 분자 316 Gbp, N50 332 kbp)
HG004	other	HG004 BioNano(구버전 nickase)	data/AshkenazimTrio/HG004_NA24143_mother/BioNano	Bionano 광학맵(장비 모델 미표기)		9	1.3	TRUE	all.bnx (이미지 처리·>150kb 필터 후 원시 분자)	-		0	-			TRUE	N/A	hg19 (in-silico Nt.BspQI digest)	GIAB			-	-	-			FALSE	N/A				-	-	-			-	-	-			TRUE	N/A	GIAB			원시 분자 + de novo genome map 어셈블리 + hg19 정렬	giab_doc:data/AshkenazimTrio/HG004_NA24143_mother/BioNano/README.txt	Bionano 전용 툴 필요. 표준 NGS 파이프라인 대상 아님. SV 검증용 직교 근거	GM24143.zip 동봉. DLE-1 데이터는 BioNano_DLE 디렉토리에 별도. | 장비/화학 상세: Bionano 광학맵, Nt.BspQI nickase (장비 모델 미표기)
HG004	other	HG004 Dovetail Chicago	data/AshkenazimTrio/HG004_NA24143_mother/Dovetail_ChicagoLibraties	Dovetail Chicago 라이브러리(시퀀서 미표기)		13	17.4	TRUE	fastq.gz R1/R2 각 3분할 (6개) + md5	-		0	-			FALSE	N/A					FALSE	N/A				FALSE	N/A				-	-	-			-	-	-			FALSE	HiRise (버전 미기재) — 스캐폴딩 결과는 data/AshkenazimTrio/analysis/Dovetail_HiRiseScaffolding_Oct2016				원시 리드만	giab_doc:data/AshkenazimTrio/HG004_NA24143_mother/Dovetail_ChicagoLibraties/README.txt	Chicago FASTQ는 스캐폴딩 입력 전용. 단독 변이 호출 부적합	이 prefix에는 원시 FASTQ만 있고 스캐폴딩 산출물·정렬 BAM은 별도 analysis 디렉토리에 있음. | 장비/화학 상세: Dovetail Chicago 라이브러리 CP-472 (시퀀서 미표기)
HG004	other	HG004 Element AVITI 20240920	data/AshkenazimTrio/HG004_NA24143_mother/Element_AVITI_20240920	Element AVITI	StdInsert 79x, LngInsert 38x	12	455.7	TRUE	fastq.gz R1/R2 (StdInsert GAT-APP-C142, LngInsert NIST_HG004_long-insert)	TRUE	.bai	0	GIAB			TRUE	BWA-MEM 0.7.17-r1188 → samtools v1.18 (sort)	GRCh38-GIABv3	GIAB			FALSE	N/A				FALSE	N/A				-	-	-			-	-	-			FALSE	N/A				리드 + GRCh38-GIABv3 정렬	giab_doc:data/AshkenazimTrio/HG004_NA24143_mother/Element_AVITI_20240920/README_Element_20240920.md	FASTQ로 자체 정렬·소변이 호출. AJ 트리오(HG002-003-004) 동시 처리로 멘델 일관성 평가	Element ID: 단삽입 MAXQ-0189, 장삽입 KOL-0826. QC: FastQC 0.12.1 + GA4GH QC pipeline. | index: bai 제공. README: samtools v1.18 정렬, Snakemake wrapper samtools index v1.31.1 | 장비/화학 상세: Element AVITI, Cloudbreak UltraQ 2x150 (Kit PN 860-00018)
HG004	other	HG004 Hi-C UCSC	data/AshkenazimTrio/HG004_NA24143_mother/HiC_UCSC	Hi-C(시퀀서 미표기)		34	66.8	TRUE	trimmed fastq.gz 32개 (라이브러리 2건 x 8레인 x R1/R2)	-		0	-			FALSE	N/A					FALSE	N/A				FALSE	N/A				-	-	-			-	-	-			FALSE	N/A				트리밍된 리드만	giab_doc:data/AshkenazimTrio/HG004_NA24143_mother/HiC_UCSC/HG004_HiC_README.txt	Hi-C FASTQ를 bwa mem -5SP 등으로 직접 정렬해 스캐폴딩·페이징에 사용	파일명 'trimmed' 토큰만 있고 트리밍 툴 미기재. UCSC 제공. | 장비/화학 상세: Hi-C (DpnII), Illumina HiSeq X (Fulgent Genetics)
HG004	other	HG004 Strand-seq BCCRC	data/AshkenazimTrio/HG004_NA24143_mother/Strand-Seq_BCCRC	Strand-seq(시퀀서 미표기)		72	7.4	TRUE	fastq.gz R1/R2, 단일세포 gm24143_001~035 (70개)	-		0	-			FALSE	N/A					FALSE	N/A				FALSE	N/A				-	-	-			-	-	-			-	-	-			선별된 단일세포 원시 리드만	giab_doc:data/AshkenazimTrio/HG004_NA24143_mother/Strand-Seq_BCCRC/README	세포별 정렬 후 BreakpointR/StrandPhaseR로 페이징·역위 검출	BreakpointR은 선별 QC 용도로만 언급되고 버전 없음. FASTQ는 여러 런 데이터를 합친 것. | 장비/화학 상세: Strand-seq (Lansdorp Lab, BCCRC; 시퀀서 미표기)
HG005	other	HG005 BioNano	data/ChineseTrio/HG005_NA24631_son/BioNano	Bionano 광학맵(장비 모델 미표기)		9	0.8	TRUE	Molecules.bnx (이미지 처리·>150kb 필터 후 원시 분자)	-		0	-			TRUE	N/A	hg19 (in-silico Nt.BspQI digest)	GIAB			-	-	-			FALSE	N/A				-	-	-			-	-	-			TRUE	N/A	GIAB			원시 분자 + de novo genome map 어셈블리 + hg19 정렬	giab_doc:data/ChineseTrio/HG005_NA24631_son/BioNano/README.txt	Bionano 전용 툴 필요. 표준 NGS 파이프라인 대상 아님. SV 검증용 직교 근거	GM24631.zip 동봉. HG005는 DLE-1 데이터셋이 없음. | 장비/화학 상세: Bionano 광학맵, Nt.BspQI nickase (장비 모델 미표기)
HG005	other	HG005 Element AVITI 20240920	data/ChineseTrio/HG005_NA24631_son/Element_AVITI_20240920	Element AVITI	StdInsert 78x, LngInsert 35x	12	419.4	TRUE	fastq.gz R1/R2 (StdInsert GAT-APP-C144, LngInsert NIST_HG005_long-insert)	TRUE	.bai	0	GIAB			TRUE	BWA-MEM 0.7.17-r1188 → samtools v1.18 (sort)	GRCh38-GIABv3	GIAB			FALSE	N/A				FALSE	N/A				-	-	-			-	-	-			FALSE	N/A				리드 + GRCh38-GIABv3 정렬	giab_doc:data/ChineseTrio/HG005_NA24631_son/Element_AVITI_20240920/README_Element_20240920.md	FASTQ로 자체 정렬·소변이 호출 후 GIAB BAM 및 HG005 벤치마크로 평가	Element ID: 단삽입 MAXQ-0237, 장삽입 MAXQ-0634. QC: FastQC 0.12.1 + GA4GH QC pipeline. 중국인 트리오 중 HG005만 이 배치에 포함(HG006/HG007 없음). | index: bai 제공. README: samtools v1.18 정렬, Snakemake wrapper samtools index v1.31.1 | 장비/화학 상세: Element AVITI, Cloudbreak UltraQ 2x150 (Kit PN 860-00018)
HG005	other	HG005 SOLiD 5500W	data/ChineseTrio/HG005_NA24631_son/NIST_SOLiD5500W	SOLiD 5500W	약 72x (2 라이브러리 x 24레인/4 FlowChip)	30	911.1	TRUE	xsq 24개 (SOLiD color-space 원시, 4런 x 6레인)	TRUE	.bai	0	GIAB			TRUE	N/A	b37 (파일명 5500W_HG005_merged.b37.bam)	GIAB			FALSE	N/A				FALSE	N/A				-	-	-			-	-	-			FALSE	N/A				원시 xsq + b37 정렬(툴 미확인)	N/A	원시 xsq는 color-space 전용 툴이 필요해 표준 파이프라인 처리 불가. b37 BAM에서 변이 호출만 실용적. 911 GiB 규모라 다운로드 우선순위 재검토 권장	HG001 SOLiD README의 LifeScope 2.5.1은 다른 데이터셋(HG001, 2013년) 문서라 끌어오지 않음. HG005 라이브러리는 AB Library Builder 기반 semi-automated prep. | index: bai + md5 제공, 인덱싱 툴 미기재 | 장비/화학 상세: Life Technologies 5500xl Wildfire (5500W), SE 75bp, ICS software 2.1, v2 FlowChip
HG005	other	HG005 Strand-seq BCCRC	data/ChineseTrio/HG005_NA24631_son/Strand-Seq_BCCRC	Strand-seq(시퀀서 미표기)		92	10.9	TRUE	fastq.gz R1/R2, 단일세포 gm24631_001~045 (90개)	-		0	-			FALSE	N/A					FALSE	N/A				FALSE	N/A				-	-	-			-	-	-			-	-	-			선별된 단일세포 원시 리드만	giab_doc:data/ChineseTrio/HG005_NA24631_son/Strand-Seq_BCCRC/README	세포별 정렬 후 BreakpointR/StrandPhaseR로 페이징. 중국인 트리오 3인(HG005/006/007) Strand-seq를 함께 쓰면 트리오 페이징 검증 가능	BreakpointR은 선별 QC 용도로만 언급, 버전 없음. FASTQ는 여러 런 데이터 합본. | 장비/화학 상세: Strand-seq (Lansdorp Lab, BCCRC; 시퀀서 미표기)
HG006	other	HG006 Strand-seq BCCRC	data/ChineseTrio/HG006_NA24694-huCA017E_father/Strand-Seq_BCCRC	Strand-seq(시퀀서 미표기)		50	6.4	TRUE	fastq.gz R1/R2, 단일세포 gm24694_001~024 (48개)	-		0	-			FALSE	N/A					FALSE	N/A				FALSE	N/A				-	-	-			-	-	-			-	-	-			선별된 단일세포 원시 리드만	giab_doc:data/ChineseTrio/HG006_NA24694-huCA017E_father/Strand-Seq_BCCRC/README	세포별 정렬 후 BreakpointR/StrandPhaseR로 페이징. HG005/HG007과 묶어 트리오 페이징 검증	HG006은 이 버킷에서 유일한 데이터셋. GIAB 산출물은 FASTQ뿐. | 장비/화학 상세: Strand-seq (Lansdorp Lab, BCCRC; 시퀀서 미표기)
HG007	other	HG007 Strand-seq BCCRC	data/ChineseTrio/HG007_NA24695-hu38168_mother/Strand-Seq_BCCRC	Strand-seq(시퀀서 미표기)		72	7.7	TRUE	fastq.gz R1/R2, 단일세포 gm24695_001~035 (70개)	-		0	-			FALSE	N/A					FALSE	N/A				FALSE	N/A				-	-	-			-	-	-			-	-	-			선별된 단일세포 원시 리드만	giab_doc:data/ChineseTrio/HG007_NA24695-hu38168_mother/Strand-Seq_BCCRC/README	세포별 정렬 후 BreakpointR/StrandPhaseR로 페이징. HG005/HG006과 묶어 트리오 페이징 검증	HG007도 이 버킷에서 유일한 데이터셋. GIAB 산출물은 FASTQ뿐. | 장비/화학 상세: Strand-seq (Lansdorp Lab, BCCRC; 시퀀서 미표기)
HG008	other	HG008 Arima Hi-C	data_somatic/HG008/Liss_lab/Arima_HiC-ILMN_20240112	Arima Hi-C, Illumina 2x150(모델 미표기)		7	298.9	TRUE	FASTQ (HG008-N-D, HG008-T 각 R1/R2)	-		0	-			FALSE	N/A					FALSE	N/A				FALSE	N/A				-	-	-			FALSE	N/A				FALSE	N/A				reads only (QC 지표만)	giab_doc:data_somatic/HG008/Liss_lab/Arima_HiC-ILMN_20240112/README_Arima.md	Hi-C FASTQ로 직접 정렬/스캐폴딩 수행. hifiasm/Verkko 어셈블리의 --h1/--h2 입력이나 HapCUT2 기반 장거리 페이징 입력으로 쓰는 것이 가장 실용적.	문서는 QC 지표가 Arima-SV-Pipeline v1.3(hg38 기본 accessory 파일)으로 산출됐다고 하지만 정렬 BAM은 배포하지 않았다. 정렬 산출물이 없으므로 aligned=FALSE. | 장비/화학 상세: Illumina NovaSeq 6000 (ICS v1.7.5, RTA v3.4.4), S4 v1.5 300cycle, 2x150 / Arima HiC High Coverage Kit
HG008	other	HG008 BCM 2022 Manta/Strelka/xAtlas(대체됨)	data_somatic/HG008/Liss_lab/superseded-2022-data/analysis/BCM_Illumina_WGS_20220816	Illumina WGS(모델 미표기)	NIST 재정렬 기준 HG008-T mean autosome 140x, diploid 191x / haploid 96x, NRPCC 48x; HG008-N-P 150x (BCM 추정 124.51x/117.26x와 별도로 같은 문서에 있음)	63	1.6	FALSE		PARTIAL	.tbi	5	GIAB			-	-	GRCh38_full_analysis_set_plus_decoy_hla (Strelka 커맨드 기준)	-			-	-	-			TRUE	Manta (germline diploidSV, candidateSV) / xAtlas (small variant, IDUDI0002·0003 각각)	GIAB			-	-	-			TRUE	Manta (4세트: IDUDI0002, IDUDI0003, Tumor_Only --tumorBam, Normal_Tumor --normalBam+--tumorBam) → SURVIVOR 통계 / Strelka somatic (configureStrelkaSomaticWorkflow.py, MantaCandidateIndel 유무 2종)	GIAB			-	-	-			variant + somatic (BCM 수행, 다중 Manta/Strelka 구성)	giab_doc:data_somatic/HG008/Liss_lab/superseded-2022-data/analysis/BCM_Illumina_WGS_20220816/README_BCM.md + Manta_results/readme.txt + 파일명 토큰(SURVIVOR)	superseded이고 툴 버전도 없어 기준선 가치가 낮다. Manta ± candidateIndel 두 구성 비교로 indel 후보 전달이 somatic indel 민감도에 주는 영향만 참고하고, 실제 비교 기준선은 DRAGEN 4.2.4나 NYGC v7을 쓸 것.	Manta·Strelka·xAtlas 세 툴 모두 버전이 기재되지 않았다. SURVIVOR는 파일명(somatic_SURVIVOR_stats.txt / summary.txt)에서만 확인된다. Strelka는 Manta candidateSmallIndels.vcf.gz를 --indelCandidates로 주는 구성과 주지 않는 구성 두 가지를 모두 배포했다. 여기 xAtlas 콜이 HG008_ancestry_analysis의 입력이다. | index: VCF 25개 중 5개 인덱스 없음 | 장비/화학 상세: Illumina NovaSeq 6000, PE 2x150, PCR-free (BCM 생성) — tumor IDUDI0003, normal IDUDI0002
HG008	other	HG008 BCM Illumina WGS 2022(대체됨)	data_somatic/HG008/Liss_lab/superseded-2022-data/BCM_ILMN-somatic-analysis_20220816	Illumina WGS(모델 미표기)	"인용 문서(README_BCM.md)에 있는 값은 NIST 재정렬 기준 HG008-T mean autosome 140x (GRCh38-GIABv3), diploid 191x / haploid 96x, NRPCC 48x, HG008-N-P 150x. ""~180x""는 이 문서에 없다"	26	1666.0	TRUE	FASTQ (N, T 각 R1/R2)	TRUE	.bai,.crai	0	GIAB			TRUE	BCM: BWA-MEM (BCM hgv 파이프라인 hgv-19.2.34) / NIST 재정렬: BWA-MEM 0.7.17-r1188 → samtools 1.3.1 (sam→bam 변환, 정렬, 인덱싱)	BCM: GRCh38_full_analysis_set_plus_decoy_hla / NIST 2022: GCA_000001405.15_GRCh38_no_alt / NIST 2023: GRCh37, GRCh38-GIABv3, CHM13v2.0	GIAB			FALSE	N/A				FALSE	N/A				-	-	-			FALSE	N/A				-	-	-			reads + align (BCM CRAM + NIST 2022/2023 BAM)	giab_doc:data_somatic/HG008/Liss_lab/superseded-2022-data/BCM_ILMN-somatic-analysis_20220816/README_BCM.md	패세지가 다르므로 2024년 데이터와 직접 합치지 말 것. 패세지 간 somatic 변이 변화를 보려면 이 FASTQ를 GRCh38-GIABv3로 재정렬해 p23 데이터와 같은 조건으로 맞춘 뒤 비교.	superseded 표시가 붙었지만 HKU ClairS Illumina 콜셋과 UCSC DeepSomatic Illumina 콜셋의 입력 BAM이 바로 이 데이터셋이다. 이 시기 HG008-T는 2022 passage 36으로, 2023년 batch 0823p23과 패세지가 다르다는 점을 주의. 같은 README가 analysis/BCM_Illumina_WGS_20220816 디렉토리에도 복제되어 있다. | index: BAM에 .bai, hgv CRAM에 .crai 존재. samtools로 인덱싱. QC: FastQC 0.12.1, GA4GH QC(picard, samtools stats, mosdepth, multiqc) | 장비/화학 상세: Illumina NovaSeq 6000, PE 2x150, PCR-free (IDT TruSeq UD index + KAPA Hyper prep), BCM 생성
HG008	other	HG008 BCM Revio somatic WDL	data_somatic/HG008/Liss_lab/analysis/BCM_Revio_20240313	PacBio Revio HiFi	입력 BAM 기준 HG008-T 106x, HG008-N-D 68x	65	565.4	FALSE		TRUE	.bai,.tbi	0	GIAB			TRUE	N/A (PacBio HiFi-somatic-WDL v0.7 내부 정렬; 이 문서에 정렬 툴명 없음)	GRCh37 / GRCh38-GIABv3 / CHM13v2.0	GIAB			TRUE	HiPhase	GIAB			TRUE	Clair3 (germline small variant)	GIAB			TRUE	pb-CpG-tools (hap1/hap2/combined bigWig) → DMR 주석 (dmrs.tsv)	GIAB			TRUE	DeepSomatic → VEP (SNV/INDEL, GRCh38-GIABv3만) / Severus → svpack (SV, control VCF 필터+주석)	GIAB			-	-	-			align + phase + variant + meth + somatic (거의 전 단계)	giab_doc:data_somatic/HG008/Liss_lab/analysis/BCM_Revio_20240313/pacbio-wgs-wdl_somatic_20240601/README_BCM_Revio_analysis.md	GIAB 산출물 그대로 기준선으로 사용. 자체 HiFi somatic 파이프라인 결과와 Severus/DeepSomatic 콜을 비교하고, 필요하면 Additional_files tar를 풀어 중간 산출물 확인.	deepsomatic/VEP 파일명은 매니페스트에서 확인(GRCh38-GIABv3에만 존재). DMR TSV 7종은 CHM13v2.0과 GRCh38-GIABv3에만 있고 GRCh37에는 없다. 같은 파이프라인(HiFi-Somatic-WDL v0.7)에 대해 UMD-Revio README는 정렬 툴을 pbmm2 v1.12.0으로 명시하지만 이 데이터셋 문서에는 그 기재가 없어 N/A로 둔다. | index: hiphase BAM에 .bai, VCF에 .tbi 모두 존재 | 장비/화학 상세: PacBio Revio HiFi (BCM 생성)
HG008	other	HG008 Bionano SV/CNV 분석	data_somatic/HG008/Liss_lab/analysis/Bionano_OpticalMapping-analysis_20231019	Bionano 광학맵(장비 모델 미표기)	400x	9	0.0	FALSE		FALSE		2				-	-	GRCh38	-			-	-	-			-	-	-			-	-	-			TRUE	Bionano Rare Variant Analysis (RVA) pipeline — Bionano Access 1.8 / Solve 3.8 / VIA (CNV는 hypodiploid 재중심화 후 VIA로 콜)	GIAB			-	-	-			somatic SV/CNV 콜 + 리포트	giab_doc:data_somatic/HG008/Liss_lab/analysis/Bionano_OpticalMapping-analysis_20231019/README_Bionano.md	직교 기술 SV 근거로 사용. 자체 시퀀싱 기반 SV 콜셋을 이 UniqueSVs와 대조해 5kb 이상 대형 SV 재현율 확인 (좌표 정확도는 광학맵 특성상 수 kb 오차 가정).	AllSVs는 고신뢰 SV 전체, UniqueSVs는 Bionano 내부 대조 DB에 없는 SV. OverlapCancerGenes BED는 Bionano 자체 pan-cancer 유전자 목록과의 교집합. MGH3066_RVA_400x_UniqueSVs.vcf는 HG008-T somatic SV 초안 벤치마크 V0.3의 입력 콜셋 8번이다. | index: VCF 2개 모두 인덱스 없음 | 장비/화학 상세: Bionano Saphyr System 1000, ICS v5.3.23013.1, DLS-G2
HG008	other	HG008 Bionano 광학맵 원시	data_somatic/HG008/Liss_lab/Bionano_OpticalMapping_20231019	Bionano 광학맵(장비 모델 미표기)	400x (N50 >150kb 분자 322.82 kbp)	6	2.7	TRUE	BNX.gz + CMAP (Saphyr 광학맵 분자 데이터, 시퀀싱 리드 아님)	-		0	-			TRUE	Bionano Access 1.8 → Bionano Solve 3.8	GRCh38	GIAB			-	-	-			FALSE	N/A				-	-	-			FALSE	N/A				FALSE	N/A				raw molecule + reference mapping	giab_doc:data_somatic/HG008/Liss_lab/Bionano_OpticalMapping_20231019/README_Bionano.md	BNX 원자료가 있으니 Bionano Solve로 재분석 가능하지만 Bionano 라이선스 소프트웨어가 필요. 라이선스 없으면 GIAB의 SV/CNV 콜셋(analysis 디렉토리)을 그대로 직교 검증 근거로 사용.	SV/CNV 콜은 형제 디렉토리 analysis/Bionano_OpticalMapping-analysis_20231019 에 있다. 숨김 파일 .MGH3066_Molecules_400x.cmap 1개 포함. | 장비/화학 상세: Bionano Saphyr System 1000, ICS v5.3.23013.1, Saphyr Chip G3.3, DLS-G2 라벨링
HG008	other	HG008 DRAGEN v4.2.4 (graph/standard)	data_somatic/HG008/Liss_lab/analysis/DRAGEN-v4.2.4_ILMN-WGS_20240312	Illumina WGS(모델 미표기)		24	682.7	FALSE		TRUE	.bai,.tbi	0	GIAB			TRUE	DRAGEN 4.2.4 (graph/multigenome hashtable 및 standard hg38 hashtable, sorted+duplicate-marked BAM)	hg38 DRAGEN hashtable (graph 및 standard 2종)	GIAB			FALSE	N/A				FALSE	N/A				-	-	-			TRUE	DRAGEN 4.2.4 Tumor-Normal WGS workflow (small variant + SV + CNV; CNV는 --cnv-somatic-het-state-multiplier=3)	GIAB			-	-	-			align + somatic (graph/standard 두 레퍼런스)	giab_doc:data_somatic/HG008/Liss_lab/analysis/DRAGEN-v4.2.4_ILMN-WGS_20240312/README_DRAGEN_20240312.md	GIAB 산출물 그대로 벤치마크 입력 계보 확인용으로 사용. graph vs standard 레퍼런스 비교가 목적이면 두 BAM 세트로 자체 콜러를 돌려 재현.	정렬 BAM이 이 분석 디렉토리 안에 함께 배포된 드문 경우(graph-reference-alignments, standard-reference-alignments). graph SV VCF(dragen_4.2.4_HG008-mosaic_tumor.sv.vcf.gz)는 HG008-T somatic SV 초안 벤치마크 V0.1~V0.3의 입력이다. 서브클론 이벤트가 있는 패세지라 CNV 파라미터를 조정했다. | index: BAM에 .bai, VCF에 .tbi 존재 | 장비/화학 상세: Illumina WGS (기기 모델 문서 미기재), HG008-T passage 23 batch 0823p23
HG008	other	HG008 DRAGEN v4.2.4 2023(대체됨)	data_somatic/HG008/Liss_lab/superseded-2022-data/analysis/DRAGEN-v4.2.4_ILMN-WGS_20230914	Illumina WGS(모델 미표기)	normal 115x, tumor 108x (게놈 평균 정렬 커버리지)	15	0.0	FALSE		PARTIAL	.tbi	2	GIAB			FALSE	DRAGEN 4.2.4 (Illumina 수행; sorted+duplicate-marked BAM 생성했으나 미배포)	hg38 DRAGEN hashtable (GRCh38_full_analysis_set_plus_decoy_hla.fa로 4.2.4에서 빌드)	GIAB			-	-	-			-	-	-			-	-	-			TRUE	DRAGEN 4.2.4 Tumor-Normal WGS workflow (small variant + SV + CNV) → ANNOVAR (2020-06-08) 주석 (COSMIC v92, SPIDEX, SpliceAI, refGene, ESP6500siv2, gnomAD v2.1, 1000G 2015-Aug, ClinVar v20221231·v20220320)	GIAB			-	-	-			somatic (DRAGEN) + 주석(ANNOVAR)	giab_doc:data_somatic/HG008/Liss_lab/superseded-2022-data/analysis/DRAGEN-v4.2.4_ILMN-WGS_20230914/README_DRAGEN.md + annotations/README_DRAGEN_annotations.md	superseded이므로 신규 비교에는 20240312 DRAGEN 결과를 쓸 것. ANNOVAR 주석 구성(run_annovar.sh)만 자체 주석 파이프라인 참고용으로 활용.	"문서가 ""Mapping/alignment was performed by Illumina but not provided""라고 명시 — 정렬 BAM은 배포되지 않았다. 2024년 DRAGEN 실행(DRAGEN-v4.2.4_ILMN-WGS_20240312)이 이 결과를 대체하며, 2024년 버전은 graph 레퍼런스와 BAM까지 배포한다. ANNOVAR 주석은 NIH/NCI 수행. | index: VCF 6개 중 2개 인덱스 없음. run_annovar.sh 스크립트 동봉 | 장비/화학 상세: Illumina NovaSeq 6000, PE 2x150, PCR-free (BCM 생성) — tumor IDUDI0003, normal IDUDI0002"
HG008	other	HG008 Element AVITI 20240118	data_somatic/HG008/Liss_lab/Element_AVITI_20240118	Element AVITI	HG008-T 60x (diploid 87x / haploid 44x, NRPCC 추정 22x), HG008-N-D 61x	20	777.1	TRUE	FASTQ (HG008-T, HG008-N-D 각 R1/R2)	TRUE	.bai	0	GIAB			TRUE	BWA-MEM 0.7.17-r1188 → samtools v1.18 sort (Snakemake wrapper bwa_mem v1.31.1)	GRCh37 / GRCh38-GIABv3 / CHM13v2.0	GIAB			FALSE	N/A				FALSE	N/A				-	-	-			FALSE	N/A				FALSE	N/A				reads + align (3개 레퍼런스)	giab_doc:data_somatic/HG008/Liss_lab/Element_AVITI_20240118/README_Element_20240118.md	GRCh38-GIABv3 T/N BAM 쌍으로 somatic SNV/INDEL 콜 후 HG008-T 초안 벤치마크와 비교. CHM13 결과는 PAR/MT 영역 제외하고 해석.	CHM13v2.0 BAM은 Y PAR 미마스킹 + CHM13 미토콘드리아 사용이라 X/Y PAR·MT 변이 벤치마킹에는 chm13v2.0_maskedY_rCRS로 재정렬하라고 문서가 경고한다. 이 데이터가 NCBI GRIDSS2 Element somatic SV 콜의 입력이다. | index: samtools index v1.31.1로 인덱싱, .bai 존재. QC: FastQC 0.12.1, mosdepth v3.3.6, multiqc v3.3.6, GA4GH QC | 장비/화학 상세: Element AVITI (AOS 2.4.1), 개발단계 R&D 케미스트리, 2x150, standard insert 350-400bp
HG008	other	HG008 Element AVITI 20240626	data_somatic/HG008/Liss_lab/Element_AVITI_20240626	Element AVITI	StdInsert: HG008-T 70x (diploid 102x / haploid 51x, NRPCC 26x), HG008-N-D 72x, HG008-N-P 70x / LngInsert: HG008-T 22x (diploid 31x / haploid 15x, NRPCC 8x), HG008-N-D 27x, HG008-N-P 19x	56	2283.7	TRUE	FASTQ (N-D / N-P / T x StdInsert·LngInsert)	TRUE	.bai	0	GIAB			TRUE	BWA-MEM 0.7.17-r1188 → samtools v1.18 sort (Snakemake wrapper bwa_mem v1.31.1)	GRCh37 / GRCh38-GIABv3 / CHM13v2.0	GIAB			FALSE	N/A				FALSE	N/A				-	-	-			FALSE	N/A				FALSE	N/A				reads + align (3샘플 x 2인서트 x 3레퍼런스)	giab_doc:data_somatic/HG008/Liss_lab/Element_AVITI_20240626/README_Element_20240626.md	StdInsert/LngInsert를 나눠서 또는 합쳐서 somatic SV 콜(GRIDSS2, Manta, SvABA)을 돌려 인서트 길이가 SV 검출력에 주는 영향을 정량.	이 버킷에서 가장 큰 Element 배치(2.3 TiB). 긴 인서트(>1kb) 라이브러리가 SV 브레이크포인트 해상도에 유리. | index: samtools index v1.31.1로 인덱싱, .bai 존재. QC: FastQC 0.12.1, mosdepth v3.3.6, multiqc v3.3.6, GA4GH QC | 장비/화학 상세: Element AVITI, Cloudbreak UltraQ 케미스트리 (PN 860-00018), 2x150, short(350-400bp)+long(>1kb) insert
HG008	other	HG008 Element AVITI 20241216	data_somatic/HG008/Liss_lab/Element-AVITI-20241216	Element AVITI	HG008-T mean autosome 76x (GRCh38-GIABv3), diploid 111x / haploid 55x, NRPCC 추정 28x; HG008-N-P 70x; HG008-N-D 77x	26	1916.6	TRUE	FASTQ (N-D / N-P / T 각 R1/R2)	TRUE	.bai	0	GIAB			TRUE	BWA-MEM 0.7.17-r1188 → samtools v1.18 sort (Snakemake wrapper bwa_mem v1.31.1)	GRCh37 / GRCh38-GIABv3 / CHM13v2.0(maskedY_rCRS)	GIAB			FALSE	N/A				FALSE	N/A				-	-	-			FALSE	N/A				FALSE	N/A				reads + align (3개 레퍼런스)	giab_doc:data_somatic/HG008/Liss_lab/Element-AVITI-20241216/README_Element_20241216.md	FASTQ와 3개 레퍼런스 BAM이 다 있으므로 T/N somatic 콜(예: Mutect2, Strelka2, DeepSomatic)을 바로 실행. UltraQ 저오류 데이터라 낮은 VAF 검출 평가에 적합.	정렬은 NIST가 수행. 이 배치는 CHM13v2.0 maskedY_rCRS를 썼다(20240118/20240626 배치는 chm13v2.0.fa). | index: samtools index v1.31.1 (Snakemake wrapper)로 인덱싱, .bai 존재. QC: FastQC 0.12.1, mosdepth v3.3.6, multiqc v3.3.6, GA4GH QC | 장비/화학 상세: Element AVITI, Cloudbreak UltraQ 케미스트리 (PN 860-00018), 2x150, short insert 350-400bp
HG008	other	HG008 Element GRIDSS2 somatic SV	data_somatic/HG008/Liss_lab/analysis/NCBI_Element_WGS_Somatic_SVs_GRIDSS2_20240430	Element AVITI	HG008-T 87x, HG008-N-D 61x	7	0.0	FALSE		FALSE		3				-	-	GRCh37(hs37d5) / GRCh38-GIABv3 / CHM13v2.0(maskedY_rCRS)	-			-	-	-			-	-	-			-	-	-			TRUE	GRIDSS 2.13.2 → gridss.GeneratePonBedpe (PON 생성) → gripss (sample HG008-T, reference HG008-N-D)	GIAB			-	-	-			somatic SV (3개 레퍼런스)	giab_doc:data_somatic/HG008/Liss_lab/analysis/NCBI_Element_WGS_Somatic_SVs_GRIDSS2_20240430/README_Element_gridss2_ncbi_20240430	tabix 인덱싱 후 Element 기반 somatic SV 참조로 사용. 자체 GRIDSS2 실행 시 PON 생성 단계(GeneratePonBedpe, NORMAL_ORDINAL=0)까지 동일하게 재현해야 결과가 비교 가능.	NCBI(xiao2@ncbi.nlm.nih.gov)가 생성. gripss 버전은 이 문서에 없음(minda README는 gripss v2.2로 기재하지만 그건 Illumina 콜셋 기준이므로 여기 적용하지 않음). GRCh38 콜셋은 벤치마크 V0.3 입력 10번. | index: VCF 3개 모두 인덱스 없음 | 장비/화학 상세: Element AVITI (입력: Element_AVITI_20240118 StdInsert BAM, T 87x / N-D 61x)
HG008	other	HG008 HiFi ClairS SNV/INDEL	data_somatic/HG008/Liss_lab/analysis/HKU_HiFi_ClairS_v0.1.7-SNV-INDEL_20240326	PacBio HiFi(모델 미표기)	입력 BAM 기준 HG008-T 116x, HG008-N-P 35x	14	0.0	FALSE		TRUE	.tbi	0	GIAB			-	-	GRCh37 / GRCh38-GIABv3 / CHM13v2.0	-			-	-	-			-	-	-			-	-	-			TRUE	ClairS v0.1.7 (Docker hkubal/clairs:v0.1.7, --platform hifi_revio --enable_indel_calling)	GIAB			-	-	-			somatic SNV+INDEL (3개 레퍼런스)	giab_doc:data_somatic/HG008/Liss_lab/analysis/HKU_HiFi_ClairS_v0.1.7-SNV-INDEL_20240326/README_HKU_ClairS.md	장독 somatic SNV/INDEL 참조 콜셋으로 사용. 자체 ClairS/DeepSomatic 결과와 비교하고, 3개 레퍼런스 간 일치도로 레퍼런스 선택 영향 평가.	동일 README가 Illumina 버전(superseded-2022-data/analysis/HKU_ILMN_ClairS_...)과 HiFi 버전 두 데이터셋을 함께 설명하고, 어떤 입력 BAM이 어떤 출력 VCF에 대응하는지 표로 명시한다. HiFi는 SNV+INDEL, Illumina는 SNV만. | index: VCF에 .tbi 존재 | 장비/화학 상세: PacBio HiFi Revio (--platform hifi_revio)
HG008	other	HG008 HiFi DeepSomatic	data_somatic/HG008/Liss_lab/analysis/UCSC_HiFi_DeepSomatic-SNV-INDEL_20240308	PacBio HiFi(모델 미표기)	HG008-T 116x, HG008-N-P 35x	7	0.1	FALSE		TRUE	.tbi	0	GIAB			-	-	GRCh38-GIABv3	-			-	-	-			-	-	-			-	-	-			TRUE	DeepSomatic v1.6.0 (Docker google/deepsomatic:1.6.0, model354)	GIAB			-	-	-			somatic SNV+INDEL	giab_doc:data_somatic/HG008/Liss_lab/analysis/UCSC_HiFi_DeepSomatic-SNV-INDEL_20240308/README_UCSC_DeepSomatic.md + 파일명 토큰 model354	HiFi somatic SNV/INDEL 참조 콜셋으로 사용. HKU ClairS v0.1.7 HiFi 결과, BCM_Revio WDL의 DeepSomatic 결과와 3자 비교해 콜러/모델 차이 파악.	model354는 파일명(0201_HG008_HiFi_DeepSomatic_v1.6.0_model354.vcf.gz)과 문서 파일목록 양쪽에서 확인된다. 같은 README가 Illumina 버전(model277, superseded 디렉토리)도 함께 설명한다. somaticOnly VCF는 somatic만 남긴 서브셋. | index: VCF에 .tbi 존재 | 장비/화학 상세: PacBio Revio HiFi (HG008-T p23 116x, HG008-N-P 35x)
HG008	other	HG008 HiFi minimap2 정렬	data_somatic/HG008/Liss_lab/analysis/NIH_HiFi_mm2_mapping	PacBio HiFi Revio	HG008-N-P 35x, HG008-T 116x	6	152.1	FALSE		TRUE	.bai	0	GIAB			TRUE	samtools fastq -T MM,ML → minimap2 -ax map-hifi -k 17 -y -K 5G --eqx → samtools sort	GRCh38-GIABv3	GIAB			FALSE	N/A				FALSE	N/A				FALSE	N/A				FALSE	N/A				-	-	-			재정렬 only (pbmm2 → minimap2)	giab_doc:data_somatic/HG008/Liss_lab/analysis/NIH_HiFi_mm2_mapping/README_NIH_HiFi-mm2.md	pbmm2 정렬본과 이 minimap2 정렬본으로 같은 somatic SV 콜러를 각각 돌려 정렬기 차이가 브레이크포인트에 주는 영향을 정량. MM/ML 태그가 유지되어 메틸 분석도 그대로 가능.	기존 pbmm2 BAM에서 samtools fastq로 리드를 추출(MM,ML 메틸 태그 보존)해 minimap2로 다시 정렬한 데이터셋이다. 많은 GIAB 협력자가 HiFi somatic SV 콜에 pbmm2보다 minimap2를 쓴다는 이유로 만들어졌다. 툴 버전이 전혀 기재되지 않았다. | index: *_mm2.bam.bai 존재. minimap2/samtools 버전은 문서에 없음 | 장비/화학 상세: PacBio Revio HiFi
HG008	other	HG008 Illumina ClairS SNV(대체됨)	data_somatic/HG008/Liss_lab/superseded-2022-data/analysis/HKU_ILMN_ClairS_v0.1.7-SNV-INDEL_20240326	Illumina WGS(모델 미표기)	HG008-T 191x, HG008-N-P 150x	8	0.0	FALSE		TRUE	.tbi	0	GIAB			-	-	GRCh37(hs37d5) / GRCh38-GIABv3 / CHM13v2.0	-			-	-	-			-	-	-			-	-	-			TRUE	ClairS v0.1.7 (Docker hkubal/clairs:v0.1.7, --platform ilmn, SNV only)	GIAB			-	-	-			somatic SNV (3개 레퍼런스)	giab_doc:data_somatic/HG008/Liss_lab/superseded-2022-data/analysis/HKU_ILMN_ClairS_v0.1.7-SNV-INDEL_20240326/README_HKU_ClairS.md	superseded 입력(패세지 상이) 때문에 기준선으로는 주의. 같은 ClairS v0.1.7로 HiFi와 Illumina를 비교할 때 플랫폼 모델 차이 확인용으로만 사용.	HiFi 버전(analysis/HKU_HiFi_ClairS_...)과 동일한 README를 공유한다. Illumina 실행은 --enable_indel_calling을 쓰지 않아 SNV만 콜했고, 그래서 파일도 snv VCF 3개뿐이다. 입력이 2022 passage 36 BAM이라 superseded로 분류됐다. | index: VCF에 .tbi 존재 | 장비/화학 상세: Illumina WGS (--platform ilmn; 입력은 BCM_Illumina_WGS_20220816 BAM, T 191x / N-P 150x)
HG008	other	HG008 Illumina DeepSomatic(대체됨)	data_somatic/HG008/Liss_lab/superseded-2022-data/analysis/UCSC_ILMN_DeepSomatic-SNV-INDEL_20240308	Illumina WGS(모델 미표기)	HG008-T 191x, HG008-N-P 150x (입력 BAM)	6	0.4	FALSE		TRUE	.tbi	0	GIAB			-	-	GRCh38-GIABv3	-			-	-	-			-	-	-			-	-	-			TRUE	DeepSomatic v1.6.0 (Docker google/deepsomatic:1.6.0, model277)	GIAB			-	-	-			somatic SNV+INDEL	giab_doc:data_somatic/HG008/Liss_lab/superseded-2022-data/analysis/UCSC_ILMN_DeepSomatic-SNV-INDEL_20240308/README_UCSC_DeepSomatic.md + 파일명 토큰 model277	superseded 입력이므로 정답셋으로 쓰지 말 것. 같은 DeepSomatic v1.6.0에서 model277(ILMN) 대 model354(HiFi) 차이를 보는 목적으로만 사용.	HiFi 버전(model354)과 같은 README를 공유한다. Illumina는 model277을 썼다. 입력 Illumina 데이터의 HG008-T 패세지가 HiFi 데이터와 다르다는 점을 README가 명시적으로 경고한다. somaticOnly VCF는 somatic만 남긴 서브셋. | index: VCF에 .tbi 존재 | 장비/화학 상세: Illumina WGS (입력은 BCM_Illumina_WGS_20220816, HG008-T 2022 passage 36)
HG008	other	HG008 Illumina GRIDSS2 somatic SV(대체됨)	data_somatic/HG008/Liss_lab/superseded-2022-data/analysis/NCBI_Illumina_WGS_Somatic_SVs_GRIDSS2_20240430	Illumina WGS(모델 미표기)	HG008-T 191x, HG008-N-P 150x (입력 BAM)	7	0.0	FALSE		FALSE		3				-	-	GRCh37(hs37d5) / GRCh38-GIABv3 / CHM13v2.0(maskedY_rCRS)	-			-	-	-			-	-	-			-	-	-			TRUE	GRIDSS 2.13.2 → gridss.GeneratePonBedpe (PON) → gripss	GIAB			-	-	-			somatic SV (3개 레퍼런스)	giab_doc:data_somatic/HG008/Liss_lab/superseded-2022-data/analysis/NCBI_Illumina_WGS_Somatic_SVs_GRIDSS2_20240430/README_Illumina_gridss2_ncbi_20240430	superseded — 벤치마크 비교에는 Passage23 버전을 쓸 것. 두 콜셋 diff로 패세지 차이가 somatic SV에 주는 영향만 확인 가능.	passage 23 버전(analysis/NCBI_Illumina_WGS_BCM_Somatic_SVs_GRIDSS2_Passage23_20240510)에 의해 대체됐다. 커맨드와 툴 버전은 두 문서가 동일하고 입력 BAM만 다르다. 벤치마크 입력으로는 p23 버전만 쓰인다. | index: VCF 3개 모두 인덱스 없음 | 장비/화학 상세: Illumina WGS (2022 BCM 데이터 기반)
HG008	other	HG008 Illumina p23 GRIDSS2 somatic SV	data_somatic/HG008/Liss_lab/analysis/NCBI_Illumina_WGS_BCM_Somatic_SVs_GRIDSS2_Passage23_20240510	Illumina WGS(모델 미표기)	HG008-T 195x, HG008-N-D 169x	7	0.0	FALSE		FALSE		3				-	-	GRCh37(hs37d5) / GRCh38-GIABv3 / CHM13v2.0(maskedY_rCRS)	-			-	-	-			-	-	-			-	-	-			TRUE	GRIDSS 2.13.2 → gridss.GeneratePonBedpe (PON 생성) → gripss (sample HG008-T, reference HG008-N-D)	GIAB			-	-	-			somatic SV (3개 레퍼런스)	giab_doc:data_somatic/HG008/Liss_lab/analysis/NCBI_Illumina_WGS_BCM_Somatic_SVs_GRIDSS2_Passage23_20240510/README_Illumina_Passage23_gridss2_ncbi_20240510	벤치마크 계보상 가장 중요한 단독 콜셋. tabix 인덱싱 후 자체 단독 somatic SV 콜과 브레이크포인트 좌표를 대조.	passage 23 배치(0823p23) 전용 콜셋. GRCh38 VCF(tumor.gripss.filtered.sv.annotated_Illumina_Passage23_GRCh38.vcf)는 HG008-T somatic SV 초안 벤치마크 V0.1~V0.3 전부의 입력이며, 큐레이션 과정에서 BND 콜의 POS/REF/ALT/CIPOS/HOMLEN/HOMSEQ 필드를 채우는 데 사용됐다. | index: VCF 3개 모두 인덱스 없음 | 장비/화학 상세: Illumina WGS (입력: BCM_Illumina-WGS_20240313 BAM, T 195x / N-D 169x, passage 23)
HG008	other	HG008 KaryoLogic 핵형 2022(대체됨)	data_somatic/HG008/Liss_lab/superseded-2022-data/KaryoLogic_20220309	세포유전학 핵형분석(시퀀싱 아님)	metaphase spread 25개	4	0.0	-		-		0	-			-	-		-			-	-	-			-	-	-			-	-	-			-	-	-			-	-	-			핵형분석 리포트 (PDF/xlsx)	giab_doc:data_somatic/HG008/Liss_lab/superseded-2022-data/KaryoLogic_20220309/README_KaryoLogic.md	처리 대상 아님. 대형 CNA/전좌 콜의 타당성 검토용 배경 자료로만 참조하고, 최신 핵형은 NIST/HG008-T_bulk 하위 KaryoLogic 결과를 볼 것.	시퀀싱 데이터가 아니라 세포유전학 결과다. p31 시점 핵형이며 superseded 표시. 처리 단계 개념이 적용되지 않는다. | 장비/화학 상세: 세포유전학 G-banding 핵형분석 (시퀀싱 아님), MGH3066 passage 31
HG008	other	HG008 Liss lab README	data_somatic/HG008/Liss_lab/README	해당 없음		1	0.0	-		-		0	-			-	-		-			-	-	-			-	-	-			-	-	-			-	-	-			-	-	-			문서만 (164자)	giab_doc:data_somatic/HG008/Liss_lab/README	처리 대상 아님. Liss_lab 하위 구조를 볼 때 data_somatic/HG008/README_HG008.md 로 바로 가면 된다.	내용은 상위 HG008 디렉토리 README를 보라는 한 줄 안내뿐이다.
HG008	other	HG008 NIST README	data_somatic/HG008/NIST/README	해당 없음		1	0.0	-		-		0	-			-	-		-			-	-	-			-	-	-			-	-	-			-	-	-			-	-	-			문서만 (164자)	giab_doc:data_somatic/HG008/NIST/README	처리 대상 아님. NIST 하위 구조는 data_somatic/HG008/README_HG008.md 에서 확인.	Liss_lab/README와 완전히 동일한 한 줄 안내다.
HG008	other	HG008 NIST Year1 somatic 콜셋(대체됨)	data_somatic/HG008/Liss_lab/superseded-2022-data/analysis/NIST-Year1_BCM-ILMN-WGS_2022	Illumina WGS(모델 미표기)	normal ~150x, tumor ~180x	19	0.4	FALSE		TRUE	.tbi	0	GIAB			-	N/A (정렬 BAM은 원본 데이터 디렉토리에 있음; NIST가 BWA-MEM conda 환경으로 재정렬)	GRCh38 (GCA_000001405.15_GRCh38_no_alt_analysis_set)	-			-	-	-			-	-	-			-	-	-			TRUE	Strelka2 v2.9.10 (strelka-2.9.10.centos6_x86_64, runWorkflow.py) / Mutect2 (GATK v4.3.0.0) → GATK FilterMutectCalls / NeuSomatic v0.2.1 (standalone + ensemble) / Lancet (버전 미기재, hubentu/lancet 도커, chr1-22+XY 분할 후 concat)	GIAB			-	-	-			somatic 다중 콜러 (4툴 5구성)	giab_doc:data_somatic/HG008/Liss_lab/superseded-2022-data/analysis/NIST-Year1_BCM-ILMN-WGS_2022/README_NIST-year1-analysis.md	동봉된 실행 스크립트를 참고해 같은 4개 콜러를 최신 버전으로 재실행하고, 버전 상승분과 패세지 차이를 분리해 평가. superseded 입력이므로 결과 자체를 정답으로 쓰지는 말 것.	NIST가 콜러 비교 목적으로 직접 돌린 Year 1 콜셋. 실행 스크립트가 전부 동봉되어 재현성이 이 버킷에서 가장 좋다. NeuSomatic ensemble 모드는 다른 콜러 출력으로 모델을 학습하므로 단독 재현 시 입력 의존성을 주의. | index: VCF 4개에 .tbi 존재. 각 콜러의 HPC 실행 스크립트(NeuSomatic-ensemble_HPC-run.txt, mutect2-GATK-FilterMutectCalls.sh 등) 동봉 | 장비/화학 상세: Illumina NovaSeq 6000, PE 2x150, PCR-free (BCM 생성; QC는 BCM ERIS 파이프라인) — tumor IDUDI0003, normal IDUDI0002
HG008	other	HG008 NYGC somatic 파이프라인	data_somatic/HG008/Liss_lab/analysis/NYGC-somatic-pipeline_20240412	Illumina WGS(모델 미표기)	coverage/contamination/sex 산출물 동봉	77	2.2	FALSE		TRUE	.tbi	0	GIAB			FALSE	N/A (파이프라인이 정렬을 수행하나 BAM 미배포)	GRCh37(hs37d5) / GRCh38-GIABv3	GIAB			-	-	-			TRUE	GATK HaplotypeCaller (germline, annotated/unfiltered VCF)	GIAB			-	-	-			TRUE	NYGC Somatic Pipeline v7 — Strelka2(snv/indel) + Lancet + Mutect2 + Manta(+filtered) + GRIDSS(SV) → merged/high_confidence/final annotated VCF; BIC-seq2(CNV); deconstructSigs(COSMIC v3.2 시그니처); MANTIS(MSI); Kourami(HLA)	GIAB			-	-	-			variant + somatic 다중 콜러 + 병합/필터/주석 (BAM 미배포)	giab_doc:data_somatic/HG008/Liss_lab/analysis/NYGC-somatic-pipeline_20240412/README_NYGC.md + 파일명 토큰(strelka2/lancet/mutect2/manta/gridss/bicseq2/deconstructSigs/mantis/kourami/haplotypecaller)	merged/high_confidence/final annotated VCF를 다중콜러 합의 기준선으로 사용. 개별 툴 버전이 필요하면 동봉된 archived tar.gz와 manifest CSV를 열어 확인할 것.	README는 파이프라인 이름과 버전(v7)만 밝히고 개별 툴 버전은 외부 bitbucket 문서로 넘긴다. 개별 콜러 이름은 파일명 토큰으로 확정했고 버전은 확인 불가. 파이프라인이 정렬까지 하지만 BAM은 이 디렉토리에 없다. | index: VCF에 .tbi 존재. archived tar.gz에 파이프라인 실행 기록 동봉 | 장비/화학 상세: Illumina WGS (기기 모델 문서 미기재)
HG008	other	HG008 PacBio Onso SBS	data_somatic/HG008/Liss_lab/PacBio_Onso_20240415	PacBio Onso	HG008-T mean autosome 100x (GRCh38-GIABv3), diploid 136x / haploid 68x, NRPCC 추정 34x; HG008-N-D 48x	18	1215.8	TRUE	어댑터 트리밍된 FASTQ (cutadapt)	TRUE	.bai	0	GIAB			TRUE	cutadapt → BWA-MEM 0.7.17-r1188 → samtools v1.18 sort (Snakemake wrapper BWA mem v1.31.1)	GRCh37 / GRCh38-GIABv3 / CHM13v2.0	GIAB			FALSE	N/A				FALSE	N/A				-	-	-			FALSE	N/A				FALSE	N/A				reads(트리밍 완료) + align (3개 레퍼런스)	giab_doc:data_somatic/HG008/Liss_lab/PacBio_Onso_20240415/README_PacBio_Onso.md	저오류 SBS 데이터이므로 GRCh38-GIABv3 T/N BAM으로 somatic SNV 콜을 돌려 Element UltraQ 결과와 오류율/낮은 VAF 검출력을 교차 비교.	배포된 FASTQ는 이미 cutadapt로 어댑터 제거된 상태다. HG008-N-P는 없고 N-D만 있다. | index: samtools index v1.31.1로 인덱싱, .bai 존재. QC: FastQC 0.12.1, GA4GH QC | 장비/화학 상세: PacBio Onso (SBS 단반응 저오류), 2x150
HG008	other	HG008 PacBio Revio germline WDL	data_somatic/HG008/Liss_lab/analysis/PacBio_Revio_20240125	PacBio Revio HiFi	HG008-T 116x, HG008-N-P 35x (입력 BAM 파일명 기준)	65	14.4	FALSE		TRUE	.tbi	0	GIAB			FALSE	N/A (HiFi-human-WGS-WDL v1.1.0 내부 정렬; BAM 미배포)	GRCh37 / GRCh38-GIABv3 / CHM13v2.0	GIAB			TRUE	HiPhase (DeepVariant/pbsv VCF 페이징)	GIAB			TRUE	DeepVariant (gVCF + phased VCF) → HiPhase / pbsv (SV) → HiPhase / bcftools roh (ROH BED)	GIAB			TRUE	pb-CpG-tools (hap1/hap2/combined bigWig)	GIAB			FALSE	N/A				-	-	-			variant(germline) + phase + meth (3개 레퍼런스)	giab_doc:data_somatic/HG008/Liss_lab/analysis/PacBio_Revio_20240125/pacbio-wgs-wdl_germline_20240206/README_PacBio_Revio_analysis.md	HG008-N-P germline 콜을 somatic 필터링의 정상 대조로 사용. 정렬 BAM이 필요하면 원본 PacBio_Revio_20240125 데이터 디렉토리에서 가져와야 한다.	germline 파이프라인이므로 somatic 콜은 없다. 같은 원시 데이터의 somatic 분석은 BCM_Revio_20240313/pacbio-wgs-wdl_somatic_20240601(HiFi-Somatic-WDL v0.7)에 별도로 있다. 툴별 개별 버전은 문서에 없고 파이프라인 버전 v1.1.0만 기재됐다. | index: VCF에 .tbi 존재. Additional_files_wdl tar 3개에 나머지 WDL 출력 포함
HG008	other	HG008 Severus SV (HiFi)	data_somatic/HG008/Liss_lab/analysis/NIH_HiFi_Severus-SV_20240308	PacBio HiFi(모델 미표기)	HG008-T 116x, HG008-N-P 35x	56	0.3	FALSE		PARTIAL	.tbi	2	GIAB			-	-	GRCh38-GIABv3	-			TRUE	HiPhase v1.3.0 → WhatsHap v1.7 (haplotag)	GIAB			TRUE	Clair3 v1.0.4 (HG008-N-P germline small variant, 기본 설정)	GIAB			-	-	-			TRUE	Severus v0.1.3 (--resolve overlap)	GIAB			-	-	-			variant(germline) + phase + somatic SV	giab_doc:data_somatic/HG008/Liss_lab/analysis/NIH_HiFi_Severus-SV_20240308/README_NIH_Severus.md	이 4단계 체인(Clair3→HiPhase→WhatsHap→Severus)을 자체 환경에서 그대로 재현해 버전 업(Severus v1.x)이 콜셋을 어떻게 바꾸는지 측정. minda 디렉토리의 Severus v1.0 결과와도 3자 비교 가능.	severus.log와 read_qual.txt에 리드 통계가 남아 있어 실행 파라미터 재현이 쉽다. breakpoints_double.csv에는 실패한 브레이크포인트까지 전부 들어 있다. 파이프라인 순서가 문서에 명확: Clair3 → HiPhase → WhatsHap haplotag → Severus. | index: Clair3/HiPhase VCF에 .tbi 있음, severus_somatic.vcf / severus_all.vcf는 인덱스 없음 | 장비/화학 상세: PacBio HiFi Revio (HG008-T p23 116x, HG008-N-P 35x)
HG008	other	HG008 Sniffles v2.2 HiFi+ONT 병합 SV	data_somatic/HG008/Liss_lab/analysis/BCM_HiFi_ONT_Sniffles-v2.2_02282024	PacBio HiFi + ONT(모델 미표기)	tumor 약 120x PB / 54x ONT	5	0.0	FALSE		FALSE		2				-	-	GRCh38-GIABv3	-			-	-	-			TRUE	Sniffles v2.2	GIAB			-	-	-			TRUE	Sniffles v2.2 (germline+mosaic 멀티샘플 콜 후 SUPP_VEC '00111111' / GT quality>=10 / DR+DV>=10 / VAF 30% 기준 tumor-only 필터)	GIAB			-	-	-			variant + somatic (VCF만 배포)	giab_doc:data_somatic/HG008/Liss_lab/analysis/BCM_HiFi_ONT_Sniffles-v2.2_02282024/BCM_Sniffles_README.md	tbi가 없으니 tabix로 인덱싱한 뒤 사용. 자체 장독 SV 콜셋과 비교할 참조 콜셋으로 쓰고, somatic 필터 기준(VAF 30%)이 자신의 기준과 다른 점을 감안.	분석 산출물 디렉토리라 정렬 단계는 이 디렉토리에 해당 없음(-). 입력 정렬 BAM은 PacBio_Revio / ONT 데이터 디렉토리에 있다. VCF에 8개 샘플 컬럼(N-P/T x PB/ONTUL/ONT x germline/mosaic)이 들어 있다. | index: VCF 2개 모두 인덱스 없음 (tbi 미배포) | 장비/화학 상세: PacBio HiFi (Revio) + ONT (54x UL, 45x std)
HG008	other	HG008 Ultima DeepVariant somatic	data_somatic/HG008/Liss_lab/analysis/Ultima_DeepVariant-somatic-SNV-INDEL_20240822	Ultima UG100		4	0.0	FALSE		TRUE	.tbi	0	GIAB			-	-	GRCh38	-			-	-	-			-	-	-			-	-	-			TRUE	UG 최적화 somatic DeepVariant (healthomics-workflows efficient_dv somatic-calling-bp; 버전 미기재) → Mutect2 force-calling 모드로 AF 추정 (FORMAT/VAFR)	GIAB			-	-	-			somatic SNV+INDEL (PASS만)	giab_doc:data_somatic/HG008/Liss_lab/analysis/Ultima_DeepVariant-somatic-SNV-INDEL_20240822/README_Ultima_DeepVariant-somatic.md	Ultima 플랫폼 somatic 콜 기준선으로 사용. VAF 필터를 걸 때 표준 AF 대신 VAFR을 쓸 것. 자체 Ultima 분석 시 flow-based 전용 모델 필요.	DeepVariant가 대립빈도를 산출하지 않아 후처리 스크립트가 Mutect2 force-calling으로 AF를 추정했고, 사용해야 할 필드는 FORMAT/VAFR이라고 문서가 명시한다. DeepVariant/Mutect2 버전은 둘 다 기재되지 않았다. 파일명은 edv(efficient DeepVariant) AF recalibration. | index: VCF에 .tbi 존재
HG008	other	HG008 Ultima UG100 WGS	data_somatic/HG008/Liss_lab/Ultima_UG100-WGS_20240530	Ultima UG100	HG008-T mean autosome 212x (GRCh38-GIABv3) / 213x(GRCh37) / 200x(CHM13), diploid 306x / haploid 153x; HG008-N-D 234x	14	1454.3	FALSE	원시 FASTQ 미배포, 3개 레퍼런스 정렬 CRAM만	TRUE	.crai	0	GIAB			TRUE	UA (Ultima가 자사 데이터용으로 최적화한 BWA) — Ultima Analysis Pipeline (APL) v5.1.0.19	GRCh37 / GRCh38-GIABv3 / CHM13v2.0	GIAB			FALSE	N/A				FALSE	N/A				-	-	-			FALSE	N/A				FALSE	N/A				align (Ultima 수행, 3개 레퍼런스)	giab_doc:data_somatic/HG008/Liss_lab/Ultima_UG100-WGS_20240530/README_Ultima.md	CRAM 그대로 T/N somatic 콜(Ultima 데이터는 flow-based라 UG 전용 모델/파라미터 필요) 수행. 원시 FASTQ가 없어 정렬 단계 재현은 CRAM 역변환이 필요하다.	라이브러리 준비·시퀀싱·매핑 전부 Ultima Genomics 수행. HG008-N-D와 HG008-T 두 샘플. | index: .crai 존재 (Ultima 제공) | 장비/화학 상세: Ultima UG100 (시퀀서 소프트웨어 APL 5.1.0.19)
HG008	other	HG008 Ultima ppmSeq UG100	data_somatic/HG008/Liss_lab/Ultima-ppmSeq-UG100-20241028	Ultima UG100 ppmSeq	HG008-N-D 160x, HG008-T 157x (Mixed read 커버리지는 T 53.12x / N 76.14x)	7	448.4	FALSE	원시 FASTQ 미배포, GRCh38 정렬 CRAM만	TRUE	.crai	0	GIAB			TRUE	Ultima UG100 on-tool 트리밍/정렬/정렬정렬 (version BL1.7, healthomics-workflows ppmSeq_preprocess)	GRCh38 (Homo_sapiens_assembly38.fasta, Broad)	GIAB			FALSE	N/A				FALSE	N/A				-	-	-			FALSE	N/A				FALSE	N/A				align (Ultima 수행) + QC	giab_doc:data_somatic/HG008/Liss_lab/Ultima-ppmSeq-UG100-20241028/README_ppmSeq_20241028.md	CRAM만 있고 FASTQ가 없어 완전 재정렬은 CRAM→FASTQ 역변환이 필요. 레퍼런스가 GIABv3가 아니므로 GIAB 벤치마크와 맞추려면 재정렬이 사실상 필수. 그대로 쓰려면 somatic 콜만 자체 수행.	정렬 레퍼런스는 Broad hg38(Homo_sapiens_assembly38.fasta)로 GIABv3가 아니다. 그런데 NIST QC 표 헤더는 GRCh38-GIABv3로 적혀 있어 문서 내 불일치가 있다. 파일명은 _GRCh38.cram. | index: .crai 존재. CRAM에 ppmSeq 관련 태그 포함. NIST QC는 GA4GH QC(picard, samtools stats, mosdepth, multiqc) | 장비/화학 상세: Ultima UG100, ppmSeq (Paired Plus Minus, 오류저감 WGS), P00075_UG_ppmSeq_gDNA_Protocol_Rev.B
HG008	other	HG008 Verkko 어셈블리 모음	data_somatic/HG008/Liss_lab/analysis/Verkko_assemblies_05162024	PacBio HiFi + ONT + Hi-C(모델 미표기)		353	197.5	FALSE		FALSE		2				FALSE	N/A					TRUE	verkko 내부 Hi-C 페이징 (8-hicPipeline, rukki; Hi-C 매핑에 bwa 사용 — index_bwa.sh / mergeBWA.sh 등 파일명)	GIAB			FALSE	N/A				-	-	-			FALSE	N/A				TRUE	verkko v2.0 (문서 확인, 기본 설정) / v2.1·v2.2·v2.2.1·v2.2.1_herro_corrected (디렉토리명 토큰)	GIAB			assembly (HG008N 2종, HG008T 5종)	giab_doc:data_somatic/HG008/Liss_lab/analysis/Verkko_assemblies_05162024/HG008N_hifi_plus_hic_verkko_v2.0/README + HG008T_verkko_v2.0/README (+ 나머지 버전은 디렉토리명 토큰)	HG008T_verkko_v2.2.1_herro_corrected와 HG008N v2.1 하플로타입 FASTA를 골라 GRCh38 정렬 + dipcall로 어셈블리 기반 변이 콜 수행. 벤치마크 V0.3 영역 BED가 verkko 2.2 정상 어셈블리 기반이므로 계보를 맞추려면 정상은 verkko 계열을 쓸 것.	README 2개는 v2.0 어셈블리만 설명한다(NCBI 제공, 기본 설정, verkko -d verkko_out --hifi --hic1 --hic2 [--nano]). v2.1/v2.2/v2.2.1/v2.2.1_herro_corrected는 문서 없이 디렉토리명으로만 버전이 확인되며 v2.2.1_herro_corrected는 HERRO로 ONT 리드를 보정한 변형이다. bwa는 verkko 내부 Hi-C 파이프라인 스크립트 파일명으로만 등장한다. 353개 파일 중 다수가 중간 산출물이라 용량 대비 실사용 파일은 적다. | index: assembly FASTA에 .fai 존재. 중간 단계 디렉토리(5-untip, 7-consensus, 8-hicPipeline) 및 unitig-popped.bam 2개 포함 | 장비/화학 상세: PacBio Revio HiFi + ONT(UL 및 std, q26/herro 보정) + Hi-C(early access)
HG008	other	HG008 Wakhan CNA (HiFi)	data_somatic/HG008/Liss_lab/analysis/NIH_HiFi_Wakhan-CNA_20240308	PacBio HiFi(모델 미표기)	HG008-T 116x, HG008-N-P 35x	99	0.4	FALSE		FALSE		2				-	-	GRCh38 (GRCh38_no_alt_analysis_set.fasta, 커맨드 기재)	-			TRUE	Clair3 v1.0.4 (변이 콜 및 페이징)	GIAB			TRUE	Clair3 v1.0.4	GIAB			-	-	-			TRUE	Wakhan (버전 미기재; tumor/normal 모드, --copynumbers-enable --unphased-reads-coverage-enable --phaseblock-flipping-enable --phaseblocks-enable --cut-threshold 150)	GIAB			-	-	-			variant/phase(Clair3) + somatic CNA	giab_doc:data_somatic/HG008/Liss_lab/analysis/NIH_HiFi_Wakhan-CNA_20240308/README_NIH_Wakhan.md	HiFi 기반 somatic CNA 기준선으로 사용. 자체 CNA 콜과 copynumber/LOH BED를 비교하고, 20240424 Hi-C 페이징 버전과 함께 3중 비교.	Wakhan은 정상 VCF의 phased het SNP와 tumor BAM만 입력으로 받는다. 실행 커맨드가 문서에 그대로 있어 재현 가능. coverage_plots 23개 + variation_plots 67개로 염색체별 시각 검토 자료가 풍부하다. Wakhan 버전 표기가 없다. | index: vcf_inputs 2개 인덱스 없음 | 장비/화학 상세: PacBio HiFi Revio (HG008-T p23 116x, HG008-N-P 35x)
HG008	other	HG008 Wakhan CNA (HiFi+Hi-C)	data_somatic/HG008/Liss_lab/analysis/NIH_HiFi-HiC_Wakhan-CNA_20240424	PacBio HiFi + Hi-C(모델 미표기)	HG008-T 116x, HG008-N-P 35x	98	0.4	FALSE		FALSE		1				-	N/A (Hi-C normal FASTQ를 GRCh38-GIABv3에 정렬했다고만 기재, 정렬 툴명 없음)	GRCh38-GIABv3	-			TRUE	HapCUT2 (HiC_Longread pipeline recipe)	GIAB			-	-	-			-	-	-			TRUE	Wakhan (버전 미기재; tumor/normal 모드, --copynumbers-enable --unphased-reads-coverage-enable --phaseblocks-enable --cut-threshold 150)	GIAB			-	-	-			phase(HapCUT2) + somatic CNA/LOH	giab_doc:data_somatic/HG008/Liss_lab/analysis/NIH_HiFi-HiC_Wakhan-CNA_20240424/README_NIH_Wakhan-HIFi-HiC.md	NIH_HiFi_Wakhan-CNA_20240308 결과와 copynumber/LOH BED를 직접 diff해서 장거리 페이징 효과를 정량. 자체 CNA 콜(예: Wakhan, HiFi-somatic-WDL) 실행 시 페이징 소스를 명시적으로 기록.	20240308 Wakhan 실행(Clair3 페이징)의 후속으로, 정상 VCF를 Hi-C+HiFi HapCUT2로 장거리 페이징해 다시 돌린 버전이다. 두 실행을 비교하면 페이징 품질이 CNA/LOH 호출에 주는 영향을 볼 수 있다. Wakhan 버전 표기가 문서에 없다. | index: phased VCF 1개 인덱스 없음 | 장비/화학 상세: PacBio HiFi Revio (HG008-T 116x, HG008-N-P 35x) + Arima Hi-C (HG008-N-D)
HG008	other	HG008 hifiasm Hi-C 어셈블리 05/2024	data_somatic/HG008/Liss_lab/analysis/Harvard_Cheng_hifiasm-assemblies_20240509	PacBio HiFi + Hi-C(모델 미표기)		13	10.8	FALSE		-		0	-			FALSE	N/A					-	-	-			FALSE	N/A				-	-	-			FALSE	N/A				TRUE	hifiasm v0.19.9-r616 (--dual-scaf --telo-m CCCTAA, 하플로타입 스캐폴딩+텔로미어 유지; normal은 --ul-cut 35000 --ul-rate 0.1)	GIAB			assembly only	giab_doc:data_somatic/HG008/Liss_lab/analysis/Harvard_Cheng_hifiasm-assemblies_20240509/README_hifiasm_20240509.md	tumor sub0/sub1 하플로타입 FASTA를 GRCh38-GIABv3에 직접 정렬(minimap2 asm5)해 03/2024 어셈블리보다 개선됐는지 확인. p_utg/r_utg GFA는 그래프 수준 검토용.	README에 minimap2 정렬 절 문구가 남아 있지만 이 디렉토리에는 BAM이 없다(FASTA/GFA만) — 매니페스트로 확인. tumor는 커버리지가 너무 높아 hifiasm이 처리하지 못해 UCSC HiFi(sub0)와 BCM HiFi(sub1) 두 개로 분리 어셈블리했다. | 장비/화학 상세: PacBio Revio HiFi(UCSC/BCM 2종) + ONT >=25kb(dorado 0.4.3 / 0.5.3) + Arima Hi-C
HG008	other	HG008 hifiasm 어셈블리 03/2024	data_somatic/HG008/Liss_lab/analysis/Harvard_Cheng_hifiasm-assemblies_20240317	PacBio HiFi(모델 미표기)		15	8.5	FALSE		TRUE	.bai	0	GIAB			TRUE	minimap2 -ax asm5 -L → samtools 1.17 sort/view	GRCh38-GIABv3	GIAB			-	-	-			FALSE	N/A				-	-	-			FALSE	N/A				TRUE	hifiasm v0.19.8 (tumor: --ul ONT-UL + --h1/--h2 Hi-C + HiFi / normal: --h1/--h2 Hi-C + HiFi)	GIAB			assembly + assembly→GRCh38 정렬	giab_doc:data_somatic/HG008/Liss_lab/analysis/Harvard_Cheng_hifiasm-assemblies_20240317/README_hifiasm.md	tumor/normal 하플로타입 FASTA로 dipcall 기반 어셈블리 변이 콜을 돌려 read-based somatic 콜셋을 직교 검증. 원시 리드는 이 디렉토리에 없어 어셈블리 재현은 별도 데이터셋 필요.	어셈블리는 Dana-Farber H.Cheng, GRCh38 정렬은 NIST J.Zook 수행. normal 어셈블리는 HG008-N-P HiFi 리드에 HG008-N-D Hi-C 리드를 섞어 만들었다는 주의사항이 있다. 이 hifiasm normal 어셈블리가 벤치마크 V0.1/V0.2 영역 BED의 기반(dipcall-z2k)이다. | index: 어셈블리 정렬 BAM에 .bai 존재 | 장비/화학 상세: PacBio Revio HiFi + ONT-UL(dorado v0.4.3 sup4.2.0) + Hi-C(Arima, Phase Genomics)
HG008	other	HG008 minda 앙상블 SV	data_somatic/HG008/Liss_lab/analysis/NIH-NCI_minda-ensemble_20240710	PacBio HiFi + ONT + Illumina(모델 미표기)		18	11.1	FALSE		FALSE		12				-	-	GRCh38-GIABv3	-			-	-	-			-	-	-			-	-	-			TRUE	Minda v0.0.2 ensemble (--min_size 50 --tolerance 500, 2기술 이상 & 4콜셋 이상 일치) — 입력: Severus v1.0(HiFi/ONT), SAVANA v1.0.3(HiFi/ONT), nanomonsv v0.7.0(HiFi/ONT), Sniffles2 v2.2(HiFi/ONT), SvABA v1.2.0(ILMN), GRIDSS v2.13.2 → gripss v2.2(ILMN), Manta v1.6.0-fork-jykr(ILMN)	GIAB			-	-	-			somatic SV 앙상블 (11개 콜셋 통합)	giab_doc:data_somatic/HG008/Liss_lab/analysis/NIH-NCI_minda-ensemble_20240710/README_minda_20240710.md	caller별 개별 VCF 11개를 기준선으로 확보하고, 자체 SV 콜셋을 Minda에 12번째 입력으로 넣어 앙상블 대비 recall/precision을 측정. 인덱스가 없으니 먼저 bgzip+tabix.	이 버킷에서 가장 정보 밀도가 높은 문서. vcf/ 하위에 caller별 VAF VCF 11개가 그대로 있어 개별 콜러 성능 비교가 가능하다. HG008_minda_ensemble.vcf가 벤치마크 V0.1/V0.2/V0.3 전부의 1번 입력이다. | index: VCF 12개 전부 인덱스 없음 | 장비/화학 상세: PacBio HiFi + ONT + Illumina (3개 기술, 11개 콜셋)
HG008	other	HG008 조상성분 분석	data_somatic/HG008/Liss_lab/analysis/HG008_ancestry_analysis	해당 없음(2차 분석)	chr21로 한정	7	0.0	FALSE		-		0	-			-	-		-			-	-	-			-	-	-			-	-	-			-	-	-			-	-	-			조상성분 PCA (PLINK → bcftools 병합 → PLINK PCA)	giab_doc:data_somatic/HG008/Liss_lab/analysis/HG008_ancestry_analysis/README_HG008_ancestry_analysis.md	처리 대상 아님. 샘플 신원/기원 확인용 메타데이터로만 참조. R 스크립트가 함께 있어 필요하면 재현 가능.	변이 콜 단계가 아니라 기존 xAtlas SNV를 재사용한 인구집단 유전 유사도 분석. 1000 Genomes Phase 3 참조패널, MAF>=5% SNP, chr21 한정. 결과: HG008-T와 HG008-N-P가 같은 germline 기원이며 유럽계에 가장 가깝다. | 장비/화학 상세: 해당 없음 (2차 분석; 입력은 Illumina WGS xAtlas SNV 콜)
HG008	other	HG008 최상위 README	data_somatic/HG008/README_HG008.md	해당 없음		1	0.0	-		-		0	-			-	-		-			-	-	-			-	-	-			-	-	-			-	-	-			-	-	-			최상위 안내 문서 (13069자)	giab_doc:data_somatic/HG008/README_HG008.md	처리 대상 아님. HG008 데이터 계획을 세울 때 가장 먼저 읽을 문서. 특히 세포주가 이질적 세포 집단 혼합이라는 점이 somatic VAF 해석의 전제다.	HG008 전체 프로젝트의 진입 문서. 샘플 정의(HG008-T PDAC 세포주, HG008-N-D 십이지장, HG008-N-P 췌장), 세포주가 여러 세포 집단의 혼합이며 일부 somatic 변이는 특정 집단에만 있다는 점, 하위 디렉토리 구조를 설명한다. 데이터 탐색은 Cancer GIAB Data Manifest(구글 시트)와 42basepairs를 안내한다. 2025-07-15에 other_passages와 p101, 2025-09-16에 NIST bulk p100이 추가됐다고 개정 이력에 적혀 있다.
HG008	other	HG008-N-P Dovetail LinkPrep	data_somatic/HG008/Liss_lab/Dovetail_LinkPrep-ILMN_HG8NP_20250625	Dovetail LinkPrep, Illumina(모델 미표기)	pooled 라이브러리 약 47.5x	11	209.5	TRUE	FASTQ (VLGLP20A/B/C R1/R2 6개)	TRUE	.bai	0	GIAB			TRUE	BWA-MEM v2.2.1 → pairtools (varilink Alignment and Proximity-Ligation QC)	hg38 (UCSC hg38.fa)	GIAB			FALSE	N/A				FALSE	N/A				-	-	-			FALSE	N/A				FALSE	N/A				reads + align (QC 목적)	giab_doc:data_somatic/HG008/Liss_lab/Dovetail_LinkPrep-ILMN_HG8NP_20250625/README_20250625.md	근접결합 리드이므로 일반 WGS 변이 콜에는 쓰지 말고, GRCh38-GIABv3로 재정렬해 정상 게놈 장거리 페이징/스캐폴딩 입력으로 사용.	HG008-N-P 정상 조직만. 정렬 레퍼런스는 GIABv3가 아니라 UCSC hg38.fa다. 췌장 조직이라 DNA 회수율/장거리 정보가 HG008-T LinkPrep보다 낮다고 문서에 명시. | index: sorted BAM에 .bai 존재 | 장비/화학 상세: Illumina NovaSeq X Plus, 25B 300cycle, 2x150 / Dovetail LinkPrep kit v2.0 (근접결합)
HG008	other	HG008-T BioSkryb ResolveDNA 원자료	data_somatic/HG008/Liss_lab/Bioskryb_ResolveDNA_20230914	BioSkryb ResolveDNA 단일세포(시퀀서 미표기)	저심도 QC 시퀀싱 (셀당 2.2M~4.7M 리드, 2M으로 다운샘플)	8	40.7	TRUE	FASTQ tar.gz (120셀 QC1X, orig 포함 2개)	-		0	-			TRUE	N/A (BioSkryb BJ-DNA-QC v1.8.2 파이프라인 내 정렬; 정렬 툴명 문서에 없음)	GRCh38	GIAB			-	-	-			FALSE	N/A				-	-	-			FALSE	N/A				FALSE	N/A				reads + align/QC (tar 내부)	giab_doc:data_somatic/HG008/Liss_lab/Bioskryb_ResolveDNA_20230914/README_Bioskryb.md	tar를 풀어 셀별 FASTQ로 자체 단일세포 CNV/서브클론 분석 재수행. 심도가 낮아 SNV 콜에는 부적합, 클론 구조 확인용으로 사용.	secondary-analysis.tar.gz가 BJ-DNA-QC 정렬·QC 산출물. CNV 콜은 analysis/Bioskryb_ResolveDNA-analysis_20230914 에 있다. 120셀 중 98셀이 BioSkryb QC 통과. | 장비/화학 상세: Illumina NextSeq 1000, PE 2x50, ResolveDNA workflow v2.0 (FACS 분류 120셀)
HG008	other	HG008-T BioSkryb x UG100 매니페스트	data_somatic/HG008/Liss_lab/HG008-T_bioskryb-libraries-UG100	BioSkryb ResolveDNA + Ultima UG100	고심도 단일세포 (119/120 라이브러리 QC 통과)	3	0.0	FALSE	이 디렉토리에는 QC CSV와 AWS 데이터 매니페스트 TSV만 있음 (원시 리드 미배포)	-		0	-			TRUE	Ultima 최적화 BWA-MEM (ultimagenomics/alignment 컨테이너, UG100 on-tool, APL 5.1.0.19) + Ultima Sorter	GRCh38 (Homo_sapiens_assembly38.fasta, Broad)	GIAB			-	-	-			FALSE	N/A				-	-	-			FALSE	N/A				FALSE	N/A				align (산출물은 AWS S3, 이 디렉토리는 매니페스트 3개 파일뿐)	giab_doc:data_somatic/HG008/Liss_lab/HG008-T_bioskryb-libraries-UG100/README_Bioskryb-Ultima.md	먼저 AWS 매니페스트 TSV를 열어 단일세포 CRAM 위치와 총 용량을 확인하고 다운로드 계획을 세울 것. 이 디렉토리만으로는 처리할 데이터가 없다.	GIAB FTP 디렉토리에는 NIST_Bioskryb_QC_measures.csv와 AWS 매니페스트 TSV, README만 있다. 실제 CRAM은 매니페스트가 가리키는 AWS S3에 있으므로 별도 다운로드가 필요하다. | index: UG100이 정렬과 동시에 sorted, duplicate-marked CRAM 생성 (crai 포함) | 장비/화학 상세: Ultima UG100 (APL 5.1.0.19), V27 케미스트리, single-end 300bp, UG_116cycles_Baseline_1.5.3.2 레시피 / BioSkryb ResolveDNA 단일세포 라이브러리 변환
HG008	other	HG008-T BioSkryb 단일세포 CNV 분석	data_somatic/HG008/Liss_lab/analysis/Bioskryb_ResolveDNA-analysis_20230914	BioSkryb ResolveDNA 단일세포(시퀀서 미표기)	저심도 (셀당 2M 리드로 다운샘플)	7	0.0	FALSE		-		0	-			-	-	GRCh38	-			-	-	-			-	-	-			-	-	-			TRUE	BJ-CNV workflow v1.1.4 (Ginkgo; 1Mb 윈도우, Min CN 1, Max CN 6, panel of normals 없음)	GIAB			-	-	-			단일세포 CNV 분석 (tertiary)	giab_doc:data_somatic/HG008/Liss_lab/analysis/Bioskryb_ResolveDNA-analysis_20230914/README_Bioskryb.md	클론 구조/서브클론 판정 근거로 사용. 자체 벌크 CNV 콜의 서브클론 세그먼트가 단일세포 CNV와 일치하는지 확인.	tertiary-analysis.tar.gz가 BJ-CNV 산출물. SegCopy.binsize_1000000.tsv가 셀 전체 CNV 요약. 문서는 반복 재현되는 CNV 시그니처 8개를 언급하며, 이 단일세포 데이터가 HG008-T 일부 세포의 전게놈 배가(WGD) 근거로 벤치마크 문서에서 인용된다. | 장비/화학 상세: Illumina NextSeq 1000 PE 2x50, BioSkryb ResolveDNA workflow v2.0 (단일세포 120셀)
HG008	other	HG008-T Phase Genomics Hi-C 2022(대체됨)	data_somatic/HG008/Liss_lab/superseded-2022-data/PhaseGenomics_HiC_20220629	Phase Genomics Hi-C(시퀀서 미표기)		9	96.7	TRUE	FASTQ (HG008-T Hi-C, 2 라이브러리 x PE = 4개)	TRUE	.bai	0	GIAB			TRUE	BWA-MEM (버전 미기재) — Phase Genomics 정렬·QC 절차, QC는 hic_qc.py	GRCh38	GIAB			FALSE	N/A				FALSE	N/A				-	-	-			FALSE	N/A				-	-	-			reads + align (Phase Genomics 수행)	giab_doc:data_somatic/HG008/Liss_lab/superseded-2022-data/PhaseGenomics_HiC_20220629/README_PhaseGenomics.md	Arima Hi-C와 합쳐 HG008-T 어셈블리 스캐폴딩/페이징 입력으로 재사용. 일반 변이 콜에는 근접결합 특성상 부적합.	BWA-MEM 버전이 문서에 없다. SV/CNV 콜은 형제 analysis/PhaseGenomics_HiC_20220629(OncoTerra v2.3.0)에 있다. superseded 표시지만 이 Hi-C FASTQ는 hifiasm 20240317 tumor 어셈블리의 --h1/--h2 입력으로 실제 사용됐다. | index: sorted_GRCh38.bam에 .bai 존재. stats.tar.gz에 비정렬 mgh3066.bam과 QC 리포트/플롯 포함 | 장비/화학 상세: Illumina NovaSeq 6000 (ICS v1.7.5, RTA v3.4.4), PE 2x150 / Phase Genomics Proximo Hi-C v4.5 (PN KT4045)
HG008	other	HG008-T Phase Genomics 분석 리포트(대체됨)	data_somatic/HG008/Liss_lab/superseded-2022-data/analysis/PhaseGenomics_HiC_20220629	Phase Genomics Hi-C(시퀀서 미표기)		6	0.0	FALSE		-		0	-			-	-	GRCh38	-			-	-	-			-	-	-			-	-	-			TRUE	Phase Genomics OncoTerra 분석 플랫폼 v2.3.0 (일부 수동 큐레이션 포함; DEL/DUP/PLN 영역 콜 + TRA/INV/CBD 브레이크포인트 콜)	GIAB			-	-	-			somatic SV/CNV 콜 (OncoTerra) + 리포트	giab_doc:data_somatic/HG008/Liss_lab/superseded-2022-data/analysis/PhaseGenomics_HiC_20220629/README_PhaseGenomics-analysis.md	처리 대상 아님. Hi-C 기반 파생 염색체/전좌 구조에 대한 직교 근거로만 참조하고, 좌표 기반 SV 비교에는 쓰지 말 것(CBD는 표준 SV 표기가 아님).	콜셋은 VCF가 아니라 TSV(callset.mgh3066.052623.tsv)다. CBD(contacts by discontinuity)는 Hi-C 접촉 행렬 특유의 콜 유형으로, 3자 전좌(chr3-11-13 파생 염색체)를 간접 접촉으로 잡아낸 사례가 문서에 설명돼 있다. superseded 표시. | 장비/화학 상세: Phase Genomics Proximo Hi-C v4.5 / Illumina NovaSeq 6000 PE 2x150
HG008	other	HG008-T p18 KaryoLogic 핵형	data_somatic/HG008/NIST/HG008-T_bulk/20240508p18	세포유전학 핵형분석(시퀀싱 아님)	metaphase spread 20개	3	0.0	-		-		0	-			-	-		-			-	-	-			-	-	-			-	-	-			-	-	-			-	-	-			핵형분석 리포트 (PDF)	giab_doc:data_somatic/HG008/NIST/HG008-T_bulk/20240508p18/KaryoLogic_20240612/README_KaryoLogic.md	처리 대상 아님. NIST 배양 계보(p18/p21/p53)에서 핵형이 어떻게 변하는지 확인하는 배경 자료로 사용.	동일 내용 README가 20240508p18/ 와 20240508p18/KaryoLogic_20240612/ 두 곳에 있다(둘 다 5637자). 시퀀싱 데이터가 없어 처리 단계 개념이 적용되지 않는다. | 장비/화학 상세: 세포유전학 G-banding 핵형분석 (시퀀싱 아님), HG008-T passage 18, NIST 배양
HG008	other	HG008-T p2 ONT somatic + 메틸	data_somatic/HG008/Liss_lab/other_passages	ONT standard(모델/케미스트리 미표기)		34	3.9	FALSE		PARTIAL	.tbi	1	GIAB			FALSE	minimap2 (epi2me wf-somatic-variation v1.5.1 내부; 정렬/페이징 산출물은 Data 디렉토리에 있음)	GRCh38-GIABv3	GIAB			TRUE	epi2me wf-somatic-variation v1.5.1 내부 페이징 (정상 germline은 HG008 normal 어셈블리 dipcall VCF GRCh38_HG008N-v6.3_smvar_dipcall-z2k.vcf.gz 사용)	GIAB			TRUE	Clair3 (ClairS 경유 tumor germline small variant) → SnpEff/SnpSift ClinVar 주석	GIAB			TRUE	modkit (5mC / 5hmC / combined bedMethyl pileup) → modkit dmr (DMR/DML TSV)	GIAB			TRUE	epi2me wf-somatic-variation v1.5.1 (T/N 모드) — ClairS(somatic SNV/INDEL/combined) + Severus(somatic SV, breakpoint_clusters)	GIAB			-	-	-			variant + phase + meth + somatic (epi2me 워크플로 일괄)	giab_doc:data_somatic/HG008/Liss_lab/other_passages/analysis/GRCh38/BCM_ONT-std_HG008T-p2_20260313/HG008-T_vs_HG008-N-P/README_HG008-T_vs_HG008-N-P_ONT.md	p2(초기 패세지) 대 p23 somatic 콜을 비교해 배양 중 변이 축적 추적. GIABv3 decoy로 CHORD/DMR이 깨지는 문제를 자신의 실행에서도 미리 처리할 것.	이 prefix의 실측값(34파일/3.9GiB)은 other_passages 하위 epi2me 분석 디렉토리만 해당한다. 같은 트리의 BCM_ILMN-HG008Tp13/p2(DRAGEN, 각 8파일)와 BCM_ONT-std_HG008T-p2 원시 데이터(1097파일/853GiB)는 별도 prefix로 다른 버킷에 있다. 파이프라인을 3군데 수정했다: ClairS 모델 오버라이드, 정상 germline을 어셈블리 dipcall VCF로 대체, GIABv3 decoy 컨티그 때문에 CHORD(chord_hrd)와 annotate_DMR WDL을 표준 염색체만 파싱하도록 수정. README는 Claude(Opus 4.8) 보조로 작성됐다고 명시. | index: bedMethyl과 VCF에 .tbi 존재(11개). clinvar_annotated.vcf 1개만 비압축·비인덱스 | 장비/화학 상세: ONT standard (BCM 생성, HG008-T MGH p2; ClairS 모델은 dna_r10.4.1_e8.2_400bps_sup@v4.2.0으로 오버라이드)
HG008	other	HG008-T p21 KromaTiD dGH	data_somatic/HG008/NIST/HG008-T_bulk/20240508p21/KromaTiD-dGH_20241029	KromaTiD dGH(시퀀싱 아님)	표준 dGH SCREEN spread 40개/샘플 (p21은 31시간, p53은 28시간 timepoint)	9	0.0	-		-		0	-			-	-		-			-	-	-			-	-	-			-	-	-			TRUE	KromaTiD dGH SCREEN 전게놈 assay + 맞춤 dGH SCREEN assay (구조 재배열 수동 스코어링; 소프트웨어/버전 표기 없음)	GIAB			-	-	-			세포 수준 구조 재배열 스코어링 (p21 + p53 함께)	giab_doc:data_somatic/HG008/NIST/HG008-T_bulk/20240508p21/KromaTiD-dGH_20241029/README_KromaTiD_20241029.md	처리 대상 아님. 대형 전좌/역위 콜의 방향성·상대 염색체 검증용 직교 근거로 사용. xlsx 이벤트/모달수 표를 자체 SV 콜셋과 대조.	p21과 p53 두 패세지 분석이 이 디렉토리에 함께 들어 있다(p53 디렉토리는 안내 README만). 벤치마크 V0.2/V0.3에서 dGH 결과가 chr11-chr3-chr6 하이브리드 염색체, chr12-chr15 균형 전좌, chr19 cluster_6 전좌의 실제 상대가 chr22 반복영역일 가능성 등을 판정하는 근거로 인용된다. | 장비/화학 상세: KromaTiD dGH SCREEN (방향성 게놈 하이브리다이제이션, 시퀀싱 아님); Applied Spectral Imaging Harmony 100x 이미징, BrdU/BrdC + Colcemid 처리
HG008	other	HG008-T p21 UMD Revio HiFi	data_somatic/HG008/NIST/HG008-T_bulk/20240508p21/UMD-Revio-HG008Tp21-20241011	PacBio Revio HiFi(R84050)	29x mean (diploid 43x / haploid 23x, NRPCC 추정 12x), yield 91.17 Gb, N50 22,334, median identity 99.77	5	84.8	TRUE	unaligned HiFi BAM (hifi_reads.bam, XZOOK_20240930_R84050_PL15223-001)	PARTIAL	.bai	1	GIAB			TRUE	pbmm2 v1.12.0 (PacBio HiFi-Somatic-WDL v0.7)	GRCh38-GIABv3	GIAB			FALSE	N/A				FALSE	N/A				FALSE	N/A				FALSE	N/A				FALSE	N/A				reads + align	giab_doc:data_somatic/HG008/NIST/HG008-T_bulk/20240508p21/UMD-Revio-HG008Tp21-20241011/README_UMD-Revio-HG008Tp21andp41.md	unaligned BAM이 있으므로 정렬부터 재현 가능. p21 대 p41 쌍으로 HiFi 기반 패세지 간 somatic 변이 축적을 콜하는 것이 이 데이터셋의 본래 용도.	README 하나가 p21과 p41을 함께 설명한다. p21과 p41의 요약 지표가 거의 동일(둘 다 mean 29x, diploid 43x, haploid 23x)해 패세지 간 커버리지 조건이 잘 맞춰져 있다. UMD가 생성, 정렬·QC는 NIST 수행. | index: 정렬 BAM에 .bai 존재. unaligned hifi_reads.bam은 인덱스 없음. QC는 Cramino v0.14.5 + Mosdepth v0.3.6 (conda/mamba 설치) | 장비/화학 상세: PacBio Revio (R84050, SMRT Link v13.1, SMRTbell prep kit 3.0, 30시간 movie, SMRT cell 1개)
HG008	other	HG008-T p53 KromaTiD(문서만)	data_somatic/HG008/NIST/HG008-T_bulk/20240508p53	KromaTiD dGH(시퀀싱 아님)		2	0.0	-		-		0	-			-	-		-			-	-	-			-	-	-			-	-	-			-	-	-			-	-	-			안내 문서만 (398자 README + .DS_Store)	giab_doc:data_somatic/HG008/NIST/HG008-T_bulk/20240508p53/KromaTiD-dGH_20241029/README	처리 대상 아님. p53 dGH 결과가 필요하면 20240508p21/KromaTiD-dGH_20241029 로 갈 것.	p53 dGH 데이터는 여기 없고 p21 디렉토리에 함께 들어 있다. 이 디렉토리는 그 사실을 알리는 포인터 README뿐이다. | 장비/화학 상세: KromaTiD dGH (시퀀싱 아님), HG008-T passage 53
HG008	other	HG008-T somatic 벤치마크 V0.1	data_somatic/HG008/Liss_lab/analysis/NIST_HG008-T_somatic-stvar_DraftBenchmark_V0.1-20241219	해당 없음(벤치마크)	벤치마크 영역 2,731,432,994 bp (GRCh38)	7	0.0	-		TRUE	.tbi	0	GIAB			-	-	GRCh38	-			-	-	-			-	-	-			-	-	-			TRUE	수동 큐레이션 (입력: Minda 앙상블 VCF + DRAGEN 4.2.4 graph SV VCF + GRIDSS2/gripss Illumina p23 VCF); bgzip (htslib v1.21)	GIAB			-	-	-			somatic SV 초안 벤치마크 V0.1 (PASS 116개, ALL 175개)	giab_doc:data_somatic/HG008/Liss_lab/analysis/NIST_HG008-T_somatic-stvar_DraftBenchmark_V0.1-20241219/README.md	처리 대상 아님. V0.3이 나와 있으므로 신규 평가에는 V0.3을 쓰고, V0.1은 버전 간 변화 추적용으로만 보관.	평가용 truth set이므로 처리 대상이 아니다. 문서가 한계를 5개 명시: PASS 중 일부가 서브클론일 수 있음, 영역 내 누락 SV 가능, 센트로미어 브레이크포인트 제외, 최대 DEL/DUP가 6~7 Mbp라 대형 CNA 미포함, 복합 SV는 BND로 표기. | index: VCF에 .tbi 존재, bgzip은 htslib v1.21 | 장비/화학 상세: 해당 없음 (벤치마크 산출물)
HG008	other	HG008-T somatic 벤치마크 V0.2	data_somatic/HG008/Liss_lab/analysis/NIST_HG008-T_somatic-stvar_DraftBenchmark_V0.2-20250110	해당 없음(벤치마크)	후보 SV 156개 큐레이션	9	7.2	-		TRUE	.tbi	0	GIAB			-	-	GRCh38	-			-	-	-			-	-	-			-	-	-			TRUE	수동 큐레이션 (SplitThreader + Genome Ribbon + IGV; 입력: Minda 앙상블, DRAGEN 4.2.4 graph SV, GRIDSS2/gripss p23) → VCF v4.4 필드 주석	GIAB			-	defrabb v0.016 run (20240513_v0.016_HG008N_defrabb_run) → dipcall-z2k (hifiasm 20240317 HG008 normal 어셈블리 기반 영역 BED)	-			somatic SV 초안 벤치마크 V0.2 + defrabb 실행 산출물 동봉	giab_doc:data_somatic/HG008/Liss_lab/analysis/NIST_HG008-T_somatic-stvar_DraftBenchmark_V0.2-20250110/README.md	처리 대상 아님. 동봉된 defrabb 실행 tar와 dipcall 벤치마크 BED는 자체 어셈블리 기반 영역 생성 절차를 따라할 때 참고 템플릿으로 사용.	GIAB 분석팀 18명이 GitHub Issues로 후보 156개를 큐레이션했다. 영역 BED는 hifiasm HG008 normal 어셈블리의 1:1 GRCh38 정렬에서 시작해, 필터된 SV에 10kb slop을 주고 200kb 이내 병합한 뒤 빼는 방식으로 만들었다. 복합 SV는 BND+MATEID+EVENTTYPE+CLUSTERID, 클러스터 페이징은 GT:PSL:PSO로 표기. | index: VCF에 .tbi 존재 | 장비/화학 상세: 해당 없음 (벤치마크 산출물)
HG008	other	HG008-T somatic 벤치마크 V0.3	data_somatic/HG008/Liss_lab/analysis/NIST_HG008-T_somatic-stvar_DraftBenchmark_V0.3-20250220	해당 없음(벤치마크)	벤치마크 영역 2,730,310,042 bp (GRCh38)	7	0.0	-		TRUE	.tbi	0	GIAB			-	-	GRCh38 (GRCh38_GIABv3_no_alt_analysis_set_maskedGRC_decoys_MAP2K3_KMT2C_KCNJ18)	-			-	-	-			-	-	-			-	-	-			TRUE	수동 큐레이션 (입력 15개 콜셋: Minda 앙상블, DRAGEN 4.2.4 graph SV, GRIDSS2/gripss Illumina p23 및 Element, Severus v1.2 HiFi/ONT, Sniffles HiFi+ONT, nanomonsv HiFi/ONT, SAVANA HiFi/ONT, Bionano UniqueSVs) + KromaTiD dGH 근거; 평가는 Truvari v5.1.1; bgzip (htslib v1.21)	GIAB			-	verkko 2.2 (HiFi + herro 보정 standard ONT + Hi-C) → dipcall-z2k (defrabb run 20250219_v0.020_HG008N)	-			somatic SV 초안 벤치마크 V0.3 (현행 최신)	giab_doc:data_somatic/HG008/Liss_lab/analysis/NIST_HG008-T_somatic-stvar_DraftBenchmark_V0.3-20250220/README.md	처리 대상 아님 — 자체 somatic SV 콜셋 평가의 정답셋으로 사용. 문서의 truvari bench 커맨드(--passonly --pick multi, includebed 지정)를 그대로 써서 recall/precision 산출.	V0.2 대비 변화: 영역 BED가 hifiasm 대신 verkko 2.2 정상 어셈블리 기반으로 교체(전 염색체 chromosome-scale 페이징), CLUSTERID를 EVENT로 대체, CILEN/SVCLAIM/CN 필드 추가, SV_209~216 서브클론 추가, SV_157/SV_121은 단일세포 데이터 근거로 PASS→SUBCLONAL 강등. dipcall 버그로 제외된 영역들을 수동 확장한 목록(sed 명령까지)이 문서에 남아 있다. | index: VCF에 .tbi 존재, bgzip은 htslib v1.21 | 장비/화학 상세: 해당 없음 (벤치마크 산출물)
HG008	other	HG008-T 클론별 핵형	data_somatic/HG008/NIST/HG008-T_clones	세포유전학 핵형분석(시퀀싱 아님)	클론별 metaphase spread 20개	14	0.0	-		-		0	-			-	-		-			-	-	-			-	-	-			-	-	-			-	-	-			-	-	-			클론별 핵형분석 리포트 (PDF 3개)	giab_doc:data_somatic/HG008/NIST/HG008-T_clones/20240718p14/2D6/p15plus6/KaryoLogic_20241028/README_KaryoLogic_20241028.md (3개 클론 README 동일 내용, 각 6347자)	처리 대상 아님. 벌크 데이터의 클론성/WGD 해석 근거로 사용. 클론별 시퀀싱 데이터는 이 디렉토리에 없다.	두 집단 공존은 2D6과 3E4에만 해당한다. SC14는 20개 metaphase spread 전부가 65-71개 염색체 집단 하나뿐이다 | 장비/화학 상세: 세포유전학 G-banding 핵형분석 (시퀀싱 아님) — 클론 SC14(p19→p20plus11), 2D6·3E4(p14→p15plus6)
HG008	other	UMD-Revio-HG008Tp41-20241011	data_somatic/HG008/NIST/HG008-T_bulk/20240508p41/UMD-Revio-HG008Tp41-20241011	PacBio Revio (SMRT Link v13.1, SMRTbell prep kit 3.0, Revio polymerase kit)	29x mean (diploid 43x / haploid 23x, NRPCC 추정 12x), yield 90.2 Gb	5	89.8	TRUE	unaligned HiFi BAM (hifi_reads.bam, XZOOK_20240930_R84050_PL15224-001)	PARTIAL	.bai	1	GIAB			TRUE	pbmm2 v1.12.0 (PacBio HiFi-Somatic-WDL v0.7)	GRCh38-GIABv3	GIAB			FALSE	N/A				FALSE	N/A				FALSE	N/A				FALSE	N/A				FALSE	N/A				reads + align	giab_doc:data_somatic/HG008/NIST/HG008-T_bulk/20240508p41/UMD-Revio-HG008Tp41-20241011/README_UMD-Revio-HG008Tp21andp41.md	unaligned hifi_reads BAM이 있으므로 재정렬부터 전 단계 재현 가능. p41(후기 패세지) 대 p21 비교로 배양 중 생긴 somatic 변이 추적.	README 하나가 p21과 p41 두 데이터셋을 함께 설명한다. 이 디렉토리에는 변이/메틸/somatic 산출물이 없다. | index: 정렬 BAM에 .bai 있음. unaligned hifi_reads.bam은 인덱스 없음(pbindex 언급 없음). QC는 Cramino v0.14.5 + Mosdepth v0.3.6
HG001	pacbio_clr	HG001 PacBio CLR (MtSinai)	data/NA12878/NA12878_PacBio_MtSinai	미표기		8	210.8	TRUE	error-corrected reads FASTA 1개(corrected_reads_gt4kb.fasta, 59 GiB). 원시 subread/bax.h5 없음	TRUE	.bai,.tbi	0	GIAB			TRUE	blasr v1.3.2		GIAB			TRUE (SV 유전자형 위상, 툴명 미기재)	N/A				TRUE	PBHoney (blasr 1.3.1) | custom pipeline (blasr 1.3.1/1.3.2) | assembly 기반 (Chaisson et al. 2015 방법)	GIAB			-	-	-			-	-	-			FALSE	N/A				reads(Falcon EC) + align(blasr) + SV variant	giab_doc:data/NA12878/NA12878_PacBio_MtSinai/README.txt	원시 subread가 없어 베이스콜부터의 재현은 불가. EC FASTA를 GRCh38에 재정렬해 비교하거나, 제공된 hg19 BAM/SV VCF를 CLR 시대 SV 참고자료로만 사용.	레퍼런스는 hg19. VCF는 SV(DEL/INS)만이고 QUAL 미기입, 3개 이상 caller 지원 시 PASS. merged_ec_output_primary.bam(15.6 GiB)은 README에 설명이 없어 무슨 산출물인지 문서로 확정 불가. Falcon은 EC 단계 툴이므로 align_tool에는 넣지 않았음. 플랫폼(RS/RS II) 표기 없음. | index: sorted_final_merged.bam.bai / NA12878.sorted.vcf.gz.tbi 존재. 문서에 인덱싱 툴 언급 없음
HG002	pacbio_clr	HG002 PacBio CLR (MtSinai/NIST)	data/AshkenazimTrio/HG002_NA24385_son/PacBio_MtSinai_NIST	RS II (m14·m15 movie)	~69X (hdf5 README), 292 RS II SMRT cells, 27.4M subreads / 220.0 Gb, subread N50 11,087 bp	598	3292.0	TRUE	hdf5/ SMRTPortal tarball 292개(bax.h5·bas.h5·subreads.fasta/fastq 포함) + PacBio_fasta/ subreads.fasta.gz 292개	TRUE	.bai	0	GIAB			TRUE	ngmlr v0.2.3 (Baylor, GRCh37) | pbsv fasta v2.0.0 → minimap2 v2.11-r797 → samtools v1.3.1 sort/merge (GRCh37 hs37d5·GRCh38 no_alt)	GRCh37,GRCh38	GIAB			TRUE	whatshap haplotype-partition (RTG.hg19.10x.trio-whatshap.vcf.gz 사용, 버전 미기재)	GIAB			FALSE	N/A				-	-	-			-	-	-			FALSE	N/A				raw + reads(fasta) + align 2종(ngmlr·minimap2) + phase(haplotag)	giab_doc:data/AshkenazimTrio/HG002_NA24385_son/PacBio_MtSinai_NIST/Baylor_NGMLR_bam_GRCh37/README | giab_doc:data/AshkenazimTrio/HG002_NA24385_son/PacBio_MtSinai_NIST/PacBio_minimap2_bam/README.txt | giab_doc:data/AshkenazimTrio/HG002_NA24385_son/PacBio_MtSinai_NIST/hdf5/pacbio_README | giab_doc:data/AshkenazimTrio/HG002_NA24385_son/PacBio_MtSinai_NIST/PacBio_fasta/README.txt	PacBio_fasta의 subreads.fasta.gz를 pbmm2/minimap2로 GRCh38-GIABv3에 재정렬(품질값 없음 주의)하거나, 제공된 minimap2 BAM으로 CLR SV 호출(pbsv/sniffles)부터 시작.	"Baylor_NGMLR_bam_GRCh37/README는 하위 디렉토리에 있지만 상위 4개 하위디렉토리(hdf5, PacBio_fasta, Baylor_NGMLR, PacBio_minimap2) 전체 구조를 설명하는 포괄 문서라서 인용함. PacBio_fasta는 `samtools fasta [movie].subreads.bam | gzip -c` 결과이며 원시 pulse metric/quality는 SRA에만 있음. hdf5 tarball은 불투명 압축이라 해제 필요. | index: ""Per-movie alignments were merged into a single aligned BAM with samtools merge (samtools version 1.3.1). An index was generated for the merged BAM with samtools index"" | 장비/화학 상세: PacBio RS II, P6-C4 enzyme/chemistry 89.7% + P5-C3 10.3%, 240분 movie; 라이브러리는 NIST, 시퀀싱은 Mt. Sinai"
HG002	pacbio_clr	HG002 PacBio CLR (WUSTL+PB)	data/AshkenazimTrio/HG002_NA24385_son/PacBio_CLR	Sequel II (m64070, m64043)	m64070_190824_163708 ~30-fold unique molecular coverage (PacBio README). WUSTL 셀 A01/C01은 Unique Molecular Yield 123.1/138.8 Gb	32	1210.2	TRUE	원시 CLR: subreads.bam + scraps.bam (+pbi), subreadset.xml/sts.xml, adapters·controls FASTA	TRUE	.pbi	0	GIAB			FALSE	N/A					-	-	-			FALSE	N/A				-	-	-			-	-	-			FALSE	N/A				raw만 (baz2bam BAM 변환까지)	filename | giab_doc:data/AshkenazimTrio/HG002_NA24385_son/PacBio_CLR/PacBio_CLR_HG002_README.txt | giab_doc:data/AshkenazimTrio/HG002_NA24385_son/PacBio_CLR/WUSTL_PacBio_CLR.README.txt	subreads.bam을 pbmm2 --preset SUBREAD 또는 minimap2 -x map-pb로 GRCh38-GIABv3에 정렬해 CLR 정렬/SV 파이프라인 첫 단계로 사용.	두 README 모두 DNA 추출/라이브러리/시퀀싱만 기술하고 정렬·변이 산출물이 없음. baz2bam은 파일명(로그)에서만 확인되고 버전 미기재 — BAZ→BAM 변환 단계 툴이라 align에는 넣지 않았음. | index: subreads.bam.pbi 동반(pbindex 산출물). 문서에는 인덱싱 언급 없음 | 장비/화학 상세: Sequel II System, Chemistry 2.0, SMRT Cell 8M; PacBio 셀은 15 hrs/셀, WUSTL 셀은 binding kit 101-842-900 + sequencing kit 101-820-200, 20 hrs/셀
HG003	pacbio_clr	HG003 PacBio CLR (MtSinai/NIST)	data/AshkenazimTrio/HG003_NA24149_father/PacBio_MtSinai_NIST	RS II (m14·m15 movie)	~32X (hdf5 README), 139 RS II SMRT cells, 13.2M subreads / 101.6 Gb, subread N50 10,728 bp	420	2685.6	TRUE	hdf5/ SMRTPortal tarball 139개 + PacBio_fasta/ subreads.fasta.gz 139개	PARTIAL	.bai	1	GIAB			TRUE	bwa mem v0.7.12-r1039 (-x pacbio -M, CSHL 염색체별) | pbsv fasta v2.0.0 → minimap2 v2.11-r797 → samtools v1.3.1 (GRCh37·GRCh38) | ngmlr 0.2.3 (파일명 토큰, Baylor GRCh37) | blasr (디렉토리명 MtSinai_blasr_bam_GRCh37, 버전 미기재)	GRCh37,GRCh38	GIAB			TRUE	N/A	GIAB			FALSE	N/A				-	-	-			-	-	-			FALSE	N/A				raw + reads(fasta) + align 4종(bwa-mem·minimap2·ngmlr·blasr) + phase(HP10XtrioRTG)	giab_doc:data/AshkenazimTrio/HG003_NA24149_father/PacBio_MtSinai_NIST/CSHL_bwamem_bam_GRCh37/README.txt | giab_doc:data/AshkenazimTrio/HG003_NA24149_father/PacBio_MtSinai_NIST/PacBio_minimap2_bam/README.txt | giab_doc:data/AshkenazimTrio/HG003_NA24149_father/PacBio_MtSinai_NIST/hdf5/pacbio_README | filename	PacBio_fasta subreads.fasta.gz로 GRCh38-GIABv3 재정렬하거나 minimap2 BAM으로 CLR SV 호출 시작. 염색체별로 쪼개진 CSHL/blasr BAM은 merge 필요.	"HP10XtrioRTG BAM이 존재하므로 phase는 TRUE지만, HG003 트리에는 phasing 툴을 적은 문서가 없어 phase_tool은 N/A. (HG002의 Baylor_NGMLR README는 whatshap로 기재하지만 HG002 전용 문서라 인용 보류.) MtSinai_blasr_bam_GRCh37/(염색체별 24 BAM)에도 문서가 없어 blasr 버전 미확인. CSHL README는 Sniffles(8 read 지원, >50bp) SV 호출과 pac_bio_CA8.3 어셈블리 + MUMmer(sge_mummer) 기반 SV 호출을 기술하지만 해당 산출물은 이 prefix 안에 없음. | index: minimap2 README에 ""An index was generated for the merged BAM with samtools index"". 정렬 BAM 대부분 .bai 동반, 실측 1개 미인덱스 | 장비/화학 상세: PacBio RS II, P6-C4 + P5-C3, 240분 movie; 라이브러리 NIST, 시퀀싱 Mt. Sinai"
HG004	pacbio_clr	HG004 PacBio CLR (MtSinai/NIST)	data/AshkenazimTrio/HG004_NA24143_mother/PacBio_MtSinai_NIST	RS II (m14·m15 movie)	~30X (hdf5 README), 132 RS II SMRT cells, 12.4M subreads / 94.9 Gb, subread N50 10,629 bp	406	2549.5	TRUE	hdf5/ SMRTPortal tarball 132개 + PacBio_fasta/ subreads.fasta.gz 132개	PARTIAL	.bai	1	GIAB			TRUE	bwa mem v0.7.12-r1039 (-x pacbio -M, CSHL 염색체별) | pbsv fasta v2.0.0 → minimap2 v2.11-r797 → samtools v1.3.1 (GRCh37·GRCh38) | ngmlr 0.2.3 (파일명 토큰, Baylor GRCh37) | blasr (디렉토리명 MtSinai_blasr_bam_GRCh37, 버전 미기재)	GRCh37,GRCh38	GIAB			TRUE	N/A	GIAB			FALSE	N/A				-	-	-			-	-	-			FALSE	N/A				raw + reads(fasta) + align 4종 + phase(HP10XtrioRTG)	giab_doc:data/AshkenazimTrio/HG004_NA24143_mother/PacBio_MtSinai_NIST/CSHL_bwamem_bam_GRCh37/README.txt | giab_doc:data/AshkenazimTrio/HG004_NA24143_mother/PacBio_MtSinai_NIST/PacBio_minimap2_bam/README.txt | giab_doc:data/AshkenazimTrio/HG004_NA24143_mother/PacBio_MtSinai_NIST/hdf5/pacbio_README | filename	PacBio_fasta subreads.fasta.gz로 GRCh38-GIABv3 재정렬 또는 minimap2 BAM으로 CLR SV 호출. 염색체 분할 BAM은 merge 필요.	HG003과 동일 구조. phasing 툴을 적은 문서가 HG004 트리에 없어 phase_tool N/A(파일명 토큰 HP10XtrioRTG만 확인). MtSinai_blasr_bam_GRCh37/에 문서 없음. hdf5 README는 HG002/HG003/HG004를 한 문서로 함께 기술함. | index: minimap2 README에 samtools index 언급. 정렬 BAM 대부분 .bai 동반, 실측 1개 미인덱스 | 장비/화학 상세: PacBio RS II, P6-C4 + P5-C3, 240분 movie; 라이브러리 NIST, 시퀀싱 Mt. Sinai
HG005	pacbio_clr	HG005 PacBio CLR (MtSinai)	data/ChineseTrio/HG005_NA24631_son/MtSinai_PacBio	Sequel (m54015, m54016)	46 Sequel SMRT cells; 18,353,756 polymerase reads, polymerase N50 19,250, 22,004,492 subreads, subread N50 16,750 (X 배수 표기는 문서에 없음)	149	1730.7	TRUE	raw_data/ [Cell UUID].tar.gz 46개(내부 subreads.bam+pbi, subreadset.xml, scraps, sts.xml, control) + PacBio_fasta/ subreads.fasta.gz 46개	TRUE	.bai	0	GIAB			TRUE	pbsv fasta v2.0.0 → minimap2 v2.11-r797 → samtools v1.3.1 sort/merge	GRCh37,GRCh38	GIAB			FALSE	N/A				FALSE	N/A				-	-	-			-	-	-			FALSE	N/A				raw + reads(fasta) + align(minimap2 2종 레퍼런스)	giab_doc:data/ChineseTrio/HG005_NA24631_son/MtSinai_PacBio/HG005.README | giab_doc:data/ChineseTrio/HG005_NA24631_son/MtSinai_PacBio/PacBio_minimap2_bam/README.txt | giab_doc:data/ChineseTrio/HG005_NA24631_son/MtSinai_PacBio/PacBio_fasta/README.txt	raw_data tarball 해제 후 subreads.bam을 pbmm2 --preset SUBREAD로 GRCh38-GIABv3 재정렬, 또는 제공 minimap2 BAM으로 CLR SV 호출 시작.	"GRCh38 레퍼런스는 no_alt_plus_hs38d1_analysis_set(HG002~004의 no_alt와 다름). PacBio_fasta는 `samtools fasta [movie].subreads.bam | gzip -c` 결과. | index: minimap2 README: ""An index was generated for the merged BAM with samtools index"". subreads.bam.pbi는 tarball 내부 | 장비/화학 상세: PacBio Sequel System, v2.0 sequencing chemistry, 10hr movie, SMRTLink 5.0.1.9585; Megaruptor 40kb shear, BluePippin 20-50kb"
HG006	pacbio_clr	HG006 PacBio CLR (MtSinai)	data/ChineseTrio/HG006_NA24694-huCA017E_father/PacBio_MtSinai	Sequel (m54015, m54016)	17 Sequel SMRT cells; 9,005,927 polymerase reads, polymerase N50 20,250, 10,391,434 subreads, subread N50 18,250	64	860.8	TRUE	raw_data/ [Cell UUID].tar.gz 17개(subreads.bam+pbi 포함) + PacBio_fasta/ subreads.fasta.gz 17개	TRUE	.bai	0	GIAB			TRUE	pbsv fasta v2.0.0 → minimap2 v2.11-r797 → samtools v1.3.1 sort/merge	GRCh37,GRCh38	GIAB			FALSE	N/A				FALSE	N/A				-	-	-			-	-	-			FALSE	N/A				raw + reads(fasta) + align(minimap2 2종 레퍼런스)	giab_doc:data/ChineseTrio/HG006_NA24694-huCA017E_father/PacBio_MtSinai/HG006.README | giab_doc:data/ChineseTrio/HG006_NA24694-huCA017E_father/PacBio_MtSinai/PacBio_minimap2_bam/README.txt | giab_doc:data/ChineseTrio/HG006_NA24694-huCA017E_father/PacBio_MtSinai/PacBio_fasta/README.txt	raw_data tarball 해제 후 subreads.bam을 GRCh38-GIABv3에 재정렬, 또는 제공 minimap2 BAM으로 CLR SV 호출 시작.	raw_data/ 안에 축약판 HG006.README가 한 번 더 있음(파일 명명과 raw data report만). movie는 m54015/m54016. | index: minimap2 README에 samtools index 언급. subreads.bam.pbi는 tarball 내부 | 장비/화학 상세: PacBio Sequel System, v2.0 sequencing chemistry, 10hr movie, SMRTLink 5.0.1.9585; Megaruptor 40kb shear, BluePippin 20-50kb
HG007	pacbio_clr	HG007 PacBio CLR (MtSinai)	data/ChineseTrio/HG007_NA24695-hu38168_mother/PacBio_MtSinai	Sequel (m54015, m54016)	16 Sequel SMRT cells; 8,882,322 polymerase reads, polymerase read length mean 11,341, polymerase N50 20,750, 10,135,440 subreads, subread mean 10,442, subread N50 18,750	60	848.6	TRUE	raw_data/ [Cell UUID].tar.gz 16개(subreads.bam+pbi 포함) + PacBio_fasta/ subreads.fasta.gz 16개	TRUE	.bai	0	GIAB			TRUE	pbsv fasta v2.0.0 → minimap2 v2.11-r797 → samtools v1.3.1 sort/merge	GRCh37,GRCh38	GIAB			FALSE	N/A				FALSE	N/A				-	-	-			-	-	-			FALSE	N/A				raw + reads(fasta) + align(minimap2 2종 레퍼런스)	giab_doc:data/ChineseTrio/HG007_NA24695-hu38168_mother/PacBio_MtSinai/HG007.README | giab_doc:data/ChineseTrio/HG007_NA24695-hu38168_mother/PacBio_MtSinai/PacBio_minimap2_bam/README.txt | giab_doc:data/ChineseTrio/HG007_NA24695-hu38168_mother/PacBio_MtSinai/PacBio_fasta/README.txt	raw_data tarball 해제 후 subreads.bam을 GRCh38-GIABv3에 재정렬, 또는 제공 minimap2 BAM으로 CLR SV 호출 시작.	movie는 m54015/m54016. minimap2 README 3개(HG005·HG006·HG007) 내용이 912자로 동일. | index: minimap2 README에 samtools index 언급. subreads.bam.pbi는 tarball 내부 | 장비/화학 상세: PacBio Sequel System, v2.0 sequencing chemistry, 10hr movie, SMRTLink 5.0.1.9585
HG001	pacbio_hifi	HG001 HiFi CCS (HudsonAlpha)	data/NA12878/HudsonAlpha_PacBio_CCS	Sequel II (m64109)		20	65.9	TRUE	CCS FASTQ 6개(SMRT cell별 디렉토리) + ccs_report.txt + .stats	-		0	-			TRUE	pbmm2 v26.2.0	GRCh38 (GCA_000001405.15 no_alt_analysis_set)	me	/BiO/scratch/ehojune/GIAB_benchmark/processed_data_ehojune/HG001/PacBio/HudsonAlpha_PacBio_CCS/02_alignedBAM	phase1_pacbio_hifi/scripts/10_submit.sh	TRUE	WhatsHap v2.8 (DeepVariant VCF phase+haplotag)	me	/BiO/scratch/ehojune/GIAB_benchmark/processed_data_ehojune/HG001/PacBio/HudsonAlpha_PacBio_CCS/03_VCF/phased_whatshap	phase1_pacbio_hifi/scripts/10_submit.sh	TRUE	DeepVariant v1.10.0 + Clair3 v1.2.0 + pbsv v2.11.0	me	/BiO/scratch/ehojune/GIAB_benchmark/processed_data_ehojune/HG001/PacBio/HudsonAlpha_PacBio_CCS/03_VCF	phase1_pacbio_hifi/scripts/10_submit.sh	-	-	-			-	-	-			FALSE	N/A				reads(ccs v4.0.0)만	giab_doc:data/NA12878/HudsonAlpha_PacBio_CCS/README_PacBio-CCS_HudsonAlpha_HG001.md	phase1 raw→VCF 완료 (pbmm2 정렬 + DeepVariant/Clair3 + pbsv + WhatsHap 위상). 산출물 경로는 variant_local_path. 다음: truth set 대비 hap.py 정확도 평가.	reads 단계 툴은 ccs v4.0.0. 15kb 라이브러리 4셀(TPK 1.0, SageELF Fraction 4) + 20kb 라이브러리 2셀(SMRTbell Express 2.0, Fraction 2). 동일 6개 movie의 uBAM(hifi_reads.bam)이 data/NA12878/PacBio_CCS_15kb_20kb_chemistry2/uBAMs/에 별도로 있음. | index: checksum.md5_fq만 있고 인덱스 없음. 문서에 인덱싱 언급 없음 | 장비/화학 상세: Shearing 30 kb with Megaruptor 추가
HG001	pacbio_hifi	HG001 HiFi SequelII 11kb	data/NA12878/PacBio_SequelII_CCS_11kb	Sequel II (파일명 'SequelII' 표기, movie ID 없음)	약 30-fold	9	110.0	TRUE	CCS FASTQ 6개 (11kb 4 + 9kb 2). GIAB FTP에는 없고 SRA/ENA PRJNA540705에서 확보 — 로컬 /BiO/scratch/ehojune/GIAB_benchmark/sra/PRJNA540705/HG001	TRUE	.bai	0	GIAB			TRUE	pbmm2 v26.2.0	GRCh38 (GCA_000001405.15 no_alt_analysis_set)	me	/BiO/scratch/ehojune/GIAB_benchmark/processed_data_ehojune/HG001/PacBio/PacBio_SequelII_CCS_11kb/02_alignedBAM	phase1_pacbio_hifi/scripts/10_submit.sh	TRUE	WhatsHap v2.8 (DeepVariant VCF phase+haplotag)	me	/BiO/scratch/ehojune/GIAB_benchmark/processed_data_ehojune/HG001/PacBio/PacBio_SequelII_CCS_11kb/03_VCF/phased_whatshap	phase1_pacbio_hifi/scripts/10_submit.sh	TRUE	DeepVariant v1.10.0 + Clair3 v1.2.0 + pbsv v2.11.0	me	/BiO/scratch/ehojune/GIAB_benchmark/processed_data_ehojune/HG001/PacBio/PacBio_SequelII_CCS_11kb/03_VCF	phase1_pacbio_hifi/scripts/10_submit.sh	-	-	-			-	-	-			FALSE	N/A				align(pbmm2) + phase(WhatsHap 0.17) + SV variant(pbsv v2.2.1, analysis 디렉토리)	giab_doc:data/NA12878/PacBio_SequelII_CCS_11kb/README.txt | giab_doc:data/NA12878/PacBio_SequelII_CCS_11kb/HG001_GRCh38/README.txt | giab_doc:data/NA12878/analysis/PacBio_pbsv_05212019/README.txt	phase1 raw→VCF 완료 (pbmm2 정렬 + DeepVariant/Clair3 + pbsv + WhatsHap 위상). 산출물 경로는 variant_local_path. 다음: truth set 대비 hap.py 정확도 평가.	디렉토리 자체 README는 pbmm2 버전을 적지 않음. pbsv 문서(data/NA12878/analysis/PacBio_pbsv_05212019/README.txt)가 같은 BioProject PRJNA540705 리드를 명시하므로 variant 단계 근거로 사용했고, 산출물 SV VCF는 그 analysis 디렉토리에 있음. hs37d5판은 RTG trio 위상, GRCh38판은 sample명 치환·FILTER 정리 후 위상. | index: .bai 동반. 문서에 위상 VCF 재작성 시 `tabix -p vcf` 사용 기재 | 장비/화학 상세: Sequel II Binding/Sequencing chemistry 1.0 (101-717-300, 101-644-500), SMRT Link 7.0 pre-release, CCS 예측 정확도 Q20 필터, sageELF ~9kb/~11kb 크기 선별 | 2026-08-21: ENA PRJNA540705에서 CCS FASTQ 6 cell(64.6 GiB) 다운로드, md5·평균리드길이 검증 통과. 목록은 phase1_pacbio_hifi/sra_manifest.tsv. ENA는 리드 이름을 @SRR*.N 으로 바꿔 배포하므로 원래 ZMW 이름은 없음(콜링에는 무관, pbmm2 --rg 로 movie ID 보존).
HG001	pacbio_hifi	HG001 HiFi chemistry2	data/NA12878/PacBio_CCS_15kb_20kb_chemistry2	Sequel II (m64109)		20	209.7	TRUE	uBAMs/ hifi_reads.bam 6개(+md5). pbi 없음 → 실측 unindexed 6	PARTIAL	.bai	6	GIAB			TRUE	pbmm2 v26.2.0	GRCh38 (GCA_000001405.15 no_alt_analysis_set)	me	/BiO/scratch/ehojune/GIAB_benchmark/processed_data_ehojune/HG001/PacBio/PacBio_CCS_15kb_20kb_chemistry2/02_alignedBAM	phase1_pacbio_hifi/scripts/10_submit.sh	TRUE	WhatsHap v2.8 (DeepVariant VCF phase+haplotag)	me	/BiO/scratch/ehojune/GIAB_benchmark/processed_data_ehojune/HG001/PacBio/PacBio_CCS_15kb_20kb_chemistry2/03_VCF/phased_whatshap	phase1_pacbio_hifi/scripts/10_submit.sh	TRUE	DeepVariant v1.10.0 + Clair3 v1.2.0 + pbsv v2.11.0	me	/BiO/scratch/ehojune/GIAB_benchmark/processed_data_ehojune/HG001/PacBio/PacBio_CCS_15kb_20kb_chemistry2/03_VCF	phase1_pacbio_hifi/scripts/10_submit.sh	TRUE	N/A	GIAB			-	-	-			FALSE	N/A				reads(uBAM) + align + phase(haplotag) + variant + meth(5mC CpG BAM)	giab_doc:data/NA12878/analysis/PacBio_CCS_15kb_20kb_chemistry2_042021/README.md | filename	phase1 raw→VCF 완료 (pbmm2 정렬 + DeepVariant/Clair3 + pbsv + WhatsHap 위상). 산출물 경로는 variant_local_path. 다음: truth set 대비 hap.py 정확도 평가.	디렉토리 안에 README가 없음. align/variant 툴은 같은 리드를 다룬 GIAB 분석 문서 data/NA12878/analysis/PacBio_CCS_15kb_20kb_chemistry2_042021/README.md에서 확정(그 문서의 산출물 HG001.{GRCh38,hs37d5}.{deepvariant,gatkhc,pbsv}.vcf.gz / haplotagged.bam은 이 prefix 밖 analysis 디렉토리에 있음, pbsv도 그 문서 파일목록에 포함). 이 prefix 안의 BAM은 그와 별개 산출물인 GRCh38·CHM13v2.0 GIAB_5mC_CpG/*.deepvariant.haplotagged.bam이며, 그 파이프라인을 적은 문서는 HG001 트리에 없음(HG003 트리의 동일 구조 문서에는 ccs v6.2.0 → primrose v1.1.0 → pbmm2 v1.4.0 → DeepVariant v1.3.0 → whatshap v1.1.0로 기재되어 있으나 형제 샘플 문서라 인용 보류). phase_tool·meth_tool은 그래서 N/A. | index: GIAB_5mC_CpG BAM은 .bai 동반. uBAM 6개는 pbi/인덱스 없음 | 장비/화학 상세: Sequel II 2.0 chemistry (movie m64109, HudsonAlpha_PacBio_CCS README와 동일 movie ID)
HG002	pacbio_hifi	HG002 HiFi CCS 10kb	data/AshkenazimTrio/HG002_NA24385_son/PacBio_CCS_10kb	Sequel (m54238, m54315, m54316)	약 30-fold	92	282.0	TRUE	Q20 CCS FASTQ 39개	TRUE	.bai	0	GIAB			TRUE	pbmm2 v26.2.0	GRCh38 (GCA_000001405.15 no_alt_analysis_set)	me	/BiO/scratch/ehojune/GIAB_benchmark/processed_data_ehojune/HG002/PacBio/PacBio_CCS_10kb/02_alignedBAM	phase1_pacbio_hifi/scripts/10_submit.sh	TRUE	WhatsHap v2.8 (DeepVariant VCF phase+haplotag)	me	/BiO/scratch/ehojune/GIAB_benchmark/processed_data_ehojune/HG002/PacBio/PacBio_CCS_10kb/03_VCF/phased_whatshap	phase1_pacbio_hifi/scripts/10_submit.sh	TRUE	DeepVariant v1.10.0 + Clair3 v1.2.0 + pbsv v2.11.0	me	/BiO/scratch/ehojune/GIAB_benchmark/processed_data_ehojune/HG002/PacBio/PacBio_CCS_10kb/03_VCF	phase1_pacbio_hifi/scripts/10_submit.sh	-	-	-			-	-	-			FALSE	N/A				reads(SMRT Link 6.0 CCS) + align(pbmm2 2종 레퍼런스) + phase(WhatsHap 0.17)	giab_doc:data/AshkenazimTrio/HG002_NA24385_son/PacBio_CCS_10kb/alignment/README.txt | giab_doc:data/AshkenazimTrio/HG002_NA24385_son/PacBio_CCS_10kb/GRCh38_no_alt_analysis/README.txt | giab_doc:data/AshkenazimTrio/HG002_NA24385_son/PacBio_CCS_10kb/README.txt	phase1 raw→VCF 완료 (pbmm2 정렬 + DeepVariant/Clair3 + pbsv + WhatsHap 위상). 산출물 경로는 variant_local_path. 다음: truth set 대비 hap.py 정확도 평가.	문서가 `pbmm2 --preset CCS`와 등가인 minimap2 파라미터(-k 19 -O 5,56 -E 4,1 -B 5 -z 400,50 -r 2k --eqx --secondary=no)를 병기함. pbmm2·samtools 버전은 미기재. reads 단계 툴은 SMRT Link 6.0의 CCS(버전 번호 없음). | index: .bai 동반. GRCh38 README에 위상 VCF 재작성용 `tabix -p vcf` 기재 | 장비/화학 상세: Sequel, Binding/Sequencing chemistry 3.0, SMRT Link 6.0, CCS 기본 파라미터 + 예측 정확도 Q20 필터, sageELF ~10kb
HG002	pacbio_hifi	HG002 HiFi CCS 15kb	data/AshkenazimTrio/HG002_NA24385_son/PacBio_CCS_15kb	Sequel (m54238, m54328, m54329, m54334, m54335)	약 28-fold	90	292.4	TRUE	Q20 CCS FASTQ 39개	TRUE	.bai	0	GIAB			TRUE	pbmm2 v26.2.0	GRCh38 (GCA_000001405.15 no_alt_analysis_set)	me	/BiO/scratch/ehojune/GIAB_benchmark/processed_data_ehojune/HG002/PacBio/PacBio_CCS_15kb/02_alignedBAM	phase1_pacbio_hifi/scripts/10_submit.sh	TRUE	WhatsHap v2.8 (DeepVariant VCF phase+haplotag)	me	/BiO/scratch/ehojune/GIAB_benchmark/processed_data_ehojune/HG002/PacBio/PacBio_CCS_15kb/03_VCF/phased_whatshap	phase1_pacbio_hifi/scripts/10_submit.sh	TRUE	DeepVariant v1.10.0 + Clair3 v1.2.0 + pbsv v2.11.0	me	/BiO/scratch/ehojune/GIAB_benchmark/processed_data_ehojune/HG002/PacBio/PacBio_CCS_15kb/03_VCF	phase1_pacbio_hifi/scripts/10_submit.sh	-	-	-			-	-	-			FALSE	N/A				reads(SMRT Link 6.0 CCS) + align(pbmm2 2종 레퍼런스) + phase(WhatsHap 0.17)	giab_doc:data/AshkenazimTrio/HG002_NA24385_son/PacBio_CCS_15kb/alignment/README.txt | giab_doc:data/AshkenazimTrio/HG002_NA24385_son/PacBio_CCS_15kb/GRCh38_no_alt_analysis/README.txt | giab_doc:data/AshkenazimTrio/HG002_NA24385_son/PacBio_CCS_15kb/README.txt	phase1 raw→VCF 완료 (pbmm2 정렬 + DeepVariant/Clair3 + pbsv + WhatsHap 위상). 산출물 경로는 variant_local_path. 다음: truth set 대비 hap.py 정확도 평가.	10kb 데이터셋과 동일 파이프라인(문서 문구도 크기 표기만 다름). pbmm2 버전 미기재. | index: .bai 동반. GRCh38 README에 `tabix -p vcf` 기재 | 장비/화학 상세: Sequel, Binding/Sequencing chemistry 3.0, SMRT Link 6.0, Q20 CCS 필터, sageELF ~15kb
HG002	pacbio_hifi	HG002 HiFi Revio 20231031	data/AshkenazimTrio/HG002_NA24385_son/PacBio_HiFi-Revio_20231031	Revio (m84039)	48X (GRCh37·GRCh38-GIABv3·CHM13v2.0 모두), yield 150.1 Gb, N50 17,159-17,272, median identity 99.75-99.79	10	287.0	TRUE	hifi_reads.bam(uBAM) 2개 — 염기수식(메틸) 콜 포함	PARTIAL	.bai	2	GIAB			TRUE	pbmm2 v26.2.0	GRCh38 (GCA_000001405.15 no_alt_analysis_set)	me	/BiO/scratch/ehojune/GIAB_benchmark/processed_data_ehojune/HG002/PacBio/PacBio_HiFi-Revio_20231031/02_alignedBAM	phase1_pacbio_hifi/scripts/10_submit.sh	TRUE	WhatsHap v2.8 (DeepVariant VCF phase+haplotag)	me	/BiO/scratch/ehojune/GIAB_benchmark/processed_data_ehojune/HG002/PacBio/PacBio_HiFi-Revio_20231031/03_VCF/phased_whatshap	phase1_pacbio_hifi/scripts/10_submit.sh	TRUE	DeepVariant v1.10.0 + Clair3 v1.2.0 + pbsv v2.11.0	me	/BiO/scratch/ehojune/GIAB_benchmark/processed_data_ehojune/HG002/PacBio/PacBio_HiFi-Revio_20231031/03_VCF	phase1_pacbio_hifi/scripts/10_submit.sh	TRUE	pb-CpG-tools (HiFi-human-WGS-WDL v1.1.0, 버전 미기재)	GIAB			-	-	-			FALSE	N/A				reads(uBAM, 메틸 태그) + align(pbmm2 v1.10.0, 3레퍼런스) + [analysis 디렉토리] variant/phase/meth	giab_doc:data/AshkenazimTrio/HG002_NA24385_son/PacBio_HiFi-Revio_20231031/README_HG002-PacBio-Revio.md | giab_doc:data/AshkenazimTrio/analysis/PacBio_HiFi-Revio_20231031/pacbio-wgs-wdl_germline_20231031/README_PacBio_Revio_analysis.md	phase1 raw→VCF 완료 (pbmm2 정렬 + DeepVariant/Clair3 + pbsv + WhatsHap 위상). 산출물 경로는 variant_local_path. 다음: truth set 대비 hap.py 정확도 평가.	정렬 QC는 Cramino v0.14.5(Conda). 변이/위상/메틸 산출물은 이 prefix가 아니라 data/AshkenazimTrio/analysis/PacBio_HiFi-Revio_20231031/pacbio-wgs-wdl_germline_20231031/에 있음(HG002·HG003·HG004 공통 문서). 이 prefix의 BAM 자체는 haplotag되지 않은 정렬 BAM. | index: 정렬 BAM 3개는 .bai 동반. uBAM 2개는 인덱스(pbi) 없음 — 실측 unindexed 2 | 장비/화학 상세: PacBio Revio System, ICS/Primary SW 12.0.4.197734, Revio polymerase kit 102-817-600 + sequencing kit 102-587-400 + Revio SMRT Cell 102-202-200, SMRTbell prep kit 3.0, 24시간 movie, 2 SMRT cell, movie m84039
HG002	pacbio_hifi	HG002 HiFi SequelII 11kb	data/AshkenazimTrio/HG002_NA24385_son/PacBio_SequelII_CCS_11kb	Sequel II (m64011, m64014, m64017, m64018, m64020)	약 32-fold	18	208.9	TRUE	reads/ CCS FASTQ 6개(+md5.in)	TRUE	.bai	0	GIAB			TRUE	pbmm2 v26.2.0	GRCh38 (GCA_000001405.15 no_alt_analysis_set)	me	/BiO/scratch/ehojune/GIAB_benchmark/processed_data_ehojune/HG002/PacBio/PacBio_SequelII_CCS_11kb/02_alignedBAM	phase1_pacbio_hifi/scripts/10_submit.sh	TRUE	WhatsHap v2.8 (DeepVariant VCF phase+haplotag)	me	/BiO/scratch/ehojune/GIAB_benchmark/processed_data_ehojune/HG002/PacBio/PacBio_SequelII_CCS_11kb/03_VCF/phased_whatshap	phase1_pacbio_hifi/scripts/10_submit.sh	TRUE	DeepVariant v1.10.0 + Clair3 v1.2.0 + pbsv v2.11.0	me	/BiO/scratch/ehojune/GIAB_benchmark/processed_data_ehojune/HG002/PacBio/PacBio_SequelII_CCS_11kb/03_VCF	phase1_pacbio_hifi/scripts/10_submit.sh	-	-	-			-	-	-			FALSE	N/A				reads(SMRT Link 6.1 CCS) + align(pbmm2) + phase(WhatsHap 0.17)	giab_doc:data/AshkenazimTrio/HG002_NA24385_son/PacBio_SequelII_CCS_11kb/README.txt | giab_doc:data/AshkenazimTrio/HG002_NA24385_son/PacBio_SequelII_CCS_11kb/HG002_GRCh38/README.txt	phase1 raw→VCF 완료 (pbmm2 정렬 + DeepVariant/Clair3 + pbsv + WhatsHap 위상). 산출물 경로는 variant_local_path. 다음: truth set 대비 hap.py 정확도 평가.	data/NA12878/analysis/PacBio_pbsv_05212019/README.txt는 HG002 CCS(PRJNA520771)도 pbmm2 v1.1.0 + pbsv v2.2.1로 처리했다고 기재하지만, 이 디렉토리 README는 SRA를 SRX5527202로만 적고 있어 동일 리드 세트인지 확인 불가 — 그래서 variant는 FALSE로 둠. | index: .bai 동반, md5.in 존재. GRCh38 README에 위상 VCF 재작성용 `tabix -p vcf` 기재 | 장비/화학 상세: sageELF ~11kb
HG002	pacbio_hifi	HG002 HiFi chemistry2	data/AshkenazimTrio/HG002_NA24385_son/PacBio_CCS_15kb_20kb_chemistry2	Sequel II (m64011, m64012, m64015)	15kb 라이브러리 ~36-fold(4셀) + 20kb 라이브러리 ~16-fold(2셀)	24	573.3	TRUE	reads/ CCS FASTQ 6개(+md5 목록 2종)	TRUE	.bai	0	GIAB			TRUE	pbmm2 v26.2.0	GRCh38 (GCA_000001405.15 no_alt_analysis_set)	me	/BiO/scratch/ehojune/GIAB_benchmark/processed_data_ehojune/HG002/PacBio/PacBio_CCS_15kb_20kb_chemistry2/02_alignedBAM	phase1_pacbio_hifi/scripts/10_submit.sh	TRUE	WhatsHap v2.8 (DeepVariant VCF phase+haplotag)	me	/BiO/scratch/ehojune/GIAB_benchmark/processed_data_ehojune/HG002/PacBio/PacBio_CCS_15kb_20kb_chemistry2/03_VCF/phased_whatshap	phase1_pacbio_hifi/scripts/10_submit.sh	TRUE	DeepVariant v1.10.0 + Clair3 v1.2.0 + pbsv v2.11.0	me	/BiO/scratch/ehojune/GIAB_benchmark/processed_data_ehojune/HG002/PacBio/PacBio_CCS_15kb_20kb_chemistry2/03_VCF	phase1_pacbio_hifi/scripts/10_submit.sh	-	-	-			-	-	-			FALSE	N/A				reads(ccs 4.0.0) + align(pbmm2, +Duplomap segdup 재정렬) + phase(whatshap haplotag) + variant(문서 기재)	giab_doc:data/AshkenazimTrio/HG002_NA24385_son/PacBio_CCS_15kb_20kb_chemistry2/GRCh38/README.txt | giab_doc:.../GRCh37/README.txt | giab_doc:.../GRCh38/README.giab_uploadedbams_UCSD_duplomap | giab_doc:.../reads/HG002_PacBioCCS_15kb_20kb_README.md	phase1 raw→VCF 완료 (pbmm2 정렬 + DeepVariant/Clair3 + pbsv + WhatsHap 위상). 산출물 경로는 variant_local_path. 다음: truth set 대비 hap.py 정확도 평가.	이 prefix 안에는 VCF가 없음(실측 n_vcf=0) — GATK/DeepVariant 호출 자체는 GRCh37·GRCh38 README의 ANALYSIS 절에 GIAB 작업으로 기재되어 있으나 결과 VCF는 이 디렉토리에 없음. Duplomap BAM은 GIAB가 배포한 UCSD 기여 산출물(segdup 영역 재정렬). | index: .bai 동반. md5.in 목록 존재. 문서에 인덱싱 툴 언급 없음 | 장비/화학 상세: Sequel II System with 2.0 chemistry, 30 hrs/SMRT Cell, movie m64011·m64012·m64015; CCS는 SMRT Link v8.0 (ccs 4.0.0)
HG003	pacbio_hifi	HG003 HiFi CCS (Google)	data/AshkenazimTrio/HG003_NA24149_father/PacBio_CCS_Google_15kb	Sequel II (m64017) + Sequel (m54262U)	3 flowcell 합계 약 22-fold	8	44.9	TRUE	CCS FASTQ 3개(+md5)	-		0	-			TRUE	pbmm2 v26.2.0	GRCh38 (GCA_000001405.15 no_alt_analysis_set)	me	/BiO/scratch/ehojune/GIAB_benchmark/processed_data_ehojune/HG003/PacBio/PacBio_CCS_Google_15kb/02_alignedBAM	phase1_pacbio_hifi/scripts/10_submit.sh	TRUE	WhatsHap v2.8 (DeepVariant VCF phase+haplotag)	me	/BiO/scratch/ehojune/GIAB_benchmark/processed_data_ehojune/HG003/PacBio/PacBio_CCS_Google_15kb/03_VCF/phased_whatshap	phase1_pacbio_hifi/scripts/10_submit.sh	TRUE	DeepVariant v1.10.0 + Clair3 v1.2.0 + pbsv v2.11.0	me	/BiO/scratch/ehojune/GIAB_benchmark/processed_data_ehojune/HG003/PacBio/PacBio_CCS_Google_15kb/03_VCF	phase1_pacbio_hifi/scripts/10_submit.sh	-	-	-			-	-	-			FALSE	N/A				reads(CCS v4.0.0)만	giab_doc:data/AshkenazimTrio/HG003_NA24149_father/PacBio_CCS_Google_15kb/Readme.txt	phase1 raw→VCF 완료 (pbmm2 정렬 + DeepVariant/Clair3 + pbsv + WhatsHap 위상). 산출물 경로는 variant_local_path. 다음: truth set 대비 hap.py 정확도 평가.	reads 단계 툴은 CCS v4.0.0. subread는 미업로드 → CCS 재실행 불가. sra_info.txt 동봉. | index: 인덱스 없음(FASTQ). 문서에 인덱싱 언급 없음 | 장비/화학 상세: PacBio Sequel II, v2 sequencing chemistry, insert 15kb (movie m64017 2개 + m54262U 1개); Novogene 위탁, Google 자금
HG003	pacbio_hifi	HG003 HiFi CCS (HudsonAlpha)	data/AshkenazimTrio/HG003_NA24149_father/PacBio_CCS_HudsonAlpha_14kb_15kb_19kb	Sequel II (m64017)		36	190.7	TRUE	SMRT cell 6개 디렉토리, 셀당 FASTQ 2개(런ID명·movie명 동일 데이터) + ccs_report 2개 + .stats + CCS4.0.0.version	-		0	-			TRUE	pbmm2 v26.2.0	GRCh38 (GCA_000001405.15 no_alt_analysis_set)	me	/BiO/scratch/ehojune/GIAB_benchmark/processed_data_ehojune/HG003/PacBio/PacBio_CCS_HudsonAlpha_14kb_15kb_19kb/02_alignedBAM	phase1_pacbio_hifi/scripts/10_submit.sh	TRUE	WhatsHap v2.8 (DeepVariant VCF phase+haplotag)	me	/BiO/scratch/ehojune/GIAB_benchmark/processed_data_ehojune/HG003/PacBio/PacBio_CCS_HudsonAlpha_14kb_15kb_19kb/03_VCF/phased_whatshap	phase1_pacbio_hifi/scripts/10_submit.sh	TRUE	DeepVariant v1.10.0 + Clair3 v1.2.0 + pbsv v2.11.0	me	/BiO/scratch/ehojune/GIAB_benchmark/processed_data_ehojune/HG003/PacBio/PacBio_CCS_HudsonAlpha_14kb_15kb_19kb/03_VCF	phase1_pacbio_hifi/scripts/10_submit.sh	-	-	-			-	-	-			FALSE	N/A				reads(ccs v4.0.0)만	filename	phase1 raw→VCF 완료 (pbmm2 정렬 + DeepVariant/Clair3 + pbsv + WhatsHap 위상). 산출물 경로는 variant_local_path. 다음: truth set 대비 hap.py 정확도 평가.	"디렉토리 안에 README가 없어 툴 근거는 파일명 CCS4.0.0.version 뿐. 같은 6개 셀(PBmixSequel729_1_A01, 733_1_A01, 737_1_A01, 740_1_A01/2_B01/3_C01)이 PacBio_CCS_15kb_20kb_chemistry2/reads/에도 있고 그 README가 ""CCS ... in SMRT Link v8.0 (ccs 4.0.0)""로 기재하지만 형제 디렉토리라 인용은 보류(파일명 토큰과 값이 일치함). 셀별로 FASTQ가 2개씩(런ID명/movie명) 있어 사실상 중복 저장. | index: 인덱스 없음(FASTQ). 문서 없음 | 장비/화학 상세: Sequel II (movie m64017); 셀 이름 PBmixSequel729/733/737/740에 14kb·15kb·19kb V2PD 라이브러리 표기"
HG003	pacbio_hifi	HG003 HiFi Revio 20231031	data/AshkenazimTrio/HG003_NA24149_father/PacBio_HiFi-Revio_20231031	Revio (m84039)	46X (GRCh37·GRCh38-GIABv3·CHM13v2.0 모두)	10	275.9	TRUE	hifi_reads.bam(uBAM) 2개 — 염기수식(메틸) 콜 포함	PARTIAL	.bai	2	GIAB			TRUE	pbmm2 v26.2.0	GRCh38 (GCA_000001405.15 no_alt_analysis_set)	me	/BiO/scratch/ehojune/GIAB_benchmark/processed_data_ehojune/HG003/PacBio/PacBio_HiFi-Revio_20231031/02_alignedBAM	phase1_pacbio_hifi/scripts/10_submit.sh	TRUE	WhatsHap v2.8 (DeepVariant VCF phase+haplotag)	me	/BiO/scratch/ehojune/GIAB_benchmark/processed_data_ehojune/HG003/PacBio/PacBio_HiFi-Revio_20231031/03_VCF/phased_whatshap	phase1_pacbio_hifi/scripts/10_submit.sh	TRUE	DeepVariant v1.10.0 + Clair3 v1.2.0 + pbsv v2.11.0	me	/BiO/scratch/ehojune/GIAB_benchmark/processed_data_ehojune/HG003/PacBio/PacBio_HiFi-Revio_20231031/03_VCF	phase1_pacbio_hifi/scripts/10_submit.sh	TRUE	pb-CpG-tools (HiFi-human-WGS-WDL v1.1.0, 버전 미기재)	GIAB			-	-	-			FALSE	N/A				reads(uBAM, 메틸 태그) + align(pbmm2 v1.10.0, 3레퍼런스) + [analysis 디렉토리] variant/phase/meth	giab_doc:data/AshkenazimTrio/HG003_NA24149_father/PacBio_HiFi-Revio_20231031/README_HG003-PacBio-Revio.md | giab_doc:data/AshkenazimTrio/analysis/PacBio_HiFi-Revio_20231031/pacbio-wgs-wdl_germline_20231031/README_PacBio_Revio_analysis.md	phase1 raw→VCF 완료 (pbmm2 정렬 + DeepVariant/Clair3 + pbsv + WhatsHap 위상). 산출물 경로는 variant_local_path. 다음: truth set 대비 hap.py 정확도 평가.	정렬 QC는 Cramino v0.14.5. 변이/위상/메틸 산출물은 data/AshkenazimTrio/analysis/PacBio_HiFi-Revio_20231031/pacbio-wgs-wdl_germline_20231031/(HG002·HG003·HG004 공통)에 있음. 이 prefix의 BAM은 haplotag 안 된 정렬 BAM. | index: 정렬 BAM 3개는 .bai 동반. uBAM 2개는 인덱스(pbi) 없음 — 실측 unindexed 2 | 장비/화학 상세: PacBio Revio System, ICS/Primary SW 12.0.4.197734, Revio polymerase kit 102-817-600 + sequencing kit 102-587-400, SMRTbell prep kit 3.0, 24시간 movie, 2 SMRT cell, movie m84039
HG003	pacbio_hifi	HG003 HiFi chemistry2	data/AshkenazimTrio/HG003_NA24149_father/PacBio_CCS_15kb_20kb_chemistry2	Sequel II (m64017)		59	658.4	TRUE	reads/ HudsonAlpha CCS FASTQ 6개(+ccs_report+stats) + uBAMs/ hifi_reads.bam 6개(pbi 없음)	PARTIAL	.bai,.tbi	6	GIAB			TRUE	pbmm2 v26.2.0	GRCh38 (GCA_000001405.15 no_alt_analysis_set)	me	/BiO/scratch/ehojune/GIAB_benchmark/processed_data_ehojune/HG003/PacBio/PacBio_CCS_15kb_20kb_chemistry2/02_alignedBAM	phase1_pacbio_hifi/scripts/10_submit.sh	TRUE	WhatsHap v2.8 (DeepVariant VCF phase+haplotag)	me	/BiO/scratch/ehojune/GIAB_benchmark/processed_data_ehojune/HG003/PacBio/PacBio_CCS_15kb_20kb_chemistry2/03_VCF/phased_whatshap	phase1_pacbio_hifi/scripts/10_submit.sh	TRUE	DeepVariant v1.10.0 + Clair3 v1.2.0 + pbsv v2.11.0	me	/BiO/scratch/ehojune/GIAB_benchmark/processed_data_ehojune/HG003/PacBio/PacBio_CCS_15kb_20kb_chemistry2/03_VCF	phase1_pacbio_hifi/scripts/10_submit.sh	TRUE	ccs v6.2.0 → primrose v1.1.0	GIAB			-	-	-			FALSE	N/A				reads(ccs 4.0.0 FASTQ + uBAM) + align(pbmm2) + phase(whatshap) + variant(DeepVariant v0.9.0/GATK, 5mC 경로는 v1.3.0) + meth(primrose v1.1.0)	giab_doc:data/AshkenazimTrio/HG003_NA24149_father/PacBio_CCS_15kb_20kb_chemistry2/CHM13v2.0/GIAB_5mC_CpG/README.txt_02022023 | giab_doc:.../GRCh38/README_HG003_GRCh38.md | giab_doc:.../hs37d5/README_HG003_hs37d5.md | giab_doc:.../reads/README_PacBio-CCS_HudsonAlpha_HG003.md | filename	phase1 raw→VCF 완료 (pbmm2 정렬 + DeepVariant/Clair3 + pbsv + WhatsHap 위상). 산출물 경로는 variant_local_path. 다음: truth set 대비 hap.py 정확도 평가.	pacbio 버킷에서 5mC 파이프라인 전체(ccs→primrose→pbmm2→DeepVariant→whatshap)를 문서로 명시한 유일한 데이터셋. CHM13v2.0 문서지만 GRCh38/GIAB_5mC_CpG도 같은 절차이며 레퍼런스만 다름(문서에는 chm13 경로만 기재). 시퀀싱/CCS는 HudsonAlpha, 라이브러리는 TPK 1.0 계열. | index: BAM/VCF에 .bai/.tbi 동반. hs37d5/HG003.hs37d5.consensusalignments.bam.bai가 BAM 본체 없이 홀로 존재(고아 인덱스). uBAM 6개는 pbi 없음 | 장비/화학 상세: Sequel II System with 2.0 chemistry, 25kb Megaruptor shear, 30 hrs/SMRT Cell, movie m64017; CCS는 SMRT Link v8.0 (ccs 4.0.0). 5mC 재처리 경로는 ccs v6.2.0
HG004	pacbio_hifi	HG004 HiFi CCS (Google)	data/AshkenazimTrio/HG004_NA24143_mother/PacBio_CCS_Google_15kb	Sequel II (m64017)	3 flowcell 합계 약 22-fold	8	42.9	TRUE	CCS FASTQ 3개(+md5)	-		0	-			TRUE	pbmm2 v26.2.0	GRCh38 (GCA_000001405.15 no_alt_analysis_set)	me	/BiO/scratch/ehojune/GIAB_benchmark/processed_data_ehojune/HG004/PacBio/PacBio_CCS_Google_15kb/02_alignedBAM	phase1_pacbio_hifi/scripts/10_submit.sh	TRUE	WhatsHap v2.8 (DeepVariant VCF phase+haplotag)	me	/BiO/scratch/ehojune/GIAB_benchmark/processed_data_ehojune/HG004/PacBio/PacBio_CCS_Google_15kb/03_VCF/phased_whatshap	phase1_pacbio_hifi/scripts/10_submit.sh	TRUE	DeepVariant v1.10.0 + Clair3 v1.2.0 + pbsv v2.11.0	me	/BiO/scratch/ehojune/GIAB_benchmark/processed_data_ehojune/HG004/PacBio/PacBio_CCS_Google_15kb/03_VCF	phase1_pacbio_hifi/scripts/10_submit.sh	-	-	-			-	-	-			FALSE	N/A				reads(CCS v4.0.0)만	giab_doc:data/AshkenazimTrio/HG004_NA24143_mother/PacBio_CCS_Google_15kb/Readme.txt	phase1 raw→VCF 완료 (pbmm2 정렬 + DeepVariant/Clair3 + pbsv + WhatsHap 위상). 산출물 경로는 variant_local_path. 다음: truth set 대비 hap.py 정확도 평가.	HG003판과 동일 문구. subread 미업로드 → CCS 재현 불가. sra_info.txt 동봉. | index: 인덱스 없음(FASTQ) | 장비/화학 상세: PacBio Sequel II, v2 sequencing chemistry, insert 15kb (movie m64017 3개); Novogene 위탁, Google 자금
HG004	pacbio_hifi	HG004 HiFi CCS (HudsonAlpha)	data/AshkenazimTrio/HG004_NA24143_mother/PacBio_CCS_HudsonAlpha_15kb_21kb	Sequel II (m64017)		39	195.8	TRUE	SMRT cell 6개 디렉토리, 셀당 FASTQ 2개(런ID명·movie명) + ccs_report 2개 + .stats + CCS4.0.0.version	-		0	-			TRUE	pbmm2 v26.2.0	GRCh38 (GCA_000001405.15 no_alt_analysis_set)	me	/BiO/scratch/ehojune/GIAB_benchmark/processed_data_ehojune/HG004/PacBio/PacBio_CCS_HudsonAlpha_15kb_21kb/02_alignedBAM	phase1_pacbio_hifi/scripts/10_submit.sh	TRUE	WhatsHap v2.8 (DeepVariant VCF phase+haplotag)	me	/BiO/scratch/ehojune/GIAB_benchmark/processed_data_ehojune/HG004/PacBio/PacBio_CCS_HudsonAlpha_15kb_21kb/03_VCF/phased_whatshap	phase1_pacbio_hifi/scripts/10_submit.sh	TRUE	DeepVariant v1.10.0 + Clair3 v1.2.0 + pbsv v2.11.0	me	/BiO/scratch/ehojune/GIAB_benchmark/processed_data_ehojune/HG004/PacBio/PacBio_CCS_HudsonAlpha_15kb_21kb/03_VCF	phase1_pacbio_hifi/scripts/10_submit.sh	-	-	-			-	-	-			FALSE	N/A				reads(ccs 4.0.0)만	giab_doc:data/AshkenazimTrio/HG004_NA24143_mother/PacBio_CCS_HudsonAlpha_15kb_21kb/README_PacBio-CCS_HudsonAlpha_HG004.md | filename	phase1 raw→VCF 완료 (pbmm2 정렬 + DeepVariant/Clair3 + pbsv + WhatsHap 위상). 산출물 경로는 variant_local_path. 다음: truth set 대비 hap.py 정확도 평가.	HudsonAlpha Genome Sequencing Center에서 시퀀싱·consensus basecalling. 15kb/21kb 라이브러리별 sra_info 2개 동봉. 셀별 FASTQ 2개는 사실상 중복. | index: 인덱스 없음(FASTQ). 셀 디렉토리마다 CCS4.0.0.version 파일 | 장비/화학 상세: Sequel II System with 2.0 chemistry, 25kb Megaruptor shear, 30 hrs/SMRT Cell, movie m64017; CCS는 SMRT Link v8.0 (ccs 4.0.0)
HG004	pacbio_hifi	HG004 HiFi Revio 20231031	data/AshkenazimTrio/HG004_NA24143_mother/PacBio_HiFi-Revio_20231031	Revio (m84039)	36X (GRCh37·GRCh38-GIABv3·CHM13v2.0 모두)	10	208.0	TRUE	hifi_reads.bam(uBAM) 2개 — 염기수식(메틸) 콜 포함	PARTIAL	.bai	2	GIAB			TRUE	pbmm2 v26.2.0	GRCh38 (GCA_000001405.15 no_alt_analysis_set)	me	/BiO/scratch/ehojune/GIAB_benchmark/processed_data_ehojune/HG004/PacBio/PacBio_HiFi-Revio_20231031/02_alignedBAM	phase1_pacbio_hifi/scripts/10_submit.sh	TRUE	WhatsHap v2.8 (DeepVariant VCF phase+haplotag)	me	/BiO/scratch/ehojune/GIAB_benchmark/processed_data_ehojune/HG004/PacBio/PacBio_HiFi-Revio_20231031/03_VCF/phased_whatshap	phase1_pacbio_hifi/scripts/10_submit.sh	TRUE	DeepVariant v1.10.0 + Clair3 v1.2.0 + pbsv v2.11.0	me	/BiO/scratch/ehojune/GIAB_benchmark/processed_data_ehojune/HG004/PacBio/PacBio_HiFi-Revio_20231031/03_VCF	phase1_pacbio_hifi/scripts/10_submit.sh	TRUE	pb-CpG-tools (HiFi-human-WGS-WDL v1.1.0, 버전 미기재)	GIAB			-	-	-			FALSE	N/A				reads(uBAM, 메틸 태그) + align(pbmm2 v1.10.0, 3레퍼런스) + [analysis 디렉토리] variant/phase/meth	giab_doc:data/AshkenazimTrio/HG004_NA24143_mother/PacBio_HiFi-Revio_20231031/README_HG004-PacBio-Revio.md | giab_doc:data/AshkenazimTrio/analysis/PacBio_HiFi-Revio_20231031/pacbio-wgs-wdl_germline_20231031/README_PacBio_Revio_analysis.md	phase1 raw→VCF 완료 (pbmm2 정렬 + DeepVariant/Clair3 + pbsv + WhatsHap 위상). 산출물 경로는 variant_local_path. 다음: truth set 대비 hap.py 정확도 평가.	정렬 QC는 Cramino v0.14.5. 변이/위상/메틸 산출물은 analysis 디렉토리(HG002·HG003·HG004 공통 문서). | index: 정렬 BAM 3개는 .bai 동반. uBAM 2개는 인덱스(pbi) 없음 — 실측 unindexed 2 | 장비/화학 상세: PacBio Revio System, ICS/Primary SW 12.0.4.197734, Revio polymerase kit 102-817-600 + sequencing kit 102-587-400, SMRTbell prep kit 3.0, 24시간 movie, 2 SMRT cell, movie m84039
HG004	pacbio_hifi	HG004 HiFi chemistry2	data/AshkenazimTrio/HG004_NA24143_mother/PacBio_CCS_15kb_20kb_chemistry2	Sequel II (m64017)		36	576.7	TRUE	uBAMs/ hifi_reads.bam 6개(+md5, pbi 없음). FASTQ는 이 디렉토리에 없음	PARTIAL	.bai,.tbi	6	GIAB			TRUE	pbmm2 v26.2.0	GRCh38 (GCA_000001405.15 no_alt_analysis_set)	me	/BiO/scratch/ehojune/GIAB_benchmark/processed_data_ehojune/HG004/PacBio/PacBio_CCS_15kb_20kb_chemistry2/02_alignedBAM	phase1_pacbio_hifi/scripts/10_submit.sh	TRUE	WhatsHap v2.8 (DeepVariant VCF phase+haplotag)	me	/BiO/scratch/ehojune/GIAB_benchmark/processed_data_ehojune/HG004/PacBio/PacBio_CCS_15kb_20kb_chemistry2/03_VCF/phased_whatshap	phase1_pacbio_hifi/scripts/10_submit.sh	TRUE	DeepVariant v1.10.0 + Clair3 v1.2.0 + pbsv v2.11.0	me	/BiO/scratch/ehojune/GIAB_benchmark/processed_data_ehojune/HG004/PacBio/PacBio_CCS_15kb_20kb_chemistry2/03_VCF	phase1_pacbio_hifi/scripts/10_submit.sh	TRUE	N/A	GIAB			-	-	-			FALSE	N/A				reads(uBAM) + align(pbmm2) + phase(whatshap haplotag) + variant(DeepVariant v0.9.0/gatk) + meth(5mC CpG BAM)	giab_doc:data/AshkenazimTrio/HG004_NA24143_mother/PacBio_CCS_15kb_20kb_chemistry2/GRCh38/README_HG004_GRCh38.md | giab_doc:.../hs37d5/README_HG004_hs37d5.md | filename	phase1 raw→VCF 완료 (pbmm2 정렬 + DeepVariant/Clair3 + pbsv + WhatsHap 위상). 산출물 경로는 variant_local_path. 다음: truth set 대비 hap.py 정확도 평가.	HG004 README는 whatshap haplotag 명령만 싣고 정렬기·변이 호출기 버전은 적지 않음 — DeepVariant v0.9.0/gatk MAPQ10과 pbmm2는 파일명 토큰 근거. GRCh38·CHM13v2.0 GIAB_5mC_CpG/*.deepvariant.haplotagged.bam이 있어 meth는 TRUE지만 그 파이프라인 문서는 HG004 트리에 없음(HG003 트리에는 ccs v6.2.0 → primrose v1.1.0 → pbmm2 v1.4.0 → DeepVariant v1.3.0 → whatshap v1.1.0 기재; 형제 샘플이라 인용 보류). | index: BAM/VCF에 .bai/.tbi 동반. uBAM 6개는 pbi 없음 — 실측 unindexed 6 | 장비/화학 상세: Sequel II (movie m64017); 시퀀싱·consensus basecalling은 Google 자금으로 Novogene 위탁(README 기재)
HG005	pacbio_hifi	HG005 HiFi CCS (HudsonAlpha)	data/ChineseTrio/HG005_NA24631_son/HudsonAlpha_PacBio_CCS	Sequel II (m64109, m64017)		23	118.8	TRUE	CCS FASTQ 7개(SMRT cell별 디렉토리) + ccs_report.txt + .stats	-		0	-			TRUE	pbmm2 v26.2.0	GRCh38 (GCA_000001405.15 no_alt_analysis_set)	me	/BiO/scratch/ehojune/GIAB_benchmark/processed_data_ehojune/HG005/PacBio/HudsonAlpha_PacBio_CCS/02_alignedBAM	phase1_pacbio_hifi/scripts/10_submit.sh	TRUE	WhatsHap v2.8 (DeepVariant VCF phase+haplotag)	me	/BiO/scratch/ehojune/GIAB_benchmark/processed_data_ehojune/HG005/PacBio/HudsonAlpha_PacBio_CCS/03_VCF/phased_whatshap	phase1_pacbio_hifi/scripts/10_submit.sh	TRUE	DeepVariant v1.10.0 + Clair3 v1.2.0 + pbsv v2.11.0	me	/BiO/scratch/ehojune/GIAB_benchmark/processed_data_ehojune/HG005/PacBio/HudsonAlpha_PacBio_CCS/03_VCF	phase1_pacbio_hifi/scripts/10_submit.sh	-	-	-			-	-	-			FALSE	N/A				reads(ccs 4.0.0)만	giab_doc:data/ChineseTrio/HG005_NA24631_son/HudsonAlpha_PacBio_CCS/README_PacBio-CCS_HudsonAlpha_HG005.md	phase1 raw→VCF 완료 (pbmm2 정렬 + DeepVariant/Clair3 + pbsv + WhatsHap 위상). 산출물 경로는 variant_local_path. 다음: truth set 대비 hap.py 정확도 평가.	HudsonAlpha에서 시퀀싱·consensus basecalling. 동일 7개 movie의 uBAM(hifi_reads.bam)이 data/ChineseTrio/HG005_NA24631_son/PacBio_CCS_15kb_20kb_chemistry2/uBAMs/에 있음. | index: checksum.md5_fq만 있고 인덱스 없음 | 장비/화학 상세: Sequel II System with 2.0 chemistry, 25kb Megaruptor shear, 30 hrs/SMRT Cell, movie m64109·m64017; CCS는 SMRT Link v8.0 (ccs 4.0.0)
HG005	pacbio_hifi	HG005 HiFi SequelII 11kb	data/ChineseTrio/HG005_NA24631_son/PacBio_SequelII_CCS_11kb	Sequel II (파일명 'SequelII' 표기, movie ID 없음)	약 30-fold	9	123.0	TRUE	CCS FASTQ 6개 (11kb 4 + 9kb 2). GIAB FTP에는 없고 SRA/ENA PRJNA540706에서 확보 — 로컬 /BiO/scratch/ehojune/GIAB_benchmark/sra/PRJNA540706/HG005	TRUE	.bai	0	GIAB			TRUE	pbmm2 v26.2.0	GRCh38 (GCA_000001405.15 no_alt_analysis_set)	me	/BiO/scratch/ehojune/GIAB_benchmark/processed_data_ehojune/HG005/PacBio/PacBio_SequelII_CCS_11kb/02_alignedBAM	phase1_pacbio_hifi/scripts/10_submit.sh	TRUE	WhatsHap v2.8 (DeepVariant VCF phase+haplotag)	me	/BiO/scratch/ehojune/GIAB_benchmark/processed_data_ehojune/HG005/PacBio/PacBio_SequelII_CCS_11kb/03_VCF/phased_whatshap	phase1_pacbio_hifi/scripts/10_submit.sh	TRUE	DeepVariant v1.10.0 + Clair3 v1.2.0 + pbsv v2.11.0	me	/BiO/scratch/ehojune/GIAB_benchmark/processed_data_ehojune/HG005/PacBio/PacBio_SequelII_CCS_11kb/03_VCF	phase1_pacbio_hifi/scripts/10_submit.sh	-	-	-			-	-	-			FALSE	N/A				align(pbmm2) + phase(WhatsHap 0.17) + SV variant(pbsv v2.2.1, 별도 analysis 위치)	giab_doc:data/ChineseTrio/HG005_NA24631_son/PacBio_SequelII_CCS_11kb/README.txt | giab_doc:data/ChineseTrio/HG005_NA24631_son/PacBio_SequelII_CCS_11kb/HG005_GRCh38/README.txt | giab_doc:data/NA12878/analysis/PacBio_pbsv_05212019/README.txt	phase1 raw→VCF 완료 (pbmm2 정렬 + DeepVariant/Clair3 + pbsv + WhatsHap 위상). 산출물 경로는 variant_local_path. 다음: truth set 대비 hap.py 정확도 평가.	pbsv 문서는 data/NA12878/analysis/ 아래 있지만 본문에서 HG005의 BioProject PRJNA540706을 명시하며 이 데이터셋 리드를 다룸(HG001·HG002·HG005 공통 문서). 변환 명령에 NA24694(HG006) 파일명이 섞여 있는 오기 있음. | index: .bai 동반. 문서에 위상 VCF 변환용 `tabix -p vcf` 기재 | 장비/화학 상세: Sequel II Binding/Sequencing chemistry 1.0 (101-717-300, 101-644-500), SMRT Link 7.0 pre-release, Q20 CCS 필터, sageELF ~9kb/~11kb | 2026-08-21: ENA PRJNA540706에서 CCS FASTQ 6 cell(70.7 GiB) 다운로드, md5·평균리드길이 검증 통과. 목록은 phase1_pacbio_hifi/sra_manifest.tsv. ENA는 리드 이름을 @SRR*.N 으로 바꿔 배포하므로 원래 ZMW 이름은 없음(콜링에는 무관, pbmm2 --rg 로 movie ID 보존).
HG005	pacbio_hifi	HG005 HiFi chemistry2	data/ChineseTrio/HG005_NA24631_son/PacBio_CCS_15kb_20kb_chemistry2	Sequel II (m64109, m64017)		22	368.7	TRUE	uBAMs/ hifi_reads.bam 7개(+md5, pbi 없음)	PARTIAL	.bai	7	GIAB			TRUE	pbmm2 v26.2.0	GRCh38 (GCA_000001405.15 no_alt_analysis_set)	me	/BiO/scratch/ehojune/GIAB_benchmark/processed_data_ehojune/HG005/PacBio/PacBio_CCS_15kb_20kb_chemistry2/02_alignedBAM	phase1_pacbio_hifi/scripts/10_submit.sh	TRUE	WhatsHap v2.8 (DeepVariant VCF phase+haplotag)	me	/BiO/scratch/ehojune/GIAB_benchmark/processed_data_ehojune/HG005/PacBio/PacBio_CCS_15kb_20kb_chemistry2/03_VCF/phased_whatshap	phase1_pacbio_hifi/scripts/10_submit.sh	TRUE	DeepVariant v1.10.0 + Clair3 v1.2.0 + pbsv v2.11.0	me	/BiO/scratch/ehojune/GIAB_benchmark/processed_data_ehojune/HG005/PacBio/PacBio_CCS_15kb_20kb_chemistry2/03_VCF	phase1_pacbio_hifi/scripts/10_submit.sh	TRUE	N/A	GIAB			-	-	-			FALSE	N/A				reads(uBAM) + align + phase(haplotag) + variant(DeepVariant) + meth(5mC CpG BAM) — 툴/버전 대부분 미확인	filename	phase1 raw→VCF 완료 (pbmm2 정렬 + DeepVariant/Clair3 + pbsv + WhatsHap 위상). 산출물 경로는 variant_local_path. 다음: truth set 대비 hap.py 정확도 평가.	디렉토리 안·상위(ChineseTrio/analysis 포함)에 이 데이터셋을 설명하는 문서가 없음. 파일명에서 DeepVariant와 haplotagged, 5mC CpG만 확인되고 정렬기·위상기·메틸 콜러와 모든 버전은 미확인. HG003 트리의 GIAB_5mC_CpG README(ccs v6.2.0 → primrose v1.1.0 → pbmm2 v1.4.0 → DeepVariant v1.3.0 → whatshap v1.1.0)가 유일한 동일 구조 문서지만 형제 샘플이라 인용 보류 — 파이프라인 추정 시 참고만 할 것. | index: GIAB_5mC_CpG BAM 2개는 .bai 동반. uBAM 7개는 pbi 없음 — 실측 unindexed 7 | 장비/화학 상세: Sequel II (movie m64109·m64017; 문서 없음, 파일명 기준)
HG006	pacbio_hifi	HG006 HiFi (Google)	data/ChineseTrio/HG006_NA24694-huCA017E_father/PacBio_HiFi_Google	Sequel II (m64062, m64066, m64081)	50X (문서 기재)	5	55.6	TRUE	HiFi FASTQ 3개(+md5_fq)	-		0	-			TRUE	pbmm2 v26.2.0	GRCh38 (GCA_000001405.15 no_alt_analysis_set)	me	/BiO/scratch/ehojune/GIAB_benchmark/processed_data_ehojune/HG006/PacBio/PacBio_HiFi_Google/02_alignedBAM	phase1_pacbio_hifi/scripts/10_submit.sh	TRUE	WhatsHap v2.8 (DeepVariant VCF phase+haplotag)	me	/BiO/scratch/ehojune/GIAB_benchmark/processed_data_ehojune/HG006/PacBio/PacBio_HiFi_Google/03_VCF/phased_whatshap	phase1_pacbio_hifi/scripts/10_submit.sh	TRUE	DeepVariant v1.10.0 + Clair3 v1.2.0 + pbsv v2.11.0	me	/BiO/scratch/ehojune/GIAB_benchmark/processed_data_ehojune/HG006/PacBio/PacBio_HiFi_Google/03_VCF	phase1_pacbio_hifi/scripts/10_submit.sh	-	-	-			-	-	-			FALSE	N/A				reads(CCS v4.0.0)만	giab_doc:data/ChineseTrio/HG006_NA24694-huCA017E_father/PacBio_HiFi_Google/README_PacBio-CCS_Google_HG006.md	phase1 raw→VCF 완료 (pbmm2 정렬 + DeepVariant/Clair3 + pbsv + WhatsHap 위상). 산출물 경로는 variant_local_path. 다음: truth set 대비 hap.py 정확도 평가.	SRA PRJNA200694(SRR14856456-458), Google Cloud gs://brain-genomics-public/research/sequencing/fastq/pacbio_hifi 에도 공개. subread 없음. | index: 인덱스 없음(FASTQ). md5_fq만 존재 | 장비/화학 상세: Sequel II System with 2.0 chemistry, SMRT Cell 8M 3개, target insert 15kb, movie m64062·m64066·m64081; Novogene 위탁
HG006	pacbio_hifi	HG006 HiFi chemistry2	data/ChineseTrio/HG006_NA24694-huCA017E_father/PacBio_CCS_15kb_20kb_chemistry2	Sequel II (m64017, m64109)		64	386.0	TRUE	reads/ CCS FASTQ 6개 + 셀별 CCS4/ 리포트·RawFiles/ 메타데이터 XML, uBAMs/ hifi_reads.bam 6개(pbi 없음)	PARTIAL	.bai	6	GIAB			TRUE	pbmm2 v26.2.0	GRCh38 (GCA_000001405.15 no_alt_analysis_set)	me	/BiO/scratch/ehojune/GIAB_benchmark/processed_data_ehojune/HG006/PacBio/PacBio_CCS_15kb_20kb_chemistry2/02_alignedBAM	phase1_pacbio_hifi/scripts/10_submit.sh	TRUE	WhatsHap v2.8 (DeepVariant VCF phase+haplotag)	me	/BiO/scratch/ehojune/GIAB_benchmark/processed_data_ehojune/HG006/PacBio/PacBio_CCS_15kb_20kb_chemistry2/03_VCF/phased_whatshap	phase1_pacbio_hifi/scripts/10_submit.sh	TRUE	DeepVariant v1.10.0 + Clair3 v1.2.0 + pbsv v2.11.0	me	/BiO/scratch/ehojune/GIAB_benchmark/processed_data_ehojune/HG006/PacBio/PacBio_CCS_15kb_20kb_chemistry2/03_VCF	phase1_pacbio_hifi/scripts/10_submit.sh	TRUE	N/A	GIAB			-	-	-			FALSE	N/A				reads(ccs 4.0.0 FASTQ + uBAM) + align/phase/variant/meth(5mC CpG BAM, 툴 미확인)	giab_doc:data/ChineseTrio/HG006_NA24694-huCA017E_father/PacBio_CCS_15kb_20kb_chemistry2/reads/README_PacBio-CCS_HudsonAlpha_HG006.md | filename	phase1 raw→VCF 완료 (pbmm2 정렬 + DeepVariant/Clair3 + pbsv + WhatsHap 위상). 산출물 경로는 variant_local_path. 다음: truth set 대비 hap.py 정확도 평가.	reads/ README는 시퀀싱·CCS만 다루고 정렬 이후 단계는 언급하지 않음. GRCh38·CHM13v2.0 GIAB_5mC_CpG/*.deepvariant.haplotagged.bam의 정렬기·위상기·메틸 콜러와 버전은 문서로 확인 불가(HG003 트리의 동일 구조 README만 존재, 형제 샘플이라 인용 보류). | index: GIAB_5mC_CpG BAM은 .bai 동반. uBAM 6개는 pbi 없음 — 실측 unindexed 6 | 장비/화학 상세: Sequel II System with 2.0 chemistry, 25kb Megaruptor shear, movie m64017·m64109; CCS는 SMRT Link v8.0 (ccs 4.0.0) — reads/ README 기준
HG007	pacbio_hifi	HG007 HiFi (Google)	data/ChineseTrio/HG007_NA24695-hu38168_mother/PacBio_HiFi_Google	Sequel II (m64062)	50X (문서 기재)	5	44.5	TRUE	HiFi FASTQ 3개(+md5_fq)	-		0	-			TRUE	pbmm2 v26.2.0	GRCh38 (GCA_000001405.15 no_alt_analysis_set)	me	/BiO/scratch/ehojune/GIAB_benchmark/processed_data_ehojune/HG007/PacBio/PacBio_HiFi_Google/02_alignedBAM	phase1_pacbio_hifi/scripts/10_submit.sh	TRUE	WhatsHap v2.8 (DeepVariant VCF phase+haplotag)	me	/BiO/scratch/ehojune/GIAB_benchmark/processed_data_ehojune/HG007/PacBio/PacBio_HiFi_Google/03_VCF/phased_whatshap	phase1_pacbio_hifi/scripts/10_submit.sh	TRUE	DeepVariant v1.10.0 + Clair3 v1.2.0 + pbsv v2.11.0	me	/BiO/scratch/ehojune/GIAB_benchmark/processed_data_ehojune/HG007/PacBio/PacBio_HiFi_Google/03_VCF	phase1_pacbio_hifi/scripts/10_submit.sh	-	-	-			-	-	-			FALSE	N/A				reads(CCS v4.0.0)만	giab_doc:data/ChineseTrio/HG007_NA24695-hu38168_mother/PacBio_HiFi_Google/README_PacBio-CCS_Google_HG007.md	phase1 raw→VCF 완료 (pbmm2 정렬 + DeepVariant/Clair3 + pbsv + WhatsHap 위상). 산출물 경로는 variant_local_path. 다음: truth set 대비 hap.py 정확도 평가.	HG006판과 동일 양식(README 2535자). subread 없음 → CCS 재현 불가. | index: 인덱스 없음(FASTQ). md5_fq만 존재 | 장비/화학 상세: Sequel II System with 2.0 chemistry, SMRT Cell 8M 3개, target insert 15kb, movie m64062; Novogene 위탁
HG007	pacbio_hifi	HG007 HiFi chemistry2	data/ChineseTrio/HG007_NA24695-hu38168_mother/PacBio_CCS_15kb_20kb_chemistry2	Sequel II (m64017)		64	379.6	TRUE	reads/ CCS FASTQ 6개 + 셀별 CCS4/ 리포트·RawFiles/ 메타데이터 XML, uBAMs/ hifi_reads.bam 6개(pbi 없음)	PARTIAL	.bai	6	GIAB			TRUE	pbmm2 v26.2.0	GRCh38 (GCA_000001405.15 no_alt_analysis_set)	me	/BiO/scratch/ehojune/GIAB_benchmark/processed_data_ehojune/HG007/PacBio/PacBio_CCS_15kb_20kb_chemistry2/02_alignedBAM	phase1_pacbio_hifi/scripts/10_submit.sh	TRUE	WhatsHap v2.8 (DeepVariant VCF phase+haplotag)	me	/BiO/scratch/ehojune/GIAB_benchmark/processed_data_ehojune/HG007/PacBio/PacBio_CCS_15kb_20kb_chemistry2/03_VCF/phased_whatshap	phase1_pacbio_hifi/scripts/10_submit.sh	TRUE	DeepVariant v1.10.0 + Clair3 v1.2.0 + pbsv v2.11.0	me	/BiO/scratch/ehojune/GIAB_benchmark/processed_data_ehojune/HG007/PacBio/PacBio_CCS_15kb_20kb_chemistry2/03_VCF	phase1_pacbio_hifi/scripts/10_submit.sh	TRUE	N/A	GIAB			-	-	-			FALSE	N/A				reads(ccs 4.0.0 FASTQ + uBAM) + align/phase/variant/meth(5mC CpG BAM, 툴 미확인)	giab_doc:data/ChineseTrio/HG007_NA24695-hu38168_mother/PacBio_CCS_15kb_20kb_chemistry2/reads/README_PacBio-CCS_HudsonAlpha_HG007.md | filename	phase1 raw→VCF 완료 (pbmm2 정렬 + DeepVariant/Clair3 + pbsv + WhatsHap 위상). 산출물 경로는 variant_local_path. 다음: truth set 대비 hap.py 정확도 평가.	HG006판과 동일 구조(README 9441자). GIAB_5mC_CpG BAM의 정렬기·위상기·메틸 콜러 및 버전은 문서로 확인 불가. | index: GIAB_5mC_CpG BAM은 .bai 동반. uBAM 6개는 pbi 없음 — 실측 unindexed 6 | 장비/화학 상세: Sequel II System with 2.0 chemistry, 25kb Megaruptor shear, movie m64017; CCS는 SMRT Link v8.0 (ccs 4.0.0) — reads/ README 기준
HG008	pacbio_hifi	HG008 HiFi Revio (BCM) 20240313	data_somatic/HG008/Liss_lab/BCM_Revio_20240313	Revio (m84059, m84101)	HG008-T 72X (Cramino, 3 레퍼런스 공통; chr4 haploid 53X), HG008-N-D 68X (파일명 68x). T: 13,568,819 alignments / 224.5 Gb / N50 18,102 / median identity 99.78	22	756.9	TRUE	HG008-T_ubams/ hifi_reads.bam 2개(+pbi), HG008-N-D_ubams/ hifi_reads.bam 2개(+pbi) — 염기수식 정보 유지	TRUE	.bai,.pbi	0	GIAB			TRUE	pbmm2 v26.2.0	GRCh38 (GCA_000001405.15 no_alt_analysis_set)	me	/BiO/scratch/ehojune/GIAB_benchmark/processed_data_ehojune/*/PacBio/BCM_Revio_20240313/02_alignedBAM	phase1_pacbio_hifi/scripts/10_submit.sh	TRUE	WhatsHap v2.8 (DeepVariant VCF phase+haplotag)	me	/BiO/scratch/ehojune/GIAB_benchmark/processed_data_ehojune/*/PacBio/BCM_Revio_20240313/03_VCF/phased_whatshap	phase1_pacbio_hifi/scripts/10_submit.sh	TRUE	DeepVariant v1.10.0 + Clair3 v1.2.0 + pbsv v2.11.0	me	/BiO/scratch/ehojune/GIAB_benchmark/processed_data_ehojune/*/PacBio/BCM_Revio_20240313/03_VCF	phase1_pacbio_hifi/scripts/10_submit.sh	TRUE	pb-CpG-tools (버전 미기재) → DMR annotation (annotated with genes/introns/promoters)	GIAB			TRUE	Severus (+ svpack 주석; 버전 미기재) — PacBio Somatic Pipeline v0.7	GIAB			FALSE	N/A				reads(uBAM T/N) + align(pbmm2 v1.12.0, 3레퍼런스) + [analysis] phase(HiPhase)/germline(Clair3)/somatic(Severus)/meth(pb-CpG-tools, DMR)	giab_doc:data_somatic/HG008/Liss_lab/BCM_Revio_20240313/README_BCM_Revio.md | giab_doc:data_somatic/HG008/Liss_lab/analysis/BCM_Revio_20240313/pacbio-wgs-wdl_somatic_20240601/README_BCM_Revio_analysis.md	phase1 raw→VCF 완료 (pbmm2 정렬 + DeepVariant/Clair3 + pbsv + WhatsHap 위상). 산출물 경로는 variant_local_path. 다음: truth set 대비 hap.py 정확도 평가.	QC는 Cramino v0.14.5 + Mosdepth v0.3.6. 소마틱/위상/메틸 산출물은 이 prefix가 아니라 data_somatic/HG008/Liss_lab/analysis/BCM_Revio_20240313/pacbio-wgs-wdl_somatic_20240601/에 있음(3 레퍼런스). 분석 README에는 개별 툴 버전이 없고 파이프라인 버전(v0.7)만 기재. 문서 기준 T는 2셀이지만 실제로 T·N-D 각 2개 uBAM이 있음. | index: 정렬 BAM에 .bai, uBAM에 .pbi 동반 (실측 unindexed 0) | 장비/화학 상세: PacBio Revio System (ICS 13.0.0.212033), SMRT Link 13.0.0.207600, Revio polymerase kit 102-817-600, SMRTbell prep kit 3.0 (102-141-700) + adapter index plate 96A, 30시간 movie; T 2셀, N-D 1셀; movie m84101(T)·m84059(N-D)
HG008	pacbio_hifi	HG008 HiFi Revio 20240125	data_somatic/HG008/Liss_lab/PacBio_Revio_20240125	Revio (m84039)	HG008-T 116x (파일명; Cramino 평균 79x, chr4 diploid 116X/haploid 58X — T는 aneuploid), HG008-N-P 35x	17	637.3	TRUE	바코드 demux uBAM: HG008-T hifi_reads.bc2005.bam 2개, HG008-N-P hifi_reads.bc2006.bam 1개 (pbi 없음)	PARTIAL	.bai	3	GIAB			TRUE	pbmm2 v26.2.0	GRCh38 (GCA_000001405.15 no_alt_analysis_set)	me	/BiO/scratch/ehojune/GIAB_benchmark/processed_data_ehojune/*/PacBio/PacBio_Revio_20240125/02_alignedBAM	phase1_pacbio_hifi/scripts/10_submit.sh	TRUE	WhatsHap v2.8 (DeepVariant VCF phase+haplotag)	me	/BiO/scratch/ehojune/GIAB_benchmark/processed_data_ehojune/*/PacBio/PacBio_Revio_20240125/03_VCF/phased_whatshap	phase1_pacbio_hifi/scripts/10_submit.sh	TRUE	DeepVariant v1.10.0 + Clair3 v1.2.0 + pbsv v2.11.0	me	/BiO/scratch/ehojune/GIAB_benchmark/processed_data_ehojune/*/PacBio/PacBio_Revio_20240125/03_VCF	phase1_pacbio_hifi/scripts/10_submit.sh	TRUE	pb-CpG-tools (HiFi-human-WGS-WDL v1.1.0, 버전 미기재)	GIAB			FALSE	N/A				FALSE	N/A				reads(demux uBAM T/N-P) + align(pbmm2 v1.10.0, 3레퍼런스) + [analysis] germline variant/phase/meth	giab_doc:data_somatic/HG008/Liss_lab/PacBio_Revio_20240125/README_PacBio-Revio.md | giab_doc:data_somatic/HG008/Liss_lab/analysis/PacBio_Revio_20240125/pacbio-wgs-wdl_germline_20240206/README_PacBio_Revio_analysis.md	phase1 raw→VCF 완료 (pbmm2 정렬 + DeepVariant/Clair3 + pbsv + WhatsHap 위상). 산출물 경로는 variant_local_path. 다음: truth set 대비 hap.py 정확도 평가.	이 데이터셋은 germline WDL만 돌렸고 T/N 소마틱 호출은 없음(소마틱은 BCM_Revio_20240313 쪽). 변이/위상/메틸 산출물은 data_somatic/HG008/Liss_lab/analysis/PacBio_Revio_20240125/pacbio-wgs-wdl_germline_20240206/에 있음. QC는 Cramino v0.14.3(BCM 세트는 v0.14.5). | index: 정렬 BAM 6개는 .bai 동반. demux uBAM 3개는 인덱스 없음 — 실측 unindexed 3 | 장비/화학 상세: PacBio Revio System, movie m84039, 바코드 bc2005(T)·bc2006(N-P)
HG009	pacbio_hifi	HG009-N bulk HiFi Revio + somatic	data_somatic/HG009/NIST/HG009-N_bulk	Revio (m84059)	WT-p25 32X (autosome mean, N50 19,735), WT-p4 87X, LVTert-p23 32X	121	428.4	TRUE	런별 demux uBAM (m*.demux.bcXXXX--bcXXXX.bam + .pbi) — HiFi consensus reads, 염기수식/kinetics 태그 포함	TRUE	.bai,.pbi,.tbi	0	GIAB			TRUE	pbmm2 v26.2.0	GRCh38 (GCA_000001405.15 no_alt_analysis_set)	me	/BiO/scratch/ehojune/GIAB_benchmark/processed_data_ehojune/*/PacBio/HG009-N_bulk/02_alignedBAM	phase1_pacbio_hifi/scripts/10_submit.sh	TRUE	WhatsHap v2.8 (DeepVariant VCF phase+haplotag)	me	/BiO/scratch/ehojune/GIAB_benchmark/processed_data_ehojune/*/PacBio/HG009-N_bulk/03_VCF/phased_whatshap	phase1_pacbio_hifi/scripts/10_submit.sh	TRUE	DeepVariant v1.10.0 + Clair3 v1.2.0 + pbsv v2.11.0	me	/BiO/scratch/ehojune/GIAB_benchmark/processed_data_ehojune/*/PacBio/HG009-N_bulk/03_VCF	phase1_pacbio_hifi/scripts/10_submit.sh	TRUE	pb-CpG-tools v2.3.1 → DSS v2.48.0 (DMR) → annotatr v1.26.0 + IntOGen (DMR 주석)	GIAB			TRUE	DeepSomatic v1.9.0 → Ensembl VEP v112 → IntOGen (Sep 30 2024 compendium) | Severus v1.6.0 (+ Circos) | CNVkit v0.9.10 → PURPLE v4.0 (AMBER v4.0, COBALT v1.16.0) → Wakhan v0.4.2 | CHORD v2.0.0 (HRD), owl v0.4.0 (MSI), tmb-calculator v0.1.1 (TMB), MutationalPatterns v3.10.0 (서명)	GIAB			FALSE	N/A				reads(demux uBAM) + align(pbmm2 v1.17.0) + phase(HiPhase v1.5.0) + germline(Clair3) + meth(pb-CpG-tools v2.3.1/DSS/annotatr) + somatic 전체(DeepSomatic·Severus·CNVkit·PURPLE·Wakhan·CHORD·owl·TMB·서명) + derived(VEP·IntOGen)	giab_doc:data_somatic/HG009/NIST/HG009-N_bulk/20250728p25/BCM_Revio_HG009N-WT-p25_20260313/README_BCM_Revio_HG009N-WT-p25_20260313.md | giab_doc:data_somatic/HG009/NIST/HG009-N_bulk/20250728p25/analysis/GRCh38/BCM_Revio_HG009N-WT-p25_20260313/HG009-N-WT-p25_vs_HG009-N-WT-p4/README_HG009-N-WT-p25_vs_HG009-N-WT-p4.md | giab_doc:.../20250728p4/... | giab_doc:.../20250805p23/...	phase1 raw→VCF 완료 (pbmm2 정렬 + DeepVariant/Clair3 + pbsv + WhatsHap 위상). 산출물 경로는 variant_local_path. 다음: truth set 대비 hap.py 정확도 평가.	"pacbio 버킷에서 툴·버전이 가장 완비된 데이터셋. 런 3개: 20250728p25(WT-p25), 20250728p4(WT-p4), 20250805p23(LVTert-p23). WT-p4는 다른 모든 비교의 matched normal이라 자체 analysis/ 디렉토리가 없음(WT-p25·LVTert-p23만 vs_HG009-N-WT-p4 분석 보유). 정상 샘플을 tumor slot에 넣어 passage 간 비교를 수행한 설계. QC는 MultiQC(custom GIAB metrics + mosdepth). 레퍼런스는 GRCh38-GIABv3 단일. 파이프라인 수정 3건 기재: AnnotSV 건너뜀, CHORD·annotate_DMR을 표준 염색체만 파싱하도록 수정, HG008과 달리 HG009는 Clair3 기본 VCF로 위상. | index: README File Types 표에 명시: 정렬 BAM은 ""indexed with samtools"", demux uBAM의 "".pbi from pbindex"" | 장비/화학 상세: PacBio Revio (movie m84059); Revio SPRQ Reagent kit 24pk PN 103-520-200 + SMRTBell Prep Kit 3.0 PN 102-141-700, gDNA 10 ug, 라이브러리 1개/샘플"
HG009	pacbio_hifi	HG009-T bulk HiFi Revio + somatic	data_somatic/HG009/NIST/HG009-T_bulk	Revio (m84059, m84113)	T-p16 140X, T-p42 57X	112	334.6	TRUE	런별 demux uBAM (m*.demux.bcXXXX--bcXXXX.bam + .pbi) — HiFi consensus reads, 염기수식/kinetics 태그 포함	TRUE	.bai,.pbi,.tbi	0	GIAB			TRUE	pbmm2 v26.2.0	GRCh38 (GCA_000001405.15 no_alt_analysis_set)	me	/BiO/scratch/ehojune/GIAB_benchmark/processed_data_ehojune/*/PacBio/HG009-T_bulk/02_alignedBAM	phase1_pacbio_hifi/scripts/10_submit.sh	TRUE	WhatsHap v2.8 (DeepVariant VCF phase+haplotag)	me	/BiO/scratch/ehojune/GIAB_benchmark/processed_data_ehojune/*/PacBio/HG009-T_bulk/03_VCF/phased_whatshap	phase1_pacbio_hifi/scripts/10_submit.sh	TRUE	DeepVariant v1.10.0 + Clair3 v1.2.0 + pbsv v2.11.0	me	/BiO/scratch/ehojune/GIAB_benchmark/processed_data_ehojune/*/PacBio/HG009-T_bulk/03_VCF	phase1_pacbio_hifi/scripts/10_submit.sh	TRUE	pb-CpG-tools v2.3.1 → DSS v2.48.0 (DMR) → annotatr v1.26.0 + IntOGen (DMR 주석)	GIAB			TRUE	DeepSomatic v1.9.0 → Ensembl VEP v112 → IntOGen (Sep 30 2024 compendium) | Severus v1.6.0 (+ Circos) | CNVkit v0.9.10 → PURPLE v4.0 (AMBER v4.0, COBALT v1.16.0) → Wakhan v0.4.2 | CHORD v2.0.0 (HRD), owl v0.4.0 (MSI), tmb-calculator v0.1.1 (TMB), MutationalPatterns v3.10.0 (서명)	GIAB			FALSE	N/A				reads(demux uBAM) + align(pbmm2 v1.17.0) + phase(HiPhase v1.5.0) + germline(Clair3) + meth(pb-CpG-tools v2.3.1/DSS/annotatr) + somatic 전체 + derived(VEP·IntOGen)	giab_doc:data_somatic/HG009/NIST/HG009-T_bulk/20250715p16/BCM_Revio_HG009T-p16_20260313/README_BCM_Revio_HG009T-p16_20260313.md | giab_doc:data_somatic/HG009/NIST/HG009-T_bulk/20250715p16/analysis/GRCh38/BCM_Revio_HG009T-p16_20260313/HG009-T_vs_HG009-N-WT-p4/README_HG009-T_vs_HG009-N-WT-p4.md | giab_doc:.../20250715p42/...	phase1 raw→VCF 완료 (pbmm2 정렬 + DeepVariant/Clair3 + pbsv + WhatsHap 위상). 산출물 경로는 variant_local_path. 다음: truth set 대비 hap.py 정확도 평가.	"런 2개: 20250715p16(T-p16, 140X), 20250715p42(T-p42, 57X). 두 런 모두 analysis/GRCh38/<런>/HG009-T_vs_HG009-N-WT-p4/ 46파일 보유 — matched normal은 HG009-N_bulk의 WT-p4. 레퍼런스는 GRCh38-GIABv3 단일. 파이프라인 수정(AnnotSV 생략, CHORD/annotate_DMR 표준 염색체만 파싱)은 N_bulk와 동일. | index: README File Types 표에 명시: 정렬 BAM은 ""indexed with samtools"", demux uBAM의 "".pbi from pbindex"" | 장비/화학 상세: PacBio Revio (movie m84059·m84113); Revio SPRQ Reagent kit 24pk PN 103-520-200 + SMRTBell Prep Kit 3.0 PN 102-141-700"
HG009	pacbio_hifi	HG009-T 단일세포 클론 6종 HiFi Revio + somatic	data_somatic/HG009/NIST/HG009-T_clones	Revio (m84059, m84113)	1C3 61X, 1D5 79X, 3C4 71X, 3C9 70X, 3F2 81X, 4G9 69X	330	778.6	TRUE	클론 6종(1C3, 1D5, 3C4, 3C9, 3F2, 4G9) 각각 demux uBAM 1개(m*.demux.bcXXXX--bcXXXX.bam + .pbi)	TRUE	.bai,.pbi,.tbi	0	GIAB			TRUE	pbmm2 v26.2.0	GRCh38 (GCA_000001405.15 no_alt_analysis_set)	me	/BiO/scratch/ehojune/GIAB_benchmark/processed_data_ehojune/*/PacBio/HG009-T_clones/02_alignedBAM	phase1_pacbio_hifi/scripts/10_submit.sh	TRUE	WhatsHap v2.8 (DeepVariant VCF phase+haplotag)	me	/BiO/scratch/ehojune/GIAB_benchmark/processed_data_ehojune/*/PacBio/HG009-T_clones/03_VCF/phased_whatshap	phase1_pacbio_hifi/scripts/10_submit.sh	TRUE	DeepVariant v1.10.0 + Clair3 v1.2.0 + pbsv v2.11.0	me	/BiO/scratch/ehojune/GIAB_benchmark/processed_data_ehojune/*/PacBio/HG009-T_clones/03_VCF	phase1_pacbio_hifi/scripts/10_submit.sh	TRUE	pb-CpG-tools v2.3.1 → DSS v2.48.0 (DMR) → annotatr v1.26.0 + IntOGen (DMR 주석)	GIAB			TRUE	DeepSomatic v1.9.0 → Ensembl VEP v112 → IntOGen (Sep 30 2024 compendium) | Severus v1.6.0 (+ Circos) | CNVkit v0.9.10 → PURPLE v4.0 (AMBER v4.0, COBALT v1.16.0) → Wakhan v0.4.2 | CHORD v2.0.0 (HRD), owl v0.4.0 (MSI), tmb-calculator v0.1.1 (TMB), MutationalPatterns v3.10.0 (서명)	GIAB			FALSE	N/A				reads(demux uBAM ×6 클론) + align(pbmm2 v1.17.0) + phase(HiPhase v1.5.0) + germline(Clair3) + meth(pb-CpG-tools v2.3.1/DSS/annotatr) + somatic 전체 + derived(VEP·IntOGen)	giab_doc:data_somatic/HG009/NIST/HG009-T_clones/20250918p14/1C3/p15plus7/BCM_Revio_HG009T-1C3_20260313/README_BCM_Revio_HG009T-1C3_20260313.md | giab_doc:data_somatic/HG009/NIST/HG009-T_clones/20250918p14/1C3/p15plus7/analysis/GRCh38/BCM_Revio_HG009T-1C3_20260313/HG009-T-1C3_vs_HG009-N-WT-p4/README_HG009-T-1C3_vs_HG009-N-WT-p4.md (클론 6종 모두 동일 구조·동일 버전 표기 확인)	phase1 raw→VCF 완료 (pbmm2 정렬 + DeepVariant/Clair3 + pbsv + WhatsHap 위상). 산출물 경로는 variant_local_path. 다음: truth set 대비 hap.py 정확도 평가.	"클론 6종 × 55파일 동일 구조(경로는 1C3/1D5/3C9/3F2/4G9는 p15plus7, 3C4만 p15plus8). 6종 모두 analysis/GRCh38/<런>/HG009-T-<클론>_vs_HG009-N-WT-p4/ 보유, matched normal은 HG009-N_bulk WT-p4. 툴 버전 문자열(pbmm2 v1.17.0, HiPhase v1.5.0, DeepSomatic v1.9.0 등)이 20개 HG009 문서 전체에서 일치. 레퍼런스는 GRCh38-GIABv3 단일. | index: README File Types 표에 명시: 정렬 BAM은 ""indexed with samtools"", demux uBAM의 "".pbi from pbindex"" | 장비/화학 상세: PacBio Revio (movie m84059·m84113); Revio SPRQ Reagent kit 24pk PN 103-520-200 + SMRTBell Prep Kit 3.0 PN 102-141-700"
HG001	release_truthsets	HG001 GIAB Pedigree v0.2	release/NA12878_HG001/GIABPedigreev0.2	미표기(다중 콜셋 통합)		4	0.4	FALSE	N/A	FALSE		1				-	-	GRCh37	-			-	-	-			TRUE	NIST-GIAB v2.19 중재 콜셋 + RTG 위상 pedigree 콜셋 + Illumina Platinum Genomes 통합 → vcflib vcfallelicprimitives (primitives VCF) — 버전 미기재	GIAB			-	-	-			-	-	-			-	-	-			TRUE	giab_doc:release/NA12878_HG001/GIABPedigreev0.2/README.GIAB.v0.2.txt	베타 버전 truth set. GRCh37 소형변이 벤치마크 비교용으로만 사용하고, 실제 벤치마킹은 v4.2.1을 쓰는 편이 낫다	"문서 안에 모순 있음: ""The integrated calls use phasing information from RTG""라고 하면서 뒤에서는 ""our calls are currently unphased""라고 적음. 배포된 VCF 자체는 위상 없음으로 판단해 phased='-'. 정렬 툴은 이 문서에 전혀 없음(형제 NISTv2.x 문서를 끌어오면 Rule 2 위반). | index: 문서에 인덱싱 언급 없음. VCF 1건이 미인덱스(unindexed=1) | 장비/화학 상세: 미표기 (NIST v2.19 다중 플랫폼 중재 콜셋 + RTG pedigree + Illumina Platinum Genomes 통합)"
HG001	release_truthsets	HG001 NIST v2.15	release/NA12878_HG001/NISTv2.15	미표기(12 datasets 통합)		4	0.3	FALSE	N/A	FALSE		1				-	-	빈 값 또는 N/A. (v2.17 이후 README에는 GRCh37 언급이 있으나 v2.15 문서에는 없다)	-			-	-	-			TRUE	GATK UnifiedGenotyper + GATK HaplotypeCaller (전 데이터셋) + cortex (1개 데이터셋) 통합 — 버전 미기재	GIAB			-	-	-			-	-	-			-	-	-			TRUE	giab_doc:release/NA12878_HG001/NISTv2.15/README.NIST.v2.15.txt	구버전 truth set. 방법 변천 이력 참고용이며 실제 벤치마킹에는 사용하지 말 것	파일명의 VQSRv2.15는 콜셋 버전 라벨이고 VQSR은 그 토큰의 앞부분일 뿐이라 토큰 경계 매칭이 아니다. 다만 README가 GATK 계열 필터링 맥락을 설명하므로 VQSR을 별도 툴로 세지 않았다. 정렬 툴은 문서에 없음. | index: 문서에 인덱싱 언급 없음. VCF 1건 미인덱스 | 장비/화학 상세: Complete Genomics 1, SOLiD WGS 1, 454 WGS 1, Ion Exome 1, Illumina exome 2, Illumina WGS 6 (총 12 데이터셋)
HG001	release_truthsets	HG001 NIST v2.17	release/NA12878_HG001/NISTv2.17	미표기(13 datasets 통합)		4	0.3	FALSE	N/A	FALSE		1				-	-	GRCh37	-			-	-	-			TRUE	GATK UnifiedGenotyper v2.6 + GATK HaplotypeCaller v2.6 (전 데이터셋) + cortex (1개) → vcflib vcfallelicprimitives	GIAB			-	-	-			-	-	-			-	-	-			TRUE	giab_doc:release/NA12878_HG001/NISTv2.17/README.NIST.v2.17.txt	구버전 truth set. 이력 참고용	UGHapMerge는 파일명 토큰(UnifiedGenotyper/HaplotypeCaller 병합 단계 표기)이며 별도 배포 툴이 아니다. 정렬 툴은 문서에 없음. | index: 문서에 인덱싱 언급 없음. VCF 1건 미인덱스 | 장비/화학 상세: Complete Genomics 1, SOLiD WGS 1, 454 WGS 1, Ion Exome 1, Illumina exome 2, Illumina WGS 8 (총 13 데이터셋)
HG001	release_truthsets	HG001 NIST v2.18	release/NA12878_HG001/NISTv2.18	미표기(14 datasets 통합)		4	0.3	FALSE	N/A	FALSE		1				-	-	GRCh37	-			-	-	-			TRUE	GATK UnifiedGenotyper v2.6 + GATK HaplotypeCaller v2.6 (전 데이터셋) + cortex (1개) → vcflib vcfallelicprimitives	GIAB			-	-	-			-	-	-			-	-	-			TRUE	giab_doc:release/NA12878_HG001/NISTv2.18/README.NIST.v2.18.txt	구버전 truth set. 이력 참고용	Zook et al. Nat Biotech 2014 논문 버전. VQSRv2.18은 콜셋 버전 라벨. | index: 문서에 인덱싱 언급 없음. VCF 1건 미인덱스 | 장비/화학 상세: Complete Genomics 1, SOLiD WGS 1, 454 WGS 1, Ion WGS 1, Ion Exome 1, Illumina exome 2, Illumina WGS 9 (총 14 데이터셋)
HG001	release_truthsets	HG001 NIST v2.19	release/NA12878_HG001/NISTv2.19	미표기(14 datasets 통합)		4	0.3	FALSE	N/A	FALSE		1				-	-	GRCh37	-			-	-	-			TRUE	GATK UnifiedGenotyper v2.6 + GATK HaplotypeCaller v2.6 (전 데이터셋) + cortex (1개); 복합변이 표현은 GATK HaplotypeCaller v2.7 기준	GIAB			-	-	-			-	-	-			-	-	-			TRUE	giab_doc:release/NA12878_HG001/NISTv2.19/README.NIST.v2.19.txt	구버전 truth set. GIABPedigreev0.2의 입력이므로 계보 확인용으로만 사용	배포 VCF는 VQSRv2.19 표기다. 오인 소지는 반대 방향 — README 본문이 구버전 v2.18 파일명을 그대로 인용하고 있다는 점으로 고칠 것 | index: 문서에 인덱싱 언급 없음. VCF 1건 미인덱스 | 장비/화학 상세: Complete Genomics 1, SOLiD WGS 1, 454 WGS 1, Ion WGS 1, Ion Exome 1, Illumina exome 2, Illumina WGS 9 (총 14 데이터셋)
HG001	release_truthsets	HG001 NIST v3.2	release/NA12878_HG001/NISTv3.2	Complete Genomics + Illumina + Ion + SOLiD 통합	Illumina 300x, CG 100x, Ion exome 1000x	12	0.3	FALSE	N/A	PARTIAL	.tbi	1	GIAB			"""-"" (이 prefix에는 리드도 BAM도 없다). 정렬 툴 정보는 align_tool 문자열에 남겨두면 충분하다"	novoalign (Illumina) → tmap (Ion exome) → Lifescope (SOLiD); Complete Genomics 표준 파이프라인 — 버전 미기재	GRCh37	GIAB			-	freebayes 국소 위상 정보 포함(PS 필드 없음) — 버전 미기재	-			TRUE	GATK HaplotypeCaller + freebayes (Illumina) → TVC (Ion) → GATK HaplotypeCaller (SOLiD) → CG vcfBeta; callable 영역은 GATK CallableLoci; SV 제외영역은 PacBio 콜러 + MetaSV — 버전 미기재	GIAB			-	-	-			-	-	-			-	-	-			TRUE	giab_doc:release/NA12878_HG001/NISTv3.2/README_NISTv3.2.txt	구버전 truth set. v3.3.2 이후 판이 있으니 이력 확인용	BAM은 이 prefix에 없다(정렬은 GIAB가 data/ 하위 원본 리드에 수행). 파일명 토큰 IllFB/IllGATKHC가 freebayes/GATK-HC에 대응. 통합 방법 상세는 문서가 가리키는 Google Doc에 있고 번들에는 없다. | index: 문서에 인덱싱 언급 없음. VCF 1건 미인덱스 | 장비/화학 상세: 300x Illumina PE WGS + 100x Complete Genomics WGS + 1000x Ion exome + SOLiD WGS (NIST RM 8398 DNA 배치)
HG001	release_truthsets	HG001 NIST v3.2.1	release/NA12878_HG001/NISTv3.2.1	Complete Genomics + Illumina + Ion + SOLiD 통합	Illumina 300x, CG 100x, Ion exome 1000x	13	0.3	FALSE	N/A	PARTIAL	.tbi	1	GIAB			TRUE	novoalign (Illumina) → tmap (Ion exome) → Lifescope (SOLiD); Complete Genomics 표준 파이프라인 — 버전 미기재	GRCh37	GIAB			-	-	-			TRUE	GATK HaplotypeCaller + freebayes (Illumina) → TVC (Ion) → GATK HaplotypeCaller (SOLiD) → CG vcfBeta; decoy 상동영역 제외에 Heng Li의 mm-2-merged.bed 사용 — 버전 미기재	GIAB			-	-	-			-	-	-			-	-	-			TRUE	giab_doc:release/NA12878_HG001/NISTv3.2.1/README_NISTv3.2.1.txt	구버전 truth set. 이력 참고용	v3.2와 콜링 파이프라인 동일. BED만 갱신됨. BAM은 이 prefix에 없음. | index: 문서에 인덱싱 언급 없음. VCF 1건 미인덱스 | 장비/화학 상세: 300x Illumina PE WGS + 100x Complete Genomics WGS + 1000x Ion exome + SOLiD WGS
HG001	release_truthsets	HG001 NIST v3.2.2	release/NA12878_HG001/NISTv3.2.2	Illumina + Complete Genomics + Ion + SOLiD 통합	Illumina 300x, CG 100x, Ion exome 1000x	13	0.3	FALSE	N/A	TRUE	.tbi	0	GIAB			TRUE	novoalign (Illumina) → tmap (Ion exome) → Lifescope (SOLiD); Complete Genomics 표준 파이프라인 — 버전 미기재	GRCh37	GIAB			-	-	-			TRUE	GATK HaplotypeCaller + freebayes (Illumina) → TVC (Ion) → GATK HaplotypeCaller (SOLiD) → CG vcfBeta — 버전 미기재	GIAB			-	-	-			-	-	-			-	-	-			TRUE	giab_doc:release/NA12878_HG001/NISTv3.2.2/README_NISTv3.2.2.txt	구버전 truth set. 이력 참고용	chr7/chr9 버그 수정판. 파이프라인은 v3.2와 동일. BAM은 이 prefix에 없음. | index: 문서에 인덱싱 언급 없음. 모든 VCF 인덱스 있음 | 장비/화학 상세: 300x Illumina PE WGS + 100x Complete Genomics WGS + 1000x Ion exome + SOLiD WGS
HG001	release_truthsets	HG001 NIST v3.3	release/NA12878_HG001/NISTv3.3	CG + Illumina + Ion + SOLiD + 10X 통합		18	0.4	FALSE	N/A	TRUE	.tbi	0	GIAB			TRUE	novoalign (Illumina) → tmap (Ion) → Lifescope (SOLiD); Complete Genomics 표준 파이프라인; 10X Genomics 파이프라인 — 버전 미기재	GRCh37	GIAB			-	GATK HaplotypeCaller 국소 위상(PID/GT) 출력만 포함 — 버전 미기재	-			TRUE	GATK HaplotypeCaller + freebayes (Illumina) → 10X 하플로타입별 GATK HaplotypeCaller(GATKHCbyhaplo) → TVC (Ion) → GATK HaplotypeCaller (SOLiD) → CG vcfBeta; callable 영역은 gvcf GQ 기반; SV 제외는 PacBio + MetaSV + svclassify — 버전 미기재	GIAB			-	-	-			-	-	-			-	-	-			TRUE	giab_doc:release/NA12878_HG001/NISTv3.3/README_NISTv3.3.txt + filename	구버전 truth set. 반복영역 BED(AllRepeats/SimpleRepeat/self_chain)는 계층 분석 참고자료로 재사용 가능	MetaSV와 svclassify는 supplementaryFiles/PacBio_MetaSV_svclassify_mergedSVs.bed 파일명 토큰에서 확인. 국소 위상만 있고 pedigree 위상은 v3.3.1부터. | index: highconf/all VCF에 .tbi 존재 | 장비/화학 상세: Complete Genomics + Illumina (novoalign) + Ion + SOLiD + 10X Genomics
HG001	release_truthsets	HG001 NIST v3.3.1	release/NA12878_HG001/NISTv3.3.1	CG + Illumina + Ion + 10X + SOLiD 통합		27	0.8	FALSE	N/A	TRUE	.tbi	0	GIAB			TRUE	novoalign (Illumina, GRCh37 및 GRCh38 no_alt+decoy) → tmap (Ion) → Lifescope (SOLiD); GRCh38 변환은 GenomeWarp — 버전 미기재	GRCh37, GRCh38 (no_alt_plus_hs38d1)	GIAB			TRUE	RTG vcfeval 위상 전이 (RTG SegregationPhasing v37.3.3 + Illumina Platinum Genomes 2016-1.0)	GIAB			TRUE	GATK HaplotypeCaller + freebayes (Illumina) → 10X GATKHCbyhaplo → TVC (Ion) → GATK HaplotypeCaller (SOLiD) → CG vcfBeta; GATK-HC gvcf 파싱 규칙 변경 — 버전 미기재	GIAB			-	-	-			-	-	-			-	-	-			TRUE	giab_doc:release/NA12878_HG001/NISTv3.3.1/GRCh37/README_NISTv3.3.1.txt	구버전 truth set. HG001 위상 벤치마크가 필요하면 v3.3.2 PGandRTGphasetransfer 또는 v4.2.1 phasetransfer 쪽을 우선 사용	위상률 GRCh37 98.6%, GRCh38 98.0%로 문서에 명시. 위상 작업은 RTG(Sean Irvine, Len Trigg) 협업이지만 GIAB 릴리스물이라 by=GIAB. | index: phased VCF에 .tbi 존재. 문서에 인덱싱 툴 언급은 없음 | 장비/화학 상세: Complete Genomics + Illumina (novoalign) + Ion + SOLiD + 10X Genomics; GRCh38은 CG/Ion/SOLiD를 GenomeWarp로 변환
HG001	release_truthsets	HG001 NIST v3.3.2	release/NA12878_HG001/NISTv3.3.2	Illumina(novoalign 정렬), Complete Genomics, Ion, 10X, SOLiD	Illumina 300X	80	4.6	FALSE	N/A	PARTIAL	.tbi	1	GIAB			TRUE	novoalign (Illumina 150bp 300X) → tmap (Ion) → Lifescope (SOLiD); CG 표준 파이프라인; GRCh38 변환은 GenomeWarp — 버전 미기재	GRCh37, GRCh38	GIAB			TRUE	RTG vcfeval 위상 전이 (Platinum Genomes + RTG pedigree; 파일명 PGandRTGphasetransfer) — 버전 미기재	GIAB			TRUE	GATK HaplotypeCaller(GATKHC) + freebayes(FB) (Illumina) → 10X GATKHCbyhaplo → TSVC (Ion) → GATK HaplotypeCaller (SOLiD) → CG vcfBeta — 버전 미기재	GIAB			-	-	-			-	-	-			-	-	-			TRUE	giab_doc:release/NA12878_HG001/NISTv3.3.2/README_NISTv3.3.2.txt + filename	구버전 truth set. Ion/SOLiD/CG 등 레거시 플랫폼 입력 VCF가 필요할 때만 참조	release/ 안에서는 이 prefix에만 나온다로 한정할 것 | index: 입력 VCF와 phasetransfer VCF에 .tbi 존재. 1건 미인덱스 | 장비/화학 상세: Complete Genomics, Illumina 150bp 300X (novoalign), Ion Xpress exome (TSVC), SOLiD 5500 PE50x50/SE75, 10X Genomics
HG001	release_truthsets	HG001 NIST v4.2.1	release/NA12878_HG001/NISTv4.2.1	PacBio HiFi + 10X Genomics(입력 콜셋)		68	7.0	FALSE	N/A	PARTIAL	.tbi	8	GIAB			-	minimap2 (GRCh37 대비 GRCh38 확장·압축 영역 판정용) — 리드 정렬 툴은 문서 미기재	GRCh37, GRCh38	-			TRUE	trio-hifiasm dipcall VCF에서 위상 전이 (파일명 hifiasm_v11_phasetransfer) — 버전 미기재	GIAB			TRUE	mosdepth 삭제. 커버리지 이상치 제외는 툴 미기재로 두고 MrCaNaVaR만 남길 것 (MrCaNaVaR은 v4.2.1 README item 7로 확인됨)	GIAB			-	-	-			-	-	-			"""-"" 로 두고 hifiasm은 variant_tool/phase_tool 설명에만 남길 것"	hifiasm v0.11 (파일명 토큰 hifiasm_v11; MHC 이배체 어셈블리 및 위상 전이용)	GIAB			TRUE	giab_doc:release/NA12878_HG001/NISTv4.2.1/README_v4.2.1.txt + filename	현행 GRCh37/GRCh38 소형변이 벤치마크. hap.py 또는 rtg vcfeval의 baseline VCF+BED로 그대로 사용	README는 HG001~HG007 v4.2.1을 모두 포괄하는 공통 문서다. hifiasm 버전은 README에 없고 파일명 토큰 hifiasm_v11에서 확인. 어셈블리 FASTA는 이 prefix에 없다. ._ 로 시작하는 macOS 메타파일이 다수 섞여 있음. | index: benchmark/all/annotated/phasetransfer VCF에 .tbi 존재. 8건 미인덱스(대부분 ._ macOS 리소스 포크) | 장비/화학 상세: PacBio HiFi (CCS) + 10x Genomics 링크드리드 (입력 콜셋)
HG001	release_truthsets	HG001 latest(v4.2.1 미러)	release/NA12878_HG001/latest	PacBio HiFi + 10X Genomics(입력 콜셋)		68	7.0	FALSE	N/A	PARTIAL	.tbi	8	GIAB			-	minimap2 (GRCh37 대비 GRCh38 확장·압축 영역 판정용) — 리드 정렬 툴은 문서 미기재	GRCh37, GRCh38	-			TRUE	trio-hifiasm dipcall VCF에서 위상 전이 (파일명 hifiasm_v11_phasetransfer) — 버전 미기재	GIAB			TRUE	DeepVariant + GATK4 (PacBio HiFi) + 10x Genomics LongRanger → hifiasm 기반 MHC 이배체 어셈블리 + dipcall — 버전 미기재	GIAB			-	-	-			-	-	-			TRUE	hifiasm v0.11 (파일명 토큰 hifiasm_v11)	GIAB			TRUE	giab_doc:release/NA12878_HG001/latest/README_v4.2.1.txt	NISTv4.2.1과 동일 내용이므로 둘 중 하나만 받아 벤치마크 baseline으로 사용	NISTv4.2.1의 미러 디렉토리(파일 수·용량 동일). 중복 다운로드 대상이므로 한쪽만 받으면 됨. | index: NISTv4.2.1과 동일. 8건 미인덱스 | 장비/화학 상세: PacBio HiFi (CCS) + 10x Genomics 링크드리드 (입력 콜셋)
HG002	release_truthsets	HG002 CMRG v1.00 (의학 유전자)	release/AshkenazimTrio/HG002_NA24385_son/CMRG_v1.00	미표기(어셈블리 기반)		51	8.1	FALSE	N/A	TRUE	.bai,.tbi	0	GIAB			TRUE	dipcall v0.1 (minimap2, -z200000,10000; GIAB giab-asm-benchmarking 스네이크메이크 파이프라인)	GRCh37, GRCh38, CHM13v1.0	GIAB			TRUE	trio 기반 hifiasm v0.11 하플로타입 분리 (부모 Illumina 리드로 partitioning) → dipcall v0.1 dip VCF	GIAB			TRUE	dipcall v0.1 (dip.vcf.gz) → 수동 큐레이션으로 CMRG smallvar/SV 벤치마크 확정; 유전자 좌표 주석은 Liftoff v1.4.0 (Ensembl v100)	GIAB			-	-	-			-	-	-			TRUE	hifiasm v0.11 (trio 기반, PacBio HiFi)	GIAB			TRUE	giab_doc:release/AshkenazimTrio/HG002_NA24385_son/CMRG_v1.00/README_GIAB_medical_gene_benchmark.md	273개 난이도 높은 의학 유전자 구간 벤치마크. v4.2.1이 못 덮는 영역 성능 측정에 사용(SV는 truvari --type-ignore -p 0 권장)	버전이 명시된 드문 사례(hifiasm v0.11, dipcall v0.1, Liftoff v1.4.0). hap1=부계, hap2=모계. CHM13v1.0 벤치마크는 draft이며 동일 검증을 받지 않았다. | index: hap1/hap2 BAM에 .bai, dip VCF에 .tbi. dipcall 실행 정보는 *-report.html(snakemake report)에 있음 | 장비/화학 상세: PacBio HiFi (HG002 어셈블리용) + 부모 HG003/HG004 Illumina (하플로타입 분리용)
HG002	release_truthsets	HG002 Mosaic SNV v1.00	release/AshkenazimTrio/HG002_NA24385_son/mosaic_v1.00	Illumina 300x, Element AVITI(cloudbreak), PacBio Revio HiFi, Onso	AJ trio 300X WGS; 벤치마크 영역은 GRCh38 오토좀 비-gap의 89.5%	48	1.4	FALSE	N/A	PARTIAL	.tbi	1	GIAB			-	-	GRCh38 + hs38d1 decoy	-			-	-	-			TRUE	Strelka v2.8.4 (SAMtools v1.5, Strelka2 DNAnexus 앱) → 전문가 휴리스틱 + 수동 큐레이션 → MosaicSNV v1.0 VCF/BED (+ v4.2.1 germline 병합 VCF)	GIAB			-	-	-			TRUE	Strelka v2.8.4 (SAMtools v1.5) — HG002=tumor, HG003+HG004 병합=normal	GIAB			-	-	-			TRUE	giab_doc:release/AshkenazimTrio/HG002_NA24385_son/mosaic_v1.00/GRCh38/SNV/README.md	모자이크/저빈도(VAF>5%) SNV 벤치마크. tumor-only 또는 HG003/HG004를 normal로 둔 tumor-normal 콜셋 평가에 사용. NIST RM8391 DNA 데이터에만 유효	external_validator_vcfs 하위는 외부 8팀 산출물이라 by=GIAB가 아니다: DRAGEN v4.0.3 / v4.2.4 / v4.3, Sentieon v202010 TNScope, DeepSomatic v1.6·v1.6.1, Mutect2(GATK4 4.4.0), Strelka 2.9.10·2.9.5, NeuSomatic v0.1.4(VarDict 1.5.1, MuSE 1.0rc, SomaticSniper 1.0.5.0 입력), MuSE 2.0.4, Manta 1.6.0, BCFtools 1.17, RePlow. 벤치마크 변이 85건 전부 SNV이며 indel은 없다. | index: benchmark·supplementary·외부 VCF에 .tbi 존재. 1건 미인덱스(RePlow는 .csv라 인덱스 없음) | 장비/화학 상세: AJ trio Illumina PCR-free 300X WGS (GIAB 콜링); 외부 검증은 Element AVITI/cloudbreak·UltraQ, PacBio Revio HiFi 130X, PacBio Onso 35X, Illumina 40X/70X/300X
HG002	release_truthsets	HG002 Mosaic SNV v1.10	release/AshkenazimTrio/HG002_NA24385_son/mosaic_v1.10	Element도 유지해야 한다. external_validator_vcfs/element 디렉토리는 없어졌지만 deepsomatic_google 아래 element.cloudbreak 콜셋 4건은 v1.10에도 그대로 남아 있다	AJ trio 300X WGS	44	1.3	FALSE	N/A	PARTIAL	.tbi	1	GIAB			-	-	GRCh38 + hs38d1 decoy	-			-	-	-			TRUE	Strelka v2.8.4 (SAMtools v1.5, Strelka2 DNAnexus 앱) → 전문가 휴리스틱 + 수동 큐레이션 → MosaicSNV v1.1 BED (+ v4.2.1 germline 연계 VCF)	GIAB			-	-	-			TRUE	Strelka v2.8.4 (SAMtools v1.5) — HG002=tumor, HG003+HG004 병합=normal	GIAB			-	-	-			TRUE	giab_doc:release/AshkenazimTrio/HG002_NA24385_son/mosaic_v1.10/GRCh38/SNV/README.md	모자이크 SNV 벤치마크 최신판. v1.00 대신 이 판을 사용	GIAB 콜링 계보는 v1.00과 동일. 외부 검증 팀이 8곳→7곳으로 줄고 element 디렉토리가 사라졌지만 deepsomatic_google 아래 element.cloudbreak 콜셋 4건은 v1.10에도 남아 있어 Element 플랫폼은 계속 표기해야 한다. | index: VCF에 .tbi 존재. 1건 미인덱스 | 장비/화학 상세: AJ trio Illumina PCR-free 300X WGS (GIAB 콜링); 외부 검증은 Element cloudbreak, PacBio Revio HiFi, Onso, Illumina 300X
HG002	release_truthsets	HG002 NIST v3.2	release/AshkenazimTrio/HG002_NA24385_son/NISTv3.2	CG + Illumina + Ion + SOLiD 통합		10	0.2	FALSE	N/A	TRUE	.tbi	0	GIAB			TRUE	novoalign (Illumina) → tmap (Ion exome) → Lifescope (SOLiD); Complete Genomics 표준 파이프라인 — 버전 미기재	GRCh37	GIAB			-	freebayes 국소 위상 정보 포함(PS 필드 없음) — 버전 미기재	-			TRUE	GATK HaplotypeCaller + freebayes (Illumina) → TVC (Ion) → GATK HaplotypeCaller (SOLiD) → CG vcfBeta; callable 영역은 GATK CallableLoci — 버전 미기재	GIAB			-	-	-			-	-	-			-	-	-			TRUE	giab_doc:release/AshkenazimTrio/HG002_NA24385_son/NISTv3.2/README_NISTv3.2.txt	구버전 truth set. 이력 참고용	이 README는 HG001과 HG002를 함께 설명하는 공통 문서다(상위 포괄 아님, 문서 자체가 두 샘플 명시). BAM은 이 prefix에 없음. | index: highconf VCF에 .tbi 존재 | 장비/화학 상세: Complete Genomics + Illumina (novoalign) + Ion exome + SOLiD
HG002	release_truthsets	HG002 NIST v3.2.1	release/AshkenazimTrio/HG002_NA24385_son/NISTv3.2.1	CG + Illumina + Ion + SOLiD 통합		12	0.2	FALSE	N/A	TRUE	.tbi	0	GIAB			TRUE	novoalign (Illumina) → tmap (Ion exome) → Lifescope (SOLiD); Complete Genomics 표준 파이프라인 — 버전 미기재	GRCh37	GIAB			-	-	-			TRUE	GATK HaplotypeCaller + freebayes (Illumina) → TVC (Ion) → GATK HaplotypeCaller (SOLiD) → CG vcfBeta; decoy 상동영역은 mm-2-merged.bed로 제외 — 버전 미기재	GIAB			-	-	-			-	-	-			-	-	-			TRUE	giab_doc:release/AshkenazimTrio/HG002_NA24385_son/NISTv3.2.1/README_NISTv3.2.1.txt	구버전 truth set. 이력 참고용	v3.2와 콜링 동일, BED만 갱신. macOS .DS_Store 2건이 섞여 있음. | index: highconf VCF에 .tbi 존재. .DS_Store 2건 포함 | 장비/화학 상세: Complete Genomics + Illumina (novoalign) + Ion exome + SOLiD
HG002	release_truthsets	HG002 NIST v3.2.2	release/AshkenazimTrio/HG002_NA24385_son/NISTv3.2.2	Illumina + CG + Ion + SOLiD 통합		10	0.2	FALSE	N/A	TRUE	.tbi	0	GIAB			"""-"""	novoalign (Illumina) → tmap (Ion exome) → Lifescope (SOLiD); Complete Genomics 표준 파이프라인 — 버전 미기재	GRCh37	GIAB			-	-	-			TRUE	GATK HaplotypeCaller + freebayes (Illumina) → TVC (Ion) → GATK HaplotypeCaller (SOLiD) → CG vcfBeta — 버전 미기재	GIAB			-	-	-			-	-	-			-	-	-			TRUE	giab_doc:release/AshkenazimTrio/HG002_NA24385_son/NISTv3.2.2/README_NISTv3.2.2.txt	구버전 truth set. 이력 참고용	HG002는 chr7·chr9 양쪽 버그가 수정된 판. BAM은 이 prefix에 없음. | index: 모든 VCF 인덱스 있음 | 장비/화학 상세: Illumina (novoalign) + Complete Genomics + Ion exome + SOLiD
HG002	release_truthsets	HG002 NIST v3.3	release/AshkenazimTrio/HG002_NA24385_son/NISTv3.3	CG + Illumina + Ion + SOLiD + 10X 통합		17	0.5	FALSE	N/A	TRUE	.tbi	0	GIAB			TRUE	novoalign (Illumina) → tmap (Ion) → Lifescope (SOLiD); CG 표준 파이프라인; 10X Genomics 파이프라인 — 버전 미기재	GRCh37	GIAB			-	GATK HaplotypeCaller 국소 위상(GT/PID) 출력만 포함	-			TRUE	GATK HaplotypeCaller + freebayes (Illumina) → 10X 하플로타입별 GATK HaplotypeCaller → TVC (Ion) → GATK HaplotypeCaller (SOLiD) → CG vcfBeta; callable 영역은 gvcf GQ 기반 — 버전 미기재	GIAB			-	-	-			-	-	-			-	-	-			TRUE	giab_doc:release/AshkenazimTrio/HG002_NA24385_son/NISTv3.3/README_NISTv3.3.txt	구버전 truth set. supplementaryFiles의 AllRepeats/SimpleRepeat BED는 계층 분석에 재사용 가능	HG001과 달리 이 prefix에는 svclassify/MetaSV 파일명이 없다(반복영역 BED만). BAM은 이 prefix에 없음. | index: highconf/all VCF에 .tbi 존재 | 장비/화학 상세: Complete Genomics + Illumina (novoalign) + Ion + SOLiD + 10X Genomics
HG002	release_truthsets	HG002 NIST v3.3.2	release/AshkenazimTrio/HG002_NA24385_son/NISTv3.3.2	Illumina 250x250/150bp/MatePair, Complete Genomics, Ion AmpliSeq Exome, SOLiD 5500, 10X	Illumina 300X	98	15.5	FALSE	N/A	PARTIAL	.tbi	1	GIAB			TRUE	GenomeWarp (Complete Genomics·Ion·SOLiD의 GRCh37→GRCh38 변환; Verily Cory McLean) — 버전 미기재	GRCh37, GRCh38	GIAB			TRUE	RTG vcfeval로 복합변이 표현 조정 후 AJ trio 기반 위상 (파일명 highconf_triophased; PS=PATMAT) — 버전 미기재	GIAB			TRUE	GATK HaplotypeCaller(GATKHC) + freebayes(FB) (GRCh37) → Sentieon haplotyper(sentieonHC) + 10X sentieonHCbyhaplo (GRCh38) → Ion AmpliSeq exome → SOLiD GATKHC → CG vcfBeta — 버전 미기재	GIAB			-	-	-			-	-	-			-	-	-			TRUE	giab_doc:release/AshkenazimTrio/HG002_NA24385_son/NISTv3.3.2/README_NISTv3.3.2.txt + filename	구버전 truth set이지만 trio 위상 VCF와 콜러별 입력 VCF가 필요할 때 참조. 벤치마킹 자체는 v4.2.1 사용	GRCh38 콜셋 이름이 콜러 조합을 그대로 담고 있어 툴 확정에 유용. trioinconsistent VCF/BED로 멘델 위반 영역을 별도 제공. | index: triophased/highconf/입력 VCF에 .tbi 존재. 1건 미인덱스 | 장비/화학 상세: Illumina 250x250 / 150bp 300X / 6kb MatePair (novoalign, bwa mem), Complete Genomics, Ion AmpliSeq Exome, SOLiD 5500 SE75, 10X Genomics
HG002	release_truthsets	HG002 NIST v4.1	release/AshkenazimTrio/HG002_NA24385_son/NISTv4.1	PacBio HiFi + 10X Genomics(입력 콜셋)		70	7.9	FALSE	N/A	PARTIAL	.tbi	9	GIAB			-	minimap2 (GRCh37 대비 GRCh38 확장·압축 영역 판정용) — 리드 정렬 툴은 문서 미기재	GRCh37, GRCh38	-			-	-	-			TRUE	DeepVariant + GATK (PacBio CCS) + 10x Genomics LongRanger; MHC는 PacBio CCS 표적 이배체 어셈블리; mosdepth(1kb 윈도우 커버리지 이상치), MrCaNaVaR(Illumina 중복), RepeatMasker/TRF 주석 — 버전 미기재	GIAB			-	-	-			-	-	-			TRUE	PacBio CCS 표적 이배체 어셈블리(MHC) + ONT/CCS 이배체 어셈블리(제외영역 판정) — 어셈블러 이름 미기재	GIAB			TRUE	giab_doc:release/AshkenazimTrio/HG002_NA24385_son/NISTv4.1/README_v4.1.txt	draft truth set. v4.2.1로 대체되었으므로 이력 확인용	"draft 릴리스. v4.1 문서에는 hifiasm이 없고 ""targeted diploid assembly of PacBio CCS""로만 적혀 있다(hifiasm은 v4.2부터). 위상 VCF는 이 디렉토리에 없음. | index: benchmark/all/annotated VCF에 .tbi 존재. 9건 미인덱스(대부분 ._ macOS 리소스 포크) | 장비/화학 상세: PacBio HiFi (CCS) + 10x Genomics LongRanger (입력 콜셋), ONT·Illumina은 제외영역 산출용"
HG002	release_truthsets	HG002 NIST v4.2.1	release/AshkenazimTrio/HG002_NA24385_son/NISTv4.2.1	PacBio HiFi + 10X Genomics(입력 콜셋)		51	8.4	FALSE	N/A	TRUE	.tbi	0	GIAB			-	minimap2 (GRCh37 대비 GRCh38 확장·압축 영역 판정용) — 리드 정렬 툴은 문서 미기재	GRCh37, GRCh38	-			TRUE	hifiasm v0.11 trio 어셈블리 dipcall VCF에서 위상 전이 → whatshap + Strand-seq 기반 pat|mat 위상 (파일명 phased_StrandSeq_whatshap, phased_MHCassembly_StrandSeqANDTrio) — 버전 미기재	GIAB			TRUE	pbsv 제외는 HG002에서 빼고 HG003/HG004 행에만 남길 것. HG002는 v0.6 SV 콜셋 기반 제외(v4.1 item 5)로 적는 편이 맞다	GIAB			-	-	-			-	-	-			TRUE	hifiasm v0.11 (파일명 토큰 hifiasm_v11; MHC 이배체 어셈블리 및 위상 전이용)	GIAB			TRUE	giab_doc:release/AshkenazimTrio/HG002_NA24385_son/NISTv4.2.1/README_v4.2.1.txt + filename	현행 HG002 GRCh37/GRCh38 소형변이 벤치마크. hap.py/rtg vcfeval baseline으로 사용하고 위상 평가에는 phasetransfer 또는 StrandSeq_whatshap VCF 사용	whatshap은 파일명 토큰에서 확인(README 본문에는 없음). HG002만 Strand-seq 기반 pat|mat 위상 VCF를 추가로 가진다. 부모(HG003/HG004)는 pbsv 콜과 50bp 플랭크를 제외한 판이다. | index: 모든 배포 VCF에 .tbi 존재(unindexed=0) | 장비/화학 상세: PacBio HiFi (CCS) + 10x Genomics LongRanger (입력 콜셋); Strand-seq은 위상용
HG002	release_truthsets	HG002 SV benchmark v0.6 + 평가결과	release/AshkenazimTrio/HG002_NA24385_son/NIST_SV_v0.6	다중(10X, PacBio, Illumina 평가 콜셋)		242	0.7	FALSE	N/A	PARTIAL	.tbi	122	GIAB			-	-	GRCh37	-			-	-	-			TRUE	커뮤니티 30+ SV 콜러 union → SVanalyzer SVcomp 클러스터링 → svviz2(genosv) 재유전형 → 합의 GT 결정 — 버전 미기재	GIAB			-	-	-			-	-	-			-	-	-			TRUE	giab_doc:release/AshkenazimTrio/HG002_NA24385_son/NIST_SV_v0.6/README_SV_v0.6.txt	HG002 SV 벤치마크 기준. truvari bench --includebed Tier1 BED로 내 SV 콜셋 평가에 사용(Tier2는 제외영역 정의용)	whatshap은 PacBio 리드를 10X 위상으로 분할하는 데만 쓰였고 배포 VCF는 위상 없음. GIAB_Evaluations 하위는 외부 팀(10x/ifiddes, BoutrosLab delly·manta, awenger pbsv, SVRefine/Falcon, Spiral BGA)이 Truvari로 낸 평가 결과이므로 by=GIAB가 아니다. Tier2 VCF는 매니페스트에 없고 BED만 있다. | index: 루트 Tier1 VCF에 .tbi 존재. GIAB_Evaluations 하위 VCF 122건은 미인덱스 | 장비/화학 상세: Illumina 250bp, Illumina 6kb Mate-pair, 10X Genomics, PacBio, BioNano, Nabsys (커뮤니티 제출 30+ 콜러)
HG002	release_truthsets	HG002 TandemRepeats v1.0	release/AshkenazimTrio/HG002_NA24385_son/TandemRepeats_v1.0	미표기 (HPRC HG002 어셈블리 기반; Tier 판정에 TR 콜러 4종 사용)		14	0.4	FALSE	N/A	TRUE	.tbi	0	GIAB			-	-	GRCh38	-			TRUE	모계/부계 하플로타입별 allele delta 컬럼 제공 (어셈블리 유래) — 툴/버전 미기재	N/A			TRUE	adotto v0.1 변이 세트의 HG002 subset; TR 카탈로그 adotto TRregions v1.2; TandemRepeatsFinder 주석은 truvari anno trf; 벤치마킹은 Truvari v4.1(개발 브랜치)	GIAB			-	-	-			-	-	-			-	-	-			TRUE	giab_doc:release/AshkenazimTrio/HG002_NA24385_son/TandemRepeats_v1.0/GRCh38/README.md	탠덤리피트 벤치마크. truvari bench --sizemin 5 --pick ac + truvari refine 로 TR 콜셋 평가에 사용	adotto 프로젝트(ACEnglish) 산출물을 GIAB가 릴리스한 것. 기반 HPRC 어셈블리의 어셈블러/버전과 Tier 강등에 쓰인 TR 콜러 4종 이름이 이 README에 없다(adotto GitHub 참조 필요). | index: VCF와 trfinfo VCF에 .tbi 존재. BED는 bgzip
HG002	release_truthsets	HG002 chrXY smallvar v1.0	release/AshkenazimTrio/HG002_NA24385_son/chrXY_v1.0	미표기(T2T 어셈블리 기반)	GRCh38 chrX의 94.5%, chrY의 63.3% 포함	15	0.1	FALSE	N/A	PARTIAL	.bai,.tbi	1	GIAB			TRUE	dipcall (minimap2; -z 확장 파라미터, 파일명 dipcall-z2k) — 버전 미기재	GRCh38 (no_alt_analysis_set)	GIAB			TRUE	T2T 완성 어셈블리의 hap1(부계)/hap2(모계) → dipcall dip VCF	GIAB			TRUE	dipcall (dip.vcf.gz) → snakemake 파이프라인 제외규칙 + 수동 큐레이션으로 chrXY smallvar 벤치마크 확정; 검증은 hap.py — 버전 미기재	GIAB			-	-	-			-	-	-			TRUE	T2T-XY-v2.7 (T2T Consortium 완성 어셈블리; 어셈블러 미기재)	N/A			TRUE	giab_doc:release/AshkenazimTrio/HG002_NA24385_son/chrXY_v1.0/GRCh38/SmallVariant/README_chrXY-smVar_Benchmark.md	chrX/chrY 소형변이 벤치마크. 성염색체 성능 평가 baseline으로 사용(v4.2.1은 1-22만 커버)	어셈블리는 T2T 컨소시엄 산출물(Rhie 2023, Nurk 2022)이라 assembly_by=N/A. dipcall 버전은 README에 없고 파일명 dipcall-z2k만 있다. | index: hap1/hap2 BAM에 .bai, benchmark·dip VCF에 .tbi. 1건 미인덱스 | 장비/화학 상세: T2T HG002 chrX/chrY v2.7 완성 어셈블리 기반; 검증에 Element avidity, Illumina·PacBio HiFi DeepVariant 콜셋 사용
HG002	release_truthsets	HG002 latest(v4.2.1 미러)	release/AshkenazimTrio/HG002_NA24385_son/latest	PacBio HiFi + 10X Genomics(입력 콜셋)		51	8.4	FALSE	N/A	TRUE	.tbi	0	GIAB			-	minimap2 (GRCh37 대비 GRCh38 확장·압축 영역 판정용) — 리드 정렬 툴은 문서 미기재	GRCh37, GRCh38	-			TRUE	hifiasm v0.11 trio 어셈블리 dipcall VCF 위상 전이 → whatshap + Strand-seq pat|mat 위상 — 버전 미기재	GIAB			TRUE	DeepVariant + GATK4 (PacBio HiFi) + 10x Genomics LongRanger → hifiasm 기반 MHC 이배체 어셈블리 + dipcall — 버전 미기재	GIAB			-	-	-			-	-	-			TRUE	hifiasm v0.11 (파일명 토큰 hifiasm_v11)	GIAB			TRUE	giab_doc:release/AshkenazimTrio/HG002_NA24385_son/latest/README_v4.2.1.txt	NISTv4.2.1과 동일 내용이므로 둘 중 하나만 받아 벤치마크 baseline으로 사용	NISTv4.2.1의 미러(파일 51건, 8.4GiB 동일). 한쪽만 받으면 됨. | index: NISTv4.2.1과 동일(unindexed=0) | 장비/화학 상세: PacBio HiFi (CCS) + 10x Genomics LongRanger (입력 콜셋); Strand-seq은 위상용
HG003	release_truthsets	HG003 NIST v3.2.2	release/AshkenazimTrio/HG003_NA24149_father/NISTv3.2.2	Illumina + CG + Ion (SOLiD 삭제). 콜셋 이름이 IllFB-IllGATKHC-CG-Ion이고 이 prefix 전체에서 solid 문자열이 0건이다. HG004 NISTv3.2.2도 완전히 같은 오류		12	0.2	FALSE	N/A	TRUE	.tbi	0	GIAB			TRUE	novoalign (Illumina) → tmap (Ion exome); Complete Genomics 표준 파이프라인 — 버전 미기재	GRCh37	GIAB			-	freebayes 국소 위상 정보 포함 — 버전 미기재	-			TRUE	GATK HaplotypeCaller + freebayes (Illumina) → TVC (Ion) → CG vcfBeta — 버전 미기재	GIAB			-	-	-			-	-	-			-	-	-			TRUE	giab_doc:release/AshkenazimTrio/HG003_NA24149_father/NISTv3.2.2/README_NISTv3.2.2.txt + filename	구버전 truth set. 이력 참고용	콜셋 이름이 IllFB-IllGATKHC-CG-Ion이고 이 prefix 파일 전체에서 solid 문자열이 0건이므로 SOLiD는 포함되지 않는다(입력 목록 라벨 정정). BAM은 이 prefix에 없음. | index: highconf VCF에 .tbi 존재. .DS_Store 포함 | 장비/화학 상세: Illumina (novoalign) + Complete Genomics + Ion (SOLiD 없음)
HG003	release_truthsets	HG003 NIST v3.3	release/AshkenazimTrio/HG003_NA24149_father/NISTv3.3	CG + Illumina + Ion + 10X (SOLiD 삭제). 콜셋 이름이 CG-IllFB-IllGATKHC-Ion-10X이고 solid 문자열 0건. HG004 NISTv3.3도 동일		19	0.4	FALSE	N/A	TRUE	.tbi	0	GIAB			TRUE	novoalign (Illumina) → tmap (Ion); CG 표준 파이프라인; 10X Genomics 파이프라인 — 버전 미기재	GRCh37	GIAB			-	GATK HaplotypeCaller 국소 위상 출력만 포함	-			TRUE	GATK HaplotypeCaller + freebayes (Illumina) → 10X 하플로타입별 GATK HaplotypeCaller → TVC (Ion) → CG vcfBeta; callable 영역은 gvcf GQ 기반 — 버전 미기재	GIAB			-	-	-			-	-	-			-	-	-			TRUE	giab_doc:release/AshkenazimTrio/HG003_NA24149_father/NISTv3.3/README_NISTv3.3.txt + filename	구버전 truth set. supplementaryFiles 반복영역 BED는 계층 분석에 재사용 가능	콜셋 이름이 CG-IllFB-IllGATKHC-Ion-10X이고 solid 문자열 0건이라 SOLiD는 미포함(입력 목록 라벨 정정). | index: highconf/all VCF에 .tbi 존재 | 장비/화학 상세: Complete Genomics + Illumina (novoalign) + Ion + 10X Genomics (SOLiD 없음)
HG003	release_truthsets	HG003 NIST v3.3.2	release/AshkenazimTrio/HG003_NA24149_father/NISTv3.3.2	Ion AmpliSeq Exome 추가. 콜셋 이름에 Ion이 들어가고 AmpliseqExome 입력 VCF도 있다. HG004 NISTv3.3.2도 같은 누락	Illumina 300X	86	12.9	FALSE	N/A	TRUE	.tbi	0	GIAB			TRUE	novoalign (Illumina) → bwa mem (Illumina MatePair); tmap (Ion); CG 표준 파이프라인 — 버전 미기재	GRCh37, GRCh38	GIAB			-	-	-			TRUE	GATK HaplotypeCaller(GATKHC) + freebayes(FB) (GRCh37) → Sentieon haplotyper(sentieonHC) + 10X sentieonHCbyhaplo (GRCh38) → Ion AmpliSeq exome → CG vcfBeta — 버전 미기재	GIAB			-	-	-			-	-	-			-	-	-			TRUE	giab_doc:release/AshkenazimTrio/HG003_NA24149_father/NISTv3.3.2/README_NISTv3.3.2.txt + filename	구버전 truth set. HG002 trio 분석의 부모 콜셋으로만 참조	HG003는 부모라서 trio 위상 VCF가 없다(HG002 쪽에만 triophased 파일 존재). Ion AmpliSeq Exome 입력이 있으므로 플랫폼 목록에 Ion을 포함해야 한다. | index: highconf/입력 VCF에 .tbi 존재(unindexed=0) | 장비/화학 상세: Illumina 150bp 300X / 250x250 / 6kb MatePair (novoalign, bwa mem), Complete Genomics, Ion AmpliSeq Exome, 10X Genomics
HG003	release_truthsets	HG003 NIST v4.2.1	release/AshkenazimTrio/HG003_NA24149_father/NISTv4.2.1	PacBio HiFi + 10X Genomics(입력 콜셋)		39	6.9	FALSE	N/A	PARTIAL	.tbi	2	GIAB			-	minimap2 (GRCh37 대비 GRCh38 확장·압축 영역 판정용) — 리드 정렬 툴은 문서 미기재	GRCh37, GRCh38	-			-	-	-			TRUE	DeepVariant + GATK4 (PacBio HiFi) + 10x Genomics LongRanger; trio 멘델 분석으로 위반 영역 제외; pbsv 콜과 50bp 플랭크 제외 — 버전 미기재	GIAB			-	-	-			-	-	-			-	-	-			TRUE	giab_doc:release/AshkenazimTrio/HG003_NA24149_father/NISTv4.2.1/README_v4.2.1.txt	현행 HG003 소형변이 벤치마크. hap.py/rtg vcfeval baseline 및 trio 멘델 검증의 부모 truth로 사용	HG003/HG004 디렉토리에는 phasetransfer VCF가 없다(위상 전이는 HG001·HG002·HG005만). hifiasm MHC 어셈블리 관련 산출물도 이 prefix에는 없어 assembled='-'. | index: benchmark/all/annotated VCF에 .tbi 존재. 2건 미인덱스 | 장비/화학 상세: PacBio HiFi (CCS) + 10x Genomics LongRanger (입력 콜셋)
HG003	release_truthsets	HG003 latest(v4.2.1 미러)	release/AshkenazimTrio/HG003_NA24149_father/latest	PacBio HiFi + 10X Genomics(입력 콜셋)		39	6.9	FALSE	N/A	PARTIAL	.tbi	2	GIAB			-	minimap2 (GRCh37 대비 GRCh38 확장·압축 영역 판정용) — 리드 정렬 툴은 문서 미기재	GRCh37, GRCh38	-			-	-	-			TRUE	DeepVariant + GATK4 (PacBio HiFi) + 10x Genomics LongRanger — 버전 미기재	GIAB			-	-	-			-	-	-			-	-	-			TRUE	giab_doc:release/AshkenazimTrio/HG003_NA24149_father/latest/README_v4.2.1.txt	NISTv4.2.1과 동일 내용이므로 둘 중 하나만 받아 사용	NISTv4.2.1의 미러(39건, 6.9GiB 동일). | index: NISTv4.2.1과 동일. 2건 미인덱스 | 장비/화학 상세: PacBio HiFi (CCS) + 10x Genomics LongRanger (입력 콜셋)
HG003	release_truthsets	HG003 루트 macOS 메타데이터	release/AshkenazimTrio/HG003_NA24149_father/.DS_Store	해당없음		1	0.0	FALSE	N/A	-		0	-			-	-		-			-	-	-			-	-	-			-	-	-			-	-	-			-	-	-			-	N/A	다운로드 목록에서 제외	macOS Finder 메타데이터 파일. 생물학적 데이터가 아니다. | index: 해당없음
HG004	release_truthsets	HG004 NIST v3.2.2	release/AshkenazimTrio/HG004_NA24143_mother/NISTv3.2.2	Illumina + CG + Ion (SOLiD 삭제). solid 문자열 0건		10	0.1	FALSE	N/A	FALSE		1				TRUE	novoalign (Illumina) → tmap (Ion exome); Complete Genomics 표준 파이프라인 — 버전 미기재	GRCh37	GIAB			-	-	-			TRUE	GATK HaplotypeCaller + freebayes (Illumina) → TVC (Ion) → CG vcfBeta — 버전 미기재	GIAB			-	-	-			-	-	-			-	-	-			TRUE	giab_doc:release/AshkenazimTrio/HG004_NA24143_mother/NISTv3.2.2/README_NISTv3.2.2.txt + filename	구버전 truth set. 이력 참고용	HG003 NISTv3.2.2와 동일 구조. solid 문자열 0건이므로 SOLiD 미포함(입력 목록 라벨 정정). | index: VCF 1건 미인덱스 | 장비/화학 상세: Illumina (novoalign) + Complete Genomics + Ion (SOLiD 없음)
HG004	release_truthsets	HG004 NIST v3.3	release/AshkenazimTrio/HG004_NA24143_mother/NISTv3.3	CG + Illumina + Ion + 10X (SOLiD 삭제)		19	0.4	FALSE	N/A	TRUE	.tbi	0	GIAB			TRUE	novoalign (Illumina) → tmap (Ion); CG 표준 파이프라인; 10X Genomics 파이프라인 — 버전 미기재	GRCh37	GIAB			-	GATK HaplotypeCaller 국소 위상 출력만 포함	-			TRUE	GATK HaplotypeCaller + freebayes (Illumina) → 10X 하플로타입별 GATK HaplotypeCaller → TVC (Ion) → CG vcfBeta — 버전 미기재	GIAB			-	-	-			-	-	-			-	-	-			TRUE	giab_doc:release/AshkenazimTrio/HG004_NA24143_mother/NISTv3.3/README_NISTv3.3.txt + filename	구버전 truth set. 반복영역 BED만 재사용 가치 있음	SOLiD 미포함(콜셋 이름과 파일 목록으로 확인). | index: highconf/all VCF에 .tbi 존재 | 장비/화학 상세: Complete Genomics + Illumina (novoalign) + Ion + 10X Genomics (SOLiD 없음)
HG004	release_truthsets	HG004 NIST v3.3.2	release/AshkenazimTrio/HG004_NA24143_mother/NISTv3.3.2	Illumina(novoalign, bwa mem), Complete Genomics, 10X	Illumina 300X	86	14.2	FALSE	N/A	PARTIAL	.tbi	1	GIAB			TRUE	novoalign (Illumina) → bwa mem (Illumina MatePair); tmap (Ion); CG 표준 파이프라인 — 버전 미기재	GRCh37, GRCh38	GIAB			-	-	-			TRUE	GATK HaplotypeCaller(GATKHC) + freebayes(FB) (GRCh37) → Sentieon haplotyper(sentieonHC) + 10X sentieonHCbyhaplo (GRCh38) → Ion AmpliSeq exome → CG vcfBeta — 버전 미기재	GIAB			-	-	-			-	-	-			-	-	-			TRUE	giab_doc:release/AshkenazimTrio/HG004_NA24143_mother/NISTv3.3.2/README_NISTv3.3.2.txt + filename	구버전 truth set. HG002 trio 분석의 부모 콜셋으로만 참조	HG003와 동일 구성. Ion AmpliSeq Exome 입력이 있으므로 플랫폼에 Ion 포함 필요. trio 위상 VCF 없음. | index: highconf/입력 VCF에 .tbi 존재. 1건 미인덱스 | 장비/화학 상세: Illumina (novoalign, bwa mem MatePair), Complete Genomics, Ion AmpliSeq Exome, 10X Genomics
HG004	release_truthsets	HG004 NIST v4.2.1	release/AshkenazimTrio/HG004_NA24143_mother/NISTv4.2.1	PacBio HiFi + 10X Genomics(입력 콜셋)		40	6.8	FALSE	N/A	PARTIAL	.tbi	1	GIAB			-	minimap2 (GRCh37 대비 GRCh38 확장·압축 영역 판정용) — 리드 정렬 툴은 문서 미기재	GRCh37, GRCh38	-			-	-	-			TRUE	DeepVariant + GATK4 (PacBio HiFi) + 10x Genomics LongRanger; trio 멘델 분석으로 위반 영역 제외; pbsv 콜과 50bp 플랭크 제외 — 버전 미기재	GIAB			-	-	-			-	-	-			-	-	-			TRUE	giab_doc:release/AshkenazimTrio/HG004_NA24143_mother/NISTv4.2.1/README_v4.2.1.txt	현행 HG004 소형변이 벤치마크. hap.py/rtg vcfeval baseline 및 trio 부모 truth로 사용	phasetransfer VCF 없음. hifiasm 산출물도 이 prefix에 없음. | index: benchmark/all/annotated VCF에 .tbi 존재. 1건 미인덱스 | 장비/화학 상세: PacBio HiFi (CCS) + 10x Genomics LongRanger (입력 콜셋)
HG004	release_truthsets	HG004 latest(v4.2.1 미러)	release/AshkenazimTrio/HG004_NA24143_mother/latest	PacBio HiFi + 10X Genomics(입력 콜셋)		40	6.8	FALSE	N/A	PARTIAL	.tbi	1	GIAB			-	minimap2 (GRCh37 대비 GRCh38 확장·압축 영역 판정용) — 리드 정렬 툴은 문서 미기재	GRCh37, GRCh38	-			-	-	-			TRUE	DeepVariant + GATK4 (PacBio HiFi) + 10x Genomics LongRanger — 버전 미기재	GIAB			-	-	-			-	-	-			-	-	-			TRUE	giab_doc:release/AshkenazimTrio/HG004_NA24143_mother/latest/README_v4.2.1.txt	NISTv4.2.1과 동일 내용이므로 둘 중 하나만 받아 사용	NISTv4.2.1의 미러(40건, 6.8GiB 동일). | index: NISTv4.2.1과 동일. 1건 미인덱스 | 장비/화학 상세: PacBio HiFi (CCS) + 10x Genomics LongRanger (입력 콜셋)
HG004	release_truthsets	HG004 루트 macOS 메타데이터	release/AshkenazimTrio/HG004_NA24143_mother/.DS_Store	해당없음		1	0.0	FALSE	N/A	-		0	-			-	-		-			-	-	-			-	-	-			-	-	-			-	-	-			-	-	-			-	N/A	다운로드 목록에서 제외	macOS Finder 메타데이터 파일. | index: 해당없음
HG005	release_truthsets	HG005 NIST v3.3	release/ChineseTrio/HG005_NA24631_son/NISTv3.3	CG + Illumina + Ion + SOLiD (10X 삭제). 콜셋 이름이 CG-IllFB-IllGATKHC-Ion-SOLID이고 이 prefix 19개 파일 전체에서 10x 문자열이 0건이다. 10X는 같은 샘플 NISTv3.3.2에서만 등장		19	0.4	FALSE	N/A	TRUE	.tbi	0	GIAB			TRUE	novoalign (Illumina) → tmap (Ion) → Lifescope (SOLiD); Complete Genomics 표준 파이프라인 — 버전 미기재	GRCh37	GIAB			-	GATK HaplotypeCaller 국소 위상 출력만 포함	-			TRUE	GATK HaplotypeCaller(GATKHC) + freebayes(FB) (Illumina) → TVC (Ion) → GATK HaplotypeCaller (SOLiD) → CG vcfBeta; SV 제외는 CG·GATKHC·freebayes의 49bp 초과 콜 — 버전 미기재	GIAB			-	-	-			-	-	-			-	-	-			TRUE	giab_doc:release/ChineseTrio/HG005_NA24631_son/NISTv3.3/README_NISTv3.3.txt + filename	구버전 truth set. 반복영역 BED만 재사용 가치 있음	콜셋 이름이 CG-IllFB-IllGATKHC-Ion-SOLID이고 이 prefix 19개 파일 전체에서 10x 문자열이 0건이므로 10X는 미포함(입력 목록 라벨 정정). 10X는 같은 샘플 NISTv3.3.2에서만 등장. | index: highconf/all VCF에 .tbi 존재 | 장비/화학 상세: Complete Genomics + Illumina (novoalign) + Ion + SOLiD (10X 없음)
HG005	release_truthsets	HG005 NIST v3.3.2	release/ChineseTrio/HG005_NA24631_son/NISTv3.3.2	Illumina 250x250/MatePair, Ion AmpliSeq Exome, SOLiD 5500, Complete Genomics, 10X	Illumina 300X	83	16.4	FALSE	N/A	PARTIAL	.tbi	1	GIAB			TRUE	novoalign (Illumina 250x250 300X) → bwa mem (Illumina MatePair); tmap (Ion); Lifescope (SOLiD); CG 표준 파이프라인 — 버전 미기재	GRCh37, GRCh38	GIAB			TRUE	"RTG vcfeval로 복합변이 표현 조정 후 Han Chinese trio 기반 위상 — 버전 미기재 (현재 ""툴/버전 미기재""로만 적혀 있음)"	GIAB			TRUE	GATK HaplotypeCaller(GATKHC) + freebayes(FB) (GRCh37) → Sentieon haplotyper(sentieonHC) (GRCh38) → Ion AmpliSeq exome → SOLiD GATKHC → CG vcfBeta; SV 제외에 MetaSV — 버전 미기재	GIAB			-	-	-			-	-	-			-	-	-			TRUE	giab_doc:release/ChineseTrio/HG005_NA24631_son/NISTv3.3.2/GRCh37/README_NIST_v3.3.2.txt + filename	구버전 truth set. Chinese trio 위상 VCF가 필요할 때 참조. 벤치마킹은 v4.2.1 사용	MetaSV는 README 본문과 파일명 양쪽에서 확인(Roche/Bina 실행). trio 위상 VCF는 HG005 디렉토리에만 있고 HG006/HG007 디렉토리에는 없다. | index: highconf·triophased·입력 VCF에 .tbi 존재. 1건 미인덱스 | 장비/화학 상세: Illumina 250x250 300X / 6kb MatePair (novoalign, bwa mem), Ion AmpliSeq Exome, SOLiD 5500 SE75, Complete Genomics, 10X Genomics
HG005	release_truthsets	HG005 NIST v4.2.1	release/ChineseTrio/HG005_NA24631_son/NISTv4.2.1	PacBio HiFi + 10X Genomics(입력 콜셋)		72	6.7	FALSE	N/A	PARTIAL	.tbi	7	GIAB			-	minimap2 (GRCh37 대비 GRCh38 확장·압축 영역 판정용) — 리드 정렬 툴은 문서 미기재	GRCh37, GRCh38	-			TRUE	trio-hifiasm dipcall VCF에서 위상 전이 (파일명 hifiasm_v11_phasetransfer) — 버전 미기재	GIAB			TRUE	DeepVariant + GATK4 (PacBio HiFi) + 10x Genomics LongRanger → hifiasm 기반 이배체 어셈블리 + dipcall — 버전 미기재	GIAB			-	-	-			-	-	-			TRUE	hifiasm v0.11 (파일명 토큰 hifiasm_v11; 위상 전이용 trio 어셈블리)	GIAB			TRUE	giab_doc:release/ChineseTrio/HG005_NA24631_son/NISTv4.2.1/README_v4.2.1.txt + filename	현행 HG005 소형변이 벤치마크. hap.py/rtg vcfeval baseline으로 사용하고 위상 평가에는 phasetransfer VCF 사용	._README_v4.2.1.txt(523자, macOS 리소스 포크)가 별도 문서로 잡히지만 내용 없음. 일부 supplementary 파일명이 v4.2.1이 아니라 v4로 표기돼 있어 파일명만으로 버전 판단하면 헷갈린다. | index: benchmark/all/annotated/phasetransfer VCF에 .tbi 존재. 7건 미인덱스(대부분 ._ macOS 리소스 포크) | 장비/화학 상세: PacBio HiFi (CCS) + 10x Genomics LongRanger (입력 콜셋)
HG005	release_truthsets	HG005 latest(v4.2.1 미러)	release/ChineseTrio/HG005_NA24631_son/latest	PacBio HiFi + 10X Genomics(입력 콜셋)		69	6.7	FALSE	N/A	PARTIAL	.tbi	7	GIAB			-	minimap2 (GRCh37 대비 GRCh38 확장·압축 영역 판정용) — 리드 정렬 툴은 문서 미기재	GRCh37, GRCh38	-			TRUE	trio-hifiasm dipcall VCF에서 위상 전이 (파일명 hifiasm_v11_phasetransfer) — 버전 미기재	GIAB			TRUE	DeepVariant + GATK4 (PacBio HiFi) + 10x Genomics LongRanger → hifiasm 기반 이배체 어셈블리 + dipcall — 버전 미기재	GIAB			-	-	-			-	-	-			TRUE	hifiasm v0.11 (파일명 토큰 hifiasm_v11)	GIAB			TRUE	giab_doc:release/ChineseTrio/HG005_NA24631_son/latest/README_v4.2.1.txt	NISTv4.2.1과 동일 내용이므로 둘 중 하나만 받아 사용	NISTv4.2.1의 미러. 파일 수만 69건 대 72건으로 다르고(미러 쪽에 ._ 메타파일 3건 적음) 용량은 6.7GiB로 같다. | index: NISTv4.2.1과 동일. 7건 미인덱스 | 장비/화학 상세: PacBio HiFi (CCS) + 10x Genomics LongRanger (입력 콜셋)
HG005	release_truthsets	HG005 루트 macOS 메타데이터	release/ChineseTrio/HG005_NA24631_son/.DS_Store	해당없음		1	0.0	FALSE	N/A	-		0	-			-	-		-			-	-	-			-	-	-			-	-	-			-	-	-			-	-	-			-	N/A	다운로드 목록에서 제외	macOS Finder 메타데이터 파일. | index: 해당없음
HG006	release_truthsets	HG006 NIST v3.3.2	release/ChineseTrio/HG006_NA24694_father/NISTv3.3.2	Illumina HiSeq 100X + 6Kb MatePair(novoalign), Complete Genomics, 10X	Illumina HiSeq 100X	64	13.7	FALSE	N/A	TRUE	.tbi	0	GIAB			"""-"""	GenomeWarp (CG의 GRCh37→GRCh38 변환) — 버전 미기재	GRCh37, GRCh38	GIAB			-	-	-			TRUE	freebayes(FB) + Sentieon haplotyper(sentieonHC, 파일명 IllSNT) + 10X sentieonHCbyhaplo → CG vcfBeta — 버전 미기재	GIAB			-	-	-			-	-	-			-	-	-			TRUE	giab_doc:release/ChineseTrio/HG006_NA24694_father/NISTv3.3.2/GRCh37/README_NIST_v3.3.2.txt + filename	구버전 truth set. Chinese trio 분석의 부모 콜셋으로만 참조	IllSNT는 Illumina Sentieon 콜셋 표기. 부모라서 위상 VCF가 없다(Chinese trio 위상 VCF는 HG005 디렉토리에 있음). Ion·SOLiD 입력은 없다. | index: highconf/입력 VCF에 .tbi 존재(unindexed=0) | 장비/화학 상세: Illumina HiSeq 100X + 6Kb MatePair (novoalign), Complete Genomics, 10X Genomics
HG006	release_truthsets	HG006 NIST v4.2.1	release/ChineseTrio/HG006_NA24694_father/NISTv4.2.1	PacBio HiFi + 10X Genomics(입력 콜셋)		64	5.9	FALSE	N/A	PARTIAL	.tbi	8	GIAB			-	minimap2 (GRCh37 대비 GRCh38 확장·압축 영역 판정용) — 리드 정렬 툴은 문서 미기재	GRCh37, GRCh38	-			-	-	-			TRUE	DeepVariant + GATK4 (PacBio HiFi) + 10x Genomics LongRanger — 버전 미기재	GIAB			-	-	-			-	-	-			-	-	-			TRUE	giab_doc:release/ChineseTrio/HG006_NA24694_father/NISTv4.2.1/README_v4.2.1.txt	현행 HG006 소형변이 벤치마크. hap.py/rtg vcfeval baseline 및 Chinese trio 부모 truth로 사용	phasetransfer VCF 없음(위상 전이는 HG001·HG002·HG005만). supplementary 파일명이 v4로 표기된 것들이 섞여 있다. | index: benchmark/all/annotated VCF에 .tbi 존재. 8건 미인덱스(대부분 ._ macOS 리소스 포크) | 장비/화학 상세: PacBio HiFi (CCS) + 10x Genomics LongRanger (입력 콜셋)
HG006	release_truthsets	HG006 latest(v4.2.1 미러)	release/ChineseTrio/HG006_NA24694_father/latest	PacBio HiFi + 10X Genomics(입력 콜셋)		61	5.9	FALSE	N/A	PARTIAL	.tbi	8	GIAB			-	minimap2 (GRCh37 대비 GRCh38 확장·압축 영역 판정용) — 리드 정렬 툴은 문서 미기재	GRCh37, GRCh38	-			-	-	-			TRUE	DeepVariant + GATK4 (PacBio HiFi) + 10x Genomics LongRanger — 버전 미기재	GIAB			-	-	-			-	-	-			-	-	-			TRUE	giab_doc:release/ChineseTrio/HG006_NA24694_father/latest/README_v4.2.1.txt	NISTv4.2.1과 동일 내용이므로 둘 중 하나만 받아 사용	NISTv4.2.1의 미러(61건 대 64건, 용량 5.9GiB 동일 — 차이는 ._ 메타파일). | index: NISTv4.2.1과 동일. 8건 미인덱스 | 장비/화학 상세: PacBio HiFi (CCS) + 10x Genomics LongRanger (입력 콜셋)
HG007	release_truthsets	HG007 NIST v3.3.2	release/ChineseTrio/HG007_NA24695_mother/NISTv3.3.2	Illumina HiSeq 100X + 6Kb MatePair(novoalign), Complete Genomics, 10X	Illumina HiSeq 100X	62	13.2	FALSE	N/A	TRUE	.tbi	0	GIAB			TRUE	novoalign (Illumina 100X, 6Kb MatePair); Complete Genomics 표준 파이프라인 — 버전 미기재	GRCh37, GRCh38	GIAB			-	-	-			TRUE	freebayes(FB) + Sentieon haplotyper(sentieonHC, 파일명 IllSNT) + 10X sentieonHCbyhaplo → CG vcfBeta — 버전 미기재	GIAB			-	-	-			-	-	-			-	-	-			TRUE	giab_doc:release/ChineseTrio/HG007_NA24695_mother/NISTv3.3.2/GRCh37/README_NIST_v3.3.2.txt + filename	구버전 truth set. Chinese trio 분석의 부모 콜셋으로만 참조	HG006와 동일 구성. 위상 VCF 없음. Ion·SOLiD 입력 없음. | index: highconf/입력 VCF에 .tbi 존재(unindexed=0) | 장비/화학 상세: Illumina HiSeq 100X + 6Kb MatePair (novoalign), Complete Genomics, 10X Genomics
HG007	release_truthsets	HG007 NIST v4.2.1	release/ChineseTrio/HG007_NA24695_mother/NISTv4.2.1	PacBio HiFi + 10X Genomics(입력 콜셋)		64	6.1	FALSE	N/A	PARTIAL	.tbi	9	GIAB			-	minimap2 (GRCh37 대비 GRCh38 확장·압축 영역 판정용) — 리드 정렬 툴은 문서 미기재	GRCh37, GRCh38	-			-	-	-			TRUE	DeepVariant + GATK4 (PacBio HiFi) + 10x Genomics LongRanger — 버전 미기재	GIAB			-	-	-			-	-	-			-	-	-			TRUE	giab_doc:release/ChineseTrio/HG007_NA24695_mother/NISTv4.2.1/README_v4.2.1.txt	현행 HG007 소형변이 벤치마크. hap.py/rtg vcfeval baseline 및 Chinese trio 부모 truth로 사용	phasetransfer VCF 없음. supplementary 파일명 일부가 v4 표기. | index: benchmark/all/annotated VCF에 .tbi 존재. 9건 미인덱스(대부분 ._ macOS 리소스 포크) | 장비/화학 상세: PacBio HiFi (CCS) + 10x Genomics LongRanger (입력 콜셋)
HG007	release_truthsets	HG007 latest(v4.2.1 미러)	release/ChineseTrio/HG007_NA24695_mother/latest	PacBio HiFi + 10X Genomics(입력 콜셋)		61	6.1	FALSE	N/A	PARTIAL	.tbi	9	GIAB			-	minimap2 (GRCh37 대비 GRCh38 확장·압축 영역 판정용) — 리드 정렬 툴은 문서 미기재	GRCh37, GRCh38	-			-	-	-			TRUE	DeepVariant + GATK4 (PacBio HiFi) + 10x Genomics LongRanger — 버전 미기재	GIAB			-	-	-			-	-	-			-	-	-			TRUE	giab_doc:release/ChineseTrio/HG007_NA24695_mother/latest/README_v4.2.1.txt	NISTv4.2.1과 동일 내용이므로 둘 중 하나만 받아 사용	NISTv4.2.1의 미러(61건 대 64건, 용량 6.1GiB 동일). | index: NISTv4.2.1과 동일. 9건 미인덱스 | 장비/화학 상세: PacBio HiFi (CCS) + 10x Genomics LongRanger (입력 콜셋)
공용	release_truthsets	GIAB mapping references	release/references	해당없음(레퍼런스 자원)		91	13.7	FALSE	N/A	TRUE	.bai,.fai,.gzi,.tbi	0	GIAB			-	-	자체가 레퍼런스: hs37d5 (GRCh37), GCA_000001405.15_GRCh38_no_alt_analysis_set 및 maskedGRC_exclusions v1/v2, GIABv3 masked+decoy 계열	-			-	-	-			-	-	-			-	-	-			-	-	-			-	-	-			TRUE	giab_doc:release/references/README_GIAB_Mapping_References.md + release/references/GRCh37/resources/hg19.README_annotation.md	모든 재처리의 매핑 레퍼런스로 사용. GRCh38은 maskedGRC_exclusions v2를 기본으로 하고 GRCh37 비교가 필요할 때만 hs37d5 사용. 벤치마크 VCF와 레퍼런스 버전을 반드시 일치시킬 것	GIAB가 실제로 한 작업은 (1) htslib bgzip 재압축과 인덱싱, (2) bedtools maskFastaFromBed로 chr21 위(僞)중복 마스킹 v1(GRC bed)·v2(T2T Variants team bed), (3) UCSC 트랙을 bedtools/tabix로 가공한 resources BED다. hg19_self_chain.bam / hg38_self_chain.bam 2건의 생성 툴은 번들 514개 문서 전체 검색에서 'self_chain' 문자열이 0건이라 확인 불가. GRCh38 디렉토리의 GIABv3/masked_v2_decoy 계열 FASTA는 GRCh38_reference_update_to_GIABv3.ipynb 노트북으로 만들어졌지만 README에 설명이 없다. | index: VCF 언급 삭제. resources 하위는 BED(.bed.gz)와 md5/README뿐이다 | 장비/화학 상세: 해당없음 (레퍼런스 자원)
공용	release_truthsets	Genome stratifications v2.0	release/genome-stratifications/v2.0	해당없음(참조 주석 트랙)		286	1.9	FALSE	N/A	-		0	-			-	-	GRCh37, GRCh38	-			-	-	-			-	-	-			-	-	-			-	-	-			-	-	-			TRUE	giab_doc:release/genome-stratifications/v2.0/v2.0-stratification-BEDs-README.txt + release/genome-stratifications/v2.0/GRCh37/GenomeSpecific/v2.0-GRCh37-GenomeSpecific-README.txt	hap.py --stratification 용 계층 BED. 벤치마킹 결과를 난이도 구간별로 쪼갤 때 사용(v3.5가 최신이므로 신규 작업에는 v3.5 권장)	BED 트랙 생성 툴: vcflib vcfgeno2haplo + bedtools + R(커버리지 QA), genome_specific.sh / Merge_difficult_regions.sh 스크립트. 버전은 어느 README에도 없다. MetaSV 유래 BED(GRCh37_HG001_PacBio_MetaSV.bed.gz, GRCh37_HG005_HG006_HG007_MetaSV_allsvs.bed.gz)가 GenomeSpecific 아래 존재한다. 정렬·변이·위상 단계는 이 데이터셋에 해당 없음. | index: BED는 bgzip(.gz)만 제공되고 tabix 인덱스는 없음. 문서에 인덱싱 언급 없음 | 장비/화학 상세: 해당없음 (참조 주석 트랙). 단 GenomeSpecific 항목은 Illumina·PacBio CCS·ONT 유래 CNV/SV 정보를 씀
공용	release_truthsets	Genome stratifications v3.0	release/genome-stratifications/v3.0	해당없음(참조 주석 트랙)		380	4.2	FALSE	N/A	-		0	-			-	-	GRCh37, GRCh38	-			-	-	-			-	-	-			-	-	-			-	-	-			-	-	-			TRUE	giab_doc:release/genome-stratifications/v3.0/GIAB-v3.0-stratifications-README.md + release/genome-stratifications/v3.0/GRCh37/GenomeSpecific/GRCh37-GenomeSpecific-README.md	hap.py 계층 BED. v4.2.1 벤치마킹용 tsv(v3.0-GRCh3X-v4.2.1-stratifications.tsv)가 포함돼 바로 쓸 수 있다	툴: GenomeSpecific snakemake 파이프라인(vcflib vcfgeno2haplo + bedtools, 환경 yaml에 버전), dipcall(hifiasm v0.11 어셈블리), 검증은 hap.py + R. v2.0 대비 T2T 컨소시엄 공동 작업이 추가됐다. 파일명 ComplexVar_in_TRgt100의 TRgt100은 'tandem repeat > 100bp' 구간 라벨이며 TRGT(콜러)가 아니다. | index: BED는 bgzip. tabix 인덱스 없음. 문서에 인덱싱 언급 없음 | 장비/화학 상세: 해당없음 (참조 주석 트랙)
공용	release_truthsets	Genome stratifications v3.1	release/genome-stratifications/v3.1	해당없음(참조 주석 트랙)		464	5.3	FALSE	N/A	-		0	-			-	-	GRCh37, GRCh38, CHM13v2.0	-			-	-	-			-	-	-			-	-	-			-	-	-			-	-	-			TRUE	giab_doc:release/genome-stratifications/v3.1/README.md + release/genome-stratifications/v3.1/GRCh37/GenomeSpecific/GRCh37-GenomeSpecific-README.md	hap.py 계층 BED. CHM13v2.0 좌표계 벤치마킹이 필요하면 v3.1 이상 사용	CHM13v2.0 좌표계가 추가된 판. 툴은 v3.0과 동일 계열(vcflib vcfgeno2haplo, bedtools, dipcall, hap.py). 파일명에서 뽑힌 mrcanavarIllumina / pbsv / hifiasm / dipcall / SVanalyzer / ONTcanu / ONTflye / CCScanu / minimap2 토큰은 CNV·SV 계층의 출처 표기이며 버전은 파일명·문서 모두에 없다(hifiasm만 v0.11). TRGT는 TRgt100 구간 라벨의 오탐이므로 제외했다. | index: BED는 bgzip. tabix 인덱스 없음 | 장비/화학 상세: 해당없음 (참조 주석 트랙). GenomeSpecific은 PacBio CCS·ONT·Illumina 유래 CNV/SV 정보를 씀
공용	release_truthsets	Genome stratifications v3.2	release/genome-stratifications/v3.2	해당없음(참조 주석 트랙)		461	7.0	FALSE	N/A	-		0	-			-	-	GRCh37, GRCh38, CHM13	-			-	-	-			-	-	-			-	-	-			-	-	-			-	-	-			TRUE	giab_doc:release/genome-stratifications/v3.2/README.md	hap.py 계층 BED. 카테고리별 생성 근거가 필요하면 같은 파이프라인의 v3.5 카테고리 README를 참조	v3.2부터 생성 방식이 giab-strats-smk 스네이크메이크 파이프라인 + giab-stratifications 설정으로 통합됐다. 이 README에는 개별 툴 버전이 없고 카테고리별 README에 흩어져 있다(v3.2 번들에는 카테고리 README가 없어 md5 파일만 수집됨). | index: BED는 bgzip + 레퍼런스별 tar.gz. tabix 인덱스 없음 | 장비/화학 상세: 해당없음 (참조 주석 트랙)
공용	release_truthsets	Genome stratifications v3.3	release/genome-stratifications/v3.3	해당없음(참조 주석 트랙)		483	7.1	FALSE	N/A	-		0	-			-	-	GRCh37, GRCh38, CHM13	-			-	-	-			-	-	-			-	-	-			-	-	-			-	-	-			TRUE	giab_doc:release/genome-stratifications/v3.3/README.md + release/genome-stratifications/v3.3/validation/README.md	hap.py 계층 BED. validation/diagnostics.tsv로 계층 커버리지 온전성을 먼저 확인한 뒤 사용	README 본문은 v3.2와 글자 수까지 동일하다. v3.2 대비 차이는 validation 하위 디렉토리(레퍼런스별 검증 BED, diagnostics.tsv) 추가뿐이며 툴 버전 정보는 없다. | index: BED는 bgzip + tar.gz. tabix 인덱스 없음 | 장비/화학 상세: 해당없음 (참조 주석 트랙)
공용	release_truthsets	Genome stratifications v3.4	release/genome-stratifications/v3.4	해당없음(참조 주석 트랙)		691	10.7	FALSE	N/A	-		0	-			-	-	GRCh37, GRCh38, CHM13, HG002.hap1, HG002.hap2	-			-	-	-			-	-	-			-	-	-			-	-	-			-	-	-			TRUE	giab_doc:release/genome-stratifications/v3.4/README.md + release/genome-stratifications/v3.4/validation/README.md	hap.py 계층 BED. 어셈블리 좌표계 벤치마킹이 필요하면 v3.5의 mat/pat 판을 우선 검토	HG002 하플로타입 좌표계(hap1/hap2)와 Diploid 카테고리가 처음 들어온 판. 다만 v3.4 번들에는 카테고리별 README가 수집되지 않아 Diploid 생성 툴은 v3.5 문서(minimap2 2.26, k8 0.2.5, htsbox r346, samtools 1.14/1.19.2, bedtools 2.30.0)로만 확인 가능하다. | index: BED는 bgzip + tar.gz. tabix 인덱스 없음 | 장비/화학 상세: 해당없음 (참조 주석 트랙). HG002.hap1/hap2 좌표계는 HG002 이배체 어셈블리 기반
공용	release_truthsets	Genome stratifications v3.5	release/genome-stratifications/v3.5	해당없음(참조 주석 트랙)		1544	22.5	FALSE	N/A	-		0	-			-	minimap2 v2.26 (하플로타입 간 정렬, -a --cs -z200000,10000,200 -xasm5) + dipcall-aux.js/k8 v0.2.5 필터링, samtools v1.14 정렬 — Diploid 계층 생성용	GRCh37, GRCh38, CHM13, HG002.mat, HG002.pat	-			-	-	-			-	htsbox pileup r346 (하플로타입 간 변이 도출, het/hom 구간 산출용) — 벤치마크 변이 콜셋이 아님	-			-	-	-			-	-	-			-	-	-			TRUE	giab_doc:release/genome-stratifications/v3.5/README.md + v3.5/HG002.mat@all/Diploid/HG002.mat_Diploid_README.md + v3.5/GRCh38@all/Mappability/GRCh38_Mappability_README.md	최신 계층 BED. hap.py --stratification 으로 난이도 구간별 성능 산출에 사용하고, 브라우저 표시가 필요하면 .bb 트랙 사용	버전이 가장 잘 문서화된 계층 릴리스다. Mappability는 GEM gem-mappability + gem-2-wig + BEDOPS wig2bed 2.4.41 + bedtools 2.30.0, GCcontent/Telomere는 seqtk 1.4, 나머지는 bedtools 2.30.0. Diploid 계층은 dipcall을 흉내낸 하플로타입 대 하플로타입 정렬이지 레퍼런스 정렬이 아니다. 인용: Dwarshuis et al., bioRxiv 2023.10.27.563846. | index: BED는 bgzip, 동일 내용의 bigBed(.bb) 트랙도 함께 제공(bigBed 자체가 인덱스 내장). tabix 인덱스는 없음 | 장비/화학 상세: 해당없음 (참조 주석 트랙). HG002.mat/pat 좌표계는 HG002 이배체 어셈블리 기반
HG002	rnaseq_all	HG002 Baylor PacBio Iso-Seq reads	data_RNAseq/AshkenazimTrio/HG002_NA24385_son/Baylor_PacBio	PacBio Sequel II/IIe (m64139)		5	20.4	TRUE	정렬 안 된 HiFi BAM 3건 (movie별 hifi_reads.bam)	FALSE		3				FALSE	N/A					-	-	-			-	-	-			-	-	-			-	-	-			-	-	-			FALSE	giab_doc:data_RNAseq/AshkenazimTrio/HG002_NA24385_son/Baylor_PacBio/README_RNAseq_Baylor_HG002_PacBio.md	splice-aware 정렬을 직접 수행해야 함 — GIAB는 이 데이터에 정렬본을 제공하지 않는다	movie 3건이 LCL·iPSC(PBMC 유래)·iPSC(LCL 유래) 3세포주에 대응. consensus(CCS) 툴명·버전은 문서에 없음. 라이브러리는 Iso-Seq Express + SMRTbell Express Template Prep Kit 2.0 | index: hifi_reads.bam 3건 모두 인덱스 없음(.pbi/.bai 부재). 문서에 인덱싱 언급 없음 | 장비/화학 상세: PacBio Sequel II, sequencing-selection HIFI
HG002	rnaseq_all	HG002 Google Illumina mRNA/lncRNA	data_RNAseq/AshkenazimTrio/HG002_NA24385_son/Google_Illumina	Illumina (모델 미표기)		31	159.7	TRUE	페어드 FASTQ 12건 (mRNA·lncRNA × 3세포주)	TRUE	.bai	0	GIAB			TRUE	STAR v2.6.1d → samtools v1.15.1 (sort) → MarkDuplicates v2.26.10	GRCh38 (STARIndex + genes.gtf, 파일명 grch38)	GIAB			-	-	-			-	-	-			-	-	-			-	-	-			-	-	-			TRUE	giab_doc:data_RNAseq/AshkenazimTrio/HG002_NA24385_son/Google_Illumina/README_RNAseq_Google_HG002-Ill.md	같은 FASTQ를 자기 RNA 파이프라인으로 재정렬해 GIAB STAR 정렬본과 비교(정렬률·접합부 검출 차이 확인)	STAR 옵션에 --quantMode TranscriptomeSAM, --twopassMode Basic, --sjdbGTFfile genes.gtf 기재. 문서 파일트리는 세포주 1건만 나열하나 실제 파일은 gm24385/gm26105/gm27730 3세포주 | index: BAM 6건 전부 .bai 동반. 문서에는 MarkDuplicates CREATE_INDEX=false로 적혀 있어 인덱싱 툴은 미기재 | 장비/화학 상세: Illumina (Novogene 위탁, 모델 미표기, 150bp 페어드)
HG002	rnaseq_all	HG002 Google PacBio Iso-Seq subreads	data_RNAseq/AshkenazimTrio/HG002_NA24385_son/Google_PacBio	PacBio Sequel IIe (m64267e, m64284e)		8	2422.5	TRUE	원시 subreads BAM 3건 (consensus 미수행)	FALSE		3				FALSE	N/A					-	-	-			-	-	-			-	-	-			-	-	-			-	-	-			FALSE	giab_doc:data_RNAseq/AshkenazimTrio/HG002_NA24385_son/Google_PacBio/README_RNAseq_Google_HG002-PacBio.md	consensus basecalling으로 HiFi 리드를 먼저 만들어야 Iso-Seq 분석 가능. 2.4TiB 다운로드 비용 대비 이득을 먼저 판단할 것	SMRTlink으로 원시 데이터 필터만 수행(버전 미기재). 2.4TiB로 이 버킷 최대 용량이며 산출물은 QC 리포트 tar.gz뿐 | index: subreads.bam 3건 모두 무인덱스(.pbi 없음) | 장비/화학 상세: PacBio Sequel 계열 (문서 표기 'The PacBio Sequel Systems'; 파일명 m64267e/m64284e)
HG002	rnaseq_all	HG002 Mason ONT direct RNA	data_RNAseq/AshkenazimTrio/HG002_NA24385_son/Mason_ONT-directRNA	ONT direct RNA (기기 미표기)		18	28.1	TRUE	FASTQ 3건 + sequencing_summary/sample_sheet	TRUE	.bai	0	GIAB			TRUE	Minimap2 v2.26-r1175 (-ax splice -t 16 -uf -k14)	GRCh38 masked (GCA_000001405.15_GRCh38_no_alt_analysis_set_maskedGRC_exclusions_v2.fasta.gz)	GIAB			-	-	-			-	-	-			-	-	-			-	-	-			-	-	-			TRUE	giab_doc:data_RNAseq/AshkenazimTrio/HG002_NA24385_son/Mason_ONT-directRNA/README_Mason_ONT_HG002_data.md	direct RNA 아이소폼 분석을 GIAB minimap2 정렬본과 나란히 돌려 비교(스파이크인 서열 제외 처리 필요)	베이스콜링 Guppy v6.4.6. 효모 ENO2 calibration RNA 스파이크인이 라이브러리에 포함되어 있어 정렬 결과에 섞여 있음 | index: sorted.bam 3건 .bai 동반. 인덱싱 툴은 문서 미기재 | 장비/화학 상세: ONT PromethION, SQK-RNA002 direct RNA 키트
HG002	rnaseq_all	HG002 PacBio MAS-Seq (FLNC/Cluster)	data_RNAseq/AshkenazimTrio/HG002_NA24385_son/PacBio_Pacbio-MASseq	PacBio MAS-Seq (기기 미표기)		29	171.1	TRUE	refined FLNC BAM 3건 (원본 hifi_reads/subreads는 배포 안 됨)	TRUE	.bai,.pbi	0	GIAB			TRUE	skera (read segmentation) → isoseq refine → isoseq cluster → pbmm2	문서에 레퍼런스명 미기재('mapped to the reference')	GIAB			-	-	-			-	-	-			-	-	-			-	-	-			-	-	-			TRUE	giab_doc:data_RNAseq/AshkenazimTrio/HG002_NA24385_son/PacBio_Pacbio-MASseq/README_NIST_PacBio-MASseq.md	FLNC BAM부터 재현 가능 — GIAB mapped BAM과 자기 collapse 결과를 아이소폼 단위로 비교	툴 버전이 문서 어디에도 없다(Unreleased 워크플로). 파일명 토큰 lima는 디멀티플렉싱, IsoSeqX_bc02는 바코드. collapse/Pigeon 산출물은 AshkenazimTrio/analysis 디렉토리에 따로 있음 | index: refined/clustered BAM은 .pbi, mapped.bam은 .bai 동반 | 장비/화학 상세: PacBio Revio (Revio polymerase kit + Revio sequencing plate, 24시간 movie)
HG002	rnaseq_all	HG002 UNC Illumina mRNA/totalRNA	data_RNAseq/AshkenazimTrio/HG002_NA24385_son/UNC_Illumina	Illumina (모델 미표기)	라이브러리당 약 3.25억 클러스터 목표	40	1100.4	TRUE	페어드 FASTQ 36건 (3세포주 × 반복 3회 × mRNA/totalRNA)	-		0	-			FALSE	N/A					-	-	-			-	-	-			-	-	-			-	-	-			-	-	-			FALSE	N/A	정렬·정량 전 과정을 직접 수행. 3반복 설계라 자기 파이프라인의 재현성 평가에 쓰기 좋다	라이브러리: TruSeq Stranded mRNA / TruSeq Stranded Total RNA Gold. 처리 툴 언급 0건이라 tools 칸 전부 N/A. 1.1TiB | 장비/화학 상세: Illumina NovaSeq 6000 S4 2x150bp (풀 밸런싱용 MiSeq Nano 선행)
HG004	rnaseq_all	HG004 Baylor PacBio Iso-Seq reads	data_RNAseq/AshkenazimTrio/HG004_NA24143_mother/Baylor_PacBio	PacBio Sequel II/IIe (m64139)		3	5.7	TRUE	정렬 안 된 HiFi BAM 1건 (m64139_220124_190646.hifi_reads.bam)	FALSE		1				FALSE	N/A					-	-	-			-	-	-			-	-	-			-	-	-			-	-	-			FALSE	giab_doc:data_RNAseq/AshkenazimTrio/HG004_NA24143_mother/Baylor_PacBio/README_RNAseq_Baylor_HG004_PacBio.md	splice-aware 정렬부터 직접 수행. 문서 파일목록을 신뢰하지 말고 실제 movie 1건만 있음을 전제로 처리	이 README의 파일트리·샘플ID 표는 HG002 문서를 복사해 movie명(m64139_220127/220130/220131)과 샘플ID가 실제 파일 1건(m64139_220124_190646)과 불일치. 제목·배경은 HG004로 맞게 적혀 있음. consensus 툴명·버전 없음 | index: hifi_reads.bam 무인덱스. 문서에 인덱싱 언급 없음 | 장비/화학 상세: PacBio Sequel II, sequencing-selection HIFI
HG004	rnaseq_all	HG004 Google Illumina mRNA/lncRNA	data_RNAseq/AshkenazimTrio/HG004_NA24143_mother/Google_Illumina	Illumina (모델 미표기)		15	49.4	TRUE	페어드 FASTQ 4건 (mRNA·lncRNA, 세포주 gm24143)	TRUE	.bai	0	GIAB			TRUE	STAR v2.6.1d → samtools v1.15.1 (sort) → MarkDuplicates v2.26.10	GRCh38 (STARIndex + genes.gtf, 파일명 grch38)	GIAB			-	-	-			-	-	-			-	-	-			-	-	-			-	-	-			TRUE	giab_doc:data_RNAseq/AshkenazimTrio/HG004_NA24143_mother/Google_Illumina/README_RNAseq_Google_HG004-Ill.md	같은 FASTQ를 자기 파이프라인으로 재정렬해 GIAB STAR 정렬본과 비교	HG002/HG005 문서와 동일한 방법 기술. 예시 명령의 산출물명이 HG005로 남아 있는 복붙 흔적 있음 | index: BAM 2건 .bai 동반. 문서상 MarkDuplicates CREATE_INDEX=false로 인덱싱 툴 미기재 | 장비/화학 상세: Illumina (Novogene 위탁, 모델 미표기, 150bp 페어드)
HG004	rnaseq_all	HG004 Google PacBio Iso-Seq subreads	data_RNAseq/AshkenazimTrio/HG004_NA24143_mother/Google_PacBio	PacBio Sequel IIe (m64284e)		4	921.2	TRUE	원시 subreads BAM 1건 (consensus 미수행)	FALSE		1				FALSE	N/A					-	-	-			-	-	-			-	-	-			-	-	-			-	-	-			FALSE	giab_doc:data_RNAseq/AshkenazimTrio/HG004_NA24143_mother/Google_PacBio/README_RNAseq_Google_HG004-PacBio.md	consensus basecalling 후 Iso-Seq 분석. 용량 대비 이득 먼저 판단	SMRTlink 필터만 수행(버전 미기재). 921GiB | index: subreads.bam 무인덱스(.pbi 없음) | 장비/화학 상세: PacBio Sequel 계열 (문서 'The PacBio Sequel Systems'; 파일명 m64284e)
HG004	rnaseq_all	HG004 Mason ONT direct RNA	data_RNAseq/AshkenazimTrio/HG004_NA24143_mother/Mason_ONT-directRNA	ONT direct RNA (기기 미표기)		8	10.1	TRUE	FASTQ 1건 + sequencing_summary/sample_sheet	TRUE	.bai	0	GIAB			TRUE	Minimap2 v2.26-r1175 (-ax splice -t 16 -uf -k14)	GRCh38 masked (GCA_000001405.15_GRCh38_no_alt_analysis_set_maskedGRC_exclusions_v2.fasta.gz)	GIAB			-	-	-			-	-	-			-	-	-			-	-	-			-	-	-			TRUE	giab_doc:data_RNAseq/AshkenazimTrio/HG004_NA24143_mother/Mason_ONT-directRNA/README_Mason_ONT_HG004_data.md	GIAB 정렬본과 비교하며 direct RNA 아이소폼 분석(스파이크인 제외 처리 필요)	베이스콜링 Guppy v6.4.6. 효모 ENO2 calibration RNA 스파이크인 포함 | index: sorted.bam .bai 동반. 인덱싱 툴 미기재 | 장비/화학 상세: ONT PromethION, SQK-RNA002 direct RNA 키트
HG004	rnaseq_all	HG004 PacBio MAS-Seq (FLNC/Cluster)	data_RNAseq/AshkenazimTrio/HG004_NA24143_mother/PacBio_Pacbio-MASseq	PacBio MAS-Seq (기기 미표기)		11	54.8	TRUE	refined FLNC BAM 1건 (na24143, IsoSeqX_bc01)	TRUE	.bai,.pbi	0	GIAB			TRUE	skera (read segmentation) → isoseq refine → isoseq cluster → pbmm2	문서에 레퍼런스명 미기재('mapped to the reference')	GIAB			-	-	-			-	-	-			-	-	-			-	-	-			-	-	-			TRUE	giab_doc:data_RNAseq/AshkenazimTrio/HG004_NA24143_mother/PacBio_Pacbio-MASseq/README_NIST_PacBio-MASseq.md	FLNC BAM부터 재현 가능 — analysis 디렉토리의 collapse 결과와 대조	툴 버전 전무. collapse/Pigeon 산출물은 AshkenazimTrio/analysis 디렉토리 | index: refined/clustered BAM .pbi, mapped.bam .bai 동반 | 장비/화학 상세: PacBio Revio (Revio polymerase kit + Revio sequencing plate, 24시간 movie)
HG004	rnaseq_all	HG004 UNC Illumina mRNA/totalRNA	data_RNAseq/AshkenazimTrio/HG004_NA24143_mother/UNC_Illumina	Illumina (모델 미표기)	라이브러리당 약 3.25억 클러스터 목표	16	350.1	TRUE	페어드 FASTQ 12건 (반복 3회 × mRNA/totalRNA, 세포주 GM24143)	-		0	-			FALSE	N/A					-	-	-			-	-	-			-	-	-			-	-	-			-	-	-			FALSE	N/A	정렬·정량 전 과정을 직접 수행(반복 3회 설계로 재현성 평가 가능)	TruSeq Stranded mRNA / Total RNA Gold 라이브러리. 처리 툴 언급 0건. 350GiB | 장비/화학 상세: Illumina NovaSeq 6000 S4 2x150bp (MiSeq Nano 선행)
HG005	rnaseq_all	Chinese MAS-Seq collapse/Pigeon	data_RNAseq/ChineseTrio/analysis/PacBio_Pacbio-MASseq	PacBio MAS-Seq (기기 미표기)		17	6.9	FALSE	리드 없음 — collapsed transcripts FASTA/GFF와 Pigeon 분류 txt	-		0	-			-	-		-			-	-	-			-	-	-			-	-	-			-	-	-			-	-	-			TRUE	giab_doc:data_RNAseq/ChineseTrio/analysis/PacBio_Pacbio-MASseq/README_NIST_PacBio-MASseq.md	Pigeon 분류 결과를 HG005 아이소폼 카탈로그 기준선으로 사용. 재현은 HG005 3-ClusterMap의 mapped BAM에서 collapse부터	이 디렉토리의 처리 단계는 isoseq collapse → pigeon(버전 둘 다 미기재)이며 정렬 단계 산출물은 HG005 3-ClusterMap 쪽에 있다. na24631 라이브러리 1건. PacBio가 수행하고 GIAB가 배포(문서 하단 PacBio data use policy) | index: 인덱스 대상 파일 없음(FASTA/GFF/txt만) | 장비/화학 상세: PacBio Revio (Revio polymerase kit + Revio sequencing plate)
HG005	rnaseq_all	HG005 Baylor PacBio Iso-Seq reads	data_RNAseq/ChineseTrio/HG005_NA24631_son/Baylor_PacBio	PacBio Sequel II/IIe (m64139)		3	7.1	TRUE	정렬 안 된 HiFi BAM 1건 (m64139_220129_000012.hifi_reads.bam)	FALSE		1				FALSE	N/A					-	-	-			-	-	-			-	-	-			-	-	-			-	-	-			FALSE	giab_doc:data_RNAseq/ChineseTrio/HG005_NA24631_son/Baylor_PacBio/README_RNAseq_Baylor_HG005_PacBio.md	splice-aware 정렬부터 직접 수행	HG004 문서와 같은 복붙 문제 — 파일트리·샘플ID가 HG002 것이고 실제 파일은 movie 1건. consensus 툴명·버전 없음 | index: hifi_reads.bam 무인덱스 | 장비/화학 상세: PacBio Sequel II, sequencing-selection HIFI
HG005	rnaseq_all	HG005 Google Illumina mRNA/lncRNA	data_RNAseq/ChineseTrio/HG005_NA24631_son/Google_Illumina	Illumina (모델 미표기)		15	53.0	TRUE	페어드 FASTQ 4건 (mRNA·lncRNA, 세포주 gm24631)	TRUE	.bai	0	GIAB			TRUE	STAR v2.6.1d → samtools v1.15.1 (sort) → MarkDuplicates v2.26.10	GRCh38 (STARIndex + genes.gtf, 파일명 grch38)	GIAB			-	-	-			-	-	-			-	-	-			-	-	-			-	-	-			TRUE	giab_doc:data_RNAseq/ChineseTrio/HG005_NA24631_son/Google_Illumina/README_RNAseq_Google_HG005-Ill.md	같은 FASTQ를 재정렬해 GIAB STAR 정렬본과 비교	HG002/HG004 문서와 동일 방법. Novogene QC 표에 NA24631_F7 = Q30 93.93%, GC 50.89% | index: BAM 2건 .bai 동반. 문서상 CREATE_INDEX=false로 인덱싱 툴 미기재 | 장비/화학 상세: Illumina (Novogene 위탁, 모델 미표기, 150bp 페어드)
HG005	rnaseq_all	HG005 Google PacBio Iso-Seq subreads	data_RNAseq/ChineseTrio/HG005_NA24631_son/Google_PacBio	PacBio Sequel IIe (m64168e)		4	875.1	TRUE	원시 subreads BAM 1건 (consensus 미수행)	FALSE		1				FALSE	N/A					-	-	-			-	-	-			-	-	-			-	-	-			-	-	-			FALSE	giab_doc:data_RNAseq/ChineseTrio/HG005_NA24631_son/Google_PacBio/README_RNAseq_Google_HG005-PacBio.md	consensus basecalling 후 Iso-Seq 분석. 용량 대비 이득 먼저 판단	SMRTlink 필터만 수행(버전 미기재). 875GiB | index: subreads.bam 무인덱스(.pbi 없음) | 장비/화학 상세: PacBio Sequel 계열 (문서 'The PacBio Sequel Systems'; 파일명 m64168e)
HG005	rnaseq_all	HG005 Mason ONT direct RNA	data_RNAseq/ChineseTrio/HG005_NA24631_son/Mason_ONT-directRNA	ONT direct RNA (기기 미표기)		8	2.6	TRUE	FASTQ 1건 + sequencing_summary/sample_sheet	TRUE	.bai	0	GIAB			TRUE	Minimap2 v2.26-r1175 (-ax splice -t 16 -uf -k14)	GRCh38 masked (GCA_000001405.15_GRCh38_no_alt_analysis_set_maskedGRC_exclusions_v2.fasta.gz)	GIAB			-	-	-			-	-	-			-	-	-			-	-	-			-	-	-			TRUE	giab_doc:data_RNAseq/ChineseTrio/HG005_NA24631_son/Mason_ONT-directRNA/README_Mason_ONT_HG005_data.md	GIAB 정렬본과 비교하며 direct RNA 아이소폼 분석	2.6GiB로 Mason 세트 중 최소. 스파이크인 calibration RNA 포함 | index: sorted.bam .bai 동반. 인덱싱 툴 미기재 | 장비/화학 상세: ONT PromethION, SQK-RNA002 direct RNA 키트
HG005	rnaseq_all	HG005 PacBio MAS-Seq (FLNC/Cluster)	data_RNAseq/ChineseTrio/HG005_NA24631_son/PacBio_Pacbio-MASseq	PacBio MAS-Seq (기기 미표기)		11	57.3	TRUE	refined FLNC BAM 1건 (na24631, IsoSeqX_bc03)	TRUE	.bai,.pbi	0	GIAB			TRUE	skera (read segmentation) → isoseq refine → isoseq cluster → pbmm2	문서에 레퍼런스명 미기재('mapped to the reference')	GIAB			-	-	-			-	-	-			-	-	-			-	-	-			-	-	-			TRUE	giab_doc:data_RNAseq/ChineseTrio/HG005_NA24631_son/PacBio_Pacbio-MASseq/README_NIST_PacBio-MASseq.md	FLNC BAM부터 재현 가능 — ChineseTrio/analysis collapse 결과와 대조	툴 버전 전무. collapse/Pigeon 산출물은 ChineseTrio/analysis 디렉토리 | index: refined/clustered BAM .pbi, mapped.bam .bai 동반 | 장비/화학 상세: PacBio Revio (Revio polymerase kit + Revio sequencing plate, 24시간 movie)
HG005	rnaseq_all	HG005 UNC Illumina mRNA/totalRNA	data_RNAseq/ChineseTrio/HG005_NA24631_son/UNC_Illumina	Illumina (모델 미표기)	라이브러리당 약 3.25억 클러스터 목표	16	374.5	TRUE	페어드 FASTQ 12건 (반복 3회 × mRNA/totalRNA)	-		0	-			FALSE	N/A					-	-	-			-	-	-			-	-	-			-	-	-			-	-	-			FALSE	N/A	정렬·정량 전 과정을 직접 수행	문서 파일트리는 세포주ID가 GM24385로 잘못 적혀 있으나 실제 파일은 HG005 세포주. 처리 툴 언급 0건. 375GiB | 장비/화학 상세: Illumina NovaSeq 6000 S4 2x150bp (MiSeq Nano 선행)
공용	rnaseq_all	Ashkenazim MAS-Seq collapse/Pigeon	data_RNAseq/AshkenazimTrio/analysis/PacBio_Pacbio-MASseq	PacBio MAS-Seq (기기 미표기)		62	29.7	FALSE	리드 없음 — collapsed transcripts FASTA/GFF와 Pigeon 분류·정렬 GFF/txt	-		0	-			-	-		-			-	-	-			-	-	-			-	-	-			-	-	-			-	-	-			TRUE	giab_doc:data_RNAseq/AshkenazimTrio/analysis/PacBio_Pacbio-MASseq/README_NIST_PacBio-MASseq.md	Pigeon 분류 결과를 HG002/HG004 아이소폼 기준선으로 사용. 재현은 각 샘플 3-ClusterMap mapped BAM에서 collapse부터	처리 단계는 isoseq collapse → pigeon(버전 미기재). 라이브러리 4건(na24143·na24385·na26105·na27730)으로 HG002 3세포주 + HG004가 한 디렉토리에 섞여 있다 | index: 인덱스 대상 파일 없음(FASTA/GFF/txt만) | 장비/화학 상세: PacBio Revio (Revio polymerase kit + Revio sequencing plate)
HG002	trio_analysis	HG002 BGISEQ 100x 벤더 QC 리포트	data/AshkenazimTrio/analysis/NIST_BGIseq_2x150bp_100x_07192023	BGISEQ 2x150bp	100X	3	0.0	FALSE	리드 없음 — BGI 벤더 리포트 PDF 2건(hg19/hg38) + README	-		0	-			FALSE	N/A	GRCh37,GRCh38				-	-	-			"이 prefix에 VCF가 한 건도 없으므로 variant_called는 ""-""(해당 없음)가 맞다. 툴 인용 자체는 문서 그대로여서 정확함. 같은 이유로 aligned=FALSE / align_by="""" 도 부적절 — 리드도 BAM도 없어 사용자가 정렬을 돌릴 자리가 아니다(""-""가 맞다)."	GATK HaplotypeCaller v4.1.4.1	GIAB			-	-	-			-	-	-			-	-	-			TRUE	giab_doc:data/AshkenazimTrio/analysis/NIST_BGIseq_2x150bp_100x_07192023/README_NIST_BGISeq_100x_HG002_analysis.md	벤더 QC 리포트 열람용. 실제 VCF가 필요하면 data/AshkenazimTrio/analysis/NIST_BGIseq_2x150bp_100x 경로를 따로 확인	README 파일목록(GRCh37/38 snp·indel VCF 8건)과 실제 내용(리포트 PDF 2건, 0.0GiB)이 불일치. 정렬 툴은 이 문서에 없고 'bqsr.bam' 입력과 'BQSR·중복표시를 GATK로 수행'만 기재. VCF 자체는 다른 경로에 있을 가능성 | index: 실제 내용이 PDF뿐이라 인덱스 대상 없음. README가 나열한 vcf.gz.tbi 8건은 이 prefix에 존재하지 않음 | 장비/화학 상세: BGI DNBSEQ 2x150bp (BGIseq 위탁 시퀀싱)
HG002	trio_analysis	HG002 chrXY GATK 콜셋 (Illumina)	data/AshkenazimTrio/analysis/ncbi_chrXY_var_03302023/ILMN	Illumina (ILMN, 모델 미표기)		16	0.1	FALSE	리드 없음 — 평문 VCF + .idx, 필터 사이트 목록	FALSE		6				FALSE	N/A	CHM13/T2T,GRCh38				-	-	-			TRUE	GATK	GIAB			-	-	-			-	-	-			-	-	-			TRUE	filename	chrXY 벤치마크 개발 과정의 참고 콜셋. 문서·파라미터가 불명이라 평가 기준으로 쓰지 말고 비교 참고용으로만 사용	디렉토리 문서가 없고 상위 문서도 이 경로를 언급하지 않는다. GATK 버전·파라미터·레퍼런스 세부는 확인 불가. QUAL10DP10_AF075_sites는 필터 이름만 남아 있고 정의는 문서로 확인 못 함. 플랫폼은 디렉토리명 ILMN이 전부 | index: bgzip이 아닌 평문 .vcf 6건 + .idx 동반, .others 하위에 중간 산출물. 인덱싱 툴은 문서 확인 불가
HG002	trio_analysis	HG002 chrXY GATK 콜셋 (PacBio HiFi)	data/AshkenazimTrio/analysis/ncbi_chrXY_var_03302023/PacBio_HiFi	PacBio HiFi (기기 미표기)		16	0.1	FALSE	리드 없음 — 평문 VCF + .idx, 필터 사이트 목록	FALSE		6				FALSE	N/A	CHM13/T2T,GRCh38				-	-	-			TRUE	GATK	GIAB			-	-	-			-	-	-			-	-	-			TRUE	filename	참고용 비교 콜셋으로만 사용. 정식 평가 기준이 필요하면 release 쪽 chrXY v1.0 벤치마크를 쓸 것	ILMN 형제 디렉토리와 동일하게 문서 부재. PacBio HiFi 표기는 디렉토리명뿐이고 어떤 리드 세트를 썼는지 문서로 확인 불가 | index: 평문 .vcf 6건 + .idx 동반, .others 하위 중간 산출물. 인덱싱 툴 확인 불가
HG002	trio_analysis	HG002 draft benchmark defrabb v0.012	data/AshkenazimTrio/analysis/NIST_HG002_DraftBenchmark_defrabbV0.012-20231107	미표기(T2T-Q100 어셈블리 기반)		52	7.9	FALSE	리드 없음 — 벤치마크 VCF/BED + dipcall hap1/hap2 BAM	TRUE	.bai,.tbi	0	GIAB			TRUE	dipcall v0.3 (minimap2, -z200000,10000) — defrabb v0.012 snakemake 파이프라인	GRCh37, GRCh38, CHM13v2.0	GIAB			-	-	-			TRUE	dipcall v0.3 (defrabb v0.012) → Truvari (SV 주석)	GIAB			-	-	-			-	-	-			-	-	-			TRUE	giab_doc:data/AshkenazimTrio/analysis/NIST_HG002_DraftBenchmark_defrabbV0.012-20231107/README.md	자기 콜셋 평가용 draft 벤치마크(smvar/stvar VCF+BED 쌍). 문서 권고대로 소변이는 GA4GH 권고 절차, SV는 truvari refine으로 비교	입력 어셈블리는 외부 산출물(T2T HG002 Q100 V1.0)이므로 assembled는 해당 없음. 하플로타입 BAM은 diploid 어셈블리에서 나온 것이라 별도 phasing 단계가 없다. defrabb 저장소 경로가 이 버전만 nate-d-olson/defrabb. defrabb_files에 snakemake 아카이브·리포트·mamba 환경파일 포함 | index: VCF .tbi, hap1/hap2 BAM .bai 전부 동반. 인덱싱 툴은 문서 미기재 | 장비/화학 상세: 해당 없음 — T2T HG002 Q100 V1.0 어셈블리 기반(시퀀싱 데이터 아님)
HG002	trio_analysis	HG002 draft benchmark defrabb v0.015	data/AshkenazimTrio/analysis/NIST_HG002_DraftBenchmark_defrabbV0.015-20240215	미표기(T2T-Q100 어셈블리 기반)		46	6.6	FALSE	리드 없음 — 통합 VCF + 벤치마크 BED + dipcall hap BAM	TRUE	.bai,.tbi	0	GIAB			TRUE	dipcall v0.3 (minimap2, -z200000,10000) — defrabb v0.015 snakemake 파이프라인	GRCh37, GRCh38, CHM13v2.0	GIAB			-	-	-			TRUE	dipcall v0.3 (defrabb v0.015) → Truvari anno (trf/svinfo/lcr/remap)	GIAB			-	-	-			-	-	-			-	-	-			TRUE	giab_doc:data/AshkenazimTrio/analysis/NIST_HG002_DraftBenchmark_defrabbV0.015-20240215/README.md	v0.012 대신 이 버전을 벤치마크 기준선으로 사용. SV 비교는 truvari refine(문서 권고)	인용 README의 Changelog는 변경 5건을 명시한다 — (1) 소변이·SV 공용 단일 VCF 제공, (2) segdup·satellite 40kb 병합, (3) dip.bed 경계 미제외 버그 수정, (4) VDJ 영역 제외, (5) Truvari anno(trf/svinfo/lcr/remap) 주석 추가. '차이는 제외 규칙뿐'은 문서와 배치된다(툴·버전 동일이라는 부분은 맞다). | index: VCF .tbi, hap BAM .bai 동반. 인덱싱 툴 미기재 | 장비/화학 상세: 해당 없음 — T2T HG002 Q100 V1.0 어셈블리 기반
HG002	trio_analysis	HG002 draft benchmark defrabb v0.018	data/AshkenazimTrio/analysis/NIST_HG002_DraftBenchmark_defrabbV0.018-20240716	미표기(T2T-Q100 어셈블리 기반)		47	9.3	FALSE	리드 없음 — T2TQ100-V1.1 VCF + 벤치마크 BED + dipcall hap BAM	TRUE	.bai,.tbi	0	GIAB			TRUE	dipcall v0.3 (minimap2, -z200000,10000) — defrabb v0.018 snakemake 파이프라인	GRCh37, GRCh38, CHM13v2.0	GIAB			-	-	-			TRUE	dipcall v0.3 (defrabb v0.018) → Truvari (anno/refine) + rtg vcfeval (PAV·dipcall 차이 기반 영역 제외)	GIAB			-	-	-			-	-	-			-	-	-			TRUE	giab_doc:data/AshkenazimTrio/analysis/NIST_HG002_DraftBenchmark_defrabbV0.018-20240716/NIST_HG002_DraftBenchmark_defrabbV0.018-20240716_README_update.md	소변이는 hap.py --engine vcfeval(--gender male), SV는 truvari refine으로 자기 콜셋 평가(문서에 명령 예시 있음)	파일명이 HG2-T2TQ100-V1.1로 바뀜(어셈블리 v1.1). 이 디렉토리 문서는 README_update.md 하나뿐. defrabb_files에 archive.tar.gz 3.2GB 포함 | index: VCF .tbi, hap BAM .bai 동반. 인덱싱 툴 미기재 | 장비/화학 상세: 해당 없음 — T2T HG002 Q100 V1.1 어셈블리 기반
HG002	trio_analysis	HG002 draft benchmark defrabb v0.019	data/AshkenazimTrio/analysis/NIST_HG002_DraftBenchmark_defrabbV0.019-20241113	미표기(T2T-Q100 어셈블리 기반)		47	9.7	FALSE	리드 없음 — smvar/stvar VCF + 벤치마크 BED + dipcall hap BAM	TRUE	.bai,.tbi	0	GIAB			TRUE	dipcall v0.3 (minimap2, -z200000,10000) — defrabb v0.019 snakemake 파이프라인	GRCh37, GRCh38, CHM13v2.0	GIAB			-	-	-			TRUE	dipcall v0.3 (defrabb v0.019) → Truvari anno (trf/svinfo/lcr/remap) + rtg vcfeval, truvari refine (제외영역 산정)	GIAB			-	-	-			-	-	-			-	-	-			TRUE	giab_doc:data/AshkenazimTrio/analysis/NIST_HG002_DraftBenchmark_defrabbV0.019-20241113/NIST_HG002_DraftBenchmark_defrabbV0.019-20241113_README.md	이 버전을 HG002 draft 벤치마크 기준선으로 확정하고, hap.py --engine vcfeval(--gender male) + truvari refine으로 자기 콜셋 평가	이 버킷 defrabb 4개 중 최신. 모자이크·de novo 후보 제외에 부모-자식 tumor/normal 콜링을 사용했다고 기재. 본문 defrabb 링크는 usnistgov/defrabb | index: VCF .tbi, hap BAM .bai 동반. 인덱싱 툴 미기재 | 장비/화학 상세: 해당 없음 — T2T HG002 Q100 V1.1 어셈블리 기반
HG005	trio_analysis	HG005 BGISEQ 100x 벤더 QC 리포트	data/ChineseTrio/analysis/NIST_BGIseq_2x150bp_100x_07192023	BGISEQ 2x150bp	100X	3	0.0	FALSE	리드 없음 — BGI 벤더 리포트 PDF 2건(hg19/hg38) + README	-		0	-			FALSE	N/A	GRCh37,GRCh38				-	-	-			"HG002 쪽과 동일 — VCF 부재이므로 ""-"". GATK HaplotypeCaller v4.1.4.1 인용은 정확. aligned=FALSE도 ""-""가 맞다."	GATK HaplotypeCaller v4.1.4.1	GIAB			-	-	-			-	-	-			-	-	-			TRUE	giab_doc:data/ChineseTrio/analysis/NIST_BGIseq_2x150bp_100x_07192023/README_NIST_BGISeq_100x_HG005_analysis.md	벤더 QC 리포트 열람용. VCF가 필요하면 data/ChineseTrio/analysis/NIST_BGIseq_2x150bp_100x 경로를 따로 확인	HG002 쪽과 같은 문제 — README는 HG005 GRCh37/38 snp·indel VCF 8건을 나열하지만 실제 내용은 리포트 PDF 2건(HG002 디렉토리와 파일명·크기까지 동일한 BGI 프로젝트 리포트). 정렬 툴 미기재 | index: 실제 내용이 PDF뿐이라 인덱스 대상 없음. README의 vcf.gz.tbi 목록은 이 prefix에 없음 | 장비/화학 상세: BGI DNBSEQ 2x150bp (BGIseq 위탁 시퀀싱)
공용	trio_analysis	Ashkenazim trio Revio WGS WDL 결과	data/AshkenazimTrio/analysis/PacBio_HiFi-Revio_20231031	PacBio Revio HiFi		95	25.5	FALSE	리드 없음 — gVCF/phased VCF, roh BED, 메틸 bigWig, 추가파일 tar.gz	TRUE	.tbi	0	GIAB			FALSE	N/A	CHM13/T2T,GRCh37,GRCh38	N/A			TRUE	HiPhase (HiFi-human-WGS-WDL v1.1.0)	GIAB			TRUE	DeepVariant (소변이) + pbsv (SV) → HiPhase (phasing) → bcftools roh — 모두 HiFi-human-WGS-WDL v1.1.0	GIAB			TRUE	pb-CpG-tools (HiFi-human-WGS-WDL v1.1.0)	GIAB			-	-	-			-	-	-			TRUE	giab_doc:data/AshkenazimTrio/analysis/PacBio_HiFi-Revio_20231031/pacbio-wgs-wdl_germline_20231031/README_PacBio_Revio_analysis.md	GIAB DeepVariant/pbsv/HiPhase 산출물을 그대로 트리오 비교·메틸 분석에 사용. 재처리하려면 샘플별 PacBio_HiFi-Revio_20231031 리드 디렉토리(다른 prefix)를 따로 받아야 함	개별 툴 버전은 없고 파이프라인 v1.1.0만 확정. 이 prefix에 BAM/CRAM 0건이라 phasing은 VCF·하플로타입 bigWig 수준에서만 확인되고 phased BAM은 없다. 레퍼런스 3종: hs37d5(GRCh37), GRCh38_GIABv3_no_alt_analysis_set_maskedGRC_decoys_MAP2K3_KMT2C_KCNJ18, chm13v2.0. 정렬 툴은 이 분석 README에 없음(정렬본은 각 샘플 데이터 디렉토리 쪽) | index: VCF 27건 모두 .tbi 동반. bigWig는 인덱스 불필요 | 장비/화학 상세: PacBio Revio HiFi (HG002·HG003·HG004 3인)
