release/AshkenazimTrio/HG002_NA24385_son/CMRG_v1.00/.DS_Store	6148
release/AshkenazimTrio/HG002_NA24385_son/CMRG_v1.00/CHM13v1.0/.DS_Store	6148
release/AshkenazimTrio/HG002_NA24385_son/CMRG_v1.00/CHM13v1.0/SmallVariant/HG002_CHM13v1.0_CMRG_smallvar_v1.00_draft.bed	61524
release/AshkenazimTrio/HG002_NA24385_son/CMRG_v1.00/CHM13v1.0/SmallVariant/HG002_CHM13v1.0_CMRG_smallvar_v1.00_draft.vcf.gz	39222804
release/AshkenazimTrio/HG002_NA24385_son/CMRG_v1.00/CHM13v1.0/SmallVariant/HG002_CHM13v1.0_CMRG_smallvar_v1.00_draft.vcf.gz.tbi	1537838
release/AshkenazimTrio/HG002_NA24385_son/CMRG_v1.00/CHM13v1.0/SupplementaryFiles/HG002_CHM13_CMRG_smallvar_v1.00_GRCh38-equiv-regions_draft.bed	102622
release/AshkenazimTrio/HG002_NA24385_son/CMRG_v1.00/CHM13v1.0/SupplementaryFiles/HG002v11-align2-CHM13v1.0/HG002v11-align2-CHM13v1.0.dip.bed	22046
release/AshkenazimTrio/HG002_NA24385_son/CMRG_v1.00/CHM13v1.0/SupplementaryFiles/HG002v11-align2-CHM13v1.0/HG002v11-align2-CHM13v1.0.dip.vcf.gz	39222852
release/AshkenazimTrio/HG002_NA24385_son/CMRG_v1.00/CHM13v1.0/SupplementaryFiles/HG002v11-align2-CHM13v1.0/HG002v11-align2-CHM13v1.0.dip.vcf.gz.tbi	1575044
release/AshkenazimTrio/HG002_NA24385_son/CMRG_v1.00/CHM13v1.0/SupplementaryFiles/HG002v11-align2-CHM13v1.0/HG002v11-align2-CHM13v1.0.hap1.bam	1067913073
release/AshkenazimTrio/HG002_NA24385_son/CMRG_v1.00/CHM13v1.0/SupplementaryFiles/HG002v11-align2-CHM13v1.0/HG002v11-align2-CHM13v1.0.hap1.bam.bai	1531712
release/AshkenazimTrio/HG002_NA24385_son/CMRG_v1.00/CHM13v1.0/SupplementaryFiles/HG002v11-align2-CHM13v1.0/HG002v11-align2-CHM13v1.0.hap2.bam	1114596392
release/AshkenazimTrio/HG002_NA24385_son/CMRG_v1.00/CHM13v1.0/SupplementaryFiles/HG002v11-align2-CHM13v1.0/HG002v11-align2-CHM13v1.0.hap2.bam.bai	1515136
release/AshkenazimTrio/HG002_NA24385_son/CMRG_v1.00/GRCh37/.DS_Store	6148
release/AshkenazimTrio/HG002_NA24385_son/CMRG_v1.00/GRCh37/SmallVariant/HG002_GRCh37_CMRG_smallvar_v1.00.bed	52920
release/AshkenazimTrio/HG002_NA24385_son/CMRG_v1.00/GRCh37/SmallVariant/HG002_GRCh37_CMRG_smallvar_v1.00.vcf.gz	228841
release/AshkenazimTrio/HG002_NA24385_son/CMRG_v1.00/GRCh37/SmallVariant/HG002_GRCh37_CMRG_smallvar_v1.00.vcf.gz.tbi	14518
release/AshkenazimTrio/HG002_NA24385_son/CMRG_v1.00/GRCh37/StructuralVariant/HG002_GRCh37_CMRG_SV_v1.00.bed	10935
release/AshkenazimTrio/HG002_NA24385_son/CMRG_v1.00/GRCh37/StructuralVariant/HG002_GRCh37_CMRG_SV_v1.00.vcf.gz	37299
release/AshkenazimTrio/HG002_NA24385_son/CMRG_v1.00/GRCh37/StructuralVariant/HG002_GRCh37_CMRG_SV_v1.00.vcf.gz.tbi	5888
release/AshkenazimTrio/HG002_NA24385_son/CMRG_v1.00/GRCh37/SupplementaryFiles/.DS_Store	6148
release/AshkenazimTrio/HG002_NA24385_son/CMRG_v1.00/GRCh37/SupplementaryFiles/GRCh37_CMRG_benchmark_gene_coordinates.bed	7217
release/AshkenazimTrio/HG002_NA24385_son/CMRG_v1.00/GRCh37/SupplementaryFiles/HG002v11-align2-GRCh37/HG002v11-align2-GRCh37.dip.bed	20530
release/AshkenazimTrio/HG002_NA24385_son/CMRG_v1.00/GRCh37/SupplementaryFiles/HG002v11-align2-GRCh37/HG002v11-align2-GRCh37.dip.vcf.gz	34914875
release/AshkenazimTrio/HG002_NA24385_son/CMRG_v1.00/GRCh37/SupplementaryFiles/HG002v11-align2-GRCh37/HG002v11-align2-GRCh37.dip.vcf.gz.tbi	1533847
release/AshkenazimTrio/HG002_NA24385_son/CMRG_v1.00/GRCh37/SupplementaryFiles/HG002v11-align2-GRCh37/HG002v11-align2-GRCh37.hap1.bam	1108987223
release/AshkenazimTrio/HG002_NA24385_son/CMRG_v1.00/GRCh37/SupplementaryFiles/HG002v11-align2-GRCh37/HG002v11-align2-GRCh37.hap1.bam.bai	1543272
release/AshkenazimTrio/HG002_NA24385_son/CMRG_v1.00/GRCh37/SupplementaryFiles/HG002v11-align2-GRCh37/HG002v11-align2-GRCh37.hap2.bam	1158424724
release/AshkenazimTrio/HG002_NA24385_son/CMRG_v1.00/GRCh37/SupplementaryFiles/HG002v11-align2-GRCh37/HG002v11-align2-GRCh37.hap2.bam.bai	1543496
release/AshkenazimTrio/HG002_NA24385_son/CMRG_v1.00/GRCh37/SupplementaryFiles/HG002v11-align2-GRCh37/HG002v11-align2-GRCh37_report.html	1346418
release/AshkenazimTrio/HG002_NA24385_son/CMRG_v1.00/GRCh38/SmallVariant/HG002_GRCh38_CMRG_smallvar_v1.00.bed	61538
release/AshkenazimTrio/HG002_NA24385_son/CMRG_v1.00/GRCh38/SmallVariant/HG002_GRCh38_CMRG_smallvar_v1.00.vcf.gz	231237
release/AshkenazimTrio/HG002_NA24385_son/CMRG_v1.00/GRCh38/SmallVariant/HG002_GRCh38_CMRG_smallvar_v1.00.vcf.gz.tbi	14562
release/AshkenazimTrio/HG002_NA24385_son/CMRG_v1.00/GRCh38/StructuralVariant/HG002_GRCh38_CMRG_SV_v1.00.bed	12681
release/AshkenazimTrio/HG002_NA24385_son/CMRG_v1.00/GRCh38/StructuralVariant/HG002_GRCh38_CMRG_SV_v1.00.vcf.gz	38549
release/AshkenazimTrio/HG002_NA24385_son/CMRG_v1.00/GRCh38/StructuralVariant/HG002_GRCh38_CMRG_SV_v1.00.vcf.gz.tbi	5963
release/AshkenazimTrio/HG002_NA24385_son/CMRG_v1.00/GRCh38/SupplementaryFiles/GRCh38_CMRG_benchmark_gene_coordinates.bed	8034
release/AshkenazimTrio/HG002_NA24385_son/CMRG_v1.00/GRCh38/SupplementaryFiles/HG002v11-align2-GRCh38/HG002v11-align2-GRCh38.dip.bed	20545
release/AshkenazimTrio/HG002_NA24385_son/CMRG_v1.00/GRCh38/SupplementaryFiles/HG002v11-align2-GRCh38/HG002v11-align2-GRCh38.dip.vcf.gz	37896397
release/AshkenazimTrio/HG002_NA24385_son/CMRG_v1.00/GRCh38/SupplementaryFiles/HG002v11-align2-GRCh38/HG002v11-align2-GRCh38.dip.vcf.gz.tbi	1545365
release/AshkenazimTrio/HG002_NA24385_son/CMRG_v1.00/GRCh38/SupplementaryFiles/HG002v11-align2-GRCh38/HG002v11-align2-GRCh38.hap1.bam	1082338980
release/AshkenazimTrio/HG002_NA24385_son/CMRG_v1.00/GRCh38/SupplementaryFiles/HG002v11-align2-GRCh38/HG002v11-align2-GRCh38.hap1.bam.bai	1525168
release/AshkenazimTrio/HG002_NA24385_son/CMRG_v1.00/GRCh38/SupplementaryFiles/HG002v11-align2-GRCh38/HG002v11-align2-GRCh38.hap2.bam	1128569043
release/AshkenazimTrio/HG002_NA24385_son/CMRG_v1.00/GRCh38/SupplementaryFiles/HG002v11-align2-GRCh38/HG002v11-align2-GRCh38.hap2.bam.bai	1525312
release/AshkenazimTrio/HG002_NA24385_son/CMRG_v1.00/GRCh38/SupplementaryFiles/HG002v11-align2-GRCh38/HG002v11-align2-GRCh38_report.html	1346339
release/AshkenazimTrio/HG002_NA24385_son/CMRG_v1.00/README_GIAB_medical_gene_benchmark.md	14391
release/AshkenazimTrio/HG002_NA24385_son/CMRG_v1.00/chksum.md5	5113
release/AshkenazimTrio/HG002_NA24385_son/CMRG_v1.00/hifiasm-assembly/HG002-v0.11.mat.fa.gz	889964170
release/AshkenazimTrio/HG002_NA24385_son/CMRG_v1.00/hifiasm-assembly/HG002-v0.11.mat.gff.gz	40667894
release/AshkenazimTrio/HG002_NA24385_son/CMRG_v1.00/hifiasm-assembly/HG002-v0.11.pat.fa.gz	854715005
release/AshkenazimTrio/HG002_NA24385_son/CMRG_v1.00/hifiasm-assembly/HG002-v0.11.pat.gff.gz	39665355
release/AshkenazimTrio/HG002_NA24385_son/NIST_SV_v0.6/GIAB_Evaluations/10x_ifiddes_ambarrio-GIAB_0.6/GIAB_v0.6_manual_curation_by_10X.xlsx	16606
release/AshkenazimTrio/HG002_NA24385_son/NIST_SV_v0.6/GIAB_Evaluations/10x_ifiddes_ambarrio-GIAB_0.6/Truvari_Report_10X-GIAB_v0.6.xlsx	22083
release/AshkenazimTrio/HG002_NA24385_son/NIST_SV_v0.6/GIAB_Evaluations/10x_ifiddes_ambarrio-GIAB_0.6/base-filter.vcf.gz	3624223
release/AshkenazimTrio/HG002_NA24385_son/NIST_SV_v0.6/GIAB_Evaluations/10x_ifiddes_ambarrio-GIAB_0.6/base-filter.vcf.gz.tbi	73832
release/AshkenazimTrio/HG002_NA24385_son/NIST_SV_v0.6/GIAB_Evaluations/10x_ifiddes_ambarrio-GIAB_0.6/call-filter.vcf.gz	2666
release/AshkenazimTrio/HG002_NA24385_son/NIST_SV_v0.6/GIAB_Evaluations/10x_ifiddes_ambarrio-GIAB_0.6/call-filter.vcf.gz.tbi	1776
release/AshkenazimTrio/HG002_NA24385_son/NIST_SV_v0.6/GIAB_Evaluations/10x_ifiddes_ambarrio-GIAB_0.6/curation4giab.csv	16416
release/AshkenazimTrio/HG002_NA24385_son/NIST_SV_v0.6/GIAB_Evaluations/10x_ifiddes_ambarrio-GIAB_0.6/fn.vcf.gz	3071308
release/AshkenazimTrio/HG002_NA24385_son/NIST_SV_v0.6/GIAB_Evaluations/10x_ifiddes_ambarrio-GIAB_0.6/fn.vcf.gz.tbi	88791
release/AshkenazimTrio/HG002_NA24385_son/NIST_SV_v0.6/GIAB_Evaluations/10x_ifiddes_ambarrio-GIAB_0.6/fn_del_TR.vcf.gz	456109
release/AshkenazimTrio/HG002_NA24385_son/NIST_SV_v0.6/GIAB_Evaluations/10x_ifiddes_ambarrio-GIAB_0.6/fn_del_TR.vcf.gz.tbi	24440
release/AshkenazimTrio/HG002_NA24385_son/NIST_SV_v0.6/GIAB_Evaluations/10x_ifiddes_ambarrio-GIAB_0.6/fn_del_nonTR.vcf.gz	282723
release/AshkenazimTrio/HG002_NA24385_son/NIST_SV_v0.6/GIAB_Evaluations/10x_ifiddes_ambarrio-GIAB_0.6/fn_del_nonTR.vcf.gz.tbi	9734
release/AshkenazimTrio/HG002_NA24385_son/NIST_SV_v0.6/GIAB_Evaluations/10x_ifiddes_ambarrio-GIAB_0.6/fn_ins_TR.vcf.gz	622811
release/AshkenazimTrio/HG002_NA24385_son/NIST_SV_v0.6/GIAB_Evaluations/10x_ifiddes_ambarrio-GIAB_0.6/fn_ins_TR.vcf.gz.tbi	30260
release/AshkenazimTrio/HG002_NA24385_son/NIST_SV_v0.6/GIAB_Evaluations/10x_ifiddes_ambarrio-GIAB_0.6/fn_ins_nonTR.vcf.gz	1684724
release/AshkenazimTrio/HG002_NA24385_son/NIST_SV_v0.6/GIAB_Evaluations/10x_ifiddes_ambarrio-GIAB_0.6/fn_ins_nonTR.vcf.gz.tbi	47753
release/AshkenazimTrio/HG002_NA24385_son/NIST_SV_v0.6/GIAB_Evaluations/10x_ifiddes_ambarrio-GIAB_0.6/fp.vcf.gz	36542
release/AshkenazimTrio/HG002_NA24385_son/NIST_SV_v0.6/GIAB_Evaluations/10x_ifiddes_ambarrio-GIAB_0.6/fp.vcf.gz.tbi	4043
release/AshkenazimTrio/HG002_NA24385_son/NIST_SV_v0.6/GIAB_Evaluations/10x_ifiddes_ambarrio-GIAB_0.6/fp_del_TR.vcf.gz	4769
release/AshkenazimTrio/HG002_NA24385_son/NIST_SV_v0.6/GIAB_Evaluations/10x_ifiddes_ambarrio-GIAB_0.6/fp_del_TR.vcf.gz.tbi	2789
release/AshkenazimTrio/HG002_NA24385_son/NIST_SV_v0.6/GIAB_Evaluations/10x_ifiddes_ambarrio-GIAB_0.6/fp_del_nonTR.vcf.gz	33285
release/AshkenazimTrio/HG002_NA24385_son/NIST_SV_v0.6/GIAB_Evaluations/10x_ifiddes_ambarrio-GIAB_0.6/fp_del_nonTR.vcf.gz.tbi	2005
release/AshkenazimTrio/HG002_NA24385_son/NIST_SV_v0.6/GIAB_Evaluations/10x_ifiddes_ambarrio-GIAB_0.6/fp_ins_TR.vcf.gz	1863
release/AshkenazimTrio/HG002_NA24385_son/NIST_SV_v0.6/GIAB_Evaluations/10x_ifiddes_ambarrio-GIAB_0.6/fp_ins_TR.vcf.gz.tbi	72
release/AshkenazimTrio/HG002_NA24385_son/NIST_SV_v0.6/GIAB_Evaluations/10x_ifiddes_ambarrio-GIAB_0.6/fp_ins_nonTR.vcf.gz	1863
release/AshkenazimTrio/HG002_NA24385_son/NIST_SV_v0.6/GIAB_Evaluations/10x_ifiddes_ambarrio-GIAB_0.6/fp_ins_nonTR.vcf.gz.tbi	72
release/AshkenazimTrio/HG002_NA24385_son/NIST_SV_v0.6/GIAB_Evaluations/10x_ifiddes_ambarrio-GIAB_0.6/giab_report.txt	3602
release/AshkenazimTrio/HG002_NA24385_son/NIST_SV_v0.6/GIAB_Evaluations/10x_ifiddes_ambarrio-GIAB_0.6/images_sv-plaudit-20180810.tar.gz	42055646
release/AshkenazimTrio/HG002_NA24385_son/NIST_SV_v0.6/GIAB_Evaluations/10x_ifiddes_ambarrio-GIAB_0.6/log.txt	2356
release/AshkenazimTrio/HG002_NA24385_son/NIST_SV_v0.6/GIAB_Evaluations/10x_ifiddes_ambarrio-GIAB_0.6/summary.txt	335
release/AshkenazimTrio/HG002_NA24385_son/NIST_SV_v0.6/GIAB_Evaluations/10x_ifiddes_ambarrio-GIAB_0.6/tp-base.vcf.gz	1602489
release/AshkenazimTrio/HG002_NA24385_son/NIST_SV_v0.6/GIAB_Evaluations/10x_ifiddes_ambarrio-GIAB_0.6/tp-base.vcf.gz.tbi	35350
release/AshkenazimTrio/HG002_NA24385_son/NIST_SV_v0.6/GIAB_Evaluations/10x_ifiddes_ambarrio-GIAB_0.6/tp-call.vcf.gz	770002
release/AshkenazimTrio/HG002_NA24385_son/NIST_SV_v0.6/GIAB_Evaluations/10x_ifiddes_ambarrio-GIAB_0.6/tp-call.vcf.gz.tbi	34866
release/AshkenazimTrio/HG002_NA24385_son/NIST_SV_v0.6/GIAB_Evaluations/BoutrosLab-SV_curation_GIABv0.6/delly_GIABv0.6/_vcf.vcf	0
release/AshkenazimTrio/HG002_NA24385_son/NIST_SV_v0.6/GIAB_Evaluations/BoutrosLab-SV_curation_GIABv0.6/delly_GIABv0.6/norm_recall_HG002.merged__filt_DUPtoINS.vcf.gz	531930
release/AshkenazimTrio/HG002_NA24385_son/NIST_SV_v0.6/GIAB_Evaluations/BoutrosLab-SV_curation_GIABv0.6/delly_GIABv0.6/norm_recall_HG002.merged__filt_DUPtoINS.vcf.gz.tbi	32267
release/AshkenazimTrio/HG002_NA24385_son/NIST_SV_v0.6/GIAB_Evaluations/BoutrosLab-SV_curation_GIABv0.6/delly_GIABv0.6/truvari_delly/base-filter.vcf	17961576
release/AshkenazimTrio/HG002_NA24385_son/NIST_SV_v0.6/GIAB_Evaluations/BoutrosLab-SV_curation_GIABv0.6/delly_GIABv0.6/truvari_delly/call-filter.vcf	744946
release/AshkenazimTrio/HG002_NA24385_son/NIST_SV_v0.6/GIAB_Evaluations/BoutrosLab-SV_curation_GIABv0.6/delly_GIABv0.6/truvari_delly/fn.vcf	21290948
release/AshkenazimTrio/HG002_NA24385_son/NIST_SV_v0.6/GIAB_Evaluations/BoutrosLab-SV_curation_GIABv0.6/delly_GIABv0.6/truvari_delly/fn_del_TR.vcf	3830297
release/AshkenazimTrio/HG002_NA24385_son/NIST_SV_v0.6/GIAB_Evaluations/BoutrosLab-SV_curation_GIABv0.6/delly_GIABv0.6/truvari_delly/fn_del_nonTR.vcf	4750140
release/AshkenazimTrio/HG002_NA24385_son/NIST_SV_v0.6/GIAB_Evaluations/BoutrosLab-SV_curation_GIABv0.6/delly_GIABv0.6/truvari_delly/fn_ins_TR.vcf	4041990
release/AshkenazimTrio/HG002_NA24385_son/NIST_SV_v0.6/GIAB_Evaluations/BoutrosLab-SV_curation_GIABv0.6/delly_GIABv0.6/truvari_delly/fn_ins_nonTR.vcf	8656884
release/AshkenazimTrio/HG002_NA24385_son/NIST_SV_v0.6/GIAB_Evaluations/BoutrosLab-SV_curation_GIABv0.6/delly_GIABv0.6/truvari_delly/fp.vcf	254673
release/AshkenazimTrio/HG002_NA24385_son/NIST_SV_v0.6/GIAB_Evaluations/BoutrosLab-SV_curation_GIABv0.6/delly_GIABv0.6/truvari_delly/fp_del_TR.vcf	21680
release/AshkenazimTrio/HG002_NA24385_son/NIST_SV_v0.6/GIAB_Evaluations/BoutrosLab-SV_curation_GIABv0.6/delly_GIABv0.6/truvari_delly/fp_del_TR_alex.vcf	3618
release/AshkenazimTrio/HG002_NA24385_son/NIST_SV_v0.6/GIAB_Evaluations/BoutrosLab-SV_curation_GIABv0.6/delly_GIABv0.6/truvari_delly/fp_del_nonTR.vcf	47412
release/AshkenazimTrio/HG002_NA24385_son/NIST_SV_v0.6/GIAB_Evaluations/BoutrosLab-SV_curation_GIABv0.6/delly_GIABv0.6/truvari_delly/fp_ins_TR.vcf	59711
release/AshkenazimTrio/HG002_NA24385_son/NIST_SV_v0.6/GIAB_Evaluations/BoutrosLab-SV_curation_GIABv0.6/delly_GIABv0.6/truvari_delly/fp_ins_nonTR.vcf	38713
release/AshkenazimTrio/HG002_NA24385_son/NIST_SV_v0.6/GIAB_Evaluations/BoutrosLab-SV_curation_GIABv0.6/delly_GIABv0.6/truvari_delly/giab_report.txt	3303
release/AshkenazimTrio/HG002_NA24385_son/NIST_SV_v0.6/GIAB_Evaluations/BoutrosLab-SV_curation_GIABv0.6/delly_GIABv0.6/truvari_delly/log.txt	2233
release/AshkenazimTrio/HG002_NA24385_son/NIST_SV_v0.6/GIAB_Evaluations/BoutrosLab-SV_curation_GIABv0.6/delly_GIABv0.6/truvari_delly/summary.txt	350
release/AshkenazimTrio/HG002_NA24385_son/NIST_SV_v0.6/GIAB_Evaluations/BoutrosLab-SV_curation_GIABv0.6/delly_GIABv0.6/truvari_delly/tp-base.vcf	4129497
release/AshkenazimTrio/HG002_NA24385_son/NIST_SV_v0.6/GIAB_Evaluations/BoutrosLab-SV_curation_GIABv0.6/delly_GIABv0.6/truvari_delly/tp-call.vcf	498524
release/AshkenazimTrio/HG002_NA24385_son/NIST_SV_v0.6/GIAB_Evaluations/BoutrosLab-SV_curation_GIABv0.6/manta_GIABv0.6/diploidSV_PASS_DUPtoINS.vcf.gz	1357825
release/AshkenazimTrio/HG002_NA24385_son/NIST_SV_v0.6/GIAB_Evaluations/BoutrosLab-SV_curation_GIABv0.6/manta_GIABv0.6/diploidSV_PASS_DUPtoINS.vcf.gz.tbi	131169
release/AshkenazimTrio/HG002_NA24385_son/NIST_SV_v0.6/GIAB_Evaluations/BoutrosLab-SV_curation_GIABv0.6/manta_GIABv0.6/truvari_manta_filtered_pctsim_GIABv0.6/base-filter.vcf	17961576
release/AshkenazimTrio/HG002_NA24385_son/NIST_SV_v0.6/GIAB_Evaluations/BoutrosLab-SV_curation_GIABv0.6/manta_GIABv0.6/truvari_manta_filtered_pctsim_GIABv0.6/call-filter.vcf	1057288
release/AshkenazimTrio/HG002_NA24385_son/NIST_SV_v0.6/GIAB_Evaluations/BoutrosLab-SV_curation_GIABv0.6/manta_GIABv0.6/truvari_manta_filtered_pctsim_GIABv0.6/fn.vcf	15900814
release/AshkenazimTrio/HG002_NA24385_son/NIST_SV_v0.6/GIAB_Evaluations/BoutrosLab-SV_curation_GIABv0.6/manta_GIABv0.6/truvari_manta_filtered_pctsim_GIABv0.6/fn_del_TR.vcf	2179380
release/AshkenazimTrio/HG002_NA24385_son/NIST_SV_v0.6/GIAB_Evaluations/BoutrosLab-SV_curation_GIABv0.6/manta_GIABv0.6/truvari_manta_filtered_pctsim_GIABv0.6/fn_del_nonTR.vcf	3618887
release/AshkenazimTrio/HG002_NA24385_son/NIST_SV_v0.6/GIAB_Evaluations/BoutrosLab-SV_curation_GIABv0.6/manta_GIABv0.6/truvari_manta_filtered_pctsim_GIABv0.6/fn_ins_TR.vcf	3425586
release/AshkenazimTrio/HG002_NA24385_son/NIST_SV_v0.6/GIAB_Evaluations/BoutrosLab-SV_curation_GIABv0.6/manta_GIABv0.6/truvari_manta_filtered_pctsim_GIABv0.6/fn_ins_nonTR.vcf	6665324
release/AshkenazimTrio/HG002_NA24385_son/NIST_SV_v0.6/GIAB_Evaluations/BoutrosLab-SV_curation_GIABv0.6/manta_GIABv0.6/truvari_manta_filtered_pctsim_GIABv0.6/fp.vcf	474459
release/AshkenazimTrio/HG002_NA24385_son/NIST_SV_v0.6/GIAB_Evaluations/BoutrosLab-SV_curation_GIABv0.6/manta_GIABv0.6/truvari_manta_filtered_pctsim_GIABv0.6/fp_del_TR.vcf	147514
release/AshkenazimTrio/HG002_NA24385_son/NIST_SV_v0.6/GIAB_Evaluations/BoutrosLab-SV_curation_GIABv0.6/manta_GIABv0.6/truvari_manta_filtered_pctsim_GIABv0.6/fp_del_nonTR.vcf	164904
release/AshkenazimTrio/HG002_NA24385_son/NIST_SV_v0.6/GIAB_Evaluations/BoutrosLab-SV_curation_GIABv0.6/manta_GIABv0.6/truvari_manta_filtered_pctsim_GIABv0.6/fp_ins_TR.vcf	35239
release/AshkenazimTrio/HG002_NA24385_son/NIST_SV_v0.6/GIAB_Evaluations/BoutrosLab-SV_curation_GIABv0.6/manta_GIABv0.6/truvari_manta_filtered_pctsim_GIABv0.6/fp_ins_nonTR.vcf	74298
release/AshkenazimTrio/HG002_NA24385_son/NIST_SV_v0.6/GIAB_Evaluations/BoutrosLab-SV_curation_GIABv0.6/manta_GIABv0.6/truvari_manta_filtered_pctsim_GIABv0.6/giab_report.txt	3351
release/AshkenazimTrio/HG002_NA24385_son/NIST_SV_v0.6/GIAB_Evaluations/BoutrosLab-SV_curation_GIABv0.6/manta_GIABv0.6/truvari_manta_filtered_pctsim_GIABv0.6/log.txt	2207
release/AshkenazimTrio/HG002_NA24385_son/NIST_SV_v0.6/GIAB_Evaluations/BoutrosLab-SV_curation_GIABv0.6/manta_GIABv0.6/truvari_manta_filtered_pctsim_GIABv0.6/summary.txt	353
release/AshkenazimTrio/HG002_NA24385_son/NIST_SV_v0.6/GIAB_Evaluations/BoutrosLab-SV_curation_GIABv0.6/manta_GIABv0.6/truvari_manta_filtered_pctsim_GIABv0.6/tp-base.vcf	9902575
release/AshkenazimTrio/HG002_NA24385_son/NIST_SV_v0.6/GIAB_Evaluations/BoutrosLab-SV_curation_GIABv0.6/manta_GIABv0.6/truvari_manta_filtered_pctsim_GIABv0.6/tp-call.vcf	2114159
release/AshkenazimTrio/HG002_NA24385_son/NIST_SV_v0.6/GIAB_Evaluations/BoutrosLab-SV_curation_GIABv0.6/methods.txt	563
release/AshkenazimTrio/HG002_NA24385_son/NIST_SV_v0.6/GIAB_Evaluations/NIST_SVCurator_compare/SVCuratorGT_Thr1Thr2concordantSites_v0.6GTdiscordantSites.xlsx	22365
release/AshkenazimTrio/HG002_NA24385_son/NIST_SV_v0.6/GIAB_Evaluations/SVRefine_v0.6_TruvariReports_NFH/HG2_10X_PBhap_1117.merged.clustered.0.2.0.2.0.2_vs_GIABv0.6/base-filter.vcf	17961576
release/AshkenazimTrio/HG002_NA24385_son/NIST_SV_v0.6/GIAB_Evaluations/SVRefine_v0.6_TruvariReports_NFH/HG2_10X_PBhap_1117.merged.clustered.0.2.0.2.0.2_vs_GIABv0.6/call-filter.vcf	724032
release/AshkenazimTrio/HG002_NA24385_son/NIST_SV_v0.6/GIAB_Evaluations/SVRefine_v0.6_TruvariReports_NFH/HG2_10X_PBhap_1117.merged.clustered.0.2.0.2.0.2_vs_GIABv0.6/fn.vcf	8264177
release/AshkenazimTrio/HG002_NA24385_son/NIST_SV_v0.6/GIAB_Evaluations/SVRefine_v0.6_TruvariReports_NFH/HG2_10X_PBhap_1117.merged.clustered.0.2.0.2.0.2_vs_GIABv0.6/fn_del_TR.vcf	1810991
release/AshkenazimTrio/HG002_NA24385_son/NIST_SV_v0.6/GIAB_Evaluations/SVRefine_v0.6_TruvariReports_NFH/HG2_10X_PBhap_1117.merged.clustered.0.2.0.2.0.2_vs_GIABv0.6/fn_del_nonTR.vcf	1751446
release/AshkenazimTrio/HG002_NA24385_son/NIST_SV_v0.6/GIAB_Evaluations/SVRefine_v0.6_TruvariReports_NFH/HG2_10X_PBhap_1117.merged.clustered.0.2.0.2.0.2_vs_GIABv0.6/fn_ins_TR.vcf	1476317
release/AshkenazimTrio/HG002_NA24385_son/NIST_SV_v0.6/GIAB_Evaluations/SVRefine_v0.6_TruvariReports_NFH/HG2_10X_PBhap_1117.merged.clustered.0.2.0.2.0.2_vs_GIABv0.6/fn_ins_nonTR.vcf	3213786
release/AshkenazimTrio/HG002_NA24385_son/NIST_SV_v0.6/GIAB_Evaluations/SVRefine_v0.6_TruvariReports_NFH/HG2_10X_PBhap_1117.merged.clustered.0.2.0.2.0.2_vs_GIABv0.6/fp.vcf	1717894
release/AshkenazimTrio/HG002_NA24385_son/NIST_SV_v0.6/GIAB_Evaluations/SVRefine_v0.6_TruvariReports_NFH/HG2_10X_PBhap_1117.merged.clustered.0.2.0.2.0.2_vs_GIABv0.6/fp_del_TR.vcf	107886
release/AshkenazimTrio/HG002_NA24385_son/NIST_SV_v0.6/GIAB_Evaluations/SVRefine_v0.6_TruvariReports_NFH/HG2_10X_PBhap_1117.merged.clustered.0.2.0.2.0.2_vs_GIABv0.6/fp_del_nonTR.vcf	710386
release/AshkenazimTrio/HG002_NA24385_son/NIST_SV_v0.6/GIAB_Evaluations/SVRefine_v0.6_TruvariReports_NFH/HG2_10X_PBhap_1117.merged.clustered.0.2.0.2.0.2_vs_GIABv0.6/fp_ins_TR.vcf	79804
release/AshkenazimTrio/HG002_NA24385_son/NIST_SV_v0.6/GIAB_Evaluations/SVRefine_v0.6_TruvariReports_NFH/HG2_10X_PBhap_1117.merged.clustered.0.2.0.2.0.2_vs_GIABv0.6/fp_ins_nonTR.vcf	815480
release/AshkenazimTrio/HG002_NA24385_son/NIST_SV_v0.6/GIAB_Evaluations/SVRefine_v0.6_TruvariReports_NFH/HG2_10X_PBhap_1117.merged.clustered.0.2.0.2.0.2_vs_GIABv0.6/giab_report.txt	3404
release/AshkenazimTrio/HG002_NA24385_son/NIST_SV_v0.6/GIAB_Evaluations/SVRefine_v0.6_TruvariReports_NFH/HG2_10X_PBhap_1117.merged.clustered.0.2.0.2.0.2_vs_GIABv0.6/log.txt	2269
release/AshkenazimTrio/HG002_NA24385_son/NIST_SV_v0.6/GIAB_Evaluations/SVRefine_v0.6_TruvariReports_NFH/HG2_10X_PBhap_1117.merged.clustered.0.2.0.2.0.2_vs_GIABv0.6/summary.txt	347
release/AshkenazimTrio/HG002_NA24385_son/NIST_SV_v0.6/GIAB_Evaluations/SVRefine_v0.6_TruvariReports_NFH/HG2_10X_PBhap_1117.merged.clustered.0.2.0.2.0.2_vs_GIABv0.6/tp-base.vcf	17820450
release/AshkenazimTrio/HG002_NA24385_son/NIST_SV_v0.6/GIAB_Evaluations/SVRefine_v0.6_TruvariReports_NFH/HG2_10X_PBhap_1117.merged.clustered.0.2.0.2.0.2_vs_GIABv0.6/tp-call.vcf	8766300
release/AshkenazimTrio/HG002_NA24385_son/NIST_SV_v0.6/GIAB_Evaluations/SVRefine_v0.6_TruvariReports_NFH/HG2_ACar_cns_0418.merged.clustered.0.2.0.2.0.2_vs_GIABv0.6/base-filter.vcf	17961576
release/AshkenazimTrio/HG002_NA24385_son/NIST_SV_v0.6/GIAB_Evaluations/SVRefine_v0.6_TruvariReports_NFH/HG2_ACar_cns_0418.merged.clustered.0.2.0.2.0.2_vs_GIABv0.6/call-filter.vcf	3193082
release/AshkenazimTrio/HG002_NA24385_son/NIST_SV_v0.6/GIAB_Evaluations/SVRefine_v0.6_TruvariReports_NFH/HG2_ACar_cns_0418.merged.clustered.0.2.0.2.0.2_vs_GIABv0.6/fn.vcf	4730572
release/AshkenazimTrio/HG002_NA24385_son/NIST_SV_v0.6/GIAB_Evaluations/SVRefine_v0.6_TruvariReports_NFH/HG2_ACar_cns_0418.merged.clustered.0.2.0.2.0.2_vs_GIABv0.6/fn_del_TR.vcf	1429856
release/AshkenazimTrio/HG002_NA24385_son/NIST_SV_v0.6/GIAB_Evaluations/SVRefine_v0.6_TruvariReports_NFH/HG2_ACar_cns_0418.merged.clustered.0.2.0.2.0.2_vs_GIABv0.6/fn_del_nonTR.vcf	982010
release/AshkenazimTrio/HG002_NA24385_son/NIST_SV_v0.6/GIAB_Evaluations/SVRefine_v0.6_TruvariReports_NFH/HG2_ACar_cns_0418.merged.clustered.0.2.0.2.0.2_vs_GIABv0.6/fn_ins_TR.vcf	951886
release/AshkenazimTrio/HG002_NA24385_son/NIST_SV_v0.6/GIAB_Evaluations/SVRefine_v0.6_TruvariReports_NFH/HG2_ACar_cns_0418.merged.clustered.0.2.0.2.0.2_vs_GIABv0.6/fn_ins_nonTR.vcf	1355183
release/AshkenazimTrio/HG002_NA24385_son/NIST_SV_v0.6/GIAB_Evaluations/SVRefine_v0.6_TruvariReports_NFH/HG2_ACar_cns_0418.merged.clustered.0.2.0.2.0.2_vs_GIABv0.6/fp.vcf	454666
release/AshkenazimTrio/HG002_NA24385_son/NIST_SV_v0.6/GIAB_Evaluations/SVRefine_v0.6_TruvariReports_NFH/HG2_ACar_cns_0418.merged.clustered.0.2.0.2.0.2_vs_GIABv0.6/fp_del_TR.vcf	57105
release/AshkenazimTrio/HG002_NA24385_son/NIST_SV_v0.6/GIAB_Evaluations/SVRefine_v0.6_TruvariReports_NFH/HG2_ACar_cns_0418.merged.clustered.0.2.0.2.0.2_vs_GIABv0.6/fp_del_nonTR.vcf	112208
release/AshkenazimTrio/HG002_NA24385_son/NIST_SV_v0.6/GIAB_Evaluations/SVRefine_v0.6_TruvariReports_NFH/HG2_ACar_cns_0418.merged.clustered.0.2.0.2.0.2_vs_GIABv0.6/fp_ins_TR.vcf	98085
release/AshkenazimTrio/HG002_NA24385_son/NIST_SV_v0.6/GIAB_Evaluations/SVRefine_v0.6_TruvariReports_NFH/HG2_ACar_cns_0418.merged.clustered.0.2.0.2.0.2_vs_GIABv0.6/fp_ins_nonTR.vcf	182930
release/AshkenazimTrio/HG002_NA24385_son/NIST_SV_v0.6/GIAB_Evaluations/SVRefine_v0.6_TruvariReports_NFH/HG2_ACar_cns_0418.merged.clustered.0.2.0.2.0.2_vs_GIABv0.6/giab_report.txt	3376
release/AshkenazimTrio/HG002_NA24385_son/NIST_SV_v0.6/GIAB_Evaluations/SVRefine_v0.6_TruvariReports_NFH/HG2_ACar_cns_0418.merged.clustered.0.2.0.2.0.2_vs_GIABv0.6/log.txt	2266
release/AshkenazimTrio/HG002_NA24385_son/NIST_SV_v0.6/GIAB_Evaluations/SVRefine_v0.6_TruvariReports_NFH/HG2_ACar_cns_0418.merged.clustered.0.2.0.2.0.2_vs_GIABv0.6/summary.txt	348
release/AshkenazimTrio/HG002_NA24385_son/NIST_SV_v0.6/GIAB_Evaluations/SVRefine_v0.6_TruvariReports_NFH/HG2_ACar_cns_0418.merged.clustered.0.2.0.2.0.2_vs_GIABv0.6/tp-base.vcf	21570353
release/AshkenazimTrio/HG002_NA24385_son/NIST_SV_v0.6/GIAB_Evaluations/SVRefine_v0.6_TruvariReports_NFH/HG2_ACar_cns_0418.merged.clustered.0.2.0.2.0.2_vs_GIABv0.6/tp-call.vcf	10410100
release/AshkenazimTrio/HG002_NA24385_son/NIST_SV_v0.6/GIAB_Evaluations/SVRefine_v0.6_TruvariReports_NFH/HG2_IFid_pseu2_0118.merged.clustered.0.2.0.2.0.2_vs_GIABv0.6/base-filter.vcf	17961576
release/AshkenazimTrio/HG002_NA24385_son/NIST_SV_v0.6/GIAB_Evaluations/SVRefine_v0.6_TruvariReports_NFH/HG2_IFid_pseu2_0118.merged.clustered.0.2.0.2.0.2_vs_GIABv0.6/call-filter.vcf	2621267
release/AshkenazimTrio/HG002_NA24385_son/NIST_SV_v0.6/GIAB_Evaluations/SVRefine_v0.6_TruvariReports_NFH/HG2_IFid_pseu2_0118.merged.clustered.0.2.0.2.0.2_vs_GIABv0.6/fn.vcf	12152091
release/AshkenazimTrio/HG002_NA24385_son/NIST_SV_v0.6/GIAB_Evaluations/SVRefine_v0.6_TruvariReports_NFH/HG2_IFid_pseu2_0118.merged.clustered.0.2.0.2.0.2_vs_GIABv0.6/fn_del_TR.vcf	2356731
release/AshkenazimTrio/HG002_NA24385_son/NIST_SV_v0.6/GIAB_Evaluations/SVRefine_v0.6_TruvariReports_NFH/HG2_IFid_pseu2_0118.merged.clustered.0.2.0.2.0.2_vs_GIABv0.6/fn_del_nonTR.vcf	1425411
release/AshkenazimTrio/HG002_NA24385_son/NIST_SV_v0.6/GIAB_Evaluations/SVRefine_v0.6_TruvariReports_NFH/HG2_IFid_pseu2_0118.merged.clustered.0.2.0.2.0.2_vs_GIABv0.6/fn_ins_TR.vcf	3601559
release/AshkenazimTrio/HG002_NA24385_son/NIST_SV_v0.6/GIAB_Evaluations/SVRefine_v0.6_TruvariReports_NFH/HG2_IFid_pseu2_0118.merged.clustered.0.2.0.2.0.2_vs_GIABv0.6/fn_ins_nonTR.vcf	4756753
release/AshkenazimTrio/HG002_NA24385_son/NIST_SV_v0.6/GIAB_Evaluations/SVRefine_v0.6_TruvariReports_NFH/HG2_IFid_pseu2_0118.merged.clustered.0.2.0.2.0.2_vs_GIABv0.6/fp.vcf	4369291
release/AshkenazimTrio/HG002_NA24385_son/NIST_SV_v0.6/GIAB_Evaluations/SVRefine_v0.6_TruvariReports_NFH/HG2_IFid_pseu2_0118.merged.clustered.0.2.0.2.0.2_vs_GIABv0.6/fp_del_TR.vcf	2254126
release/AshkenazimTrio/HG002_NA24385_son/NIST_SV_v0.6/GIAB_Evaluations/SVRefine_v0.6_TruvariReports_NFH/HG2_IFid_pseu2_0118.merged.clustered.0.2.0.2.0.2_vs_GIABv0.6/fp_del_nonTR.vcf	1801489
release/AshkenazimTrio/HG002_NA24385_son/NIST_SV_v0.6/GIAB_Evaluations/SVRefine_v0.6_TruvariReports_NFH/HG2_IFid_pseu2_0118.merged.clustered.0.2.0.2.0.2_vs_GIABv0.6/fp_ins_TR.vcf	73325
release/AshkenazimTrio/HG002_NA24385_son/NIST_SV_v0.6/GIAB_Evaluations/SVRefine_v0.6_TruvariReports_NFH/HG2_IFid_pseu2_0118.merged.clustered.0.2.0.2.0.2_vs_GIABv0.6/fp_ins_nonTR.vcf	236013
release/AshkenazimTrio/HG002_NA24385_son/NIST_SV_v0.6/GIAB_Evaluations/SVRefine_v0.6_TruvariReports_NFH/HG2_IFid_pseu2_0118.merged.clustered.0.2.0.2.0.2_vs_GIABv0.6/giab_report.txt	3405
release/AshkenazimTrio/HG002_NA24385_son/NIST_SV_v0.6/GIAB_Evaluations/SVRefine_v0.6_TruvariReports_NFH/HG2_IFid_pseu2_0118.merged.clustered.0.2.0.2.0.2_vs_GIABv0.6/log.txt	2278
release/AshkenazimTrio/HG002_NA24385_son/NIST_SV_v0.6/GIAB_Evaluations/SVRefine_v0.6_TruvariReports_NFH/HG2_IFid_pseu2_0118.merged.clustered.0.2.0.2.0.2_vs_GIABv0.6/summary.txt	352
release/AshkenazimTrio/HG002_NA24385_son/NIST_SV_v0.6/GIAB_Evaluations/SVRefine_v0.6_TruvariReports_NFH/HG2_IFid_pseu2_0118.merged.clustered.0.2.0.2.0.2_vs_GIABv0.6/tp-base.vcf	13707647
release/AshkenazimTrio/HG002_NA24385_son/NIST_SV_v0.6/GIAB_Evaluations/SVRefine_v0.6_TruvariReports_NFH/HG2_IFid_pseu2_0118.merged.clustered.0.2.0.2.0.2_vs_GIABv0.6/tp-call.vcf	6229772
release/AshkenazimTrio/HG002_NA24385_son/NIST_SV_v0.6/GIAB_Evaluations/SVRefine_v0.6_TruvariReports_NFH/HG2_MCha_hpol_0218.merged.clustered.0.2.0.2.0.2_vs_GIABv0.6/base-filter.vcf	17961576
release/AshkenazimTrio/HG002_NA24385_son/NIST_SV_v0.6/GIAB_Evaluations/SVRefine_v0.6_TruvariReports_NFH/HG2_MCha_hpol_0218.merged.clustered.0.2.0.2.0.2_vs_GIABv0.6/call-filter.vcf	22734536
release/AshkenazimTrio/HG002_NA24385_son/NIST_SV_v0.6/GIAB_Evaluations/SVRefine_v0.6_TruvariReports_NFH/HG2_MCha_hpol_0218.merged.clustered.0.2.0.2.0.2_vs_GIABv0.6/fn.vcf	6007732
release/AshkenazimTrio/HG002_NA24385_son/NIST_SV_v0.6/GIAB_Evaluations/SVRefine_v0.6_TruvariReports_NFH/HG2_MCha_hpol_0218.merged.clustered.0.2.0.2.0.2_vs_GIABv0.6/fn_del_TR.vcf	1538478
release/AshkenazimTrio/HG002_NA24385_son/NIST_SV_v0.6/GIAB_Evaluations/SVRefine_v0.6_TruvariReports_NFH/HG2_MCha_hpol_0218.merged.clustered.0.2.0.2.0.2_vs_GIABv0.6/fn_del_nonTR.vcf	1170117
release/AshkenazimTrio/HG002_NA24385_son/NIST_SV_v0.6/GIAB_Evaluations/SVRefine_v0.6_TruvariReports_NFH/HG2_MCha_hpol_0218.merged.clustered.0.2.0.2.0.2_vs_GIABv0.6/fn_ins_TR.vcf	1264644
release/AshkenazimTrio/HG002_NA24385_son/NIST_SV_v0.6/GIAB_Evaluations/SVRefine_v0.6_TruvariReports_NFH/HG2_MCha_hpol_0218.merged.clustered.0.2.0.2.0.2_vs_GIABv0.6/fn_ins_nonTR.vcf	2022856
release/AshkenazimTrio/HG002_NA24385_son/NIST_SV_v0.6/GIAB_Evaluations/SVRefine_v0.6_TruvariReports_NFH/HG2_MCha_hpol_0218.merged.clustered.0.2.0.2.0.2_vs_GIABv0.6/fp.vcf	26789325
release/AshkenazimTrio/HG002_NA24385_son/NIST_SV_v0.6/GIAB_Evaluations/SVRefine_v0.6_TruvariReports_NFH/HG2_MCha_hpol_0218.merged.clustered.0.2.0.2.0.2_vs_GIABv0.6/fp_del_TR.vcf	329713
release/AshkenazimTrio/HG002_NA24385_son/NIST_SV_v0.6/GIAB_Evaluations/SVRefine_v0.6_TruvariReports_NFH/HG2_MCha_hpol_0218.merged.clustered.0.2.0.2.0.2_vs_GIABv0.6/fp_del_nonTR.vcf	25220960
release/AshkenazimTrio/HG002_NA24385_son/NIST_SV_v0.6/GIAB_Evaluations/SVRefine_v0.6_TruvariReports_NFH/HG2_MCha_hpol_0218.merged.clustered.0.2.0.2.0.2_vs_GIABv0.6/fp_ins_TR.vcf	110674
release/AshkenazimTrio/HG002_NA24385_son/NIST_SV_v0.6/GIAB_Evaluations/SVRefine_v0.6_TruvariReports_NFH/HG2_MCha_hpol_0218.merged.clustered.0.2.0.2.0.2_vs_GIABv0.6/fp_ins_nonTR.vcf	1123640
release/AshkenazimTrio/HG002_NA24385_son/NIST_SV_v0.6/GIAB_Evaluations/SVRefine_v0.6_TruvariReports_NFH/HG2_MCha_hpol_0218.merged.clustered.0.2.0.2.0.2_vs_GIABv0.6/giab_report.txt	3389
release/AshkenazimTrio/HG002_NA24385_son/NIST_SV_v0.6/GIAB_Evaluations/SVRefine_v0.6_TruvariReports_NFH/HG2_MCha_hpol_0218.merged.clustered.0.2.0.2.0.2_vs_GIABv0.6/log.txt	2272
release/AshkenazimTrio/HG002_NA24385_son/NIST_SV_v0.6/GIAB_Evaluations/SVRefine_v0.6_TruvariReports_NFH/HG2_MCha_hpol_0218.merged.clustered.0.2.0.2.0.2_vs_GIABv0.6/summary.txt	350
release/AshkenazimTrio/HG002_NA24385_son/NIST_SV_v0.6/GIAB_Evaluations/SVRefine_v0.6_TruvariReports_NFH/HG2_MCha_hpol_0218.merged.clustered.0.2.0.2.0.2_vs_GIABv0.6/tp-base.vcf	20251436
release/AshkenazimTrio/HG002_NA24385_son/NIST_SV_v0.6/GIAB_Evaluations/SVRefine_v0.6_TruvariReports_NFH/HG2_MCha_hpol_0218.merged.clustered.0.2.0.2.0.2_vs_GIABv0.6/tp-call.vcf	9925487
release/AshkenazimTrio/HG002_NA24385_son/NIST_SV_v0.6/GIAB_Evaluations/SVRefine_v0.6_TruvariReports_NFH/HG2_ORod_raw_0518.merged.clustered.0.2.0.2.0.2_vs_GIABv0.6/base-filter.vcf	17961576
release/AshkenazimTrio/HG002_NA24385_son/NIST_SV_v0.6/GIAB_Evaluations/SVRefine_v0.6_TruvariReports_NFH/HG2_ORod_raw_0518.merged.clustered.0.2.0.2.0.2_vs_GIABv0.6/call-filter.vcf	6260472
release/AshkenazimTrio/HG002_NA24385_son/NIST_SV_v0.6/GIAB_Evaluations/SVRefine_v0.6_TruvariReports_NFH/HG2_ORod_raw_0518.merged.clustered.0.2.0.2.0.2_vs_GIABv0.6/fn.vcf	5078298
release/AshkenazimTrio/HG002_NA24385_son/NIST_SV_v0.6/GIAB_Evaluations/SVRefine_v0.6_TruvariReports_NFH/HG2_ORod_raw_0518.merged.clustered.0.2.0.2.0.2_vs_GIABv0.6/fn_del_TR.vcf	1413607
release/AshkenazimTrio/HG002_NA24385_son/NIST_SV_v0.6/GIAB_Evaluations/SVRefine_v0.6_TruvariReports_NFH/HG2_ORod_raw_0518.merged.clustered.0.2.0.2.0.2_vs_GIABv0.6/fn_del_nonTR.vcf	948905
release/AshkenazimTrio/HG002_NA24385_son/NIST_SV_v0.6/GIAB_Evaluations/SVRefine_v0.6_TruvariReports_NFH/HG2_ORod_raw_0518.merged.clustered.0.2.0.2.0.2_vs_GIABv0.6/fn_ins_TR.vcf	1005098
release/AshkenazimTrio/HG002_NA24385_son/NIST_SV_v0.6/GIAB_Evaluations/SVRefine_v0.6_TruvariReports_NFH/HG2_ORod_raw_0518.merged.clustered.0.2.0.2.0.2_vs_GIABv0.6/fn_ins_nonTR.vcf	1699051
release/AshkenazimTrio/HG002_NA24385_son/NIST_SV_v0.6/GIAB_Evaluations/SVRefine_v0.6_TruvariReports_NFH/HG2_ORod_raw_0518.merged.clustered.0.2.0.2.0.2_vs_GIABv0.6/fp.vcf	2105419
release/AshkenazimTrio/HG002_NA24385_son/NIST_SV_v0.6/GIAB_Evaluations/SVRefine_v0.6_TruvariReports_NFH/HG2_ORod_raw_0518.merged.clustered.0.2.0.2.0.2_vs_GIABv0.6/fp_del_TR.vcf	63953
release/AshkenazimTrio/HG002_NA24385_son/NIST_SV_v0.6/GIAB_Evaluations/SVRefine_v0.6_TruvariReports_NFH/HG2_ORod_raw_0518.merged.clustered.0.2.0.2.0.2_vs_GIABv0.6/fp_del_nonTR.vcf	185324
release/AshkenazimTrio/HG002_NA24385_son/NIST_SV_v0.6/GIAB_Evaluations/SVRefine_v0.6_TruvariReports_NFH/HG2_ORod_raw_0518.merged.clustered.0.2.0.2.0.2_vs_GIABv0.6/fp_ins_TR.vcf	141382
release/AshkenazimTrio/HG002_NA24385_son/NIST_SV_v0.6/GIAB_Evaluations/SVRefine_v0.6_TruvariReports_NFH/HG2_ORod_raw_0518.merged.clustered.0.2.0.2.0.2_vs_GIABv0.6/fp_ins_nonTR.vcf	1710422
release/AshkenazimTrio/HG002_NA24385_son/NIST_SV_v0.6/GIAB_Evaluations/SVRefine_v0.6_TruvariReports_NFH/HG2_ORod_raw_0518.merged.clustered.0.2.0.2.0.2_vs_GIABv0.6/giab_report.txt	3376
release/AshkenazimTrio/HG002_NA24385_son/NIST_SV_v0.6/GIAB_Evaluations/SVRefine_v0.6_TruvariReports_NFH/HG2_ORod_raw_0518.merged.clustered.0.2.0.2.0.2_vs_GIABv0.6/log.txt	2265
release/AshkenazimTrio/HG002_NA24385_son/NIST_SV_v0.6/GIAB_Evaluations/SVRefine_v0.6_TruvariReports_NFH/HG2_ORod_raw_0518.merged.clustered.0.2.0.2.0.2_vs_GIABv0.6/summary.txt	347
release/AshkenazimTrio/HG002_NA24385_son/NIST_SV_v0.6/GIAB_Evaluations/SVRefine_v0.6_TruvariReports_NFH/HG2_ORod_raw_0518.merged.clustered.0.2.0.2.0.2_vs_GIABv0.6/tp-base.vcf	21220952
release/AshkenazimTrio/HG002_NA24385_son/NIST_SV_v0.6/GIAB_Evaluations/SVRefine_v0.6_TruvariReports_NFH/HG2_ORod_raw_0518.merged.clustered.0.2.0.2.0.2_vs_GIABv0.6/tp-call.vcf	10586538
release/AshkenazimTrio/HG002_NA24385_son/NIST_SV_v0.6/GIAB_Evaluations/SVRefine_v0.6_TruvariReports_NFH/README.txt	1108
release/AshkenazimTrio/HG002_NA24385_son/NIST_SV_v0.6/GIAB_Evaluations/SVRefine_v0.6_TruvariReports_NFH/sh.create_stratified_results	1010
release/AshkenazimTrio/HG002_NA24385_son/NIST_SV_v0.6/GIAB_Evaluations/SVRefine_v0.6_TruvariReports_NFH/sh.run_truvari_on_merged_haps	1696
release/AshkenazimTrio/HG002_NA24385_son/NIST_SV_v0.6/GIAB_Evaluations/SpiralBGA_v0.6_TruvariBench/GIAB_v0.6_Stratifications.pptx	463029
release/AshkenazimTrio/HG002_NA24385_son/NIST_SV_v0.6/GIAB_Evaluations/SpiralBGA_v0.6_TruvariBench/README.txt	360
release/AshkenazimTrio/HG002_NA24385_son/NIST_SV_v0.6/GIAB_Evaluations/SpiralBGA_v0.6_TruvariBench/loose_comparison/fn.vcf	12340142
release/AshkenazimTrio/HG002_NA24385_son/NIST_SV_v0.6/GIAB_Evaluations/SpiralBGA_v0.6_TruvariBench/loose_comparison/fn_del_TR.vcf.gz	209284
release/AshkenazimTrio/HG002_NA24385_son/NIST_SV_v0.6/GIAB_Evaluations/SpiralBGA_v0.6_TruvariBench/loose_comparison/fn_del_TR.vcf.gz.tbi	14290
release/AshkenazimTrio/HG002_NA24385_son/NIST_SV_v0.6/GIAB_Evaluations/SpiralBGA_v0.6_TruvariBench/loose_comparison/fn_del_nonTR.vcf.gz	277381
release/AshkenazimTrio/HG002_NA24385_son/NIST_SV_v0.6/GIAB_Evaluations/SpiralBGA_v0.6_TruvariBench/loose_comparison/fn_del_nonTR.vcf.gz.tbi	9234
release/AshkenazimTrio/HG002_NA24385_son/NIST_SV_v0.6/GIAB_Evaluations/SpiralBGA_v0.6_TruvariBench/loose_comparison/fn_ins_TR.vcf.gz	467246
release/AshkenazimTrio/HG002_NA24385_son/NIST_SV_v0.6/GIAB_Evaluations/SpiralBGA_v0.6_TruvariBench/loose_comparison/fn_ins_TR.vcf.gz.tbi	23982
release/AshkenazimTrio/HG002_NA24385_son/NIST_SV_v0.6/GIAB_Evaluations/SpiralBGA_v0.6_TruvariBench/loose_comparison/fn_ins_nonTR.vcf.gz	1322790
release/AshkenazimTrio/HG002_NA24385_son/NIST_SV_v0.6/GIAB_Evaluations/SpiralBGA_v0.6_TruvariBench/loose_comparison/fn_ins_nonTR.vcf.gz.tbi	36703
release/AshkenazimTrio/HG002_NA24385_son/NIST_SV_v0.6/GIAB_Evaluations/SpiralBGA_v0.6_TruvariBench/loose_comparison/fp.vcf	12582277
release/AshkenazimTrio/HG002_NA24385_son/NIST_SV_v0.6/GIAB_Evaluations/SpiralBGA_v0.6_TruvariBench/loose_comparison/fp_del_TR.vcf.gz	215966
release/AshkenazimTrio/HG002_NA24385_son/NIST_SV_v0.6/GIAB_Evaluations/SpiralBGA_v0.6_TruvariBench/loose_comparison/fp_del_TR.vcf.gz.tbi	27385
release/AshkenazimTrio/HG002_NA24385_son/NIST_SV_v0.6/GIAB_Evaluations/SpiralBGA_v0.6_TruvariBench/loose_comparison/fp_del_nonTR.vcf.gz	3118113
release/AshkenazimTrio/HG002_NA24385_son/NIST_SV_v0.6/GIAB_Evaluations/SpiralBGA_v0.6_TruvariBench/loose_comparison/fp_del_nonTR.vcf.gz.tbi	15792
release/AshkenazimTrio/HG002_NA24385_son/NIST_SV_v0.6/GIAB_Evaluations/SpiralBGA_v0.6_TruvariBench/loose_comparison/fp_ins_TR.vcf.gz	42916
release/AshkenazimTrio/HG002_NA24385_son/NIST_SV_v0.6/GIAB_Evaluations/SpiralBGA_v0.6_TruvariBench/loose_comparison/fp_ins_TR.vcf.gz.tbi	12044
release/AshkenazimTrio/HG002_NA24385_son/NIST_SV_v0.6/GIAB_Evaluations/SpiralBGA_v0.6_TruvariBench/loose_comparison/fp_ins_nonTR.vcf.gz	8979
release/AshkenazimTrio/HG002_NA24385_son/NIST_SV_v0.6/GIAB_Evaluations/SpiralBGA_v0.6_TruvariBench/loose_comparison/fp_ins_nonTR.vcf.gz.tbi	4578
release/AshkenazimTrio/HG002_NA24385_son/NIST_SV_v0.6/GIAB_Evaluations/SpiralBGA_v0.6_TruvariBench/loose_comparison/giab_report.txt	3276
release/AshkenazimTrio/HG002_NA24385_son/NIST_SV_v0.6/GIAB_Evaluations/SpiralBGA_v0.6_TruvariBench/loose_comparison/log.txt	2040
release/AshkenazimTrio/HG002_NA24385_son/NIST_SV_v0.6/GIAB_Evaluations/SpiralBGA_v0.6_TruvariBench/loose_comparison/summary.txt	355
release/AshkenazimTrio/HG002_NA24385_son/NIST_SV_v0.6/GIAB_Evaluations/SpiralBGA_v0.6_TruvariBench/loose_comparison/tp-base.vcf	13556846
release/AshkenazimTrio/HG002_NA24385_son/NIST_SV_v0.6/GIAB_Evaluations/SpiralBGA_v0.6_TruvariBench/loose_comparison/tp-call.vcf	4001717
release/AshkenazimTrio/HG002_NA24385_son/NIST_SV_v0.6/GIAB_Evaluations/SpiralBGA_v0.6_TruvariBench/sequence_comparison/fn.vcf	12527993
release/AshkenazimTrio/HG002_NA24385_son/NIST_SV_v0.6/GIAB_Evaluations/SpiralBGA_v0.6_TruvariBench/sequence_comparison/fn_del_TR.vcf.gz	223725
release/AshkenazimTrio/HG002_NA24385_son/NIST_SV_v0.6/GIAB_Evaluations/SpiralBGA_v0.6_TruvariBench/sequence_comparison/fn_del_TR.vcf.gz.tbi	14946
release/AshkenazimTrio/HG002_NA24385_son/NIST_SV_v0.6/GIAB_Evaluations/SpiralBGA_v0.6_TruvariBench/sequence_comparison/fn_del_nonTR.vcf.gz	280214
release/AshkenazimTrio/HG002_NA24385_son/NIST_SV_v0.6/GIAB_Evaluations/SpiralBGA_v0.6_TruvariBench/sequence_comparison/fn_del_nonTR.vcf.gz.tbi	9315
release/AshkenazimTrio/HG002_NA24385_son/NIST_SV_v0.6/GIAB_Evaluations/SpiralBGA_v0.6_TruvariBench/sequence_comparison/fn_ins_TR.vcf.gz	472837
release/AshkenazimTrio/HG002_NA24385_son/NIST_SV_v0.6/GIAB_Evaluations/SpiralBGA_v0.6_TruvariBench/sequence_comparison/fn_ins_TR.vcf.gz.tbi	24192
release/AshkenazimTrio/HG002_NA24385_son/NIST_SV_v0.6/GIAB_Evaluations/SpiralBGA_v0.6_TruvariBench/sequence_comparison/fn_ins_nonTR.vcf.gz	1324665
release/AshkenazimTrio/HG002_NA24385_son/NIST_SV_v0.6/GIAB_Evaluations/SpiralBGA_v0.6_TruvariBench/sequence_comparison/fn_ins_nonTR.vcf.gz.tbi	36895
release/AshkenazimTrio/HG002_NA24385_son/NIST_SV_v0.6/GIAB_Evaluations/SpiralBGA_v0.6_TruvariBench/sequence_comparison/fp.vcf	12613192
release/AshkenazimTrio/HG002_NA24385_son/NIST_SV_v0.6/GIAB_Evaluations/SpiralBGA_v0.6_TruvariBench/sequence_comparison/fp_del_TR.vcf.gz	219675
release/AshkenazimTrio/HG002_NA24385_son/NIST_SV_v0.6/GIAB_Evaluations/SpiralBGA_v0.6_TruvariBench/sequence_comparison/fp_del_TR.vcf.gz.tbi	27903
release/AshkenazimTrio/HG002_NA24385_son/NIST_SV_v0.6/GIAB_Evaluations/SpiralBGA_v0.6_TruvariBench/sequence_comparison/fp_del_nonTR.vcf.gz	3120516
release/AshkenazimTrio/HG002_NA24385_son/NIST_SV_v0.6/GIAB_Evaluations/SpiralBGA_v0.6_TruvariBench/sequence_comparison/fp_del_nonTR.vcf.gz.tbi	15857
release/AshkenazimTrio/HG002_NA24385_son/NIST_SV_v0.6/GIAB_Evaluations/SpiralBGA_v0.6_TruvariBench/sequence_comparison/fp_ins_TR.vcf.gz	44440
release/AshkenazimTrio/HG002_NA24385_son/NIST_SV_v0.6/GIAB_Evaluations/SpiralBGA_v0.6_TruvariBench/sequence_comparison/fp_ins_TR.vcf.gz.tbi	12312
release/AshkenazimTrio/HG002_NA24385_son/NIST_SV_v0.6/GIAB_Evaluations/SpiralBGA_v0.6_TruvariBench/sequence_comparison/fp_ins_nonTR.vcf.gz	10808
release/AshkenazimTrio/HG002_NA24385_son/NIST_SV_v0.6/GIAB_Evaluations/SpiralBGA_v0.6_TruvariBench/sequence_comparison/fp_ins_nonTR.vcf.gz.tbi	4918
release/AshkenazimTrio/HG002_NA24385_son/NIST_SV_v0.6/GIAB_Evaluations/SpiralBGA_v0.6_TruvariBench/sequence_comparison/giab_report.txt	3268
release/AshkenazimTrio/HG002_NA24385_son/NIST_SV_v0.6/GIAB_Evaluations/SpiralBGA_v0.6_TruvariBench/sequence_comparison/log.txt	2001
release/AshkenazimTrio/HG002_NA24385_son/NIST_SV_v0.6/GIAB_Evaluations/SpiralBGA_v0.6_TruvariBench/sequence_comparison/summary.txt	355
release/AshkenazimTrio/HG002_NA24385_son/NIST_SV_v0.6/GIAB_Evaluations/SpiralBGA_v0.6_TruvariBench/sequence_comparison/tp-base.vcf	13371558
release/AshkenazimTrio/HG002_NA24385_son/NIST_SV_v0.6/GIAB_Evaluations/SpiralBGA_v0.6_TruvariBench/sequence_comparison/tp-call.vcf	3969701
release/AshkenazimTrio/HG002_NA24385_son/NIST_SV_v0.6/GIAB_Evaluations/awenger-pbsv-9239a5c-vs-GIABv0.6/20180720_ManualCuration1.xlsx	46355
release/AshkenazimTrio/HG002_NA24385_son/NIST_SV_v0.6/GIAB_Evaluations/awenger-pbsv-9239a5c-vs-GIABv0.6/20180720_ManualCuration2.xlsx	54776
release/AshkenazimTrio/HG002_NA24385_son/NIST_SV_v0.6/GIAB_Evaluations/awenger-pbsv-9239a5c-vs-GIABv0.6/20180720_Manual_Curation.xlsx	44994
release/AshkenazimTrio/HG002_NA24385_son/NIST_SV_v0.6/GIAB_Evaluations/awenger-pbsv-9239a5c-vs-GIABv0.6/Truvari_comparison_of_pbsv_and_GIAB_v0.6_benchmark_callsets_v1AW.pdf	630507
release/AshkenazimTrio/HG002_NA24385_son/NIST_SV_v0.6/GIAB_Evaluations/awenger-pbsv-9239a5c-vs-GIABv0.6/base-filter.vcf	17961576
release/AshkenazimTrio/HG002_NA24385_son/NIST_SV_v0.6/GIAB_Evaluations/awenger-pbsv-9239a5c-vs-GIABv0.6/call-filter.vcf	5081057
release/AshkenazimTrio/HG002_NA24385_son/NIST_SV_v0.6/GIAB_Evaluations/awenger-pbsv-9239a5c-vs-GIABv0.6/fn.vcf	4071473
release/AshkenazimTrio/HG002_NA24385_son/NIST_SV_v0.6/GIAB_Evaluations/awenger-pbsv-9239a5c-vs-GIABv0.6/fp.vcf	178477
release/AshkenazimTrio/HG002_NA24385_son/NIST_SV_v0.6/GIAB_Evaluations/awenger-pbsv-9239a5c-vs-GIABv0.6/giab_report.txt	3330
release/AshkenazimTrio/HG002_NA24385_son/NIST_SV_v0.6/GIAB_Evaluations/awenger-pbsv-9239a5c-vs-GIABv0.6/log.txt	1787
release/AshkenazimTrio/HG002_NA24385_son/NIST_SV_v0.6/GIAB_Evaluations/awenger-pbsv-9239a5c-vs-GIABv0.6/stratified/fn_del_TR.vcf	339763
release/AshkenazimTrio/HG002_NA24385_son/NIST_SV_v0.6/GIAB_Evaluations/awenger-pbsv-9239a5c-vs-GIABv0.6/stratified/fn_del_nonTR.vcf	559912
release/AshkenazimTrio/HG002_NA24385_son/NIST_SV_v0.6/GIAB_Evaluations/awenger-pbsv-9239a5c-vs-GIABv0.6/stratified/fn_ins_TR.vcf	783326
release/AshkenazimTrio/HG002_NA24385_son/NIST_SV_v0.6/GIAB_Evaluations/awenger-pbsv-9239a5c-vs-GIABv0.6/stratified/fn_ins_nonTR.vcf	2376835
release/AshkenazimTrio/HG002_NA24385_son/NIST_SV_v0.6/GIAB_Evaluations/awenger-pbsv-9239a5c-vs-GIABv0.6/stratified/fp_del_TR.vcf	48421
release/AshkenazimTrio/HG002_NA24385_son/NIST_SV_v0.6/GIAB_Evaluations/awenger-pbsv-9239a5c-vs-GIABv0.6/stratified/fp_del_nonTR.vcf	12682
release/AshkenazimTrio/HG002_NA24385_son/NIST_SV_v0.6/GIAB_Evaluations/awenger-pbsv-9239a5c-vs-GIABv0.6/stratified/fp_ins_TR.vcf	105789
release/AshkenazimTrio/HG002_NA24385_son/NIST_SV_v0.6/GIAB_Evaluations/awenger-pbsv-9239a5c-vs-GIABv0.6/stratified/fp_ins_nonTR.vcf	8132
release/AshkenazimTrio/HG002_NA24385_son/NIST_SV_v0.6/GIAB_Evaluations/awenger-pbsv-9239a5c-vs-GIABv0.6/summary.txt	351
release/AshkenazimTrio/HG002_NA24385_son/NIST_SV_v0.6/GIAB_Evaluations/awenger-pbsv-9239a5c-vs-GIABv0.6/tp-base.vcf	22354869
release/AshkenazimTrio/HG002_NA24385_son/NIST_SV_v0.6/GIAB_Evaluations/awenger-pbsv-9239a5c-vs-GIABv0.6/tp-call.vcf	6405918
release/AshkenazimTrio/HG002_NA24385_son/NIST_SV_v0.6/GIAB_Evaluations/repeats_trfSimplerepLowcomplex_merged50_slop50_gt100.bed.gz	1236902
release/AshkenazimTrio/HG002_NA24385_son/NIST_SV_v0.6/HG002_SVs_Tier1_noVDJorXorY_v0.6.2.bed	697571
release/AshkenazimTrio/HG002_NA24385_son/NIST_SV_v0.6/HG002_SVs_Tier1_v0.6.bed	725960
release/AshkenazimTrio/HG002_NA24385_son/NIST_SV_v0.6/HG002_SVs_Tier1_v0.6.vcf.gz	25738211
release/AshkenazimTrio/HG002_NA24385_son/NIST_SV_v0.6/HG002_SVs_Tier1_v0.6.vcf.gz.tbi	458653
release/AshkenazimTrio/HG002_NA24385_son/NIST_SV_v0.6/HG002_SVs_Tier1plusTier2_v0.6.1.bed	496130
release/AshkenazimTrio/HG002_NA24385_son/NIST_SV_v0.6/HG002_SVs_Tier2_v0.6.bed	134003
release/AshkenazimTrio/HG002_NA24385_son/NIST_SV_v0.6/README_SV_v0.6.txt	10312
release/AshkenazimTrio/HG002_NA24385_son/NISTv3.2.1/.DS_Store	6148
release/AshkenazimTrio/HG002_NA24385_son/NISTv3.2.1/HG002_GIAB_highconf_IllFB-IllGATKHC-CG-Ion-Solid_CHROM1-22_v3.2.1_highconf.bed	44419272
release/AshkenazimTrio/HG002_NA24385_son/NISTv3.2.1/HG002_GIAB_highconf_IllFB-IllGATKHC-CG-Ion-Solid_CHROM1-22_v3.2_highconf.vcf.gz	64485127
release/AshkenazimTrio/HG002_NA24385_son/NISTv3.2.1/HG002_GIAB_highconf_IllFB-IllGATKHC-CG-Ion-Solid_CHROM1-22_v3.2_highconf.vcf.gz.tbi	1530513
release/AshkenazimTrio/HG002_NA24385_son/NISTv3.2.1/NISTv3.2.1.md5	579
release/AshkenazimTrio/HG002_NA24385_son/NISTv3.2.1/README_NISTv3.2.1.txt	8432
release/AshkenazimTrio/HG002_NA24385_son/NISTv3.2.1/supplementaryFiles/.DS_Store	6148
release/AshkenazimTrio/HG002_NA24385_son/NISTv3.2.1/supplementaryFiles/HG002_GIAB_highconf_IllFB-IllGATKHC-CG-Ion-Solid_CHROM1-22_v3.2_all.vcf.gz	85149604
release/AshkenazimTrio/HG002_NA24385_son/NISTv3.2.1/supplementaryFiles/HG002_GIAB_highconf_IllFB-IllGATKHC-CG-Ion-Solid_CHROM1-22_v3.2_all.vcf.gz.tbi	1588806
release/AshkenazimTrio/HG002_NA24385_son/NISTv3.2.1/supplementaryFiles/HG002_GIAB_highconf_IllFB-IllGATKHC-CG-Ion-Solid_CHROM1-22_v3.2_callablemultinter_gt0.bed	3874536
release/AshkenazimTrio/HG002_NA24385_son/NISTv3.2.1/supplementaryFiles/HG002_GIAB_highconf_IllFB-IllGATKHC-CG-Ion-Solid_CHROM1-22_v3.2_filteredsites.bed	23428241
release/AshkenazimTrio/HG002_NA24385_son/NISTv3.2.1/supplementaryFiles/NISTv3.2supp.md5	710
release/AshkenazimTrio/HG002_NA24385_son/NISTv3.2.2/HG002_GIAB_highconf_IllFB-IllGATKHC-CG-Ion-Solid_CHROM1-22_v3.2.2_highconf.bed	41401129
release/AshkenazimTrio/HG002_NA24385_son/NISTv3.2.2/HG002_GIAB_highconf_IllFB-IllGATKHC-CG-Ion-Solid_CHROM1-22_v3.2.2_highconf.vcf.gz	68522832
release/AshkenazimTrio/HG002_NA24385_son/NISTv3.2.2/HG002_GIAB_highconf_IllFB-IllGATKHC-CG-Ion-Solid_CHROM1-22_v3.2.2_highconf.vcf.gz.tbi	1565822
release/AshkenazimTrio/HG002_NA24385_son/NISTv3.2.2/NISTv3.2.2.md5	844
release/AshkenazimTrio/HG002_NA24385_son/NISTv3.2.2/README_NISTv3.2.2.txt	8706
release/AshkenazimTrio/HG002_NA24385_son/NISTv3.2.2/supplementaryFiles/HG002_GIAB_highconf_IllFB-IllGATKHC-CG-Ion-Solid_CHROM1-22_v3.2.2_all.vcf.gz	87458610
release/AshkenazimTrio/HG002_NA24385_son/NISTv3.2.2/supplementaryFiles/HG002_GIAB_highconf_IllFB-IllGATKHC-CG-Ion-Solid_CHROM1-22_v3.2.2_all.vcf.gz.tbi	1599381
release/AshkenazimTrio/HG002_NA24385_son/NISTv3.2.2/supplementaryFiles/HG002_GIAB_highconf_IllFB-IllGATKHC-CG-Ion-Solid_CHROM1-22_v3.2.2_callablemultinter_gt0.bed	3874536
release/AshkenazimTrio/HG002_NA24385_son/NISTv3.2.2/supplementaryFiles/HG002_GIAB_highconf_IllFB-IllGATKHC-CG-Ion-Solid_CHROM1-22_v3.2.2_filteredsites.bed	18469260
release/AshkenazimTrio/HG002_NA24385_son/NISTv3.2.2/supplementaryFiles/NISTv3.2.2_supp.md5	1009
release/AshkenazimTrio/HG002_NA24385_son/NISTv3.2/HG002_GIAB_highconf_IllFB-IllGATKHC-CG-Ion-Solid_CHROM1-22_v3.2_highconf.bed	44303772
release/AshkenazimTrio/HG002_NA24385_son/NISTv3.2/HG002_GIAB_highconf_IllFB-IllGATKHC-CG-Ion-Solid_CHROM1-22_v3.2_highconf.vcf.gz	64485127
release/AshkenazimTrio/HG002_NA24385_son/NISTv3.2/HG002_GIAB_highconf_IllFB-IllGATKHC-CG-Ion-Solid_CHROM1-22_v3.2_highconf.vcf.gz.tbi	1530513
release/AshkenazimTrio/HG002_NA24385_son/NISTv3.2/NISTv3.2.md5	569
release/AshkenazimTrio/HG002_NA24385_son/NISTv3.2/README_NISTv3.2.txt	7694
release/AshkenazimTrio/HG002_NA24385_son/NISTv3.2/supplementaryFiles/HG002_GIAB_highconf_IllFB-IllGATKHC-CG-Ion-Solid_CHROM1-22_v3.2_all.vcf.gz	85149604
release/AshkenazimTrio/HG002_NA24385_son/NISTv3.2/supplementaryFiles/HG002_GIAB_highconf_IllFB-IllGATKHC-CG-Ion-Solid_CHROM1-22_v3.2_all.vcf.gz.tbi	1588806
release/AshkenazimTrio/HG002_NA24385_son/NISTv3.2/supplementaryFiles/HG002_GIAB_highconf_IllFB-IllGATKHC-CG-Ion-Solid_CHROM1-22_v3.2_callablemultinter_gt0.bed	3874536
release/AshkenazimTrio/HG002_NA24385_son/NISTv3.2/supplementaryFiles/HG002_GIAB_highconf_IllFB-IllGATKHC-CG-Ion-Solid_CHROM1-22_v3.2_filteredsites.bed	23428241
release/AshkenazimTrio/HG002_NA24385_son/NISTv3.2/supplementaryFiles/NISTv3.2supp.md5	710
release/AshkenazimTrio/HG002_NA24385_son/NISTv3.3.2/.DS_Store	6148
release/AshkenazimTrio/HG002_NA24385_son/NISTv3.3.2/GRCh37/.DS_Store	6148
release/AshkenazimTrio/HG002_NA24385_son/NISTv3.3.2/GRCh37/HG002_GRCh37_GIAB_highconf_CG-IllFB-IllGATKHC-Ion-10X-SOLID_CHROM1-22_v.3.3.2_highconf_noinconsistent.bed	10044443
release/AshkenazimTrio/HG002_NA24385_son/NISTv3.3.2/GRCh37/HG002_GRCh37_GIAB_highconf_CG-IllFB-IllGATKHC-Ion-10X-SOLID_CHROM1-22_v.3.3.2_highconf_triophased.vcf.gz	153199267
release/AshkenazimTrio/HG002_NA24385_son/NISTv3.3.2/GRCh37/HG002_GRCh37_GIAB_highconf_CG-IllFB-IllGATKHC-Ion-10X-SOLID_CHROM1-22_v.3.3.2_highconf_triophased.vcf.gz.tbi	1535436
release/AshkenazimTrio/HG002_NA24385_son/NISTv3.3.2/GRCh37/md5sum	443
release/AshkenazimTrio/HG002_NA24385_son/NISTv3.3.2/GRCh37/supplementaryFiles/HG002_GRCh37_GIAB_highconf_CG-IllFB-IllGATKHC-Ion-10X-SOLID_CHROM1-22_v.3.3.2_all.vcf.gz	229985432
release/AshkenazimTrio/HG002_NA24385_son/NISTv3.3.2/GRCh37/supplementaryFiles/HG002_GRCh37_GIAB_highconf_CG-IllFB-IllGATKHC-Ion-10X-SOLID_CHROM1-22_v.3.3.2_all.vcf.gz.tbi	1714645
release/AshkenazimTrio/HG002_NA24385_son/NISTv3.3.2/GRCh37/supplementaryFiles/HG002_GRCh37_GIAB_highconf_CG-IllFB-IllGATKHC-Ion-10X-SOLID_CHROM1-22_v.3.3.2_annotated.vcf.gz	946472655
release/AshkenazimTrio/HG002_NA24385_son/NISTv3.3.2/GRCh37/supplementaryFiles/HG002_GRCh37_GIAB_highconf_CG-IllFB-IllGATKHC-Ion-10X-SOLID_CHROM1-22_v.3.3.2_annotated.vcf.gz.tbi	1847486
release/AshkenazimTrio/HG002_NA24385_son/NISTv3.3.2/GRCh37/supplementaryFiles/HG002_GRCh37_GIAB_highconf_CG-IllFB-IllGATKHC-Ion-10X-SOLID_CHROM1-22_v.3.3.2_callablemultinter_gt0.bed	8118378
release/AshkenazimTrio/HG002_NA24385_son/NISTv3.3.2/GRCh37/supplementaryFiles/HG002_GRCh37_GIAB_highconf_CG-IllFB-IllGATKHC-Ion-10X-SOLID_CHROM1-22_v.3.3.2_filteredsites.bed	51089792
release/AshkenazimTrio/HG002_NA24385_son/NISTv3.3.2/GRCh37/supplementaryFiles/HG002_GRCh37_GIAB_highconf_CG-IllFB-IllGATKHC-Ion-10X-SOLID_CHROM1-22_v.3.3.2_highconf.bed	10033823
release/AshkenazimTrio/HG002_NA24385_son/NISTv3.3.2/GRCh37/supplementaryFiles/HG002_GRCh37_GIAB_highconf_CG-IllFB-IllGATKHC-Ion-10X-SOLID_CHROM1-22_v.3.3.2_highconf.vcf.gz	148744119
release/AshkenazimTrio/HG002_NA24385_son/NISTv3.3.2/GRCh37/supplementaryFiles/HG002_GRCh37_GIAB_highconf_CG-IllFB-IllGATKHC-Ion-10X-SOLID_CHROM1-22_v.3.3.2_highconf.vcf.gz.tbi	1530701
release/AshkenazimTrio/HG002_NA24385_son/NISTv3.3.2/GRCh37/supplementaryFiles/HG002_GRCh37_GIAB_highconf_CG-IllFB-IllGATKHC-Ion-10X-SOLID_CHROM1-22_v.3.3.2_highconf_trioinconsistent.vcf.gz	26312
release/AshkenazimTrio/HG002_NA24385_son/NISTv3.3.2/GRCh37/supplementaryFiles/HG002_GRCh37_GIAB_highconf_CG-IllFB-IllGATKHC-Ion-10X-SOLID_CHROM1-22_v.3.3.2_highconf_trioinconsistent.vcf.gz.tbi	21594
release/AshkenazimTrio/HG002_NA24385_son/NISTv3.3.2/GRCh37/supplementaryFiles/inputvcfsandbeds/HG002_GRCh37_CHROM1-22_10X_GATKHCbyhaplo.vcf.gz	109899007
release/AshkenazimTrio/HG002_NA24385_son/NISTv3.3.2/GRCh37/supplementaryFiles/inputvcfsandbeds/HG002_GRCh37_CHROM1-22_10X_GATKHCbyhaplo.vcf.gz.tbi	1483946
release/AshkenazimTrio/HG002_NA24385_son/NISTv3.3.2/GRCh37/supplementaryFiles/inputvcfsandbeds/HG002_GRCh37_CHROM1-22_bwa_mem_IlmnMatePair_GATKHC_gvcf_callable.bed	1021723
release/AshkenazimTrio/HG002_NA24385_son/NISTv3.3.2/GRCh37/supplementaryFiles/inputvcfsandbeds/HG002_GRCh37_CHROM1-22_novoalign_Ilmn150bp300X_GATKHC_gvcf_callable.bed	10948701
release/AshkenazimTrio/HG002_NA24385_son/NISTv3.3.2/GRCh37/supplementaryFiles/inputvcfsandbeds/HG002_GRCh37_CHROM1-22_novoalign_Ilmn250x250_GATKHC_gvcf_callable.bed.txt	18748744
release/AshkenazimTrio/HG002_NA24385_son/NISTv3.3.2/GRCh37/supplementaryFiles/inputvcfsandbeds/HG002_GRCh37_CHROM1-MT_novoalign_Ilmn150bp300X_FB.vcf	65536
release/AshkenazimTrio/HG002_NA24385_son/NISTv3.3.2/GRCh37/supplementaryFiles/inputvcfsandbeds/HG002_GRCh37_CHROM1-MT_novoalign_Ilmn150bp300X_FB.vcf.gz.tbi	1752832
release/AshkenazimTrio/HG002_NA24385_son/NISTv3.3.2/GRCh37/supplementaryFiles/inputvcfsandbeds/HG002_GRCh37_CHROM1-MT_novoalign_Ilmn150bp300X_GATKHC.vcf.gz	1648989
release/AshkenazimTrio/HG002_NA24385_son/NISTv3.3.2/GRCh37/supplementaryFiles/inputvcfsandbeds/HG002_GRCh37_CHROM1-MT_novoalign_Ilmn150bp300X_GATKHC.vcf.gz.tbi	265651656
release/AshkenazimTrio/HG002_NA24385_son/NISTv3.3.2/GRCh37/supplementaryFiles/inputvcfsandbeds/HG002_GRCh37_CHROM1-MT_novoalign_Ilmn150bp300X_callableloci..bed.txt	6726416
release/AshkenazimTrio/HG002_NA24385_son/NISTv3.3.2/GRCh37/supplementaryFiles/inputvcfsandbeds/HG002_GRCh37_CHROM1-MT_novoalign_Ilmn250x250_FB.vcf.gz	531813371
release/AshkenazimTrio/HG002_NA24385_son/NISTv3.3.2/GRCh37/supplementaryFiles/inputvcfsandbeds/HG002_GRCh37_CHROM1-MT_novoalign_Ilmn250x250_FB.vcf.gz.tbi	1744208
release/AshkenazimTrio/HG002_NA24385_son/NISTv3.3.2/GRCh37/supplementaryFiles/inputvcfsandbeds/HG002_GRCh37_CHROM1-MT_novoalign_Ilmn250x250_GATKHC.vcf.gz	246388682
release/AshkenazimTrio/HG002_NA24385_son/NISTv3.3.2/GRCh37/supplementaryFiles/inputvcfsandbeds/HG002_GRCh37_CHROM1-MT_novoalign_Ilmn250x250_GATKHC.vcf.gz.tbi	1654491
release/AshkenazimTrio/HG002_NA24385_son/NISTv3.3.2/GRCh37/supplementaryFiles/inputvcfsandbeds/HG002_GRCh37_CHROM1-MT_novoalign_Ilmn250x250_callableloci.bed	1335548968
release/AshkenazimTrio/HG002_NA24385_son/NISTv3.3.2/GRCh37/supplementaryFiles/inputvcfsandbeds/HG002_GRCh37_CHROM1-X_AmpliseqExome.20141120.NA24385.vcf.gz	5356465
release/AshkenazimTrio/HG002_NA24385_son/NISTv3.3.2/GRCh37/supplementaryFiles/inputvcfsandbeds/HG002_GRCh37_CHROM1-X_AmpliseqExome.20141120.NA24385.vcf.gz.tbi	214126
release/AshkenazimTrio/HG002_NA24385_son/NISTv3.3.2/GRCh37/supplementaryFiles/inputvcfsandbeds/HG002_GRCh37_CHROM1-X_AmpliseqExome.20141120.NA24385_callable.bed	9171610
release/AshkenazimTrio/HG002_NA24385_son/NISTv3.3.2/GRCh37/supplementaryFiles/inputvcfsandbeds/HG002_GRCh37_CHROM1-Y_bwa_mem_IlmnMatePair_FB.vcf.gz	469745246
release/AshkenazimTrio/HG002_NA24385_son/NISTv3.3.2/GRCh37/supplementaryFiles/inputvcfsandbeds/HG002_GRCh37_CHROM1-Y_bwa_mem_IlmnMatePair_FB.vcf.gz.tbi	1748722
release/AshkenazimTrio/HG002_NA24385_son/NISTv3.3.2/GRCh37/supplementaryFiles/inputvcfsandbeds/HG002_GRCh37_CHROM1-Y_bwa_mem_IlmnMatePair_GATKHC.vcf.gz	201065734
release/AshkenazimTrio/HG002_NA24385_son/NISTv3.3.2/GRCh37/supplementaryFiles/inputvcfsandbeds/HG002_GRCh37_CHROM1-Y_bwa_mem_IlmnMatePair_GATKHC.vcf.gz.tbi	1618068
release/AshkenazimTrio/HG002_NA24385_son/NISTv3.3.2/GRCh37/supplementaryFiles/inputvcfsandbeds/HG002_GRCh37_CHROM1-Y_bwa_mem_IlmnMatePair_callableloci.bed	2664534947
release/AshkenazimTrio/HG002_NA24385_son/NISTv3.3.2/GRCh37/supplementaryFiles/inputvcfsandbeds/HG002_GRCh37_CHROM1-Y_solid5500_SE75bp_GATKHC.vcf.gz	215916534
release/AshkenazimTrio/HG002_NA24385_son/NISTv3.3.2/GRCh37/supplementaryFiles/inputvcfsandbeds/HG002_GRCh37_CHROM1-Y_solid5500_SE75bp_GATKHC.vcf.gz.tbi	1633013
release/AshkenazimTrio/HG002_NA24385_son/NISTv3.3.2/GRCh37/supplementaryFiles/inputvcfsandbeds/HG002_GRCh37_CHROM1-Y_vcfBeta-GS000037263-ASM.vcf.gz	193538519
release/AshkenazimTrio/HG002_NA24385_son/NISTv3.3.2/GRCh37/supplementaryFiles/inputvcfsandbeds/HG002_GRCh37_CHROM1-Y_vcfBeta-GS000037263-ASM.vcf.gz.tbi	1552601
release/AshkenazimTrio/HG002_NA24385_son/NISTv3.3.2/GRCh37/supplementaryFiles/inputvcfsandbeds/HG002_GRCh37_CHROM1-Y_vcfBeta-GS000037263-ASM_callable.bed	23989155
release/AshkenazimTrio/HG002_NA24385_son/NISTv3.3.2/GRCh37/supplementaryFiles/inputvcfsandbeds/HG002_GRCh37__CHROM1-22_10X_GATKHCbyhaplo_callable.bed	78090550
release/AshkenazimTrio/HG002_NA24385_son/NISTv3.3.2/GRCh37/supplementaryFiles/inputvcfsandbeds/md5sum	2924
release/AshkenazimTrio/HG002_NA24385_son/NISTv3.3.2/GRCh37/supplementaryFiles/md5sum	1536
release/AshkenazimTrio/HG002_NA24385_son/NISTv3.3.2/GRCh38/.DS_Store	6148
release/AshkenazimTrio/HG002_NA24385_son/NISTv3.3.2/GRCh38/HG002_GRCh38_GIAB_highconf_CG-Illfb-IllsentieonHC-Ion-10XsentieonHC-SOLIDgatkHC_CHROM1-22_v.3.3.2_highconf_noinconsistent.bed	17105829
release/AshkenazimTrio/HG002_NA24385_son/NISTv3.3.2/GRCh38/HG002_GRCh38_GIAB_highconf_CG-Illfb-IllsentieonHC-Ion-10XsentieonHC-SOLIDgatkHC_CHROM1-22_v.3.3.2_highconf_triophased.vcf.gz	129195923
release/AshkenazimTrio/HG002_NA24385_son/NISTv3.3.2/GRCh38/HG002_GRCh38_GIAB_highconf_CG-Illfb-IllsentieonHC-Ion-10XsentieonHC-SOLIDgatkHC_CHROM1-22_v.3.3.2_highconf_triophased.vcf.gz.tbi	1543421
release/AshkenazimTrio/HG002_NA24385_son/NISTv3.3.2/GRCh38/md5sum	503
release/AshkenazimTrio/HG002_NA24385_son/NISTv3.3.2/GRCh38/supplementaryFiles/.DS_Store	6148
release/AshkenazimTrio/HG002_NA24385_son/NISTv3.3.2/GRCh38/supplementaryFiles/HG002_GRCh38_GIAB_highconf_CG-Illfb-IllsentieonHC-Ion-10XsentieonHC-SOLIDgatkHC_CHROM1-22_v.3.3.2_all.vcf.gz	203723778
release/AshkenazimTrio/HG002_NA24385_son/NISTv3.3.2/GRCh38/supplementaryFiles/HG002_GRCh38_GIAB_highconf_CG-Illfb-IllsentieonHC-Ion-10XsentieonHC-SOLIDgatkHC_CHROM1-22_v.3.3.2_all.vcf.gz.tbi	1753542
release/AshkenazimTrio/HG002_NA24385_son/NISTv3.3.2/GRCh38/supplementaryFiles/HG002_GRCh38_GIAB_highconf_CG-Illfb-IllsentieonHC-Ion-10XsentieonHC-SOLIDgatkHC_CHROM1-22_v.3.3.2_annotated.vcf.gz	853434282
release/AshkenazimTrio/HG002_NA24385_son/NISTv3.3.2/GRCh38/supplementaryFiles/HG002_GRCh38_GIAB_highconf_CG-Illfb-IllsentieonHC-Ion-10XsentieonHC-SOLIDgatkHC_CHROM1-22_v.3.3.2_annotated.vcf.gz.tbi	1856597
release/AshkenazimTrio/HG002_NA24385_son/NISTv3.3.2/GRCh38/supplementaryFiles/HG002_GRCh38_GIAB_highconf_CG-Illfb-IllsentieonHC-Ion-10XsentieonHC-SOLIDgatkHC_CHROM1-22_v.3.3.2_callablemultinter_gt0.bed	14827252
release/AshkenazimTrio/HG002_NA24385_son/NISTv3.3.2/GRCh38/supplementaryFiles/HG002_GRCh38_GIAB_highconf_CG-Illfb-IllsentieonHC-Ion-10XsentieonHC-SOLIDgatkHC_CHROM1-22_v.3.3.2_filteredsites.bed	66098680
release/AshkenazimTrio/HG002_NA24385_son/NISTv3.3.2/GRCh38/supplementaryFiles/HG002_GRCh38_GIAB_highconf_CG-Illfb-IllsentieonHC-Ion-10XsentieonHC-SOLIDgatkHC_CHROM1-22_v.3.3.2_highconf.bed	17087930
release/AshkenazimTrio/HG002_NA24385_son/NISTv3.3.2/GRCh38/supplementaryFiles/HG002_GRCh38_GIAB_highconf_CG-Illfb-IllsentieonHC-Ion-10XsentieonHC-SOLIDgatkHC_CHROM1-22_v.3.3.2_highconf.vcf.gz	125529122
release/AshkenazimTrio/HG002_NA24385_son/NISTv3.3.2/GRCh38/supplementaryFiles/HG002_GRCh38_GIAB_highconf_CG-Illfb-IllsentieonHC-Ion-10XsentieonHC-SOLIDgatkHC_CHROM1-22_v.3.3.2_highconf.vcf.gz.tbi	1538496
release/AshkenazimTrio/HG002_NA24385_son/NISTv3.3.2/GRCh38/supplementaryFiles/HG002_GRCh38_GIAB_highconf_CG-Illfb-IllsentieonHC-Ion-10XsentieonHC-SOLIDgatkHC_CHROM1-22_v.3.3.2_highconf_trioinconsistent.vcf.gz	31895
release/AshkenazimTrio/HG002_NA24385_son/NISTv3.3.2/GRCh38/supplementaryFiles/HG002_GRCh38_GIAB_highconf_CG-Illfb-IllsentieonHC-Ion-10XsentieonHC-SOLIDgatkHC_CHROM1-22_v.3.3.2_highconf_trioinconsistent.vcf.gz.tbi	23547
release/AshkenazimTrio/HG002_NA24385_son/NISTv3.3.2/GRCh38/supplementaryFiles/HG002_GRCh38_GIAB_highconf_CG-Illfb-IllsentieonHC-Ion-10XsentieonHC-SOLIDgatkHC_CHROM1-22_v.3.3.2_highconf_trioinconsistent_nodenovo_slop50.bed	25861
release/AshkenazimTrio/HG002_NA24385_son/NISTv3.3.2/GRCh38/supplementaryFiles/inputvcfsandbeds/HG002_GRCh38_CHROM1-22_10X_sentieonHCbyhaplo.vcf.gz	90745088
release/AshkenazimTrio/HG002_NA24385_son/NISTv3.3.2/GRCh38/supplementaryFiles/inputvcfsandbeds/HG002_GRCh38_CHROM1-22_10X_sentieonHCbyhaplo.vcf.gz.tbi	1486535
release/AshkenazimTrio/HG002_NA24385_son/NISTv3.3.2/GRCh38/supplementaryFiles/inputvcfsandbeds/HG002_GRCh38_CHROM1-22_10X_sentieonHCbyhaplo_callable.bed	92937150
release/AshkenazimTrio/HG002_NA24385_son/NISTv3.3.2/GRCh38/supplementaryFiles/inputvcfsandbeds/HG002_GRCh38_CHROM1-22_bwa_mem_IlmnMatePair_sentieonHC_gvcf_callable.bed	1135457
release/AshkenazimTrio/HG002_NA24385_son/NISTv3.3.2/GRCh38/supplementaryFiles/inputvcfsandbeds/HG002_GRCh38_CHROM1-22_novoalign_Ilmn150bp300X_sentieonHC_gvcf_callable.bed	13665944
release/AshkenazimTrio/HG002_NA24385_son/NISTv3.3.2/GRCh38/supplementaryFiles/inputvcfsandbeds/HG002_GRCh38_CHROM1-22_novoalign_Ilmn250x250_sentieonHC_gvcf_callable.bed	22218026
release/AshkenazimTrio/HG002_NA24385_son/NISTv3.3.2/GRCh38/supplementaryFiles/inputvcfsandbeds/HG002_GRCh38_CHROM1-Y_bwa_mem_IlmnMatePair_FB.vcf.gz	424122439
release/AshkenazimTrio/HG002_NA24385_son/NISTv3.3.2/GRCh38/supplementaryFiles/inputvcfsandbeds/HG002_GRCh38_CHROM1-Y_bwa_mem_IlmnMatePair_FB.vcf.gz.tbi	1774104
release/AshkenazimTrio/HG002_NA24385_son/NISTv3.3.2/GRCh38/supplementaryFiles/inputvcfsandbeds/HG002_GRCh38_CHROM1-Y_bwa_mem_IlmnMatePair_callableloci.bed	2950508410
release/AshkenazimTrio/HG002_NA24385_son/NISTv3.3.2/GRCh38/supplementaryFiles/inputvcfsandbeds/HG002_GRCh38_CHROM1-Y_bwa_mem_IlmnMatePair_sentieonHC.vcf.gz	165632215
release/AshkenazimTrio/HG002_NA24385_son/NISTv3.3.2/GRCh38/supplementaryFiles/inputvcfsandbeds/HG002_GRCh38_CHROM1-Y_bwa_mem_IlmnMatePair_sentieonHC.vcf.gz.tbi	1638298
release/AshkenazimTrio/HG002_NA24385_son/NISTv3.3.2/GRCh38/supplementaryFiles/inputvcfsandbeds/HG002_GRCh38_CHROM1-Y_novoalign_Ilmn150bp300X_FB.vcf.gz	642986705
release/AshkenazimTrio/HG002_NA24385_son/NISTv3.3.2/GRCh38/supplementaryFiles/inputvcfsandbeds/HG002_GRCh38_CHROM1-Y_novoalign_Ilmn150bp300X_FB.vcf.gz.tbi	1798737
release/AshkenazimTrio/HG002_NA24385_son/NISTv3.3.2/GRCh38/supplementaryFiles/inputvcfsandbeds/HG002_GRCh38_CHROM1-Y_novoalign_Ilmn150bp300X_sentieonHC.vcf.gz	240593664
release/AshkenazimTrio/HG002_NA24385_son/NISTv3.3.2/GRCh38/supplementaryFiles/inputvcfsandbeds/HG002_GRCh38_CHROM1-Y_novoalign_Ilmn150bp300X_sentieonHC.vcf.gz.tbi	1689055
release/AshkenazimTrio/HG002_NA24385_son/NISTv3.3.2/GRCh38/supplementaryFiles/inputvcfsandbeds/HG002_GRCh38_CHROM1-Y_novoalign_Ilmn150bp300x_callableloci.bed	34989993
release/AshkenazimTrio/HG002_NA24385_son/NISTv3.3.2/GRCh38/supplementaryFiles/inputvcfsandbeds/HG002_GRCh38_CHROM1-Y_novoalign_Ilmn250x250_FB.vcf.gz	574121705
release/AshkenazimTrio/HG002_NA24385_son/NISTv3.3.2/GRCh38/supplementaryFiles/inputvcfsandbeds/HG002_GRCh38_CHROM1-Y_novoalign_Ilmn250x250_FB.vcf.gz.tbi	1791077
release/AshkenazimTrio/HG002_NA24385_son/NISTv3.3.2/GRCh38/supplementaryFiles/inputvcfsandbeds/HG002_GRCh38_CHROM1-Y_novoalign_Ilmn250x250_callableloci.bed	1470567660
release/AshkenazimTrio/HG002_NA24385_son/NISTv3.3.2/GRCh38/supplementaryFiles/inputvcfsandbeds/HG002_GRCh38_CHROM1-Y_novoalign_Ilmn250x250_sentieonHC.vcf.gz	228631680
release/AshkenazimTrio/HG002_NA24385_son/NISTv3.3.2/GRCh38/supplementaryFiles/inputvcfsandbeds/HG002_GRCh38_CHROM1-Y_novoalign_Ilmn250x250_sentieonHC.vcf.gz.tbi	1691464
release/AshkenazimTrio/HG002_NA24385_son/NISTv3.3.2/GRCh38/supplementaryFiles/inputvcfsandbeds/HG002_convGRCh38_CHROM1-X_Ion_AmpliseqExome.20141120.NA24385.bed	7321735
release/AshkenazimTrio/HG002_NA24385_son/NISTv3.3.2/GRCh38/supplementaryFiles/inputvcfsandbeds/HG002_convGRCh38_CHROM1-X_Ion_AmpliseqExome.20141120.NA24385.vcf.gz	4967208
release/AshkenazimTrio/HG002_NA24385_son/NISTv3.3.2/GRCh38/supplementaryFiles/inputvcfsandbeds/HG002_convGRCh38_CHROM1-X_Ion_AmpliseqExome.20141120.NA24385.vcf.gz.tbi	201833
release/AshkenazimTrio/HG002_NA24385_son/NISTv3.3.2/GRCh38/supplementaryFiles/inputvcfsandbeds/HG002_convGRCh38_CHROM1-Y_CG_vcfBeta-GS000037263-ASM.bed	26627366
release/AshkenazimTrio/HG002_NA24385_son/NISTv3.3.2/GRCh38/supplementaryFiles/inputvcfsandbeds/HG002_convGRCh38_CHROM1-Y_CG_vcfBeta-GS000037263-ASM.vcf.gz	173350759
release/AshkenazimTrio/HG002_NA24385_son/NISTv3.3.2/GRCh38/supplementaryFiles/inputvcfsandbeds/HG002_convGRCh38_CHROM1-Y_CG_vcfBeta-GS000037263-ASM.vcf.gz.tbi	1537230
release/AshkenazimTrio/HG002_NA24385_son/NISTv3.3.2/GRCh38/supplementaryFiles/inputvcfsandbeds/HG002_convGRCh38_CHROM1-Y_solid5500_SE75bp_GATKHC.vcf.gz	92130779
release/AshkenazimTrio/HG002_NA24385_son/NISTv3.3.2/GRCh38/supplementaryFiles/inputvcfsandbeds/HG002_convGRCh38_CHROM1-Y_solid5500_SE75bp_GATKHC.vcf.gz.tbi	1507122
release/AshkenazimTrio/HG002_NA24385_son/NISTv3.3.2/GRCh38/supplementaryFiles/inputvcfsandbeds/md5sum	3038
release/AshkenazimTrio/HG002_NA24385_son/NISTv3.3.2/GRCh38/supplementaryFiles/md5sum	1941
release/AshkenazimTrio/HG002_NA24385_son/NISTv3.3.2/README_NISTv3.3.2.txt	18481
release/AshkenazimTrio/HG002_NA24385_son/NISTv3.3/HG002_GIAB_highconf_CG-IllFB-IllGATKHC-Ion-Solid-10X_CHROM1-22_v3.3_highconf.bed	12313086
release/AshkenazimTrio/HG002_NA24385_son/NISTv3.3/HG002_GIAB_highconf_CG-IllFB-IllGATKHC-Ion-Solid-10X_CHROM1-22_v3.3_highconf.vcf.gz	138837534
release/AshkenazimTrio/HG002_NA24385_son/NISTv3.3/HG002_GIAB_highconf_CG-IllFB-IllGATKHC-Ion-Solid-10X_CHROM1-22_v3.3_highconf.vcf.gz.tbi	1527995
release/AshkenazimTrio/HG002_NA24385_son/NISTv3.3/NISTv3.3.md5	491
release/AshkenazimTrio/HG002_NA24385_son/NISTv3.3/README_NISTv3.3.txt	10602
release/AshkenazimTrio/HG002_NA24385_son/NISTv3.3/supplementaryFiles/AllRepeats_51to200bp_gt95identity_merged_slop5.bed.gz	618406
release/AshkenazimTrio/HG002_NA24385_son/NISTv3.3/supplementaryFiles/AllRepeats_gt200bp_gt95identity_merged_sort.bed	270088
release/AshkenazimTrio/HG002_NA24385_son/NISTv3.3/supplementaryFiles/AllRepeats_lt51bp_gt95identity_merged_slop5.bed.gz	37773073
release/AshkenazimTrio/HG002_NA24385_son/NISTv3.3/supplementaryFiles/HG002_GIAB_highconf_CG-IllFB-IllGATKHC-Ion-Solid-10X_CHROM1-22_v3.3_all.vcf.gz	218021365
release/AshkenazimTrio/HG002_NA24385_son/NISTv3.3/supplementaryFiles/HG002_GIAB_highconf_CG-IllFB-IllGATKHC-Ion-Solid-10X_CHROM1-22_v3.3_all.vcf.gz.tbi	1701161
release/AshkenazimTrio/HG002_NA24385_son/NISTv3.3/supplementaryFiles/HG002_GIAB_highconf_CG-IllFB-IllGATKHC-Ion-Solid-10X_CHROM1-22_v3.3_callablemultinter_gt0.bed	10950245
release/AshkenazimTrio/HG002_NA24385_son/NISTv3.3/supplementaryFiles/HG002_GIAB_highconf_CG-IllFB-IllGATKHC-Ion-Solid-10X_CHROM1-22_v3.3_filteredsites.bed	53235147
release/AshkenazimTrio/HG002_NA24385_son/NISTv3.3/supplementaryFiles/HG002_HG003_HG004_allsvs_merged.bed	555445
release/AshkenazimTrio/HG002_NA24385_son/NISTv3.3/supplementaryFiles/NISTv3.3_supp.md5	1089
release/AshkenazimTrio/HG002_NA24385_son/NISTv3.3/supplementaryFiles/SimpleRepeat_imperfecthomopolgt10_slop5.bed.gz	14800766
release/AshkenazimTrio/HG002_NA24385_son/NISTv3.3/supplementaryFiles/hg19_self_chain_split_withalts_gt10k.bed.gz	23604
release/AshkenazimTrio/HG002_NA24385_son/NISTv3.3/supplementaryFiles/mm-2-merged.bed	560829
release/AshkenazimTrio/HG002_NA24385_son/NISTv4.1/GRCh37/HG002_GRCh37_1_22_v4.1_draft_benchmark.bed	9802988
release/AshkenazimTrio/HG002_NA24385_son/NISTv4.1/GRCh37/HG002_GRCh37_1_22_v4.1_draft_benchmark.bed.gz	3654712
release/AshkenazimTrio/HG002_NA24385_son/NISTv4.1/GRCh37/HG002_GRCh37_1_22_v4.1_draft_benchmark.bed.gz.tbi	282924
release/AshkenazimTrio/HG002_NA24385_son/NISTv4.1/GRCh37/HG002_GRCh37_1_22_v4.1_draft_benchmark.vcf.gz	178254916
release/AshkenazimTrio/HG002_NA24385_son/NISTv4.1/GRCh37/HG002_GRCh37_1_22_v4.1_draft_benchmark.vcf.gz.tbi	1646547
release/AshkenazimTrio/HG002_NA24385_son/NISTv4.1/GRCh37/supplementaryFiles/.DS_Store	6148
release/AshkenazimTrio/HG002_NA24385_son/NISTv4.1/GRCh37/supplementaryFiles/._.DS_Store	120
release/AshkenazimTrio/HG002_NA24385_son/NISTv4.1/GRCh37/supplementaryFiles/._HG002_GRCh37_CHROM1-22_v4.1_all.vcf.gz	701
release/AshkenazimTrio/HG002_NA24385_son/NISTv4.1/GRCh37/supplementaryFiles/._HG002_GRCh37_CHROM1-22_v4.1_all.vcf.gz.tbi	705
release/AshkenazimTrio/HG002_NA24385_son/NISTv4.1/GRCh37/supplementaryFiles/._HG002_GRCh37_CHROM1-22_v4.1_annotated.vcf.gz	707
release/AshkenazimTrio/HG002_NA24385_son/NISTv4.1/GRCh37/supplementaryFiles/._HG002_GRCh37_CHROM1-22_v4.1_annotated.vcf.gz.tbi	711
release/AshkenazimTrio/HG002_NA24385_son/NISTv4.1/GRCh37/supplementaryFiles/._HG002_GRCh37_CHROM1-22_v4.1_callablemultiinter_gt0.bed	720
release/AshkenazimTrio/HG002_NA24385_son/NISTv4.1/GRCh37/supplementaryFiles/._HG002_GRCh37_CHROM1-22_v4.1_filteredsites.bed	708
release/AshkenazimTrio/HG002_NA24385_son/NISTv4.1/GRCh37/supplementaryFiles/._HG002_GRCh37_CHROM1-22_v4.1_highconf.bed	703
release/AshkenazimTrio/HG002_NA24385_son/NISTv4.1/GRCh37/supplementaryFiles/._HG002_GRCh37_CHROM1-22_v4.1_highconf.vcf.gz	706
release/AshkenazimTrio/HG002_NA24385_son/NISTv4.1/GRCh37/supplementaryFiles/._HG002_GRCh37_CHROM1-22_v4.1_highconf.vcf.gz.tbi	710
release/AshkenazimTrio/HG002_NA24385_son/NISTv4.1/GRCh37/supplementaryFiles/HG002_GRCh37_CHROM1-22_v4.1_all.vcf.gz	263745878
release/AshkenazimTrio/HG002_NA24385_son/NISTv4.1/GRCh37/supplementaryFiles/HG002_GRCh37_CHROM1-22_v4.1_all.vcf.gz.tbi	1757957
release/AshkenazimTrio/HG002_NA24385_son/NISTv4.1/GRCh37/supplementaryFiles/HG002_GRCh37_CHROM1-22_v4.1_annotated.vcf.gz	1672971010
release/AshkenazimTrio/HG002_NA24385_son/NISTv4.1/GRCh37/supplementaryFiles/HG002_GRCh37_CHROM1-22_v4.1_annotated.vcf.gz.tbi	2094544
release/AshkenazimTrio/HG002_NA24385_son/NISTv4.1/GRCh37/supplementaryFiles/HG002_GRCh37_CHROM1-22_v4.1_callablemultiinter_gt0.bed	8033402
release/AshkenazimTrio/HG002_NA24385_son/NISTv4.1/GRCh37/supplementaryFiles/HG002_GRCh37_CHROM1-22_v4.1_filteredsites.bed	38134717
release/AshkenazimTrio/HG002_NA24385_son/NISTv4.1/GRCh37/supplementaryFiles/HG002_GRCh37_CHROM1-22_v4.1_highconf.bed	10143034
release/AshkenazimTrio/HG002_NA24385_son/NISTv4.1/GRCh37/supplementaryFiles/HG002_GRCh37_CHROM1-22_v4.1_highconf.vcf.gz	178655117
release/AshkenazimTrio/HG002_NA24385_son/NISTv4.1/GRCh37/supplementaryFiles/HG002_GRCh37_CHROM1-22_v4.1_highconf.vcf.gz.tbi	1644949
release/AshkenazimTrio/HG002_NA24385_son/NISTv4.1/GRCh37/supplementaryFiles/inputvcfsandbeds/._HG002_GRCh37_CHROM1-22_10xGenomics.vcf.gz	681
release/AshkenazimTrio/HG002_NA24385_son/NISTv4.1/GRCh37/supplementaryFiles/inputvcfsandbeds/._HG002_GRCh37_CHROM1-22_10xGenomics_callable.bed	685
release/AshkenazimTrio/HG002_NA24385_son/NISTv4.1/GRCh37/supplementaryFiles/inputvcfsandbeds/HG002_GRCh37_CHROM1-22_10xGenomics.vcf.gz	1536197139
release/AshkenazimTrio/HG002_NA24385_son/NISTv4.1/GRCh37/supplementaryFiles/inputvcfsandbeds/HG002_GRCh37_CHROM1-22_10xGenomics_callable.bed	16614261
release/AshkenazimTrio/HG002_NA24385_son/NISTv4.1/GRCh37/supplementaryFiles/inputvcfsandbeds/HG002_GRCh37_CHROM1-22_PacBio_HiFi_DeepVariant.vcf.gz	105704738
release/AshkenazimTrio/HG002_NA24385_son/NISTv4.1/GRCh37/supplementaryFiles/inputvcfsandbeds/HG002_GRCh37_CHROM1-22_PacBio_HiFi_DeepVariant_callable.bed	2588912
release/AshkenazimTrio/HG002_NA24385_son/NISTv4.1/GRCh37/supplementaryFiles/inputvcfsandbeds/HG002_GRCh37_CHROM1-22_PacBio_HiFi_GATK4.vcf.gz	171195989
release/AshkenazimTrio/HG002_NA24385_son/NISTv4.1/GRCh37/supplementaryFiles/inputvcfsandbeds/HG002_GRCh37_CHROM1-22_PacBio_HiFi_GATK4_callable.bed	46929
release/AshkenazimTrio/HG002_NA24385_son/NISTv4.1/GRCh38/HG002_GRCh38_1_22_v4.1_draft_benchmark.bed	11495169
release/AshkenazimTrio/HG002_NA24385_son/NISTv4.1/GRCh38/HG002_GRCh38_1_22_v4.1_draft_benchmark.bed.gz	3836289
release/AshkenazimTrio/HG002_NA24385_son/NISTv4.1/GRCh38/HG002_GRCh38_1_22_v4.1_draft_benchmark.bed.gz.tbi	289253
release/AshkenazimTrio/HG002_NA24385_son/NISTv4.1/GRCh38/HG002_GRCh38_1_22_v4.1_draft_benchmark.vcf.gz	158215161
release/AshkenazimTrio/HG002_NA24385_son/NISTv4.1/GRCh38/HG002_GRCh38_1_22_v4.1_draft_benchmark.vcf.gz.tbi	1658004
release/AshkenazimTrio/HG002_NA24385_son/NISTv4.1/GRCh38/supplementaryFiles/.DS_Store	6148
release/AshkenazimTrio/HG002_NA24385_son/NISTv4.1/GRCh38/supplementaryFiles/._.DS_Store	120
release/AshkenazimTrio/HG002_NA24385_son/NISTv4.1/GRCh38/supplementaryFiles/._HG002_GRCh38_CHROM1-22_v4.1_all.vcf.gz	677
release/AshkenazimTrio/HG002_NA24385_son/NISTv4.1/GRCh38/supplementaryFiles/._HG002_GRCh38_CHROM1-22_v4.1_all.vcf.gz.tbi	681
release/AshkenazimTrio/HG002_NA24385_son/NISTv4.1/GRCh38/supplementaryFiles/._HG002_GRCh38_CHROM1-22_v4.1_annotated.vcf.gz	690
release/AshkenazimTrio/HG002_NA24385_son/NISTv4.1/GRCh38/supplementaryFiles/._HG002_GRCh38_CHROM1-22_v4.1_annotated.vcf.gz.tbi	694
release/AshkenazimTrio/HG002_NA24385_son/NISTv4.1/GRCh38/supplementaryFiles/._HG002_GRCh38_CHROM1-22_v4.1_callablemultinter_gt0.bed	692
release/AshkenazimTrio/HG002_NA24385_son/NISTv4.1/GRCh38/supplementaryFiles/._HG002_GRCh38_CHROM1-22_v4.1_filteredsites.bed	684
release/AshkenazimTrio/HG002_NA24385_son/NISTv4.1/GRCh38/supplementaryFiles/._HG002_GRCh38_CHROM1-22_v4.1_highconf.bed	686
release/AshkenazimTrio/HG002_NA24385_son/NISTv4.1/GRCh38/supplementaryFiles/._HG002_GRCh38_CHROM1-22_v4.1_highconf.vcf.gz	689
release/AshkenazimTrio/HG002_NA24385_son/NISTv4.1/GRCh38/supplementaryFiles/._HG002_GRCh38_CHROM1-22_v4.1_highconf.vcf.gz.tbi	693
release/AshkenazimTrio/HG002_NA24385_son/NISTv4.1/GRCh38/supplementaryFiles/HG002_GRCh38_CHROM1-22_v4.1_all.vcf.gz	249469064
release/AshkenazimTrio/HG002_NA24385_son/NISTv4.1/GRCh38/supplementaryFiles/HG002_GRCh38_CHROM1-22_v4.1_all.vcf.gz.tbi	1801590
release/AshkenazimTrio/HG002_NA24385_son/NISTv4.1/GRCh38/supplementaryFiles/HG002_GRCh38_CHROM1-22_v4.1_annotated.vcf.gz	1611292710
release/AshkenazimTrio/HG002_NA24385_son/NISTv4.1/GRCh38/supplementaryFiles/HG002_GRCh38_CHROM1-22_v4.1_annotated.vcf.gz.tbi	2115301
release/AshkenazimTrio/HG002_NA24385_son/NISTv4.1/GRCh38/supplementaryFiles/HG002_GRCh38_CHROM1-22_v4.1_callablemultinter_gt0.bed	9568083
release/AshkenazimTrio/HG002_NA24385_son/NISTv4.1/GRCh38/supplementaryFiles/HG002_GRCh38_CHROM1-22_v4.1_filteredsites.bed	54218978
release/AshkenazimTrio/HG002_NA24385_son/NISTv4.1/GRCh38/supplementaryFiles/HG002_GRCh38_CHROM1-22_v4.1_highconf.bed	11990126
release/AshkenazimTrio/HG002_NA24385_son/NISTv4.1/GRCh38/supplementaryFiles/HG002_GRCh38_CHROM1-22_v4.1_highconf.vcf.gz	158581585
release/AshkenazimTrio/HG002_NA24385_son/NISTv4.1/GRCh38/supplementaryFiles/HG002_GRCh38_CHROM1-22_v4.1_highconf.vcf.gz.tbi	1655854
release/AshkenazimTrio/HG002_NA24385_son/NISTv4.1/GRCh38/supplementaryFiles/inputvcfsandbeds/.DS_Store	6148
release/AshkenazimTrio/HG002_NA24385_son/NISTv4.1/GRCh38/supplementaryFiles/inputvcfsandbeds/._.DS_Store	120
release/AshkenazimTrio/HG002_NA24385_son/NISTv4.1/GRCh38/supplementaryFiles/inputvcfsandbeds/._HG002_GRCh38_CHROM1-22_10xGenomics.vcf.gz	689
release/AshkenazimTrio/HG002_NA24385_son/NISTv4.1/GRCh38/supplementaryFiles/inputvcfsandbeds/._HG002_GRCh38_CHROM1-22_10xGenomics_callable.bed	695
release/AshkenazimTrio/HG002_NA24385_son/NISTv4.1/GRCh38/supplementaryFiles/inputvcfsandbeds/._HG002_GRCh38_CHROM1-22_PacBio_HiFi_GATK4.vcf.gz	472
release/AshkenazimTrio/HG002_NA24385_son/NISTv4.1/GRCh38/supplementaryFiles/inputvcfsandbeds/HG002_GRCh38_CHROM1-22_10xGenomics.vcf.gz	1584635531
release/AshkenazimTrio/HG002_NA24385_son/NISTv4.1/GRCh38/supplementaryFiles/inputvcfsandbeds/HG002_GRCh38_CHROM1-22_10xGenomics_callable.bed	18521699
release/AshkenazimTrio/HG002_NA24385_son/NISTv4.1/GRCh38/supplementaryFiles/inputvcfsandbeds/HG002_GRCh38_CHROM1-22_PacBio_HiFi_DeepVariant.vcf.gz	112224382
release/AshkenazimTrio/HG002_NA24385_son/NISTv4.1/GRCh38/supplementaryFiles/inputvcfsandbeds/HG002_GRCh38_CHROM1-22_PacBio_HiFi_DeepVariant_callable.bed	2933079
release/AshkenazimTrio/HG002_NA24385_son/NISTv4.1/GRCh38/supplementaryFiles/inputvcfsandbeds/HG002_GRCh38_CHROM1-22_PacBio_HiFi_GATK4.vcf.gz	250604472
release/AshkenazimTrio/HG002_NA24385_son/NISTv4.1/GRCh38/supplementaryFiles/inputvcfsandbeds/HG002_GRCh38_CHROM1-22_PacBio_HiFi_GATK4_callable.bed	68757
release/AshkenazimTrio/HG002_NA24385_son/NISTv4.1/README_v4.1.txt	16995
release/AshkenazimTrio/HG002_NA24385_son/NISTv4.2.1/GRCh37/HG002_GRCh37_1_22_v4.2.1_benchmark.vcf.gz	176274136
release/AshkenazimTrio/HG002_NA24385_son/NISTv4.2.1/GRCh37/HG002_GRCh37_1_22_v4.2.1_benchmark.vcf.gz.tbi	1645774
release/AshkenazimTrio/HG002_NA24385_son/NISTv4.2.1/GRCh37/HG002_GRCh37_1_22_v4.2.1_benchmark_noinconsistent.bed	9799769
release/AshkenazimTrio/HG002_NA24385_son/NISTv4.2.1/GRCh37/SupplementaryFiles/.DS_Store	8196
release/AshkenazimTrio/HG002_NA24385_son/NISTv4.2.1/GRCh37/SupplementaryFiles/HG002_GRCh37_1_22_v4.2.1_all.vcf.gz	263745878
release/AshkenazimTrio/HG002_NA24385_son/NISTv4.2.1/GRCh37/SupplementaryFiles/HG002_GRCh37_1_22_v4.2.1_all.vcf.gz.tbi	1757957
release/AshkenazimTrio/HG002_NA24385_son/NISTv4.2.1/GRCh37/SupplementaryFiles/HG002_GRCh37_1_22_v4.2.1_annotated.vcf.gz	1672971010
release/AshkenazimTrio/HG002_NA24385_son/NISTv4.2.1/GRCh37/SupplementaryFiles/HG002_GRCh37_1_22_v4.2.1_annotated.vcf.gz.tbi	2094544
release/AshkenazimTrio/HG002_NA24385_son/NISTv4.2.1/GRCh37/SupplementaryFiles/HG002_GRCh37_1_22_v4.2.1_benchmark_hifiasm_v11_phasetransfer.vcf.gz	196228193
release/AshkenazimTrio/HG002_NA24385_son/NISTv4.2.1/GRCh37/SupplementaryFiles/HG002_GRCh37_1_22_v4.2.1_benchmark_hifiasm_v11_phasetransfer.vcf.gz.tbi	1622695
release/AshkenazimTrio/HG002_NA24385_son/NISTv4.2.1/GRCh37/SupplementaryFiles/HG002_GRCh37_1_22_v4.2.1_callablemultiinter_gt0.bed	8033402
release/AshkenazimTrio/HG002_NA24385_son/NISTv4.2.1/GRCh37/SupplementaryFiles/HG002_GRCh37_1_22_v4.2.1_filteredsites.bed	38134717
release/AshkenazimTrio/HG002_NA24385_son/NISTv4.2.1/GRCh37/SupplementaryFiles/HG002_GRCh37_1_22_v4.2.1_highconf.bed	10143034
release/AshkenazimTrio/HG002_NA24385_son/NISTv4.2.1/GRCh37/SupplementaryFiles/HG002_GRCh37_1_22_v4.2.1_highconf.vcf.gz	178655117
release/AshkenazimTrio/HG002_NA24385_son/NISTv4.2.1/GRCh37/SupplementaryFiles/HG002_GRCh37_1_22_v4.2.1_highconf.vcf.gz.tbi	1644949
release/AshkenazimTrio/HG002_NA24385_son/NISTv4.2.1/GRCh37/SupplementaryFiles/inputvcfsandbeds/HG002_GRCh37_1_22_10xGenomics.vcf.gz	1536197139
release/AshkenazimTrio/HG002_NA24385_son/NISTv4.2.1/GRCh37/SupplementaryFiles/inputvcfsandbeds/HG002_GRCh37_1_22_10xGenomics.vcf.gz.tbi	2060220
release/AshkenazimTrio/HG002_NA24385_son/NISTv4.2.1/GRCh37/SupplementaryFiles/inputvcfsandbeds/HG002_GRCh37_1_22_10xGenomics_callable.bed	16614261
release/AshkenazimTrio/HG002_NA24385_son/NISTv4.2.1/GRCh37/SupplementaryFiles/inputvcfsandbeds/HG002_GRCh37_1_22_PacBio_HiFi_DeepVariant.vcf.gz	105704738
release/AshkenazimTrio/HG002_NA24385_son/NISTv4.2.1/GRCh37/SupplementaryFiles/inputvcfsandbeds/HG002_GRCh37_1_22_PacBio_HiFi_DeepVariant.vcf.gz.tbi	1587553
release/AshkenazimTrio/HG002_NA24385_son/NISTv4.2.1/GRCh37/SupplementaryFiles/inputvcfsandbeds/HG002_GRCh37_1_22_PacBio_HiFi_DeepVariant_callable.bed	2588912
release/AshkenazimTrio/HG002_NA24385_son/NISTv4.2.1/GRCh37/SupplementaryFiles/inputvcfsandbeds/HG002_GRCh37_1_22_PacBio_HiFi_GATK4.vcf.gz	171195989
release/AshkenazimTrio/HG002_NA24385_son/NISTv4.2.1/GRCh37/SupplementaryFiles/inputvcfsandbeds/HG002_GRCh37_1_22_PacBio_HiFi_GATK4.vcf.gz.tbi	1548423
release/AshkenazimTrio/HG002_NA24385_son/NISTv4.2.1/GRCh37/SupplementaryFiles/inputvcfsandbeds/HG002_GRCh37_1_22_PacBio_HiFi_GATK4_callable.bed	46929
release/AshkenazimTrio/HG002_NA24385_son/NISTv4.2.1/GRCh38/HG002_GRCh38_1_22_v4.2.1_benchmark.vcf.gz	156252944
release/AshkenazimTrio/HG002_NA24385_son/NISTv4.2.1/GRCh38/HG002_GRCh38_1_22_v4.2.1_benchmark.vcf.gz.tbi	1657747
release/AshkenazimTrio/HG002_NA24385_son/NISTv4.2.1/GRCh38/HG002_GRCh38_1_22_v4.2.1_benchmark_noinconsistent.bed	11494021
release/AshkenazimTrio/HG002_NA24385_son/NISTv4.2.1/GRCh38/SupplementaryFiles/.DS_Store	6148
release/AshkenazimTrio/HG002_NA24385_son/NISTv4.2.1/GRCh38/SupplementaryFiles/HG002_GRCh38_1_22_v4.2.1_all.vcf.gz	249469064
release/AshkenazimTrio/HG002_NA24385_son/NISTv4.2.1/GRCh38/SupplementaryFiles/HG002_GRCh38_1_22_v4.2.1_all.vcf.gz.tbi	1801590
release/AshkenazimTrio/HG002_NA24385_son/NISTv4.2.1/GRCh38/SupplementaryFiles/HG002_GRCh38_1_22_v4.2.1_annotated.vcf.gz	1611292710
release/AshkenazimTrio/HG002_NA24385_son/NISTv4.2.1/GRCh38/SupplementaryFiles/HG002_GRCh38_1_22_v4.2.1_annotated.vcf.gz.tbi	2115301
release/AshkenazimTrio/HG002_NA24385_son/NISTv4.2.1/GRCh38/SupplementaryFiles/HG002_GRCh38_1_22_v4.2.1_benchmark_hifiasm_v11_phasetransfer.vcf.gz	175186444
release/AshkenazimTrio/HG002_NA24385_son/NISTv4.2.1/GRCh38/SupplementaryFiles/HG002_GRCh38_1_22_v4.2.1_benchmark_hifiasm_v11_phasetransfer.vcf.gz.tbi	1633465
release/AshkenazimTrio/HG002_NA24385_son/NISTv4.2.1/GRCh38/SupplementaryFiles/HG002_GRCh38_1_22_v4.2.1_benchmark_phased_MHCassembly_StrandSeqANDTrio.vcf.gz	162490215
release/AshkenazimTrio/HG002_NA24385_son/NISTv4.2.1/GRCh38/SupplementaryFiles/HG002_GRCh38_1_22_v4.2.1_benchmark_phased_MHCassembly_StrandSeqANDTrio.vcf.gz.tbi	1661777
release/AshkenazimTrio/HG002_NA24385_son/NISTv4.2.1/GRCh38/SupplementaryFiles/HG002_GRCh38_1_22_v4.2.1_callablemultinter_gt0.bed	9568083
release/AshkenazimTrio/HG002_NA24385_son/NISTv4.2.1/GRCh38/SupplementaryFiles/HG002_GRCh38_1_22_v4.2.1_filteredsites.bed	54218978
release/AshkenazimTrio/HG002_NA24385_son/NISTv4.2.1/GRCh38/SupplementaryFiles/HG002_NA24385_GRCh38_1_22_v4.2_benchmark_phased_StrandSeq_whatshap.vcf.gz	158066596
release/AshkenazimTrio/HG002_NA24385_son/NISTv4.2.1/GRCh38/SupplementaryFiles/HG002_NA24385_GRCh38_1_22_v4.2_benchmark_phased_StrandSeq_whatshap.vcf.gz.tbi	1657761
release/AshkenazimTrio/HG002_NA24385_son/NISTv4.2.1/GRCh38/SupplementaryFiles/inputvcfsandbeds/HG002_GRCh38_1_22_10xGenomics.vcf.gz	1584635531
release/AshkenazimTrio/HG002_NA24385_son/NISTv4.2.1/GRCh38/SupplementaryFiles/inputvcfsandbeds/HG002_GRCh38_1_22_10xGenomics.vcf.gz.tbi	2069463
release/AshkenazimTrio/HG002_NA24385_son/NISTv4.2.1/GRCh38/SupplementaryFiles/inputvcfsandbeds/HG002_GRCh38_1_22_10xGenomics_callable.bed	18521699
release/AshkenazimTrio/HG002_NA24385_son/NISTv4.2.1/GRCh38/SupplementaryFiles/inputvcfsandbeds/HG002_GRCh38_1_22_PacBio_HiFi_DeepVariant.vcf.gz	112224382
release/AshkenazimTrio/HG002_NA24385_son/NISTv4.2.1/GRCh38/SupplementaryFiles/inputvcfsandbeds/HG002_GRCh38_1_22_PacBio_HiFi_DeepVariant.vcf.gz.tbi	1606512
release/AshkenazimTrio/HG002_NA24385_son/NISTv4.2.1/GRCh38/SupplementaryFiles/inputvcfsandbeds/HG002_GRCh38_1_22_PacBio_HiFi_DeepVariant_callable.bed	2933079
release/AshkenazimTrio/HG002_NA24385_son/NISTv4.2.1/GRCh38/SupplementaryFiles/inputvcfsandbeds/HG002_GRCh38_1_22_PacBio_HiFi_GATK4.vcf.gz	250604472
release/AshkenazimTrio/HG002_NA24385_son/NISTv4.2.1/GRCh38/SupplementaryFiles/inputvcfsandbeds/HG002_GRCh38_1_22_PacBio_HiFi_GATK4.vcf.gz.tbi	1565969
release/AshkenazimTrio/HG002_NA24385_son/NISTv4.2.1/GRCh38/SupplementaryFiles/inputvcfsandbeds/HG002_GRCh38_1_22_PacBio_HiFi_GATK4_callable.bed	68757
release/AshkenazimTrio/HG002_NA24385_son/NISTv4.2.1/README_v4.2.1.txt	19920
release/AshkenazimTrio/HG002_NA24385_son/NISTv4.2.1/md5.in	634
release/AshkenazimTrio/HG002_NA24385_son/TandemRepeats_v1.0/.DS_Store	6148
release/AshkenazimTrio/HG002_NA24385_son/TandemRepeats_v1.0/GRCh38/GIABTR.HG002.benchmark.trfinfo.vcf.gz	117728869
release/AshkenazimTrio/HG002_NA24385_son/TandemRepeats_v1.0/GRCh38/GIABTR.HG002.benchmark.trfinfo.vcf.gz.tbi	1620456
release/AshkenazimTrio/HG002_NA24385_son/TandemRepeats_v1.0/GRCh38/HG002_GRCh38_TandemRepeats_v1.0.1.vcf.gz	108484063
release/AshkenazimTrio/HG002_NA24385_son/TandemRepeats_v1.0/GRCh38/HG002_GRCh38_TandemRepeats_v1.0.1.vcf.gz.tbi	1603696
release/AshkenazimTrio/HG002_NA24385_son/TandemRepeats_v1.0/GRCh38/HG002_GRCh38_TandemRepeats_v1.0.1_Tier1.bed.gz	18004788
release/AshkenazimTrio/HG002_NA24385_son/TandemRepeats_v1.0/GRCh38/HG002_GRCh38_TandemRepeats_v1.0.1_Tier1.bed.gz.tbi	1096759
release/AshkenazimTrio/HG002_NA24385_son/TandemRepeats_v1.0/GRCh38/HG002_GRCh38_TandemRepeats_v1.0.bed.gz	20864832
release/AshkenazimTrio/HG002_NA24385_son/TandemRepeats_v1.0/GRCh38/HG002_GRCh38_TandemRepeats_v1.0.vcf.gz	109904718
release/AshkenazimTrio/HG002_NA24385_son/TandemRepeats_v1.0/GRCh38/HG002_GRCh38_TandemRepeats_v1.0.vcf.gz.tbi	1618061
release/AshkenazimTrio/HG002_NA24385_son/TandemRepeats_v1.0/GRCh38/README.md	5749
release/AshkenazimTrio/HG002_NA24385_son/TandemRepeats_v1.0/GRCh38/adotto_TRv1.1_4mers.map	63185618
release/AshkenazimTrio/HG002_NA24385_son/TandemRepeats_v1.0/GRCh38/adotto_TRv1.1_4mers.som	1299050
release/AshkenazimTrio/HG002_NA24385_son/TandemRepeats_v1.0/GRCh38/checksums.md5	528
release/AshkenazimTrio/HG002_NA24385_son/chrXY_v1.0/.DS_Store	6148
release/AshkenazimTrio/HG002_NA24385_son/chrXY_v1.0/GRCh38/SmallVariant/.DS_Store	6148
release/AshkenazimTrio/HG002_NA24385_son/chrXY_v1.0/GRCh38/SmallVariant/HG002_GRCh38_chrXY_smallvar_v1.0.bed	101292
release/AshkenazimTrio/HG002_NA24385_son/chrXY_v1.0/GRCh38/SmallVariant/HG002_GRCh38_chrXY_smallvar_v1.0.vcf.gz	1733886
release/AshkenazimTrio/HG002_NA24385_son/chrXY_v1.0/GRCh38/SmallVariant/HG002_GRCh38_chrXY_smallvar_v1.0.vcf.gz.tbi	84944
release/AshkenazimTrio/HG002_NA24385_son/chrXY_v1.0/GRCh38/SmallVariant/README_chrXY-smVar_Benchmark.md	10403
release/AshkenazimTrio/HG002_NA24385_son/chrXY_v1.0/GRCh38/SmallVariant/SupplementaryFiles/.DS_Store	8196
release/AshkenazimTrio/HG002_NA24385_son/chrXY_v1.0/GRCh38/SmallVariant/SupplementaryFiles/T2T-v2.7-XY-align2-GRCh38/GRCh38_T2T-XY-v2.7_dipcall-z2k.dip.bed	1559
release/AshkenazimTrio/HG002_NA24385_son/chrXY_v1.0/GRCh38/SmallVariant/SupplementaryFiles/T2T-v2.7-XY-align2-GRCh38/GRCh38_T2T-XY-v2.7_dipcall-z2k.dip.vcf.gz	1746971
release/AshkenazimTrio/HG002_NA24385_son/chrXY_v1.0/GRCh38/SmallVariant/SupplementaryFiles/T2T-v2.7-XY-align2-GRCh38/GRCh38_T2T-XY-v2.7_dipcall-z2k.hap1.bam	16574075
release/AshkenazimTrio/HG002_NA24385_son/chrXY_v1.0/GRCh38/SmallVariant/SupplementaryFiles/T2T-v2.7-XY-align2-GRCh38/GRCh38_T2T-XY-v2.7_dipcall-z2k.hap1.bam.bai	106120
release/AshkenazimTrio/HG002_NA24385_son/chrXY_v1.0/GRCh38/SmallVariant/SupplementaryFiles/T2T-v2.7-XY-align2-GRCh38/GRCh38_T2T-XY-v2.7_dipcall-z2k.hap2.bam	65557280
release/AshkenazimTrio/HG002_NA24385_son/chrXY_v1.0/GRCh38/SmallVariant/SupplementaryFiles/T2T-v2.7-XY-align2-GRCh38/GRCh38_T2T-XY-v2.7_dipcall-z2k.hap2.bam.bai	78272
release/AshkenazimTrio/HG002_NA24385_son/chrXY_v1.0/GRCh38/SmallVariant/SupplementaryFiles/T2T-v2.7-XY_assembly/chrX_v2.7.fa.gz	46792172
release/AshkenazimTrio/HG002_NA24385_son/chrXY_v1.0/GRCh38/SmallVariant/SupplementaryFiles/T2T-v2.7-XY_assembly/chrY_v2.7.fa.gz	12415609
release/AshkenazimTrio/HG002_NA24385_son/latest/GRCh37/HG002_GRCh37_1_22_v4.2.1_benchmark.vcf.gz	176274136
release/AshkenazimTrio/HG002_NA24385_son/latest/GRCh37/HG002_GRCh37_1_22_v4.2.1_benchmark.vcf.gz.tbi	1645774
release/AshkenazimTrio/HG002_NA24385_son/latest/GRCh37/HG002_GRCh37_1_22_v4.2.1_benchmark_noinconsistent.bed	9799769
release/AshkenazimTrio/HG002_NA24385_son/latest/GRCh37/SupplementaryFiles/.DS_Store	8196
release/AshkenazimTrio/HG002_NA24385_son/latest/GRCh37/SupplementaryFiles/HG002_GRCh37_1_22_v4.2.1_all.vcf.gz	263745878
release/AshkenazimTrio/HG002_NA24385_son/latest/GRCh37/SupplementaryFiles/HG002_GRCh37_1_22_v4.2.1_all.vcf.gz.tbi	1757957
release/AshkenazimTrio/HG002_NA24385_son/latest/GRCh37/SupplementaryFiles/HG002_GRCh37_1_22_v4.2.1_annotated.vcf.gz	1672971010
release/AshkenazimTrio/HG002_NA24385_son/latest/GRCh37/SupplementaryFiles/HG002_GRCh37_1_22_v4.2.1_annotated.vcf.gz.tbi	2094544
release/AshkenazimTrio/HG002_NA24385_son/latest/GRCh37/SupplementaryFiles/HG002_GRCh37_1_22_v4.2.1_benchmark_hifiasm_v11_phasetransfer.vcf.gz	196228193
release/AshkenazimTrio/HG002_NA24385_son/latest/GRCh37/SupplementaryFiles/HG002_GRCh37_1_22_v4.2.1_benchmark_hifiasm_v11_phasetransfer.vcf.gz.tbi	1622695
release/AshkenazimTrio/HG002_NA24385_son/latest/GRCh37/SupplementaryFiles/HG002_GRCh37_1_22_v4.2.1_callablemultiinter_gt0.bed	8033402
release/AshkenazimTrio/HG002_NA24385_son/latest/GRCh37/SupplementaryFiles/HG002_GRCh37_1_22_v4.2.1_filteredsites.bed	38134717
release/AshkenazimTrio/HG002_NA24385_son/latest/GRCh37/SupplementaryFiles/HG002_GRCh37_1_22_v4.2.1_highconf.bed	10143034
release/AshkenazimTrio/HG002_NA24385_son/latest/GRCh37/SupplementaryFiles/HG002_GRCh37_1_22_v4.2.1_highconf.vcf.gz	178655117
release/AshkenazimTrio/HG002_NA24385_son/latest/GRCh37/SupplementaryFiles/HG002_GRCh37_1_22_v4.2.1_highconf.vcf.gz.tbi	1644949
release/AshkenazimTrio/HG002_NA24385_son/latest/GRCh37/SupplementaryFiles/inputvcfsandbeds/HG002_GRCh37_1_22_10xGenomics.vcf.gz	1536197139
release/AshkenazimTrio/HG002_NA24385_son/latest/GRCh37/SupplementaryFiles/inputvcfsandbeds/HG002_GRCh37_1_22_10xGenomics.vcf.gz.tbi	2060220
release/AshkenazimTrio/HG002_NA24385_son/latest/GRCh37/SupplementaryFiles/inputvcfsandbeds/HG002_GRCh37_1_22_10xGenomics_callable.bed	16614261
release/AshkenazimTrio/HG002_NA24385_son/latest/GRCh37/SupplementaryFiles/inputvcfsandbeds/HG002_GRCh37_1_22_PacBio_HiFi_DeepVariant.vcf.gz	105704738
release/AshkenazimTrio/HG002_NA24385_son/latest/GRCh37/SupplementaryFiles/inputvcfsandbeds/HG002_GRCh37_1_22_PacBio_HiFi_DeepVariant.vcf.gz.tbi	1587553
release/AshkenazimTrio/HG002_NA24385_son/latest/GRCh37/SupplementaryFiles/inputvcfsandbeds/HG002_GRCh37_1_22_PacBio_HiFi_DeepVariant_callable.bed	2588912
release/AshkenazimTrio/HG002_NA24385_son/latest/GRCh37/SupplementaryFiles/inputvcfsandbeds/HG002_GRCh37_1_22_PacBio_HiFi_GATK4.vcf.gz	171195989
release/AshkenazimTrio/HG002_NA24385_son/latest/GRCh37/SupplementaryFiles/inputvcfsandbeds/HG002_GRCh37_1_22_PacBio_HiFi_GATK4.vcf.gz.tbi	1548423
release/AshkenazimTrio/HG002_NA24385_son/latest/GRCh37/SupplementaryFiles/inputvcfsandbeds/HG002_GRCh37_1_22_PacBio_HiFi_GATK4_callable.bed	46929
release/AshkenazimTrio/HG002_NA24385_son/latest/GRCh38/HG002_GRCh38_1_22_v4.2.1_benchmark.vcf.gz	156252944
release/AshkenazimTrio/HG002_NA24385_son/latest/GRCh38/HG002_GRCh38_1_22_v4.2.1_benchmark.vcf.gz.tbi	1657747
release/AshkenazimTrio/HG002_NA24385_son/latest/GRCh38/HG002_GRCh38_1_22_v4.2.1_benchmark_noinconsistent.bed	11494021
release/AshkenazimTrio/HG002_NA24385_son/latest/GRCh38/SupplementaryFiles/.DS_Store	6148
release/AshkenazimTrio/HG002_NA24385_son/latest/GRCh38/SupplementaryFiles/HG002_GRCh38_1_22_v4.2.1_all.vcf.gz	249469064
release/AshkenazimTrio/HG002_NA24385_son/latest/GRCh38/SupplementaryFiles/HG002_GRCh38_1_22_v4.2.1_all.vcf.gz.tbi	1801590
release/AshkenazimTrio/HG002_NA24385_son/latest/GRCh38/SupplementaryFiles/HG002_GRCh38_1_22_v4.2.1_annotated.vcf.gz	1611292710
release/AshkenazimTrio/HG002_NA24385_son/latest/GRCh38/SupplementaryFiles/HG002_GRCh38_1_22_v4.2.1_annotated.vcf.gz.tbi	2115301
release/AshkenazimTrio/HG002_NA24385_son/latest/GRCh38/SupplementaryFiles/HG002_GRCh38_1_22_v4.2.1_benchmark_hifiasm_v11_phasetransfer.vcf.gz	175186444
release/AshkenazimTrio/HG002_NA24385_son/latest/GRCh38/SupplementaryFiles/HG002_GRCh38_1_22_v4.2.1_benchmark_hifiasm_v11_phasetransfer.vcf.gz.tbi	1633465
release/AshkenazimTrio/HG002_NA24385_son/latest/GRCh38/SupplementaryFiles/HG002_GRCh38_1_22_v4.2.1_benchmark_phased_MHCassembly_StrandSeqANDTrio.vcf.gz	162490215
release/AshkenazimTrio/HG002_NA24385_son/latest/GRCh38/SupplementaryFiles/HG002_GRCh38_1_22_v4.2.1_benchmark_phased_MHCassembly_StrandSeqANDTrio.vcf.gz.tbi	1661777
release/AshkenazimTrio/HG002_NA24385_son/latest/GRCh38/SupplementaryFiles/HG002_GRCh38_1_22_v4.2.1_callablemultinter_gt0.bed	9568083
release/AshkenazimTrio/HG002_NA24385_son/latest/GRCh38/SupplementaryFiles/HG002_GRCh38_1_22_v4.2.1_filteredsites.bed	54218978
release/AshkenazimTrio/HG002_NA24385_son/latest/GRCh38/SupplementaryFiles/HG002_NA24385_GRCh38_1_22_v4.2_benchmark_phased_StrandSeq_whatshap.vcf.gz	158066596
release/AshkenazimTrio/HG002_NA24385_son/latest/GRCh38/SupplementaryFiles/HG002_NA24385_GRCh38_1_22_v4.2_benchmark_phased_StrandSeq_whatshap.vcf.gz.tbi	1657761
release/AshkenazimTrio/HG002_NA24385_son/latest/GRCh38/SupplementaryFiles/inputvcfsandbeds/HG002_GRCh38_1_22_10xGenomics.vcf.gz	1584635531
release/AshkenazimTrio/HG002_NA24385_son/latest/GRCh38/SupplementaryFiles/inputvcfsandbeds/HG002_GRCh38_1_22_10xGenomics.vcf.gz.tbi	2069463
release/AshkenazimTrio/HG002_NA24385_son/latest/GRCh38/SupplementaryFiles/inputvcfsandbeds/HG002_GRCh38_1_22_10xGenomics_callable.bed	18521699
release/AshkenazimTrio/HG002_NA24385_son/latest/GRCh38/SupplementaryFiles/inputvcfsandbeds/HG002_GRCh38_1_22_PacBio_HiFi_DeepVariant.vcf.gz	112224382
release/AshkenazimTrio/HG002_NA24385_son/latest/GRCh38/SupplementaryFiles/inputvcfsandbeds/HG002_GRCh38_1_22_PacBio_HiFi_DeepVariant.vcf.gz.tbi	1606512
release/AshkenazimTrio/HG002_NA24385_son/latest/GRCh38/SupplementaryFiles/inputvcfsandbeds/HG002_GRCh38_1_22_PacBio_HiFi_DeepVariant_callable.bed	2933079
release/AshkenazimTrio/HG002_NA24385_son/latest/GRCh38/SupplementaryFiles/inputvcfsandbeds/HG002_GRCh38_1_22_PacBio_HiFi_GATK4.vcf.gz	250604472
release/AshkenazimTrio/HG002_NA24385_son/latest/GRCh38/SupplementaryFiles/inputvcfsandbeds/HG002_GRCh38_1_22_PacBio_HiFi_GATK4.vcf.gz.tbi	1565969
release/AshkenazimTrio/HG002_NA24385_son/latest/GRCh38/SupplementaryFiles/inputvcfsandbeds/HG002_GRCh38_1_22_PacBio_HiFi_GATK4_callable.bed	68757
release/AshkenazimTrio/HG002_NA24385_son/latest/README_v4.2.1.txt	19920
release/AshkenazimTrio/HG002_NA24385_son/latest/md5.in	634
release/AshkenazimTrio/HG002_NA24385_son/mosaic_v1.00/GRCh38/SNV/HG002_GRCh38_MosaicSNVv1.0.bed	21268178
release/AshkenazimTrio/HG002_NA24385_son/mosaic_v1.00/GRCh38/SNV/HG002_GRCh38_MosaicSNVv1.0.vcf.gz	16329
release/AshkenazimTrio/HG002_NA24385_son/mosaic_v1.00/GRCh38/SNV/HG002_GRCh38_MosaicSNVv1.0.vcf.gz.tbi	4332
release/AshkenazimTrio/HG002_NA24385_son/mosaic_v1.00/GRCh38/SNV/HG002_GRCh38_MosaicSNVv1.0_GermlineV4.2.1.vcf.gz	150244102
release/AshkenazimTrio/HG002_NA24385_son/mosaic_v1.00/GRCh38/SNV/HG002_GRCh38_MosaicSNVv1.0_GermlineV4.2.1.vcf.gz.tbi	1650164
release/AshkenazimTrio/HG002_NA24385_son/mosaic_v1.00/GRCh38/SNV/README.md	20061
release/AshkenazimTrio/HG002_NA24385_son/mosaic_v1.00/GRCh38/SNV/SupplementaryFiles/HG002_GRCh38_Strelka2-Ill300X.vcf.gz	59702037
release/AshkenazimTrio/HG002_NA24385_son/mosaic_v1.00/GRCh38/SNV/SupplementaryFiles/HG002_GRCh38_mosaic_database.data_dictionary.md	14362
release/AshkenazimTrio/HG002_NA24385_son/mosaic_v1.00/GRCh38/SNV/SupplementaryFiles/HG002_GRCh38_mosaic_database.tsv	253610900
release/AshkenazimTrio/HG002_NA24385_son/mosaic_v1.00/GRCh38/SNV/SupplementaryFiles/external_validator_vcfs/byunggil_yoo/HG002_Somatic.hard-filtered.vcf.gz	89998509
release/AshkenazimTrio/HG002_NA24385_son/mosaic_v1.00/GRCh38/SNV/SupplementaryFiles/external_validator_vcfs/byunggil_yoo/HG002_Somatic.hard-filtered.vcf.gz.tbi	1438121
release/AshkenazimTrio/HG002_NA24385_son/mosaic_v1.00/GRCh38/SNV/SupplementaryFiles/external_validator_vcfs/cornell/HG002.somatic.candidatesOnly.reheader.vcf.gz	11712
release/AshkenazimTrio/HG002_NA24385_son/mosaic_v1.00/GRCh38/SNV/SupplementaryFiles/external_validator_vcfs/cornell/HG002.somatic.candidatesOnly.reheader.vcf.gz.tbi	4462
release/AshkenazimTrio/HG002_NA24385_son/mosaic_v1.00/GRCh38/SNV/SupplementaryFiles/external_validator_vcfs/deepsomatic_google/HG002.element.cloudbreak.500bp_ins.grch38.mosaic.deepsomatic.somatic_only.Q0.vcf.gz	1568667
release/AshkenazimTrio/HG002_NA24385_son/mosaic_v1.00/GRCh38/SNV/SupplementaryFiles/external_validator_vcfs/deepsomatic_google/HG002.element.cloudbreak.500bp_ins.grch38.mosaic.deepsomatic.somatic_only.Q0.vcf.gz.tbi	443461
release/AshkenazimTrio/HG002_NA24385_son/mosaic_v1.00/GRCh38/SNV/SupplementaryFiles/external_validator_vcfs/deepsomatic_google/HG002.element.cloudbreak.500bp_ins.grch38.mosaic.deepsomatic.somatic_only.Q10.vcf.gz	251399
release/AshkenazimTrio/HG002_NA24385_son/mosaic_v1.00/GRCh38/SNV/SupplementaryFiles/external_validator_vcfs/deepsomatic_google/HG002.element.cloudbreak.500bp_ins.grch38.mosaic.deepsomatic.somatic_only.Q10.vcf.gz.tbi	113810
release/AshkenazimTrio/HG002_NA24385_son/mosaic_v1.00/GRCh38/SNV/SupplementaryFiles/external_validator_vcfs/deepsomatic_google/HG002.illumina.300x.deepsomatic.mosaic.Q0.vcf.gz	1912931
release/AshkenazimTrio/HG002_NA24385_son/mosaic_v1.00/GRCh38/SNV/SupplementaryFiles/external_validator_vcfs/deepsomatic_google/HG002.illumina.300x.deepsomatic.mosaic.Q0.vcf.gz.tbi	385004
release/AshkenazimTrio/HG002_NA24385_son/mosaic_v1.00/GRCh38/SNV/SupplementaryFiles/external_validator_vcfs/deepsomatic_google/HG002.illumina.300x.deepsomatic.mosaic.Q10.vcf.gz	533569
release/AshkenazimTrio/HG002_NA24385_son/mosaic_v1.00/GRCh38/SNV/SupplementaryFiles/external_validator_vcfs/deepsomatic_google/HG002.illumina.300x.deepsomatic.mosaic.Q10.vcf.gz.tbi	156222
release/AshkenazimTrio/HG002_NA24385_son/mosaic_v1.00/GRCh38/SNV/SupplementaryFiles/external_validator_vcfs/deepsomatic_google/HG002.onso.deepsomatic.mosaic.grch38.Q0.vcf.gz	170152
release/AshkenazimTrio/HG002_NA24385_son/mosaic_v1.00/GRCh38/SNV/SupplementaryFiles/external_validator_vcfs/deepsomatic_google/HG002.onso.deepsomatic.mosaic.grch38.Q0.vcf.gz.tbi	82647
release/AshkenazimTrio/HG002_NA24385_son/mosaic_v1.00/GRCh38/SNV/SupplementaryFiles/external_validator_vcfs/deepsomatic_google/HG002_pacbio_revio_hifi.deepsomatic.mosaic.grch38.Q0.vcf.gz	206685
release/AshkenazimTrio/HG002_NA24385_son/mosaic_v1.00/GRCh38/SNV/SupplementaryFiles/external_validator_vcfs/deepsomatic_google/HG002_pacbio_revio_hifi.deepsomatic.mosaic.grch38.Q0.vcf.gz.tbi	85477
release/AshkenazimTrio/HG002_NA24385_son/mosaic_v1.00/GRCh38/SNV/SupplementaryFiles/external_validator_vcfs/deepsomatic_google/HG002_pacbio_revio_hifi.deepsomatic.mosaic.grch38.Q10.vcf.gz	81253
release/AshkenazimTrio/HG002_NA24385_son/mosaic_v1.00/GRCh38/SNV/SupplementaryFiles/external_validator_vcfs/deepsomatic_google/HG002_pacbio_revio_hifi.deepsomatic.mosaic.grch38.Q10.vcf.gz.tbi	41352
release/AshkenazimTrio/HG002_NA24385_son/mosaic_v1.00/GRCh38/SNV/SupplementaryFiles/external_validator_vcfs/dragen/HG002_300x.hard-filtered.vcf.gz	502903597
release/AshkenazimTrio/HG002_NA24385_son/mosaic_v1.00/GRCh38/SNV/SupplementaryFiles/external_validator_vcfs/dragen/HG002_300x.hard-filtered.vcf.gz.tbi	1712334
release/AshkenazimTrio/HG002_NA24385_son/mosaic_v1.00/GRCh38/SNV/SupplementaryFiles/external_validator_vcfs/dragen/HG002_300x.mosaic-only-hard-filtered.vcf.gz	1270258
release/AshkenazimTrio/HG002_NA24385_son/mosaic_v1.00/GRCh38/SNV/SupplementaryFiles/external_validator_vcfs/dragen/HG002_300x.mosaic-only-hard-filtered.vcf.gz.tbi	84044
release/AshkenazimTrio/HG002_NA24385_son/mosaic_v1.00/GRCh38/SNV/SupplementaryFiles/external_validator_vcfs/element/GAT-APP-C138.deepsomatic.output.corrGT.vcf.gz	102598692
release/AshkenazimTrio/HG002_NA24385_son/mosaic_v1.00/GRCh38/SNV/SupplementaryFiles/external_validator_vcfs/element/GAT-APP-C138.deepsomatic.output.corrGT.vcf.gz.tbi	1588154
release/AshkenazimTrio/HG002_NA24385_son/mosaic_v1.00/GRCh38/SNV/SupplementaryFiles/external_validator_vcfs/iter/HG002-tumor_HG003-normal.ITERteam_mosaic-benchmark_GRCh38_RePlow.csv	9133961
release/AshkenazimTrio/HG002_NA24385_son/mosaic_v1.00/GRCh38/SNV/SupplementaryFiles/external_validator_vcfs/iter/HG002-tumor_HG003-normal.ITERteam_mosaic-benchmark_GRCh38_Strelka2.vcf.gz	102037266
release/AshkenazimTrio/HG002_NA24385_son/mosaic_v1.00/GRCh38/SNV/SupplementaryFiles/external_validator_vcfs/iter/HG002-tumor_HG003-normal.ITERteam_mosaic-benchmark_GRCh38_Strelka2.vcf.gz.tbi	1375066
release/AshkenazimTrio/HG002_NA24385_son/mosaic_v1.00/GRCh38/SNV/SupplementaryFiles/external_validator_vcfs/iter/HG002-tumor_HG004-normal.ITERteam_mosaic-benchmark_GRCh38_RePlow.csv	9128460
release/AshkenazimTrio/HG002_NA24385_son/mosaic_v1.00/GRCh38/SNV/SupplementaryFiles/external_validator_vcfs/iter/HG002-tumor_HG004-normal.ITERteam_mosaic-benchmark_GRCh38_Strelka2.vcf.gz	99935884
release/AshkenazimTrio/HG002_NA24385_son/mosaic_v1.00/GRCh38/SNV/SupplementaryFiles/external_validator_vcfs/iter/HG002-tumor_HG004-normal.ITERteam_mosaic-benchmark_GRCh38_Strelka2.vcf.gz.tbi	1354393
release/AshkenazimTrio/HG002_NA24385_son/mosaic_v1.00/GRCh38/SNV/SupplementaryFiles/external_validator_vcfs/iter/HG002.ITERteam_mosaic-benchmark_GRCh38_DRAGEN.vcf.gz	2803663
release/AshkenazimTrio/HG002_NA24385_son/mosaic_v1.00/GRCh38/SNV/SupplementaryFiles/external_validator_vcfs/iter/HG002.ITERteam_mosaic-benchmark_GRCh38_DRAGEN.vcf.gz.tbi	20058
release/AshkenazimTrio/HG002_NA24385_son/mosaic_v1.00/GRCh38/SNV/SupplementaryFiles/external_validator_vcfs/iter/HG002.ITERteam_mosaic-benchmark_GRCh38_Mutect2.vcf.gz	41805405
release/AshkenazimTrio/HG002_NA24385_son/mosaic_v1.00/GRCh38/SNV/SupplementaryFiles/external_validator_vcfs/iter/HG002.ITERteam_mosaic-benchmark_GRCh38_Mutect2.vcf.gz.tbi	1321229
release/AshkenazimTrio/HG002_NA24385_son/mosaic_v1.00/GRCh38/SNV/SupplementaryFiles/external_validator_vcfs/roche_neusomatic/neusomatic.hc.pass.final.vcf.gz	3486
release/AshkenazimTrio/HG002_NA24385_son/mosaic_v1.00/GRCh38/SNV/SupplementaryFiles/external_validator_vcfs/roche_neusomatic/neusomatic.hc.pass.final.vcf.gz.tbi	4443
release/AshkenazimTrio/HG002_NA24385_son/mosaic_v1.00/GRCh38/SNV/SupplementaryFiles/external_validator_vcfs/ucla/BCFtools-1.17_0000082_HG002-T_SNV-concat.vcf.gz	145268
release/AshkenazimTrio/HG002_NA24385_son/mosaic_v1.00/GRCh38/SNV/SupplementaryFiles/external_validator_vcfs/ucla/BCFtools-1.17_0000082_HG002-T_SNV-concat.vcf.gz.tbi	33186
release/AshkenazimTrio/HG002_NA24385_son/mosaic_v1.00/GRCh38/SNV/checksums.md5	6177
release/AshkenazimTrio/HG002_NA24385_son/mosaic_v1.10/GRCh38/SNV/HG002_GRCh38_MosaicSNVv1.1.bed	21268228
release/AshkenazimTrio/HG002_NA24385_son/mosaic_v1.10/GRCh38/SNV/HG002_GRCh38_MosaicSNVv1.1_GermlineV4.2.1.vcf.gz	150244102
release/AshkenazimTrio/HG002_NA24385_son/mosaic_v1.10/GRCh38/SNV/HG002_GRCh38_MosaicSNVv1.1_GermlineV4.2.1.vcf.gz.tbi	1650164
release/AshkenazimTrio/HG002_NA24385_son/mosaic_v1.10/GRCh38/SNV/README.md	19759
release/AshkenazimTrio/HG002_NA24385_son/mosaic_v1.10/GRCh38/SNV/SupplementaryFiles/HG002_GRCh38_Strelka2-Ill300X.vcf.gz	59702037
release/AshkenazimTrio/HG002_NA24385_son/mosaic_v1.10/GRCh38/SNV/SupplementaryFiles/HG002_GRCh38_mosaic_database.data_dictionary.md	14362
release/AshkenazimTrio/HG002_NA24385_son/mosaic_v1.10/GRCh38/SNV/SupplementaryFiles/HG002_GRCh38_mosaic_database.tsv	253610900
release/AshkenazimTrio/HG002_NA24385_son/mosaic_v1.10/GRCh38/SNV/SupplementaryFiles/external_validator_vcfs/byunggil_yoo/HG002_Somatic.hard-filtered.vcf.gz	89998509
release/AshkenazimTrio/HG002_NA24385_son/mosaic_v1.10/GRCh38/SNV/SupplementaryFiles/external_validator_vcfs/byunggil_yoo/HG002_Somatic.hard-filtered.vcf.gz.tbi	1438121
release/AshkenazimTrio/HG002_NA24385_son/mosaic_v1.10/GRCh38/SNV/SupplementaryFiles/external_validator_vcfs/cornell/HG002.somatic.candidatesOnly.reheader.vcf.gz	11712
release/AshkenazimTrio/HG002_NA24385_son/mosaic_v1.10/GRCh38/SNV/SupplementaryFiles/external_validator_vcfs/cornell/HG002.somatic.candidatesOnly.reheader.vcf.gz.tbi	4462
release/AshkenazimTrio/HG002_NA24385_son/mosaic_v1.10/GRCh38/SNV/SupplementaryFiles/external_validator_vcfs/deepsomatic_google/HG002.element.cloudbreak.500bp_ins.grch38.mosaic.deepsomatic.somatic_only.Q0.vcf.gz	1568667
release/AshkenazimTrio/HG002_NA24385_son/mosaic_v1.10/GRCh38/SNV/SupplementaryFiles/external_validator_vcfs/deepsomatic_google/HG002.element.cloudbreak.500bp_ins.grch38.mosaic.deepsomatic.somatic_only.Q0.vcf.gz.tbi	443461
release/AshkenazimTrio/HG002_NA24385_son/mosaic_v1.10/GRCh38/SNV/SupplementaryFiles/external_validator_vcfs/deepsomatic_google/HG002.element.cloudbreak.500bp_ins.grch38.mosaic.deepsomatic.somatic_only.Q10.vcf.gz	251399
release/AshkenazimTrio/HG002_NA24385_son/mosaic_v1.10/GRCh38/SNV/SupplementaryFiles/external_validator_vcfs/deepsomatic_google/HG002.element.cloudbreak.500bp_ins.grch38.mosaic.deepsomatic.somatic_only.Q10.vcf.gz.tbi	113810
release/AshkenazimTrio/HG002_NA24385_son/mosaic_v1.10/GRCh38/SNV/SupplementaryFiles/external_validator_vcfs/deepsomatic_google/HG002.illumina.300x.deepsomatic.mosaic.Q0.vcf.gz	1912931
release/AshkenazimTrio/HG002_NA24385_son/mosaic_v1.10/GRCh38/SNV/SupplementaryFiles/external_validator_vcfs/deepsomatic_google/HG002.illumina.300x.deepsomatic.mosaic.Q0.vcf.gz.tbi	385004
release/AshkenazimTrio/HG002_NA24385_son/mosaic_v1.10/GRCh38/SNV/SupplementaryFiles/external_validator_vcfs/deepsomatic_google/HG002.illumina.300x.deepsomatic.mosaic.Q10.vcf.gz	533569
release/AshkenazimTrio/HG002_NA24385_son/mosaic_v1.10/GRCh38/SNV/SupplementaryFiles/external_validator_vcfs/deepsomatic_google/HG002.illumina.300x.deepsomatic.mosaic.Q10.vcf.gz.tbi	156222
release/AshkenazimTrio/HG002_NA24385_son/mosaic_v1.10/GRCh38/SNV/SupplementaryFiles/external_validator_vcfs/deepsomatic_google/HG002.onso.deepsomatic.mosaic.grch38.Q0.vcf.gz	170152
release/AshkenazimTrio/HG002_NA24385_son/mosaic_v1.10/GRCh38/SNV/SupplementaryFiles/external_validator_vcfs/deepsomatic_google/HG002.onso.deepsomatic.mosaic.grch38.Q0.vcf.gz.tbi	82647
release/AshkenazimTrio/HG002_NA24385_son/mosaic_v1.10/GRCh38/SNV/SupplementaryFiles/external_validator_vcfs/deepsomatic_google/HG002_pacbio_revio_hifi.deepsomatic.mosaic.grch38.Q0.vcf.gz	206685
release/AshkenazimTrio/HG002_NA24385_son/mosaic_v1.10/GRCh38/SNV/SupplementaryFiles/external_validator_vcfs/deepsomatic_google/HG002_pacbio_revio_hifi.deepsomatic.mosaic.grch38.Q0.vcf.gz.tbi	85477
release/AshkenazimTrio/HG002_NA24385_son/mosaic_v1.10/GRCh38/SNV/SupplementaryFiles/external_validator_vcfs/deepsomatic_google/HG002_pacbio_revio_hifi.deepsomatic.mosaic.grch38.Q10.vcf.gz	81253
release/AshkenazimTrio/HG002_NA24385_son/mosaic_v1.10/GRCh38/SNV/SupplementaryFiles/external_validator_vcfs/deepsomatic_google/HG002_pacbio_revio_hifi.deepsomatic.mosaic.grch38.Q10.vcf.gz.tbi	41352
release/AshkenazimTrio/HG002_NA24385_son/mosaic_v1.10/GRCh38/SNV/SupplementaryFiles/external_validator_vcfs/dragen/HG002_300x.hard-filtered.vcf.gz	508205873
release/AshkenazimTrio/HG002_NA24385_son/mosaic_v1.10/GRCh38/SNV/SupplementaryFiles/external_validator_vcfs/dragen/HG002_300x.hard-filtered.vcf.gz.tbi	1713710
release/AshkenazimTrio/HG002_NA24385_son/mosaic_v1.10/GRCh38/SNV/SupplementaryFiles/external_validator_vcfs/dragen/HG002_300x.mosaic-only-hard-filtered.vcf.gz	1422156
release/AshkenazimTrio/HG002_NA24385_son/mosaic_v1.10/GRCh38/SNV/SupplementaryFiles/external_validator_vcfs/dragen/HG002_300x.mosaic-only-hard-filtered.vcf.gz.tbi	72005
release/AshkenazimTrio/HG002_NA24385_son/mosaic_v1.10/GRCh38/SNV/SupplementaryFiles/external_validator_vcfs/iter/HG002-tumor_HG003-normal.ITERteam_mosaic-benchmark_GRCh38_RePlow.csv	9133961
release/AshkenazimTrio/HG002_NA24385_son/mosaic_v1.10/GRCh38/SNV/SupplementaryFiles/external_validator_vcfs/iter/HG002-tumor_HG003-normal.ITERteam_mosaic-benchmark_GRCh38_Strelka2.vcf.gz	102037266
release/AshkenazimTrio/HG002_NA24385_son/mosaic_v1.10/GRCh38/SNV/SupplementaryFiles/external_validator_vcfs/iter/HG002-tumor_HG003-normal.ITERteam_mosaic-benchmark_GRCh38_Strelka2.vcf.gz.tbi	1375066
release/AshkenazimTrio/HG002_NA24385_son/mosaic_v1.10/GRCh38/SNV/SupplementaryFiles/external_validator_vcfs/iter/HG002-tumor_HG004-normal.ITERteam_mosaic-benchmark_GRCh38_RePlow.csv	9128460
release/AshkenazimTrio/HG002_NA24385_son/mosaic_v1.10/GRCh38/SNV/SupplementaryFiles/external_validator_vcfs/iter/HG002-tumor_HG004-normal.ITERteam_mosaic-benchmark_GRCh38_Strelka2.vcf.gz	99935884
release/AshkenazimTrio/HG002_NA24385_son/mosaic_v1.10/GRCh38/SNV/SupplementaryFiles/external_validator_vcfs/iter/HG002-tumor_HG004-normal.ITERteam_mosaic-benchmark_GRCh38_Strelka2.vcf.gz.tbi	1354393
release/AshkenazimTrio/HG002_NA24385_son/mosaic_v1.10/GRCh38/SNV/SupplementaryFiles/external_validator_vcfs/iter/HG002.ITERteam_mosaic-benchmark_GRCh38_DRAGEN.vcf.gz	2803663
release/AshkenazimTrio/HG002_NA24385_son/mosaic_v1.10/GRCh38/SNV/SupplementaryFiles/external_validator_vcfs/iter/HG002.ITERteam_mosaic-benchmark_GRCh38_DRAGEN.vcf.gz.tbi	20058
release/AshkenazimTrio/HG002_NA24385_son/mosaic_v1.10/GRCh38/SNV/SupplementaryFiles/external_validator_vcfs/iter/HG002.ITERteam_mosaic-benchmark_GRCh38_Mutect2.vcf.gz	41805405
release/AshkenazimTrio/HG002_NA24385_son/mosaic_v1.10/GRCh38/SNV/SupplementaryFiles/external_validator_vcfs/iter/HG002.ITERteam_mosaic-benchmark_GRCh38_Mutect2.vcf.gz.tbi	1321229
release/AshkenazimTrio/HG002_NA24385_son/mosaic_v1.10/GRCh38/SNV/SupplementaryFiles/external_validator_vcfs/roche_neusomatic/neusomatic.hc.pass.final.vcf.gz	3486
release/AshkenazimTrio/HG002_NA24385_son/mosaic_v1.10/GRCh38/SNV/SupplementaryFiles/external_validator_vcfs/roche_neusomatic/neusomatic.hc.pass.final.vcf.gz.tbi	4443
release/AshkenazimTrio/HG002_NA24385_son/mosaic_v1.10/GRCh38/SNV/SupplementaryFiles/external_validator_vcfs/ucla/BCFtools-1.17_0000082_HG002-T_SNV-concat.vcf.gz	145268
release/AshkenazimTrio/HG002_NA24385_son/mosaic_v1.10/GRCh38/SNV/SupplementaryFiles/external_validator_vcfs/ucla/BCFtools-1.17_0000082_HG002-T_SNV-concat.vcf.gz.tbi	33186
release/AshkenazimTrio/HG002_NA24385_son/mosaic_v1.10/GRCh38/SNV/checksum.md5	6046
release/AshkenazimTrio/HG003_NA24149_father/.DS_Store	12292
release/AshkenazimTrio/HG003_NA24149_father/NISTv3.2.2/.DS_Store	12292
release/AshkenazimTrio/HG003_NA24149_father/NISTv3.2.2/HG003_GIAB_highconf_IllFB-IllGATKHC-CG-Ion_CHROM1-22_v3.2.2_highconf.bed	40446977
release/AshkenazimTrio/HG003_NA24149_father/NISTv3.2.2/HG003_GIAB_highconf_IllFB-IllGATKHC-CG-Ion_CHROM1-22_v3.2.2_highconf.vcf.gz	84203963
release/AshkenazimTrio/HG003_NA24149_father/NISTv3.2.2/HG003_GIAB_highconf_IllFB-IllGATKHC-CG-Ion_CHROM1-22_v3.2.2_highconf.vcf.gz.tbi	1606652
release/AshkenazimTrio/HG003_NA24149_father/NISTv3.2.2/NISTv3.2.2.md5	469
release/AshkenazimTrio/HG003_NA24149_father/NISTv3.2.2/README_NISTv3.2.2.txt	9136
release/AshkenazimTrio/HG003_NA24149_father/NISTv3.2.2/supplementaryFiles/.DS_Store	6148
release/AshkenazimTrio/HG003_NA24149_father/NISTv3.2.2/supplementaryFiles/HG003_GIAB_highconf_IllFB-IllGATKHC-CG-Ion_CHROM1-22_v3.2.2_all.vcf.gz	111242915
release/AshkenazimTrio/HG003_NA24149_father/NISTv3.2.2/supplementaryFiles/HG003_GIAB_highconf_IllFB-IllGATKHC-CG-Ion_CHROM1-22_v3.2.2_all.vcf.gz.tbi	1645386
release/AshkenazimTrio/HG003_NA24149_father/NISTv3.2.2/supplementaryFiles/HG003_GIAB_highconf_IllFB-IllGATKHC-CG-Ion_CHROM1-22_v3.2.2_callablemultinter_gt0.bed	4462435
release/AshkenazimTrio/HG003_NA24149_father/NISTv3.2.2/supplementaryFiles/HG003_GIAB_highconf_IllFB-IllGATKHC-CG-Ion_CHROM1-22_v3.2.2_filteredsites.bed	22481025
release/AshkenazimTrio/HG003_NA24149_father/NISTv3.2.2/supplementaryFiles/NISTv3.2.2_supp.md5	474
release/AshkenazimTrio/HG003_NA24149_father/NISTv3.3.2/.DS_Store	6148
release/AshkenazimTrio/HG003_NA24149_father/NISTv3.3.2/GRCh37/.DS_Store	6148
release/AshkenazimTrio/HG003_NA24149_father/NISTv3.3.2/GRCh37/HG003_GRCh37_GIAB_highconf_CG-IllFB-IllGATKHC-Ion-10X_CHROM1-22_v.3.3.2_highconf.vcf.gz	135108875
release/AshkenazimTrio/HG003_NA24149_father/NISTv3.3.2/GRCh37/HG003_GRCh37_GIAB_highconf_CG-IllFB-IllGATKHC-Ion-10X_CHROM1-22_v.3.3.2_highconf.vcf.gz.tbi	1517981
release/AshkenazimTrio/HG003_NA24149_father/NISTv3.3.2/GRCh37/HG003_GRCh37_GIAB_highconf_CG-IllFB-IllGATKHC-Ion-10X_CHROM1-22_v.3.3.2_highconf_noinconsistent.bed	9593749
release/AshkenazimTrio/HG003_NA24149_father/NISTv3.3.2/GRCh37/md5sum	403
release/AshkenazimTrio/HG003_NA24149_father/NISTv3.3.2/GRCh37/supplementaryFiles/.DS_Store	6148
release/AshkenazimTrio/HG003_NA24149_father/NISTv3.3.2/GRCh37/supplementaryFiles/HG003_GRCh37_GIAB_highconf_CG-IllFB-IllGATKHC-Ion-10X_CHROM1-22_v.3.3.2_all.vcf.gz	209631300
release/AshkenazimTrio/HG003_NA24149_father/NISTv3.3.2/GRCh37/supplementaryFiles/HG003_GRCh37_GIAB_highconf_CG-IllFB-IllGATKHC-Ion-10X_CHROM1-22_v.3.3.2_all.vcf.gz.tbi	1699328
release/AshkenazimTrio/HG003_NA24149_father/NISTv3.3.2/GRCh37/supplementaryFiles/HG003_GRCh37_GIAB_highconf_CG-IllFB-IllGATKHC-Ion-10X_CHROM1-22_v.3.3.2_annotated.vcf.gz	794667787
release/AshkenazimTrio/HG003_NA24149_father/NISTv3.3.2/GRCh37/supplementaryFiles/HG003_GRCh37_GIAB_highconf_CG-IllFB-IllGATKHC-Ion-10X_CHROM1-22_v.3.3.2_annotated.vcf.gz.tbi	1789184
release/AshkenazimTrio/HG003_NA24149_father/NISTv3.3.2/GRCh37/supplementaryFiles/HG003_GRCh37_GIAB_highconf_CG-IllFB-IllGATKHC-Ion-10X_CHROM1-22_v.3.3.2_callablemultinter_gt0.bed	7657238
release/AshkenazimTrio/HG003_NA24149_father/NISTv3.3.2/GRCh37/supplementaryFiles/HG003_GRCh37_GIAB_highconf_CG-IllFB-IllGATKHC-Ion-10X_CHROM1-22_v.3.3.2_filteredsites.bed	48050247
release/AshkenazimTrio/HG003_NA24149_father/NISTv3.3.2/GRCh37/supplementaryFiles/HG003_GRCh37_GIAB_highconf_CG-IllFB-IllGATKHC-Ion-10X_CHROM1-22_v.3.3.2_highconf.bed	9583020
release/AshkenazimTrio/HG003_NA24149_father/NISTv3.3.2/GRCh37/supplementaryFiles/inputvcfsandbeds/HG003_GRCh37_CHROM1-22_10X_GATKHCbyhaplo.vcf.gz	94935843
release/AshkenazimTrio/HG003_NA24149_father/NISTv3.3.2/GRCh37/supplementaryFiles/inputvcfsandbeds/HG003_GRCh37_CHROM1-22_10X_GATKHCbyhaplo.vcf.gz.tbi	1461488
release/AshkenazimTrio/HG003_NA24149_father/NISTv3.3.2/GRCh37/supplementaryFiles/inputvcfsandbeds/HG003_GRCh37_CHROM1-22_10X_GATKHCbyhaplo_callable.bed	27704445
release/AshkenazimTrio/HG003_NA24149_father/NISTv3.3.2/GRCh37/supplementaryFiles/inputvcfsandbeds/HG003_GRCh37_CHROM1-22_bwa_mem_IlmnMatePair_GATKHC_gvcf_callable.bed	953979
release/AshkenazimTrio/HG003_NA24149_father/NISTv3.3.2/GRCh37/supplementaryFiles/inputvcfsandbeds/HG003_GRCh37_CHROM1-22_novoalign_Ilmn150bp300X_GATKHC_gvcf_callable.bed	11163673
release/AshkenazimTrio/HG003_NA24149_father/NISTv3.3.2/GRCh37/supplementaryFiles/inputvcfsandbeds/HG003_GRCh37_CHROM1-22_novoalign_Ilmn250x250_GATKHC_gvcf_callable.bed	20917803
release/AshkenazimTrio/HG003_NA24149_father/NISTv3.3.2/GRCh37/supplementaryFiles/inputvcfsandbeds/HG003_GRCh37_CHROM1-MT_novoalign_Ilmn150bp300X_FB.vcf.gz	592883758
release/AshkenazimTrio/HG003_NA24149_father/NISTv3.3.2/GRCh37/supplementaryFiles/inputvcfsandbeds/HG003_GRCh37_CHROM1-MT_novoalign_Ilmn150bp300X_FB.vcf.gz.tbi	1751558
release/AshkenazimTrio/HG003_NA24149_father/NISTv3.3.2/GRCh37/supplementaryFiles/inputvcfsandbeds/HG003_GRCh37_CHROM1-MT_novoalign_Ilmn150bp300X_callableloci_callableonly.bed	6896849
release/AshkenazimTrio/HG003_NA24149_father/NISTv3.3.2/GRCh37/supplementaryFiles/inputvcfsandbeds/HG003_GRCh37_CHROM1-Y_AmpliseqExome.20141120.NA24149.vcf.gz	5348490
release/AshkenazimTrio/HG003_NA24149_father/NISTv3.3.2/GRCh37/supplementaryFiles/inputvcfsandbeds/HG003_GRCh37_CHROM1-Y_AmpliseqExome.20141120.NA24149.vcf.gz.tbi	214126
release/AshkenazimTrio/HG003_NA24149_father/NISTv3.3.2/GRCh37/supplementaryFiles/inputvcfsandbeds/HG003_GRCh37_CHROM1-Y_AmpliseqExome.20141120.NA24149_callable.bed	9820588
release/AshkenazimTrio/HG003_NA24149_father/NISTv3.3.2/GRCh37/supplementaryFiles/inputvcfsandbeds/HG003_GRCh37_CHROM1-Y_bwa_mem_IlmnMatePair_FB.vcf.gz	462391102
release/AshkenazimTrio/HG003_NA24149_father/NISTv3.3.2/GRCh37/supplementaryFiles/inputvcfsandbeds/HG003_GRCh37_CHROM1-Y_bwa_mem_IlmnMatePair_FB.vcf.gz.tbi	1746456
release/AshkenazimTrio/HG003_NA24149_father/NISTv3.3.2/GRCh37/supplementaryFiles/inputvcfsandbeds/HG003_GRCh37_CHROM1-Y_bwa_mem_IlmnMatePair_GATKHC.vcf.gz	197952000
release/AshkenazimTrio/HG003_NA24149_father/NISTv3.3.2/GRCh37/supplementaryFiles/inputvcfsandbeds/HG003_GRCh37_CHROM1-Y_bwa_mem_IlmnMatePair_GATKHC.vcf.gz.tbi	1616331
release/AshkenazimTrio/HG003_NA24149_father/NISTv3.3.2/GRCh37/supplementaryFiles/inputvcfsandbeds/HG003_GRCh37_CHROM1-Y_bwa_mem_IlmnMatePair_callableloci.bed	2631605086
release/AshkenazimTrio/HG003_NA24149_father/NISTv3.3.2/GRCh37/supplementaryFiles/inputvcfsandbeds/HG003_GRCh37_CHROM1-Y_novoalign_Ilmn150bp300X_GATKHC.vcf.gz	263601935
release/AshkenazimTrio/HG003_NA24149_father/NISTv3.3.2/GRCh37/supplementaryFiles/inputvcfsandbeds/HG003_GRCh37_CHROM1-Y_novoalign_Ilmn150bp300X_GATKHC.vcf.gz.tbi	1648542
release/AshkenazimTrio/HG003_NA24149_father/NISTv3.3.2/GRCh37/supplementaryFiles/inputvcfsandbeds/HG003_GRCh37_CHROM1-Y_novoalign_Ilmn250x250_FB.vcf.gz	468562946
release/AshkenazimTrio/HG003_NA24149_father/NISTv3.3.2/GRCh37/supplementaryFiles/inputvcfsandbeds/HG003_GRCh37_CHROM1-Y_novoalign_Ilmn250x250_FB.vcf.gz.tbi	1729315
release/AshkenazimTrio/HG003_NA24149_father/NISTv3.3.2/GRCh37/supplementaryFiles/inputvcfsandbeds/HG003_GRCh37_CHROM1-Y_novoalign_Ilmn250x250_GATKHC.vcf.gz	224187954
release/AshkenazimTrio/HG003_NA24149_father/NISTv3.3.2/GRCh37/supplementaryFiles/inputvcfsandbeds/HG003_GRCh37_CHROM1-Y_novoalign_Ilmn250x250_GATKHC.vcf.gz.tbi	1632684
release/AshkenazimTrio/HG003_NA24149_father/NISTv3.3.2/GRCh37/supplementaryFiles/inputvcfsandbeds/HG003_GRCh37_CHROM1-Y_novoalign_Ilmn250x250_callableloci.bed	367818143
release/AshkenazimTrio/HG003_NA24149_father/NISTv3.3.2/GRCh37/supplementaryFiles/inputvcfsandbeds/HG003_GRCh37_CHROM1-Y_vcfBeta-GS000037264-ASM.vcf.gz	192006270
release/AshkenazimTrio/HG003_NA24149_father/NISTv3.3.2/GRCh37/supplementaryFiles/inputvcfsandbeds/HG003_GRCh37_CHROM1-Y_vcfBeta-GS000037264-ASM.vcf.gz.tbi	1553171
release/AshkenazimTrio/HG003_NA24149_father/NISTv3.3.2/GRCh37/supplementaryFiles/inputvcfsandbeds/HG003_GRCh37_CHROM1-Y_vcfBeta-GS000037264-ASM_callable.bed	23947635
release/AshkenazimTrio/HG003_NA24149_father/NISTv3.3.2/GRCh37/supplementaryFiles/inputvcfsandbeds/md5sum	2731
release/AshkenazimTrio/HG003_NA24149_father/NISTv3.3.2/GRCh37/supplementaryFiles/md5sum	912
release/AshkenazimTrio/HG003_NA24149_father/NISTv3.3.2/GRCh38/.DS_Store	6148
release/AshkenazimTrio/HG003_NA24149_father/NISTv3.3.2/GRCh38/HG003_GRCh38_GIAB_highconf_CG-Illfb-IllsentieonHC-Ion-10XsentieonHC_CHROM1-22_v.3.3.2_highconf.vcf.gz	110124812
release/AshkenazimTrio/HG003_NA24149_father/NISTv3.3.2/GRCh38/HG003_GRCh38_GIAB_highconf_CG-Illfb-IllsentieonHC-Ion-10XsentieonHC_CHROM1-22_v.3.3.2_highconf.vcf.gz.tbi	1472047
release/AshkenazimTrio/HG003_NA24149_father/NISTv3.3.2/GRCh38/HG003_GRCh38_GIAB_highconf_CG-Illfb-IllsentieonHC-Ion-10XsentieonHC_CHROM1-22_v.3.3.2_highconf_noinconsistent.bed	10534735
release/AshkenazimTrio/HG003_NA24149_father/NISTv3.3.2/GRCh38/md5sum	445
release/AshkenazimTrio/HG003_NA24149_father/NISTv3.3.2/GRCh38/supplementaryFiles/.DS_Store	6148
release/AshkenazimTrio/HG003_NA24149_father/NISTv3.3.2/GRCh38/supplementaryFiles/HG003_GRCh38_GIAB_highconf_CG-Illfb-IllsentieonHC-Ion-10XsentieonHC_CHROM1-22_v.3.3.2_all.vcf.gz	183299105
release/AshkenazimTrio/HG003_NA24149_father/NISTv3.3.2/GRCh38/supplementaryFiles/HG003_GRCh38_GIAB_highconf_CG-Illfb-IllsentieonHC-Ion-10XsentieonHC_CHROM1-22_v.3.3.2_all.vcf.gz.tbi	1737538
release/AshkenazimTrio/HG003_NA24149_father/NISTv3.3.2/GRCh38/supplementaryFiles/HG003_GRCh38_GIAB_highconf_CG-Illfb-IllsentieonHC-Ion-10XsentieonHC_CHROM1-22_v.3.3.2_annotated.vcf.gz	752752825
release/AshkenazimTrio/HG003_NA24149_father/NISTv3.3.2/GRCh38/supplementaryFiles/HG003_GRCh38_GIAB_highconf_CG-Illfb-IllsentieonHC-Ion-10XsentieonHC_CHROM1-22_v.3.3.2_annotated.vcf.gz.tbi	1818080
release/AshkenazimTrio/HG003_NA24149_father/NISTv3.3.2/GRCh38/supplementaryFiles/HG003_GRCh38_GIAB_highconf_CG-Illfb-IllsentieonHC-Ion-10XsentieonHC_CHROM1-22_v.3.3.2_callablemultinter_gt0.bed	8095832
release/AshkenazimTrio/HG003_NA24149_father/NISTv3.3.2/GRCh38/supplementaryFiles/HG003_GRCh38_GIAB_highconf_CG-Illfb-IllsentieonHC-Ion-10XsentieonHC_CHROM1-22_v.3.3.2_filteredsites.bed	61853916
release/AshkenazimTrio/HG003_NA24149_father/NISTv3.3.2/GRCh38/supplementaryFiles/HG003_GRCh38_GIAB_highconf_CG-Illfb-IllsentieonHC-Ion-10XsentieonHC_CHROM1-22_v.3.3.2_highconf.bed	10516516
release/AshkenazimTrio/HG003_NA24149_father/NISTv3.3.2/GRCh38/supplementaryFiles/inputvcfsandbeds/HG003_GRCh38_CHROM1-22_10X_sentieonHCbyhaplo.vcf.gz	79666436
release/AshkenazimTrio/HG003_NA24149_father/NISTv3.3.2/GRCh38/supplementaryFiles/inputvcfsandbeds/HG003_GRCh38_CHROM1-22_10X_sentieonHCbyhaplo.vcf.gz.tbi	1474024
release/AshkenazimTrio/HG003_NA24149_father/NISTv3.3.2/GRCh38/supplementaryFiles/inputvcfsandbeds/HG003_GRCh38_CHROM1-22_10X_sentieonHCbyhaplo_callable.bed	20662617
release/AshkenazimTrio/HG003_NA24149_father/NISTv3.3.2/GRCh38/supplementaryFiles/inputvcfsandbeds/HG003_GRCh38_CHROM1-22_novoalign_Ilmn150bp300X_sentieonHC_gvcf_callable.bed	13686964
release/AshkenazimTrio/HG003_NA24149_father/NISTv3.3.2/GRCh38/supplementaryFiles/inputvcfsandbeds/HG003_GRCh38_CHROM1-22_novoalign_Ilmn250x250_sentieonHC.vcf.gz	201620419
release/AshkenazimTrio/HG003_NA24149_father/NISTv3.3.2/GRCh38/supplementaryFiles/inputvcfsandbeds/HG003_GRCh38_CHROM1-22_novoalign_Ilmn250x250_sentieonHC.vcf.gz.tbi	1671169
release/AshkenazimTrio/HG003_NA24149_father/NISTv3.3.2/GRCh38/supplementaryFiles/inputvcfsandbeds/HG003_GRCh38_CHROM1-22_novoalign_Ilmn250x250_sentieonHC_gvcf_callable.bed	24649215
release/AshkenazimTrio/HG003_NA24149_father/NISTv3.3.2/GRCh38/supplementaryFiles/inputvcfsandbeds/HG003_GRCh38_CHROM1-Y_bwa_mem_IlmnMatePair_FB.vcf.gz	420985072
release/AshkenazimTrio/HG003_NA24149_father/NISTv3.3.2/GRCh38/supplementaryFiles/inputvcfsandbeds/HG003_GRCh38_CHROM1-Y_bwa_mem_IlmnMatePair_FB.vcf.gz.tbi	1772844
release/AshkenazimTrio/HG003_NA24149_father/NISTv3.3.2/GRCh38/supplementaryFiles/inputvcfsandbeds/HG003_GRCh38_CHROM1-Y_bwa_mem_IlmnMatePair_callableloci.bed	2908933819
release/AshkenazimTrio/HG003_NA24149_father/NISTv3.3.2/GRCh38/supplementaryFiles/inputvcfsandbeds/HG003_GRCh38_CHROM1-Y_bwa_mem_IlmnMatePair_sentieonHC.vcf.gz	162293802
release/AshkenazimTrio/HG003_NA24149_father/NISTv3.3.2/GRCh38/supplementaryFiles/inputvcfsandbeds/HG003_GRCh38_CHROM1-Y_bwa_mem_IlmnMatePair_sentieonHC.vcf.gz.tbi	1634899
release/AshkenazimTrio/HG003_NA24149_father/NISTv3.3.2/GRCh38/supplementaryFiles/inputvcfsandbeds/HG003_GRCh38_CHROM1-Y_bwa_mem_IlmnMatePair_sentieonHC_gvcf_callable.bed	1080692
release/AshkenazimTrio/HG003_NA24149_father/NISTv3.3.2/GRCh38/supplementaryFiles/inputvcfsandbeds/HG003_GRCh38_CHROM1-Y_novoalign_Ilmn150bp300X_FB.vcf.gz	641007550
release/AshkenazimTrio/HG003_NA24149_father/NISTv3.3.2/GRCh38/supplementaryFiles/inputvcfsandbeds/HG003_GRCh38_CHROM1-Y_novoalign_Ilmn150bp300X_FB.vcf.gz.tbi	1798373
release/AshkenazimTrio/HG003_NA24149_father/NISTv3.3.2/GRCh38/supplementaryFiles/inputvcfsandbeds/HG003_GRCh38_CHROM1-Y_novoalign_Ilmn150bp300X_sentieonHC.vcf.gz	240104825
release/AshkenazimTrio/HG003_NA24149_father/NISTv3.3.2/GRCh38/supplementaryFiles/inputvcfsandbeds/HG003_GRCh38_CHROM1-Y_novoalign_Ilmn150bp300X_sentieonHC.vcf.gz.tbi	1688686
release/AshkenazimTrio/HG003_NA24149_father/NISTv3.3.2/GRCh38/supplementaryFiles/inputvcfsandbeds/HG003_GRCh38_CHROM1-Y_novoalign_Ilmn150bp300x_callableloci.bed	36234315
release/AshkenazimTrio/HG003_NA24149_father/NISTv3.3.2/GRCh38/supplementaryFiles/inputvcfsandbeds/HG003_GRCh38_CHROM1-Y_novoalign_Ilmn250x250_FB.vcf.gz	501913718
release/AshkenazimTrio/HG003_NA24149_father/NISTv3.3.2/GRCh38/supplementaryFiles/inputvcfsandbeds/HG003_GRCh38_CHROM1-Y_novoalign_Ilmn250x250_FB.vcf.gz.tbi	1776455
release/AshkenazimTrio/HG003_NA24149_father/NISTv3.3.2/GRCh38/supplementaryFiles/inputvcfsandbeds/HG003_GRCh38_CHROM1-Y_novoalign_Ilmn250x250_callableloci.bed	418408491
release/AshkenazimTrio/HG003_NA24149_father/NISTv3.3.2/GRCh38/supplementaryFiles/inputvcfsandbeds/HG003_convGRCh38_CHROM1-Y_CG_vcfBeta-GS000037264-ASM.bed	26580270
release/AshkenazimTrio/HG003_NA24149_father/NISTv3.3.2/GRCh38/supplementaryFiles/inputvcfsandbeds/HG003_convGRCh38_CHROM1-Y_CG_vcfBeta-GS000037264-ASM.vcf.gz	171990950
release/AshkenazimTrio/HG003_NA24149_father/NISTv3.3.2/GRCh38/supplementaryFiles/inputvcfsandbeds/HG003_convGRCh38_CHROM1-Y_CG_vcfBeta-GS000037264-ASM.vcf.gz.tbi	1535337
release/AshkenazimTrio/HG003_NA24149_father/NISTv3.3.2/GRCh38/supplementaryFiles/inputvcfsandbeds/HG003_convGRCh38_CHROM1-Y_Ion_AmpliseqExome.20141120.NA24149.bed	7840698
release/AshkenazimTrio/HG003_NA24149_father/NISTv3.3.2/GRCh38/supplementaryFiles/inputvcfsandbeds/HG003_convGRCh38_CHROM1-Y_Ion_AmpliseqExome.20141120.NA24149.vcf.gz	4957151
release/AshkenazimTrio/HG003_NA24149_father/NISTv3.3.2/GRCh38/supplementaryFiles/inputvcfsandbeds/HG003_convGRCh38_CHROM1-Y_Ion_AmpliseqExome.20141120.NA24149.vcf.gz.tbi	201864
release/AshkenazimTrio/HG003_NA24149_father/NISTv3.3.2/GRCh38/supplementaryFiles/inputvcfsandbeds/md5sum	2791
release/AshkenazimTrio/HG003_NA24149_father/NISTv3.3.2/GRCh38/supplementaryFiles/md5sum	1010
release/AshkenazimTrio/HG003_NA24149_father/NISTv3.3.2/README_NISTv3.3.2.txt	18481
release/AshkenazimTrio/HG003_NA24149_father/NISTv3.3/.DS_Store	6148
release/AshkenazimTrio/HG003_NA24149_father/NISTv3.3/HG003_GIAB_highconf_CG-IllFB-IllGATKHC-Ion-10X_CHROM1-22_v3.3_highconf.bed	11792117
release/AshkenazimTrio/HG003_NA24149_father/NISTv3.3/HG003_GIAB_highconf_CG-IllFB-IllGATKHC-Ion-10X_CHROM1-22_v3.3_highconf.vcf.gz	125828914
release/AshkenazimTrio/HG003_NA24149_father/NISTv3.3/HG003_GIAB_highconf_CG-IllFB-IllGATKHC-Ion-10X_CHROM1-22_v3.3_highconf.vcf.gz.tbi	1513839
release/AshkenazimTrio/HG003_NA24149_father/NISTv3.3/NISTv3.3.md5	473
release/AshkenazimTrio/HG003_NA24149_father/NISTv3.3/README_NISTv3.3.txt	10602
release/AshkenazimTrio/HG003_NA24149_father/NISTv3.3/supplementaryFiles/.DS_Store	6148
release/AshkenazimTrio/HG003_NA24149_father/NISTv3.3/supplementaryFiles/AllRepeats_51to200bp_gt95identity_merged_slop5.bed.gz	618406
release/AshkenazimTrio/HG003_NA24149_father/NISTv3.3/supplementaryFiles/AllRepeats_gt200bp_gt95identity_merged_sort.bed	270088
release/AshkenazimTrio/HG003_NA24149_father/NISTv3.3/supplementaryFiles/AllRepeats_lt51bp_gt95identity_merged_slop5.bed.gz	37773073
release/AshkenazimTrio/HG003_NA24149_father/NISTv3.3/supplementaryFiles/HG002_HG003_HG004_allsvs_merged.bed	555445
release/AshkenazimTrio/HG003_NA24149_father/NISTv3.3/supplementaryFiles/HG003_GIAB_highconf_CG-IllFB-IllGATKHC-Ion-10X_CHROM1-22_v3.3_all.vcf.gz	197695518
release/AshkenazimTrio/HG003_NA24149_father/NISTv3.3/supplementaryFiles/HG003_GIAB_highconf_CG-IllFB-IllGATKHC-Ion-10X_CHROM1-22_v3.3_all.vcf.gz.tbi	1686739
release/AshkenazimTrio/HG003_NA24149_father/NISTv3.3/supplementaryFiles/HG003_GIAB_highconf_CG-IllFB-IllGATKHC-Ion-10X_CHROM1-22_v3.3_callablemultinter_gt0.bed	10497667
release/AshkenazimTrio/HG003_NA24149_father/NISTv3.3/supplementaryFiles/HG003_GIAB_highconf_CG-IllFB-IllGATKHC-Ion-10X_CHROM1-22_v3.3_filteredsites.bed	49830079
release/AshkenazimTrio/HG003_NA24149_father/NISTv3.3/supplementaryFiles/NISTv3.3_supp.md5	1065
release/AshkenazimTrio/HG003_NA24149_father/NISTv3.3/supplementaryFiles/SimpleRepeat_imperfecthomopolgt10_slop5.bed.gz	14800766
release/AshkenazimTrio/HG003_NA24149_father/NISTv3.3/supplementaryFiles/hg19_self_chain_split_withalts_gt10k.bed.gz	23604
release/AshkenazimTrio/HG003_NA24149_father/NISTv3.3/supplementaryFiles/mm-2-merged.bed	560829
release/AshkenazimTrio/HG003_NA24149_father/NISTv4.2.1/GRCh37/HG003_GRCh37_1_22_v4.2.1_benchmark.vcf.gz	166035739
release/AshkenazimTrio/HG003_NA24149_father/NISTv4.2.1/GRCh37/HG003_GRCh37_1_22_v4.2.1_benchmark.vcf.gz.tbi	1636918
release/AshkenazimTrio/HG003_NA24149_father/NISTv4.2.1/GRCh37/HG003_GRCh37_1_22_v4.2.1_benchmark_noinconsistent.bed	11306609
release/AshkenazimTrio/HG003_NA24149_father/NISTv4.2.1/GRCh37/SupplementaryFiles/.DS_Store	6148
release/AshkenazimTrio/HG003_NA24149_father/NISTv4.2.1/GRCh37/SupplementaryFiles/HG003_GRCh37_1_22_v4.2.1_all.vcf.gz	251003520
release/AshkenazimTrio/HG003_NA24149_father/NISTv4.2.1/GRCh37/SupplementaryFiles/HG003_GRCh37_1_22_v4.2.1_all.vcf.gz.tbi	1748581
release/AshkenazimTrio/HG003_NA24149_father/NISTv4.2.1/GRCh37/SupplementaryFiles/HG003_GRCh37_1_22_v4.2.1_annotated.vcf.gz	1423947162
release/AshkenazimTrio/HG003_NA24149_father/NISTv4.2.1/GRCh37/SupplementaryFiles/HG003_GRCh37_1_22_v4.2.1_annotated.vcf.gz.tbi	2005422
release/AshkenazimTrio/HG003_NA24149_father/NISTv4.2.1/GRCh37/SupplementaryFiles/HG003_GRCh37_1_22_v4.2.1_callablemultinter_gt0.bed	10682746
release/AshkenazimTrio/HG003_NA24149_father/NISTv4.2.1/GRCh37/SupplementaryFiles/HG003_GRCh37_1_22_v4.2.1_filteredsites.bed	36897277
release/AshkenazimTrio/HG003_NA24149_father/NISTv4.2.1/GRCh37/SupplementaryFiles/inputvcfsandbeds/HG003_GRCh37_1_22_10xGenomics.vcf.gz	1341440633
release/AshkenazimTrio/HG003_NA24149_father/NISTv4.2.1/GRCh37/SupplementaryFiles/inputvcfsandbeds/HG003_GRCh37_1_22_10xGenomics.vcf.tbi	2006297
release/AshkenazimTrio/HG003_NA24149_father/NISTv4.2.1/GRCh37/SupplementaryFiles/inputvcfsandbeds/HG003_GRCh37_1_22_10xGenomics_callable.bed	17330952
release/AshkenazimTrio/HG003_NA24149_father/NISTv4.2.1/GRCh37/SupplementaryFiles/inputvcfsandbeds/HG003_GRCh37_1_22_PacBio_HiFi_DeepVariant.vcf.gz	90518407
release/AshkenazimTrio/HG003_NA24149_father/NISTv4.2.1/GRCh37/SupplementaryFiles/inputvcfsandbeds/HG003_GRCh37_1_22_PacBio_HiFi_DeepVariant.vcf.tbi	1482852
release/AshkenazimTrio/HG003_NA24149_father/NISTv4.2.1/GRCh37/SupplementaryFiles/inputvcfsandbeds/HG003_GRCh37_1_22_PacBio_HiFi_DeepVariant_callable.bed	61634821
release/AshkenazimTrio/HG003_NA24149_father/NISTv4.2.1/GRCh37/SupplementaryFiles/inputvcfsandbeds/HG003_GRCh37_1_22_PacBio_HiFi_GATK4.vcf.gz	174001015
release/AshkenazimTrio/HG003_NA24149_father/NISTv4.2.1/GRCh37/SupplementaryFiles/inputvcfsandbeds/HG003_GRCh37_1_22_PacBio_HiFi_GATK4.vcf.gz.tbi	1548474
release/AshkenazimTrio/HG003_NA24149_father/NISTv4.2.1/GRCh37/SupplementaryFiles/inputvcfsandbeds/HG003_GRCh37_1_22_PacBio_HiFi_GATK4_callable.bed	43334
release/AshkenazimTrio/HG003_NA24149_father/NISTv4.2.1/GRCh38/HG003_GRCh38_1_22_v4.2.1_benchmark.vcf.gz	147212428
release/AshkenazimTrio/HG003_NA24149_father/NISTv4.2.1/GRCh38/HG003_GRCh38_1_22_v4.2.1_benchmark.vcf.gz.tbi	1651307
release/AshkenazimTrio/HG003_NA24149_father/NISTv4.2.1/GRCh38/HG003_GRCh38_1_22_v4.2.1_benchmark_noinconsistent.bed	13219856
release/AshkenazimTrio/HG003_NA24149_father/NISTv4.2.1/GRCh38/SupplementaryFiles/.DS_Store	6148
release/AshkenazimTrio/HG003_NA24149_father/NISTv4.2.1/GRCh38/SupplementaryFiles/HG003_GRCh38_1_22_v4.2.1_all.vcf.gz	236579037
release/AshkenazimTrio/HG003_NA24149_father/NISTv4.2.1/GRCh38/SupplementaryFiles/HG003_GRCh38_1_22_v4.2.1_all.vcf.gz.tbi	1792829
release/AshkenazimTrio/HG003_NA24149_father/NISTv4.2.1/GRCh38/SupplementaryFiles/HG003_GRCh38_1_22_v4.2.1_annotated.vcf.gz	1410170358
release/AshkenazimTrio/HG003_NA24149_father/NISTv4.2.1/GRCh38/SupplementaryFiles/HG003_GRCh38_1_22_v4.2.1_annotated.vcf.gz.tbi	2044433
release/AshkenazimTrio/HG003_NA24149_father/NISTv4.2.1/GRCh38/SupplementaryFiles/HG003_GRCh38_1_22_v4.2.1_callablemultinter_gt0.bed	12593340
release/AshkenazimTrio/HG003_NA24149_father/NISTv4.2.1/GRCh38/SupplementaryFiles/HG003_GRCh38_1_22_v4.2.1_filteredsites.bed	50334208
release/AshkenazimTrio/HG003_NA24149_father/NISTv4.2.1/GRCh38/SupplementaryFiles/inputvcfsandbeds/HG003_GRCh38_1_22_10xGenomics.vcf.gz	1408315034
release/AshkenazimTrio/HG003_NA24149_father/NISTv4.2.1/GRCh38/SupplementaryFiles/inputvcfsandbeds/HG003_GRCh38_1_22_10xGenomics.vcf.gz.tbi	2118686
release/AshkenazimTrio/HG003_NA24149_father/NISTv4.2.1/GRCh38/SupplementaryFiles/inputvcfsandbeds/HG003_GRCh38_1_22_10xGenomics_callable.bed	16148827
release/AshkenazimTrio/HG003_NA24149_father/NISTv4.2.1/GRCh38/SupplementaryFiles/inputvcfsandbeds/HG003_GRCh38_1_22_PacBio_HiFi_DeepVariant.vcf.gz	169887373
release/AshkenazimTrio/HG003_NA24149_father/NISTv4.2.1/GRCh38/SupplementaryFiles/inputvcfsandbeds/HG003_GRCh38_1_22_PacBio_HiFi_DeepVariant.vcf.gz.tbi	1627960
release/AshkenazimTrio/HG003_NA24149_father/NISTv4.2.1/GRCh38/SupplementaryFiles/inputvcfsandbeds/HG003_GRCh38_1_22_PacBio_HiFi_DeepVariant_callable.bed	70805359
release/AshkenazimTrio/HG003_NA24149_father/NISTv4.2.1/GRCh38/SupplementaryFiles/inputvcfsandbeds/HG003_GRCh38_1_22_PacBio_HiFi_GATK4.vcf.gz	254864857
release/AshkenazimTrio/HG003_NA24149_father/NISTv4.2.1/GRCh38/SupplementaryFiles/inputvcfsandbeds/HG003_GRCh38_1_22_PacBio_HiFi_GATK4.vcf.gz.tbi	1569346
release/AshkenazimTrio/HG003_NA24149_father/NISTv4.2.1/GRCh38/SupplementaryFiles/inputvcfsandbeds/HG003_GRCh38_1_22_PacBio_HiFi_GATK4_callable.bed	59066
release/AshkenazimTrio/HG003_NA24149_father/NISTv4.2.1/README_v4.2.1.txt	18853
release/AshkenazimTrio/HG003_NA24149_father/latest/GRCh37/HG003_GRCh37_1_22_v4.2.1_benchmark.vcf.gz	166035739
release/AshkenazimTrio/HG003_NA24149_father/latest/GRCh37/HG003_GRCh37_1_22_v4.2.1_benchmark.vcf.gz.tbi	1636918
release/AshkenazimTrio/HG003_NA24149_father/latest/GRCh37/HG003_GRCh37_1_22_v4.2.1_benchmark_noinconsistent.bed	11306609
release/AshkenazimTrio/HG003_NA24149_father/latest/GRCh37/SupplementaryFiles/.DS_Store	6148
release/AshkenazimTrio/HG003_NA24149_father/latest/GRCh37/SupplementaryFiles/HG003_GRCh37_1_22_v4.2.1_all.vcf.gz	251003520
release/AshkenazimTrio/HG003_NA24149_father/latest/GRCh37/SupplementaryFiles/HG003_GRCh37_1_22_v4.2.1_all.vcf.gz.tbi	1748581
release/AshkenazimTrio/HG003_NA24149_father/latest/GRCh37/SupplementaryFiles/HG003_GRCh37_1_22_v4.2.1_annotated.vcf.gz	1423947162
release/AshkenazimTrio/HG003_NA24149_father/latest/GRCh37/SupplementaryFiles/HG003_GRCh37_1_22_v4.2.1_annotated.vcf.gz.tbi	2005422
release/AshkenazimTrio/HG003_NA24149_father/latest/GRCh37/SupplementaryFiles/HG003_GRCh37_1_22_v4.2.1_callablemultinter_gt0.bed	10682746
release/AshkenazimTrio/HG003_NA24149_father/latest/GRCh37/SupplementaryFiles/HG003_GRCh37_1_22_v4.2.1_filteredsites.bed	36897277
release/AshkenazimTrio/HG003_NA24149_father/latest/GRCh37/SupplementaryFiles/inputvcfsandbeds/HG003_GRCh37_1_22_10xGenomics.vcf.gz	1341440633
release/AshkenazimTrio/HG003_NA24149_father/latest/GRCh37/SupplementaryFiles/inputvcfsandbeds/HG003_GRCh37_1_22_10xGenomics.vcf.tbi	2006297
release/AshkenazimTrio/HG003_NA24149_father/latest/GRCh37/SupplementaryFiles/inputvcfsandbeds/HG003_GRCh37_1_22_10xGenomics_callable.bed	17330952
release/AshkenazimTrio/HG003_NA24149_father/latest/GRCh37/SupplementaryFiles/inputvcfsandbeds/HG003_GRCh37_1_22_PacBio_HiFi_DeepVariant.vcf.gz	90518407
release/AshkenazimTrio/HG003_NA24149_father/latest/GRCh37/SupplementaryFiles/inputvcfsandbeds/HG003_GRCh37_1_22_PacBio_HiFi_DeepVariant.vcf.tbi	1482852
release/AshkenazimTrio/HG003_NA24149_father/latest/GRCh37/SupplementaryFiles/inputvcfsandbeds/HG003_GRCh37_1_22_PacBio_HiFi_DeepVariant_callable.bed	61634821
release/AshkenazimTrio/HG003_NA24149_father/latest/GRCh37/SupplementaryFiles/inputvcfsandbeds/HG003_GRCh37_1_22_PacBio_HiFi_GATK4.vcf.gz	174001015
release/AshkenazimTrio/HG003_NA24149_father/latest/GRCh37/SupplementaryFiles/inputvcfsandbeds/HG003_GRCh37_1_22_PacBio_HiFi_GATK4.vcf.gz.tbi	1548474
release/AshkenazimTrio/HG003_NA24149_father/latest/GRCh37/SupplementaryFiles/inputvcfsandbeds/HG003_GRCh37_1_22_PacBio_HiFi_GATK4_callable.bed	43334
release/AshkenazimTrio/HG003_NA24149_father/latest/GRCh38/HG003_GRCh38_1_22_v4.2.1_benchmark.vcf.gz	147212428
release/AshkenazimTrio/HG003_NA24149_father/latest/GRCh38/HG003_GRCh38_1_22_v4.2.1_benchmark.vcf.gz.tbi	1651307
release/AshkenazimTrio/HG003_NA24149_father/latest/GRCh38/HG003_GRCh38_1_22_v4.2.1_benchmark_noinconsistent.bed	13219856
release/AshkenazimTrio/HG003_NA24149_father/latest/GRCh38/SupplementaryFiles/.DS_Store	6148
release/AshkenazimTrio/HG003_NA24149_father/latest/GRCh38/SupplementaryFiles/HG003_GRCh38_1_22_v4.2.1_all.vcf.gz	236579037
release/AshkenazimTrio/HG003_NA24149_father/latest/GRCh38/SupplementaryFiles/HG003_GRCh38_1_22_v4.2.1_all.vcf.gz.tbi	1792829
release/AshkenazimTrio/HG003_NA24149_father/latest/GRCh38/SupplementaryFiles/HG003_GRCh38_1_22_v4.2.1_annotated.vcf.gz	1410170358
release/AshkenazimTrio/HG003_NA24149_father/latest/GRCh38/SupplementaryFiles/HG003_GRCh38_1_22_v4.2.1_annotated.vcf.gz.tbi	2044433
release/AshkenazimTrio/HG003_NA24149_father/latest/GRCh38/SupplementaryFiles/HG003_GRCh38_1_22_v4.2.1_callablemultinter_gt0.bed	12593340
release/AshkenazimTrio/HG003_NA24149_father/latest/GRCh38/SupplementaryFiles/HG003_GRCh38_1_22_v4.2.1_filteredsites.bed	50334208
release/AshkenazimTrio/HG003_NA24149_father/latest/GRCh38/SupplementaryFiles/inputvcfsandbeds/HG003_GRCh38_1_22_10xGenomics.vcf.gz	1408315034
release/AshkenazimTrio/HG003_NA24149_father/latest/GRCh38/SupplementaryFiles/inputvcfsandbeds/HG003_GRCh38_1_22_10xGenomics.vcf.gz.tbi	2118686
release/AshkenazimTrio/HG003_NA24149_father/latest/GRCh38/SupplementaryFiles/inputvcfsandbeds/HG003_GRCh38_1_22_10xGenomics_callable.bed	16148827
release/AshkenazimTrio/HG003_NA24149_father/latest/GRCh38/SupplementaryFiles/inputvcfsandbeds/HG003_GRCh38_1_22_PacBio_HiFi_DeepVariant.vcf.gz	169887373
release/AshkenazimTrio/HG003_NA24149_father/latest/GRCh38/SupplementaryFiles/inputvcfsandbeds/HG003_GRCh38_1_22_PacBio_HiFi_DeepVariant.vcf.gz.tbi	1627960
release/AshkenazimTrio/HG003_NA24149_father/latest/GRCh38/SupplementaryFiles/inputvcfsandbeds/HG003_GRCh38_1_22_PacBio_HiFi_DeepVariant_callable.bed	70805359
release/AshkenazimTrio/HG003_NA24149_father/latest/GRCh38/SupplementaryFiles/inputvcfsandbeds/HG003_GRCh38_1_22_PacBio_HiFi_GATK4.vcf.gz	254864857
release/AshkenazimTrio/HG003_NA24149_father/latest/GRCh38/SupplementaryFiles/inputvcfsandbeds/HG003_GRCh38_1_22_PacBio_HiFi_GATK4.vcf.gz.tbi	1569346
release/AshkenazimTrio/HG003_NA24149_father/latest/GRCh38/SupplementaryFiles/inputvcfsandbeds/HG003_GRCh38_1_22_PacBio_HiFi_GATK4_callable.bed	59066
release/AshkenazimTrio/HG003_NA24149_father/latest/README_v4.2.1.txt	18853
release/AshkenazimTrio/HG004_NA24143_mother/.DS_Store	12292
release/AshkenazimTrio/HG004_NA24143_mother/NISTv3.2.2/.DS_Store	12292
release/AshkenazimTrio/HG004_NA24143_mother/NISTv3.2.2/HG004_GIAB_highconf_IllFB-IllGATKHC-CG-Ion_CHROM1-22_v3.2.2_highconf.bed	40452844
release/AshkenazimTrio/HG004_NA24143_mother/NISTv3.2.2/HG004_GIAB_highconf_IllFB-IllGATKHC-CG-Ion_CHROM1-22_v3.2.2_highconf.vcf.gz	85122913
release/AshkenazimTrio/HG004_NA24143_mother/NISTv3.2.2/NISTv3.2.2.md5	294
release/AshkenazimTrio/HG004_NA24143_mother/NISTv3.2.2/README_NISTv3.2.2.txt	9136
release/AshkenazimTrio/HG004_NA24143_mother/NISTv3.2.2/supplementaryFiles/.DS_Store	6148
release/AshkenazimTrio/HG004_NA24143_mother/NISTv3.2.2/supplementaryFiles/HG004_GIAB_highconf_IllFB-IllGATKHC-CG-Ion_CHROM1-22_v3.2.2_all.vcf.gz.tbi	1646148
release/AshkenazimTrio/HG004_NA24143_mother/NISTv3.2.2/supplementaryFiles/HG004_GIAB_highconf_IllFB-IllGATKHC-CG-Ion_CHROM1-22_v3.2.2_callablemultinter_gt0.bed	4282217
release/AshkenazimTrio/HG004_NA24143_mother/NISTv3.2.2/supplementaryFiles/HG004_GIAB_highconf_IllFB-IllGATKHC-CG-Ion_CHROM1-22_v3.2.2_filteredsites.bed	22334928
release/AshkenazimTrio/HG004_NA24143_mother/NISTv3.2.2/supplementaryFiles/NISTv3.2.2_supp.md5	362
release/AshkenazimTrio/HG004_NA24143_mother/NISTv3.3.2/.DS_Store	6148
release/AshkenazimTrio/HG004_NA24143_mother/NISTv3.3.2/GRCh37/.DS_Store	6148
release/AshkenazimTrio/HG004_NA24143_mother/NISTv3.3.2/GRCh37/HG004_GRCh37_GIAB_highconf_CG-IllFB-IllGATKHC-Ion-10X_CHROM1-22_v.3.3.2_highconf.vcf.gz	138056882
release/AshkenazimTrio/HG004_NA24143_mother/NISTv3.3.2/GRCh37/HG004_GRCh37_GIAB_highconf_CG-IllFB-IllGATKHC-Ion-10X_CHROM1-22_v.3.3.2_highconf.vcf.gz.tbi	1520997
release/AshkenazimTrio/HG004_NA24143_mother/NISTv3.3.2/GRCh37/HG004_GRCh37_GIAB_highconf_CG-IllFB-IllGATKHC-Ion-10X_CHROM1-22_v.3.3.2_highconf_noinconsistent.bed	9704721
release/AshkenazimTrio/HG004_NA24143_mother/NISTv3.3.2/GRCh37/md5sum	403
release/AshkenazimTrio/HG004_NA24143_mother/NISTv3.3.2/GRCh37/supplementaryFiles/.DS_Store	6148
release/AshkenazimTrio/HG004_NA24143_mother/NISTv3.3.2/GRCh37/supplementaryFiles/HG004_GRCh37_GIAB_highconf_CG-IllFB-IllGATKHC-Ion-10X_CHROM1-22_v.3.3.2_all.vcf.gz	212605522
release/AshkenazimTrio/HG004_NA24143_mother/NISTv3.3.2/GRCh37/supplementaryFiles/HG004_GRCh37_GIAB_highconf_CG-IllFB-IllGATKHC-Ion-10X_CHROM1-22_v.3.3.2_all.vcf.gz.tbi	1700841
release/AshkenazimTrio/HG004_NA24143_mother/NISTv3.3.2/GRCh37/supplementaryFiles/HG004_GRCh37_GIAB_highconf_CG-IllFB-IllGATKHC-Ion-10X_CHROM1-22_v.3.3.2_annotated.vcf.gz	806669491
release/AshkenazimTrio/HG004_NA24143_mother/NISTv3.3.2/GRCh37/supplementaryFiles/HG004_GRCh37_GIAB_highconf_CG-IllFB-IllGATKHC-Ion-10X_CHROM1-22_v.3.3.2_annotated.vcf.gz.tbi	1792321
release/AshkenazimTrio/HG004_NA24143_mother/NISTv3.3.2/GRCh37/supplementaryFiles/HG004_GRCh37_GIAB_highconf_CG-IllFB-IllGATKHC-Ion-10X_CHROM1-22_v.3.3.2_callablemultinter_gt0.bed	7569891
release/AshkenazimTrio/HG004_NA24143_mother/NISTv3.3.2/GRCh37/supplementaryFiles/HG004_GRCh37_GIAB_highconf_CG-IllFB-IllGATKHC-Ion-10X_CHROM1-22_v.3.3.2_filteredsites.bed	47714194
release/AshkenazimTrio/HG004_NA24143_mother/NISTv3.3.2/GRCh37/supplementaryFiles/HG004_GRCh37_GIAB_highconf_CG-IllFB-IllGATKHC-Ion-10X_CHROM1-22_v.3.3.2_highconf.bed	9694169
release/AshkenazimTrio/HG004_NA24143_mother/NISTv3.3.2/GRCh37/supplementaryFiles/inputvcfsandbeds/HG004_GRCh37_CHROM1-MT_novoalign_Ilmn150bp300X_FB.vcf.gz	615512758
release/AshkenazimTrio/HG004_NA24143_mother/NISTv3.3.2/GRCh37/supplementaryFiles/inputvcfsandbeds/HG004_GRCh37_CHROM1-MT_novoalign_Ilmn150bp300X_FB.vcf.gz.tbi	1751574
release/AshkenazimTrio/HG004_NA24143_mother/NISTv3.3.2/GRCh37/supplementaryFiles/inputvcfsandbeds/HG004_GRCh37_CHROM1-MT_novoalign_Ilmn150bp300X_GATKHC.vcf.gz	272922591
release/AshkenazimTrio/HG004_NA24143_mother/NISTv3.3.2/GRCh37/supplementaryFiles/inputvcfsandbeds/HG004_GRCh37_CHROM1-MT_novoalign_Ilmn150bp300X_GATKHC.vcf.gz.tbi	1649355
release/AshkenazimTrio/HG004_NA24143_mother/NISTv3.3.2/GRCh37/supplementaryFiles/inputvcfsandbeds/HG004_GRCh37_CHROM1-X_10X_GATKHCbyhaplo.vcf.gz	102025532
release/AshkenazimTrio/HG004_NA24143_mother/NISTv3.3.2/GRCh37/supplementaryFiles/inputvcfsandbeds/HG004_GRCh37_CHROM1-X_10X_GATKHCbyhaplo.vcf.gz.tbi	1551293
release/AshkenazimTrio/HG004_NA24143_mother/NISTv3.3.2/GRCh37/supplementaryFiles/inputvcfsandbeds/HG004_GRCh37_CHROM1-X_10X_GATKHCbyhaplo_callable.bed	61619441
release/AshkenazimTrio/HG004_NA24143_mother/NISTv3.3.2/GRCh37/supplementaryFiles/inputvcfsandbeds/HG004_GRCh37_CHROM1-X_AmpliseqExome.20141120.NA24143.vcf.gz	5383145
release/AshkenazimTrio/HG004_NA24143_mother/NISTv3.3.2/GRCh37/supplementaryFiles/inputvcfsandbeds/HG004_GRCh37_CHROM1-X_AmpliseqExome.20141120.NA24143.vcf.gz.tbi	215882
release/AshkenazimTrio/HG004_NA24143_mother/NISTv3.3.2/GRCh37/supplementaryFiles/inputvcfsandbeds/HG004_GRCh37_CHROM1-X_AmpliseqExome.20141120.NA24143_callable.bed	10825744
release/AshkenazimTrio/HG004_NA24143_mother/NISTv3.3.2/GRCh37/supplementaryFiles/inputvcfsandbeds/HG004_GRCh37_CHROM1-X_bwa_mem_IlmnMatePair_GATKHC_gvcf_callable.bed	1339340
release/AshkenazimTrio/HG004_NA24143_mother/NISTv3.3.2/GRCh37/supplementaryFiles/inputvcfsandbeds/HG004_GRCh37_CHROM1-X_novoalign_Ilmn150bp300X_GATKHC_gvcf_callable.bed	11086056
release/AshkenazimTrio/HG004_NA24143_mother/NISTv3.3.2/GRCh37/supplementaryFiles/inputvcfsandbeds/HG004_GRCh37_CHROM1-X_novoalign_Ilmn150bp300X_callableloci.bed	15012599
release/AshkenazimTrio/HG004_NA24143_mother/NISTv3.3.2/GRCh37/supplementaryFiles/inputvcfsandbeds/HG004_GRCh37_CHROM1-X_novoalign_Ilmn250x250_GATKHC_gvcf_callable.bed	20372272
release/AshkenazimTrio/HG004_NA24143_mother/NISTv3.3.2/GRCh37/supplementaryFiles/inputvcfsandbeds/HG004_GRCh37_CHROM1-X_vcfBeta-GS000037262-ASM.bed	23670140
release/AshkenazimTrio/HG004_NA24143_mother/NISTv3.3.2/GRCh37/supplementaryFiles/inputvcfsandbeds/HG004_GRCh37_CHROM1-X_vcfBeta-GS000037262-ASM.vcf.gz	201599776
release/AshkenazimTrio/HG004_NA24143_mother/NISTv3.3.2/GRCh37/supplementaryFiles/inputvcfsandbeds/HG004_GRCh37_CHROM1-X_vcfBeta-GS000037262-ASM.vcf.gz.tbi	1638217
release/AshkenazimTrio/HG004_NA24143_mother/NISTv3.3.2/GRCh37/supplementaryFiles/inputvcfsandbeds/HG004_GRCh37_CHROM1-Y_bwa_mem_IlmnMatePair_FB.vcf.gz	475512598
release/AshkenazimTrio/HG004_NA24143_mother/NISTv3.3.2/GRCh37/supplementaryFiles/inputvcfsandbeds/HG004_GRCh37_CHROM1-Y_bwa_mem_IlmnMatePair_FB.vcf.gz.tbi	1746950
release/AshkenazimTrio/HG004_NA24143_mother/NISTv3.3.2/GRCh37/supplementaryFiles/inputvcfsandbeds/HG004_GRCh37_CHROM1-Y_bwa_mem_IlmnMatePair_GATKHC.vcf.gz	205611848
release/AshkenazimTrio/HG004_NA24143_mother/NISTv3.3.2/GRCh37/supplementaryFiles/inputvcfsandbeds/HG004_GRCh37_CHROM1-Y_bwa_mem_IlmnMatePair_GATKHC_vcf.gz.tbi	1618416
release/AshkenazimTrio/HG004_NA24143_mother/NISTv3.3.2/GRCh37/supplementaryFiles/inputvcfsandbeds/HG004_GRCh37_CHROM1-Y_bwa_mem_IlmnMatePair_callableloci.bed	3316199909
release/AshkenazimTrio/HG004_NA24143_mother/NISTv3.3.2/GRCh37/supplementaryFiles/inputvcfsandbeds/HG004_GRCh37_CHROM1-Y_novoalign_Ilmn250x250_FB.vcf.gz	487807765
release/AshkenazimTrio/HG004_NA24143_mother/NISTv3.3.2/GRCh37/supplementaryFiles/inputvcfsandbeds/HG004_GRCh37_CHROM1-Y_novoalign_Ilmn250x250_FB.vcf.gz.tbi	1730394
release/AshkenazimTrio/HG004_NA24143_mother/NISTv3.3.2/GRCh37/supplementaryFiles/inputvcfsandbeds/HG004_GRCh37_CHROM1-Y_novoalign_Ilmn250x250_GATKHC.vcf.gz	232832482
release/AshkenazimTrio/HG004_NA24143_mother/NISTv3.3.2/GRCh37/supplementaryFiles/inputvcfsandbeds/HG004_GRCh37_CHROM1-Y_novoalign_Ilmn250x250_GATKHC.vcf.gz.tbi	1634734
release/AshkenazimTrio/HG004_NA24143_mother/NISTv3.3.2/GRCh37/supplementaryFiles/inputvcfsandbeds/HG004_GRCh37_CHROM1-Y_novoalign_Ilmn250x250_callableloci.bed	199062064
release/AshkenazimTrio/HG004_NA24143_mother/NISTv3.3.2/GRCh37/supplementaryFiles/inputvcfsandbeds/md5sum	2704
release/AshkenazimTrio/HG004_NA24143_mother/NISTv3.3.2/GRCh37/supplementaryFiles/md5sum	912
release/AshkenazimTrio/HG004_NA24143_mother/NISTv3.3.2/GRCh38/.DS_Store	6148
release/AshkenazimTrio/HG004_NA24143_mother/NISTv3.3.2/GRCh38/HG004_GRCh38_GIAB_highconf_CG-Illfb-IllsentieonHC-Ion-10XsentieonHC_CHROM1-22_v.3.3.2_highconf.vcf.gz	112000213
release/AshkenazimTrio/HG004_NA24143_mother/NISTv3.3.2/GRCh38/HG004_GRCh38_GIAB_highconf_CG-Illfb-IllsentieonHC-Ion-10XsentieonHC_CHROM1-22_v.3.3.2_highconf.vcf.gz.tbi	1481582
release/AshkenazimTrio/HG004_NA24143_mother/NISTv3.3.2/GRCh38/HG004_GRCh38_GIAB_highconf_CG-Illfb-IllsentieonHC-Ion-10XsentieonHC_CHROM1-22_v.3.3.2_highconf_noinconsistent.bed	10995110
release/AshkenazimTrio/HG004_NA24143_mother/NISTv3.3.2/GRCh38/md5sum	445
release/AshkenazimTrio/HG004_NA24143_mother/NISTv3.3.2/GRCh38/supplementaryFiles/.DS_Store	6148
release/AshkenazimTrio/HG004_NA24143_mother/NISTv3.3.2/GRCh38/supplementaryFiles/HG004_GRCh38_GIAB_highconf_CG-Illfb-IllsentieonHC-Ion-10XsentieonHC_CHROM1-22_v.3.3.2_all.vcf.gz	186062255
release/AshkenazimTrio/HG004_NA24143_mother/NISTv3.3.2/GRCh38/supplementaryFiles/HG004_GRCh38_GIAB_highconf_CG-Illfb-IllsentieonHC-Ion-10XsentieonHC_CHROM1-22_v.3.3.2_all.vcf.gz.tbi	1740209
release/AshkenazimTrio/HG004_NA24143_mother/NISTv3.3.2/GRCh38/supplementaryFiles/HG004_GRCh38_GIAB_highconf_CG-Illfb-IllsentieonHC-Ion-10XsentieonHC_CHROM1-22_v.3.3.2_annotated.vcf.gz	767370319
release/AshkenazimTrio/HG004_NA24143_mother/NISTv3.3.2/GRCh38/supplementaryFiles/HG004_GRCh38_GIAB_highconf_CG-Illfb-IllsentieonHC-Ion-10XsentieonHC_CHROM1-22_v.3.3.2_annotated.vcf.gz.tbi	1821766
release/AshkenazimTrio/HG004_NA24143_mother/NISTv3.3.2/GRCh38/supplementaryFiles/HG004_GRCh38_GIAB_highconf_CG-Illfb-IllsentieonHC-Ion-10XsentieonHC_CHROM1-22_v.3.3.2_callablemultinter_gt0.bed	8534589
release/AshkenazimTrio/HG004_NA24143_mother/NISTv3.3.2/GRCh38/supplementaryFiles/HG004_GRCh38_GIAB_highconf_CG-Illfb-IllsentieonHC-Ion-10XsentieonHC_CHROM1-22_v.3.3.2_filteredsites.bed	62835921
release/AshkenazimTrio/HG004_NA24143_mother/NISTv3.3.2/GRCh38/supplementaryFiles/HG004_GRCh38_GIAB_highconf_CG-Illfb-IllsentieonHC-Ion-10XsentieonHC_CHROM1-22_v.3.3.2_highconf.bed	10977483
release/AshkenazimTrio/HG004_NA24143_mother/NISTv3.3.2/GRCh38/supplementaryFiles/inputvcfsandbeds/HG004_GRCh38_CHROM1-22_bwa_mem_IlmnMatePair_sentieonHC_gvcf_callable.bed	1403198
release/AshkenazimTrio/HG004_NA24143_mother/NISTv3.3.2/GRCh38/supplementaryFiles/inputvcfsandbeds/HG004_GRCh38_CHROM1-22_novoalign_Ilmn150bp300X_sentieonHC_gvcf_callable.bed	13305923
release/AshkenazimTrio/HG004_NA24143_mother/NISTv3.3.2/GRCh38/supplementaryFiles/inputvcfsandbeds/HG004_GRCh38_CHROM1-22_novoalign_Ilmn250x250_sentieonHC_gvcf_callable.bed	22935736
release/AshkenazimTrio/HG004_NA24143_mother/NISTv3.3.2/GRCh38/supplementaryFiles/inputvcfsandbeds/HG004_GRCh38_CHROM1-X_10X_sentieonHCbyhaplo.vcf.gz	86517081
release/AshkenazimTrio/HG004_NA24143_mother/NISTv3.3.2/GRCh38/supplementaryFiles/inputvcfsandbeds/HG004_GRCh38_CHROM1-X_10X_sentieonHCbyhaplo.vcf.gz.tbi	1561118
release/AshkenazimTrio/HG004_NA24143_mother/NISTv3.3.2/GRCh38/supplementaryFiles/inputvcfsandbeds/HG004_GRCh38_CHROM1-X_10X_sentieonHCbyhaplo_callable.bed	34175647
release/AshkenazimTrio/HG004_NA24143_mother/NISTv3.3.2/GRCh38/supplementaryFiles/inputvcfsandbeds/HG004_GRCh38_CHROM1-Y_bwa_mem_IlmnMatePair_FB.vcf.gz	434923130
release/AshkenazimTrio/HG004_NA24143_mother/NISTv3.3.2/GRCh38/supplementaryFiles/inputvcfsandbeds/HG004_GRCh38_CHROM1-Y_bwa_mem_IlmnMatePair_FB.vcf.gz.tbi	1773532
release/AshkenazimTrio/HG004_NA24143_mother/NISTv3.3.2/GRCh38/supplementaryFiles/inputvcfsandbeds/HG004_GRCh38_CHROM1-Y_bwa_mem_IlmnMatePair_callableloci.bed	3664168687
release/AshkenazimTrio/HG004_NA24143_mother/NISTv3.3.2/GRCh38/supplementaryFiles/inputvcfsandbeds/HG004_GRCh38_CHROM1-Y_bwa_mem_IlmnMatePair_sentieonHC.vcf.gz	169124514
release/AshkenazimTrio/HG004_NA24143_mother/NISTv3.3.2/GRCh38/supplementaryFiles/inputvcfsandbeds/HG004_GRCh38_CHROM1-Y_bwa_mem_IlmnMatePair_sentieonHC.vcf.gz.tbi	1637119
release/AshkenazimTrio/HG004_NA24143_mother/NISTv3.3.2/GRCh38/supplementaryFiles/inputvcfsandbeds/HG004_GRCh38_CHROM1-Y_novoalign_Ilmn150bp300X_FB.vcf.gz	662336444
release/AshkenazimTrio/HG004_NA24143_mother/NISTv3.3.2/GRCh38/supplementaryFiles/inputvcfsandbeds/HG004_GRCh38_CHROM1-Y_novoalign_Ilmn150bp300X_FB.vcf.gz.tbi	1799093
release/AshkenazimTrio/HG004_NA24143_mother/NISTv3.3.2/GRCh38/supplementaryFiles/inputvcfsandbeds/HG004_GRCh38_CHROM1-Y_novoalign_Ilmn150bp300X_callableloci.bed	35624379
release/AshkenazimTrio/HG004_NA24143_mother/NISTv3.3.2/GRCh38/supplementaryFiles/inputvcfsandbeds/HG004_GRCh38_CHROM1-Y_novoalign_Ilmn150bp300X_sentieonHC.vcf.gz	247745142
release/AshkenazimTrio/HG004_NA24143_mother/NISTv3.3.2/GRCh38/supplementaryFiles/inputvcfsandbeds/HG004_GRCh38_CHROM1-Y_novoalign_Ilmn150bp300X_sentieonHC.vcf.gz.tbi	1688716
release/AshkenazimTrio/HG004_NA24143_mother/NISTv3.3.2/GRCh38/supplementaryFiles/inputvcfsandbeds/HG004_GRCh38_CHROM1-Y_novoalign_Ilmn250x250_FB.vcf.gz	523401500
release/AshkenazimTrio/HG004_NA24143_mother/NISTv3.3.2/GRCh38/supplementaryFiles/inputvcfsandbeds/HG004_GRCh38_CHROM1-Y_novoalign_Ilmn250x250_FB.vcf.gz.tbi	1777620
release/AshkenazimTrio/HG004_NA24143_mother/NISTv3.3.2/GRCh38/supplementaryFiles/inputvcfsandbeds/HG004_GRCh38_CHROM1-Y_novoalign_Ilmn250x250_callableloci.bed	232304291
release/AshkenazimTrio/HG004_NA24143_mother/NISTv3.3.2/GRCh38/supplementaryFiles/inputvcfsandbeds/HG004_GRCh38_CHROM1-Y_novoalign_Ilmn250x250_sentieonHC.vcf.gz	209297806
release/AshkenazimTrio/HG004_NA24143_mother/NISTv3.3.2/GRCh38/supplementaryFiles/inputvcfsandbeds/HG004_GRCh38_CHROM1-Y_novoalign_Ilmn250x250_sentieonHC.vcf.gz.tbi	1672169
release/AshkenazimTrio/HG004_NA24143_mother/NISTv3.3.2/GRCh38/supplementaryFiles/inputvcfsandbeds/HG004_convGRCh38_CHROM1-X_CG_vcfBeta-GS000037262-ASM.bed	26211867
release/AshkenazimTrio/HG004_NA24143_mother/NISTv3.3.2/GRCh38/supplementaryFiles/inputvcfsandbeds/HG004_convGRCh38_CHROM1-X_CG_vcfBeta-GS000037262-ASM.vcf.gz	180035941
release/AshkenazimTrio/HG004_NA24143_mother/NISTv3.3.2/GRCh38/supplementaryFiles/inputvcfsandbeds/HG004_convGRCh38_CHROM1-X_CG_vcfBeta-GS000037262-ASM.vcf.gz.tbi	1607321
release/AshkenazimTrio/HG004_NA24143_mother/NISTv3.3.2/GRCh38/supplementaryFiles/inputvcfsandbeds/HG004_convGRCh38_CHROM1-X_Ion_AmpliseqExome.20141120.NA24143.bed	8644970
release/AshkenazimTrio/HG004_NA24143_mother/NISTv3.3.2/GRCh38/supplementaryFiles/inputvcfsandbeds/HG004_convGRCh38_CHROM1-X_Ion_AmpliseqExome.20141120.NA24143.vcf.gz	4957314
release/AshkenazimTrio/HG004_NA24143_mother/NISTv3.3.2/GRCh38/supplementaryFiles/inputvcfsandbeds/HG004_convGRCh38_CHROM1-X_Ion_AmpliseqExome.20141120.NA24143.vcf.gz.tbi	201725
release/AshkenazimTrio/HG004_NA24143_mother/NISTv3.3.2/GRCh38/supplementaryFiles/inputvcfsandbeds/md5sum	2787
release/AshkenazimTrio/HG004_NA24143_mother/NISTv3.3.2/GRCh38/supplementaryFiles/md5sum	1010
release/AshkenazimTrio/HG004_NA24143_mother/NISTv3.3.2/README_NISTv3.3.2.txt	18481
release/AshkenazimTrio/HG004_NA24143_mother/NISTv3.3/.DS_Store	6148
release/AshkenazimTrio/HG004_NA24143_mother/NISTv3.3/HG004_GIAB_highconf_CG-IllFB-IllGATKHC-Ion-10X_CHROM1-22_v3.3_highconf.bed	11881822
release/AshkenazimTrio/HG004_NA24143_mother/NISTv3.3/HG004_GIAB_highconf_CG-IllFB-IllGATKHC-Ion-10X_CHROM1-22_v3.3_highconf.vcf.gz	128840069
release/AshkenazimTrio/HG004_NA24143_mother/NISTv3.3/HG004_GIAB_highconf_CG-IllFB-IllGATKHC-Ion-10X_CHROM1-22_v3.3_highconf.vcf.gz.tbi	1519850
release/AshkenazimTrio/HG004_NA24143_mother/NISTv3.3/NISTv3.3.md5	473
release/AshkenazimTrio/HG004_NA24143_mother/NISTv3.3/README_NISTv3.3.txt	10602
release/AshkenazimTrio/HG004_NA24143_mother/NISTv3.3/supplementaryFiles/.DS_Store	6148
release/AshkenazimTrio/HG004_NA24143_mother/NISTv3.3/supplementaryFiles/AllRepeats_51to200bp_gt95identity_merged_slop5.bed.gz	618406
release/AshkenazimTrio/HG004_NA24143_mother/NISTv3.3/supplementaryFiles/AllRepeats_gt200bp_gt95identity_merged_sort.bed	270088
release/AshkenazimTrio/HG004_NA24143_mother/NISTv3.3/supplementaryFiles/AllRepeats_lt51bp_gt95identity_merged_slop5.bed.gz	37773073
release/AshkenazimTrio/HG004_NA24143_mother/NISTv3.3/supplementaryFiles/HG002_HG003_HG004_allsvs_merged.bed	555445
release/AshkenazimTrio/HG004_NA24143_mother/NISTv3.3/supplementaryFiles/HG004_GIAB_highconf_CG-IllFB-IllGATKHC-Ion-10X_CHROM1-22_v3.3_all.vcf.gz	200966245
release/AshkenazimTrio/HG004_NA24143_mother/NISTv3.3/supplementaryFiles/HG004_GIAB_highconf_CG-IllFB-IllGATKHC-Ion-10X_CHROM1-22_v3.3_all.vcf.gz.tbi	1688928
release/AshkenazimTrio/HG004_NA24143_mother/NISTv3.3/supplementaryFiles/HG004_GIAB_highconf_CG-IllFB-IllGATKHC-Ion-10X_CHROM1-22_v3.3_callablemultinter_gt0.bed	10410770
release/AshkenazimTrio/HG004_NA24143_mother/NISTv3.3/supplementaryFiles/HG004_GIAB_highconf_CG-IllFB-IllGATKHC-Ion-10X_CHROM1-22_v3.3_filteredsites.bed	49494179
release/AshkenazimTrio/HG004_NA24143_mother/NISTv3.3/supplementaryFiles/NISTv3.3_supp.md5	1065
release/AshkenazimTrio/HG004_NA24143_mother/NISTv3.3/supplementaryFiles/SimpleRepeat_imperfecthomopolgt10_slop5.bed.gz	14800766
release/AshkenazimTrio/HG004_NA24143_mother/NISTv3.3/supplementaryFiles/hg19_self_chain_split_withalts_gt10k.bed.gz	23604
release/AshkenazimTrio/HG004_NA24143_mother/NISTv3.3/supplementaryFiles/mm-2-merged.bed	560829
release/AshkenazimTrio/HG004_NA24143_mother/NISTv4.2.1/GRCh37/HG004_GRCh37_1_22_v4.2.1_benchmark.vcf.gz	168442944
release/AshkenazimTrio/HG004_NA24143_mother/NISTv4.2.1/GRCh37/HG004_GRCh37_1_22_v4.2.1_benchmark.vcf.gz.tbi	1639460
release/AshkenazimTrio/HG004_NA24143_mother/NISTv4.2.1/GRCh37/HG004_GRCh37_1_22_v4.2.1_benchmark_noinconsistent.bed	11312502
release/AshkenazimTrio/HG004_NA24143_mother/NISTv4.2.1/GRCh37/SupplementaryFiles/.DS_Store	8196
release/AshkenazimTrio/HG004_NA24143_mother/NISTv4.2.1/GRCh37/SupplementaryFiles/HG004_GRCh37_1_22_v4.2.1_all.vcf.gz	253102158
release/AshkenazimTrio/HG004_NA24143_mother/NISTv4.2.1/GRCh37/SupplementaryFiles/HG004_GRCh37_1_22_v4.2.1_all.vcf.gz.tbi	1750472
release/AshkenazimTrio/HG004_NA24143_mother/NISTv4.2.1/GRCh37/SupplementaryFiles/HG004_GRCh37_1_22_v4.2.1_annotated.vcf.gz	1411492227
release/AshkenazimTrio/HG004_NA24143_mother/NISTv4.2.1/GRCh37/SupplementaryFiles/HG004_GRCh37_1_22_v4.2.1_annotated.vcf.gz.tbi	1994636
release/AshkenazimTrio/HG004_NA24143_mother/NISTv4.2.1/GRCh37/SupplementaryFiles/HG004_GRCh37_1_22_v4.2.1_callablemultinter_gt0.bed	10686656
release/AshkenazimTrio/HG004_NA24143_mother/NISTv4.2.1/GRCh37/SupplementaryFiles/HG004_GRCh37_1_22_v4.2.1_filteredsites.bed	36771285
release/AshkenazimTrio/HG004_NA24143_mother/NISTv4.2.1/GRCh37/SupplementaryFiles/inputvcfsandbeds/.DS_Store	8196
release/AshkenazimTrio/HG004_NA24143_mother/NISTv4.2.1/GRCh37/SupplementaryFiles/inputvcfsandbeds/HG004_GRCh37_1_22_10xGenomics.vcf.gz	1349377237
release/AshkenazimTrio/HG004_NA24143_mother/NISTv4.2.1/GRCh37/SupplementaryFiles/inputvcfsandbeds/HG004_GRCh37_1_22_10xGenomics.vcf.tbi	1996638
release/AshkenazimTrio/HG004_NA24143_mother/NISTv4.2.1/GRCh37/SupplementaryFiles/inputvcfsandbeds/HG004_GRCh37_1_22_10xGenomics_callable.bed	20434439
release/AshkenazimTrio/HG004_NA24143_mother/NISTv4.2.1/GRCh37/SupplementaryFiles/inputvcfsandbeds/HG004_GRCh37_1_22_PacBio_HiFi_DeepVariant.vcf.gz	91233361
release/AshkenazimTrio/HG004_NA24143_mother/NISTv4.2.1/GRCh37/SupplementaryFiles/inputvcfsandbeds/HG004_GRCh37_1_22_PacBio_HiFi_DeepVariant.vcf.gz.tbi	1483752
release/AshkenazimTrio/HG004_NA24143_mother/NISTv4.2.1/GRCh37/SupplementaryFiles/inputvcfsandbeds/HG004_GRCh37_1_22_PacBio_HiFi_DeepVariant_callable.bed	68727195
release/AshkenazimTrio/HG004_NA24143_mother/NISTv4.2.1/GRCh37/SupplementaryFiles/inputvcfsandbeds/HG004_GRCh37_1_22_PacBio_HiFi_GATK4.vcf.gz	175719488
release/AshkenazimTrio/HG004_NA24143_mother/NISTv4.2.1/GRCh37/SupplementaryFiles/inputvcfsandbeds/HG004_GRCh37_1_22_PacBio_HiFi_GATK4.vcf.gz.tbi	1547571
release/AshkenazimTrio/HG004_NA24143_mother/NISTv4.2.1/GRCh37/SupplementaryFiles/inputvcfsandbeds/HG004_GRCh37_1_22_PacBio_HiFi_GATK4_callable.bed	70946
release/AshkenazimTrio/HG004_NA24143_mother/NISTv4.2.1/GRCh38/HG004_GRCh38_1_22_v4.2.1_benchmark.vcf.gz	148948118
release/AshkenazimTrio/HG004_NA24143_mother/NISTv4.2.1/GRCh38/HG004_GRCh38_1_22_v4.2.1_benchmark.vcf.gz.tbi	1653057
release/AshkenazimTrio/HG004_NA24143_mother/NISTv4.2.1/GRCh38/HG004_GRCh38_1_22_v4.2.1_benchmark_noinconsistent.bed	13081043
release/AshkenazimTrio/HG004_NA24143_mother/NISTv4.2.1/GRCh38/SupplementaryFiles/.DS_Store	6148
release/AshkenazimTrio/HG004_NA24143_mother/NISTv4.2.1/GRCh38/SupplementaryFiles/HG004_GRCh38_1_22_v4.2.1_all.vcf.gz	238959624
release/AshkenazimTrio/HG004_NA24143_mother/NISTv4.2.1/GRCh38/SupplementaryFiles/HG004_GRCh38_1_22_v4.2.1_all.vcf.gz.tbi	1795700
release/AshkenazimTrio/HG004_NA24143_mother/NISTv4.2.1/GRCh38/SupplementaryFiles/HG004_GRCh38_1_22_v4.2.1_annotated.vcf.gz	1401227734
release/AshkenazimTrio/HG004_NA24143_mother/NISTv4.2.1/GRCh38/SupplementaryFiles/HG004_GRCh38_1_22_v4.2.1_annotated.vcf.gz.tbi	2035550
release/AshkenazimTrio/HG004_NA24143_mother/NISTv4.2.1/GRCh38/SupplementaryFiles/HG004_GRCh38_1_22_v4.2.1_callablemultinter_gt0.bed	12549138
release/AshkenazimTrio/HG004_NA24143_mother/NISTv4.2.1/GRCh38/SupplementaryFiles/HG004_GRCh38_1_22_v4.2.1_filteredsites.bed	51058337
release/AshkenazimTrio/HG004_NA24143_mother/NISTv4.2.1/GRCh38/SupplementaryFiles/inputvcfsandbeds/HG004_GRCh38_1_22_10xGenomics.vcf.gz	1393903049
release/AshkenazimTrio/HG004_NA24143_mother/NISTv4.2.1/GRCh38/SupplementaryFiles/inputvcfsandbeds/HG004_GRCh38_1_22_10xGenomics.vcf.gz.tbi	2003239
release/AshkenazimTrio/HG004_NA24143_mother/NISTv4.2.1/GRCh38/SupplementaryFiles/inputvcfsandbeds/HG004_GRCh38_1_22_10xGenomics_callable.bed	22566093
release/AshkenazimTrio/HG004_NA24143_mother/NISTv4.2.1/GRCh38/SupplementaryFiles/inputvcfsandbeds/HG004_GRCh38_1_22_PacBio_HiFi_DeepVariant.vcf.gz	175515189
release/AshkenazimTrio/HG004_NA24143_mother/NISTv4.2.1/GRCh38/SupplementaryFiles/inputvcfsandbeds/HG004_GRCh38_1_22_PacBio_HiFi_DeepVariant.vcf.gz.tbi	1620516
release/AshkenazimTrio/HG004_NA24143_mother/NISTv4.2.1/GRCh38/SupplementaryFiles/inputvcfsandbeds/HG004_GRCh38_1_22_PacBio_HiFi_DeepVariant_callable.bed	79353864
release/AshkenazimTrio/HG004_NA24143_mother/NISTv4.2.1/GRCh38/SupplementaryFiles/inputvcfsandbeds/HG004_GRCh38_1_22_PacBio_HiFi_GATK4.vcf.gz	179510969
release/AshkenazimTrio/HG004_NA24143_mother/NISTv4.2.1/GRCh38/SupplementaryFiles/inputvcfsandbeds/HG004_GRCh38_1_22_PacBio_HiFi_GATK4.vcf.gz.tbi	1566648
release/AshkenazimTrio/HG004_NA24143_mother/NISTv4.2.1/GRCh38/SupplementaryFiles/inputvcfsandbeds/HG004_GRCh38_1_22_PacBio_HiFi_GATK4_callable.bed	60757
release/AshkenazimTrio/HG004_NA24143_mother/NISTv4.2.1/README_v4.2.1.txt	18853
release/AshkenazimTrio/HG004_NA24143_mother/latest/GRCh37/HG004_GRCh37_1_22_v4.2.1_benchmark.vcf.gz	168442944
release/AshkenazimTrio/HG004_NA24143_mother/latest/GRCh37/HG004_GRCh37_1_22_v4.2.1_benchmark.vcf.gz.tbi	1639460
release/AshkenazimTrio/HG004_NA24143_mother/latest/GRCh37/HG004_GRCh37_1_22_v4.2.1_benchmark_noinconsistent.bed	11312502
release/AshkenazimTrio/HG004_NA24143_mother/latest/GRCh37/SupplementaryFiles/.DS_Store	8196
release/AshkenazimTrio/HG004_NA24143_mother/latest/GRCh37/SupplementaryFiles/HG004_GRCh37_1_22_v4.2.1_all.vcf.gz	253102158
release/AshkenazimTrio/HG004_NA24143_mother/latest/GRCh37/SupplementaryFiles/HG004_GRCh37_1_22_v4.2.1_all.vcf.gz.tbi	1750472
release/AshkenazimTrio/HG004_NA24143_mother/latest/GRCh37/SupplementaryFiles/HG004_GRCh37_1_22_v4.2.1_annotated.vcf.gz	1411492227
release/AshkenazimTrio/HG004_NA24143_mother/latest/GRCh37/SupplementaryFiles/HG004_GRCh37_1_22_v4.2.1_annotated.vcf.gz.tbi	1994636
release/AshkenazimTrio/HG004_NA24143_mother/latest/GRCh37/SupplementaryFiles/HG004_GRCh37_1_22_v4.2.1_callablemultinter_gt0.bed	10686656
release/AshkenazimTrio/HG004_NA24143_mother/latest/GRCh37/SupplementaryFiles/HG004_GRCh37_1_22_v4.2.1_filteredsites.bed	36771285
release/AshkenazimTrio/HG004_NA24143_mother/latest/GRCh37/SupplementaryFiles/inputvcfsandbeds/.DS_Store	8196
release/AshkenazimTrio/HG004_NA24143_mother/latest/GRCh37/SupplementaryFiles/inputvcfsandbeds/HG004_GRCh37_1_22_10xGenomics.vcf.gz	1349377237
release/AshkenazimTrio/HG004_NA24143_mother/latest/GRCh37/SupplementaryFiles/inputvcfsandbeds/HG004_GRCh37_1_22_10xGenomics.vcf.tbi	1996638
release/AshkenazimTrio/HG004_NA24143_mother/latest/GRCh37/SupplementaryFiles/inputvcfsandbeds/HG004_GRCh37_1_22_10xGenomics_callable.bed	20434439
release/AshkenazimTrio/HG004_NA24143_mother/latest/GRCh37/SupplementaryFiles/inputvcfsandbeds/HG004_GRCh37_1_22_PacBio_HiFi_DeepVariant.vcf.gz	91233361
release/AshkenazimTrio/HG004_NA24143_mother/latest/GRCh37/SupplementaryFiles/inputvcfsandbeds/HG004_GRCh37_1_22_PacBio_HiFi_DeepVariant.vcf.gz.tbi	1483752
release/AshkenazimTrio/HG004_NA24143_mother/latest/GRCh37/SupplementaryFiles/inputvcfsandbeds/HG004_GRCh37_1_22_PacBio_HiFi_DeepVariant_callable.bed	68727195
release/AshkenazimTrio/HG004_NA24143_mother/latest/GRCh37/SupplementaryFiles/inputvcfsandbeds/HG004_GRCh37_1_22_PacBio_HiFi_GATK4.vcf.gz	175719488
release/AshkenazimTrio/HG004_NA24143_mother/latest/GRCh37/SupplementaryFiles/inputvcfsandbeds/HG004_GRCh37_1_22_PacBio_HiFi_GATK4.vcf.gz.tbi	1547571
release/AshkenazimTrio/HG004_NA24143_mother/latest/GRCh37/SupplementaryFiles/inputvcfsandbeds/HG004_GRCh37_1_22_PacBio_HiFi_GATK4_callable.bed	70946
release/AshkenazimTrio/HG004_NA24143_mother/latest/GRCh38/HG004_GRCh38_1_22_v4.2.1_benchmark.vcf.gz	148948118
release/AshkenazimTrio/HG004_NA24143_mother/latest/GRCh38/HG004_GRCh38_1_22_v4.2.1_benchmark.vcf.gz.tbi	1653057
release/AshkenazimTrio/HG004_NA24143_mother/latest/GRCh38/HG004_GRCh38_1_22_v4.2.1_benchmark_noinconsistent.bed	13081043
release/AshkenazimTrio/HG004_NA24143_mother/latest/GRCh38/SupplementaryFiles/.DS_Store	6148
release/AshkenazimTrio/HG004_NA24143_mother/latest/GRCh38/SupplementaryFiles/HG004_GRCh38_1_22_v4.2.1_all.vcf.gz	238959624
release/AshkenazimTrio/HG004_NA24143_mother/latest/GRCh38/SupplementaryFiles/HG004_GRCh38_1_22_v4.2.1_all.vcf.gz.tbi	1795700
release/AshkenazimTrio/HG004_NA24143_mother/latest/GRCh38/SupplementaryFiles/HG004_GRCh38_1_22_v4.2.1_annotated.vcf.gz	1401227734
release/AshkenazimTrio/HG004_NA24143_mother/latest/GRCh38/SupplementaryFiles/HG004_GRCh38_1_22_v4.2.1_annotated.vcf.gz.tbi	2035550
release/AshkenazimTrio/HG004_NA24143_mother/latest/GRCh38/SupplementaryFiles/HG004_GRCh38_1_22_v4.2.1_callablemultinter_gt0.bed	12549138
release/AshkenazimTrio/HG004_NA24143_mother/latest/GRCh38/SupplementaryFiles/HG004_GRCh38_1_22_v4.2.1_filteredsites.bed	51058337
release/AshkenazimTrio/HG004_NA24143_mother/latest/GRCh38/SupplementaryFiles/inputvcfsandbeds/HG004_GRCh38_1_22_10xGenomics.vcf.gz	1393903049
release/AshkenazimTrio/HG004_NA24143_mother/latest/GRCh38/SupplementaryFiles/inputvcfsandbeds/HG004_GRCh38_1_22_10xGenomics.vcf.gz.tbi	2003239
release/AshkenazimTrio/HG004_NA24143_mother/latest/GRCh38/SupplementaryFiles/inputvcfsandbeds/HG004_GRCh38_1_22_10xGenomics_callable.bed	22566093
release/AshkenazimTrio/HG004_NA24143_mother/latest/GRCh38/SupplementaryFiles/inputvcfsandbeds/HG004_GRCh38_1_22_PacBio_HiFi_DeepVariant.vcf.gz	175515189
release/AshkenazimTrio/HG004_NA24143_mother/latest/GRCh38/SupplementaryFiles/inputvcfsandbeds/HG004_GRCh38_1_22_PacBio_HiFi_DeepVariant.vcf.gz.tbi	1620516
release/AshkenazimTrio/HG004_NA24143_mother/latest/GRCh38/SupplementaryFiles/inputvcfsandbeds/HG004_GRCh38_1_22_PacBio_HiFi_DeepVariant_callable.bed	79353864
release/AshkenazimTrio/HG004_NA24143_mother/latest/GRCh38/SupplementaryFiles/inputvcfsandbeds/HG004_GRCh38_1_22_PacBio_HiFi_GATK4.vcf.gz	179510969
release/AshkenazimTrio/HG004_NA24143_mother/latest/GRCh38/SupplementaryFiles/inputvcfsandbeds/HG004_GRCh38_1_22_PacBio_HiFi_GATK4.vcf.gz.tbi	1566648
release/AshkenazimTrio/HG004_NA24143_mother/latest/GRCh38/SupplementaryFiles/inputvcfsandbeds/HG004_GRCh38_1_22_PacBio_HiFi_GATK4_callable.bed	60757
release/AshkenazimTrio/HG004_NA24143_mother/latest/README_v4.2.1.txt	18853
release/ChineseTrio/HG005_NA24631_son/.DS_Store	6148
release/ChineseTrio/HG005_NA24631_son/NISTv3.3.2/.DS_Store	6148
release/ChineseTrio/HG005_NA24631_son/NISTv3.3.2/GRCh37/.DS_Store	6148
release/ChineseTrio/HG005_NA24631_son/NISTv3.3.2/GRCh37/HG005_GRCh37_highconf_CG-IllFB-IllGATKHC-Ion-SOLID_CHROM1-22_v.3.3.2_highconf.vcf.gz	123675120
release/ChineseTrio/HG005_NA24631_son/NISTv3.3.2/GRCh37/HG005_GRCh37_highconf_CG-IllFB-IllGATKHC-Ion-SOLID_CHROM1-22_v.3.3.2_highconf.vcf.gz.tbi	1519735
release/ChineseTrio/HG005_NA24631_son/NISTv3.3.2/GRCh37/HG005_GRCh37_highconf_CG-IllFB-IllGATKHC-Ion-SOLID_CHROM1-22_v.3.3.2_highconf_noMetaSV.bed	14355139
release/ChineseTrio/HG005_NA24631_son/NISTv3.3.2/GRCh37/README_NIST_v3.3.2.txt	18616
release/ChineseTrio/HG005_NA24631_son/NISTv3.3.2/GRCh37/md5sum	388
release/ChineseTrio/HG005_NA24631_son/NISTv3.3.2/GRCh37/supplementaryFiles/.DS_Store	6148
release/ChineseTrio/HG005_NA24631_son/NISTv3.3.2/GRCh37/supplementaryFiles/HG005_GRCh37_highconf_CG-IllFB-IllGATKHC-Ion-SOLID_CHROM1-22_v.3.3.2_all.vcf.gz	189583741
release/ChineseTrio/HG005_NA24631_son/NISTv3.3.2/GRCh37/supplementaryFiles/HG005_GRCh37_highconf_CG-IllFB-IllGATKHC-Ion-SOLID_CHROM1-22_v.3.3.2_all.vcf.gz.tbi	1668286
release/ChineseTrio/HG005_NA24631_son/NISTv3.3.2/GRCh37/supplementaryFiles/HG005_GRCh37_highconf_CG-IllFB-IllGATKHC-Ion-SOLID_CHROM1-22_v.3.3.2_annotated.vcf.gz	769434809
release/ChineseTrio/HG005_NA24631_son/NISTv3.3.2/GRCh37/supplementaryFiles/HG005_GRCh37_highconf_CG-IllFB-IllGATKHC-Ion-SOLID_CHROM1-22_v.3.3.2_annotated.vcf.gz.tbi	1776012
release/ChineseTrio/HG005_NA24631_son/NISTv3.3.2/GRCh37/supplementaryFiles/HG005_GRCh37_highconf_CG-IllFB-IllGATKHC-Ion-SOLID_CHROM1-22_v.3.3.2_callablemultinter_gt0.bed	14787019
release/ChineseTrio/HG005_NA24631_son/NISTv3.3.2/GRCh37/supplementaryFiles/HG005_GRCh37_highconf_CG-IllFB-IllGATKHC-Ion-SOLID_CHROM1-22_v.3.3.2_filteredsites.bed	46117372
release/ChineseTrio/HG005_NA24631_son/NISTv3.3.2/GRCh37/supplementaryFiles/HG005_GRCh37_highconf_CG-IllFB-IllGATKHC-Ion-SOLID_CHROM1-22_v.3.3.2_highconf.bed	15084687
release/ChineseTrio/HG005_NA24631_son/NISTv3.3.2/GRCh37/supplementaryFiles/HG005_GRCh37_highconf_CG-IllFB-IllGATKHC-Ion-SOLID_CHROM1-22_v.3.3.2_highconf_noinconsistent.bed	15088480
release/ChineseTrio/HG005_NA24631_son/NISTv3.3.2/GRCh37/supplementaryFiles/HG005_HG006_HG007_triophased.vcf.gz	134179915
release/ChineseTrio/HG005_NA24631_son/NISTv3.3.2/GRCh37/supplementaryFiles/HG005_HG006_HG007_triophased.vcf.gz.tbi	1502541
release/ChineseTrio/HG005_NA24631_son/NISTv3.3.2/GRCh37/supplementaryFiles/inputvcfsandbeds/HG005_GRCh37_CHROM1-22_bwa_mem_IlmnMatePair_GATKHC_gvcf_callable.bed	2333767
release/ChineseTrio/HG005_NA24631_son/NISTv3.3.2/GRCh37/supplementaryFiles/inputvcfsandbeds/HG005_GRCh37_CHROM1-22_novoalign_Ilmn250x250_300x_GATKHC_gvcf_callable.bed	14154201
release/ChineseTrio/HG005_NA24631_son/NISTv3.3.2/GRCh37/supplementaryFiles/inputvcfsandbeds/HG005_GRCh37_CHROM1-X_AmpliseqExome.20141120.NA24631.vcf.gz	5263786
release/ChineseTrio/HG005_NA24631_son/NISTv3.3.2/GRCh37/supplementaryFiles/inputvcfsandbeds/HG005_GRCh37_CHROM1-X_AmpliseqExome.20141120.NA24631.vcf.gz.tbi	214382
release/ChineseTrio/HG005_NA24631_son/NISTv3.3.2/GRCh37/supplementaryFiles/inputvcfsandbeds/HG005_GRCh37_CHROM1-X_AmpliseqExome.20141120.NA24631_callable.bed	9987627
release/ChineseTrio/HG005_NA24631_son/NISTv3.3.2/GRCh37/supplementaryFiles/inputvcfsandbeds/HG005_GRCh37_CHROM1-Y_bwa_mem_IlmnMatePair_FB.vcf.gz	452056829
release/ChineseTrio/HG005_NA24631_son/NISTv3.3.2/GRCh37/supplementaryFiles/inputvcfsandbeds/HG005_GRCh37_CHROM1-Y_bwa_mem_IlmnMatePair_FB.vcf.gz.tbi	1741503
release/ChineseTrio/HG005_NA24631_son/NISTv3.3.2/GRCh37/supplementaryFiles/inputvcfsandbeds/HG005_GRCh37_CHROM1-Y_bwa_mem_IlmnMatePair_GATKHC.vcf.gz	197831579
release/ChineseTrio/HG005_NA24631_son/NISTv3.3.2/GRCh37/supplementaryFiles/inputvcfsandbeds/HG005_GRCh37_CHROM1-Y_bwa_mem_IlmnMatePair_GATKHC.vcf.gz.tbi	1618832
release/ChineseTrio/HG005_NA24631_son/NISTv3.3.2/GRCh37/supplementaryFiles/inputvcfsandbeds/HG005_GRCh37_CHROM1-Y_bwa_mem_IlmnMatePair_callableloci.bed	3441618504
release/ChineseTrio/HG005_NA24631_son/NISTv3.3.2/GRCh37/supplementaryFiles/inputvcfsandbeds/HG005_GRCh37_CHROM1-Y_novoalign_Ilmn250x250_300x_FB.vcf.gz	603706489
release/ChineseTrio/HG005_NA24631_son/NISTv3.3.2/GRCh37/supplementaryFiles/inputvcfsandbeds/HG005_GRCh37_CHROM1-Y_novoalign_Ilmn250x250_300x_FB.vcf.gz.tbi	1755013
release/ChineseTrio/HG005_NA24631_son/NISTv3.3.2/GRCh37/supplementaryFiles/inputvcfsandbeds/HG005_GRCh37_CHROM1-Y_novoalign_Ilmn250x250_300x_GATKHC.vcf.gz	257813043
release/ChineseTrio/HG005_NA24631_son/NISTv3.3.2/GRCh37/supplementaryFiles/inputvcfsandbeds/HG005_GRCh37_CHROM1-Y_novoalign_Ilmn250x250_300x_GATKHC.vcf.gz.tbi	1645868
release/ChineseTrio/HG005_NA24631_son/NISTv3.3.2/GRCh37/supplementaryFiles/inputvcfsandbeds/HG005_GRCh37_CHROM1-Y_novoalign_Ilmn250x250_callableloci.bed	19925078
release/ChineseTrio/HG005_NA24631_son/NISTv3.3.2/GRCh37/supplementaryFiles/inputvcfsandbeds/HG005_GRCh37_CHROM1-Y_solid5500_SE75bp_GATKHC.vcf	65536
release/ChineseTrio/HG005_NA24631_son/NISTv3.3.2/GRCh37/supplementaryFiles/inputvcfsandbeds/HG005_GRCh37_CHROM1-Y_solid5500_SE75bp_GATKHC.vcf.gz.tbi	1623104
release/ChineseTrio/HG005_NA24631_son/NISTv3.3.2/GRCh37/supplementaryFiles/inputvcfsandbeds/HG005_GRCh37_CHROM1-Y_solid5500_SE75bp_callableloci.bed	4292717392
release/ChineseTrio/HG005_NA24631_son/NISTv3.3.2/GRCh37/supplementaryFiles/inputvcfsandbeds/HG005_GRCh37_CHROM1-Y_vcfBeta-GS000037265-ASM.vcf.gz	194877534
release/ChineseTrio/HG005_NA24631_son/NISTv3.3.2/GRCh37/supplementaryFiles/inputvcfsandbeds/HG005_GRCh37_CHROM1-Y_vcfBeta-GS000037265-ASM.vcf.gz.tbi	1637213
release/ChineseTrio/HG005_NA24631_son/NISTv3.3.2/GRCh37/supplementaryFiles/inputvcfsandbeds/HG005_GRCh37_CHROM1-Y_vcfBeta-GS000037265-ASM_callable.bed	24394015
release/ChineseTrio/HG005_NA24631_son/NISTv3.3.2/GRCh37/supplementaryFiles/inputvcfsandbeds/md5sum	2128
release/ChineseTrio/HG005_NA24631_son/NISTv3.3.2/GRCh37/supplementaryFiles/md5sum	891
release/ChineseTrio/HG005_NA24631_son/NISTv3.3.2/GRCh38/.DS_Store	6148
release/ChineseTrio/HG005_NA24631_son/NISTv3.3.2/GRCh38/HG005_GRCh38_GIAB_highconf_CG-Illfb-IllsentieonHC-Ion-10XsentieonHC-SOLIDgatkHC_CHROM1-22_v.3.3.2_highconf.bed	13793162
release/ChineseTrio/HG005_NA24631_son/NISTv3.3.2/GRCh38/HG005_GRCh38_GIAB_highconf_CG-Illfb-IllsentieonHC-Ion-10XsentieonHC-SOLIDgatkHC_CHROM1-22_v.3.3.2_highconf.vcf.gz	95779582
release/ChineseTrio/HG005_NA24631_son/NISTv3.3.2/GRCh38/HG005_GRCh38_GIAB_highconf_CG-Illfb-IllsentieonHC-Ion-10XsentieonHC-SOLIDgatkHC_CHROM1-22_v.3.3.2_highconf.vcf.gz.tbi	1436415
release/ChineseTrio/HG005_NA24631_son/NISTv3.3.2/GRCh38/README_NIST_v3.3.2.txt	18616
release/ChineseTrio/HG005_NA24631_son/NISTv3.3.2/GRCh38/md5sum	466
release/ChineseTrio/HG005_NA24631_son/NISTv3.3.2/GRCh38/supplementaryFiles/.DS_Store	6148
release/ChineseTrio/HG005_NA24631_son/NISTv3.3.2/GRCh38/supplementaryFiles/HG005_GRCh38_GIAB_highconf_CG-Illfb-IllsentieonHC-Ion-10XsentieonHC-SOLIDgatkHC_CHROM1-22_v.3.3.2_all.vcf.gz	160772868
release/ChineseTrio/HG005_NA24631_son/NISTv3.3.2/GRCh38/supplementaryFiles/HG005_GRCh38_GIAB_highconf_CG-Illfb-IllsentieonHC-Ion-10XsentieonHC-SOLIDgatkHC_CHROM1-22_v.3.3.2_all.vcf.gz.tbi	1699366
release/ChineseTrio/HG005_NA24631_son/NISTv3.3.2/GRCh38/supplementaryFiles/HG005_GRCh38_GIAB_highconf_CG-Illfb-IllsentieonHC-Ion-10XsentieonHC-SOLIDgatkHC_CHROM1-22_v.3.3.2_annotated.vcf.gz	663827890
release/ChineseTrio/HG005_NA24631_son/NISTv3.3.2/GRCh38/supplementaryFiles/HG005_GRCh38_GIAB_highconf_CG-Illfb-IllsentieonHC-Ion-10XsentieonHC-SOLIDgatkHC_CHROM1-22_v.3.3.2_annotated.vcf.gz.tbi	1781331
release/ChineseTrio/HG005_NA24631_son/NISTv3.3.2/GRCh38/supplementaryFiles/HG005_GRCh38_GIAB_highconf_CG-Illfb-IllsentieonHC-Ion-10XsentieonHC-SOLIDgatkHC_CHROM1-22_v.3.3.2_callablemultinter_gt0.bed	11117081
release/ChineseTrio/HG005_NA24631_son/NISTv3.3.2/GRCh38/supplementaryFiles/HG005_GRCh38_GIAB_highconf_CG-Illfb-IllsentieonHC-Ion-10XsentieonHC-SOLIDgatkHC_CHROM1-22_v.3.3.2_filteredsites.bed	61416400
release/ChineseTrio/HG005_NA24631_son/NISTv3.3.2/GRCh38/supplementaryFiles/HG005_GRCh38_GIAB_highconf_CG-Illfb-IllsentieonHC-Ion-10XsentieonHC-SOLIDgatkHC_CHROM1-22_v.3.3.2_highconf_noinconsistent.bed	13802775
release/ChineseTrio/HG005_NA24631_son/NISTv3.3.2/GRCh38/supplementaryFiles/HG005_HG006_HG007_triophased.vcf.gz	104738623
release/ChineseTrio/HG005_NA24631_son/NISTv3.3.2/GRCh38/supplementaryFiles/HG005_HG006_HG007_triophased.vcf.gz.tbi	1415396
release/ChineseTrio/HG005_NA24631_son/NISTv3.3.2/GRCh38/supplementaryFiles/genomic_regions_definitions_heterochrom.bed	23
release/ChineseTrio/HG005_NA24631_son/NISTv3.3.2/GRCh38/supplementaryFiles/genomic_regions_definitions_modeledcentromere.bed	567
release/ChineseTrio/HG005_NA24631_son/NISTv3.3.2/GRCh38/supplementaryFiles/inputvcfsandbeds/HG005_GRCh38_CHROM1-22_bwa_mem_IlmnMatePair_sentieonHC_gvcf_callable.bed	2537238
release/ChineseTrio/HG005_NA24631_son/NISTv3.3.2/GRCh38/supplementaryFiles/inputvcfsandbeds/HG005_GRCh38_CHROM1-22_novoalign_Ilmn250x250_sentieonHC_gvcf_callable.bed	17227330
release/ChineseTrio/HG005_NA24631_son/NISTv3.3.2/GRCh38/supplementaryFiles/inputvcfsandbeds/HG005_GRCh38_CHROM1-Y_bwa_mem_IlmnMatePair_FB.vcf.gz	413693426
release/ChineseTrio/HG005_NA24631_son/NISTv3.3.2/GRCh38/supplementaryFiles/inputvcfsandbeds/HG005_GRCh38_CHROM1-Y_bwa_mem_IlmnMatePair_FB.vcf.gz.tbi	1770928
release/ChineseTrio/HG005_NA24631_son/NISTv3.3.2/GRCh38/supplementaryFiles/inputvcfsandbeds/HG005_GRCh38_CHROM1-Y_bwa_mem_IlmnMatePair_callableloci.bed	3796172108
release/ChineseTrio/HG005_NA24631_son/NISTv3.3.2/GRCh38/supplementaryFiles/inputvcfsandbeds/HG005_GRCh38_CHROM1-Y_bwa_mem_IlmnMatePair_sentieonHC.vcf.gz	162309837
release/ChineseTrio/HG005_NA24631_son/NISTv3.3.2/GRCh38/supplementaryFiles/inputvcfsandbeds/HG005_GRCh38_CHROM1-Y_bwa_mem_IlmnMatePair_sentieonHC.vcf.gz.tbi	1635932
release/ChineseTrio/HG005_NA24631_son/NISTv3.3.2/GRCh38/supplementaryFiles/inputvcfsandbeds/HG005_GRCh38_CHROM1-Y_novoalign_Ilmn250x250_FB.vcf.gz	658199780
release/ChineseTrio/HG005_NA24631_son/NISTv3.3.2/GRCh38/supplementaryFiles/inputvcfsandbeds/HG005_GRCh38_CHROM1-Y_novoalign_Ilmn250x250_FB.vcf.gz.tbi	1802379
release/ChineseTrio/HG005_NA24631_son/NISTv3.3.2/GRCh38/supplementaryFiles/inputvcfsandbeds/HG005_GRCh38_CHROM1-Y_novoalign_Ilmn250x250_callableloci.bed	40119823
release/ChineseTrio/HG005_NA24631_son/NISTv3.3.2/GRCh38/supplementaryFiles/inputvcfsandbeds/HG005_GRCh38_CHROM1-Y_novoalign_Ilmn250x250_sentieonHC.vcf.gz	235469762
release/ChineseTrio/HG005_NA24631_son/NISTv3.3.2/GRCh38/supplementaryFiles/inputvcfsandbeds/HG005_GRCh38_CHROM1-Y_novoalign_Ilmn250x250_sentieonHC.vcf.gz.tbi	1686990
release/ChineseTrio/HG005_NA24631_son/NISTv3.3.2/GRCh38/supplementaryFiles/inputvcfsandbeds/HG005_convGRCh38_CHROM1-X_Ion_AmpliseqExome.20141120.NA24631.bed	7972551
release/ChineseTrio/HG005_NA24631_son/NISTv3.3.2/GRCh38/supplementaryFiles/inputvcfsandbeds/HG005_convGRCh38_CHROM1-X_Ion_AmpliseqExome.20141120.NA24631.vcf.gz	4877947
release/ChineseTrio/HG005_NA24631_son/NISTv3.3.2/GRCh38/supplementaryFiles/inputvcfsandbeds/HG005_convGRCh38_CHROM1-X_Ion_AmpliseqExome.20141120.NA24631.vcf.gz.tbi	201805
release/ChineseTrio/HG005_NA24631_son/NISTv3.3.2/GRCh38/supplementaryFiles/inputvcfsandbeds/HG005_convGRCh38_CHROM1-Y_CG_vcfBeta-GS000037265-ASM.bed	27063578
release/ChineseTrio/HG005_NA24631_son/NISTv3.3.2/GRCh38/supplementaryFiles/inputvcfsandbeds/HG005_convGRCh38_CHROM1-Y_CG_vcfBeta-GS000037265-ASM.vcf.gz	173884356
release/ChineseTrio/HG005_NA24631_son/NISTv3.3.2/GRCh38/supplementaryFiles/inputvcfsandbeds/HG005_convGRCh38_CHROM1-Y_CG_vcfBeta-GS000037265-ASM.vcf.gz.tbi	1605548
release/ChineseTrio/HG005_NA24631_son/NISTv3.3.2/GRCh38/supplementaryFiles/inputvcfsandbeds/HG005_convGRCh38_CHROM1-Y_solid5500_SE75bp_GATKHC.vcf.gz	73029895
release/ChineseTrio/HG005_NA24631_son/NISTv3.3.2/GRCh38/supplementaryFiles/inputvcfsandbeds/HG005_convGRCh38_CHROM1-Y_solid5500_SE75bp_GATKHC.vcf.gz.tbi	1466411
release/ChineseTrio/HG005_NA24631_son/NISTv3.3.2/GRCh38/supplementaryFiles/inputvcfsandbeds/md5sum	2068
release/ChineseTrio/HG005_NA24631_son/NISTv3.3.2/GRCh38/supplementaryFiles/md5sum	1224
release/ChineseTrio/HG005_NA24631_son/NISTv3.3.2/GRCh38/supplementaryFiles/remapped_HG005_HG006_HG007_FB_GATKHC_CG_MetaSV_allsvs_merged.bed	672020
release/ChineseTrio/HG005_NA24631_son/NISTv3.3.2/README_NISTv3.3.2.txt	18494
release/ChineseTrio/HG005_NA24631_son/NISTv3.3/.DS_Store	6148
release/ChineseTrio/HG005_NA24631_son/NISTv3.3/HG005_GIAB_highconf_CG-IllFB-IllGATKHC-Ion-SOLID_CHROM1-22_v3.3_highconf.bed	15983986
release/ChineseTrio/HG005_NA24631_son/NISTv3.3/HG005_GIAB_highconf_CG-IllFB-IllGATKHC-Ion-SOLID_CHROM1-22_v3.3_highconf.vcf.gz	117857414
release/ChineseTrio/HG005_NA24631_son/NISTv3.3/HG005_GIAB_highconf_CG-IllFB-IllGATKHC-Ion-SOLID_CHROM1-22_v3.3_highconf.vcf.gz.tbi	1524829
release/ChineseTrio/HG005_NA24631_son/NISTv3.3/NISTv3.3.md5	479
release/ChineseTrio/HG005_NA24631_son/NISTv3.3/README_NISTv3.3.txt	10602
release/ChineseTrio/HG005_NA24631_son/NISTv3.3/supplementaryFiles/.DS_Store	6148
release/ChineseTrio/HG005_NA24631_son/NISTv3.3/supplementaryFiles/AllRepeats_51to200bp_gt95identity_merged_slop5.bed.gz	618406
release/ChineseTrio/HG005_NA24631_son/NISTv3.3/supplementaryFiles/AllRepeats_gt200bp_gt95identity_merged_sort.bed	270088
release/ChineseTrio/HG005_NA24631_son/NISTv3.3/supplementaryFiles/AllRepeats_lt51bp_gt95identity_merged_slop5.bed.gz	37773073
release/ChineseTrio/HG005_NA24631_son/NISTv3.3/supplementaryFiles/HG005_FB_GATKHC_CG_allsvs_merged.bed	207446
release/ChineseTrio/HG005_NA24631_son/NISTv3.3/supplementaryFiles/HG005_GIAB_highconf_CG-IllFB-IllGATKHC-Ion-SOLID_CHROM1-22_v3.3_all.vcf.gz	177898639
release/ChineseTrio/HG005_NA24631_son/NISTv3.3/supplementaryFiles/HG005_GIAB_highconf_CG-IllFB-IllGATKHC-Ion-SOLID_CHROM1-22_v3.3_all.vcf.gz.tbi	1655551
release/ChineseTrio/HG005_NA24631_son/NISTv3.3/supplementaryFiles/HG005_GIAB_highconf_CG-IllFB-IllGATKHC-Ion-SOLID_CHROM1-22_v3.3_callablemultinter_gt0.bed	15110675
release/ChineseTrio/HG005_NA24631_son/NISTv3.3/supplementaryFiles/HG005_GIAB_highconf_CG-IllFB-IllGATKHC-Ion-SOLID_CHROM1-22_v3.3_filteredsites.bed	46944315
release/ChineseTrio/HG005_NA24631_son/NISTv3.3/supplementaryFiles/NISTv3.3_supp.md5	1074
release/ChineseTrio/HG005_NA24631_son/NISTv3.3/supplementaryFiles/SimpleRepeat_imperfecthomopolgt10_slop5.bed.gz	14800766
release/ChineseTrio/HG005_NA24631_son/NISTv3.3/supplementaryFiles/hg19_self_chain_split_withalts_gt10k.bed.gz	23604
release/ChineseTrio/HG005_NA24631_son/NISTv3.3/supplementaryFiles/mm-2-merged.bed	560829
release/ChineseTrio/HG005_NA24631_son/NISTv4.2.1/.DS_Store	10244
release/ChineseTrio/HG005_NA24631_son/NISTv4.2.1/._.DS_Store	120
release/ChineseTrio/HG005_NA24631_son/NISTv4.2.1/._README_v4.2.1.txt	730
release/ChineseTrio/HG005_NA24631_son/NISTv4.2.1/GRCh37/.DS_Store	6148
release/ChineseTrio/HG005_NA24631_son/NISTv4.2.1/GRCh37/._.DS_Store	120
release/ChineseTrio/HG005_NA24631_son/NISTv4.2.1/GRCh37/._HG005_GRCh37_1_22_v4.2.1_benchmark.bed	643
release/ChineseTrio/HG005_NA24631_son/NISTv4.2.1/GRCh37/._HG005_GRCh37_1_22_v4.2.1_benchmark.vcf.gz	643
release/ChineseTrio/HG005_NA24631_son/NISTv4.2.1/GRCh37/._HG005_GRCh37_1_22_v4.2.1_benchmark.vcf.gz.tbi	643
release/ChineseTrio/HG005_NA24631_son/NISTv4.2.1/GRCh37/HG005_GRCh37_1_22_v4.2.1_benchmark.bed	16089018
release/ChineseTrio/HG005_NA24631_son/NISTv4.2.1/GRCh37/HG005_GRCh37_1_22_v4.2.1_benchmark.vcf.gz	158931860
release/ChineseTrio/HG005_NA24631_son/NISTv4.2.1/GRCh37/HG005_GRCh37_1_22_v4.2.1_benchmark.vcf.gz.tbi	1610888
release/ChineseTrio/HG005_NA24631_son/NISTv4.2.1/GRCh37/SupplementaryFiles/.DS_Store	6148
release/ChineseTrio/HG005_NA24631_son/NISTv4.2.1/GRCh37/SupplementaryFiles/._.DS_Store	120
release/ChineseTrio/HG005_NA24631_son/NISTv4.2.1/GRCh37/SupplementaryFiles/._HG005_GRCh37_1_22_v4.2.1_highconf_hifiasm_v11_phasetransfer.vcf.gz	656
release/ChineseTrio/HG005_NA24631_son/NISTv4.2.1/GRCh37/SupplementaryFiles/._HG005_GRCh37_1_22_v4.2.1_highconf_hifiasm_v11_phasetransfer.vcf.gz.tbi	660
release/ChineseTrio/HG005_NA24631_son/NISTv4.2.1/GRCh37/SupplementaryFiles/._HG005_GRCh37_1_22_v4_all.vcf.gz	612
release/ChineseTrio/HG005_NA24631_son/NISTv4.2.1/GRCh37/SupplementaryFiles/._HG005_GRCh37_1_22_v4_all.vcf.gz.tbi	616
release/ChineseTrio/HG005_NA24631_son/NISTv4.2.1/GRCh37/SupplementaryFiles/._HG005_GRCh37_1_22_v4_annotated.vcf.gz	618
release/ChineseTrio/HG005_NA24631_son/NISTv4.2.1/GRCh37/SupplementaryFiles/._HG005_GRCh37_1_22_v4_annotated.vcf.gz.tbi	622
release/ChineseTrio/HG005_NA24631_son/NISTv4.2.1/GRCh37/SupplementaryFiles/._HG005_GRCh37_1_22_v4_callablemultinter_gt0.bed	627
release/ChineseTrio/HG005_NA24631_son/NISTv4.2.1/GRCh37/SupplementaryFiles/._HG005_GRCh37_1_22_v4_filteredsites.bed	619
release/ChineseTrio/HG005_NA24631_son/NISTv4.2.1/GRCh37/SupplementaryFiles/HG005_GRCh37_1_22_v4.2.1_highconf_hifiasm_v11_phasetransfer.vcf.gz	170765055
release/ChineseTrio/HG005_NA24631_son/NISTv4.2.1/GRCh37/SupplementaryFiles/HG005_GRCh37_1_22_v4.2.1_highconf_hifiasm_v11_phasetransfer.vcf.gz.tbi	1584765
release/ChineseTrio/HG005_NA24631_son/NISTv4.2.1/GRCh37/SupplementaryFiles/HG005_GRCh37_1_22_v4_all.vcf.gz	248123818
release/ChineseTrio/HG005_NA24631_son/NISTv4.2.1/GRCh37/SupplementaryFiles/HG005_GRCh37_1_22_v4_all.vcf.gz.tbi	1734016
release/ChineseTrio/HG005_NA24631_son/NISTv4.2.1/GRCh37/SupplementaryFiles/HG005_GRCh37_1_22_v4_annotated.vcf.gz	1296850778
release/ChineseTrio/HG005_NA24631_son/NISTv4.2.1/GRCh37/SupplementaryFiles/HG005_GRCh37_1_22_v4_annotated.vcf.gz.tbi	1967673
release/ChineseTrio/HG005_NA24631_son/NISTv4.2.1/GRCh37/SupplementaryFiles/HG005_GRCh37_1_22_v4_callablemultinter_gt0.bed	17041994
release/ChineseTrio/HG005_NA24631_son/NISTv4.2.1/GRCh37/SupplementaryFiles/HG005_GRCh37_1_22_v4_filteredsites.bed	41750348
release/ChineseTrio/HG005_NA24631_son/NISTv4.2.1/GRCh37/SupplementaryFiles/inputvcfsandbeds/._HG005_GRCh37_1_22_PacBio_HiFi_DeepVariant_callable.bed	176
release/ChineseTrio/HG005_NA24631_son/NISTv4.2.1/GRCh37/SupplementaryFiles/inputvcfsandbeds/._HG005_GRCh37_1_22_PacBio_HiFi_GATK4.vcf.gz	602
release/ChineseTrio/HG005_NA24631_son/NISTv4.2.1/GRCh37/SupplementaryFiles/inputvcfsandbeds/HG005_GRCh37_1_22_10xGenomics.vcf.gz	1192544266
release/ChineseTrio/HG005_NA24631_son/NISTv4.2.1/GRCh37/SupplementaryFiles/inputvcfsandbeds/HG005_GRCh37_1_22_10xGenomics_callable.bed	26739045
release/ChineseTrio/HG005_NA24631_son/NISTv4.2.1/GRCh37/SupplementaryFiles/inputvcfsandbeds/HG005_GRCh37_1_22_PacBio_HiFi_DeepVariant.vcf.gz	179044219
release/ChineseTrio/HG005_NA24631_son/NISTv4.2.1/GRCh37/SupplementaryFiles/inputvcfsandbeds/HG005_GRCh37_1_22_PacBio_HiFi_DeepVariant_callable.bed	81161121
release/ChineseTrio/HG005_NA24631_son/NISTv4.2.1/GRCh37/SupplementaryFiles/inputvcfsandbeds/HG005_GRCh37_1_22_PacBio_HiFi_GATK4.vcf.gz	255838069
release/ChineseTrio/HG005_NA24631_son/NISTv4.2.1/GRCh37/SupplementaryFiles/inputvcfsandbeds/HG005_GRCh37_1_22_PacBio_HiFi_GATK4_callable.bed	53266
release/ChineseTrio/HG005_NA24631_son/NISTv4.2.1/GRCh38/.DS_Store	6148
release/ChineseTrio/HG005_NA24631_son/NISTv4.2.1/GRCh38/._.DS_Store	120
release/ChineseTrio/HG005_NA24631_son/NISTv4.2.1/GRCh38/._HG005_GRCh38_1_22_v4.2.1_benchmark.bed	643
release/ChineseTrio/HG005_NA24631_son/NISTv4.2.1/GRCh38/._HG005_GRCh38_1_22_v4.2.1_benchmark.vcf.gz	643
release/ChineseTrio/HG005_NA24631_son/NISTv4.2.1/GRCh38/._HG005_GRCh38_1_22_v4.2.1_benchmark.vcf.gz.tbi	643
release/ChineseTrio/HG005_NA24631_son/NISTv4.2.1/GRCh38/HG005_GRCh38_1_22_v4.2.1_benchmark.bed	18615340
release/ChineseTrio/HG005_NA24631_son/NISTv4.2.1/GRCh38/HG005_GRCh38_1_22_v4.2.1_benchmark.vcf.gz	139334496
release/ChineseTrio/HG005_NA24631_son/NISTv4.2.1/GRCh38/HG005_GRCh38_1_22_v4.2.1_benchmark.vcf.gz.tbi	1615818
release/ChineseTrio/HG005_NA24631_son/NISTv4.2.1/GRCh38/SupplementaryFiles/.DS_Store	6148
release/ChineseTrio/HG005_NA24631_son/NISTv4.2.1/GRCh38/SupplementaryFiles/._.DS_Store	120
release/ChineseTrio/HG005_NA24631_son/NISTv4.2.1/GRCh38/SupplementaryFiles/._HG005_GRCh38_1_22_v4.2.1_highconf_hifiasm_v11_phasetransfer.vcf.gz	656
release/ChineseTrio/HG005_NA24631_son/NISTv4.2.1/GRCh38/SupplementaryFiles/._HG005_GRCh38_1_22_v4.2.1_highconf_hifiasm_v11_phasetransfer.vcf.gz.tbi	660
release/ChineseTrio/HG005_NA24631_son/NISTv4.2.1/GRCh38/SupplementaryFiles/._HG005_GRCh38_1_22_v4_all.vcf.gz	619
release/ChineseTrio/HG005_NA24631_son/NISTv4.2.1/GRCh38/SupplementaryFiles/._HG005_GRCh38_1_22_v4_all.vcf.gz.tbi	623
release/ChineseTrio/HG005_NA24631_son/NISTv4.2.1/GRCh38/SupplementaryFiles/._HG005_GRCh38_1_22_v4_annotated.vcf.gz	625
release/ChineseTrio/HG005_NA24631_son/NISTv4.2.1/GRCh38/SupplementaryFiles/._HG005_GRCh38_1_22_v4_annotated.vcf.gz.tbi	629
release/ChineseTrio/HG005_NA24631_son/NISTv4.2.1/GRCh38/SupplementaryFiles/._HG005_GRCh38_1_22_v4_callablemultinter_gt0.bed	634
release/ChineseTrio/HG005_NA24631_son/NISTv4.2.1/GRCh38/SupplementaryFiles/._HG005_GRCh38_1_22_v4_filteredsites.bed	626
release/ChineseTrio/HG005_NA24631_son/NISTv4.2.1/GRCh38/SupplementaryFiles/HG005_GRCh38_1_22_v4.2.1_highconf_hifiasm_v11_phasetransfer.vcf.gz	150462719
release/ChineseTrio/HG005_NA24631_son/NISTv4.2.1/GRCh38/SupplementaryFiles/HG005_GRCh38_1_22_v4.2.1_highconf_hifiasm_v11_phasetransfer.vcf.gz.tbi	1589338
release/ChineseTrio/HG005_NA24631_son/NISTv4.2.1/GRCh38/SupplementaryFiles/HG005_GRCh38_1_22_v4_all.vcf.gz	228332389
release/ChineseTrio/HG005_NA24631_son/NISTv4.2.1/GRCh38/SupplementaryFiles/HG005_GRCh38_1_22_v4_all.vcf.gz.tbi	1773788
release/ChineseTrio/HG005_NA24631_son/NISTv4.2.1/GRCh38/SupplementaryFiles/HG005_GRCh38_1_22_v4_annotated.vcf.gz	1210696335
release/ChineseTrio/HG005_NA24631_son/NISTv4.2.1/GRCh38/SupplementaryFiles/HG005_GRCh38_1_22_v4_annotated.vcf.gz.tbi	1979642
release/ChineseTrio/HG005_NA24631_son/NISTv4.2.1/GRCh38/SupplementaryFiles/HG005_GRCh38_1_22_v4_callablemultinter_gt0.bed	19841773
release/ChineseTrio/HG005_NA24631_son/NISTv4.2.1/GRCh38/SupplementaryFiles/HG005_GRCh38_1_22_v4_filteredsites.bed	54698421
release/ChineseTrio/HG005_NA24631_son/NISTv4.2.1/GRCh38/SupplementaryFiles/inputvcfsandbeds/._HG005_GRCh38_1_22_PacBio_HiFi_DeepVariant_callable.bed	176
release/ChineseTrio/HG005_NA24631_son/NISTv4.2.1/GRCh38/SupplementaryFiles/inputvcfsandbeds/HG005_GRCh38_1_22_10xGenomics.vcf.gz	1229307560
release/ChineseTrio/HG005_NA24631_son/NISTv4.2.1/GRCh38/SupplementaryFiles/inputvcfsandbeds/HG005_GRCh38_1_22_10xGenomics_callable.bed	29322669
release/ChineseTrio/HG005_NA24631_son/NISTv4.2.1/GRCh38/SupplementaryFiles/inputvcfsandbeds/HG005_GRCh38_1_22_PacBio_HiFi_DeepVariant.vcf.gz	186486333
release/ChineseTrio/HG005_NA24631_son/NISTv4.2.1/GRCh38/SupplementaryFiles/inputvcfsandbeds/HG005_GRCh38_1_22_PacBio_HiFi_DeepVariant_callable.bed	93224066
release/ChineseTrio/HG005_NA24631_son/NISTv4.2.1/GRCh38/SupplementaryFiles/inputvcfsandbeds/HG005_GRCh38_1_22_PacBio_HiFi_GATK4.vcf.gz	180897226
release/ChineseTrio/HG005_NA24631_son/NISTv4.2.1/GRCh38/SupplementaryFiles/inputvcfsandbeds/HG005_GRCh38_1_22_PacBio_HiFi_GATK4_callable.bed	71941
release/ChineseTrio/HG005_NA24631_son/NISTv4.2.1/README_v4.2.1.txt	19920
release/ChineseTrio/HG005_NA24631_son/NISTv4.2.1/md5.in	4011
release/ChineseTrio/HG005_NA24631_son/latest/GRCh37/.DS_Store	6148
release/ChineseTrio/HG005_NA24631_son/latest/GRCh37/._.DS_Store	120
release/ChineseTrio/HG005_NA24631_son/latest/GRCh37/._HG005_GRCh37_1_22_v4.2.1_benchmark.bed	643
release/ChineseTrio/HG005_NA24631_son/latest/GRCh37/._HG005_GRCh37_1_22_v4.2.1_benchmark.vcf.gz	643
release/ChineseTrio/HG005_NA24631_son/latest/GRCh37/._HG005_GRCh37_1_22_v4.2.1_benchmark.vcf.gz.tbi	643
release/ChineseTrio/HG005_NA24631_son/latest/GRCh37/HG005_GRCh37_1_22_v4.2.1_benchmark.bed	16089018
release/ChineseTrio/HG005_NA24631_son/latest/GRCh37/HG005_GRCh37_1_22_v4.2.1_benchmark.vcf.gz	158931860
release/ChineseTrio/HG005_NA24631_son/latest/GRCh37/HG005_GRCh37_1_22_v4.2.1_benchmark.vcf.gz.tbi	1610888
release/ChineseTrio/HG005_NA24631_son/latest/GRCh37/SupplementaryFiles/.DS_Store	6148
release/ChineseTrio/HG005_NA24631_son/latest/GRCh37/SupplementaryFiles/._.DS_Store	120
release/ChineseTrio/HG005_NA24631_son/latest/GRCh37/SupplementaryFiles/._HG005_GRCh37_1_22_v4.2.1_highconf_hifiasm_v11_phasetransfer.vcf.gz	656
release/ChineseTrio/HG005_NA24631_son/latest/GRCh37/SupplementaryFiles/._HG005_GRCh37_1_22_v4.2.1_highconf_hifiasm_v11_phasetransfer.vcf.gz.tbi	660
release/ChineseTrio/HG005_NA24631_son/latest/GRCh37/SupplementaryFiles/._HG005_GRCh37_1_22_v4_all.vcf.gz	612
release/ChineseTrio/HG005_NA24631_son/latest/GRCh37/SupplementaryFiles/._HG005_GRCh37_1_22_v4_all.vcf.gz.tbi	616
release/ChineseTrio/HG005_NA24631_son/latest/GRCh37/SupplementaryFiles/._HG005_GRCh37_1_22_v4_annotated.vcf.gz	618
release/ChineseTrio/HG005_NA24631_son/latest/GRCh37/SupplementaryFiles/._HG005_GRCh37_1_22_v4_annotated.vcf.gz.tbi	622
release/ChineseTrio/HG005_NA24631_son/latest/GRCh37/SupplementaryFiles/._HG005_GRCh37_1_22_v4_callablemultinter_gt0.bed	627
release/ChineseTrio/HG005_NA24631_son/latest/GRCh37/SupplementaryFiles/._HG005_GRCh37_1_22_v4_filteredsites.bed	619
release/ChineseTrio/HG005_NA24631_son/latest/GRCh37/SupplementaryFiles/HG005_GRCh37_1_22_v4.2.1_highconf_hifiasm_v11_phasetransfer.vcf.gz	170765055
release/ChineseTrio/HG005_NA24631_son/latest/GRCh37/SupplementaryFiles/HG005_GRCh37_1_22_v4.2.1_highconf_hifiasm_v11_phasetransfer.vcf.gz.tbi	1584765
release/ChineseTrio/HG005_NA24631_son/latest/GRCh37/SupplementaryFiles/HG005_GRCh37_1_22_v4_all.vcf.gz	248123818
release/ChineseTrio/HG005_NA24631_son/latest/GRCh37/SupplementaryFiles/HG005_GRCh37_1_22_v4_all.vcf.gz.tbi	1734016
release/ChineseTrio/HG005_NA24631_son/latest/GRCh37/SupplementaryFiles/HG005_GRCh37_1_22_v4_annotated.vcf.gz	1296850778
release/ChineseTrio/HG005_NA24631_son/latest/GRCh37/SupplementaryFiles/HG005_GRCh37_1_22_v4_annotated.vcf.gz.tbi	1967673
release/ChineseTrio/HG005_NA24631_son/latest/GRCh37/SupplementaryFiles/HG005_GRCh37_1_22_v4_callablemultinter_gt0.bed	17041994
release/ChineseTrio/HG005_NA24631_son/latest/GRCh37/SupplementaryFiles/HG005_GRCh37_1_22_v4_filteredsites.bed	41750348
release/ChineseTrio/HG005_NA24631_son/latest/GRCh37/SupplementaryFiles/inputvcfsandbeds/._HG005_GRCh37_1_22_PacBio_HiFi_DeepVariant_callable.bed	176
release/ChineseTrio/HG005_NA24631_son/latest/GRCh37/SupplementaryFiles/inputvcfsandbeds/._HG005_GRCh37_1_22_PacBio_HiFi_GATK4.vcf.gz	602
release/ChineseTrio/HG005_NA24631_son/latest/GRCh37/SupplementaryFiles/inputvcfsandbeds/HG005_GRCh37_1_22_10xGenomics.vcf.gz	1192544266
release/ChineseTrio/HG005_NA24631_son/latest/GRCh37/SupplementaryFiles/inputvcfsandbeds/HG005_GRCh37_1_22_10xGenomics_callable.bed	26739045
release/ChineseTrio/HG005_NA24631_son/latest/GRCh37/SupplementaryFiles/inputvcfsandbeds/HG005_GRCh37_1_22_PacBio_HiFi_DeepVariant.vcf.gz	179044219
release/ChineseTrio/HG005_NA24631_son/latest/GRCh37/SupplementaryFiles/inputvcfsandbeds/HG005_GRCh37_1_22_PacBio_HiFi_DeepVariant_callable.bed	81161121
release/ChineseTrio/HG005_NA24631_son/latest/GRCh37/SupplementaryFiles/inputvcfsandbeds/HG005_GRCh37_1_22_PacBio_HiFi_GATK4.vcf.gz	255838069
release/ChineseTrio/HG005_NA24631_son/latest/GRCh37/SupplementaryFiles/inputvcfsandbeds/HG005_GRCh37_1_22_PacBio_HiFi_GATK4_callable.bed	53266
release/ChineseTrio/HG005_NA24631_son/latest/GRCh38/.DS_Store	6148
release/ChineseTrio/HG005_NA24631_son/latest/GRCh38/._.DS_Store	120
release/ChineseTrio/HG005_NA24631_son/latest/GRCh38/._HG005_GRCh38_1_22_v4.2.1_benchmark.bed	643
release/ChineseTrio/HG005_NA24631_son/latest/GRCh38/._HG005_GRCh38_1_22_v4.2.1_benchmark.vcf.gz	643
release/ChineseTrio/HG005_NA24631_son/latest/GRCh38/._HG005_GRCh38_1_22_v4.2.1_benchmark.vcf.gz.tbi	643
release/ChineseTrio/HG005_NA24631_son/latest/GRCh38/HG005_GRCh38_1_22_v4.2.1_benchmark.bed	18615340
release/ChineseTrio/HG005_NA24631_son/latest/GRCh38/HG005_GRCh38_1_22_v4.2.1_benchmark.vcf.gz	139334496
release/ChineseTrio/HG005_NA24631_son/latest/GRCh38/HG005_GRCh38_1_22_v4.2.1_benchmark.vcf.gz.tbi	1615818
release/ChineseTrio/HG005_NA24631_son/latest/GRCh38/SupplementaryFiles/.DS_Store	6148
release/ChineseTrio/HG005_NA24631_son/latest/GRCh38/SupplementaryFiles/._.DS_Store	120
release/ChineseTrio/HG005_NA24631_son/latest/GRCh38/SupplementaryFiles/._HG005_GRCh38_1_22_v4.2.1_highconf_hifiasm_v11_phasetransfer.vcf.gz	656
release/ChineseTrio/HG005_NA24631_son/latest/GRCh38/SupplementaryFiles/._HG005_GRCh38_1_22_v4.2.1_highconf_hifiasm_v11_phasetransfer.vcf.gz.tbi	660
release/ChineseTrio/HG005_NA24631_son/latest/GRCh38/SupplementaryFiles/._HG005_GRCh38_1_22_v4_all.vcf.gz	619
release/ChineseTrio/HG005_NA24631_son/latest/GRCh38/SupplementaryFiles/._HG005_GRCh38_1_22_v4_all.vcf.gz.tbi	623
release/ChineseTrio/HG005_NA24631_son/latest/GRCh38/SupplementaryFiles/._HG005_GRCh38_1_22_v4_annotated.vcf.gz	625
release/ChineseTrio/HG005_NA24631_son/latest/GRCh38/SupplementaryFiles/._HG005_GRCh38_1_22_v4_annotated.vcf.gz.tbi	629
release/ChineseTrio/HG005_NA24631_son/latest/GRCh38/SupplementaryFiles/._HG005_GRCh38_1_22_v4_callablemultinter_gt0.bed	634
release/ChineseTrio/HG005_NA24631_son/latest/GRCh38/SupplementaryFiles/._HG005_GRCh38_1_22_v4_filteredsites.bed	626
release/ChineseTrio/HG005_NA24631_son/latest/GRCh38/SupplementaryFiles/HG005_GRCh38_1_22_v4.2.1_highconf_hifiasm_v11_phasetransfer.vcf.gz	150462719
release/ChineseTrio/HG005_NA24631_son/latest/GRCh38/SupplementaryFiles/HG005_GRCh38_1_22_v4.2.1_highconf_hifiasm_v11_phasetransfer.vcf.gz.tbi	1589338
release/ChineseTrio/HG005_NA24631_son/latest/GRCh38/SupplementaryFiles/HG005_GRCh38_1_22_v4_all.vcf.gz	228332389
release/ChineseTrio/HG005_NA24631_son/latest/GRCh38/SupplementaryFiles/HG005_GRCh38_1_22_v4_all.vcf.gz.tbi	1773788
release/ChineseTrio/HG005_NA24631_son/latest/GRCh38/SupplementaryFiles/HG005_GRCh38_1_22_v4_annotated.vcf.gz	1210696335
release/ChineseTrio/HG005_NA24631_son/latest/GRCh38/SupplementaryFiles/HG005_GRCh38_1_22_v4_annotated.vcf.gz.tbi	1979642
release/ChineseTrio/HG005_NA24631_son/latest/GRCh38/SupplementaryFiles/HG005_GRCh38_1_22_v4_callablemultinter_gt0.bed	19841773
release/ChineseTrio/HG005_NA24631_son/latest/GRCh38/SupplementaryFiles/HG005_GRCh38_1_22_v4_filteredsites.bed	54698421
release/ChineseTrio/HG005_NA24631_son/latest/GRCh38/SupplementaryFiles/inputvcfsandbeds/._HG005_GRCh38_1_22_PacBio_HiFi_DeepVariant_callable.bed	176
release/ChineseTrio/HG005_NA24631_son/latest/GRCh38/SupplementaryFiles/inputvcfsandbeds/HG005_GRCh38_1_22_10xGenomics.vcf.gz	1229307560
release/ChineseTrio/HG005_NA24631_son/latest/GRCh38/SupplementaryFiles/inputvcfsandbeds/HG005_GRCh38_1_22_10xGenomics_callable.bed	29322669
release/ChineseTrio/HG005_NA24631_son/latest/GRCh38/SupplementaryFiles/inputvcfsandbeds/HG005_GRCh38_1_22_PacBio_HiFi_DeepVariant.vcf.gz	186486333
release/ChineseTrio/HG005_NA24631_son/latest/GRCh38/SupplementaryFiles/inputvcfsandbeds/HG005_GRCh38_1_22_PacBio_HiFi_DeepVariant_callable.bed	93224066
release/ChineseTrio/HG005_NA24631_son/latest/GRCh38/SupplementaryFiles/inputvcfsandbeds/HG005_GRCh38_1_22_PacBio_HiFi_GATK4.vcf.gz	180897226
release/ChineseTrio/HG005_NA24631_son/latest/GRCh38/SupplementaryFiles/inputvcfsandbeds/HG005_GRCh38_1_22_PacBio_HiFi_GATK4_callable.bed	71941
release/ChineseTrio/HG005_NA24631_son/latest/README_v4.2.1.txt	19920
release/ChineseTrio/HG005_NA24631_son/latest/md5.in	4011
release/ChineseTrio/HG006_NA24694_father/NISTv3.3.2/GRCh37/HG006_GIAB_GRCh37_highconf_CG-IllFB-IllSNT-10X_CHROM1-22_v.3.3.2_highconf.vcf.gz	99731218
release/ChineseTrio/HG006_NA24694_father/NISTv3.3.2/GRCh37/HG006_GIAB_GRCh37_highconf_CG-IllFB-IllSNT-10X_CHROM1-22_v.3.3.2_highconf.vcf.gz.tbi	1505641
release/ChineseTrio/HG006_NA24694_father/NISTv3.3.2/GRCh37/HG006_GIAB_GRCh37_highconf_CG-IllFB-IllSNT-10X_CHROM1-22_v.3.3.2_highconf_noinconsistent.bed	14751850
release/ChineseTrio/HG006_NA24694_father/NISTv3.3.2/GRCh37/README_NIST_v3.3.2.txt	18616
release/ChineseTrio/HG006_NA24694_father/NISTv3.3.2/GRCh37/md5sum	382
release/ChineseTrio/HG006_NA24694_father/NISTv3.3.2/GRCh37/supplementaryFiles/HG006_GIAB_GRCh37_highconf_CG-IllFB-IllSNT-10X_CHROM1-22_v.3.3.2_all.vcf.gz	159512928
release/ChineseTrio/HG006_NA24694_father/NISTv3.3.2/GRCh37/supplementaryFiles/HG006_GIAB_GRCh37_highconf_CG-IllFB-IllSNT-10X_CHROM1-22_v.3.3.2_all.vcf.gz.tbi	1656349
release/ChineseTrio/HG006_NA24694_father/NISTv3.3.2/GRCh37/supplementaryFiles/HG006_GIAB_GRCh37_highconf_CG-IllFB-IllSNT-10X_CHROM1-22_v.3.3.2_annotated.vcf.gz.tbi	1728434
release/ChineseTrio/HG006_NA24694_father/NISTv3.3.2/GRCh37/supplementaryFiles/HG006_GIAB_GRCh37_highconf_CG-IllFB-IllSNT-10X_CHROM1-22_v.3.3.2_callablemultinter_gt0.bed	13785214
release/ChineseTrio/HG006_NA24694_father/NISTv3.3.2/GRCh37/supplementaryFiles/HG006_GIAB_GRCh37_highconf_CG-IllFB-IllSNT-10X_CHROM1-22_v.3.3.2_filteredsites.bed	44138808
release/ChineseTrio/HG006_NA24694_father/NISTv3.3.2/GRCh37/supplementaryFiles/HG006_GIAB_GRCh37_highconf_CG-IllFB-IllSNT-10X_CHROM1-22_v.3.3.2_highconf.bed	14748167
release/ChineseTrio/HG006_NA24694_father/NISTv3.3.2/GRCh37/supplementaryFiles/inputvcfsandbeds/HG006_1-22_GRCh37_10X_sentieonHCbyhaplo.vcf.gz	78163653
release/ChineseTrio/HG006_NA24694_father/NISTv3.3.2/GRCh37/supplementaryFiles/inputvcfsandbeds/HG006_1-22_GRCh37_10X_sentieonHCbyhaplo.vcf.gz.tbi	1473073
release/ChineseTrio/HG006_NA24694_father/NISTv3.3.2/GRCh37/supplementaryFiles/inputvcfsandbeds/HG006_1-22_GRCh37_10X_sentieonHCbyhaplo_callable.bed	230570420
release/ChineseTrio/HG006_NA24694_father/NISTv3.3.2/GRCh37/supplementaryFiles/inputvcfsandbeds/HG006_1-22_GRCh37_novoalign_6Kb_MatePair_FB.vcf.gz	454872884
release/ChineseTrio/HG006_NA24694_father/NISTv3.3.2/GRCh37/supplementaryFiles/inputvcfsandbeds/HG006_1-22_GRCh37_novoalign_6Kb_MatePair_FB.vcf.gz.tbi	1645088
release/ChineseTrio/HG006_NA24694_father/NISTv3.3.2/GRCh37/supplementaryFiles/inputvcfsandbeds/HG006_1-22_GRCh37_novoalign_6Kb_MatePair_callableloci.bed	4470242343
release/ChineseTrio/HG006_NA24694_father/NISTv3.3.2/GRCh37/supplementaryFiles/inputvcfsandbeds/HG006_1-22_GRCh37_novoalign_6Kb_MatePair_sentieonHC.vcf.gz	170597314
release/ChineseTrio/HG006_NA24694_father/NISTv3.3.2/GRCh37/supplementaryFiles/inputvcfsandbeds/HG006_1-22_GRCh37_novoalign_6Kb_MatePair_sentieonHC.vcf.gz.tbi	1531494
release/ChineseTrio/HG006_NA24694_father/NISTv3.3.2/GRCh37/supplementaryFiles/inputvcfsandbeds/HG006_1-22_GRCh37_novoalign_6Kb_MatePair_sentieonHC_gvcf_callable.bed	8258044
release/ChineseTrio/HG006_NA24694_father/NISTv3.3.2/GRCh37/supplementaryFiles/inputvcfsandbeds/HG006_1-22_GRCh37_novoalign_Hiseq100X_FB.vcf.gz	508501100
release/ChineseTrio/HG006_NA24694_father/NISTv3.3.2/GRCh37/supplementaryFiles/inputvcfsandbeds/HG006_1-22_GRCh37_novoalign_Hiseq100X_FB.vcf.gz.tbi	1644070
release/ChineseTrio/HG006_NA24694_father/NISTv3.3.2/GRCh37/supplementaryFiles/inputvcfsandbeds/HG006_1-22_GRCh37_novoalign_Hiseq100X_callableloci.bed	54807080
release/ChineseTrio/HG006_NA24694_father/NISTv3.3.2/GRCh37/supplementaryFiles/inputvcfsandbeds/HG006_1-22_GRCh37_novoalign_Hiseq100X_sentieonHC.vcf.gz	199979384
release/ChineseTrio/HG006_NA24694_father/NISTv3.3.2/GRCh37/supplementaryFiles/inputvcfsandbeds/HG006_1-22_GRCh37_novoalign_Hiseq100X_sentieonHC.vcf.gz.tbi	1548896
release/ChineseTrio/HG006_NA24694_father/NISTv3.3.2/GRCh37/supplementaryFiles/inputvcfsandbeds/HG006_1-22_GRCh37_novoalign_Hiseq100X_sentieonHC_gvcf_callable.bed	16547972
release/ChineseTrio/HG006_NA24694_father/NISTv3.3.2/GRCh37/supplementaryFiles/inputvcfsandbeds/md5sum	0
release/ChineseTrio/HG006_NA24694_father/NISTv3.3.2/GRCh37/supplementaryFiles/inputvcfsandbeds/vcfBeta-GS000037476-ASM_callable_1-22.bed	22954320
release/ChineseTrio/HG006_NA24694_father/NISTv3.3.2/GRCh37/supplementaryFiles/inputvcfsandbeds/vcfBeta-GS000037476-ASM_callable_1-22.vcf.gz	188963719
release/ChineseTrio/HG006_NA24694_father/NISTv3.3.2/GRCh37/supplementaryFiles/inputvcfsandbeds/vcfBeta-GS000037476-ASM_callable_1-22.vcf.gz.tbi	1547854
release/ChineseTrio/HG006_NA24694_father/NISTv3.3.2/GRCh37/supplementaryFiles/md5sum	740
release/ChineseTrio/HG006_NA24694_father/NISTv3.3.2/GRCh38/HG006_GIAB_GRCh38_highconf_CG-IllFB-IllSNT-10X_CHROM1-22_v.3.3.2_highconf.vcf.gz	92886420
release/ChineseTrio/HG006_NA24694_father/NISTv3.3.2/GRCh38/HG006_GIAB_GRCh38_highconf_CG-IllFB-IllSNT-10X_CHROM1-22_v.3.3.2_highconf.vcf.gz.tbi	1495265
release/ChineseTrio/HG006_NA24694_father/NISTv3.3.2/GRCh38/HG006_GIAB_GRCh38_highconf_CG-IllFB-IllSNT-10X_CHROM1-22_v.3.3.2_highconf_noinconsistent.bed	26884009
release/ChineseTrio/HG006_NA24694_father/NISTv3.3.2/GRCh38/README_NIST_v3.3.2.txt	18616
release/ChineseTrio/HG006_NA24694_father/NISTv3.3.2/GRCh38/md5sum	0
release/ChineseTrio/HG006_NA24694_father/NISTv3.3.2/GRCh38/md5sum-PN111193	382
release/ChineseTrio/HG006_NA24694_father/NISTv3.3.2/GRCh38/supplementaryFiles/HG006_GIAB_GRCh38_highconf_CG-IllFB-IllSNT-10X_CHROM1-22_v.3.3.2_callablemultinter_gt0.bed	24981224
release/ChineseTrio/HG006_NA24694_father/NISTv3.3.2/GRCh38/supplementaryFiles/HG006_GIAB_GRCh38_highconf_CG-IllFB-IllSNT-10X_CHROM1-22_v.3.3.2_filteredsites.bed	52630361
release/ChineseTrio/HG006_NA24694_father/NISTv3.3.2/GRCh38/supplementaryFiles/HG006_GIAB_GRCh38_highconf_CG-IllFB-IllSNT-10X_CHROM1-22_v.3.3.2_highconf.bed	26874904
release/ChineseTrio/HG006_NA24694_father/NISTv3.3.2/GRCh38/supplementaryFiles/HG006_GIAB_GRCh38_highconf_CG-IllFB-IllSNT-10X_testing_CHROM1-22_v.3.3.2_all.vcf.gz	151533913
release/ChineseTrio/HG006_NA24694_father/NISTv3.3.2/GRCh38/supplementaryFiles/HG006_GIAB_GRCh38_highconf_CG-IllFB-IllSNT-10X_testing_CHROM1-22_v.3.3.2_all.vcf.gz.tbi	1689620
release/ChineseTrio/HG006_NA24694_father/NISTv3.3.2/GRCh38/supplementaryFiles/HG006_GIAB_GRCh38_highconf_CG-IllFB-IllSNT-10X_testing_CHROM1-22_v.3.3.2_annotated.vcf.gz	575640777
release/ChineseTrio/HG006_NA24694_father/NISTv3.3.2/GRCh38/supplementaryFiles/HG006_GIAB_GRCh38_highconf_CG-IllFB-IllSNT-10X_testing_CHROM1-22_v.3.3.2_annotated.vcf.gz.tbi	1754399
release/ChineseTrio/HG006_NA24694_father/NISTv3.3.2/GRCh38/supplementaryFiles/inputvcfsandbeds/HG006_1-22_GRCh38_10X_sentieonHCbyhaplo.vcf.gz	79911172
release/ChineseTrio/HG006_NA24694_father/NISTv3.3.2/GRCh38/supplementaryFiles/inputvcfsandbeds/HG006_1-22_GRCh38_10X_sentieonHCbyhaplo.vcf.gz.tbi	1481617
release/ChineseTrio/HG006_NA24694_father/NISTv3.3.2/GRCh38/supplementaryFiles/inputvcfsandbeds/HG006_1-22_GRCh38_10X_sentieonHCbyhaplo_callable.bed	231096440
release/ChineseTrio/HG006_NA24694_father/NISTv3.3.2/GRCh38/supplementaryFiles/inputvcfsandbeds/HG006_1-22_GRCh38_novoalign_6Kb_MatePair_FB.vcf.gz	421076101
release/ChineseTrio/HG006_NA24694_father/NISTv3.3.2/GRCh38/supplementaryFiles/inputvcfsandbeds/HG006_1-22_GRCh38_novoalign_6Kb_MatePair_FB.vcf.gz.tbi	1676651
release/ChineseTrio/HG006_NA24694_father/NISTv3.3.2/GRCh38/supplementaryFiles/inputvcfsandbeds/HG006_1-22_GRCh38_novoalign_6Kb_MatePair_callableloci.bed	4960476652
release/ChineseTrio/HG006_NA24694_father/NISTv3.3.2/GRCh38/supplementaryFiles/inputvcfsandbeds/HG006_1-22_GRCh38_novoalign_6Kb_MatePair_sentieonHC.vcf.gz	164954117
release/ChineseTrio/HG006_NA24694_father/NISTv3.3.2/GRCh38/supplementaryFiles/inputvcfsandbeds/HG006_1-22_GRCh38_novoalign_6Kb_MatePair_sentieonHC.vcf.gz.tbi	1553168
release/ChineseTrio/HG006_NA24694_father/NISTv3.3.2/GRCh38/supplementaryFiles/inputvcfsandbeds/HG006_1-22_GRCh38_novoalign_6Kb_MatePair_sentieonHC_gvcf_callable.bed	9300886
release/ChineseTrio/HG006_NA24694_father/NISTv3.3.2/GRCh38/supplementaryFiles/inputvcfsandbeds/HG006_1-22_GRCh38_novoalign_Hiseq100X_FB.vcf.gz	542131980
release/ChineseTrio/HG006_NA24694_father/NISTv3.3.2/GRCh38/supplementaryFiles/inputvcfsandbeds/HG006_1-22_GRCh38_novoalign_Hiseq100X_FB.vcf.gz.tbi	1687310
release/ChineseTrio/HG006_NA24694_father/NISTv3.3.2/GRCh38/supplementaryFiles/inputvcfsandbeds/HG006_1-22_GRCh38_novoalign_Hiseq100X_callableloci.bed	94435195
release/ChineseTrio/HG006_NA24694_father/NISTv3.3.2/GRCh38/supplementaryFiles/inputvcfsandbeds/HG006_1-22_GRCh38_novoalign_Hiseq100X_sentieonHC.vcf.gz	212539673
release/ChineseTrio/HG006_NA24694_father/NISTv3.3.2/GRCh38/supplementaryFiles/inputvcfsandbeds/HG006_1-22_GRCh38_novoalign_Hiseq100X_sentieonHC.vcf.gz.tbi	1589627
release/ChineseTrio/HG006_NA24694_father/NISTv3.3.2/GRCh38/supplementaryFiles/inputvcfsandbeds/HG006_1-22_GRCh38_novoalign_Hiseq100X_sentieonHC_gvcf_callable.bed	19907950
release/ChineseTrio/HG006_NA24694_father/NISTv3.3.2/GRCh38/supplementaryFiles/inputvcfsandbeds/HG006_1-22_convGRCh38_CG_vcfBeta-GS000037476-ASM.bed	25448401
release/ChineseTrio/HG006_NA24694_father/NISTv3.3.2/GRCh38/supplementaryFiles/inputvcfsandbeds/HG006_1-22_convGRCh38_CG_vcfBeta-GS000037476-ASM_sorted.vcf.gz	169237715
release/ChineseTrio/HG006_NA24694_father/NISTv3.3.2/GRCh38/supplementaryFiles/inputvcfsandbeds/HG006_1-22_convGRCh38_CG_vcfBeta-GS000037476-ASM_sorted.vcf.gz.tbi	1519440
release/ChineseTrio/HG006_NA24694_father/NISTv3.3.2/GRCh38/supplementaryFiles/inputvcfsandbeds/md5sum	0
release/ChineseTrio/HG006_NA24694_father/NISTv3.3.2/GRCh38/supplementaryFiles/md5sum	0
release/ChineseTrio/HG006_NA24694_father/NISTv4.2.1/.DS_Store	6148
release/ChineseTrio/HG006_NA24694_father/NISTv4.2.1/._.DS_Store	120
release/ChineseTrio/HG006_NA24694_father/NISTv4.2.1/._README_v4.2.1.txt	730
release/ChineseTrio/HG006_NA24694_father/NISTv4.2.1/GRCh37/.DS_Store	6148
release/ChineseTrio/HG006_NA24694_father/NISTv4.2.1/GRCh37/._.DS_Store	120
release/ChineseTrio/HG006_NA24694_father/NISTv4.2.1/GRCh37/._HG006_GRCh37_1_22_v4.2.1_benchmark.bed	643
release/ChineseTrio/HG006_NA24694_father/NISTv4.2.1/GRCh37/._HG006_GRCh37_1_22_v4.2.1_benchmark.vcf.gz	643
release/ChineseTrio/HG006_NA24694_father/NISTv4.2.1/GRCh37/._HG006_GRCh37_1_22_v4.2.1_benchmark.vcf.gz.tbi	643
release/ChineseTrio/HG006_NA24694_father/NISTv4.2.1/GRCh37/HG006_GRCh37_1_22_v4.2.1_benchmark.bed	13141503
release/ChineseTrio/HG006_NA24694_father/NISTv4.2.1/GRCh37/HG006_GRCh37_1_22_v4.2.1_benchmark.vcf.gz	123256845
release/ChineseTrio/HG006_NA24694_father/NISTv4.2.1/GRCh37/HG006_GRCh37_1_22_v4.2.1_benchmark.vcf.gz.tbi	1595762
release/ChineseTrio/HG006_NA24694_father/NISTv4.2.1/GRCh37/SupplementaryFiles/.DS_Store	6148
release/ChineseTrio/HG006_NA24694_father/NISTv4.2.1/GRCh37/SupplementaryFiles/._.DS_Store	120
release/ChineseTrio/HG006_NA24694_father/NISTv4.2.1/GRCh37/SupplementaryFiles/._HG006_GRCh37_1_22_v4_all.vcf.gz	612
release/ChineseTrio/HG006_NA24694_father/NISTv4.2.1/GRCh37/SupplementaryFiles/._HG006_GRCh37_1_22_v4_all.vcf.gz.tbi	616
release/ChineseTrio/HG006_NA24694_father/NISTv4.2.1/GRCh37/SupplementaryFiles/._HG006_GRCh37_1_22_v4_annotated.vcf.gz	618
release/ChineseTrio/HG006_NA24694_father/NISTv4.2.1/GRCh37/SupplementaryFiles/._HG006_GRCh37_1_22_v4_annotated.vcf.gz.tbi	622
release/ChineseTrio/HG006_NA24694_father/NISTv4.2.1/GRCh37/SupplementaryFiles/._HG006_GRCh37_1_22_v4_callablemultinter_gt0.bed	627
release/ChineseTrio/HG006_NA24694_father/NISTv4.2.1/GRCh37/SupplementaryFiles/._HG006_GRCh37_1_22_v4_filteredsites.bed	619
release/ChineseTrio/HG006_NA24694_father/NISTv4.2.1/GRCh37/SupplementaryFiles/HG006_GRCh37_1_22_v4_all.vcf.gz	200940560
release/ChineseTrio/HG006_NA24694_father/NISTv4.2.1/GRCh37/SupplementaryFiles/HG006_GRCh37_1_22_v4_all.vcf.gz.tbi	1709359
release/ChineseTrio/HG006_NA24694_father/NISTv4.2.1/GRCh37/SupplementaryFiles/HG006_GRCh37_1_22_v4_annotated.vcf.gz	1073691684
release/ChineseTrio/HG006_NA24694_father/NISTv4.2.1/GRCh37/SupplementaryFiles/HG006_GRCh37_1_22_v4_annotated.vcf.gz.tbi	1895700
release/ChineseTrio/HG006_NA24694_father/NISTv4.2.1/GRCh37/SupplementaryFiles/HG006_GRCh37_1_22_v4_callablemultinter_gt0.bed	13044328
release/ChineseTrio/HG006_NA24694_father/NISTv4.2.1/GRCh37/SupplementaryFiles/HG006_GRCh37_1_22_v4_filteredsites.bed	36863619
release/ChineseTrio/HG006_NA24694_father/NISTv4.2.1/GRCh37/SupplementaryFiles/inputvcfsandbeds/._HG006_GRCh37_1_22_PacBio_HiFi_GATK4.vcf.gz	596
release/ChineseTrio/HG006_NA24694_father/NISTv4.2.1/GRCh37/SupplementaryFiles/inputvcfsandbeds/HG006_GRCh37_1_22_10xGenomics.vcf.gz	1161194440
release/ChineseTrio/HG006_NA24694_father/NISTv4.2.1/GRCh37/SupplementaryFiles/inputvcfsandbeds/HG006_GRCh37_1_22_10xGenomics_callable.bed	38309040
release/ChineseTrio/HG006_NA24694_father/NISTv4.2.1/GRCh37/SupplementaryFiles/inputvcfsandbeds/HG006_GRCh37_1_22_PacBio_HiFi_DeepVariant.vcf.gz	150239295
release/ChineseTrio/HG006_NA24694_father/NISTv4.2.1/GRCh37/SupplementaryFiles/inputvcfsandbeds/HG006_GRCh37_1_22_PacBio_HiFi_DeepVariant_callable.bed	48777019
release/ChineseTrio/HG006_NA24694_father/NISTv4.2.1/GRCh37/SupplementaryFiles/inputvcfsandbeds/HG006_GRCh37_1_22_PacBio_HiFi_GATK4.vcf.gz	255469489
release/ChineseTrio/HG006_NA24694_father/NISTv4.2.1/GRCh37/SupplementaryFiles/inputvcfsandbeds/HG006_GRCh37_1_22_PacBio_HiFi_GATK4_callable.bed	46428
release/ChineseTrio/HG006_NA24694_father/NISTv4.2.1/GRCh38/.DS_Store	6148
release/ChineseTrio/HG006_NA24694_father/NISTv4.2.1/GRCh38/._.DS_Store	120
release/ChineseTrio/HG006_NA24694_father/NISTv4.2.1/GRCh38/._HG006_GRCh38_1_22_v4.2.1_benchmark.bed	643
release/ChineseTrio/HG006_NA24694_father/NISTv4.2.1/GRCh38/._HG006_GRCh38_1_22_v4.2.1_benchmark.vcf.gz	643
release/ChineseTrio/HG006_NA24694_father/NISTv4.2.1/GRCh38/._HG006_GRCh38_1_22_v4.2.1_benchmark.vcf.gz.tbi	643
release/ChineseTrio/HG006_NA24694_father/NISTv4.2.1/GRCh38/HG006_GRCh38_1_22_v4.2.1_benchmark.bed	15762527
release/ChineseTrio/HG006_NA24694_father/NISTv4.2.1/GRCh38/HG006_GRCh38_1_22_v4.2.1_benchmark.vcf.gz	117161667
release/ChineseTrio/HG006_NA24694_father/NISTv4.2.1/GRCh38/HG006_GRCh38_1_22_v4.2.1_benchmark.vcf.gz.tbi	1597126
release/ChineseTrio/HG006_NA24694_father/NISTv4.2.1/GRCh38/SupplementaryFiles/.DS_Store	6148
release/ChineseTrio/HG006_NA24694_father/NISTv4.2.1/GRCh38/SupplementaryFiles/._.DS_Store	120
release/ChineseTrio/HG006_NA24694_father/NISTv4.2.1/GRCh38/SupplementaryFiles/._HG006_GRCh38_1_22_v4_all.vcf.gz	612
release/ChineseTrio/HG006_NA24694_father/NISTv4.2.1/GRCh38/SupplementaryFiles/._HG006_GRCh38_1_22_v4_all.vcf.gz.tbi	616
release/ChineseTrio/HG006_NA24694_father/NISTv4.2.1/GRCh38/SupplementaryFiles/._HG006_GRCh38_1_22_v4_annotated.vcf.gz	618
release/ChineseTrio/HG006_NA24694_father/NISTv4.2.1/GRCh38/SupplementaryFiles/._HG006_GRCh38_1_22_v4_annotated.vcf.gz.tbi	622
release/ChineseTrio/HG006_NA24694_father/NISTv4.2.1/GRCh38/SupplementaryFiles/._HG006_GRCh38_1_22_v4_callablemultinter_gt0.bed	627
release/ChineseTrio/HG006_NA24694_father/NISTv4.2.1/GRCh38/SupplementaryFiles/._HG006_GRCh38_1_22_v4_filteredsites.bed	619
release/ChineseTrio/HG006_NA24694_father/NISTv4.2.1/GRCh38/SupplementaryFiles/HG006_GRCh38_1_22_v4_all.vcf.gz	199421742
release/ChineseTrio/HG006_NA24694_father/NISTv4.2.1/GRCh38/SupplementaryFiles/HG006_GRCh38_1_22_v4_all.vcf.gz.tbi	1746633
release/ChineseTrio/HG006_NA24694_father/NISTv4.2.1/GRCh38/SupplementaryFiles/HG006_GRCh38_1_22_v4_annotated.vcf.gz	1080052193
release/ChineseTrio/HG006_NA24694_father/NISTv4.2.1/GRCh38/SupplementaryFiles/HG006_GRCh38_1_22_v4_annotated.vcf.gz.tbi	1931929
release/ChineseTrio/HG006_NA24694_father/NISTv4.2.1/GRCh38/SupplementaryFiles/HG006_GRCh38_1_22_v4_callablemultinter_gt0.bed	15357231
release/ChineseTrio/HG006_NA24694_father/NISTv4.2.1/GRCh38/SupplementaryFiles/HG006_GRCh38_1_22_v4_filteredsites.bed	47307781
release/ChineseTrio/HG006_NA24694_father/NISTv4.2.1/GRCh38/SupplementaryFiles/inputvcfsandbeds/._HG006_GRCh38_1_22_PacBio_HiFi_GATK4.vcf.gz	596
release/ChineseTrio/HG006_NA24694_father/NISTv4.2.1/GRCh38/SupplementaryFiles/inputvcfsandbeds/._HG006_GRCh38_1_22_PacBio_HiFi_GATK4_callable.bed	176
release/ChineseTrio/HG006_NA24694_father/NISTv4.2.1/GRCh38/SupplementaryFiles/inputvcfsandbeds/HG006_GRCh38_1_22_10xGenomics.vcf.gz	1198211603
release/ChineseTrio/HG006_NA24694_father/NISTv4.2.1/GRCh38/SupplementaryFiles/inputvcfsandbeds/HG006_GRCh38_1_22_10xGenomics_callable.bed	42293822
release/ChineseTrio/HG006_NA24694_father/NISTv4.2.1/GRCh38/SupplementaryFiles/inputvcfsandbeds/HG006_GRCh38_1_22_PacBio_HiFi_DeepVariant.vcf.gz	157547449
release/ChineseTrio/HG006_NA24694_father/NISTv4.2.1/GRCh38/SupplementaryFiles/inputvcfsandbeds/HG006_GRCh38_1_22_PacBio_HiFi_DeepVariant_callable.bed	56088901
release/ChineseTrio/HG006_NA24694_father/NISTv4.2.1/GRCh38/SupplementaryFiles/inputvcfsandbeds/HG006_GRCh38_1_22_PacBio_HiFi_GATK4.vcf.gz	260099271
release/ChineseTrio/HG006_NA24694_father/NISTv4.2.1/GRCh38/SupplementaryFiles/inputvcfsandbeds/HG006_GRCh38_1_22_PacBio_HiFi_GATK4_callable.bed	58117
release/ChineseTrio/HG006_NA24694_father/NISTv4.2.1/README_v4.2.1.txt	19920
release/ChineseTrio/HG006_NA24694_father/NISTv4.2.1/md5.in	3431
release/ChineseTrio/HG006_NA24694_father/latest/GRCh37/.DS_Store	6148
release/ChineseTrio/HG006_NA24694_father/latest/GRCh37/._.DS_Store	120
release/ChineseTrio/HG006_NA24694_father/latest/GRCh37/._HG006_GRCh37_1_22_v4.2.1_benchmark.bed	643
release/ChineseTrio/HG006_NA24694_father/latest/GRCh37/._HG006_GRCh37_1_22_v4.2.1_benchmark.vcf.gz	643
release/ChineseTrio/HG006_NA24694_father/latest/GRCh37/._HG006_GRCh37_1_22_v4.2.1_benchmark.vcf.gz.tbi	643
release/ChineseTrio/HG006_NA24694_father/latest/GRCh37/HG006_GRCh37_1_22_v4.2.1_benchmark.bed	13141503
release/ChineseTrio/HG006_NA24694_father/latest/GRCh37/HG006_GRCh37_1_22_v4.2.1_benchmark.vcf.gz	123256845
release/ChineseTrio/HG006_NA24694_father/latest/GRCh37/HG006_GRCh37_1_22_v4.2.1_benchmark.vcf.gz.tbi	1595762
release/ChineseTrio/HG006_NA24694_father/latest/GRCh37/SupplementaryFiles/.DS_Store	6148
release/ChineseTrio/HG006_NA24694_father/latest/GRCh37/SupplementaryFiles/._.DS_Store	120
release/ChineseTrio/HG006_NA24694_father/latest/GRCh37/SupplementaryFiles/._HG006_GRCh37_1_22_v4_all.vcf.gz	612
release/ChineseTrio/HG006_NA24694_father/latest/GRCh37/SupplementaryFiles/._HG006_GRCh37_1_22_v4_all.vcf.gz.tbi	616
release/ChineseTrio/HG006_NA24694_father/latest/GRCh37/SupplementaryFiles/._HG006_GRCh37_1_22_v4_annotated.vcf.gz	618
release/ChineseTrio/HG006_NA24694_father/latest/GRCh37/SupplementaryFiles/._HG006_GRCh37_1_22_v4_annotated.vcf.gz.tbi	622
release/ChineseTrio/HG006_NA24694_father/latest/GRCh37/SupplementaryFiles/._HG006_GRCh37_1_22_v4_callablemultinter_gt0.bed	627
release/ChineseTrio/HG006_NA24694_father/latest/GRCh37/SupplementaryFiles/._HG006_GRCh37_1_22_v4_filteredsites.bed	619
release/ChineseTrio/HG006_NA24694_father/latest/GRCh37/SupplementaryFiles/HG006_GRCh37_1_22_v4_all.vcf.gz	200940560
release/ChineseTrio/HG006_NA24694_father/latest/GRCh37/SupplementaryFiles/HG006_GRCh37_1_22_v4_all.vcf.gz.tbi	1709359
release/ChineseTrio/HG006_NA24694_father/latest/GRCh37/SupplementaryFiles/HG006_GRCh37_1_22_v4_annotated.vcf.gz	1073691684
release/ChineseTrio/HG006_NA24694_father/latest/GRCh37/SupplementaryFiles/HG006_GRCh37_1_22_v4_annotated.vcf.gz.tbi	1895700
release/ChineseTrio/HG006_NA24694_father/latest/GRCh37/SupplementaryFiles/HG006_GRCh37_1_22_v4_callablemultinter_gt0.bed	13044328
release/ChineseTrio/HG006_NA24694_father/latest/GRCh37/SupplementaryFiles/HG006_GRCh37_1_22_v4_filteredsites.bed	36863619
release/ChineseTrio/HG006_NA24694_father/latest/GRCh37/SupplementaryFiles/inputvcfsandbeds/._HG006_GRCh37_1_22_PacBio_HiFi_GATK4.vcf.gz	596
release/ChineseTrio/HG006_NA24694_father/latest/GRCh37/SupplementaryFiles/inputvcfsandbeds/HG006_GRCh37_1_22_10xGenomics.vcf.gz	1161194440
release/ChineseTrio/HG006_NA24694_father/latest/GRCh37/SupplementaryFiles/inputvcfsandbeds/HG006_GRCh37_1_22_10xGenomics_callable.bed	38309040
release/ChineseTrio/HG006_NA24694_father/latest/GRCh37/SupplementaryFiles/inputvcfsandbeds/HG006_GRCh37_1_22_PacBio_HiFi_DeepVariant.vcf.gz	150239295
release/ChineseTrio/HG006_NA24694_father/latest/GRCh37/SupplementaryFiles/inputvcfsandbeds/HG006_GRCh37_1_22_PacBio_HiFi_DeepVariant_callable.bed	48777019
release/ChineseTrio/HG006_NA24694_father/latest/GRCh37/SupplementaryFiles/inputvcfsandbeds/HG006_GRCh37_1_22_PacBio_HiFi_GATK4.vcf.gz	255469489
release/ChineseTrio/HG006_NA24694_father/latest/GRCh37/SupplementaryFiles/inputvcfsandbeds/HG006_GRCh37_1_22_PacBio_HiFi_GATK4_callable.bed	46428
release/ChineseTrio/HG006_NA24694_father/latest/GRCh38/.DS_Store	6148
release/ChineseTrio/HG006_NA24694_father/latest/GRCh38/._.DS_Store	120
release/ChineseTrio/HG006_NA24694_father/latest/GRCh38/._HG006_GRCh38_1_22_v4.2.1_benchmark.bed	643
release/ChineseTrio/HG006_NA24694_father/latest/GRCh38/._HG006_GRCh38_1_22_v4.2.1_benchmark.vcf.gz	643
release/ChineseTrio/HG006_NA24694_father/latest/GRCh38/._HG006_GRCh38_1_22_v4.2.1_benchmark.vcf.gz.tbi	643
release/ChineseTrio/HG006_NA24694_father/latest/GRCh38/HG006_GRCh38_1_22_v4.2.1_benchmark.bed	15762527
release/ChineseTrio/HG006_NA24694_father/latest/GRCh38/HG006_GRCh38_1_22_v4.2.1_benchmark.vcf.gz	117161667
release/ChineseTrio/HG006_NA24694_father/latest/GRCh38/HG006_GRCh38_1_22_v4.2.1_benchmark.vcf.gz.tbi	1597126
release/ChineseTrio/HG006_NA24694_father/latest/GRCh38/SupplementaryFiles/.DS_Store	6148
release/ChineseTrio/HG006_NA24694_father/latest/GRCh38/SupplementaryFiles/._.DS_Store	120
release/ChineseTrio/HG006_NA24694_father/latest/GRCh38/SupplementaryFiles/._HG006_GRCh38_1_22_v4_all.vcf.gz	612
release/ChineseTrio/HG006_NA24694_father/latest/GRCh38/SupplementaryFiles/._HG006_GRCh38_1_22_v4_all.vcf.gz.tbi	616
release/ChineseTrio/HG006_NA24694_father/latest/GRCh38/SupplementaryFiles/._HG006_GRCh38_1_22_v4_annotated.vcf.gz	618
release/ChineseTrio/HG006_NA24694_father/latest/GRCh38/SupplementaryFiles/._HG006_GRCh38_1_22_v4_annotated.vcf.gz.tbi	622
release/ChineseTrio/HG006_NA24694_father/latest/GRCh38/SupplementaryFiles/._HG006_GRCh38_1_22_v4_callablemultinter_gt0.bed	627
release/ChineseTrio/HG006_NA24694_father/latest/GRCh38/SupplementaryFiles/._HG006_GRCh38_1_22_v4_filteredsites.bed	619
release/ChineseTrio/HG006_NA24694_father/latest/GRCh38/SupplementaryFiles/HG006_GRCh38_1_22_v4_all.vcf.gz	199421742
release/ChineseTrio/HG006_NA24694_father/latest/GRCh38/SupplementaryFiles/HG006_GRCh38_1_22_v4_all.vcf.gz.tbi	1746633
release/ChineseTrio/HG006_NA24694_father/latest/GRCh38/SupplementaryFiles/HG006_GRCh38_1_22_v4_annotated.vcf.gz	1080052193
release/ChineseTrio/HG006_NA24694_father/latest/GRCh38/SupplementaryFiles/HG006_GRCh38_1_22_v4_annotated.vcf.gz.tbi	1931929
release/ChineseTrio/HG006_NA24694_father/latest/GRCh38/SupplementaryFiles/HG006_GRCh38_1_22_v4_callablemultinter_gt0.bed	15357231
release/ChineseTrio/HG006_NA24694_father/latest/GRCh38/SupplementaryFiles/HG006_GRCh38_1_22_v4_filteredsites.bed	47307781
release/ChineseTrio/HG006_NA24694_father/latest/GRCh38/SupplementaryFiles/inputvcfsandbeds/._HG006_GRCh38_1_22_PacBio_HiFi_GATK4.vcf.gz	596
release/ChineseTrio/HG006_NA24694_father/latest/GRCh38/SupplementaryFiles/inputvcfsandbeds/._HG006_GRCh38_1_22_PacBio_HiFi_GATK4_callable.bed	176
release/ChineseTrio/HG006_NA24694_father/latest/GRCh38/SupplementaryFiles/inputvcfsandbeds/HG006_GRCh38_1_22_10xGenomics.vcf.gz	1198211603
release/ChineseTrio/HG006_NA24694_father/latest/GRCh38/SupplementaryFiles/inputvcfsandbeds/HG006_GRCh38_1_22_10xGenomics_callable.bed	42293822
release/ChineseTrio/HG006_NA24694_father/latest/GRCh38/SupplementaryFiles/inputvcfsandbeds/HG006_GRCh38_1_22_PacBio_HiFi_DeepVariant.vcf.gz	157547449
release/ChineseTrio/HG006_NA24694_father/latest/GRCh38/SupplementaryFiles/inputvcfsandbeds/HG006_GRCh38_1_22_PacBio_HiFi_DeepVariant_callable.bed	56088901
release/ChineseTrio/HG006_NA24694_father/latest/GRCh38/SupplementaryFiles/inputvcfsandbeds/HG006_GRCh38_1_22_PacBio_HiFi_GATK4.vcf.gz	260099271
release/ChineseTrio/HG006_NA24694_father/latest/GRCh38/SupplementaryFiles/inputvcfsandbeds/HG006_GRCh38_1_22_PacBio_HiFi_GATK4_callable.bed	58117
release/ChineseTrio/HG006_NA24694_father/latest/README_v4.2.1.txt	19920
release/ChineseTrio/HG006_NA24694_father/latest/md5.in	3431
release/ChineseTrio/HG007_NA24695_mother/NISTv3.3.2/GRCh37/HG007_GIAB_GRCh37_highconf_CG-IllFB-IllSNT-10X_CHROM1-22_v.3.3.2_highconf.vcf.gz	99744776
release/ChineseTrio/HG007_NA24695_mother/NISTv3.3.2/GRCh37/HG007_GIAB_GRCh37_highconf_CG-IllFB-IllSNT-10X_CHROM1-22_v.3.3.2_highconf.vcf.gz.tbi	1505834
release/ChineseTrio/HG007_NA24695_mother/NISTv3.3.2/GRCh37/HG007_GIAB_GRCh37_highconf_CG-IllFB-IllSNT-10X_CHROM1-22_v.3.3.2_highconf_noinconsistent.bed	14780609
release/ChineseTrio/HG007_NA24695_mother/NISTv3.3.2/GRCh37/README_NIST_v3.3.2.txt	18616
release/ChineseTrio/HG007_NA24695_mother/NISTv3.3.2/GRCh37/md5sum	382
release/ChineseTrio/HG007_NA24695_mother/NISTv3.3.2/GRCh37/supplementaryFiles/HG007_GIAB_GRCh37_highconf_CG-IllFB-IllSNT-10X_CHROM1-22_v.3.3.2_all.vcf.gz	159606754
release/ChineseTrio/HG007_NA24695_mother/NISTv3.3.2/GRCh37/supplementaryFiles/HG007_GIAB_GRCh37_highconf_CG-IllFB-IllSNT-10X_CHROM1-22_v.3.3.2_all.vcf.gz.tbi	1655970
release/ChineseTrio/HG007_NA24695_mother/NISTv3.3.2/GRCh37/supplementaryFiles/HG007_GIAB_GRCh37_highconf_CG-IllFB-IllSNT-10X_CHROM1-22_v.3.3.2_annotated.vcf.gz	593133777
release/ChineseTrio/HG007_NA24695_mother/NISTv3.3.2/GRCh37/supplementaryFiles/HG007_GIAB_GRCh37_highconf_CG-IllFB-IllSNT-10X_CHROM1-22_v.3.3.2_annotated.vcf.gz.tbi	1729166
release/ChineseTrio/HG007_NA24695_mother/NISTv3.3.2/GRCh37/supplementaryFiles/HG007_GIAB_GRCh37_highconf_CG-IllFB-IllSNT-10X_CHROM1-22_v.3.3.2_callablemultinter_gt0.bed	13768743
release/ChineseTrio/HG007_NA24695_mother/NISTv3.3.2/GRCh37/supplementaryFiles/HG007_GIAB_GRCh37_highconf_CG-IllFB-IllSNT-10X_CHROM1-22_v.3.3.2_filteredsites.bed	44258860
release/ChineseTrio/HG007_NA24695_mother/NISTv3.3.2/GRCh37/supplementaryFiles/inputvcfsandbeds/HG007_1-22_GRCh37_10X_sentieonHCbyhaplo.vcf.gz	78238324
release/ChineseTrio/HG007_NA24695_mother/NISTv3.3.2/GRCh37/supplementaryFiles/inputvcfsandbeds/HG007_1-22_GRCh37_10X_sentieonHCbyhaplo.vcf.gz.tbi	1473777
release/ChineseTrio/HG007_NA24695_mother/NISTv3.3.2/GRCh37/supplementaryFiles/inputvcfsandbeds/HG007_1-22_GRCh37_10X_sentieonHCbyhaplo_callable.bed	226130826
release/ChineseTrio/HG007_NA24695_mother/NISTv3.3.2/GRCh37/supplementaryFiles/inputvcfsandbeds/HG007_1-22_GRCh37_novoalign_6Kb_MatePair_FB.vcf.gz	449872256
release/ChineseTrio/HG007_NA24695_mother/NISTv3.3.2/GRCh37/supplementaryFiles/inputvcfsandbeds/HG007_1-22_GRCh37_novoalign_6Kb_MatePair_FB.vcf.gz.tbi	1644982
release/ChineseTrio/HG007_NA24695_mother/NISTv3.3.2/GRCh37/supplementaryFiles/inputvcfsandbeds/HG007_1-22_GRCh37_novoalign_6Kb_MatePair_callableloci.bed	4002160906
release/ChineseTrio/HG007_NA24695_mother/NISTv3.3.2/GRCh37/supplementaryFiles/inputvcfsandbeds/HG007_1-22_GRCh37_novoalign_6Kb_MatePair_sentieonHC.vcf.gz	169182124
release/ChineseTrio/HG007_NA24695_mother/NISTv3.3.2/GRCh37/supplementaryFiles/inputvcfsandbeds/HG007_1-22_GRCh37_novoalign_6Kb_MatePair_sentieonHC.vcf.gz.tbi	1533144
release/ChineseTrio/HG007_NA24695_mother/NISTv3.3.2/GRCh37/supplementaryFiles/inputvcfsandbeds/HG007_1-22_GRCh37_novoalign_6Kb_MatePair_sentieonHC_gvcf_callable.bed	5773177
release/ChineseTrio/HG007_NA24695_mother/NISTv3.3.2/GRCh37/supplementaryFiles/inputvcfsandbeds/HG007_1-22_GRCh37_novoalign_Hiseq100X_FB.vcf.gz	511312433
release/ChineseTrio/HG007_NA24695_mother/NISTv3.3.2/GRCh37/supplementaryFiles/inputvcfsandbeds/HG007_1-22_GRCh37_novoalign_Hiseq100X_FB.vcf.gz.tbi	1645020
release/ChineseTrio/HG007_NA24695_mother/NISTv3.3.2/GRCh37/supplementaryFiles/inputvcfsandbeds/HG007_1-22_GRCh37_novoalign_Hiseq100X_callableloci.bed	46593274
release/ChineseTrio/HG007_NA24695_mother/NISTv3.3.2/GRCh37/supplementaryFiles/inputvcfsandbeds/HG007_1-22_GRCh37_novoalign_Hiseq100X_sentieonHC.vcf.gz	200994690
release/ChineseTrio/HG007_NA24695_mother/NISTv3.3.2/GRCh37/supplementaryFiles/inputvcfsandbeds/HG007_1-22_GRCh37_novoalign_Hiseq100X_sentieonHC.vcf.gz.tbi	1549572
release/ChineseTrio/HG007_NA24695_mother/NISTv3.3.2/GRCh37/supplementaryFiles/inputvcfsandbeds/HG007_1-22_GRCh37_novoalign_Hiseq100X_sentieonHC_gvcf_callable.bed	16671217
release/ChineseTrio/HG007_NA24695_mother/NISTv3.3.2/GRCh37/supplementaryFiles/inputvcfsandbeds/md5sum	0
release/ChineseTrio/HG007_NA24695_mother/NISTv3.3.2/GRCh37/supplementaryFiles/inputvcfsandbeds/vcfBeta-GS000037477-ASM_callable_1-22.bed	23626520
release/ChineseTrio/HG007_NA24695_mother/NISTv3.3.2/GRCh37/supplementaryFiles/inputvcfsandbeds/vcfBeta-GS000037477-ASM_callable_1-22.vcf.gz	189879227
release/ChineseTrio/HG007_NA24695_mother/NISTv3.3.2/GRCh37/supplementaryFiles/inputvcfsandbeds/vcfBeta-GS000037477-ASM_callable_1-22.vcf.gz.tbi	1548202
release/ChineseTrio/HG007_NA24695_mother/NISTv3.3.2/GRCh37/supplementaryFiles/md5sum	744
release/ChineseTrio/HG007_NA24695_mother/NISTv3.3.2/GRCh38/HG007_GIAB_GRCh38_highconf_CG-IllFB-IllSNT-10X_CHROM1-22_v.3.3.2_highconf.vcf.gz	92929424
release/ChineseTrio/HG007_NA24695_mother/NISTv3.3.2/GRCh38/HG007_GIAB_GRCh38_highconf_CG-IllFB-IllSNT-10X_CHROM1-22_v.3.3.2_highconf.vcf.gz.tbi	1492070
release/ChineseTrio/HG007_NA24695_mother/NISTv3.3.2/GRCh38/HG007_GIAB_GRCh38_highconf_CG-IllFB-IllSNT-10X_CHROM1-22_v.3.3.2_highconf_noinconsistent.bed	26092317
release/ChineseTrio/HG007_NA24695_mother/NISTv3.3.2/GRCh38/README_NIST_v3.3.2.txt	18616
release/ChineseTrio/HG007_NA24695_mother/NISTv3.3.2/GRCh38/md5sum	0
release/ChineseTrio/HG007_NA24695_mother/NISTv3.3.2/GRCh38/supplementaryFiles/HG007_GIAB_GRCh38_highconf_CG-IllFB-IllSNT-10X_CHROM1-22_v.3.3.2_all.vcf.gz	151621446
release/ChineseTrio/HG007_NA24695_mother/NISTv3.3.2/GRCh38/supplementaryFiles/HG007_GIAB_GRCh38_highconf_CG-IllFB-IllSNT-10X_CHROM1-22_v.3.3.2_all.vcf.gz.tbi	1689752
release/ChineseTrio/HG007_NA24695_mother/NISTv3.3.2/GRCh38/supplementaryFiles/HG007_GIAB_GRCh38_highconf_CG-IllFB-IllSNT-10X_CHROM1-22_v.3.3.2_annotated.vcf.gz	576753243
release/ChineseTrio/HG007_NA24695_mother/NISTv3.3.2/GRCh38/supplementaryFiles/HG007_GIAB_GRCh38_highconf_CG-IllFB-IllSNT-10X_CHROM1-22_v.3.3.2_annotated.vcf.gz.tbi	1755762
release/ChineseTrio/HG007_NA24695_mother/NISTv3.3.2/GRCh38/supplementaryFiles/HG007_GIAB_GRCh38_highconf_CG-IllFB-IllSNT-10X_CHROM1-22_v.3.3.2_callablemultinter_gt0.bed	24222039
release/ChineseTrio/HG007_NA24695_mother/NISTv3.3.2/GRCh38/supplementaryFiles/HG007_GIAB_GRCh38_highconf_CG-IllFB-IllSNT-10X_CHROM1-22_v.3.3.2_filteredsites.bed	52747165
release/ChineseTrio/HG007_NA24695_mother/NISTv3.3.2/GRCh38/supplementaryFiles/inputvcfsandbeds/HG007_1-22_GRCh38_10X_sentieonHCbyhaplo.vcf.gz	80192567
release/ChineseTrio/HG007_NA24695_mother/NISTv3.3.2/GRCh38/supplementaryFiles/inputvcfsandbeds/HG007_1-22_GRCh38_10X_sentieonHCbyhaplo.vcf.gz.tbi	1483812
release/ChineseTrio/HG007_NA24695_mother/NISTv3.3.2/GRCh38/supplementaryFiles/inputvcfsandbeds/HG007_1-22_GRCh38_10X_sentieonHCbyhaplo_callable.bed	259266088
release/ChineseTrio/HG007_NA24695_mother/NISTv3.3.2/GRCh38/supplementaryFiles/inputvcfsandbeds/HG007_1-22_GRCh38_novoalign_6Kb_MatePair_FB.vcf.gz	416400408
release/ChineseTrio/HG007_NA24695_mother/NISTv3.3.2/GRCh38/supplementaryFiles/inputvcfsandbeds/HG007_1-22_GRCh38_novoalign_6Kb_MatePair_FB.vcf.gz.tbi	1676379
release/ChineseTrio/HG007_NA24695_mother/NISTv3.3.2/GRCh38/supplementaryFiles/inputvcfsandbeds/HG007_1-22_GRCh38_novoalign_6Kb_MatePair_callableloci.bed	4450372293
release/ChineseTrio/HG007_NA24695_mother/NISTv3.3.2/GRCh38/supplementaryFiles/inputvcfsandbeds/HG007_1-22_GRCh38_novoalign_6Kb_MatePair_sentieonHC.vcf.gz	163493330
release/ChineseTrio/HG007_NA24695_mother/NISTv3.3.2/GRCh38/supplementaryFiles/inputvcfsandbeds/HG007_1-22_GRCh38_novoalign_6Kb_MatePair_sentieonHC.vcf.gz.tbi	1553697
release/ChineseTrio/HG007_NA24695_mother/NISTv3.3.2/GRCh38/supplementaryFiles/inputvcfsandbeds/HG007_1-22_GRCh38_novoalign_6Kb_MatePair_sentieonHC_gvcf_callable.bed	6470479
release/ChineseTrio/HG007_NA24695_mother/NISTv3.3.2/GRCh38/supplementaryFiles/inputvcfsandbeds/HG007_1-22_GRCh38_novoalign_Hiseq100X_FB.vcf.gz	545142785
release/ChineseTrio/HG007_NA24695_mother/NISTv3.3.2/GRCh38/supplementaryFiles/inputvcfsandbeds/HG007_1-22_GRCh38_novoalign_Hiseq100X_FB.vcf.gz.tbi	1688414
release/ChineseTrio/HG007_NA24695_mother/NISTv3.3.2/GRCh38/supplementaryFiles/inputvcfsandbeds/HG007_1-22_GRCh38_novoalign_Hiseq100X_callableloci.bed	73527947
release/ChineseTrio/HG007_NA24695_mother/NISTv3.3.2/GRCh38/supplementaryFiles/inputvcfsandbeds/HG007_1-22_GRCh38_novoalign_Hiseq100X_sentieonHC.vcf.gz	213429672
release/ChineseTrio/HG007_NA24695_mother/NISTv3.3.2/GRCh38/supplementaryFiles/inputvcfsandbeds/HG007_1-22_GRCh38_novoalign_Hiseq100X_sentieonHC.vcf.gz.tbi	1590056
release/ChineseTrio/HG007_NA24695_mother/NISTv3.3.2/GRCh38/supplementaryFiles/inputvcfsandbeds/HG007_1-22_GRCh38_novoalign_Hiseq100X_sentieonHC_gvcf_callable.bed	19992714
release/ChineseTrio/HG007_NA24695_mother/NISTv3.3.2/GRCh38/supplementaryFiles/inputvcfsandbeds/HG007_1-22_convGRCh38_CG_vcfBeta-GS000037477-ASM.bed	26265745
release/ChineseTrio/HG007_NA24695_mother/NISTv3.3.2/GRCh38/supplementaryFiles/inputvcfsandbeds/HG007_1-22_convGRCh38_CG_vcfBeta-GS000037477-ASM_sorted.vcf.gz	169874323
release/ChineseTrio/HG007_NA24695_mother/NISTv3.3.2/GRCh38/supplementaryFiles/inputvcfsandbeds/HG007_1-22_convGRCh38_CG_vcfBeta-GS000037477-ASM_sorted.vcf.gz.tbi	1523003
release/ChineseTrio/HG007_NA24695_mother/NISTv3.3.2/GRCh38/supplementaryFiles/inputvcfsandbeds/md5sum	0
release/ChineseTrio/HG007_NA24695_mother/NISTv3.3.2/GRCh38/supplementaryFiles/md5sum	744
release/ChineseTrio/HG007_NA24695_mother/NISTv4.2.1/.DS_Store	10244
release/ChineseTrio/HG007_NA24695_mother/NISTv4.2.1/._.DS_Store	120
release/ChineseTrio/HG007_NA24695_mother/NISTv4.2.1/._README_v4.2.1.txt	730
release/ChineseTrio/HG007_NA24695_mother/NISTv4.2.1/GRCh37/.DS_Store	6148
release/ChineseTrio/HG007_NA24695_mother/NISTv4.2.1/GRCh37/._.DS_Store	120
release/ChineseTrio/HG007_NA24695_mother/NISTv4.2.1/GRCh37/._HG007_GRCh37_1_22_v4.2.1_benchmark.bed	643
release/ChineseTrio/HG007_NA24695_mother/NISTv4.2.1/GRCh37/._HG007_GRCh37_1_22_v4.2.1_benchmark.vcf.gz	643
release/ChineseTrio/HG007_NA24695_mother/NISTv4.2.1/GRCh37/._HG007_GRCh37_1_22_v4.2.1_benchmark.vcf.gz.tbi	643
release/ChineseTrio/HG007_NA24695_mother/NISTv4.2.1/GRCh37/HG007_GRCh37_1_22_v4.2.1_benchmark.bed	14301682
release/ChineseTrio/HG007_NA24695_mother/NISTv4.2.1/GRCh37/HG007_GRCh37_1_22_v4.2.1_benchmark.vcf.gz	123842349
release/ChineseTrio/HG007_NA24695_mother/NISTv4.2.1/GRCh37/HG007_GRCh37_1_22_v4.2.1_benchmark.vcf.gz.tbi	1591893
release/ChineseTrio/HG007_NA24695_mother/NISTv4.2.1/GRCh37/SupplementaryFiles/.DS_Store	6148
release/ChineseTrio/HG007_NA24695_mother/NISTv4.2.1/GRCh37/SupplementaryFiles/._.DS_Store	120
release/ChineseTrio/HG007_NA24695_mother/NISTv4.2.1/GRCh37/SupplementaryFiles/._HG007_GRCh37_1_22_v4_all.vcf.gz	612
release/ChineseTrio/HG007_NA24695_mother/NISTv4.2.1/GRCh37/SupplementaryFiles/._HG007_GRCh37_1_22_v4_all.vcf.gz.tbi	616
release/ChineseTrio/HG007_NA24695_mother/NISTv4.2.1/GRCh37/SupplementaryFiles/._HG007_GRCh37_1_22_v4_annotated.vcf.gz	618
release/ChineseTrio/HG007_NA24695_mother/NISTv4.2.1/GRCh37/SupplementaryFiles/._HG007_GRCh37_1_22_v4_annotated.vcf.gz.tbi	622
release/ChineseTrio/HG007_NA24695_mother/NISTv4.2.1/GRCh37/SupplementaryFiles/._HG007_GRCh37_1_22_v4_callablemultinter_gt0.bed	627
release/ChineseTrio/HG007_NA24695_mother/NISTv4.2.1/GRCh37/SupplementaryFiles/._HG007_GRCh37_1_22_v4_filteredsites.bed	619
release/ChineseTrio/HG007_NA24695_mother/NISTv4.2.1/GRCh37/SupplementaryFiles/HG007_GRCh37_1_22_v4_all.vcf.gz	204931066
release/ChineseTrio/HG007_NA24695_mother/NISTv4.2.1/GRCh37/SupplementaryFiles/HG007_GRCh37_1_22_v4_all.vcf.gz.tbi	1712409
release/ChineseTrio/HG007_NA24695_mother/NISTv4.2.1/GRCh37/SupplementaryFiles/HG007_GRCh37_1_22_v4_annotated.vcf.gz	1105603735
release/ChineseTrio/HG007_NA24695_mother/NISTv4.2.1/GRCh37/SupplementaryFiles/HG007_GRCh37_1_22_v4_annotated.vcf.gz.tbi	1909632
release/ChineseTrio/HG007_NA24695_mother/NISTv4.2.1/GRCh37/SupplementaryFiles/HG007_GRCh37_1_22_v4_callablemultinter_gt0.bed	14846207
release/ChineseTrio/HG007_NA24695_mother/NISTv4.2.1/GRCh37/SupplementaryFiles/HG007_GRCh37_1_22_v4_filteredsites.bed	38918763
release/ChineseTrio/HG007_NA24695_mother/NISTv4.2.1/GRCh37/SupplementaryFiles/inputvcfsandbeds/._HG007_GRCh37_1_22_10xGenomics.vcf.gz	176
release/ChineseTrio/HG007_NA24695_mother/NISTv4.2.1/GRCh37/SupplementaryFiles/inputvcfsandbeds/._HG007_GRCh37_1_22_PacBio_HiFi_GATK4.vcf.gz	596
release/ChineseTrio/HG007_NA24695_mother/NISTv4.2.1/GRCh37/SupplementaryFiles/inputvcfsandbeds/HG007_GRCh37_1_22_10xGenomics.vcf.gz	1202061845
release/ChineseTrio/HG007_NA24695_mother/NISTv4.2.1/GRCh37/SupplementaryFiles/inputvcfsandbeds/HG007_GRCh37_1_22_10xGenomics_callable.bed	41394480
release/ChineseTrio/HG007_NA24695_mother/NISTv4.2.1/GRCh37/SupplementaryFiles/inputvcfsandbeds/HG007_GRCh37_1_22_PacBio_HiFi_DeepVariant.vcf.gz	160951719
release/ChineseTrio/HG007_NA24695_mother/NISTv4.2.1/GRCh37/SupplementaryFiles/inputvcfsandbeds/HG007_GRCh37_1_22_PacBio_HiFi_DeepVariant_callable.bed	55261139
release/ChineseTrio/HG007_NA24695_mother/NISTv4.2.1/GRCh37/SupplementaryFiles/inputvcfsandbeds/HG007_GRCh37_1_22_PacBio_HiFi_GATK4.vcf.gz	269989633
release/ChineseTrio/HG007_NA24695_mother/NISTv4.2.1/GRCh37/SupplementaryFiles/inputvcfsandbeds/HG007_GRCh37_1_22_PacBio_HiFi_GATK4_callable.bed	775221
release/ChineseTrio/HG007_NA24695_mother/NISTv4.2.1/GRCh38/.DS_Store	6148
release/ChineseTrio/HG007_NA24695_mother/NISTv4.2.1/GRCh38/._.DS_Store	120
release/ChineseTrio/HG007_NA24695_mother/NISTv4.2.1/GRCh38/._HG007_GRCh38_1_22_v4.2.1_benchmark.bed	643
release/ChineseTrio/HG007_NA24695_mother/NISTv4.2.1/GRCh38/._HG007_GRCh38_1_22_v4.2.1_benchmark.vcf.gz	643
release/ChineseTrio/HG007_NA24695_mother/NISTv4.2.1/GRCh38/._HG007_GRCh38_1_22_v4.2.1_benchmark.vcf.gz.tbi	730
release/ChineseTrio/HG007_NA24695_mother/NISTv4.2.1/GRCh38/HG007_GRCh38_1_22_v4.2.1_benchmark.bed	16208979
release/ChineseTrio/HG007_NA24695_mother/NISTv4.2.1/GRCh38/HG007_GRCh38_1_22_v4.2.1_benchmark.vcf.gz	118171165
release/ChineseTrio/HG007_NA24695_mother/NISTv4.2.1/GRCh38/HG007_GRCh38_1_22_v4.2.1_benchmark.vcf.gz.tbi	1596141
release/ChineseTrio/HG007_NA24695_mother/NISTv4.2.1/GRCh38/SupplementaryFiles/.DS_Store	6148
release/ChineseTrio/HG007_NA24695_mother/NISTv4.2.1/GRCh38/SupplementaryFiles/._.DS_Store	120
release/ChineseTrio/HG007_NA24695_mother/NISTv4.2.1/GRCh38/SupplementaryFiles/._HG007_GRCh38_1_22_v4_all.vcf.gz	612
release/ChineseTrio/HG007_NA24695_mother/NISTv4.2.1/GRCh38/SupplementaryFiles/._HG007_GRCh38_1_22_v4_all.vcf.gz.tbi	616
release/ChineseTrio/HG007_NA24695_mother/NISTv4.2.1/GRCh38/SupplementaryFiles/._HG007_GRCh38_1_22_v4_annotated.vcf.gz	618
release/ChineseTrio/HG007_NA24695_mother/NISTv4.2.1/GRCh38/SupplementaryFiles/._HG007_GRCh38_1_22_v4_annotated.vcf.gz.tbi	622
release/ChineseTrio/HG007_NA24695_mother/NISTv4.2.1/GRCh38/SupplementaryFiles/._HG007_GRCh38_1_22_v4_callablemultinter_gt0.bed	627
release/ChineseTrio/HG007_NA24695_mother/NISTv4.2.1/GRCh38/SupplementaryFiles/._HG007_GRCh38_1_22_v4_filteredsites.bed	619
release/ChineseTrio/HG007_NA24695_mother/NISTv4.2.1/GRCh38/SupplementaryFiles/HG007_GRCh38_1_22_v4_all.vcf.gz	201978047
release/ChineseTrio/HG007_NA24695_mother/NISTv4.2.1/GRCh38/SupplementaryFiles/HG007_GRCh38_1_22_v4_all.vcf.gz.tbi	1749089
release/ChineseTrio/HG007_NA24695_mother/NISTv4.2.1/GRCh38/SupplementaryFiles/HG007_GRCh38_1_22_v4_annotated.vcf.gz	1112302165
release/ChineseTrio/HG007_NA24695_mother/NISTv4.2.1/GRCh38/SupplementaryFiles/HG007_GRCh38_1_22_v4_annotated.vcf.gz.tbi	1948599
release/ChineseTrio/HG007_NA24695_mother/NISTv4.2.1/GRCh38/SupplementaryFiles/HG007_GRCh38_1_22_v4_callablemultinter_gt0.bed	16011104
release/ChineseTrio/HG007_NA24695_mother/NISTv4.2.1/GRCh38/SupplementaryFiles/HG007_GRCh38_1_22_v4_filteredsites.bed	48169245
release/ChineseTrio/HG007_NA24695_mother/NISTv4.2.1/GRCh38/SupplementaryFiles/inputvcfsandbeds/._HG007_GRCh38_1_22_PacBio_HiFi_GATK4.vcf.gz	596
release/ChineseTrio/HG007_NA24695_mother/NISTv4.2.1/GRCh38/SupplementaryFiles/inputvcfsandbeds/HG007_GRCh38_1_22_10xGenomics.vcf.gz	1239489406
release/ChineseTrio/HG007_NA24695_mother/NISTv4.2.1/GRCh38/SupplementaryFiles/inputvcfsandbeds/HG007_GRCh38_1_22_10xGenomics_callable.bed	46035673
release/ChineseTrio/HG007_NA24695_mother/NISTv4.2.1/GRCh38/SupplementaryFiles/inputvcfsandbeds/HG007_GRCh38_1_22_PacBio_HiFi_DeepVariant.vcf.gz	168444501
release/ChineseTrio/HG007_NA24695_mother/NISTv4.2.1/GRCh38/SupplementaryFiles/inputvcfsandbeds/HG007_GRCh38_1_22_PacBio_HiFi_DeepVariant_callable.bed	72570720
release/ChineseTrio/HG007_NA24695_mother/NISTv4.2.1/GRCh38/SupplementaryFiles/inputvcfsandbeds/HG007_GRCh38_1_22_PacBio_HiFi_GATK4.vcf.gz	274919144
release/ChineseTrio/HG007_NA24695_mother/NISTv4.2.1/GRCh38/SupplementaryFiles/inputvcfsandbeds/HG007_GRCh38_1_22_PacBio_HiFi_GATK4_callable.bed	63815
release/ChineseTrio/HG007_NA24695_mother/NISTv4.2.1/README_v4.2.1.txt	19920
release/ChineseTrio/HG007_NA24695_mother/NISTv4.2.1/md5.in	3445
release/ChineseTrio/HG007_NA24695_mother/latest/GRCh37/.DS_Store	6148
release/ChineseTrio/HG007_NA24695_mother/latest/GRCh37/._.DS_Store	120
release/ChineseTrio/HG007_NA24695_mother/latest/GRCh37/._HG007_GRCh37_1_22_v4.2.1_benchmark.bed	643
release/ChineseTrio/HG007_NA24695_mother/latest/GRCh37/._HG007_GRCh37_1_22_v4.2.1_benchmark.vcf.gz	643
release/ChineseTrio/HG007_NA24695_mother/latest/GRCh37/._HG007_GRCh37_1_22_v4.2.1_benchmark.vcf.gz.tbi	643
release/ChineseTrio/HG007_NA24695_mother/latest/GRCh37/HG007_GRCh37_1_22_v4.2.1_benchmark.bed	14301682
release/ChineseTrio/HG007_NA24695_mother/latest/GRCh37/HG007_GRCh37_1_22_v4.2.1_benchmark.vcf.gz	123842349
release/ChineseTrio/HG007_NA24695_mother/latest/GRCh37/HG007_GRCh37_1_22_v4.2.1_benchmark.vcf.gz.tbi	1591893
release/ChineseTrio/HG007_NA24695_mother/latest/GRCh37/SupplementaryFiles/.DS_Store	6148
release/ChineseTrio/HG007_NA24695_mother/latest/GRCh37/SupplementaryFiles/._.DS_Store	120
release/ChineseTrio/HG007_NA24695_mother/latest/GRCh37/SupplementaryFiles/._HG007_GRCh37_1_22_v4_all.vcf.gz	612
release/ChineseTrio/HG007_NA24695_mother/latest/GRCh37/SupplementaryFiles/._HG007_GRCh37_1_22_v4_all.vcf.gz.tbi	616
release/ChineseTrio/HG007_NA24695_mother/latest/GRCh37/SupplementaryFiles/._HG007_GRCh37_1_22_v4_annotated.vcf.gz	618
release/ChineseTrio/HG007_NA24695_mother/latest/GRCh37/SupplementaryFiles/._HG007_GRCh37_1_22_v4_annotated.vcf.gz.tbi	622
release/ChineseTrio/HG007_NA24695_mother/latest/GRCh37/SupplementaryFiles/._HG007_GRCh37_1_22_v4_callablemultinter_gt0.bed	627
release/ChineseTrio/HG007_NA24695_mother/latest/GRCh37/SupplementaryFiles/._HG007_GRCh37_1_22_v4_filteredsites.bed	619
release/ChineseTrio/HG007_NA24695_mother/latest/GRCh37/SupplementaryFiles/HG007_GRCh37_1_22_v4_all.vcf.gz	204931066
release/ChineseTrio/HG007_NA24695_mother/latest/GRCh37/SupplementaryFiles/HG007_GRCh37_1_22_v4_all.vcf.gz.tbi	1712409
release/ChineseTrio/HG007_NA24695_mother/latest/GRCh37/SupplementaryFiles/HG007_GRCh37_1_22_v4_annotated.vcf.gz	1105603735
release/ChineseTrio/HG007_NA24695_mother/latest/GRCh37/SupplementaryFiles/HG007_GRCh37_1_22_v4_annotated.vcf.gz.tbi	1909632
release/ChineseTrio/HG007_NA24695_mother/latest/GRCh37/SupplementaryFiles/HG007_GRCh37_1_22_v4_callablemultinter_gt0.bed	14846207
release/ChineseTrio/HG007_NA24695_mother/latest/GRCh37/SupplementaryFiles/HG007_GRCh37_1_22_v4_filteredsites.bed	38918763
release/ChineseTrio/HG007_NA24695_mother/latest/GRCh37/SupplementaryFiles/inputvcfsandbeds/._HG007_GRCh37_1_22_10xGenomics.vcf.gz	176
release/ChineseTrio/HG007_NA24695_mother/latest/GRCh37/SupplementaryFiles/inputvcfsandbeds/._HG007_GRCh37_1_22_PacBio_HiFi_GATK4.vcf.gz	596
release/ChineseTrio/HG007_NA24695_mother/latest/GRCh37/SupplementaryFiles/inputvcfsandbeds/HG007_GRCh37_1_22_10xGenomics.vcf.gz	1202061845
release/ChineseTrio/HG007_NA24695_mother/latest/GRCh37/SupplementaryFiles/inputvcfsandbeds/HG007_GRCh37_1_22_10xGenomics_callable.bed	41394480
release/ChineseTrio/HG007_NA24695_mother/latest/GRCh37/SupplementaryFiles/inputvcfsandbeds/HG007_GRCh37_1_22_PacBio_HiFi_DeepVariant.vcf.gz	160951719
release/ChineseTrio/HG007_NA24695_mother/latest/GRCh37/SupplementaryFiles/inputvcfsandbeds/HG007_GRCh37_1_22_PacBio_HiFi_DeepVariant_callable.bed	55261139
release/ChineseTrio/HG007_NA24695_mother/latest/GRCh37/SupplementaryFiles/inputvcfsandbeds/HG007_GRCh37_1_22_PacBio_HiFi_GATK4.vcf.gz	269989633
release/ChineseTrio/HG007_NA24695_mother/latest/GRCh37/SupplementaryFiles/inputvcfsandbeds/HG007_GRCh37_1_22_PacBio_HiFi_GATK4_callable.bed	775221
release/ChineseTrio/HG007_NA24695_mother/latest/GRCh38/.DS_Store	6148
release/ChineseTrio/HG007_NA24695_mother/latest/GRCh38/._.DS_Store	120
release/ChineseTrio/HG007_NA24695_mother/latest/GRCh38/._HG007_GRCh38_1_22_v4.2.1_benchmark.bed	643
release/ChineseTrio/HG007_NA24695_mother/latest/GRCh38/._HG007_GRCh38_1_22_v4.2.1_benchmark.vcf.gz	643
release/ChineseTrio/HG007_NA24695_mother/latest/GRCh38/._HG007_GRCh38_1_22_v4.2.1_benchmark.vcf.gz.tbi	730
release/ChineseTrio/HG007_NA24695_mother/latest/GRCh38/HG007_GRCh38_1_22_v4.2.1_benchmark.bed	16208979
release/ChineseTrio/HG007_NA24695_mother/latest/GRCh38/HG007_GRCh38_1_22_v4.2.1_benchmark.vcf.gz	118171165
release/ChineseTrio/HG007_NA24695_mother/latest/GRCh38/HG007_GRCh38_1_22_v4.2.1_benchmark.vcf.gz.tbi	1596141
release/ChineseTrio/HG007_NA24695_mother/latest/GRCh38/SupplementaryFiles/.DS_Store	6148
release/ChineseTrio/HG007_NA24695_mother/latest/GRCh38/SupplementaryFiles/._.DS_Store	120
release/ChineseTrio/HG007_NA24695_mother/latest/GRCh38/SupplementaryFiles/._HG007_GRCh38_1_22_v4_all.vcf.gz	612
release/ChineseTrio/HG007_NA24695_mother/latest/GRCh38/SupplementaryFiles/._HG007_GRCh38_1_22_v4_all.vcf.gz.tbi	616
release/ChineseTrio/HG007_NA24695_mother/latest/GRCh38/SupplementaryFiles/._HG007_GRCh38_1_22_v4_annotated.vcf.gz	618
release/ChineseTrio/HG007_NA24695_mother/latest/GRCh38/SupplementaryFiles/._HG007_GRCh38_1_22_v4_annotated.vcf.gz.tbi	622
release/ChineseTrio/HG007_NA24695_mother/latest/GRCh38/SupplementaryFiles/._HG007_GRCh38_1_22_v4_callablemultinter_gt0.bed	627
release/ChineseTrio/HG007_NA24695_mother/latest/GRCh38/SupplementaryFiles/._HG007_GRCh38_1_22_v4_filteredsites.bed	619
release/ChineseTrio/HG007_NA24695_mother/latest/GRCh38/SupplementaryFiles/HG007_GRCh38_1_22_v4_all.vcf.gz	201978047
release/ChineseTrio/HG007_NA24695_mother/latest/GRCh38/SupplementaryFiles/HG007_GRCh38_1_22_v4_all.vcf.gz.tbi	1749089
release/ChineseTrio/HG007_NA24695_mother/latest/GRCh38/SupplementaryFiles/HG007_GRCh38_1_22_v4_annotated.vcf.gz	1112302165
release/ChineseTrio/HG007_NA24695_mother/latest/GRCh38/SupplementaryFiles/HG007_GRCh38_1_22_v4_annotated.vcf.gz.tbi	1948599
release/ChineseTrio/HG007_NA24695_mother/latest/GRCh38/SupplementaryFiles/HG007_GRCh38_1_22_v4_callablemultinter_gt0.bed	16011104
release/ChineseTrio/HG007_NA24695_mother/latest/GRCh38/SupplementaryFiles/HG007_GRCh38_1_22_v4_filteredsites.bed	48169245
release/ChineseTrio/HG007_NA24695_mother/latest/GRCh38/SupplementaryFiles/inputvcfsandbeds/._HG007_GRCh38_1_22_PacBio_HiFi_GATK4.vcf.gz	596
release/ChineseTrio/HG007_NA24695_mother/latest/GRCh38/SupplementaryFiles/inputvcfsandbeds/HG007_GRCh38_1_22_10xGenomics.vcf.gz	1239489406
release/ChineseTrio/HG007_NA24695_mother/latest/GRCh38/SupplementaryFiles/inputvcfsandbeds/HG007_GRCh38_1_22_10xGenomics_callable.bed	46035673
release/ChineseTrio/HG007_NA24695_mother/latest/GRCh38/SupplementaryFiles/inputvcfsandbeds/HG007_GRCh38_1_22_PacBio_HiFi_DeepVariant.vcf.gz	168444501
release/ChineseTrio/HG007_NA24695_mother/latest/GRCh38/SupplementaryFiles/inputvcfsandbeds/HG007_GRCh38_1_22_PacBio_HiFi_DeepVariant_callable.bed	72570720
release/ChineseTrio/HG007_NA24695_mother/latest/GRCh38/SupplementaryFiles/inputvcfsandbeds/HG007_GRCh38_1_22_PacBio_HiFi_GATK4.vcf.gz	274919144
release/ChineseTrio/HG007_NA24695_mother/latest/GRCh38/SupplementaryFiles/inputvcfsandbeds/HG007_GRCh38_1_22_PacBio_HiFi_GATK4_callable.bed	63815
release/ChineseTrio/HG007_NA24695_mother/latest/README_v4.2.1.txt	19920
release/ChineseTrio/HG007_NA24695_mother/latest/md5.in	3445
release/NA12878_HG001/GIABPedigreev0.2/NIST_RTG_PlatGen_merged_highconfidence_v0.2_Allannotate.vcf.gz	416564372
release/NA12878_HG001/GIABPedigreev0.2/README.GIAB.v0.2.txt	5472
release/NA12878_HG001/GIABPedigreev0.2/md5sum	676
release/NA12878_HG001/GIABPedigreev0.2/union13callableMQonlymerged_addcert_nouncert_excludesimplerep_excludesegdups_excludedecoy_excludeRepSeqSTRs_noCNVs_v2.19_2mindatasets_5minYesNoRatio_AddRTGPlatGenConf_filtNISTclustergt9_RemNISTfilt_RemPartComp_RemRep_RemPartComp_v0.2.bed.gz	23636750
release/NA12878_HG001/NISTv2.15/NIST_IntegratedCalls_12datasets_130517_HetHomVarPASS_VQSRv2.15.vcf.gz	357366634
release/NA12878_HG001/NISTv2.15/README.NIST.v2.15.txt	1971
release/NA12878_HG001/NISTv2.15/md5sum	423
release/NA12878_HG001/NISTv2.15/union12callableMQonlymerged_addcert_nouncert_excludesegdups_excludedecoy_noCNVs_v2.15b.bed.gz	17017111
release/NA12878_HG001/NISTv2.17/NISTIntegratedCalls_13datasets_130719_allcall_UGHapMerge_HetHomVarPASS_VQSRv2.17_all_nouncert_excludesimplerep_excludesegdups_excludedecoy_excludeRepSeqSTRs_noCNVs.vcf.gz	309224015
release/NA12878_HG001/NISTv2.17/README.NIST.v2.17.txt	12128
release/NA12878_HG001/NISTv2.17/md5sum	558
release/NA12878_HG001/NISTv2.17/union13callableMQonlymerged_addcert_nouncert_excludesimplerep_excludesegdups_excludedecoy_excludeRepSeqSTRs_noCNVs_v2.17.bed.gz	25111025
release/NA12878_HG001/NISTv2.18/NISTIntegratedCalls_14datasets_131103_allcall_UGHapMerge_HetHomVarPASS_VQSRv2.18_all_nouncert_excludesimplerep_excludesegdups_excludedecoy_excludeRepSeqSTRs_noCNVs.vcf.gz	327245685
release/NA12878_HG001/NISTv2.18/README.NIST.v2.18.txt	12620
release/NA12878_HG001/NISTv2.18/md5sum	586
release/NA12878_HG001/NISTv2.18/union13callableMQonlymerged_addcert_nouncert_excludesimplerep_excludesegdups_excludedecoy_excludeRepSeqSTRs_noCNVs_v2.18_2mindatasets_5minYesNoRatio.bed.gz	25810428
release/NA12878_HG001/NISTv2.19/NISTIntegratedCalls_14datasets_131103_allcall_UGHapMerge_HetHomVarPASS_VQSRv2.19_2mindatasets_5minYesNoRatio_all_nouncert_excludesimplerep_excludesegdups_excludedecoy_excludeRepSeqSTRs_noCNVs.vcf.gz	344226513
release/NA12878_HG001/NISTv2.19/README.NIST.v2.19.txt	7269
release/NA12878_HG001/NISTv2.19/md5sum	614
release/NA12878_HG001/NISTv2.19/union13callableMQonlymerged_addcert_nouncert_excludesimplerep_excludesegdups_excludedecoy_excludeRepSeqSTRs_noCNVs_v2.19_2mindatasets_5minYesNoRatio.bed.gz	24776747
release/NA12878_HG001/NISTv3.2.1/.DS_Store	6148
release/NA12878_HG001/NISTv3.2.1/NA12878_GIAB_highconf_CG-IllFB-IllGATKHC-Ion-Solid_ALLCHROM_v3.2.1_highconf.bed	46084559
release/NA12878_HG001/NISTv3.2.1/NA12878_GIAB_highconf_CG-IllFB-IllGATKHC-Ion-Solid_ALLCHROM_v3.2_highconf.vcf.gz	75326823
release/NA12878_HG001/NISTv3.2.1/NA12878_GIAB_highconf_CG-IllFB-IllGATKHC-Ion-Solid_ALLCHROM_v3.2_highconf.vcf.gz.tbi	1642647
release/NA12878_HG001/NISTv3.2.1/NISTv3.2.1.md5	498
release/NA12878_HG001/NISTv3.2.1/README_NISTv3.2.1.txt	8432
release/NA12878_HG001/NISTv3.2.1/supplementaryfiles/NA12878_GIAB_highconf_CG-IllFB-IllGATKHC-Ion-Solid_ALLCHROM_v3.2_all.vcf.gz	96580912
release/NA12878_HG001/NISTv3.2.1/supplementaryfiles/NA12878_GIAB_highconf_CG-IllFB-IllGATKHC-Ion-Solid_ALLCHROM_v3.2_all.vcf.gz.tbi	1694863
release/NA12878_HG001/NISTv3.2.1/supplementaryfiles/NA12878_GIAB_highconf_CG-IllFB-IllGATKHC-Ion-Solid_ALLCHROM_v3.2_callablemultinter_gt0.bed	3948857
release/NA12878_HG001/NISTv3.2.1/supplementaryfiles/NA12878_GIAB_highconf_CG-IllFB-IllGATKHC-Ion-Solid_ALLCHROM_v3.2_filteredsites.bed	22423120
release/NA12878_HG001/NISTv3.2.1/supplementaryfiles/NA12878_GIAB_highconf_CG-IllFB-IllGATKHC-Ion-Solid_CHROM1-22_v3.2.bed	43842785
release/NA12878_HG001/NISTv3.2.1/supplementaryfiles/NA12878_GIAB_highconf_CG-IllFB-IllGATKHC-Ion-Solid_CHROM1-22_v3.2_highconf.vcf.gz	72753475
release/NA12878_HG001/NISTv3.2.1/supplementaryfiles/NISTv3.2supp.md5	1088
release/NA12878_HG001/NISTv3.2.2/NA12878_GIAB_highconf_IllFB-IllGATKHC-CG-Ion-Solid_ALLCHROM_v3.2.2_highconf.bed	44360009
release/NA12878_HG001/NISTv3.2.2/NA12878_GIAB_highconf_IllFB-IllGATKHC-CG-Ion-Solid_ALLCHROM_v3.2.2_highconf.vcf.gz	77874603
release/NA12878_HG001/NISTv3.2.2/NA12878_GIAB_highconf_IllFB-IllGATKHC-CG-Ion-Solid_ALLCHROM_v3.2.2_highconf.vcf.gz.tbi	1663986
release/NA12878_HG001/NISTv3.2.2/NISTv3.2.2.md5	707
release/NA12878_HG001/NISTv3.2.2/README_NISTv3.2.2.txt	8706
release/NA12878_HG001/NISTv3.2.2/supplementaryfiles/NA12878_GIAB_highconf_IllFB-IllGATKHC-CG-Ion-Solid_ALLCHROM_v3.2.2_all.vcf.gz	99411626
release/NA12878_HG001/NISTv3.2.2/supplementaryfiles/NA12878_GIAB_highconf_IllFB-IllGATKHC-CG-Ion-Solid_ALLCHROM_v3.2.2_all.vcf.gz.tbi	1705512
release/NA12878_HG001/NISTv3.2.2/supplementaryfiles/NA12878_GIAB_highconf_IllFB-IllGATKHC-CG-Ion-Solid_ALLCHROM_v3.2.2_callablemultinter_gt0.bed	3948857
release/NA12878_HG001/NISTv3.2.2/supplementaryfiles/NA12878_GIAB_highconf_IllFB-IllGATKHC-CG-Ion-Solid_ALLCHROM_v3.2.2_filteredsites.bed	19635740
release/NA12878_HG001/NISTv3.2.2/supplementaryfiles/NA12878_GIAB_highconf_IllFB-IllGATKHC-CG-Ion-Solid_CHROM1-22_v3.2.2_highconf.bed	42241729
release/NA12878_HG001/NISTv3.2.2/supplementaryfiles/NA12878_GIAB_highconf_IllFB-IllGATKHC-CG-Ion-Solid_CHROM1-22_v3.2.2_highconf.vcf.gz	75301261
release/NA12878_HG001/NISTv3.2.2/supplementaryfiles/NA12878_GIAB_highconf_IllFB-IllGATKHC-CG-Ion-Solid_CHROM1-22_v3.2.2_highconf.vcf.gz.tbi	1579776
release/NA12878_HG001/NISTv3.2.2/supplementaryfiles/NISTv3.2.2_supp.md5	1312
release/NA12878_HG001/NISTv3.2/NA12878_GIAB_highconf_CG-IllFB-IllGATKHC-Ion-Solid_ALLCHROM_v3.2_highconf.bed	45943235
release/NA12878_HG001/NISTv3.2/NA12878_GIAB_highconf_CG-IllFB-IllGATKHC-Ion-Solid_ALLCHROM_v3.2_highconf.vcf.gz	75326823
release/NA12878_HG001/NISTv3.2/NA12878_GIAB_highconf_CG-IllFB-IllGATKHC-Ion-Solid_ALLCHROM_v3.2_highconf.vcf.gz.tbi	1642647
release/NA12878_HG001/NISTv3.2/NISTv3.2.md5	592
release/NA12878_HG001/NISTv3.2/README_NISTv3.2.txt	7694
release/NA12878_HG001/NISTv3.2/supplementaryfiles/NA12878_GIAB_highconf_CG-IllFB-IllGATKHC-Ion-Solid_ALLCHROM_v3.2_all.vcf.gz	96580912
release/NA12878_HG001/NISTv3.2/supplementaryfiles/NA12878_GIAB_highconf_CG-IllFB-IllGATKHC-Ion-Solid_ALLCHROM_v3.2_all.vcf.gz.tbi	1694863
release/NA12878_HG001/NISTv3.2/supplementaryfiles/NA12878_GIAB_highconf_CG-IllFB-IllGATKHC-Ion-Solid_ALLCHROM_v3.2_callablemultinter_gt0.bed	3948857
release/NA12878_HG001/NISTv3.2/supplementaryfiles/NA12878_GIAB_highconf_CG-IllFB-IllGATKHC-Ion-Solid_ALLCHROM_v3.2_filteredsites.bed	22423120
release/NA12878_HG001/NISTv3.2/supplementaryfiles/NA12878_GIAB_highconf_CG-IllFB-IllGATKHC-Ion-Solid_CHROM1-22_v3.2.bed	43842785
release/NA12878_HG001/NISTv3.2/supplementaryfiles/NA12878_GIAB_highconf_CG-IllFB-IllGATKHC-Ion-Solid_CHROM1-22_v3.2_highconf.vcf.gz	72753475
release/NA12878_HG001/NISTv3.2/supplementaryfiles/NISTv3.2supp.md5	1088
release/NA12878_HG001/NISTv3.3.1/.DS_Store	6148
release/NA12878_HG001/NISTv3.3.1/GRCh37/.DS_Store	6148
release/NA12878_HG001/NISTv3.3.1/GRCh37/HG001_GRCh37_GIAB_highconf_CG-IllFB-IllGATKHC-Ion-10X-SOLID_CHROM1-X_v.3.3.1_highconf.bed	9570241
release/NA12878_HG001/NISTv3.3.1/GRCh37/HG001_GRCh37_GIAB_highconf_CG-IllFB-IllGATKHC-Ion-10X-SOLID_CHROM1-X_v.3.3.1_highconf_phased.vcf.gz	130783926
release/NA12878_HG001/NISTv3.3.1/GRCh37/HG001_GRCh37_GIAB_highconf_CG-IllFB-IllGATKHC-Ion-10X-SOLID_CHROM1-X_v.3.3.1_highconf_phased.vcf.gz.tbi	1606070
release/NA12878_HG001/NISTv3.3.1/GRCh37/README_NISTv3.3.1.txt	14918
release/NA12878_HG001/NISTv3.3.1/GRCh37/md5sum	480
release/NA12878_HG001/NISTv3.3.1/GRCh37/supplementaryFiles/HG001_GRCh37_GIAB_highconf_CG-IllFB-IllGATKHC-Ion-10X-SOLID_CHROM1-X_v.3.3.1_all.vcf.gz	170262652
release/NA12878_HG001/NISTv3.3.1/GRCh37/supplementaryFiles/HG001_GRCh37_GIAB_highconf_CG-IllFB-IllGATKHC-Ion-10X-SOLID_CHROM1-X_v.3.3.1_all.vcf.gz.tbi	1718459
release/NA12878_HG001/NISTv3.3.1/GRCh37/supplementaryFiles/HG001_GRCh37_GIAB_highconf_CG-IllFB-IllGATKHC-Ion-10X-SOLID_CHROM1-X_v.3.3.1_callablemultinter_gt0.bed	4339255
release/NA12878_HG001/NISTv3.3.1/GRCh37/supplementaryFiles/HG001_GRCh37_GIAB_highconf_CG-IllFB-IllGATKHC-Ion-10X-SOLID_CHROM1-X_v.3.3.1_filteredsites.bed	31696944
release/NA12878_HG001/NISTv3.3.1/GRCh37/supplementaryFiles/HG001_GRCh37_GIAB_highconf_CG-IllFB-IllGATKHC-Ion-10X-SOLID_CHROM1-X_v.3.3.1_highconf.vcf.gz	128002110
release/NA12878_HG001/NISTv3.3.1/GRCh37/supplementaryFiles/HG001_GRCh37_GIAB_highconf_CG-IllFB-IllGATKHC-Ion-10X-SOLID_CHROM1-X_v.3.3.1_highconf.vcf.gz.tbi	1603068
release/NA12878_HG001/NISTv3.3.1/GRCh37/supplementaryFiles/md5sum	814
release/NA12878_HG001/NISTv3.3.1/GRCh38/.DS_Store	6148
release/NA12878_HG001/NISTv3.3.1/GRCh38/HG001_GRCh38_GIAB_highconf_CG-IllFB-IllGATKHC-Ion-10X-SOLID_CHROM1-X_v.3.3.1_highconf_noCENorHET7.bed	7510047
release/NA12878_HG001/NISTv3.3.1/GRCh38/HG001_GRCh38_GIAB_highconf_CG-IllFB-IllGATKHC-Ion-10X-SOLID_CHROM1-X_v.3.3.1_highconf_phased.vcf.gz	106366697
release/NA12878_HG001/NISTv3.3.1/GRCh38/HG001_GRCh38_GIAB_highconf_CG-IllFB-IllGATKHC-Ion-10X-SOLID_CHROM1-X_v.3.3.1_highconf_phased.vcf.gz.tbi	1519511
release/NA12878_HG001/NISTv3.3.1/GRCh38/README_NISTv3.3.1.txt	14918
release/NA12878_HG001/NISTv3.3.1/GRCh38/md5sum	492
release/NA12878_HG001/NISTv3.3.1/GRCh38/supplementaryFiles/HG001_GRCh38_GIAB_highconf_CG-IllFB-IllGATKHC-Ion-10X-SOLID_CHROM1-X_v.3.3.1_all.vcf.gz	150192827
release/NA12878_HG001/NISTv3.3.1/GRCh38/supplementaryFiles/HG001_GRCh38_GIAB_highconf_CG-IllFB-IllGATKHC-Ion-10X-SOLID_CHROM1-X_v.3.3.1_all.vcf.gz.tbi	1756655
release/NA12878_HG001/NISTv3.3.1/GRCh38/supplementaryFiles/HG001_GRCh38_GIAB_highconf_CG-IllFB-IllGATKHC-Ion-10X-SOLID_CHROM1-X_v.3.3.1_callablemultinter_gt0.bed	3177071
release/NA12878_HG001/NISTv3.3.1/GRCh38/supplementaryFiles/HG001_GRCh38_GIAB_highconf_CG-IllFB-IllGATKHC-Ion-10X-SOLID_CHROM1-X_v.3.3.1_filteredsites.bed	48916045
release/NA12878_HG001/NISTv3.3.1/GRCh38/supplementaryFiles/HG001_GRCh38_GIAB_highconf_CG-IllFB-IllGATKHC-Ion-10X-SOLID_CHROM1-X_v.3.3.1_highconf.vcf.gz	103698031
release/NA12878_HG001/NISTv3.3.1/GRCh38/supplementaryFiles/HG001_GRCh38_GIAB_highconf_CG-IllFB-IllGATKHC-Ion-10X-SOLID_CHROM1-X_v.3.3.1_highconf.vcf.gz.tbi	1517051
release/NA12878_HG001/NISTv3.3.1/GRCh38/supplementaryFiles/md5sum	814
release/NA12878_HG001/NISTv3.3.2/.DS_Store	10244
release/NA12878_HG001/NISTv3.3.2/GRCh37/.DS_Store	8196
release/NA12878_HG001/NISTv3.3.2/GRCh37/HG001_GRCh37_GIAB_highconf_CG-IllFB-IllGATKHC-Ion-10X-SOLID_CHROM1-X_v.3.3.2_highconf_PGandRTGphasetransfer.vcf.gz	134602007
release/NA12878_HG001/NISTv3.3.2/GRCh37/HG001_GRCh37_GIAB_highconf_CG-IllFB-IllGATKHC-Ion-10X-SOLID_CHROM1-X_v.3.3.2_highconf_PGandRTGphasetransfer.vcf.gz.tbi	1607059
release/NA12878_HG001/NISTv3.3.2/GRCh37/HG001_GRCh37_GIAB_highconf_CG-IllFB-IllGATKHC-Ion-10X-SOLID_CHROM1-X_v.3.3.2_highconf_nosomaticdel.bed	12496110
release/NA12878_HG001/NISTv3.3.2/GRCh37/md5sum	460
release/NA12878_HG001/NISTv3.3.2/GRCh37/supplementaryFiles/.DS_Store	8196
release/NA12878_HG001/NISTv3.3.2/GRCh37/supplementaryFiles/HG001_GRCh37_GIAB_highconf_CG-IllFB-IllGATKHC-Ion-10X-SOLID_CHROM1-X_v.3.3.2_all.vcf.gz	182473391
release/NA12878_HG001/NISTv3.3.2/GRCh37/supplementaryFiles/HG001_GRCh37_GIAB_highconf_CG-IllFB-IllGATKHC-Ion-10X-SOLID_CHROM1-X_v.3.3.2_all.vcf.gz.tbi	1738453
release/NA12878_HG001/NISTv3.3.2/GRCh37/supplementaryFiles/HG001_GRCh37_GIAB_highconf_CG-IllFB-IllGATKHC-Ion-10X-SOLID_CHROM1-X_v.3.3.2_annotated.vcf.gz	581799173
release/NA12878_HG001/NISTv3.3.2/GRCh37/supplementaryFiles/HG001_GRCh37_GIAB_highconf_CG-IllFB-IllGATKHC-Ion-10X-SOLID_CHROM1-X_v.3.3.2_annotated.vcf.gz.tbi	1818909
release/NA12878_HG001/NISTv3.3.2/GRCh37/supplementaryFiles/HG001_GRCh37_GIAB_highconf_CG-IllFB-IllGATKHC-Ion-10X-SOLID_CHROM1-X_v.3.3.2_callablemultinter_gt0.bed	10068768
release/NA12878_HG001/NISTv3.3.2/GRCh37/supplementaryFiles/HG001_GRCh37_GIAB_highconf_CG-IllFB-IllGATKHC-Ion-10X-SOLID_CHROM1-X_v.3.3.2_filteredsites.bed	33237395
release/NA12878_HG001/NISTv3.3.2/GRCh37/supplementaryFiles/HG001_GRCh37_GIAB_highconf_CG-IllFB-IllGATKHC-Ion-10X-SOLID_CHROM1-X_v.3.3.2_highconf.bed	12505791
release/NA12878_HG001/NISTv3.3.2/GRCh37/supplementaryFiles/HG001_GRCh37_GIAB_highconf_CG-IllFB-IllGATKHC-Ion-10X-SOLID_CHROM1-X_v.3.3.2_highconf.vcf.gz	129904489
release/NA12878_HG001/NISTv3.3.2/GRCh37/supplementaryFiles/HG001_GRCh37_GIAB_highconf_CG-IllFB-IllGATKHC-Ion-10X-SOLID_CHROM1-X_v.3.3.2_highconf.vcf.gz.tbi	1601917
release/NA12878_HG001/NISTv3.3.2/GRCh37/supplementaryFiles/NA12878_somaticdel_GRCh37.bed	21
release/NA12878_HG001/NISTv3.3.2/GRCh37/supplementaryFiles/inputvcfsandbeds/HG001_GRCh37_CHROM1-MT_novoalign_Ilmn150bp300X_FB.vcf.gz	598748432
release/NA12878_HG001/NISTv3.3.2/GRCh37/supplementaryFiles/inputvcfsandbeds/HG001_GRCh37_CHROM1-MT_novoalign_Ilmn150bp300X_FB.vcf.gz.tbi	1746716
release/NA12878_HG001/NISTv3.3.2/GRCh37/supplementaryFiles/inputvcfsandbeds/HG001_GRCh37_CHROM1-MT_novoalign_Ilmn150bp300X_GATKHC.vcf.gz	265313268
release/NA12878_HG001/NISTv3.3.2/GRCh37/supplementaryFiles/inputvcfsandbeds/HG001_GRCh37_CHROM1-MT_novoalign_Ilmn150bp300X_GATKHC.vcf.gz.tbi	1645715
release/NA12878_HG001/NISTv3.3.2/GRCh37/supplementaryFiles/inputvcfsandbeds/HG001_GRCh37_CHROM1-MT_novoalign_Ilmn150bp300X_callableloci.bed	14973617
release/NA12878_HG001/NISTv3.3.2/GRCh37/supplementaryFiles/inputvcfsandbeds/HG001_GRCh37_CHROM1-X_10X_GATKHCbyhaplo.vcf.gz	109714549
release/NA12878_HG001/NISTv3.3.2/GRCh37/supplementaryFiles/inputvcfsandbeds/HG001_GRCh37_CHROM1-X_10X_GATKHCbyhaplo.vcf.gz.tbi	1554668
release/NA12878_HG001/NISTv3.3.2/GRCh37/supplementaryFiles/inputvcfsandbeds/HG001_GRCh37_CHROM1-X_10X_GATKHCbyhaplo_callable.bed	93336799
release/NA12878_HG001/NISTv3.3.2/GRCh37/supplementaryFiles/inputvcfsandbeds/HG001_GRCh37_CHROM1-X_TSVC_variants_defaultlowsetting.vcf.gz	4715398
release/NA12878_HG001/NISTv3.3.2/GRCh37/supplementaryFiles/inputvcfsandbeds/HG001_GRCh37_CHROM1-X_TSVC_variants_defaultlowsetting.vcf.gz.tbi	210832
release/NA12878_HG001/NISTv3.3.2/GRCh37/supplementaryFiles/inputvcfsandbeds/HG001_GRCh37_CHROM1-X_TSVC_variants_defaultlowsetting_callable.bed	13866971
release/NA12878_HG001/NISTv3.3.2/GRCh37/supplementaryFiles/inputvcfsandbeds/HG001_GRCh37_CHROM1-X_novoalign_Ilmn150bp300X_GATKHC_gvcf_callable.bed	11846760
release/NA12878_HG001/NISTv3.3.2/GRCh37/supplementaryFiles/inputvcfsandbeds/HG001_GRCh37_CHROM1-X_vcfBeta-GS000025639-ASM.bed	26093197
release/NA12878_HG001/NISTv3.3.2/GRCh37/supplementaryFiles/inputvcfsandbeds/HG001_GRCh37_CHROM1-X_vcfBeta-GS000025639-ASM.vcf.gz	201219647
release/NA12878_HG001/NISTv3.3.2/GRCh37/supplementaryFiles/inputvcfsandbeds/HG001_GRCh37_CHROM1-X_vcfBeta-GS000025639-ASM.vcf.gz.tbi	1641684
release/NA12878_HG001/NISTv3.3.2/GRCh37/supplementaryFiles/inputvcfsandbeds/HG001_GRCh37_CHROM1-Y_solid5500_PE50x50bp_GATKHC.vcf.gz	59390999
release/NA12878_HG001/NISTv3.3.2/GRCh37/supplementaryFiles/inputvcfsandbeds/HG001_GRCh37_CHROM1-Y_solid5500_PE50x50bp_GATKHC.vcf.gz.tbi	1486193
release/NA12878_HG001/NISTv3.3.2/GRCh37/supplementaryFiles/inputvcfsandbeds/HG001_GRCh37_CHROM1-Y_solid5500_SE75bp_GATKHC.vcf.gz	142314332
release/NA12878_HG001/NISTv3.3.2/GRCh37/supplementaryFiles/inputvcfsandbeds/HG001_GRCh37_CHROM1-Y_solid5500_SE75bp_GATKHC.vcf.gz.tbi	1577608
release/NA12878_HG001/NISTv3.3.2/GRCh37/supplementaryFiles/inputvcfsandbeds/md5sum	1888
release/NA12878_HG001/NISTv3.3.2/GRCh37/supplementaryFiles/md5sum	1338
release/NA12878_HG001/NISTv3.3.2/GRCh38/.DS_Store	8196
release/NA12878_HG001/NISTv3.3.2/GRCh38/HG001_GRCh38_GIAB_highconf_CG-IllFB-IllGATKHC-Ion-10X-SOLID_CHROM1-X_v.3.3.2_highconf_PGandRTGphasetransfer.vcf.gz	107068737
release/NA12878_HG001/NISTv3.3.2/GRCh38/HG001_GRCh38_GIAB_highconf_CG-IllFB-IllGATKHC-Ion-10X-SOLID_CHROM1-X_v.3.3.2_highconf_PGandRTGphasetransfer.vcf.gz.tbi	1516519
release/NA12878_HG001/NISTv3.3.2/GRCh38/HG001_GRCh38_GIAB_highconf_CG-IllFB-IllGATKHC-Ion-10X-SOLID_CHROM1-X_v.3.3.2_highconf_nosomaticdel_noCENorHET7.bed	10483735
release/NA12878_HG001/NISTv3.3.2/GRCh38/md5sum	472
release/NA12878_HG001/NISTv3.3.2/GRCh38/supplementaryFiles/.DS_Store	6148
release/NA12878_HG001/NISTv3.3.2/GRCh38/supplementaryFiles/HG001_GRCh38_GIAB_highconf_CG-IllFB-IllGATKHC-Ion-10X-SOLID_CHROM1-X_v.3.3.2_all.vcf.gz	158980453
release/NA12878_HG001/NISTv3.3.2/GRCh38/supplementaryFiles/HG001_GRCh38_GIAB_highconf_CG-IllFB-IllGATKHC-Ion-10X-SOLID_CHROM1-X_v.3.3.2_all.vcf.gz.tbi	1769250
release/NA12878_HG001/NISTv3.3.2/GRCh38/supplementaryFiles/HG001_GRCh38_GIAB_highconf_CG-IllFB-IllGATKHC-Ion-10X-SOLID_CHROM1-X_v.3.3.2_annotated.vcf.gz	552074467
release/NA12878_HG001/NISTv3.3.2/GRCh38/supplementaryFiles/HG001_GRCh38_GIAB_highconf_CG-IllFB-IllGATKHC-Ion-10X-SOLID_CHROM1-X_v.3.3.2_annotated.vcf.gz.tbi	1838565
release/NA12878_HG001/NISTv3.3.2/GRCh38/supplementaryFiles/HG001_GRCh38_GIAB_highconf_CG-IllFB-IllGATKHC-Ion-10X-SOLID_CHROM1-X_v.3.3.2_callablemultinter_gt0.bed	7724817
release/NA12878_HG001/NISTv3.3.2/GRCh38/supplementaryFiles/HG001_GRCh38_GIAB_highconf_CG-IllFB-IllGATKHC-Ion-10X-SOLID_CHROM1-X_v.3.3.2_filteredsites.bed	51099288
release/NA12878_HG001/NISTv3.3.2/GRCh38/supplementaryFiles/HG001_GRCh38_GIAB_highconf_CG-IllFB-IllGATKHC-Ion-10X-SOLID_CHROM1-X_v.3.3.2_highconf.bed	10997443
release/NA12878_HG001/NISTv3.3.2/GRCh38/supplementaryFiles/HG001_GRCh38_GIAB_highconf_CG-IllFB-IllGATKHC-Ion-10X-SOLID_CHROM1-X_v.3.3.2_highconf.vcf.gz	103560201
release/NA12878_HG001/NISTv3.3.2/GRCh38/supplementaryFiles/HG001_GRCh38_GIAB_highconf_CG-IllFB-IllGATKHC-Ion-10X-SOLID_CHROM1-X_v.3.3.2_highconf.vcf.gz.tbi	1511212
release/NA12878_HG001/NISTv3.3.2/GRCh38/supplementaryFiles/HG001_GRCh38_GIAB_highconf_CG-IllFB-IllGATKHC-Ion-10X-SOLID_CHROM1-X_v.3.3.2_highconf_nosomaticdel.bed	10983235
release/NA12878_HG001/NISTv3.3.2/GRCh38/supplementaryFiles/NA12878_somaticdel_GRCh38.bed	24
release/NA12878_HG001/NISTv3.3.2/GRCh38/supplementaryFiles/genomic_regions_definitions_heterochrom.bed	23
release/NA12878_HG001/NISTv3.3.2/GRCh38/supplementaryFiles/genomic_regions_definitions_modeledcentromere.bed	567
release/NA12878_HG001/NISTv3.3.2/GRCh38/supplementaryFiles/inputvcfsandbeds/.DS_Store	6148
release/NA12878_HG001/NISTv3.3.2/GRCh38/supplementaryFiles/inputvcfsandbeds/HG001_GRCh38_CHROM1-X_10X_GATKHCbyhaplo.vcf.gz	91100614
release/NA12878_HG001/NISTv3.3.2/GRCh38/supplementaryFiles/inputvcfsandbeds/HG001_GRCh38_CHROM1-X_10X_GATKHCbyhaplo.vcf.gz.tbi	1568456
release/NA12878_HG001/NISTv3.3.2/GRCh38/supplementaryFiles/inputvcfsandbeds/HG001_GRCh38_CHROM1-X_10X_GATKHCbyhaplo_callable.bed.txt	6640768
release/NA12878_HG001/NISTv3.3.2/GRCh38/supplementaryFiles/inputvcfsandbeds/HG001_GRCh38_CHROM1-X_novoalign_150bp300x_GATKHC_gvcf_callable.bed	14737970
release/NA12878_HG001/NISTv3.3.2/GRCh38/supplementaryFiles/inputvcfsandbeds/HG001_GRCh38_CHROM1-X_novoalign_150bp300x_callableloci.bed.txt	33768726
release/NA12878_HG001/NISTv3.3.2/GRCh38/supplementaryFiles/inputvcfsandbeds/HG001_GRCh38_CHROM1-X_novoalign_Ilmn150bp300X_FB.vcf.gz	641404023
release/NA12878_HG001/NISTv3.3.2/GRCh38/supplementaryFiles/inputvcfsandbeds/HG001_GRCh38_CHROM1-X_novoalign_Ilmn150bp300X_FB.vcf.gz.tbi	1790148
release/NA12878_HG001/NISTv3.3.2/GRCh38/supplementaryFiles/inputvcfsandbeds/HG001_GRCh38_CHROM1-X_novoalign_Ilmn150bp300x_GATKHC.vcf.gz	258437952
release/NA12878_HG001/NISTv3.3.2/GRCh38/supplementaryFiles/inputvcfsandbeds/HG001_GRCh38_CHROM1-X_novoalign_Ilmn150bp300x_GATKHC.vcf.gz.tbi	1681583
release/NA12878_HG001/NISTv3.3.2/GRCh38/supplementaryFiles/inputvcfsandbeds/HG001__convGRCh38_CHROM1-X_CG_vcfBeta-GS000025639-ASM.vcf.gz.tbi	1577086
release/NA12878_HG001/NISTv3.3.2/GRCh38/supplementaryFiles/inputvcfsandbeds/HG001_convGRCh38_CHROM1-X_CG_vcfBeta-GS000025639-ASM.vcf.gz	122271248
release/NA12878_HG001/NISTv3.3.2/GRCh38/supplementaryFiles/inputvcfsandbeds/HG001_convGRCh38_CHROM1-X_CG_vcfBeta-GS000025639-ASM_confident_regions.bed.bed	28980482
release/NA12878_HG001/NISTv3.3.2/GRCh38/supplementaryFiles/inputvcfsandbeds/HG001_convGRCh38_CHROM1-X_IonXpress_TSVC_variants_downlowsetting.vcf.gz	1047172
release/NA12878_HG001/NISTv3.3.2/GRCh38/supplementaryFiles/inputvcfsandbeds/HG001_convGRCh38_CHROM1-X_IonXpress_TSVC_variants_downlowsetting.vcf.gz.tbi	187920
release/NA12878_HG001/NISTv3.3.2/GRCh38/supplementaryFiles/inputvcfsandbeds/HG001_convGRCh38_CHROM1-X_IonXpress_TSVC_variants_downlowsetting_confident_regions.bed	11061976
release/NA12878_HG001/NISTv3.3.2/GRCh38/supplementaryFiles/inputvcfsandbeds/HG001_convGRCh38_CHROM1-X_solid5500_PE50x50bp_GATKHC.vcf.gz	27568361
release/NA12878_HG001/NISTv3.3.2/GRCh38/supplementaryFiles/inputvcfsandbeds/HG001_convGRCh38_CHROM1-X_solid5500_PE50x50bp_GATKHC.vcf.gz.tbi	1443002
release/NA12878_HG001/NISTv3.3.2/GRCh38/supplementaryFiles/inputvcfsandbeds/HG001_convGRCh38_CHROM1-X_solid5500_SE75bp_GATKHC.vcf.gz	60247182
release/NA12878_HG001/NISTv3.3.2/GRCh38/supplementaryFiles/inputvcfsandbeds/HG001_convGRCh38_CHROM1-X_solid5500_SE75bp_GATKHC.vcf.gz.tbi	1513201
release/NA12878_HG001/NISTv3.3.2/GRCh38/supplementaryFiles/inputvcfsandbeds/md5sum	2033
release/NA12878_HG001/NISTv3.3.2/GRCh38/supplementaryFiles/md5sum	1610
release/NA12878_HG001/NISTv3.3.2/README_NISTv3.3.2.txt	18494
release/NA12878_HG001/NISTv3.3/NA12878_GIAB_highconf_CG-IllFB-IllGATKHC-Ion-Solid-10X_CHROM1-X_v3.3_highconf.bed	14725868
release/NA12878_HG001/NISTv3.3/NA12878_GIAB_highconf_CG-IllFB-IllGATKHC-Ion-Solid-10X_CHROM1-X_v3.3_highconf.vcf.gz	122051465
release/NA12878_HG001/NISTv3.3/NA12878_GIAB_highconf_CG-IllFB-IllGATKHC-Ion-Solid-10X_CHROM1-X_v3.3_highconf.vcf.gz.tbi	1598495
release/NA12878_HG001/NISTv3.3/NISTv3.3.md5	494
release/NA12878_HG001/NISTv3.3/README_NISTv3.3.txt	10602
release/NA12878_HG001/NISTv3.3/supplementaryFiles/.DS_Store	6148
release/NA12878_HG001/NISTv3.3/supplementaryFiles/AllRepeats_51to200bp_gt95identity_merged_slop5.bed.gz	618406
release/NA12878_HG001/NISTv3.3/supplementaryFiles/AllRepeats_gt200bp_gt95identity_merged_sort.bed	270088
release/NA12878_HG001/NISTv3.3/supplementaryFiles/AllRepeats_lt51bp_gt95identity_merged_slop5.bed.gz	37773073
release/NA12878_HG001/NISTv3.3/supplementaryFiles/NA12878_GIAB_highconf_CG-IllFB-IllGATKHC-Ion-Solid-10X_CHROM1-X_v3.3_all.vcf.gz	173773761
release/NA12878_HG001/NISTv3.3/supplementaryFiles/NA12878_GIAB_highconf_CG-IllFB-IllGATKHC-Ion-Solid-10X_CHROM1-X_v3.3_all.vcf.gz.tbi	1724806
release/NA12878_HG001/NISTv3.3/supplementaryFiles/NA12878_GIAB_highconf_CG-IllFB-IllGATKHC-Ion-Solid-10X_CHROM1-X_v3.3_callablemultinter_gt0.bed	12822586
release/NA12878_HG001/NISTv3.3/supplementaryFiles/NA12878_GIAB_highconf_CG-IllFB-IllGATKHC-Ion-Solid-10X_CHROM1-X_v3.3_filteredsites.bed	35728269
release/NA12878_HG001/NISTv3.3/supplementaryFiles/NISTv3.3_supp.md5	1096
release/NA12878_HG001/NISTv3.3/supplementaryFiles/PacBio_MetaSV_svclassify_mergedSVs.bed	547505
release/NA12878_HG001/NISTv3.3/supplementaryFiles/SimpleRepeat_imperfecthomopolgt10_slop5.bed.gz	14800766
release/NA12878_HG001/NISTv3.3/supplementaryFiles/hg19_self_chain_split_withalts_gt10k.bed.gz	23604
release/NA12878_HG001/NISTv3.3/supplementaryFiles/mm-2-merged.bed	560829
release/NA12878_HG001/NISTv4.2.1/GRCh37/.DS_Store	6148
release/NA12878_HG001/NISTv4.2.1/GRCh37/._.DS_Store	120
release/NA12878_HG001/NISTv4.2.1/GRCh37/._HG001_GRCh37_1_22_v4.2.1_benchmark.bed	643
release/NA12878_HG001/NISTv4.2.1/GRCh37/._HG001_GRCh37_1_22_v4.2.1_benchmark.vcf.gz	643
release/NA12878_HG001/NISTv4.2.1/GRCh37/._HG001_GRCh37_1_22_v4.2.1_benchmark.vcf.gz.tbi	643
release/NA12878_HG001/NISTv4.2.1/GRCh37/HG001_GRCh37_1_22_v4.2.1_benchmark.bed	13286553
release/NA12878_HG001/NISTv4.2.1/GRCh37/HG001_GRCh37_1_22_v4.2.1_benchmark.vcf.gz	144825662
release/NA12878_HG001/NISTv4.2.1/GRCh37/HG001_GRCh37_1_22_v4.2.1_benchmark.vcf.gz.tbi	1588595
release/NA12878_HG001/NISTv4.2.1/GRCh37/SupplementaryFiles/.DS_Store	6148
release/NA12878_HG001/NISTv4.2.1/GRCh37/SupplementaryFiles/._.DS_Store	120
release/NA12878_HG001/NISTv4.2.1/GRCh37/SupplementaryFiles/._HG001_GRCh37_1_22_v4.2.1_all.vcf.gz	620
release/NA12878_HG001/NISTv4.2.1/GRCh37/SupplementaryFiles/._HG001_GRCh37_1_22_v4.2.1_all.vcf.gz.tbi	624
release/NA12878_HG001/NISTv4.2.1/GRCh37/SupplementaryFiles/._HG001_GRCh37_1_22_v4.2.1_annotated.vcf.gz	626
release/NA12878_HG001/NISTv4.2.1/GRCh37/SupplementaryFiles/._HG001_GRCh37_1_22_v4.2.1_annotated.vcf.gz.tbi	630
release/NA12878_HG001/NISTv4.2.1/GRCh37/SupplementaryFiles/._HG001_GRCh37_1_22_v4.2.1_benchmark_hifiasm_v11_phasetransfer.vcf.gz	657
release/NA12878_HG001/NISTv4.2.1/GRCh37/SupplementaryFiles/._HG001_GRCh37_1_22_v4.2.1_benchmark_hifiasm_v11_phasetransfer.vcf.gz.tbi	661
release/NA12878_HG001/NISTv4.2.1/GRCh37/SupplementaryFiles/._HG001_GRCh37_1_22_v4.2.1_callablemultinter_gt0.bed	635
release/NA12878_HG001/NISTv4.2.1/GRCh37/SupplementaryFiles/._HG001_GRCh37_1_22_v4.2.1_filteredsites.bed	627
release/NA12878_HG001/NISTv4.2.1/GRCh37/SupplementaryFiles/HG001_GRCh37_1_22_v4.2.1_all.vcf.gz	215867750
release/NA12878_HG001/NISTv4.2.1/GRCh37/SupplementaryFiles/HG001_GRCh37_1_22_v4.2.1_all.vcf.gz.tbi	1703655
release/NA12878_HG001/NISTv4.2.1/GRCh37/SupplementaryFiles/HG001_GRCh37_1_22_v4.2.1_annotated.vcf.gz	950928288
release/NA12878_HG001/NISTv4.2.1/GRCh37/SupplementaryFiles/HG001_GRCh37_1_22_v4.2.1_annotated.vcf.gz.tbi	1850582
release/NA12878_HG001/NISTv4.2.1/GRCh37/SupplementaryFiles/HG001_GRCh37_1_22_v4.2.1_benchmark_hifiasm_v11_phasetransfer.vcf.gz	157631709
release/NA12878_HG001/NISTv4.2.1/GRCh37/SupplementaryFiles/HG001_GRCh37_1_22_v4.2.1_benchmark_hifiasm_v11_phasetransfer.vcf.gz.tbi	1564690
release/NA12878_HG001/NISTv4.2.1/GRCh37/SupplementaryFiles/HG001_GRCh37_1_22_v4.2.1_callablemultinter_gt0.bed	12089099
release/NA12878_HG001/NISTv4.2.1/GRCh37/SupplementaryFiles/HG001_GRCh37_1_22_v4.2.1_filteredsites.bed	32958317
release/NA12878_HG001/NISTv4.2.1/GRCh37/SupplementaryFiles/inputvcfsandbeds/._HG001_GRCh37_1_22_PacBio_HiFi_GATK4.vcf.gz	643
release/NA12878_HG001/NISTv4.2.1/GRCh37/SupplementaryFiles/inputvcfsandbeds/HG001_GRCh37_1_22_10xGenomics.vcf.gz	1547928897
release/NA12878_HG001/NISTv4.2.1/GRCh37/SupplementaryFiles/inputvcfsandbeds/HG001_GRCh37_1_22_10xGenomics_callable.bed	21829467
release/NA12878_HG001/NISTv4.2.1/GRCh37/SupplementaryFiles/inputvcfsandbeds/HG001_GRCh37_1_22_PacBio_HiFi_DeepVariant.vcf.gz	190431687
release/NA12878_HG001/NISTv4.2.1/GRCh37/SupplementaryFiles/inputvcfsandbeds/HG001_GRCh37_1_22_PacBio_HiFi_DeepVariant_callable.bed	83572682
release/NA12878_HG001/NISTv4.2.1/GRCh37/SupplementaryFiles/inputvcfsandbeds/HG001_GRCh37_1_22_PacBio_HiFi_GATK4.vcf.gz	299620094
release/NA12878_HG001/NISTv4.2.1/GRCh37/SupplementaryFiles/inputvcfsandbeds/HG001_GRCh37_1_22_PacBio_HiFi_GATK4_callable.bed	37130
release/NA12878_HG001/NISTv4.2.1/GRCh38/.DS_Store	6148
release/NA12878_HG001/NISTv4.2.1/GRCh38/._.DS_Store	120
release/NA12878_HG001/NISTv4.2.1/GRCh38/._HG001_GRCh38_1_22_v4.2.1_benchmark.bed	643
release/NA12878_HG001/NISTv4.2.1/GRCh38/._HG001_GRCh38_1_22_v4.2.1_benchmark.vcf.gz	643
release/NA12878_HG001/NISTv4.2.1/GRCh38/._HG001_GRCh38_1_22_v4.2.1_benchmark.vcf.gz.tbi	643
release/NA12878_HG001/NISTv4.2.1/GRCh38/HG001_GRCh38_1_22_v4.2.1_benchmark.bed	15479939
release/NA12878_HG001/NISTv4.2.1/GRCh38/HG001_GRCh38_1_22_v4.2.1_benchmark.vcf.gz	125932193
release/NA12878_HG001/NISTv4.2.1/GRCh38/HG001_GRCh38_1_22_v4.2.1_benchmark.vcf.gz.tbi	1589208
release/NA12878_HG001/NISTv4.2.1/GRCh38/SupplementaryFiles/.DS_Store	6148
release/NA12878_HG001/NISTv4.2.1/GRCh38/SupplementaryFiles/._.DS_Store	120
release/NA12878_HG001/NISTv4.2.1/GRCh38/SupplementaryFiles/._HG001_GRCh38_1_22_v4.2.1_all.vcf.gz	620
release/NA12878_HG001/NISTv4.2.1/GRCh38/SupplementaryFiles/._HG001_GRCh38_1_22_v4.2.1_all.vcf.gz.tbi	624
release/NA12878_HG001/NISTv4.2.1/GRCh38/SupplementaryFiles/._HG001_GRCh38_1_22_v4.2.1_annotated.vcf.gz	626
release/NA12878_HG001/NISTv4.2.1/GRCh38/SupplementaryFiles/._HG001_GRCh38_1_22_v4.2.1_annotated.vcf.gz.tbi	630
release/NA12878_HG001/NISTv4.2.1/GRCh38/SupplementaryFiles/._HG001_GRCh38_1_22_v4.2.1_benchmark_hifiasm_v11_phasetransfer.vcf.gz	657
release/NA12878_HG001/NISTv4.2.1/GRCh38/SupplementaryFiles/._HG001_GRCh38_1_22_v4.2.1_benchmark_hifiasm_v11_phasetransfer.vcf.gz.tbi	661
release/NA12878_HG001/NISTv4.2.1/GRCh38/SupplementaryFiles/._HG001_GRCh38_1_22_v4.2.1_callablemultinter_gt0.bed	635
release/NA12878_HG001/NISTv4.2.1/GRCh38/SupplementaryFiles/._HG001_GRCh38_1_22_v4.2.1_filteredsites.bed	627
release/NA12878_HG001/NISTv4.2.1/GRCh38/SupplementaryFiles/HG001_GRCh38_1_22_v4.2.1_all.vcf.gz	201911418
release/NA12878_HG001/NISTv4.2.1/GRCh38/SupplementaryFiles/HG001_GRCh38_1_22_v4.2.1_all.vcf.gz.tbi	1740806
release/NA12878_HG001/NISTv4.2.1/GRCh38/SupplementaryFiles/HG001_GRCh38_1_22_v4.2.1_annotated.vcf.gz	982554647
release/NA12878_HG001/NISTv4.2.1/GRCh38/SupplementaryFiles/HG001_GRCh38_1_22_v4.2.1_annotated.vcf.gz.tbi	1885499
release/NA12878_HG001/NISTv4.2.1/GRCh38/SupplementaryFiles/HG001_GRCh38_1_22_v4.2.1_benchmark_hifiasm_v11_phasetransfer.vcf.gz	138132203
release/NA12878_HG001/NISTv4.2.1/GRCh38/SupplementaryFiles/HG001_GRCh38_1_22_v4.2.1_benchmark_hifiasm_v11_phasetransfer.vcf.gz.tbi	1565698
release/NA12878_HG001/NISTv4.2.1/GRCh38/SupplementaryFiles/HG001_GRCh38_1_22_v4.2.1_callablemultinter_gt0.bed	14213878
release/NA12878_HG001/NISTv4.2.1/GRCh38/SupplementaryFiles/HG001_GRCh38_1_22_v4.2.1_filteredsites.bed	48976381
release/NA12878_HG001/NISTv4.2.1/GRCh38/SupplementaryFiles/inputvcfsandbeds/._HG001_GRCh38_1_22_PacBio_HiFi_GATK4.vcf.gz	643
release/NA12878_HG001/NISTv4.2.1/GRCh38/SupplementaryFiles/inputvcfsandbeds/HG001_GRCh38_1_22_10xGenomics.vcf.gz	1638047152
release/NA12878_HG001/NISTv4.2.1/GRCh38/SupplementaryFiles/inputvcfsandbeds/HG001_GRCh38_1_22_10xGenomics_callable.bed	24475303
release/NA12878_HG001/NISTv4.2.1/GRCh38/SupplementaryFiles/inputvcfsandbeds/HG001_GRCh38_1_22_PacBio_HiFi_DeepVariant.vcf.gz	198576131
release/NA12878_HG001/NISTv4.2.1/GRCh38/SupplementaryFiles/inputvcfsandbeds/HG001_GRCh38_1_22_PacBio_HiFi_DeepVariant_callable.bed	96009012
release/NA12878_HG001/NISTv4.2.1/GRCh38/SupplementaryFiles/inputvcfsandbeds/HG001_GRCh38_1_22_PacBio_HiFi_GATK4.vcf.gz	304393700
release/NA12878_HG001/NISTv4.2.1/GRCh38/SupplementaryFiles/inputvcfsandbeds/HG001_GRCh38_1_22_PacBio_HiFi_GATK4_callable.bed	48666
release/NA12878_HG001/NISTv4.2.1/README_v4.2.1.txt	19920
release/NA12878_HG001/NISTv4.2.1/md5.in	4087
release/NA12878_HG001/latest/GRCh37/.DS_Store	6148
release/NA12878_HG001/latest/GRCh37/._.DS_Store	120
release/NA12878_HG001/latest/GRCh37/._HG001_GRCh37_1_22_v4.2.1_benchmark.bed	643
release/NA12878_HG001/latest/GRCh37/._HG001_GRCh37_1_22_v4.2.1_benchmark.vcf.gz	643
release/NA12878_HG001/latest/GRCh37/._HG001_GRCh37_1_22_v4.2.1_benchmark.vcf.gz.tbi	643
release/NA12878_HG001/latest/GRCh37/HG001_GRCh37_1_22_v4.2.1_benchmark.bed	13286553
release/NA12878_HG001/latest/GRCh37/HG001_GRCh37_1_22_v4.2.1_benchmark.vcf.gz	144825662
release/NA12878_HG001/latest/GRCh37/HG001_GRCh37_1_22_v4.2.1_benchmark.vcf.gz.tbi	1588595
release/NA12878_HG001/latest/GRCh37/SupplementaryFiles/.DS_Store	6148
release/NA12878_HG001/latest/GRCh37/SupplementaryFiles/._.DS_Store	120
release/NA12878_HG001/latest/GRCh37/SupplementaryFiles/._HG001_GRCh37_1_22_v4.2.1_all.vcf.gz	620
release/NA12878_HG001/latest/GRCh37/SupplementaryFiles/._HG001_GRCh37_1_22_v4.2.1_all.vcf.gz.tbi	624
release/NA12878_HG001/latest/GRCh37/SupplementaryFiles/._HG001_GRCh37_1_22_v4.2.1_annotated.vcf.gz	626
release/NA12878_HG001/latest/GRCh37/SupplementaryFiles/._HG001_GRCh37_1_22_v4.2.1_annotated.vcf.gz.tbi	630
release/NA12878_HG001/latest/GRCh37/SupplementaryFiles/._HG001_GRCh37_1_22_v4.2.1_benchmark_hifiasm_v11_phasetransfer.vcf.gz	657
release/NA12878_HG001/latest/GRCh37/SupplementaryFiles/._HG001_GRCh37_1_22_v4.2.1_benchmark_hifiasm_v11_phasetransfer.vcf.gz.tbi	661
release/NA12878_HG001/latest/GRCh37/SupplementaryFiles/._HG001_GRCh37_1_22_v4.2.1_callablemultinter_gt0.bed	635
release/NA12878_HG001/latest/GRCh37/SupplementaryFiles/._HG001_GRCh37_1_22_v4.2.1_filteredsites.bed	627
release/NA12878_HG001/latest/GRCh37/SupplementaryFiles/HG001_GRCh37_1_22_v4.2.1_all.vcf.gz	215867750
release/NA12878_HG001/latest/GRCh37/SupplementaryFiles/HG001_GRCh37_1_22_v4.2.1_all.vcf.gz.tbi	1703655
release/NA12878_HG001/latest/GRCh37/SupplementaryFiles/HG001_GRCh37_1_22_v4.2.1_annotated.vcf.gz	950928288
release/NA12878_HG001/latest/GRCh37/SupplementaryFiles/HG001_GRCh37_1_22_v4.2.1_annotated.vcf.gz.tbi	1850582
release/NA12878_HG001/latest/GRCh37/SupplementaryFiles/HG001_GRCh37_1_22_v4.2.1_benchmark_hifiasm_v11_phasetransfer.vcf.gz	157631709
release/NA12878_HG001/latest/GRCh37/SupplementaryFiles/HG001_GRCh37_1_22_v4.2.1_benchmark_hifiasm_v11_phasetransfer.vcf.gz.tbi	1564690
release/NA12878_HG001/latest/GRCh37/SupplementaryFiles/HG001_GRCh37_1_22_v4.2.1_callablemultinter_gt0.bed	12089099
release/NA12878_HG001/latest/GRCh37/SupplementaryFiles/HG001_GRCh37_1_22_v4.2.1_filteredsites.bed	32958317
release/NA12878_HG001/latest/GRCh37/SupplementaryFiles/inputvcfsandbeds/._HG001_GRCh37_1_22_PacBio_HiFi_GATK4.vcf.gz	643
release/NA12878_HG001/latest/GRCh37/SupplementaryFiles/inputvcfsandbeds/HG001_GRCh37_1_22_10xGenomics.vcf.gz	1547928897
release/NA12878_HG001/latest/GRCh37/SupplementaryFiles/inputvcfsandbeds/HG001_GRCh37_1_22_10xGenomics_callable.bed	21829467
release/NA12878_HG001/latest/GRCh37/SupplementaryFiles/inputvcfsandbeds/HG001_GRCh37_1_22_PacBio_HiFi_DeepVariant.vcf.gz	190431687
release/NA12878_HG001/latest/GRCh37/SupplementaryFiles/inputvcfsandbeds/HG001_GRCh37_1_22_PacBio_HiFi_DeepVariant_callable.bed	83572682
release/NA12878_HG001/latest/GRCh37/SupplementaryFiles/inputvcfsandbeds/HG001_GRCh37_1_22_PacBio_HiFi_GATK4.vcf.gz	299620094
release/NA12878_HG001/latest/GRCh37/SupplementaryFiles/inputvcfsandbeds/HG001_GRCh37_1_22_PacBio_HiFi_GATK4_callable.bed	37130
release/NA12878_HG001/latest/GRCh38/.DS_Store	6148
release/NA12878_HG001/latest/GRCh38/._.DS_Store	120
release/NA12878_HG001/latest/GRCh38/._HG001_GRCh38_1_22_v4.2.1_benchmark.bed	643
release/NA12878_HG001/latest/GRCh38/._HG001_GRCh38_1_22_v4.2.1_benchmark.vcf.gz	643
release/NA12878_HG001/latest/GRCh38/._HG001_GRCh38_1_22_v4.2.1_benchmark.vcf.gz.tbi	643
release/NA12878_HG001/latest/GRCh38/HG001_GRCh38_1_22_v4.2.1_benchmark.bed	15479939
release/NA12878_HG001/latest/GRCh38/HG001_GRCh38_1_22_v4.2.1_benchmark.vcf.gz	125932193
release/NA12878_HG001/latest/GRCh38/HG001_GRCh38_1_22_v4.2.1_benchmark.vcf.gz.tbi	1589208
release/NA12878_HG001/latest/GRCh38/SupplementaryFiles/.DS_Store	6148
release/NA12878_HG001/latest/GRCh38/SupplementaryFiles/._.DS_Store	120
release/NA12878_HG001/latest/GRCh38/SupplementaryFiles/._HG001_GRCh38_1_22_v4.2.1_all.vcf.gz	620
release/NA12878_HG001/latest/GRCh38/SupplementaryFiles/._HG001_GRCh38_1_22_v4.2.1_all.vcf.gz.tbi	624
release/NA12878_HG001/latest/GRCh38/SupplementaryFiles/._HG001_GRCh38_1_22_v4.2.1_annotated.vcf.gz	626
release/NA12878_HG001/latest/GRCh38/SupplementaryFiles/._HG001_GRCh38_1_22_v4.2.1_annotated.vcf.gz.tbi	630
release/NA12878_HG001/latest/GRCh38/SupplementaryFiles/._HG001_GRCh38_1_22_v4.2.1_benchmark_hifiasm_v11_phasetransfer.vcf.gz	657
release/NA12878_HG001/latest/GRCh38/SupplementaryFiles/._HG001_GRCh38_1_22_v4.2.1_benchmark_hifiasm_v11_phasetransfer.vcf.gz.tbi	661
release/NA12878_HG001/latest/GRCh38/SupplementaryFiles/._HG001_GRCh38_1_22_v4.2.1_callablemultinter_gt0.bed	635
release/NA12878_HG001/latest/GRCh38/SupplementaryFiles/._HG001_GRCh38_1_22_v4.2.1_filteredsites.bed	627
release/NA12878_HG001/latest/GRCh38/SupplementaryFiles/HG001_GRCh38_1_22_v4.2.1_all.vcf.gz	201911418
release/NA12878_HG001/latest/GRCh38/SupplementaryFiles/HG001_GRCh38_1_22_v4.2.1_all.vcf.gz.tbi	1740806
release/NA12878_HG001/latest/GRCh38/SupplementaryFiles/HG001_GRCh38_1_22_v4.2.1_annotated.vcf.gz	982554647
release/NA12878_HG001/latest/GRCh38/SupplementaryFiles/HG001_GRCh38_1_22_v4.2.1_annotated.vcf.gz.tbi	1885499
release/NA12878_HG001/latest/GRCh38/SupplementaryFiles/HG001_GRCh38_1_22_v4.2.1_benchmark_hifiasm_v11_phasetransfer.vcf.gz	138132203
release/NA12878_HG001/latest/GRCh38/SupplementaryFiles/HG001_GRCh38_1_22_v4.2.1_benchmark_hifiasm_v11_phasetransfer.vcf.gz.tbi	1565698
release/NA12878_HG001/latest/GRCh38/SupplementaryFiles/HG001_GRCh38_1_22_v4.2.1_callablemultinter_gt0.bed	14213878
release/NA12878_HG001/latest/GRCh38/SupplementaryFiles/HG001_GRCh38_1_22_v4.2.1_filteredsites.bed	48976381
release/NA12878_HG001/latest/GRCh38/SupplementaryFiles/inputvcfsandbeds/._HG001_GRCh38_1_22_PacBio_HiFi_GATK4.vcf.gz	643
release/NA12878_HG001/latest/GRCh38/SupplementaryFiles/inputvcfsandbeds/HG001_GRCh38_1_22_10xGenomics.vcf.gz	1638047152
release/NA12878_HG001/latest/GRCh38/SupplementaryFiles/inputvcfsandbeds/HG001_GRCh38_1_22_10xGenomics_callable.bed	24475303
release/NA12878_HG001/latest/GRCh38/SupplementaryFiles/inputvcfsandbeds/HG001_GRCh38_1_22_PacBio_HiFi_DeepVariant.vcf.gz	198576131
release/NA12878_HG001/latest/GRCh38/SupplementaryFiles/inputvcfsandbeds/HG001_GRCh38_1_22_PacBio_HiFi_DeepVariant_callable.bed	96009012
release/NA12878_HG001/latest/GRCh38/SupplementaryFiles/inputvcfsandbeds/HG001_GRCh38_1_22_PacBio_HiFi_GATK4.vcf.gz	304393700
release/NA12878_HG001/latest/GRCh38/SupplementaryFiles/inputvcfsandbeds/HG001_GRCh38_1_22_PacBio_HiFi_GATK4_callable.bed	48666
release/NA12878_HG001/latest/README_v4.2.1.txt	19920
release/NA12878_HG001/latest/md5.in	4087
release/genome-stratifications/v2.0/GRCh37/FunctionalRegions/GRCh37_notinrefseq_union_cds.bed.gz	1522928
release/genome-stratifications/v2.0/GRCh37/FunctionalRegions/GRCh37_refseq_cds.bed.gz	1467285
release/genome-stratifications/v2.0/GRCh37/FunctionalRegions/v2.0-GRCh37-FunctionalRegions-README.txt	4741
release/genome-stratifications/v2.0/GRCh37/FunctionalTechnicallyDifficultRegions/GRCh37_BadPromoters.gz	8736
release/genome-stratifications/v2.0/GRCh37/FunctionalTechnicallyDifficultRegions/v2.0-GRCh37-FunctionalTechDifficult-README.txt	4557
release/genome-stratifications/v2.0/GRCh37/GCcontent/GRCh37_gc15_slop50.bed.gz	134274
release/genome-stratifications/v2.0/GRCh37/GCcontent/GRCh37_gc15to20_slop50.bed.gz	525237
release/genome-stratifications/v2.0/GRCh37/GCcontent/GRCh37_gc20to25_slop50.bed.gz	3608694
release/genome-stratifications/v2.0/GRCh37/GCcontent/GRCh37_gc25to30_slop50.bed.gz	11601701
release/genome-stratifications/v2.0/GRCh37/GCcontent/GRCh37_gc30to55_slop50.bed.gz	18195039
release/genome-stratifications/v2.0/GRCh37/GCcontent/GRCh37_gc55to60_slop50.bed.gz	8375607
release/genome-stratifications/v2.0/GRCh37/GCcontent/GRCh37_gc60to65_slop50.bed.gz	3379228
release/genome-stratifications/v2.0/GRCh37/GCcontent/GRCh37_gc65to70_slop50.bed.gz	1142629
release/genome-stratifications/v2.0/GRCh37/GCcontent/GRCh37_gc70to75_slop50.bed.gz	419074
release/genome-stratifications/v2.0/GRCh37/GCcontent/GRCh37_gc75to80_slop50.bed.gz	183245
release/genome-stratifications/v2.0/GRCh37/GCcontent/GRCh37_gc80to85_slop50.bed.gz	76243
release/genome-stratifications/v2.0/GRCh37/GCcontent/GRCh37_gc85_slop50.bed.gz	16838
release/genome-stratifications/v2.0/GRCh37/GCcontent/GRCh37_gclt25orgt65_slop50.bed.gz	4687984
release/genome-stratifications/v2.0/GRCh37/GCcontent/GRCh37_gclt30orgt55_slop50.bed.gz	18113556
release/genome-stratifications/v2.0/GRCh37/GCcontent/v2.0-GRCh37-GCcontent-README.txt	7401
release/genome-stratifications/v2.0/GRCh37/GenomeSpecific/GRCh37_HG001_GIABv3.2.2_compoundhet_slop50.bed.gz	628154
release/genome-stratifications/v2.0/GRCh37/GenomeSpecific/GRCh37_HG001_GIABv3.2.2_varswithin50bp.bed.gz	3453549
release/genome-stratifications/v2.0/GRCh37/GenomeSpecific/GRCh37_HG001_GIABv3.3.2_RTG_PG_v3.3.2_SVs_alldifficultregions.bed.gz	32239560
release/genome-stratifications/v2.0/GRCh37/GenomeSpecific/GRCh37_HG001_GIABv3.3.2_RTG_PG_v3.3.2_SVs_notin_alldifficultregions.bed.gz	33398637
release/genome-stratifications/v2.0/GRCh37/GenomeSpecific/GRCh37_HG001_GIABv3.3.2_comphetindel10bp_slop50.bed.gz	350509
release/genome-stratifications/v2.0/GRCh37/GenomeSpecific/GRCh37_HG001_GIABv3.3.2_comphetsnp10bp_slop50.bed.gz	176571
release/genome-stratifications/v2.0/GRCh37/GenomeSpecific/GRCh37_HG001_GIABv3.3.2_complexandSVs.bed.gz	2713696
release/genome-stratifications/v2.0/GRCh37/GenomeSpecific/GRCh37_HG001_GIABv3.3.2_complexindel10bp_slop50.bed.gz	138289
release/genome-stratifications/v2.0/GRCh37/GenomeSpecific/GRCh37_HG001_GIABv3.3.2_snpswithin10bp_slop50.bed.gz	594724
release/genome-stratifications/v2.0/GRCh37/GenomeSpecific/GRCh37_HG001_PG2016-1.0_comphetindel10bp_slop50.bed.gz	241953
release/genome-stratifications/v2.0/GRCh37/GenomeSpecific/GRCh37_HG001_PG2016-1.0_comphetsnp10bp_slop50.bed.gz	182953
release/genome-stratifications/v2.0/GRCh37/GenomeSpecific/GRCh37_HG001_PG2016-1.0_complexindel10bp_slop50.bed.gz	226844
release/genome-stratifications/v2.0/GRCh37/GenomeSpecific/GRCh37_HG001_PG2016-1.0_snpswithin10bp_slop50.bed.gz	596544
release/genome-stratifications/v2.0/GRCh37/GenomeSpecific/GRCh37_HG001_PacBio_MetaSV.bed.gz	206127
release/genome-stratifications/v2.0/GRCh37/GenomeSpecific/GRCh37_HG001_RTG_37.7.3_comphetindel10bp_slop50.bed.gz	720822
release/genome-stratifications/v2.0/GRCh37/GenomeSpecific/GRCh37_HG001_RTG_37.7.3_comphetsnp10bp_slop50.bed.gz	208144
release/genome-stratifications/v2.0/GRCh37/GenomeSpecific/GRCh37_HG001_RTG_37.7.3_complexindel10bp_slop50.bed.gz	793687
release/genome-stratifications/v2.0/GRCh37/GenomeSpecific/GRCh37_HG001_RTG_37.7.3_snpswithin10bp_slop50.bed.gz	898356
release/genome-stratifications/v2.0/GRCh37/GenomeSpecific/GRCh37_HG002_GIABv3.2.2_compoundhet_slop50.bed.gz	625728
release/genome-stratifications/v2.0/GRCh37/GenomeSpecific/GRCh37_HG002_GIABv3.2.2_varswithin50bp.bed.gz	3415770
release/genome-stratifications/v2.0/GRCh37/GenomeSpecific/GRCh37_HG002_GIABv3.3.2_comphetindel10bp_slop50.bed.gz	353724
release/genome-stratifications/v2.0/GRCh37/GenomeSpecific/GRCh37_HG002_GIABv3.3.2_comphetsnp10bp_slop50.bed.gz	164621
release/genome-stratifications/v2.0/GRCh37/GenomeSpecific/GRCh37_HG002_GIABv3.3.2_complexandSVs.bed.gz	1383497
release/genome-stratifications/v2.0/GRCh37/GenomeSpecific/GRCh37_HG002_GIABv3.3.2_complexandSVs_alldifficultregions.bed.gz	30799488
release/genome-stratifications/v2.0/GRCh37/GenomeSpecific/GRCh37_HG002_GIABv3.3.2_complexindel10bp_slop50.bed.gz	132798
release/genome-stratifications/v2.0/GRCh37/GenomeSpecific/GRCh37_HG002_GIABv3.3.2_notin_complexandSVs_alldifficultregions.bed.gz	31928108
release/genome-stratifications/v2.0/GRCh37/GenomeSpecific/GRCh37_HG002_GIABv3.3.2_snpswithin10bp_slop50.bed.gz	565889
release/genome-stratifications/v2.0/GRCh37/GenomeSpecific/GRCh37_HG002_GIABv4.1_CNV_CCSandONT_elliptical_outlier.bed.gz	15141
release/genome-stratifications/v2.0/GRCh37/GenomeSpecific/GRCh37_HG002_GIABv4.1_CNV_gt2assemblycontigs_ONTCanu_ONTFlye_CCSCanu.bed.gz	3579
release/genome-stratifications/v2.0/GRCh37/GenomeSpecific/GRCh37_HG002_GIABv4.1_CNV_mrcanavarIllumina_CCShighcov_ONThighcov_intersection.bed.gz	4345
release/genome-stratifications/v2.0/GRCh37/GenomeSpecific/GRCh37_HG002_GIABv4.1_CNVsandSVs.bed.gz	214187
release/genome-stratifications/v2.0/GRCh37/GenomeSpecific/GRCh37_HG002_GIABv4.1_comphetindel10bp_slop50..bed.gz	376483
release/genome-stratifications/v2.0/GRCh37/GenomeSpecific/GRCh37_HG002_GIABv4.1_comphetsnp10bp_slop50.bed.gz	103507
release/genome-stratifications/v2.0/GRCh37/GenomeSpecific/GRCh37_HG002_GIABv4.1_complexandSVs.bed.gz	1690231
release/genome-stratifications/v2.0/GRCh37/GenomeSpecific/GRCh37_HG002_GIABv4.1_complexandSVs_alldifficultregions.bed.gz	32065189
release/genome-stratifications/v2.0/GRCh37/GenomeSpecific/GRCh37_HG002_GIABv4.1_complexindel10bp_slop50.bed.gz	120310
release/genome-stratifications/v2.0/GRCh37/GenomeSpecific/GRCh37_HG002_GIABv4.1_inversions_slop25percent.bed.gz	598
release/genome-stratifications/v2.0/GRCh37/GenomeSpecific/GRCh37_HG002_GIABv4.1_notin_complexandSVs_alldifficultregions.bed.gz	33240415
release/genome-stratifications/v2.0/GRCh37/GenomeSpecific/GRCh37_HG002_GIABv4.1_othercomplexwithin10bp_slop50.bed.gz	375801
release/genome-stratifications/v2.0/GRCh37/GenomeSpecific/GRCh37_HG002_GIABv4.1_snpswithin10bp_slop50.bed.gz	650825
release/genome-stratifications/v2.0/GRCh37/GenomeSpecific/GRCh37_HG002_HG003_HG004_allsvs.bed.gz	232568
release/genome-stratifications/v2.0/GRCh37/GenomeSpecific/GRCh37_HG002_Tier1plusTier2_v0.6.1.bed.gz	201342
release/genome-stratifications/v2.0/GRCh37/GenomeSpecific/GRCh37_HG002_expanded_150_Tier1plusTier2_v0.6.1.bed.gz	202341
release/genome-stratifications/v2.0/GRCh37/GenomeSpecific/GRCh37_HG003_GIABv3.3.2_comphetindel10bp_slop50.bed.gz	319780
release/genome-stratifications/v2.0/GRCh37/GenomeSpecific/GRCh37_HG003_GIABv3.3.2_comphetsnp10bp_slop50.bed.gz	88598
release/genome-stratifications/v2.0/GRCh37/GenomeSpecific/GRCh37_HG003_GIABv3.3.2_complexandSVs.bed.gz	1264127
release/genome-stratifications/v2.0/GRCh37/GenomeSpecific/GRCh37_HG003_GIABv3.3.2_complexandSVs_alldifficultregions.bed.gz	30764318
release/genome-stratifications/v2.0/GRCh37/GenomeSpecific/GRCh37_HG003_GIABv3.3.2_complexindel10bp_slop50.bed.gz	115411
release/genome-stratifications/v2.0/GRCh37/GenomeSpecific/GRCh37_HG003_GIABv3.3.2_notin_complexandSVs_alldifficultregions.bed.gz	31898867
release/genome-stratifications/v2.0/GRCh37/GenomeSpecific/GRCh37_HG003_GIABv3.3.2_snpswithin10bp_slop50.bed.gz	561107
release/genome-stratifications/v2.0/GRCh37/GenomeSpecific/GRCh37_HG004_GIABv3.3.2_comphetindel10bp_slop50.bed.gz	327330
release/genome-stratifications/v2.0/GRCh37/GenomeSpecific/GRCh37_HG004_GIABv3.3.2_comphetsnp10bp_slop50.bed.gz	79587
release/genome-stratifications/v2.0/GRCh37/GenomeSpecific/GRCh37_HG004_GIABv3.3.2_complexandSVs.bed.gz	1269004
release/genome-stratifications/v2.0/GRCh37/GenomeSpecific/GRCh37_HG004_GIABv3.3.2_complexandSVs_alldifficultregions.bed.gz	30759646
release/genome-stratifications/v2.0/GRCh37/GenomeSpecific/GRCh37_HG004_GIABv3.3.2_complexindel10bp_slop50.bed.gz	117141
release/genome-stratifications/v2.0/GRCh37/GenomeSpecific/GRCh37_HG004_GIABv3.3.2_notin_complexandSVs_alldifficultregions.bed.gz	31889746
release/genome-stratifications/v2.0/GRCh37/GenomeSpecific/GRCh37_HG004_GIABv3.3.2_snpswithin10bp_slop50.bed.gz	562982
release/genome-stratifications/v2.0/GRCh37/GenomeSpecific/GRCh37_HG005_GIABv3.3.2_comphetindel10bp_slop50.bed.gz	218558
release/genome-stratifications/v2.0/GRCh37/GenomeSpecific/GRCh37_HG005_GIABv3.3.2_comphetsnp10bp_slop50.bed.gz	42297
release/genome-stratifications/v2.0/GRCh37/GenomeSpecific/GRCh37_HG005_GIABv3.3.2_complexandSVs.bed.gz	1091296
release/genome-stratifications/v2.0/GRCh37/GenomeSpecific/GRCh37_HG005_GIABv3.3.2_complexandSVs_alldifficultregions.bed.gz	31308850
release/genome-stratifications/v2.0/GRCh37/GenomeSpecific/GRCh37_HG005_GIABv3.3.2_complexindel10bp_slop50.bed.gz	97155
release/genome-stratifications/v2.0/GRCh37/GenomeSpecific/GRCh37_HG005_GIABv3.3.2_notin_complexandSVs_alldifficultregions.bed.gz	32469138
release/genome-stratifications/v2.0/GRCh37/GenomeSpecific/GRCh37_HG005_GIABv3.3.2_snpswithin10bp_slop50.bed.gz	548236
release/genome-stratifications/v2.0/GRCh37/GenomeSpecific/GRCh37_HG005_HG006_HG007_MetaSV_allsvs.bed.gz	262226
release/genome-stratifications/v2.0/GRCh37/GenomeSpecific/v2.0-GRCh37-GenomeSpecific-README.txt	16170
release/genome-stratifications/v2.0/GRCh37/LowComplexity/GRCh37_AllHomopolymers_gt6bp_imperfectgt10bp_slop5.bed.gz	24995525
release/genome-stratifications/v2.0/GRCh37/LowComplexity/GRCh37_AllTandemRepeats_201to10000bp_slop5.bed.gz	817400
release/genome-stratifications/v2.0/GRCh37/LowComplexity/GRCh37_AllTandemRepeats_51to200bp_slop5.bed.gz	2492016
release/genome-stratifications/v2.0/GRCh37/LowComplexity/GRCh37_AllTandemRepeats_gt10000bp_slop5.bed.gz	25947
release/genome-stratifications/v2.0/GRCh37/LowComplexity/GRCh37_AllTandemRepeats_gt100bp_slop5.bed.gz	1511189
release/genome-stratifications/v2.0/GRCh37/LowComplexity/GRCh37_AllTandemRepeats_lt51bp_slop5.bed.gz	8364977
release/genome-stratifications/v2.0/GRCh37/LowComplexity/GRCh37_AllTandemRepeatsandHomopolymers_slop5.bed.gz	31096473
release/genome-stratifications/v2.0/GRCh37/LowComplexity/GRCh37_SimpleRepeat_diTR_11to50_slop5.bed.gz	3273434
release/genome-stratifications/v2.0/GRCh37/LowComplexity/GRCh37_SimpleRepeat_diTR_51to200_slop5.bed.gz	39538
release/genome-stratifications/v2.0/GRCh37/LowComplexity/GRCh37_SimpleRepeat_diTR_gt200_slop5.bed.gz	190
release/genome-stratifications/v2.0/GRCh37/LowComplexity/GRCh37_SimpleRepeat_homopolymer_4to6_slop5.bed.gz	264161132
release/genome-stratifications/v2.0/GRCh37/LowComplexity/GRCh37_SimpleRepeat_homopolymer_7to11_slop5.bed.gz	17794686
release/genome-stratifications/v2.0/GRCh37/LowComplexity/GRCh37_SimpleRepeat_homopolymer_gt11_slop5.bed.gz	4657590
release/genome-stratifications/v2.0/GRCh37/LowComplexity/GRCh37_SimpleRepeat_imperfecthomopolgt10_slop5.bed.gz	11343937
release/genome-stratifications/v2.0/GRCh37/LowComplexity/GRCh37_SimpleRepeat_quadTR_20to50_slop5.bed.gz	847473
release/genome-stratifications/v2.0/GRCh37/LowComplexity/GRCh37_SimpleRepeat_quadTR_51to200_slop5.bed.gz	72118
release/genome-stratifications/v2.0/GRCh37/LowComplexity/GRCh37_SimpleRepeat_quadTR_gt200_slop5.bed.gz	246
release/genome-stratifications/v2.0/GRCh37/LowComplexity/GRCh37_SimpleRepeat_triTR_15to50_slop5.bed.gz	755298
release/genome-stratifications/v2.0/GRCh37/LowComplexity/GRCh37_SimpleRepeat_triTR_51to200_slop5.bed.gz	6644
release/genome-stratifications/v2.0/GRCh37/LowComplexity/GRCh37_SimpleRepeat_triTR_gt200_slop5.bed.gz	203
release/genome-stratifications/v2.0/GRCh37/LowComplexity/GRCh37_notinAllHomopolymers_gt6bp_imperfectgt10bp_slop5.bed.gz	26363389
release/genome-stratifications/v2.0/GRCh37/LowComplexity/GRCh37_notinAllTandemRepeatsandHomopolymers_slop5.bed.gz	32578523
release/genome-stratifications/v2.0/GRCh37/LowComplexity/v2.0-GRCh37-LowComplexity-README.txt	7738
release/genome-stratifications/v2.0/GRCh37/OtherDifficult/GRCh37_L1H_gt500.bed.gz	8148
release/genome-stratifications/v2.0/GRCh37/OtherDifficult/GRCh37_MHC.bed.gz	177
release/genome-stratifications/v2.0/GRCh37/OtherDifficult/GRCh37_VDJ.bed.gz	226
release/genome-stratifications/v2.0/GRCh37/OtherDifficult/GRCh37_allOtherDifficultregions.bed.gz	225220
release/genome-stratifications/v2.0/GRCh37/OtherDifficult/GRCh37_contigs_lt500kb.bed.gz	954
release/genome-stratifications/v2.0/GRCh37/OtherDifficult/GRCh37_gaps_slop15kb.bed.gz	4460
release/genome-stratifications/v2.0/GRCh37/OtherDifficult/GRCh37_hg38_minimap2_asm20_N10_gt1contig_gt1kb.bed.gz	8210
release/genome-stratifications/v2.0/GRCh37/OtherDifficult/GRCh37_hg38_minimap2_asm20_N10_nocovgt1kb.bed.gz	1396
release/genome-stratifications/v2.0/GRCh37/OtherDifficult/GRCh37_hs37d5_decoy_alignments.bed.gz	221802
release/genome-stratifications/v2.0/GRCh37/OtherDifficult/GRCh37_missing_and_multiple_alignments_of_GRCh38.bed.gz	7733
release/genome-stratifications/v2.0/GRCh37/OtherDifficult/v2.0-GRCh37-OtherDifficult_README.txt	5400
release/genome-stratifications/v2.0/GRCh37/SegmentalDuplications/GRCh37_chainSelf.bed.gz	469829
release/genome-stratifications/v2.0/GRCh37/SegmentalDuplications/GRCh37_chainSelf_gt10kb.bed.gz	22028
release/genome-stratifications/v2.0/GRCh37/SegmentalDuplications/GRCh37_gt5segdups_gt10kb_gt99percidentity.bed.gz	673
release/genome-stratifications/v2.0/GRCh37/SegmentalDuplications/GRCh37_notinchainSelf.bed.gz	480810
release/genome-stratifications/v2.0/GRCh37/SegmentalDuplications/GRCh37_notinchainSelf_gt10kb.bed.gz	21942
release/genome-stratifications/v2.0/GRCh37/SegmentalDuplications/GRCh37_notinsegdups.bed.gz	66611
release/genome-stratifications/v2.0/GRCh37/SegmentalDuplications/GRCh37_notinsegdups_gt10kb.bed.gz	17058
release/genome-stratifications/v2.0/GRCh37/SegmentalDuplications/GRCh37_segdups.bed.gz	64649
release/genome-stratifications/v2.0/GRCh37/SegmentalDuplications/GRCh37_segdups_gt10kb.bed.gz	16935
release/genome-stratifications/v2.0/GRCh37/SegmentalDuplications/v2.0-GRCh37-SegDup-README.txt	7271
release/genome-stratifications/v2.0/GRCh37/mappability/GRCh37_lowmappabilityall.bed.gz	10471437
release/genome-stratifications/v2.0/GRCh37/mappability/GRCh37_nonunique_l100_m2_e1.bed.gz	10472271
release/genome-stratifications/v2.0/GRCh37/mappability/GRCh37_nonunique_l250_m0_e0.bed.gz	866124
release/genome-stratifications/v2.0/GRCh37/mappability/GRCh37_notinlowmappabilityall.bed.gz	10678375
release/genome-stratifications/v2.0/GRCh37/mappability/v2.0-GRCh37-mappability-README.txt	5868
release/genome-stratifications/v2.0/GRCh37/union/GRCh37_alldifficultregions.bed.gz	31901715
release/genome-stratifications/v2.0/GRCh37/union/GRCh37_alllowmapandsegdupregions.bed.gz	3642075
release/genome-stratifications/v2.0/GRCh37/union/GRCh37_notinalldifficultregions.bed.gz	33115384
release/genome-stratifications/v2.0/GRCh37/union/GRCh37_notinalllowmapandsegdupregions.bed.gz	3796255
release/genome-stratifications/v2.0/GRCh37/union/v2.0-GRCh37-Union-README.txt	4911
release/genome-stratifications/v2.0/GRCh37/v2.0-GRCh37-stratifications.tsv	14272
release/genome-stratifications/v2.0/GRCh38/.DS_Store	22532
release/genome-stratifications/v2.0/GRCh38/FunctionalRegions/GRCh38_notinrefseq_cds.bed.gz	1574224
release/genome-stratifications/v2.0/GRCh38/FunctionalRegions/GRCh38_refseq_cds.bed.gz	1516881
release/genome-stratifications/v2.0/GRCh38/FunctionalRegions/v2.0-GRCh38-FunctionalRegions-README.txt	4581
release/genome-stratifications/v2.0/GRCh38/FunctionalTechnicallyDifficultRegions/GRCh38_BadPromoters.bed.gz	9108
release/genome-stratifications/v2.0/GRCh38/FunctionalTechnicallyDifficultRegions/v2.0-GRCh38-FunctionalTechDifficult-README.txt	6378
release/genome-stratifications/v2.0/GRCh38/GCcontent/GRCh38_gc15_slop50.bed.gz	140504
release/genome-stratifications/v2.0/GRCh38/GCcontent/GRCh38_gc15to20_slop50.bed.gz	544346
release/genome-stratifications/v2.0/GRCh38/GCcontent/GRCh38_gc20to25_slop50.bed.gz	3720931
release/genome-stratifications/v2.0/GRCh38/GCcontent/GRCh38_gc25to30_slop50.bed.gz	11923456
release/genome-stratifications/v2.0/GRCh38/GCcontent/GRCh38_gc30to55_slop50.bed.gz	18695385
release/genome-stratifications/v2.0/GRCh38/GCcontent/GRCh38_gc55to60_slop50.bed.gz	8614228
release/genome-stratifications/v2.0/GRCh38/GCcontent/GRCh38_gc60to65_slop50.bed.gz	3486665
release/genome-stratifications/v2.0/GRCh38/GCcontent/GRCh38_gc65to70_slop50.bed.gz	1190247
release/genome-stratifications/v2.0/GRCh38/GCcontent/GRCh38_gc70to75_slop50.bed.gz	437498
release/genome-stratifications/v2.0/GRCh38/GCcontent/GRCh38_gc75to80_slop50.bed.gz	192478
release/genome-stratifications/v2.0/GRCh38/GCcontent/GRCh38_gc80to85_slop50.bed.gz	80458
release/genome-stratifications/v2.0/GRCh38/GCcontent/GRCh38_gc85_slop50.bed.gz	17880
release/genome-stratifications/v2.0/GRCh38/GCcontent/GRCh38_gclt25orgt65_slop50.bed.gz	4824488
release/genome-stratifications/v2.0/GRCh38/GCcontent/GRCh38_gclt30orgt55_slop50.bed.gz	18581004
release/genome-stratifications/v2.0/GRCh38/GCcontent/v2.0-GRCh38-GCcontent-README.txt	7240
release/genome-stratifications/v2.0/GRCh38/GenomeSpecific/.DS_Store	0
release/genome-stratifications/v2.0/GRCh38/GenomeSpecific/GRCh38_Generating_v4.1_excluded_beds.ipynb	27711
release/genome-stratifications/v2.0/GRCh38/GenomeSpecific/GRCh38_HG001_GIABv3.2.2_compoundhet_slop50.bed.gz	649136
release/genome-stratifications/v2.0/GRCh38/GenomeSpecific/GRCh38_HG001_GIABv3.2.2_varswithin50bp.bed.gz	3552484
release/genome-stratifications/v2.0/GRCh38/GenomeSpecific/GRCh38_HG001_GIABv3.3.2_RTG_PG_v3.3.2_SVs_alldifficultregions.bed.gz	33476239
release/genome-stratifications/v2.0/GRCh38/GenomeSpecific/GRCh38_HG001_GIABv3.3.2_RTG_PG_v3.3.2_SVs_notin_alldifficultregions.bed.gz	34654788
release/genome-stratifications/v2.0/GRCh38/GenomeSpecific/GRCh38_HG001_GIABv3.3.2_comphetindel10bp_slop50.bed.gz	362366
release/genome-stratifications/v2.0/GRCh38/GenomeSpecific/GRCh38_HG001_GIABv3.3.2_comphetsnp10bp_slop50.bed.gz	182493
release/genome-stratifications/v2.0/GRCh38/GenomeSpecific/GRCh38_HG001_GIABv3.3.2_complexandSVs.bed.gz	2789891
release/genome-stratifications/v2.0/GRCh38/GenomeSpecific/GRCh38_HG001_GIABv3.3.2_complexindel10bp_slop50.bed.gz	143552
release/genome-stratifications/v2.0/GRCh38/GenomeSpecific/GRCh38_HG001_GIABv3.3.2_snpswithin10bp_slop50.bed.gz	614163
release/genome-stratifications/v2.0/GRCh38/GenomeSpecific/GRCh38_HG001_PG2016-1.0_comphetindel10bp_slop50.bed.gz	250519
release/genome-stratifications/v2.0/GRCh38/GenomeSpecific/GRCh38_HG001_PG2016-1.0_comphetsnp10bp_slop50.bed.gz	189710
release/genome-stratifications/v2.0/GRCh38/GenomeSpecific/GRCh38_HG001_PG2016-1.0_complexindel10bp_slop50.bed.gz	235096
release/genome-stratifications/v2.0/GRCh38/GenomeSpecific/GRCh38_HG001_PG2016-1.0_snpswithin10bp_slop50.bed.gz	617124
release/genome-stratifications/v2.0/GRCh38/GenomeSpecific/GRCh38_HG001_PacBio_MetaSV.bed.gz	215050
release/genome-stratifications/v2.0/GRCh38/GenomeSpecific/GRCh38_HG001_RTG_37.7.3_comphetindel10bp_slop50.bed.gz	741682
release/genome-stratifications/v2.0/GRCh38/GenomeSpecific/GRCh38_HG001_RTG_37.7.3_comphetsnp10bp_slop50.bed.gz	215597
release/genome-stratifications/v2.0/GRCh38/GenomeSpecific/GRCh38_HG001_RTG_37.7.3_complexindel10bp_slop50.bed.gz	817773
release/genome-stratifications/v2.0/GRCh38/GenomeSpecific/GRCh38_HG001_RTG_37.7.3_snpswithin10bp_slop50.bed.gz	926600
release/genome-stratifications/v2.0/GRCh38/GenomeSpecific/GRCh38_HG002_GIABv3.2.2_compoundhet_slop50.bed.gz	646702
release/genome-stratifications/v2.0/GRCh38/GenomeSpecific/GRCh38_HG002_GIABv3.2.2_varswithin50bp.bed.gz	3513484
release/genome-stratifications/v2.0/GRCh38/GenomeSpecific/GRCh38_HG002_GIABv3.3.2_comphetindel10bp_slop50.bed.gz	365400
release/genome-stratifications/v2.0/GRCh38/GenomeSpecific/GRCh38_HG002_GIABv3.3.2_comphetsnp10bp_slop50.bed.gz	170478
release/genome-stratifications/v2.0/GRCh38/GenomeSpecific/GRCh38_HG002_GIABv3.3.2_complexandSVs.bed.gz	1423205
release/genome-stratifications/v2.0/GRCh38/GenomeSpecific/GRCh38_HG002_GIABv3.3.2_complexandSVs_alldifficultregions.bed.gz	31944476
release/genome-stratifications/v2.0/GRCh38/GenomeSpecific/GRCh38_HG002_GIABv3.3.2_complexindel10bp_slop50.bed.gz	137706
release/genome-stratifications/v2.0/GRCh38/GenomeSpecific/GRCh38_HG002_GIABv3.3.2_notin_complexandSVs_alldifficultregions.bed.gz	33095177
release/genome-stratifications/v2.0/GRCh38/GenomeSpecific/GRCh38_HG002_GIABv3.3.2_snpswithin10bp_slop50.bed.gz	584703
release/genome-stratifications/v2.0/GRCh38/GenomeSpecific/GRCh38_HG002_GIABv4.1_CNV_CCSandONT_elliptical_outlier.bed.gz	21683
release/genome-stratifications/v2.0/GRCh38/GenomeSpecific/GRCh38_HG002_GIABv4.1_CNV_gt2assemblycontigs_ONTCanu_ONTFlye_CCSCanu.bed.gz	4938
release/genome-stratifications/v2.0/GRCh38/GenomeSpecific/GRCh38_HG002_GIABv4.1_CNV_mrcanavarIllumina_CCShighcov_ONThighcov_intersection.bed.gz	5370
release/genome-stratifications/v2.0/GRCh38/GenomeSpecific/GRCh38_HG002_GIABv4.1_CNVsandSVs.bed.gz	227491
release/genome-stratifications/v2.0/GRCh38/GenomeSpecific/GRCh38_HG002_GIABv4.1_comphetindel10bp_slop50.bed.gz	389463
release/genome-stratifications/v2.0/GRCh38/GenomeSpecific/GRCh38_HG002_GIABv4.1_comphetsnp10bp_slop50.bed.gz	107150
release/genome-stratifications/v2.0/GRCh38/GenomeSpecific/GRCh38_HG002_GIABv4.1_complexandSVs.bed.gz	1748041
release/genome-stratifications/v2.0/GRCh38/GenomeSpecific/GRCh38_HG002_GIABv4.1_complexandSVs_alldifficultregions.bed.gz	33282862
release/genome-stratifications/v2.0/GRCh38/GenomeSpecific/GRCh38_HG002_GIABv4.1_complexindel10bp_slop50.bed.gz	124973
release/genome-stratifications/v2.0/GRCh38/GenomeSpecific/GRCh38_HG002_GIABv4.1_inversions_slop25percent.bed.gz	526
release/genome-stratifications/v2.0/GRCh38/GenomeSpecific/GRCh38_HG002_GIABv4.1_notin_complexandSVs_alldifficultregions.bed.gz	34475372
release/genome-stratifications/v2.0/GRCh38/GenomeSpecific/GRCh38_HG002_GIABv4.1_othercomplexwithin10bp_slop50.bed.gz	389590
release/genome-stratifications/v2.0/GRCh38/GenomeSpecific/GRCh38_HG002_GIABv4.1_snpswithin10bp_slop50.bed.gz	673755
release/genome-stratifications/v2.0/GRCh38/GenomeSpecific/GRCh38_HG002_HG003_HG004_allsvs.bed.gz	239376
release/genome-stratifications/v2.0/GRCh38/GenomeSpecific/GRCh38_HG002_Tier1plusTier2_v0.6.1.bed.gz	207794
release/genome-stratifications/v2.0/GRCh38/GenomeSpecific/GRCh38_HG002_expanded_150__Tier1plusTier2_v0.6.1.bed.gz	208317
release/genome-stratifications/v2.0/GRCh38/GenomeSpecific/GRCh38_HG003_GIABv3.3.2_comphetindel10bp_slop50.bed.gz	330013
release/genome-stratifications/v2.0/GRCh38/GenomeSpecific/GRCh38_HG003_GIABv3.3.2_comphetsnp10bp_slop50.bed.gz	91915
release/genome-stratifications/v2.0/GRCh38/GenomeSpecific/GRCh38_HG003_GIABv3.3.2_complexandSVs.bed.gz	1300332
release/genome-stratifications/v2.0/GRCh38/GenomeSpecific/GRCh38_HG003_GIABv3.3.2_complexandSVs_alldifficultregions.bed.gz	31905636
release/genome-stratifications/v2.0/GRCh38/GenomeSpecific/GRCh38_HG003_GIABv3.3.2_complexindel10bp_slop50.bed.gz	119612
release/genome-stratifications/v2.0/GRCh38/GenomeSpecific/GRCh38_HG003_GIABv3.3.2_notin_complexandSVs_alldifficultregions.bed.gz	33056769
release/genome-stratifications/v2.0/GRCh38/GenomeSpecific/GRCh38_HG003_GIABv3.3.2_snpswithin10bp_slop50.bed.gz	578230
release/genome-stratifications/v2.0/GRCh38/GenomeSpecific/GRCh38_HG004_GIABv3.3.2_comphetindel10bp_slop50.bed.gz	338442
release/genome-stratifications/v2.0/GRCh38/GenomeSpecific/GRCh38_HG004_GIABv3.3.2_comphetsnp10bp_slop50.bed.gz	82552
release/genome-stratifications/v2.0/GRCh38/GenomeSpecific/GRCh38_HG004_GIABv3.3.2_complexandSVs.bed.gz	1306017
release/genome-stratifications/v2.0/GRCh38/GenomeSpecific/GRCh38_HG004_GIABv3.3.2_complexandSVs_alldifficultregions.bed.gz	31898202
release/genome-stratifications/v2.0/GRCh38/GenomeSpecific/GRCh38_HG004_GIABv3.3.2_complexindel10bp_slop50.bed.gz	121480
release/genome-stratifications/v2.0/GRCh38/GenomeSpecific/GRCh38_HG004_GIABv3.3.2_notin_complexandSVs_alldifficultregions.bed.gz	33049100
release/genome-stratifications/v2.0/GRCh38/GenomeSpecific/GRCh38_HG004_GIABv3.3.2_snpswithin10bp_slop50.bed.gz	582439
release/genome-stratifications/v2.0/GRCh38/GenomeSpecific/GRCh38_HG005_GIABv3.3.2_comphetindel10bp_slop50.bed.gz	226300
release/genome-stratifications/v2.0/GRCh38/GenomeSpecific/GRCh38_HG005_GIABv3.3.2_comphetsnp10bp_slop50.bed.gz	44048
release/genome-stratifications/v2.0/GRCh38/GenomeSpecific/GRCh38_HG005_GIABv3.3.2_complexandSVs.bed.gz	1124300
release/genome-stratifications/v2.0/GRCh38/GenomeSpecific/GRCh38_HG005_GIABv3.3.2_complexandSVs_alldifficultregions.bed.gz	32503004
release/genome-stratifications/v2.0/GRCh38/GenomeSpecific/GRCh38_HG005_GIABv3.3.2_complexindel10bp_slop50.bed.gz	100721
release/genome-stratifications/v2.0/GRCh38/GenomeSpecific/GRCh38_HG005_GIABv3.3.2_notin_complexandSVs_alldifficultregions.bed.gz	33682170
release/genome-stratifications/v2.0/GRCh38/GenomeSpecific/GRCh38_HG005_GIABv3.3.2_snpswithin10bp_slop50.bed.gz	566137
release/genome-stratifications/v2.0/GRCh38/GenomeSpecific/GRCh38_HG005_HG006_HG007_MetaSV_allsvs.bed.gz	270961
release/genome-stratifications/v2.0/GRCh38/GenomeSpecific/v2.0-GRCh38-GenomeSpecific-README.txt	18113
release/genome-stratifications/v2.0/GRCh38/LowComplexity/GRCh38_AllHomopolymers_gt6bp_imperfectgt10bp_slop5.bed.gz	25884048
release/genome-stratifications/v2.0/GRCh38/LowComplexity/GRCh38_AllTandemRepeats_201to10000bp_slop5.bed.gz	905983
release/genome-stratifications/v2.0/GRCh38/LowComplexity/GRCh38_AllTandemRepeats_51to200bp_slop5.bed.gz	2498208
release/genome-stratifications/v2.0/GRCh38/LowComplexity/GRCh38_AllTandemRepeats_gt10000bp_slop5.bed.gz	124760
release/genome-stratifications/v2.0/GRCh38/LowComplexity/GRCh38_AllTandemRepeats_gt100bp_slop5.bed.gz	1630515
release/genome-stratifications/v2.0/GRCh38/LowComplexity/GRCh38_AllTandemRepeats_lt51bp_slop5.bed.gz	8203051
release/genome-stratifications/v2.0/GRCh38/LowComplexity/GRCh38_AllTandemRepeatsandHomopolymers_slop5.bed.gz	31893541
release/genome-stratifications/v2.0/GRCh38/LowComplexity/GRCh38_SimpleRepeat_diTR_11to50_slop5.bed.gz	3435023
release/genome-stratifications/v2.0/GRCh38/LowComplexity/GRCh38_SimpleRepeat_diTR_51to200_slop5.bed.gz	41378
release/genome-stratifications/v2.0/GRCh38/LowComplexity/GRCh38_SimpleRepeat_diTR_gt200_slop5.bed.gz	191
release/genome-stratifications/v2.0/GRCh38/LowComplexity/GRCh38_SimpleRepeat_homopolymer_4to6_slop5.bed.gz	275980680
release/genome-stratifications/v2.0/GRCh38/LowComplexity/GRCh38_SimpleRepeat_homopolymer_7to11_slop5.bed.gz	18461778
release/genome-stratifications/v2.0/GRCh38/LowComplexity/GRCh38_SimpleRepeat_homopolymer_gt11_slop5.bed.gz	4822311
release/genome-stratifications/v2.0/GRCh38/LowComplexity/GRCh38_SimpleRepeat_imperfecthomopolgt10_slop5.bed.gz	11717987
release/genome-stratifications/v2.0/GRCh38/LowComplexity/GRCh38_SimpleRepeat_quadTR_20to50_slop5.bed.gz	883105
release/genome-stratifications/v2.0/GRCh38/LowComplexity/GRCh38_SimpleRepeat_quadTR_51to200_slop5.bed.gz	75452
release/genome-stratifications/v2.0/GRCh38/LowComplexity/GRCh38_SimpleRepeat_quadTR_gt200_slop5.bed.gz	251
release/genome-stratifications/v2.0/GRCh38/LowComplexity/GRCh38_SimpleRepeat_triTR_15to50_slop5.bed.gz	787686
release/genome-stratifications/v2.0/GRCh38/LowComplexity/GRCh38_SimpleRepeat_triTR_51to200_slop5.bed.gz	7119
release/genome-stratifications/v2.0/GRCh38/LowComplexity/GRCh38_SimpleRepeat_triTR_gt200_slop5.bed.gz	205
release/genome-stratifications/v2.0/GRCh38/LowComplexity/GRCh38_notinAllHomopolymers_gt6bp_imperfectgt10bp_slop5.bed.gz	27290656
release/genome-stratifications/v2.0/GRCh38/LowComplexity/GRCh38_notinAllTandemRepeatsandHomopolymers_slop5.bed.gz	33403943
release/genome-stratifications/v2.0/GRCh38/LowComplexity/v2.0-GRCh38-LowComplexity-README.txt	7895
release/genome-stratifications/v2.0/GRCh38/OtherDifficult/GRCh38_L1H_gt500.bed.gz	10098
release/genome-stratifications/v2.0/GRCh38/OtherDifficult/GRCh38_MHC.bed.gz	181
release/genome-stratifications/v2.0/GRCh38/OtherDifficult/GRCh38_VDJ.bed.gz	230
release/genome-stratifications/v2.0/GRCh38/OtherDifficult/GRCh38_allOtherDifficultregions.bed.gz	17209
release/genome-stratifications/v2.0/GRCh38/OtherDifficult/GRCh38_contigs_lt500kb.bed.gz	3389
release/genome-stratifications/v2.0/GRCh38/OtherDifficult/GRCh38_gaps_slop15kb.bed.gz	8866
release/genome-stratifications/v2.0/GRCh38/OtherDifficult/v2.0-GRCh38-OtherDifficult-README.txt	4521
release/genome-stratifications/v2.0/GRCh38/SegmentalDuplications/.DS_Store	0
release/genome-stratifications/v2.0/GRCh38/SegmentalDuplications/GRCh38_chainSelf.bed.gz	1195063
release/genome-stratifications/v2.0/GRCh38/SegmentalDuplications/GRCh38_chainSelf_gt10kb.bed.gz	19584
release/genome-stratifications/v2.0/GRCh38/SegmentalDuplications/GRCh38_gt5segdups_gt10kb_gt99percidentity.bed.gz	1019
release/genome-stratifications/v2.0/GRCh38/SegmentalDuplications/GRCh38_notinchainSelf.bed.gz	1225491
release/genome-stratifications/v2.0/GRCh38/SegmentalDuplications/GRCh38_notinchainSelf_gt10kb.bed.gz	21424
release/genome-stratifications/v2.0/GRCh38/SegmentalDuplications/GRCh38_notinsegdups.bed.gz	72588
release/genome-stratifications/v2.0/GRCh38/SegmentalDuplications/GRCh38_notinsegdups_gt10kb.bed.gz	20582
release/genome-stratifications/v2.0/GRCh38/SegmentalDuplications/GRCh38_segdups.bed.gz	69174
release/genome-stratifications/v2.0/GRCh38/SegmentalDuplications/GRCh38_segdups_gt10kb.bed.gz	18342
release/genome-stratifications/v2.0/GRCh38/SegmentalDuplications/v2.0-GRCh38-SegDups-README.txt	7457
release/genome-stratifications/v2.0/GRCh38/mappability/GRCh38_lowmappabilityall.bed.gz	4857396
release/genome-stratifications/v2.0/GRCh38/mappability/GRCh38_nonunique_l100_m2_e1.bed.gz	4857796
release/genome-stratifications/v2.0/GRCh38/mappability/GRCh38_nonunique_l250_m0_e0.bed.gz	1222440
release/genome-stratifications/v2.0/GRCh38/mappability/GRCh38_notinlowmappabilityall.bed.gz	5017450
release/genome-stratifications/v2.0/GRCh38/mappability/v2.0-GRCh38-mappability-README.txt	5390
release/genome-stratifications/v2.0/GRCh38/union/GRCh38_alldifficultregions.bed.gz	33129894
release/genome-stratifications/v2.0/GRCh38/union/GRCh38_alllowmapandsegdupregions.bed.gz	3831522
release/genome-stratifications/v2.0/GRCh38/union/GRCh38_notinalldifficultregions.bed.gz	34366639
release/genome-stratifications/v2.0/GRCh38/union/GRCh38_notinalllowmapandsegdupregions.bed.gz	3976956
release/genome-stratifications/v2.0/GRCh38/union/v2.0-GRCh38-Union-README.txt	4945
release/genome-stratifications/v2.0/GRCh38/v2.0-GRCh38-stratifications.tsv	13810
release/genome-stratifications/v2.0/GRCh38/v2.0-GRCh38-stratifications.tsv.md5	74
release/genome-stratifications/v2.0/b37.md5	14107
release/genome-stratifications/v2.0/b38.md5	13787
release/genome-stratifications/v2.0/v2.0-stratification-BEDs-README.txt	28902
release/genome-stratifications/v3.0/GIAB-v3.0-stratifications-README.md	10523
release/genome-stratifications/v3.0/GRCh37/FunctionalRegions/.DS_Store	6148
release/genome-stratifications/v3.0/GRCh37/FunctionalRegions/GRCh37-FunctionalRegions-README.md	7233
release/genome-stratifications/v3.0/GRCh37/FunctionalRegions/GRCh37_notinrefseq_cds.bed.gz	1522928
release/genome-stratifications/v3.0/GRCh37/FunctionalRegions/GRCh37_refseq_cds.bed.gz	1467285
release/genome-stratifications/v3.0/GRCh37/FunctionalTechnicallyDifficultRegions/.DS_Store	6148
release/genome-stratifications/v3.0/GRCh37/FunctionalTechnicallyDifficultRegions/GRCh37-FunctionalTechnicallyDifficult-README.md	8734
release/genome-stratifications/v3.0/GRCh37/FunctionalTechnicallyDifficultRegions/GRCh37_BadPromoters.bed.gz	8736
release/genome-stratifications/v3.0/GRCh37/FunctionalTechnicallyDifficultRegions/GRCh37_CMRGv1.00_duplicationinKMT2C.bed.gz	179
release/genome-stratifications/v3.0/GRCh37/FunctionalTechnicallyDifficultRegions/GRCh37_CMRGv1.00_falselyduplicatedgenes.bed.gz	192
release/genome-stratifications/v3.0/GRCh37/GCcontent/.DS_Store	6148
release/genome-stratifications/v3.0/GRCh37/GCcontent/GRCh37-GCcontent-README.md	10304
release/genome-stratifications/v3.0/GRCh37/GCcontent/GRCh37_gc15_slop50.bed.gz	134274
release/genome-stratifications/v3.0/GRCh37/GCcontent/GRCh37_gc15to20_slop50.bed.gz	525237
release/genome-stratifications/v3.0/GRCh37/GCcontent/GRCh37_gc20to25_slop50.bed.gz	3608694
release/genome-stratifications/v3.0/GRCh37/GCcontent/GRCh37_gc25to30_slop50.bed.gz	11601701
release/genome-stratifications/v3.0/GRCh37/GCcontent/GRCh37_gc30to55_slop50.bed.gz	18195039
release/genome-stratifications/v3.0/GRCh37/GCcontent/GRCh37_gc55to60_slop50.bed.gz	8375607
release/genome-stratifications/v3.0/GRCh37/GCcontent/GRCh37_gc60to65_slop50.bed.gz	3379228
release/genome-stratifications/v3.0/GRCh37/GCcontent/GRCh37_gc65to70_slop50.bed.gz	1142629
release/genome-stratifications/v3.0/GRCh37/GCcontent/GRCh37_gc70to75_slop50.bed.gz	419074
release/genome-stratifications/v3.0/GRCh37/GCcontent/GRCh37_gc75to80_slop50.bed.gz	183245
release/genome-stratifications/v3.0/GRCh37/GCcontent/GRCh37_gc80to85_slop50.bed.gz	76243
release/genome-stratifications/v3.0/GRCh37/GCcontent/GRCh37_gc85_slop50.bed.gz	16838
release/genome-stratifications/v3.0/GRCh37/GCcontent/GRCh37_gclt25orgt65_slop50.bed.gz	4687984
release/genome-stratifications/v3.0/GRCh37/GCcontent/GRCh37_gclt30orgt55_slop50.bed.gz	18113556
release/genome-stratifications/v3.0/GRCh37/GenomeSpecific/.DS_Store	6148
release/genome-stratifications/v3.0/GRCh37/GenomeSpecific/GRCh37-GenomeSpecific-README.md	17601
release/genome-stratifications/v3.0/GRCh37/GenomeSpecific/GRCh37_HG001_v4.2.1_CNV_CCSandONT_elliptical_outlier.bed.gz	26089
release/genome-stratifications/v3.0/GRCh37/GenomeSpecific/GRCh37_HG001_v4.2.1_CNV_mrcanavarIllumina_CCShighcov_ONThighcov_intersection.bed.gz	4066
release/genome-stratifications/v3.0/GRCh37/GenomeSpecific/GRCh37_HG001_v4.2.1_CNVsandSVs.bed.gz	191144
release/genome-stratifications/v3.0/GRCh37/GenomeSpecific/GRCh37_HG001_v4.2.1_SV_pbsv_hifiasm_dipcall_svanalyzer_slop25percent.bed.gz	168556
release/genome-stratifications/v3.0/GRCh37/GenomeSpecific/GRCh37_HG001_v4.2.1_comphetindel10bp_slop50.bed.gz	371896
release/genome-stratifications/v3.0/GRCh37/GenomeSpecific/GRCh37_HG001_v4.2.1_comphetsnp10bp_slop50.bed.gz	190872
release/genome-stratifications/v3.0/GRCh37/GenomeSpecific/GRCh37_HG001_v4.2.1_complexandSVs.bed.gz	1573511
release/genome-stratifications/v3.0/GRCh37/GenomeSpecific/GRCh37_HG001_v4.2.1_complexandSVs_alldifficultregions.bed.gz	35229412
release/genome-stratifications/v3.0/GRCh37/GenomeSpecific/GRCh37_HG001_v4.2.1_complexindel10bp_slop50.bed.gz	161493
release/genome-stratifications/v3.0/GRCh37/GenomeSpecific/GRCh37_HG001_v4.2.1_inversions_slop25percent.bed.gz	664
release/genome-stratifications/v3.0/GRCh37/GenomeSpecific/GRCh37_HG001_v4.2.1_notin_complexandSVs_alldifficultregions.bed.gz	36460556
release/genome-stratifications/v3.0/GRCh37/GenomeSpecific/GRCh37_HG001_v4.2.1_othercomplexwithin10bp_slop50.bed.gz	129271
release/genome-stratifications/v3.0/GRCh37/GenomeSpecific/GRCh37_HG001_v4.2.1_snpswithin10bp_slop50.bed.gz	647065
release/genome-stratifications/v3.0/GRCh37/GenomeSpecific/GRCh37_HG002_hifiasmv0.11_ComplexVar_in_TRgt100.bed.gz	342241
release/genome-stratifications/v3.0/GRCh37/GenomeSpecific/GRCh37_HG002_v4.2.1_CNV_CCSandONT_elliptical_outlier.bed.gz	15141
release/genome-stratifications/v3.0/GRCh37/GenomeSpecific/GRCh37_HG002_v4.2.1_CNV_gt2assemblycontigs_ONTCanu_ONTFlye_CCSCanu.bed.gz	3579
release/genome-stratifications/v3.0/GRCh37/GenomeSpecific/GRCh37_HG002_v4.2.1_CNV_mrcanavarIllumina_CCShighcov_ONThighcov_intersection.bed.gz	4345
release/genome-stratifications/v3.0/GRCh37/GenomeSpecific/GRCh37_HG002_v4.2.1_CNVsandSVs.bed.gz	214253
release/genome-stratifications/v3.0/GRCh37/GenomeSpecific/GRCh37_HG002_v4.2.1_Tier1plusTier2_v0.6.1.bed.gz	201342
release/genome-stratifications/v3.0/GRCh37/GenomeSpecific/GRCh37_HG002_v4.2.1_Tier1plusTier2_v0.6.1_slop25percent.bed.gz	202341
release/genome-stratifications/v3.0/GRCh37/GenomeSpecific/GRCh37_HG002_v4.2.1_comphetindel10bp_slop50.bed.gz	413223
release/genome-stratifications/v3.0/GRCh37/GenomeSpecific/GRCh37_HG002_v4.2.1_comphetsnp10bp_slop50.bed.gz	206357
release/genome-stratifications/v3.0/GRCh37/GenomeSpecific/GRCh37_HG002_v4.2.1_complexandSVs.bed.gz	1687137
release/genome-stratifications/v3.0/GRCh37/GenomeSpecific/GRCh37_HG002_v4.2.1_complexandSVs_alldifficultregions.bed.gz	35239873
release/genome-stratifications/v3.0/GRCh37/GenomeSpecific/GRCh37_HG002_v4.2.1_complexindel10bp_slop50.bed.gz	175810
release/genome-stratifications/v3.0/GRCh37/GenomeSpecific/GRCh37_HG002_v4.2.1_inversions_slop25percent.bed.gz	598
release/genome-stratifications/v3.0/GRCh37/GenomeSpecific/GRCh37_HG002_v4.2.1_notin_complexandSVs_alldifficultregions.bed.gz	36472694
release/genome-stratifications/v3.0/GRCh37/GenomeSpecific/GRCh37_HG002_v4.2.1_othercomplexwithin10bp_slop50.bed.gz	138950
release/genome-stratifications/v3.0/GRCh37/GenomeSpecific/GRCh37_HG002_v4.2.1_snpswithin10bp_slop50.bed.gz	666795
release/genome-stratifications/v3.0/GRCh37/GenomeSpecific/GRCh37_HG003_v4.2.1_CNV_CCSandONT_elliptical_outlier.bed.gz	19687
release/genome-stratifications/v3.0/GRCh37/GenomeSpecific/GRCh37_HG003_v4.2.1_CNV_mrcanavarIllumina_CCShighcov_ONThighcov_intersection.bed.gz	4091
release/genome-stratifications/v3.0/GRCh37/GenomeSpecific/GRCh37_HG003_v4.2.1_CNVsandSVs.bed.gz	241936
release/genome-stratifications/v3.0/GRCh37/GenomeSpecific/GRCh37_HG003_v4.2.1_SV_pbsv_slop25percent.bed.gz	156333
release/genome-stratifications/v3.0/GRCh37/GenomeSpecific/GRCh37_HG003_v4.2.1_comphetindel10bp_slop50.bed.gz	357914
release/genome-stratifications/v3.0/GRCh37/GenomeSpecific/GRCh37_HG003_v4.2.1_comphetsnp10bp_slop50.bed.gz	98368
release/genome-stratifications/v3.0/GRCh37/GenomeSpecific/GRCh37_HG003_v4.2.1_complexandSVs.bed.gz	1673130
release/genome-stratifications/v3.0/GRCh37/GenomeSpecific/GRCh37_HG003_v4.2.1_complexandSVs_alldifficultregions.bed.gz	35182901
release/genome-stratifications/v3.0/GRCh37/GenomeSpecific/GRCh37_HG003_v4.2.1_complexindel10bp_slop50.bed.gz	117750
release/genome-stratifications/v3.0/GRCh37/GenomeSpecific/GRCh37_HG003_v4.2.1_notin_complexandSVs_alldifficultregions.bed.gz	36414042
release/genome-stratifications/v3.0/GRCh37/GenomeSpecific/GRCh37_HG003_v4.2.1_othercomplexwithin10bp_slop50.bed.gz	357527
release/genome-stratifications/v3.0/GRCh37/GenomeSpecific/GRCh37_HG003_v4.2.1_snpswithin10bp_slop50.bed.gz	644056
release/genome-stratifications/v3.0/GRCh37/GenomeSpecific/GRCh37_HG004_v4.2.1_CNV_CCSandONT_elliptical_outlier.bed.gz	18094
release/genome-stratifications/v3.0/GRCh37/GenomeSpecific/GRCh37_HG004_v4.2.1_CNV_mrcanavarIllumina_CCShighcov_ONThighcov_intersection.bed.gz	2846
release/genome-stratifications/v3.0/GRCh37/GenomeSpecific/GRCh37_HG004_v4.2.1_CNVsandSVs.bed.gz	242048
release/genome-stratifications/v3.0/GRCh37/GenomeSpecific/GRCh37_HG004_v4.2.1_SV_pbsv_slop25percent.bed.gz	159091
release/genome-stratifications/v3.0/GRCh37/GenomeSpecific/GRCh37_HG004_v4.2.1_comphetindel10bp_slop50.bed.gz	369752
release/genome-stratifications/v3.0/GRCh37/GenomeSpecific/GRCh37_HG004_v4.2.1_comphetsnp10bp_slop50.bed.gz	89751
release/genome-stratifications/v3.0/GRCh37/GenomeSpecific/GRCh37_HG004_v4.2.1_complexandSVs.bed.gz	1691550
release/genome-stratifications/v3.0/GRCh37/GenomeSpecific/GRCh37_HG004_v4.2.1_complexandSVs_alldifficultregions.bed.gz	35184556
release/genome-stratifications/v3.0/GRCh37/GenomeSpecific/GRCh37_HG004_v4.2.1_complexindel10bp_slop50.bed.gz	115711
release/genome-stratifications/v3.0/GRCh37/GenomeSpecific/GRCh37_HG004_v4.2.1_notin_complexandSVs_alldifficultregions.bed.gz	36412361
release/genome-stratifications/v3.0/GRCh37/GenomeSpecific/GRCh37_HG004_v4.2.1_othercomplexwithin10bp_slop50.bed.gz	380613
release/genome-stratifications/v3.0/GRCh37/GenomeSpecific/GRCh37_HG004_v4.2.1_snpswithin10bp_slop50.bed.gz	643091
release/genome-stratifications/v3.0/GRCh37/GenomeSpecific/GRCh37_HG005_v4.2.1_CNV_CCSandONT_elliptical_outlier.bed.gz	17271
release/genome-stratifications/v3.0/GRCh37/GenomeSpecific/GRCh37_HG005_v4.2.1_CNV_mrcanavarIllumina_CCShighcov_ONThighcov_intersection.bed.gz	3358
release/genome-stratifications/v3.0/GRCh37/GenomeSpecific/GRCh37_HG005_v4.2.1_CNVsandSVs.bed.gz	194318
release/genome-stratifications/v3.0/GRCh37/GenomeSpecific/GRCh37_HG005_v4.2.1_SV_pbsv_hifiasm_dipcall_svanalyzer_slop25percent.bed.gz	180620
release/genome-stratifications/v3.0/GRCh37/GenomeSpecific/GRCh37_HG005_v4.2.1_comphetindel10bp_slop50.bed.gz	271566
release/genome-stratifications/v3.0/GRCh37/GenomeSpecific/GRCh37_HG005_v4.2.1_comphetsnp10bp_slop50.bed.gz	190823
release/genome-stratifications/v3.0/GRCh37/GenomeSpecific/GRCh37_HG005_v4.2.1_complexandSVs.bed.gz	1470765
release/genome-stratifications/v3.0/GRCh37/GenomeSpecific/GRCh37_HG005_v4.2.1_complexandSVs_alldifficultregions.bed.gz	35261991
release/genome-stratifications/v3.0/GRCh37/GenomeSpecific/GRCh37_HG005_v4.2.1_complexindel10bp_slop50.bed.gz	146608
release/genome-stratifications/v3.0/GRCh37/GenomeSpecific/GRCh37_HG005_v4.2.1_inversions_slop25percent.bed.gz	694
release/genome-stratifications/v3.0/GRCh37/GenomeSpecific/GRCh37_HG005_v4.2.1_notin_complexandSVs_alldifficultregions.bed.gz	36495844
release/genome-stratifications/v3.0/GRCh37/GenomeSpecific/GRCh37_HG005_v4.2.1_othercomplexwithin10bp_slop50.bed.gz	123470
release/genome-stratifications/v3.0/GRCh37/GenomeSpecific/GRCh37_HG005_v4.2.1_snpswithin10bp_slop50.bed.gz	654797
release/genome-stratifications/v3.0/GRCh37/GenomeSpecific/GRCh37_HG006_v4.2.1_CNV_CCSandONT_elliptical_outlier.bed.gz	12786
release/genome-stratifications/v3.0/GRCh37/GenomeSpecific/GRCh37_HG006_v4.2.1_CNV_mrcanavarIllumina_CCShighcov_ONThighcov_intersection.bed.gz	3246
release/genome-stratifications/v3.0/GRCh37/GenomeSpecific/GRCh37_HG006_v4.2.1_CNVsandSVs.bed.gz	211314
release/genome-stratifications/v3.0/GRCh37/GenomeSpecific/GRCh37_HG006_v4.2.1_SV_pbsv_slop25percent.bed.gz	139076
release/genome-stratifications/v3.0/GRCh37/GenomeSpecific/GRCh37_HG006_v4.2.1_comphetindel10bp_slop50.bed.gz	275195
release/genome-stratifications/v3.0/GRCh37/GenomeSpecific/GRCh37_HG006_v4.2.1_comphetsnp10bp_slop50.bed.gz	112522
release/genome-stratifications/v3.0/GRCh37/GenomeSpecific/GRCh37_HG006_v4.2.1_complexandSVs.bed.gz	1519580
release/genome-stratifications/v3.0/GRCh37/GenomeSpecific/GRCh37_HG006_v4.2.1_complexandSVs_alldifficultregions.bed.gz	35252389
release/genome-stratifications/v3.0/GRCh37/GenomeSpecific/GRCh37_HG006_v4.2.1_complexindel10bp_slop50.bed.gz	121446
release/genome-stratifications/v3.0/GRCh37/GenomeSpecific/GRCh37_HG006_v4.2.1_notin_complexandSVs_alldifficultregions.bed.gz	36487774
release/genome-stratifications/v3.0/GRCh37/GenomeSpecific/GRCh37_HG006_v4.2.1_othercomplexwithin10bp_slop50.bed.gz	283271
release/genome-stratifications/v3.0/GRCh37/GenomeSpecific/GRCh37_HG006_v4.2.1_snpswithin10bp_slop50.bed.gz	640582
release/genome-stratifications/v3.0/GRCh37/GenomeSpecific/GRCh37_HG007_v4.2.1_CNV_CCSandONT_elliptical_outlier.bed.gz	11074
release/genome-stratifications/v3.0/GRCh37/GenomeSpecific/GRCh37_HG007_v4.2.1_CNV_mrcanavarIllumina_CCShighcov_ONThighcov_intersection.bed.gz	3618
release/genome-stratifications/v3.0/GRCh37/GenomeSpecific/GRCh37_HG007_v4.2.1_CNVsandSVs.bed.gz	209992
release/genome-stratifications/v3.0/GRCh37/GenomeSpecific/GRCh37_HG007_v4.2.1_SV_pbsv_slop25percent.bed.gz	139234
release/genome-stratifications/v3.0/GRCh37/GenomeSpecific/GRCh37_HG007_v4.2.1_comphetindel10bp_slop50.bed.gz	272262
release/genome-stratifications/v3.0/GRCh37/GenomeSpecific/GRCh37_HG007_v4.2.1_comphetsnp10bp_slop50.bed.gz	111418
release/genome-stratifications/v3.0/GRCh37/GenomeSpecific/GRCh37_HG007_v4.2.1_complexandSVs.bed.gz	1512002
release/genome-stratifications/v3.0/GRCh37/GenomeSpecific/GRCh37_HG007_v4.2.1_complexandSVs_alldifficultregions.bed.gz	35275562
release/genome-stratifications/v3.0/GRCh37/GenomeSpecific/GRCh37_HG007_v4.2.1_complexindel10bp_slop50.bed.gz	120306
release/genome-stratifications/v3.0/GRCh37/GenomeSpecific/GRCh37_HG007_v4.2.1_notin_complexandSVs_alldifficultregions.bed.gz	36510558
release/genome-stratifications/v3.0/GRCh37/GenomeSpecific/GRCh37_HG007_v4.2.1_othercomplexwithin10bp_slop50.bed.gz	284057
release/genome-stratifications/v3.0/GRCh37/GenomeSpecific/GRCh37_HG007_v4.2.1_snpswithin10bp_slop50.bed.gz	636311
release/genome-stratifications/v3.0/GRCh37/LowComplexity/.DS_Store	6148
release/genome-stratifications/v3.0/GRCh37/LowComplexity/GRCh37-LowComplexity-README.md	10832
release/genome-stratifications/v3.0/GRCh37/LowComplexity/GRCh37_AllHomopolymers_gt6bp_imperfectgt10bp_slop5.bed.gz	24995525
release/genome-stratifications/v3.0/GRCh37/LowComplexity/GRCh37_AllTandemRepeats_201to10000bp_slop5.bed.gz	817400
release/genome-stratifications/v3.0/GRCh37/LowComplexity/GRCh37_AllTandemRepeats_51to200bp_slop5.bed.gz	2492016
release/genome-stratifications/v3.0/GRCh37/LowComplexity/GRCh37_AllTandemRepeats_gt10000bp_slop5.bed.gz	25947
release/genome-stratifications/v3.0/GRCh37/LowComplexity/GRCh37_AllTandemRepeats_gt100bp_slop5.bed.gz	1511189
release/genome-stratifications/v3.0/GRCh37/LowComplexity/GRCh37_AllTandemRepeats_lt51bp_slop5.bed.gz	8364977
release/genome-stratifications/v3.0/GRCh37/LowComplexity/GRCh37_AllTandemRepeatsandHomopolymers_slop5.bed.gz	31096473
release/genome-stratifications/v3.0/GRCh37/LowComplexity/GRCh37_SimpleRepeat_diTR_11to50_slop5.bed.gz	3273434
release/genome-stratifications/v3.0/GRCh37/LowComplexity/GRCh37_SimpleRepeat_diTR_51to200_slop5.bed.gz	39538
release/genome-stratifications/v3.0/GRCh37/LowComplexity/GRCh37_SimpleRepeat_diTR_gt200_slop5.bed.gz	190
release/genome-stratifications/v3.0/GRCh37/LowComplexity/GRCh37_SimpleRepeat_homopolymer_4to6_slop5.bed.gz	264161132
release/genome-stratifications/v3.0/GRCh37/LowComplexity/GRCh37_SimpleRepeat_homopolymer_7to11_slop5.bed.gz	17794686
release/genome-stratifications/v3.0/GRCh37/LowComplexity/GRCh37_SimpleRepeat_homopolymer_gt11_slop5.bed.gz	4657590
release/genome-stratifications/v3.0/GRCh37/LowComplexity/GRCh37_SimpleRepeat_homopolymer_gt20_slop5.bed.gz	1045476
release/genome-stratifications/v3.0/GRCh37/LowComplexity/GRCh37_SimpleRepeat_imperfecthomopolgt10_slop5.bed.gz	11343937
release/genome-stratifications/v3.0/GRCh37/LowComplexity/GRCh37_SimpleRepeat_imperfecthomopolgt20_slop5.bed.gz	2152573
release/genome-stratifications/v3.0/GRCh37/LowComplexity/GRCh37_SimpleRepeat_quadTR_20to50_slop5.bed.gz	847473
release/genome-stratifications/v3.0/GRCh37/LowComplexity/GRCh37_SimpleRepeat_quadTR_51to200_slop5.bed.gz	72118
release/genome-stratifications/v3.0/GRCh37/LowComplexity/GRCh37_SimpleRepeat_quadTR_gt200_slop5.bed.gz	246
release/genome-stratifications/v3.0/GRCh37/LowComplexity/GRCh37_SimpleRepeat_triTR_15to50_slop5.bed.gz	755298
release/genome-stratifications/v3.0/GRCh37/LowComplexity/GRCh37_SimpleRepeat_triTR_51to200_slop5.bed.gz	6644
release/genome-stratifications/v3.0/GRCh37/LowComplexity/GRCh37_SimpleRepeat_triTR_gt200_slop5.bed.gz	203
release/genome-stratifications/v3.0/GRCh37/LowComplexity/GRCh37_notinAllHomopolymers_gt6bp_imperfectgt10bp_slop5.bed.gz	26363389
release/genome-stratifications/v3.0/GRCh37/LowComplexity/GRCh37_notinAllTandemRepeatsandHomopolymers_slop5.bed.gz	32578523
release/genome-stratifications/v3.0/GRCh37/OtherDifficult/.DS_Store	6148
release/genome-stratifications/v3.0/GRCh37/OtherDifficult/GRCh37-OtherDifficult-README.md	9015
release/genome-stratifications/v3.0/GRCh37/OtherDifficult/GRCh37_KIR.bed.gz	177
release/genome-stratifications/v3.0/GRCh37/OtherDifficult/GRCh37_L1H_gt500.bed.gz	8148
release/genome-stratifications/v3.0/GRCh37/OtherDifficult/GRCh37_MHC.bed.gz	177
release/genome-stratifications/v3.0/GRCh37/OtherDifficult/GRCh37_VDJ.bed.gz	226
release/genome-stratifications/v3.0/GRCh37/OtherDifficult/GRCh37_allOtherDifficultregions.bed.gz	225175
release/genome-stratifications/v3.0/GRCh37/OtherDifficult/GRCh37_contigs_lt500kb.bed.gz	954
release/genome-stratifications/v3.0/GRCh37/OtherDifficult/GRCh37_gaps_slop15kb.bed.gz	4460
release/genome-stratifications/v3.0/GRCh37/OtherDifficult/GRCh37_hg38_minimap2_asm20_N10_gt1contig_gt1kb.bed.gz	8210
release/genome-stratifications/v3.0/GRCh37/OtherDifficult/GRCh37_hg38_minimap2_asm20_N10_nocovgt1kb.bed.gz	1396
release/genome-stratifications/v3.0/GRCh37/OtherDifficult/GRCh37_hs37d5_decoy_alignments.bed.gz	221802
release/genome-stratifications/v3.0/GRCh37/OtherDifficult/GRCh37_missing_and_multiple_alignments_of_GRCh38.bed.gz	7733
release/genome-stratifications/v3.0/GRCh37/SegmentalDuplications/.DS_Store	6148
release/genome-stratifications/v3.0/GRCh37/SegmentalDuplications/GRCh37-SegDups-README.md	10491
release/genome-stratifications/v3.0/GRCh37/SegmentalDuplications/GRCh37_chainSelf.bed.gz	469829
release/genome-stratifications/v3.0/GRCh37/SegmentalDuplications/GRCh37_chainSelf_gt10kb.bed.gz	22028
release/genome-stratifications/v3.0/GRCh37/SegmentalDuplications/GRCh37_gt5segdups_gt10kb_gt99percidentity.bed.gz	673
release/genome-stratifications/v3.0/GRCh37/SegmentalDuplications/GRCh37_notinchainSelf.bed.gz	480810
release/genome-stratifications/v3.0/GRCh37/SegmentalDuplications/GRCh37_notinchainSelf_gt10kb.bed.gz	21942
release/genome-stratifications/v3.0/GRCh37/SegmentalDuplications/GRCh37_notinsegdups.bed.gz	66611
release/genome-stratifications/v3.0/GRCh37/SegmentalDuplications/GRCh37_notinsegdups_gt10kb.bed.gz	17058
release/genome-stratifications/v3.0/GRCh37/SegmentalDuplications/GRCh37_segdups.bed.gz	64649
release/genome-stratifications/v3.0/GRCh37/SegmentalDuplications/GRCh37_segdups_gt10kb.bed.gz	16935
release/genome-stratifications/v3.0/GRCh37/mappability/.DS_Store	6148
release/genome-stratifications/v3.0/GRCh37/mappability/GRCh37-mappability-README.md	9010
release/genome-stratifications/v3.0/GRCh37/mappability/GRCh37_lowmappabilityall.bed.gz	10471437
release/genome-stratifications/v3.0/GRCh37/mappability/GRCh37_nonunique_l100_m2_e1.bed.gz	10472271
release/genome-stratifications/v3.0/GRCh37/mappability/GRCh37_nonunique_l250_m0_e0.bed.gz	866124
release/genome-stratifications/v3.0/GRCh37/mappability/GRCh37_notinlowmappabilityall.bed.gz	10678375
release/genome-stratifications/v3.0/GRCh37/union/GRCh37-union-README.md	7955
release/genome-stratifications/v3.0/GRCh37/union/GRCh37_alldifficultregions.bed.gz	35169653
release/genome-stratifications/v3.0/GRCh37/union/GRCh37_alllowmapandsegdupregions.bed.gz	7543582
release/genome-stratifications/v3.0/GRCh37/union/GRCh37_notinalldifficultregions.bed.gz	36445441
release/genome-stratifications/v3.0/GRCh37/union/GRCh37_notinalllowmapandsegdupregions.bed.gz	7729501
release/genome-stratifications/v3.0/GRCh37/v3.0-GRCh37-CMRG-stratifications.tsv	1307
release/genome-stratifications/v3.0/GRCh37/v3.0-GRCh37-all-stratifications.tsv	15775
release/genome-stratifications/v3.0/GRCh37/v3.0-GRCh37-stratifications-all-except-genome-specific-stratifications.tsv	5592
release/genome-stratifications/v3.0/GRCh37/v3.0-GRCh37-v4.2.1-stratifications.tsv	1053
release/genome-stratifications/v3.0/GRCh37/v3.0-stratifications-GRCh37-md5s.txt	15612
release/genome-stratifications/v3.0/GRCh38/FunctionalRegions/.DS_Store	6148
release/genome-stratifications/v3.0/GRCh38/FunctionalRegions/GRCh38-FunctionalRegions-README.md	7472
release/genome-stratifications/v3.0/GRCh38/FunctionalRegions/GRCh38_notinrefseq_cds.bed.gz	1574224
release/genome-stratifications/v3.0/GRCh38/FunctionalRegions/GRCh38_refseq_cds.bed.gz	1516881
release/genome-stratifications/v3.0/GRCh38/FunctionalTechnicallyDifficultRegions/.DS_Store	6148
release/genome-stratifications/v3.0/GRCh38/FunctionalTechnicallyDifficultRegions/GRCh38-FunctionalTechnicallyDifficult-README.md	8734
release/genome-stratifications/v3.0/GRCh38/FunctionalTechnicallyDifficultRegions/GRCh38_BadPromoters.bed.gz	9108
release/genome-stratifications/v3.0/GRCh38/FunctionalTechnicallyDifficultRegions/GRCh38_CMRGv1.00_duplicationinKMT2C.bed.gz	179
release/genome-stratifications/v3.0/GRCh38/FunctionalTechnicallyDifficultRegions/GRCh38_CMRGv1.00_falselyduplicatedgenes.bed.gz	205
release/genome-stratifications/v3.0/GRCh38/GCcontent/.DS_Store	6148
release/genome-stratifications/v3.0/GRCh38/GCcontent/GRCh38-GCcontent-README.md	10334
release/genome-stratifications/v3.0/GRCh38/GCcontent/GRCh38_gc15_slop50.bed.gz	140504
release/genome-stratifications/v3.0/GRCh38/GCcontent/GRCh38_gc15to20_slop50.bed.gz	544346
release/genome-stratifications/v3.0/GRCh38/GCcontent/GRCh38_gc20to25_slop50.bed.gz	3720931
release/genome-stratifications/v3.0/GRCh38/GCcontent/GRCh38_gc25to30_slop50.bed.gz	11923456
release/genome-stratifications/v3.0/GRCh38/GCcontent/GRCh38_gc30to55_slop50.bed.gz	18695385
release/genome-stratifications/v3.0/GRCh38/GCcontent/GRCh38_gc55to60_slop50.bed.gz	8614228
release/genome-stratifications/v3.0/GRCh38/GCcontent/GRCh38_gc60to65_slop50.bed.gz	3486665
release/genome-stratifications/v3.0/GRCh38/GCcontent/GRCh38_gc65to70_slop50.bed.gz	1190247
release/genome-stratifications/v3.0/GRCh38/GCcontent/GRCh38_gc70to75_slop50.bed.gz	437498
release/genome-stratifications/v3.0/GRCh38/GCcontent/GRCh38_gc75to80_slop50.bed.gz	192478
release/genome-stratifications/v3.0/GRCh38/GCcontent/GRCh38_gc80to85_slop50.bed.gz	80458
release/genome-stratifications/v3.0/GRCh38/GCcontent/GRCh38_gc85_slop50.bed.gz	17880
release/genome-stratifications/v3.0/GRCh38/GCcontent/GRCh38_gclt25orgt65_slop50.bed.gz	4824488
release/genome-stratifications/v3.0/GRCh38/GCcontent/GRCh38_gclt30orgt55_slop50.bed.gz	18581004
release/genome-stratifications/v3.0/GRCh38/GenomeSpecific/.DS_Store	6148
release/genome-stratifications/v3.0/GRCh38/GenomeSpecific/GRCh38-GenomeSpecific-README.md	17243
release/genome-stratifications/v3.0/GRCh38/GenomeSpecific/GRCh38_HG001_v4.2.1_CNV_CCSandONT_elliptical_outlier.bed.gz	24400
release/genome-stratifications/v3.0/GRCh38/GenomeSpecific/GRCh38_HG001_v4.2.1_CNV_mrcanavarIllumina_CCShighcov_ONThighcov_intersection.bed.gz	4418
release/genome-stratifications/v3.0/GRCh38/GenomeSpecific/GRCh38_HG001_v4.2.1_CNVsandSVs.bed.gz	195664
release/genome-stratifications/v3.0/GRCh38/GenomeSpecific/GRCh38_HG001_v4.2.1_SV_pbsv_hifiasm_dipcall_svanalyzer_slop25percent.bed.gz	177268
release/genome-stratifications/v3.0/GRCh38/GenomeSpecific/GRCh38_HG001_v4.2.1_comphetindel10bp_slop50.bed.gz	385818
release/genome-stratifications/v3.0/GRCh38/GenomeSpecific/GRCh38_HG001_v4.2.1_comphetsnp10bp_slop50.bed.gz	197464
release/genome-stratifications/v3.0/GRCh38/GenomeSpecific/GRCh38_HG001_v4.2.1_complexandSVs.bed.gz	1622694
release/genome-stratifications/v3.0/GRCh38/GenomeSpecific/GRCh38_HG001_v4.2.1_complexandSVs_alldifficultregions.bed.gz	33015035
release/genome-stratifications/v3.0/GRCh38/GenomeSpecific/GRCh38_HG001_v4.2.1_complexindel10bp_slop50.bed.gz	167824
release/genome-stratifications/v3.0/GRCh38/GenomeSpecific/GRCh38_HG001_v4.2.1_inversions_slop25percent.bed.gz	686
release/genome-stratifications/v3.0/GRCh38/GenomeSpecific/GRCh38_HG001_v4.2.1_notin_complexandSVs_alldifficultregions.bed.gz	34209364
release/genome-stratifications/v3.0/GRCh38/GenomeSpecific/GRCh38_HG001_v4.2.1_othercomplexwithin10bp_slop50.bed.gz	134651
release/genome-stratifications/v3.0/GRCh38/GenomeSpecific/GRCh38_HG001_v4.2.1_snpswithin10bp_slop50.bed.gz	671916
release/genome-stratifications/v3.0/GRCh38/GenomeSpecific/GRCh38_HG002_hifiasmv0.11_ComplexVar_in_TRgt100.bed.gz	379266
release/genome-stratifications/v3.0/GRCh38/GenomeSpecific/GRCh38_HG002_v4.2.1_CNV_CCSandONT_elliptical_outlier.bed.gz	21683
release/genome-stratifications/v3.0/GRCh38/GenomeSpecific/GRCh38_HG002_v4.2.1_CNV_gt2assemblycontigs_ONTCanu_ONTFlye_CCSCanu.bed.gz	4938
release/genome-stratifications/v3.0/GRCh38/GenomeSpecific/GRCh38_HG002_v4.2.1_CNV_mrcanavarIllumina_CCShighcov_ONThighcov_intersection.bed.gz	5370
release/genome-stratifications/v3.0/GRCh38/GenomeSpecific/GRCh38_HG002_v4.2.1_CNVsandSVs.bed.gz	228258
release/genome-stratifications/v3.0/GRCh38/GenomeSpecific/GRCh38_HG002_v4.2.1_Tier1plusTier2_v0.6.1.bed.gz	207794
release/genome-stratifications/v3.0/GRCh38/GenomeSpecific/GRCh38_HG002_v4.2.1_Tier1plusTier2_v0.6.1_slop25percent.bed.gz	208317
release/genome-stratifications/v3.0/GRCh38/GenomeSpecific/GRCh38_HG002_v4.2.1_comphetindel10bp_slop50.bed.gz	429943
release/genome-stratifications/v3.0/GRCh38/GenomeSpecific/GRCh38_HG002_v4.2.1_comphetsnp10bp_slop50.bed.gz	215066
release/genome-stratifications/v3.0/GRCh38/GenomeSpecific/GRCh38_HG002_v4.2.1_complexandSVs.bed.gz	1750985
release/genome-stratifications/v3.0/GRCh38/GenomeSpecific/GRCh38_HG002_v4.2.1_complexandSVs_alldifficultregions.bed.gz	33065393
release/genome-stratifications/v3.0/GRCh38/GenomeSpecific/GRCh38_HG002_v4.2.1_complexindel10bp_slop50.bed.gz	182883
release/genome-stratifications/v3.0/GRCh38/GenomeSpecific/GRCh38_HG002_v4.2.1_inversions_slop25percent.bed.gz	526
release/genome-stratifications/v3.0/GRCh38/GenomeSpecific/GRCh38_HG002_v4.2.1_notin_complexandSVs_alldifficultregions.bed.gz	34261634
release/genome-stratifications/v3.0/GRCh38/GenomeSpecific/GRCh38_HG002_v4.2.1_othercomplexwithin10bp_slop50.bed.gz	144817
release/genome-stratifications/v3.0/GRCh38/GenomeSpecific/GRCh38_HG002_v4.2.1_snpswithin10bp_slop50.bed.gz	694560
release/genome-stratifications/v3.0/GRCh38/GenomeSpecific/GRCh38_HG003_v4.2.1_CNV_CCSandONT_elliptical_outlier.bed.gz	23919
release/genome-stratifications/v3.0/GRCh38/GenomeSpecific/GRCh38_HG003_v4.2.1_CNV_mrcanavarIllumina_CCShighcov_ONThighcov_intersection.bed.gz	3431
release/genome-stratifications/v3.0/GRCh38/GenomeSpecific/GRCh38_HG003_v4.2.1_CNVsandSVs.bed.gz	257523
release/genome-stratifications/v3.0/GRCh38/GenomeSpecific/GRCh38_HG003_v4.2.1_SV_pbsv_slop25percent.bed.gz	166249
release/genome-stratifications/v3.0/GRCh38/GenomeSpecific/GRCh38_HG003_v4.2.1_comphetindel10bp_slop50.bed.gz	373140
release/genome-stratifications/v3.0/GRCh38/GenomeSpecific/GRCh38_HG003_v4.2.1_comphetsnp10bp_slop50.bed.gz	99486
release/genome-stratifications/v3.0/GRCh38/GenomeSpecific/GRCh38_HG003_v4.2.1_complexandSVs.bed.gz	1739755
release/genome-stratifications/v3.0/GRCh38/GenomeSpecific/GRCh38_HG003_v4.2.1_complexandSVs_alldifficultregions.bed.gz	33017387
release/genome-stratifications/v3.0/GRCh38/GenomeSpecific/GRCh38_HG003_v4.2.1_complexindel10bp_slop50.bed.gz	121907
release/genome-stratifications/v3.0/GRCh38/GenomeSpecific/GRCh38_HG003_v4.2.1_notin_complexandSVs_alldifficultregions.bed.gz	34208969
release/genome-stratifications/v3.0/GRCh38/GenomeSpecific/GRCh38_HG003_v4.2.1_othercomplexwithin10bp_slop50.bed.gz	378499
release/genome-stratifications/v3.0/GRCh38/GenomeSpecific/GRCh38_HG003_v4.2.1_snpswithin10bp_slop50.bed.gz	670238
release/genome-stratifications/v3.0/GRCh38/GenomeSpecific/GRCh38_HG004_v4.2.1_CNV_CCSandONT_elliptical_outlier.bed.gz	22482
release/genome-stratifications/v3.0/GRCh38/GenomeSpecific/GRCh38_HG004_v4.2.1_CNV_mrcanavarIllumina_CCShighcov_ONThighcov_intersection.bed.gz	3405
release/genome-stratifications/v3.0/GRCh38/GenomeSpecific/GRCh38_HG004_v4.2.1_CNVsandSVs.bed.gz	256825
release/genome-stratifications/v3.0/GRCh38/GenomeSpecific/GRCh38_HG004_v4.2.1_SV_pbsv_slop25percent.bed.gz	169136
release/genome-stratifications/v3.0/GRCh38/GenomeSpecific/GRCh38_HG004_v4.2.1_comphetindel10bp_slop50.bed.gz	382961
release/genome-stratifications/v3.0/GRCh38/GenomeSpecific/GRCh38_HG004_v4.2.1_comphetsnp10bp_slop50.bed.gz	93429
release/genome-stratifications/v3.0/GRCh38/GenomeSpecific/GRCh38_HG004_v4.2.1_complexandSVs.bed.gz	1752938
release/genome-stratifications/v3.0/GRCh38/GenomeSpecific/GRCh38_HG004_v4.2.1_complexandSVs_alldifficultregions.bed.gz	32991630
release/genome-stratifications/v3.0/GRCh38/GenomeSpecific/GRCh38_HG004_v4.2.1_complexindel10bp_slop50.bed.gz	122218
release/genome-stratifications/v3.0/GRCh38/GenomeSpecific/GRCh38_HG004_v4.2.1_notin_complexandSVs_alldifficultregions.bed.gz	34184666
release/genome-stratifications/v3.0/GRCh38/GenomeSpecific/GRCh38_HG004_v4.2.1_othercomplexwithin10bp_slop50.bed.gz	395555
release/genome-stratifications/v3.0/GRCh38/GenomeSpecific/GRCh38_HG004_v4.2.1_snpswithin10bp_slop50.bed.gz	668726
release/genome-stratifications/v3.0/GRCh38/GenomeSpecific/GRCh38_HG005_v4.2.1_CNV_CCSandONT_elliptical_outlier.bed.gz	20508
release/genome-stratifications/v3.0/GRCh38/GenomeSpecific/GRCh38_HG005_v4.2.1_CNV_mrcanavarIllumina_CCShighcov_ONThighcov_intersection.bed.gz	2740
release/genome-stratifications/v3.0/GRCh38/GenomeSpecific/GRCh38_HG005_v4.2.1_CNVsandSVs.bed.gz	203024
release/genome-stratifications/v3.0/GRCh38/GenomeSpecific/GRCh38_HG005_v4.2.1_SV_pbsv_hifiasm_dipcall_svanalyzer_slop25percent.bed.gz	190228
release/genome-stratifications/v3.0/GRCh38/GenomeSpecific/GRCh38_HG005_v4.2.1_comphetindel10bp_slop50.bed.gz	282486
release/genome-stratifications/v3.0/GRCh38/GenomeSpecific/GRCh38_HG005_v4.2.1_comphetsnp10bp_slop50.bed.gz	198656
release/genome-stratifications/v3.0/GRCh38/GenomeSpecific/GRCh38_HG005_v4.2.1_complexandSVs.bed.gz	1523806
release/genome-stratifications/v3.0/GRCh38/GenomeSpecific/GRCh38_HG005_v4.2.1_complexandSVs_alldifficultregions.bed.gz	33050219
release/genome-stratifications/v3.0/GRCh38/GenomeSpecific/GRCh38_HG005_v4.2.1_complexindel10bp_slop50.bed.gz	153796
release/genome-stratifications/v3.0/GRCh38/GenomeSpecific/GRCh38_HG005_v4.2.1_inversions_slop25percent.bed.gz	704
release/genome-stratifications/v3.0/GRCh38/GenomeSpecific/GRCh38_HG005_v4.2.1_notin_complexandSVs_alldifficultregions.bed.gz	34249157
release/genome-stratifications/v3.0/GRCh38/GenomeSpecific/GRCh38_HG005_v4.2.1_othercomplexwithin10bp_slop50.bed.gz	129789
release/genome-stratifications/v3.0/GRCh38/GenomeSpecific/GRCh38_HG005_v4.2.1_snpswithin10bp_slop50.bed.gz	679304
release/genome-stratifications/v3.0/GRCh38/GenomeSpecific/GRCh38_HG006_v4.2.1_CNV_CCSandONT_elliptical_outlier.bed.gz	14817
release/genome-stratifications/v3.0/GRCh38/GenomeSpecific/GRCh38_HG006_v4.2.1_CNV_mrcanavarIllumina_CCShighcov_ONThighcov_intersection.bed.gz	3494
release/genome-stratifications/v3.0/GRCh38/GenomeSpecific/GRCh38_HG006_v4.2.1_CNVsandSVs.bed.gz	222574
release/genome-stratifications/v3.0/GRCh38/GenomeSpecific/GRCh38_HG006_v4.2.1_SV_pbsv_slop25percent.bed.gz	148203
release/genome-stratifications/v3.0/GRCh38/GenomeSpecific/GRCh38_HG006_v4.2.1_comphetindel10bp_slop50.bed.gz	254060
release/genome-stratifications/v3.0/GRCh38/GenomeSpecific/GRCh38_HG006_v4.2.1_comphetsnp10bp_slop50.bed.gz	116512
release/genome-stratifications/v3.0/GRCh38/GenomeSpecific/GRCh38_HG006_v4.2.1_complexandSVs.bed.gz	1491032
release/genome-stratifications/v3.0/GRCh38/GenomeSpecific/GRCh38_HG006_v4.2.1_complexandSVs_alldifficultregions.bed.gz	33043244
release/genome-stratifications/v3.0/GRCh38/GenomeSpecific/GRCh38_HG006_v4.2.1_complexindel10bp_slop50.bed.gz	99317
release/genome-stratifications/v3.0/GRCh38/GenomeSpecific/GRCh38_HG006_v4.2.1_notin_complexandSVs_alldifficultregions.bed.gz	34243137
release/genome-stratifications/v3.0/GRCh38/GenomeSpecific/GRCh38_HG006_v4.2.1_othercomplexwithin10bp_slop50.bed.gz	259154
release/genome-stratifications/v3.0/GRCh38/GenomeSpecific/GRCh38_HG006_v4.2.1_snpswithin10bp_slop50.bed.gz	660552
release/genome-stratifications/v3.0/GRCh38/GenomeSpecific/GRCh38_HG007_v4.2.1_CNV_CCSandONT_elliptical_outlier.bed.gz	14728
release/genome-stratifications/v3.0/GRCh38/GenomeSpecific/GRCh38_HG007_v4.2.1_CNV_mrcanavarIllumina_CCShighcov_ONThighcov_intersection.bed.gz	4322
release/genome-stratifications/v3.0/GRCh38/GenomeSpecific/GRCh38_HG007_v4.2.1_CNVsandSVs.bed.gz	220903
release/genome-stratifications/v3.0/GRCh38/GenomeSpecific/GRCh38_HG007_v4.2.1_SV_pbsv_slop25percent.bed.gz	148026
release/genome-stratifications/v3.0/GRCh38/GenomeSpecific/GRCh38_HG007_v4.2.1_comphetindel10bp_slop50.bed.gz	256488
release/genome-stratifications/v3.0/GRCh38/GenomeSpecific/GRCh38_HG007_v4.2.1_comphetsnp10bp_slop50.bed.gz	115476
release/genome-stratifications/v3.0/GRCh38/GenomeSpecific/GRCh38_HG007_v4.2.1_complexandSVs.bed.gz	1500834
release/genome-stratifications/v3.0/GRCh38/GenomeSpecific/GRCh38_HG007_v4.2.1_complexandSVs_alldifficultregions.bed.gz	33061232
release/genome-stratifications/v3.0/GRCh38/GenomeSpecific/GRCh38_HG007_v4.2.1_complexindel10bp_slop50.bed.gz	100723
release/genome-stratifications/v3.0/GRCh38/GenomeSpecific/GRCh38_HG007_v4.2.1_notin_complexandSVs_alldifficultregions.bed.gz	34263081
release/genome-stratifications/v3.0/GRCh38/GenomeSpecific/GRCh38_HG007_v4.2.1_othercomplexwithin10bp_slop50.bed.gz	265211
release/genome-stratifications/v3.0/GRCh38/GenomeSpecific/GRCh38_HG007_v4.2.1_snpswithin10bp_slop50.bed.gz	662422
release/genome-stratifications/v3.0/GRCh38/LowComplexity/.DS_Store	6148
release/genome-stratifications/v3.0/GRCh38/LowComplexity/GRCh38-LowComplexity-README.md	10834
release/genome-stratifications/v3.0/GRCh38/LowComplexity/GRCh38_AllHomopolymers_gt6bp_imperfectgt10bp_slop5.bed.gz	25884048
release/genome-stratifications/v3.0/GRCh38/LowComplexity/GRCh38_AllTandemRepeats_201to10000bp_slop5.bed.gz	905983
release/genome-stratifications/v3.0/GRCh38/LowComplexity/GRCh38_AllTandemRepeats_51to200bp_slop5.bed.gz	2498208
release/genome-stratifications/v3.0/GRCh38/LowComplexity/GRCh38_AllTandemRepeats_gt10000bp_slop5.bed.gz	124760
release/genome-stratifications/v3.0/GRCh38/LowComplexity/GRCh38_AllTandemRepeats_gt100bp_slop5.bed.gz	1630515
release/genome-stratifications/v3.0/GRCh38/LowComplexity/GRCh38_AllTandemRepeats_lt51bp_slop5.bed.gz	8203051
release/genome-stratifications/v3.0/GRCh38/LowComplexity/GRCh38_AllTandemRepeatsandHomopolymers_slop5.bed.gz	31893541
release/genome-stratifications/v3.0/GRCh38/LowComplexity/GRCh38_SimpleRepeat_diTR_11to50_slop5.bed.gz	3435023
release/genome-stratifications/v3.0/GRCh38/LowComplexity/GRCh38_SimpleRepeat_diTR_51to200_slop5.bed.gz	41378
release/genome-stratifications/v3.0/GRCh38/LowComplexity/GRCh38_SimpleRepeat_diTR_gt200_slop5.bed.gz	191
release/genome-stratifications/v3.0/GRCh38/LowComplexity/GRCh38_SimpleRepeat_homopolymer_4to6_slop5.bed.gz	275980680
release/genome-stratifications/v3.0/GRCh38/LowComplexity/GRCh38_SimpleRepeat_homopolymer_7to11_slop5.bed.gz	18461778
release/genome-stratifications/v3.0/GRCh38/LowComplexity/GRCh38_SimpleRepeat_homopolymer_gt11_slop5.bed.gz	4822311
release/genome-stratifications/v3.0/GRCh38/LowComplexity/GRCh38_SimpleRepeat_homopolymer_gt20_slop5.bed.gz	1088325
release/genome-stratifications/v3.0/GRCh38/LowComplexity/GRCh38_SimpleRepeat_imperfecthomopolgt10_slop5.bed.gz	11717987
release/genome-stratifications/v3.0/GRCh38/LowComplexity/GRCh38_SimpleRepeat_imperfecthomopolgt20_slop5.bed.gz	2238209
release/genome-stratifications/v3.0/GRCh38/LowComplexity/GRCh38_SimpleRepeat_quadTR_20to50_slop5.bed.gz	883105
release/genome-stratifications/v3.0/GRCh38/LowComplexity/GRCh38_SimpleRepeat_quadTR_51to200_slop5.bed.gz	75452
release/genome-stratifications/v3.0/GRCh38/LowComplexity/GRCh38_SimpleRepeat_quadTR_gt200_slop5.bed.gz	251
release/genome-stratifications/v3.0/GRCh38/LowComplexity/GRCh38_SimpleRepeat_triTR_15to50_slop5.bed.gz	787686
release/genome-stratifications/v3.0/GRCh38/LowComplexity/GRCh38_SimpleRepeat_triTR_51to200_slop5.bed.gz	7119
release/genome-stratifications/v3.0/GRCh38/LowComplexity/GRCh38_SimpleRepeat_triTR_gt200_slop5.bed.gz	205
release/genome-stratifications/v3.0/GRCh38/LowComplexity/GRCh38_notinAllHomopolymers_gt6bp_imperfectgt10bp_slop5.bed.gz	27290656
release/genome-stratifications/v3.0/GRCh38/LowComplexity/GRCh38_notinAllTandemRepeatsandHomopolymers_slop5.bed.gz	33403943
release/genome-stratifications/v3.0/GRCh38/OtherDifficult/.DS_Store	6148
release/genome-stratifications/v3.0/GRCh38/OtherDifficult/GRCh38-OtherDifficult-README.md	19575
release/genome-stratifications/v3.0/GRCh38/OtherDifficult/GRCh38_KIR.bed.gz	180
release/genome-stratifications/v3.0/GRCh38/OtherDifficult/GRCh38_L1H_gt500.bed.gz	10098
release/genome-stratifications/v3.0/GRCh38/OtherDifficult/GRCh38_LD_discordant_haplotypes_slop5bp.bed.gz	13728
release/genome-stratifications/v3.0/GRCh38/OtherDifficult/GRCh38_MHC.bed.gz	181
release/genome-stratifications/v3.0/GRCh38/OtherDifficult/GRCh38_VDJ.bed.gz	230
release/genome-stratifications/v3.0/GRCh38/OtherDifficult/GRCh38_allOtherDifficultregions.bed.gz	369234
release/genome-stratifications/v3.0/GRCh38/OtherDifficult/GRCh38_collapsed_duplication_FP_regions.bed.gz	1874
release/genome-stratifications/v3.0/GRCh38/OtherDifficult/GRCh38_contigs_lt500kb.bed.gz	3389
release/genome-stratifications/v3.0/GRCh38/OtherDifficult/GRCh38_false_duplications_correct_copy.bed.gz	313
release/genome-stratifications/v3.0/GRCh38/OtherDifficult/GRCh38_false_duplications_incorrect_copy.bed.gz	285
release/genome-stratifications/v3.0/GRCh38/OtherDifficult/GRCh38_gaps_slop15kb.bed.gz	8866
release/genome-stratifications/v3.0/GRCh38/OtherDifficult/GRCh38_gnomAD_InbreedingCoeff_slop1bp_merge1000bp.bed.gz	373501
release/genome-stratifications/v3.0/GRCh38/OtherDifficult/GRCh38_population_CNV_FP_regions.bed.gz	4740
release/genome-stratifications/v3.0/GRCh38/SegmentalDuplications/.DS_Store	6148
release/genome-stratifications/v3.0/GRCh38/SegmentalDuplications/GRCh38-SegDups-README.md	10486
release/genome-stratifications/v3.0/GRCh38/SegmentalDuplications/GRCh38_chainSelf.bed.gz	1195063
release/genome-stratifications/v3.0/GRCh38/SegmentalDuplications/GRCh38_chainSelf_gt10kb.bed.gz	19584
release/genome-stratifications/v3.0/GRCh38/SegmentalDuplications/GRCh38_gt5segdups_gt10kb_gt99percidentity.bed.gz	1019
release/genome-stratifications/v3.0/GRCh38/SegmentalDuplications/GRCh38_notinchainSelf.bed.gz	1225491
release/genome-stratifications/v3.0/GRCh38/SegmentalDuplications/GRCh38_notinchainSelf_gt10kb.bed.gz	21424
release/genome-stratifications/v3.0/GRCh38/SegmentalDuplications/GRCh38_notinsegdups.bed.gz	72588
release/genome-stratifications/v3.0/GRCh38/SegmentalDuplications/GRCh38_notinsegdups_gt10kb.bed.gz	20582
release/genome-stratifications/v3.0/GRCh38/SegmentalDuplications/GRCh38_segdups.bed.gz	69174
release/genome-stratifications/v3.0/GRCh38/SegmentalDuplications/GRCh38_segdups_gt10kb.bed.gz	18342
release/genome-stratifications/v3.0/GRCh38/ancestry/GRCh38-ancestry-README.md	13827
release/genome-stratifications/v3.0/GRCh38/ancestry/GRCh38_ancestry_AFR.bed.gz	1327365
release/genome-stratifications/v3.0/GRCh38/ancestry/GRCh38_ancestry_AMR.bed.gz	344474
release/genome-stratifications/v3.0/GRCh38/ancestry/GRCh38_ancestry_EAS.bed.gz	230654
release/genome-stratifications/v3.0/GRCh38/ancestry/GRCh38_ancestry_EUR.bed.gz	1078536
release/genome-stratifications/v3.0/GRCh38/ancestry/GRCh38_ancestry_Neanderthal.bed.gz	49049
release/genome-stratifications/v3.0/GRCh38/ancestry/GRCh38_ancestry_SAS.bed.gz	224388
release/genome-stratifications/v3.0/GRCh38/mappability/.DS_Store	6148
release/genome-stratifications/v3.0/GRCh38/mappability/GRCh38-mappability-README.md	9552
release/genome-stratifications/v3.0/GRCh38/mappability/GRCh38_lowmappabilityall.bed.gz	4857396
release/genome-stratifications/v3.0/GRCh38/mappability/GRCh38_nonunique_l100_m2_e1.bed.gz	4857796
release/genome-stratifications/v3.0/GRCh38/mappability/GRCh38_nonunique_l250_m0_e0.bed.gz	1222440
release/genome-stratifications/v3.0/GRCh38/mappability/GRCh38_notinlowmappabilityall.bed.gz	5017450
release/genome-stratifications/v3.0/GRCh38/union/.DS_Store	6148
release/genome-stratifications/v3.0/GRCh38/union/GRCh38-union-README.md	8311
release/genome-stratifications/v3.0/GRCh38/union/GRCh38_alldifficultregions.bed.gz	32907605
release/genome-stratifications/v3.0/GRCh38/union/GRCh38_alllowmapandsegdupregions.bed.gz	3828550
release/genome-stratifications/v3.0/GRCh38/union/GRCh38_notinalldifficultregions.bed.gz	34147326
release/genome-stratifications/v3.0/GRCh38/union/GRCh38_notinalllowmapandsegdupregions.bed.gz	3976229
release/genome-stratifications/v3.0/GRCh38/v3.0-GRCh38-CMRG-stratifications.tsv	1497
release/genome-stratifications/v3.0/GRCh38/v3.0-GRCh38-all-stratifications.tsv	16271
release/genome-stratifications/v3.0/GRCh38/v3.0-GRCh38-stratifications-all-except-genome-specific-stratifications.tsv	6088
release/genome-stratifications/v3.0/GRCh38/v3.0-GRCh38-v4.2.1-stratifications.tsv	1359
release/genome-stratifications/v3.0/GRCh38/v3.0-stratifications-GRCh38-md5s.txt	16226
release/genome-stratifications/v3.0/v3.0-stratifications-GRCh37.tar.gz	1154617091
release/genome-stratifications/v3.0/v3.0-stratifications-GRCh38.tar.gz	1117422193
release/genome-stratifications/v3.0/v3.0-stratifications-file-md5s.txt	38339
release/genome-stratifications/v3.1/.DS_Store	10244
release/genome-stratifications/v3.1/CHM13v2.0/.DS_Store	10244
release/genome-stratifications/v3.1/CHM13v2.0/LowComplexity/CHM13v2.0-LowComplexity-README.md	11692
release/genome-stratifications/v3.1/CHM13v2.0/LowComplexity/CHM13v2.0_AllHomopolymers_gt6bp_imperfectgt10bp_slop5.bed.gz	26424829
release/genome-stratifications/v3.1/CHM13v2.0/LowComplexity/CHM13v2.0_AllTandemRepeats_201to10000bp_slop5.bed.gz	286975
release/genome-stratifications/v3.1/CHM13v2.0/LowComplexity/CHM13v2.0_AllTandemRepeats_51to200bp_slop5.bed.gz	1894579
release/genome-stratifications/v3.1/CHM13v2.0/LowComplexity/CHM13v2.0_AllTandemRepeats_gt10000bp_slop5.bed.gz	623740
release/genome-stratifications/v3.1/CHM13v2.0/LowComplexity/CHM13v2.0_AllTandemRepeats_gt100bp_slop5.bed.gz	1340045
release/genome-stratifications/v3.1/CHM13v2.0/LowComplexity/CHM13v2.0_AllTandemRepeats_lt51bp_slop5.bed.gz	6200425
release/genome-stratifications/v3.1/CHM13v2.0/LowComplexity/CHM13v2.0_AllTandemRepeatsandHomopolymers_slop5.bed.gz	31260399
release/genome-stratifications/v3.1/CHM13v2.0/LowComplexity/CHM13v2.0_SimpleRepeat_diTR_11to50_slop5.bed.gz	3781104
release/genome-stratifications/v3.1/CHM13v2.0/LowComplexity/CHM13v2.0_SimpleRepeat_diTR_51to200_slop5.bed.gz	40706
release/genome-stratifications/v3.1/CHM13v2.0/LowComplexity/CHM13v2.0_SimpleRepeat_diTR_gt200_slop5.bed.gz	158
release/genome-stratifications/v3.1/CHM13v2.0/LowComplexity/CHM13v2.0_SimpleRepeat_homopolymer_4to6_slop5.bed.gz	285674864
release/genome-stratifications/v3.1/CHM13v2.0/LowComplexity/CHM13v2.0_SimpleRepeat_homopolymer_7to11_slop5.bed.gz	18928669
release/genome-stratifications/v3.1/CHM13v2.0/LowComplexity/CHM13v2.0_SimpleRepeat_homopolymer_gt11_slop5.bed.gz	4861463
release/genome-stratifications/v3.1/CHM13v2.0/LowComplexity/CHM13v2.0_SimpleRepeat_homopolymer_gt20_slop5.bed.gz	1101921
release/genome-stratifications/v3.1/CHM13v2.0/LowComplexity/CHM13v2.0_SimpleRepeat_imperfecthomopolgt10_slop5.bed.gz	11847191
release/genome-stratifications/v3.1/CHM13v2.0/LowComplexity/CHM13v2.0_SimpleRepeat_imperfecthomopolgt20_slop5.bed.gz	2268482
release/genome-stratifications/v3.1/CHM13v2.0/LowComplexity/CHM13v2.0_SimpleRepeat_quadTR_20to50_slop5.bed.gz	943242
release/genome-stratifications/v3.1/CHM13v2.0/LowComplexity/CHM13v2.0_SimpleRepeat_quadTR_51to200_slop5.bed.gz	81992
release/genome-stratifications/v3.1/CHM13v2.0/LowComplexity/CHM13v2.0_SimpleRepeat_quadTR_gt200_slop5.bed.gz	205
release/genome-stratifications/v3.1/CHM13v2.0/LowComplexity/CHM13v2.0_SimpleRepeat_triTR_15to50_slop5.bed.gz	832752
release/genome-stratifications/v3.1/CHM13v2.0/LowComplexity/CHM13v2.0_SimpleRepeat_triTR_51to200_slop5.bed.gz	9666
release/genome-stratifications/v3.1/CHM13v2.0/LowComplexity/CHM13v2.0_SimpleRepeat_triTR_gt200_slop5.bed.gz	208
release/genome-stratifications/v3.1/CHM13v2.0/LowComplexity/CHM13v2.0_allTandemRepeats.bed.gz	8864224
release/genome-stratifications/v3.1/CHM13v2.0/LowComplexity/CHM13v2.0_notinAllHomopolymers_gt6bp_imperfectgt10bp_slop5.bed.gz	27889066
release/genome-stratifications/v3.1/CHM13v2.0/LowComplexity/CHM13v2.0_notinAllTandemRepeatsandHomopolymers_slop5.bed.gz	32814948
release/genome-stratifications/v3.1/CHM13v2.0/LowComplexity/CHM13v2.0_notinallTandemRepeats.bed.gz	9250414
release/genome-stratifications/v3.1/CHM13v2.0/LowComplexity/CHM13v2.0_notinsatellites_slop5.bed.gz	9046
release/genome-stratifications/v3.1/CHM13v2.0/LowComplexity/CHM13v2.0_satellites_slop5.bed.gz	8637
release/genome-stratifications/v3.1/CHM13v2.0/OtherDifficult/CHM13v2.0-OtherDifficult-README.md	6765
release/genome-stratifications/v3.1/CHM13v2.0/OtherDifficult/CHM13v2.0_rDNA.bed.gz	229
release/genome-stratifications/v3.1/CHM13v2.0/SegmentalDuplications/CHM13v2.0-SegDups-README.md	7117
release/genome-stratifications/v3.1/CHM13v2.0/SegmentalDuplications/CHM13v2.0_SegDups.bed.gz	159012
release/genome-stratifications/v3.1/CHM13v2.0/SegmentalDuplications/CHM13v2.0_notinSegDups.bed.gz	163315
release/genome-stratifications/v3.1/CHM13v2.0/Union/.DS_Store	6148
release/genome-stratifications/v3.1/CHM13v2.0/Union/CHM13v2.0-Union-README.md	7825
release/genome-stratifications/v3.1/CHM13v2.0/Union/CHM13v2.0_alldifficultregions.bed.gz	30100402
release/genome-stratifications/v3.1/CHM13v2.0/Union/CHM13v2.0_notinalldifficultregions.bed.gz	31581439
release/genome-stratifications/v3.1/CHM13v2.0/XY/.DS_Store	6148
release/genome-stratifications/v3.1/CHM13v2.0/XY/CHM13v2.0-XY-README.md	7727
release/genome-stratifications/v3.1/CHM13v2.0/XY/CHM13v2.0_AllAutosomes.bed.gz	345
release/genome-stratifications/v3.1/CHM13v2.0/XY/CHM13v2.0_chrX_PAR.bed.gz	192
release/genome-stratifications/v3.1/CHM13v2.0/XY/CHM13v2.0_chrX_XTR.bed.gz	182
release/genome-stratifications/v3.1/CHM13v2.0/XY/CHM13v2.0_chrX_nonPAR.bed.gz	181
release/genome-stratifications/v3.1/CHM13v2.0/XY/CHM13v2.0_chrY_PAR.bed.gz	190
release/genome-stratifications/v3.1/CHM13v2.0/XY/CHM13v2.0_chrY_XTR.bed.gz	193
release/genome-stratifications/v3.1/CHM13v2.0/XY/CHM13v2.0_chrY_nonPAR.bed.gz	181
release/genome-stratifications/v3.1/CHM13v2.0/v3.1-CHM13v2.0-all-stratifications.tsv	3254
release/genome-stratifications/v3.1/CHM13v2.0/v3.1-genome-stratifications-CHM13v2.0-md5s.txt	3956
release/genome-stratifications/v3.1/GRCh37/.DS_Store	18436
release/genome-stratifications/v3.1/GRCh37/FunctionalRegions/.DS_Store	6148
release/genome-stratifications/v3.1/GRCh37/FunctionalRegions/GRCh37-FunctionalRegions-README.md	7273
release/genome-stratifications/v3.1/GRCh37/FunctionalRegions/GRCh37_notinrefseq_cds.bed.gz	1522928
release/genome-stratifications/v3.1/GRCh37/FunctionalRegions/GRCh37_refseq_cds.bed.gz	1467285
release/genome-stratifications/v3.1/GRCh37/FunctionalTechnicallyDifficultRegions/.DS_Store	6148
release/genome-stratifications/v3.1/GRCh37/FunctionalTechnicallyDifficultRegions/GRCh37-FunctionalTechnicallyDifficult-README.md	8778
release/genome-stratifications/v3.1/GRCh37/FunctionalTechnicallyDifficultRegions/GRCh37_BadPromoters.bed.gz	8736
release/genome-stratifications/v3.1/GRCh37/FunctionalTechnicallyDifficultRegions/GRCh37_CMRGv1.00_duplicationinKMT2C.bed.gz	179
release/genome-stratifications/v3.1/GRCh37/FunctionalTechnicallyDifficultRegions/GRCh37_CMRGv1.00_falselyduplicatedgenes.bed.gz	192
release/genome-stratifications/v3.1/GRCh37/GCcontent/.DS_Store	6148
release/genome-stratifications/v3.1/GRCh37/GCcontent/GRCh37-GCcontent-README.md	10361
release/genome-stratifications/v3.1/GRCh37/GCcontent/GRCh37_gc15_slop50.bed.gz	134274
release/genome-stratifications/v3.1/GRCh37/GCcontent/GRCh37_gc15to20_slop50.bed.gz	525237
release/genome-stratifications/v3.1/GRCh37/GCcontent/GRCh37_gc20to25_slop50.bed.gz	3608694
release/genome-stratifications/v3.1/GRCh37/GCcontent/GRCh37_gc25to30_slop50.bed.gz	11601701
release/genome-stratifications/v3.1/GRCh37/GCcontent/GRCh37_gc30to55_slop50.bed.gz	18195039
release/genome-stratifications/v3.1/GRCh37/GCcontent/GRCh37_gc55to60_slop50.bed.gz	8375607
release/genome-stratifications/v3.1/GRCh37/GCcontent/GRCh37_gc60to65_slop50.bed.gz	3379228
release/genome-stratifications/v3.1/GRCh37/GCcontent/GRCh37_gc65to70_slop50.bed.gz	1142629
release/genome-stratifications/v3.1/GRCh37/GCcontent/GRCh37_gc70to75_slop50.bed.gz	419074
release/genome-stratifications/v3.1/GRCh37/GCcontent/GRCh37_gc75to80_slop50.bed.gz	183245
release/genome-stratifications/v3.1/GRCh37/GCcontent/GRCh37_gc80to85_slop50.bed.gz	76243
release/genome-stratifications/v3.1/GRCh37/GCcontent/GRCh37_gc85_slop50.bed.gz	16838
release/genome-stratifications/v3.1/GRCh37/GCcontent/GRCh37_gclt25orgt65_slop50.bed.gz	4687984
release/genome-stratifications/v3.1/GRCh37/GCcontent/GRCh37_gclt30orgt55_slop50.bed.gz	18113556
release/genome-stratifications/v3.1/GRCh37/GenomeSpecific/.DS_Store	6148
release/genome-stratifications/v3.1/GRCh37/GenomeSpecific/GRCh37-GenomeSpecific-README.md	17783
release/genome-stratifications/v3.1/GRCh37/GenomeSpecific/GRCh37_HG001_v4.2.1_CNV_CCSandONT_elliptical_outlier.bed.gz	26089
release/genome-stratifications/v3.1/GRCh37/GenomeSpecific/GRCh37_HG001_v4.2.1_CNV_mrcanavarIllumina_CCShighcov_ONThighcov_intersection.bed.gz	4066
release/genome-stratifications/v3.1/GRCh37/GenomeSpecific/GRCh37_HG001_v4.2.1_CNVsandSVs.bed.gz	191144
release/genome-stratifications/v3.1/GRCh37/GenomeSpecific/GRCh37_HG001_v4.2.1_SV_pbsv_hifiasm_dipcall_svanalyzer_slop25percent.bed.gz	168556
release/genome-stratifications/v3.1/GRCh37/GenomeSpecific/GRCh37_HG001_v4.2.1_comphetindel10bp_slop50.bed.gz	371896
release/genome-stratifications/v3.1/GRCh37/GenomeSpecific/GRCh37_HG001_v4.2.1_comphetsnp10bp_slop50.bed.gz	190872
release/genome-stratifications/v3.1/GRCh37/GenomeSpecific/GRCh37_HG001_v4.2.1_complexandSVs.bed.gz	1573511
release/genome-stratifications/v3.1/GRCh37/GenomeSpecific/GRCh37_HG001_v4.2.1_complexandSVs_alldifficultregions.bed.gz	35229412
release/genome-stratifications/v3.1/GRCh37/GenomeSpecific/GRCh37_HG001_v4.2.1_complexindel10bp_slop50.bed.gz	161493
release/genome-stratifications/v3.1/GRCh37/GenomeSpecific/GRCh37_HG001_v4.2.1_inversions_slop25percent.bed.gz	664
release/genome-stratifications/v3.1/GRCh37/GenomeSpecific/GRCh37_HG001_v4.2.1_notin_complexandSVs_alldifficultregions.bed.gz	36460556
release/genome-stratifications/v3.1/GRCh37/GenomeSpecific/GRCh37_HG001_v4.2.1_othercomplexwithin10bp_slop50.bed.gz	129271
release/genome-stratifications/v3.1/GRCh37/GenomeSpecific/GRCh37_HG001_v4.2.1_snpswithin10bp_slop50.bed.gz	647065
release/genome-stratifications/v3.1/GRCh37/GenomeSpecific/GRCh37_HG002_hifiasmv0.11_ComplexVar_in_TRgt100.bed.gz	342241
release/genome-stratifications/v3.1/GRCh37/GenomeSpecific/GRCh37_HG002_v4.2.1_CNV_CCSandONT_elliptical_outlier.bed.gz	15141
release/genome-stratifications/v3.1/GRCh37/GenomeSpecific/GRCh37_HG002_v4.2.1_CNV_gt2assemblycontigs_ONTCanu_ONTFlye_CCSCanu.bed.gz	3579
release/genome-stratifications/v3.1/GRCh37/GenomeSpecific/GRCh37_HG002_v4.2.1_CNV_mrcanavarIllumina_CCShighcov_ONThighcov_intersection.bed.gz	4345
release/genome-stratifications/v3.1/GRCh37/GenomeSpecific/GRCh37_HG002_v4.2.1_CNVsandSVs.bed.gz	214253
release/genome-stratifications/v3.1/GRCh37/GenomeSpecific/GRCh37_HG002_v4.2.1_Tier1plusTier2_v0.6.1.bed.gz	201342
release/genome-stratifications/v3.1/GRCh37/GenomeSpecific/GRCh37_HG002_v4.2.1_Tier1plusTier2_v0.6.1_slop25percent.bed.gz	202341
release/genome-stratifications/v3.1/GRCh37/GenomeSpecific/GRCh37_HG002_v4.2.1_comphetindel10bp_slop50.bed.gz	413223
release/genome-stratifications/v3.1/GRCh37/GenomeSpecific/GRCh37_HG002_v4.2.1_comphetsnp10bp_slop50.bed.gz	206357
release/genome-stratifications/v3.1/GRCh37/GenomeSpecific/GRCh37_HG002_v4.2.1_complexandSVs.bed.gz	1687137
release/genome-stratifications/v3.1/GRCh37/GenomeSpecific/GRCh37_HG002_v4.2.1_complexandSVs_alldifficultregions.bed.gz	35239873
release/genome-stratifications/v3.1/GRCh37/GenomeSpecific/GRCh37_HG002_v4.2.1_complexindel10bp_slop50.bed.gz	175810
release/genome-stratifications/v3.1/GRCh37/GenomeSpecific/GRCh37_HG002_v4.2.1_inversions_slop25percent.bed.gz	598
release/genome-stratifications/v3.1/GRCh37/GenomeSpecific/GRCh37_HG002_v4.2.1_notin_complexandSVs_alldifficultregions.bed.gz	36472694
release/genome-stratifications/v3.1/GRCh37/GenomeSpecific/GRCh37_HG002_v4.2.1_othercomplexwithin10bp_slop50.bed.gz	138950
release/genome-stratifications/v3.1/GRCh37/GenomeSpecific/GRCh37_HG002_v4.2.1_snpswithin10bp_slop50.bed.gz	666795
release/genome-stratifications/v3.1/GRCh37/GenomeSpecific/GRCh37_HG003_v4.2.1_CNV_CCSandONT_elliptical_outlier.bed.gz	19687
release/genome-stratifications/v3.1/GRCh37/GenomeSpecific/GRCh37_HG003_v4.2.1_CNV_mrcanavarIllumina_CCShighcov_ONThighcov_intersection.bed.gz	4091
release/genome-stratifications/v3.1/GRCh37/GenomeSpecific/GRCh37_HG003_v4.2.1_CNVsandSVs.bed.gz	241936
release/genome-stratifications/v3.1/GRCh37/GenomeSpecific/GRCh37_HG003_v4.2.1_SV_pbsv_slop25percent.bed.gz	156333
release/genome-stratifications/v3.1/GRCh37/GenomeSpecific/GRCh37_HG003_v4.2.1_comphetindel10bp_slop50.bed.gz	357914
release/genome-stratifications/v3.1/GRCh37/GenomeSpecific/GRCh37_HG003_v4.2.1_comphetsnp10bp_slop50.bed.gz	98368
release/genome-stratifications/v3.1/GRCh37/GenomeSpecific/GRCh37_HG003_v4.2.1_complexandSVs.bed.gz	1673130
release/genome-stratifications/v3.1/GRCh37/GenomeSpecific/GRCh37_HG003_v4.2.1_complexandSVs_alldifficultregions.bed.gz	35182901
release/genome-stratifications/v3.1/GRCh37/GenomeSpecific/GRCh37_HG003_v4.2.1_complexindel10bp_slop50.bed.gz	117750
release/genome-stratifications/v3.1/GRCh37/GenomeSpecific/GRCh37_HG003_v4.2.1_notin_complexandSVs_alldifficultregions.bed.gz	36414042
release/genome-stratifications/v3.1/GRCh37/GenomeSpecific/GRCh37_HG003_v4.2.1_othercomplexwithin10bp_slop50.bed.gz	357527
release/genome-stratifications/v3.1/GRCh37/GenomeSpecific/GRCh37_HG003_v4.2.1_snpswithin10bp_slop50.bed.gz	644056
release/genome-stratifications/v3.1/GRCh37/GenomeSpecific/GRCh37_HG004_v4.2.1_CNV_CCSandONT_elliptical_outlier.bed.gz	18094
release/genome-stratifications/v3.1/GRCh37/GenomeSpecific/GRCh37_HG004_v4.2.1_CNV_mrcanavarIllumina_CCShighcov_ONThighcov_intersection.bed.gz	2846
release/genome-stratifications/v3.1/GRCh37/GenomeSpecific/GRCh37_HG004_v4.2.1_CNVsandSVs.bed.gz	242048
release/genome-stratifications/v3.1/GRCh37/GenomeSpecific/GRCh37_HG004_v4.2.1_SV_pbsv_slop25percent.bed.gz	159091
release/genome-stratifications/v3.1/GRCh37/GenomeSpecific/GRCh37_HG004_v4.2.1_comphetindel10bp_slop50.bed.gz	369752
release/genome-stratifications/v3.1/GRCh37/GenomeSpecific/GRCh37_HG004_v4.2.1_comphetsnp10bp_slop50.bed.gz	89751
release/genome-stratifications/v3.1/GRCh37/GenomeSpecific/GRCh37_HG004_v4.2.1_complexandSVs.bed.gz	1691550
release/genome-stratifications/v3.1/GRCh37/GenomeSpecific/GRCh37_HG004_v4.2.1_complexandSVs_alldifficultregions.bed.gz	35184556
release/genome-stratifications/v3.1/GRCh37/GenomeSpecific/GRCh37_HG004_v4.2.1_complexindel10bp_slop50.bed.gz	115711
release/genome-stratifications/v3.1/GRCh37/GenomeSpecific/GRCh37_HG004_v4.2.1_notin_complexandSVs_alldifficultregions.bed.gz	36412361
release/genome-stratifications/v3.1/GRCh37/GenomeSpecific/GRCh37_HG004_v4.2.1_othercomplexwithin10bp_slop50.bed.gz	380613
release/genome-stratifications/v3.1/GRCh37/GenomeSpecific/GRCh37_HG004_v4.2.1_snpswithin10bp_slop50.bed.gz	643091
release/genome-stratifications/v3.1/GRCh37/GenomeSpecific/GRCh37_HG005_v4.2.1_CNV_CCSandONT_elliptical_outlier.bed.gz	17271
release/genome-stratifications/v3.1/GRCh37/GenomeSpecific/GRCh37_HG005_v4.2.1_CNV_mrcanavarIllumina_CCShighcov_ONThighcov_intersection.bed.gz	3358
release/genome-stratifications/v3.1/GRCh37/GenomeSpecific/GRCh37_HG005_v4.2.1_CNVsandSVs.bed.gz	194318
release/genome-stratifications/v3.1/GRCh37/GenomeSpecific/GRCh37_HG005_v4.2.1_SV_pbsv_hifiasm_dipcall_svanalyzer_slop25percent.bed.gz	180620
release/genome-stratifications/v3.1/GRCh37/GenomeSpecific/GRCh37_HG005_v4.2.1_comphetindel10bp_slop50.bed.gz	271566
release/genome-stratifications/v3.1/GRCh37/GenomeSpecific/GRCh37_HG005_v4.2.1_comphetsnp10bp_slop50.bed.gz	190823
release/genome-stratifications/v3.1/GRCh37/GenomeSpecific/GRCh37_HG005_v4.2.1_complexandSVs.bed.gz	1470765
release/genome-stratifications/v3.1/GRCh37/GenomeSpecific/GRCh37_HG005_v4.2.1_complexandSVs_alldifficultregions.bed.gz	35261991
release/genome-stratifications/v3.1/GRCh37/GenomeSpecific/GRCh37_HG005_v4.2.1_complexindel10bp_slop50.bed.gz	146608
release/genome-stratifications/v3.1/GRCh37/GenomeSpecific/GRCh37_HG005_v4.2.1_inversions_slop25percent.bed.gz	694
release/genome-stratifications/v3.1/GRCh37/GenomeSpecific/GRCh37_HG005_v4.2.1_notin_complexandSVs_alldifficultregions.bed.gz	36495844
release/genome-stratifications/v3.1/GRCh37/GenomeSpecific/GRCh37_HG005_v4.2.1_othercomplexwithin10bp_slop50.bed.gz	123470
release/genome-stratifications/v3.1/GRCh37/GenomeSpecific/GRCh37_HG005_v4.2.1_snpswithin10bp_slop50.bed.gz	654797
release/genome-stratifications/v3.1/GRCh37/GenomeSpecific/GRCh37_HG006_v4.2.1_CNV_CCSandONT_elliptical_outlier.bed.gz	12786
release/genome-stratifications/v3.1/GRCh37/GenomeSpecific/GRCh37_HG006_v4.2.1_CNV_mrcanavarIllumina_CCShighcov_ONThighcov_intersection.bed.gz	3246
release/genome-stratifications/v3.1/GRCh37/GenomeSpecific/GRCh37_HG006_v4.2.1_CNVsandSVs.bed.gz	211314
release/genome-stratifications/v3.1/GRCh37/GenomeSpecific/GRCh37_HG006_v4.2.1_SV_pbsv_slop25percent.bed.gz	139076
release/genome-stratifications/v3.1/GRCh37/GenomeSpecific/GRCh37_HG006_v4.2.1_comphetindel10bp_slop50.bed.gz	275195
release/genome-stratifications/v3.1/GRCh37/GenomeSpecific/GRCh37_HG006_v4.2.1_comphetsnp10bp_slop50.bed.gz	112522
release/genome-stratifications/v3.1/GRCh37/GenomeSpecific/GRCh37_HG006_v4.2.1_complexandSVs.bed.gz	1519580
release/genome-stratifications/v3.1/GRCh37/GenomeSpecific/GRCh37_HG006_v4.2.1_complexandSVs_alldifficultregions.bed.gz	35252389
release/genome-stratifications/v3.1/GRCh37/GenomeSpecific/GRCh37_HG006_v4.2.1_complexindel10bp_slop50.bed.gz	121446
release/genome-stratifications/v3.1/GRCh37/GenomeSpecific/GRCh37_HG006_v4.2.1_notin_complexandSVs_alldifficultregions.bed.gz	36487774
release/genome-stratifications/v3.1/GRCh37/GenomeSpecific/GRCh37_HG006_v4.2.1_othercomplexwithin10bp_slop50.bed.gz	283271
release/genome-stratifications/v3.1/GRCh37/GenomeSpecific/GRCh37_HG006_v4.2.1_snpswithin10bp_slop50.bed.gz	640582
release/genome-stratifications/v3.1/GRCh37/GenomeSpecific/GRCh37_HG007_v4.2.1_CNV_CCSandONT_elliptical_outlier.bed.gz	11074
release/genome-stratifications/v3.1/GRCh37/GenomeSpecific/GRCh37_HG007_v4.2.1_CNV_mrcanavarIllumina_CCShighcov_ONThighcov_intersection.bed.gz	3618
release/genome-stratifications/v3.1/GRCh37/GenomeSpecific/GRCh37_HG007_v4.2.1_CNVsandSVs.bed.gz	209992
release/genome-stratifications/v3.1/GRCh37/GenomeSpecific/GRCh37_HG007_v4.2.1_SV_pbsv_slop25percent.bed.gz	139234
release/genome-stratifications/v3.1/GRCh37/GenomeSpecific/GRCh37_HG007_v4.2.1_comphetindel10bp_slop50.bed.gz	272262
release/genome-stratifications/v3.1/GRCh37/GenomeSpecific/GRCh37_HG007_v4.2.1_comphetsnp10bp_slop50.bed.gz	111418
release/genome-stratifications/v3.1/GRCh37/GenomeSpecific/GRCh37_HG007_v4.2.1_complexandSVs.bed.gz	1512002
release/genome-stratifications/v3.1/GRCh37/GenomeSpecific/GRCh37_HG007_v4.2.1_complexandSVs_alldifficultregions.bed.gz	35275562
release/genome-stratifications/v3.1/GRCh37/GenomeSpecific/GRCh37_HG007_v4.2.1_complexindel10bp_slop50.bed.gz	120306
release/genome-stratifications/v3.1/GRCh37/GenomeSpecific/GRCh37_HG007_v4.2.1_notin_complexandSVs_alldifficultregions.bed.gz	36510558
release/genome-stratifications/v3.1/GRCh37/GenomeSpecific/GRCh37_HG007_v4.2.1_othercomplexwithin10bp_slop50.bed.gz	284057
release/genome-stratifications/v3.1/GRCh37/GenomeSpecific/GRCh37_HG007_v4.2.1_snpswithin10bp_slop50.bed.gz	636311
release/genome-stratifications/v3.1/GRCh37/LowComplexity/GRCh37-LowComplexity-README.md	11394
release/genome-stratifications/v3.1/GRCh37/LowComplexity/GRCh37_AllHomopolymers_gt6bp_imperfectgt10bp_slop5.bed.gz	24910609
release/genome-stratifications/v3.1/GRCh37/LowComplexity/GRCh37_AllTandemRepeats_201to10000bp_slop5.bed.gz	820087
release/genome-stratifications/v3.1/GRCh37/LowComplexity/GRCh37_AllTandemRepeats_51to200bp_slop5.bed.gz	1682584
release/genome-stratifications/v3.1/GRCh37/LowComplexity/GRCh37_AllTandemRepeats_gt10000bp_slop5.bed.gz	37914
release/genome-stratifications/v3.1/GRCh37/LowComplexity/GRCh37_AllTandemRepeats_gt100bp_slop5.bed.gz	1419594
release/genome-stratifications/v3.1/GRCh37/LowComplexity/GRCh37_AllTandemRepeats_lt51bp_slop5.bed.gz	6982376
release/genome-stratifications/v3.1/GRCh37/LowComplexity/GRCh37_AllTandemRepeatsandHomopolymers_slop5.bed.gz	31179705
release/genome-stratifications/v3.1/GRCh37/LowComplexity/GRCh37_SimpleRepeat_diTR_11to50_slop5.bed.gz	3263946
release/genome-stratifications/v3.1/GRCh37/LowComplexity/GRCh37_SimpleRepeat_diTR_51to200_slop5.bed.gz	39591
release/genome-stratifications/v3.1/GRCh37/LowComplexity/GRCh37_SimpleRepeat_diTR_gt200_slop5.bed.gz	190
release/genome-stratifications/v3.1/GRCh37/LowComplexity/GRCh37_SimpleRepeat_homopolymer_4to6_slop5.bed.gz	263690645
release/genome-stratifications/v3.1/GRCh37/LowComplexity/GRCh37_SimpleRepeat_homopolymer_7to11_slop5.bed.gz	17731152
release/genome-stratifications/v3.1/GRCh37/LowComplexity/GRCh37_SimpleRepeat_homopolymer_gt11_slop5.bed.gz	4643276
release/genome-stratifications/v3.1/GRCh37/LowComplexity/GRCh37_SimpleRepeat_homopolymer_gt20_slop5.bed.gz	1045476
release/genome-stratifications/v3.1/GRCh37/LowComplexity/GRCh37_SimpleRepeat_imperfecthomopolgt10_slop5.bed.gz	11308499
release/genome-stratifications/v3.1/GRCh37/LowComplexity/GRCh37_SimpleRepeat_imperfecthomopolgt20_slop5.bed.gz	2152573
release/genome-stratifications/v3.1/GRCh37/LowComplexity/GRCh37_SimpleRepeat_quadTR_20to50_slop5.bed.gz	845347
release/genome-stratifications/v3.1/GRCh37/LowComplexity/GRCh37_SimpleRepeat_quadTR_51to200_slop5.bed.gz	72193
release/genome-stratifications/v3.1/GRCh37/LowComplexity/GRCh37_SimpleRepeat_quadTR_gt200_slop5.bed.gz	246
release/genome-stratifications/v3.1/GRCh37/LowComplexity/GRCh37_SimpleRepeat_triTR_15to50_slop5.bed.gz	753577
release/genome-stratifications/v3.1/GRCh37/LowComplexity/GRCh37_SimpleRepeat_triTR_51to200_slop5.bed.gz	6622
release/genome-stratifications/v3.1/GRCh37/LowComplexity/GRCh37_SimpleRepeat_triTR_gt200_slop5.bed.gz	203
release/genome-stratifications/v3.1/GRCh37/LowComplexity/GRCh37_allTandemRepeats.bed.gz	9391621
release/genome-stratifications/v3.1/GRCh37/LowComplexity/GRCh37_notinAllHomopolymers_gt6bp_imperfectgt10bp_slop5.bed.gz	26326445
release/genome-stratifications/v3.1/GRCh37/LowComplexity/GRCh37_notinAllTandemRepeatsandHomopolymers_slop5.bed.gz	32760014
release/genome-stratifications/v3.1/GRCh37/LowComplexity/GRCh37_notinallTandemRepeats.bed.gz	9883103
release/genome-stratifications/v3.1/GRCh37/LowComplexity/GRCh37_notinsatellites_slop5.bed.gz	62809
release/genome-stratifications/v3.1/GRCh37/LowComplexity/GRCh37_satellites_slop5.bed.gz	62862
release/genome-stratifications/v3.1/GRCh37/OtherDifficult/.DS_Store	6148
release/genome-stratifications/v3.1/GRCh37/OtherDifficult/GRCh37-OtherDifficult-README.md	9105
release/genome-stratifications/v3.1/GRCh37/OtherDifficult/GRCh37_KIR.bed.gz	177
release/genome-stratifications/v3.1/GRCh37/OtherDifficult/GRCh37_L1H_gt500.bed.gz	8148
release/genome-stratifications/v3.1/GRCh37/OtherDifficult/GRCh37_MHC.bed.gz	177
release/genome-stratifications/v3.1/GRCh37/OtherDifficult/GRCh37_VDJ.bed.gz	226
release/genome-stratifications/v3.1/GRCh37/OtherDifficult/GRCh37_allOtherDifficultregions.bed.gz	225175
release/genome-stratifications/v3.1/GRCh37/OtherDifficult/GRCh37_contigs_lt500kb.bed.gz	954
release/genome-stratifications/v3.1/GRCh37/OtherDifficult/GRCh37_gaps_slop15kb.bed.gz	4460
release/genome-stratifications/v3.1/GRCh37/OtherDifficult/GRCh37_hg38_minimap2_asm20_N10_gt1contig_gt1kb.bed.gz	8210
release/genome-stratifications/v3.1/GRCh37/OtherDifficult/GRCh37_hg38_minimap2_asm20_N10_nocovgt1kb.bed.gz	1396
release/genome-stratifications/v3.1/GRCh37/OtherDifficult/GRCh37_hs37d5_decoy_alignments.bed.gz	221802
release/genome-stratifications/v3.1/GRCh37/OtherDifficult/GRCh37_missing_and_multiple_alignments_of_GRCh38.bed.gz	7733
release/genome-stratifications/v3.1/GRCh37/SegmentalDuplications/.DS_Store	6148
release/genome-stratifications/v3.1/GRCh37/SegmentalDuplications/GRCh37-SegDups-README.md	11378
release/genome-stratifications/v3.1/GRCh37/SegmentalDuplications/GRCh37_chainSelf.bed.gz	470209
release/genome-stratifications/v3.1/GRCh37/SegmentalDuplications/GRCh37_chainSelf_gt10kb.bed.gz	22216
release/genome-stratifications/v3.1/GRCh37/SegmentalDuplications/GRCh37_gt5segdups_gt10kb_gt99percidentity.bed.gz	673
release/genome-stratifications/v3.1/GRCh37/SegmentalDuplications/GRCh37_notinchainSelf.bed.gz	436403
release/genome-stratifications/v3.1/GRCh37/SegmentalDuplications/GRCh37_notinchainSelf_gt10kb.bed.gz	22193
release/genome-stratifications/v3.1/GRCh37/SegmentalDuplications/GRCh37_notinsegdups.bed.gz	67101
release/genome-stratifications/v3.1/GRCh37/SegmentalDuplications/GRCh37_notinsegdups_gt10kb.bed.gz	17336
release/genome-stratifications/v3.1/GRCh37/SegmentalDuplications/GRCh37_segdups.bed.gz	65019
release/genome-stratifications/v3.1/GRCh37/SegmentalDuplications/GRCh37_segdups_gt10kb.bed.gz	17094
release/genome-stratifications/v3.1/GRCh37/Union/.DS_Store	6148
release/genome-stratifications/v3.1/GRCh37/Union/GRCh37-Union-README.md	8205
release/genome-stratifications/v3.1/GRCh37/Union/GRCh37_alldifficultregions.bed.gz	35298605
release/genome-stratifications/v3.1/GRCh37/Union/GRCh37_alllowmapandsegdupregions.bed.gz	7563445
release/genome-stratifications/v3.1/GRCh37/Union/GRCh37_notinalldifficultregions.bed.gz	36601829
release/genome-stratifications/v3.1/GRCh37/Union/GRCh37_notinalllowmapandsegdupregions.bed.gz	7750231
release/genome-stratifications/v3.1/GRCh37/XY/.DS_Store	6148
release/genome-stratifications/v3.1/GRCh37/XY/GRCh37-XY-README.md	7832
release/genome-stratifications/v3.1/GRCh37/XY/GRCh37_AllAutosomes.bed.gz	2299
release/genome-stratifications/v3.1/GRCh37/XY/GRCh37_chrX_PAR.bed.gz	241
release/genome-stratifications/v3.1/GRCh37/XY/GRCh37_chrX_XTR.bed.gz	177
release/genome-stratifications/v3.1/GRCh37/XY/GRCh37_chrX_ampliconic.bed.gz	296
release/genome-stratifications/v3.1/GRCh37/XY/GRCh37_chrX_nonPAR.bed.gz	329
release/genome-stratifications/v3.1/GRCh37/XY/GRCh37_chrY_PAR.bed.gz	242
release/genome-stratifications/v3.1/GRCh37/XY/GRCh37_chrY_XTR.bed.gz	190
release/genome-stratifications/v3.1/GRCh37/XY/GRCh37_chrY_ampliconic.bed.gz	282
release/genome-stratifications/v3.1/GRCh37/XY/GRCh37_chrY_nonPAR.bed.gz	279
release/genome-stratifications/v3.1/GRCh37/mappability/.DS_Store	6148
release/genome-stratifications/v3.1/GRCh37/mappability/GRCh37-mappability-README.md	9052
release/genome-stratifications/v3.1/GRCh37/mappability/GRCh37_lowmappabilityall.bed.gz	10471437
release/genome-stratifications/v3.1/GRCh37/mappability/GRCh37_nonunique_l100_m2_e1.bed.gz	10472271
release/genome-stratifications/v3.1/GRCh37/mappability/GRCh37_nonunique_l250_m0_e0.bed.gz	866124
release/genome-stratifications/v3.1/GRCh37/mappability/GRCh37_notinlowmappabilityall.bed.gz	10678375
release/genome-stratifications/v3.1/GRCh37/v3.1-GRCh37-CMRG-stratifications.tsv	1307
release/genome-stratifications/v3.1/GRCh37/v3.1-GRCh37-all-stratifications.tsv	16419
release/genome-stratifications/v3.1/GRCh37/v3.1-GRCh37-stratifications-all-except-genome-specific-stratifications.tsv	6236
release/genome-stratifications/v3.1/GRCh37/v3.1-GRCh37-v4.2.1-stratifications.tsv	1053
release/genome-stratifications/v3.1/GRCh37/v3.1-genome-stratifications-GRCh37-md5s.txt	17548
release/genome-stratifications/v3.1/GRCh38/.DS_Store	22532
release/genome-stratifications/v3.1/GRCh38/FunctionalRegions/.DS_Store	6148
release/genome-stratifications/v3.1/GRCh38/FunctionalRegions/GRCh38-FunctionalRegions-README.md	7512
release/genome-stratifications/v3.1/GRCh38/FunctionalRegions/GRCh38_notinrefseq_cds.bed.gz	1574224
release/genome-stratifications/v3.1/GRCh38/FunctionalRegions/GRCh38_refseq_cds.bed.gz	1516881
release/genome-stratifications/v3.1/GRCh38/FunctionalTechnicallyDifficultRegions/.DS_Store	6148
release/genome-stratifications/v3.1/GRCh38/FunctionalTechnicallyDifficultRegions/GRCh38-FunctionalTechnicallyDifficult-README.md	8778
release/genome-stratifications/v3.1/GRCh38/FunctionalTechnicallyDifficultRegions/GRCh38_BadPromoters.bed.gz	9108
release/genome-stratifications/v3.1/GRCh38/FunctionalTechnicallyDifficultRegions/GRCh38_CMRGv1.00_duplicationinKMT2C.bed.gz	179
release/genome-stratifications/v3.1/GRCh38/FunctionalTechnicallyDifficultRegions/GRCh38_CMRGv1.00_falselyduplicatedgenes.bed.gz	205
release/genome-stratifications/v3.1/GRCh38/GCcontent/.DS_Store	6148
release/genome-stratifications/v3.1/GRCh38/GCcontent/GRCh38-GCcontent-README.md	10391
release/genome-stratifications/v3.1/GRCh38/GCcontent/GRCh38_gc15_slop50.bed.gz	140504
release/genome-stratifications/v3.1/GRCh38/GCcontent/GRCh38_gc15to20_slop50.bed.gz	544346
release/genome-stratifications/v3.1/GRCh38/GCcontent/GRCh38_gc20to25_slop50.bed.gz	3720931
release/genome-stratifications/v3.1/GRCh38/GCcontent/GRCh38_gc25to30_slop50.bed.gz	11923456
release/genome-stratifications/v3.1/GRCh38/GCcontent/GRCh38_gc30to55_slop50.bed.gz	18695385
release/genome-stratifications/v3.1/GRCh38/GCcontent/GRCh38_gc55to60_slop50.bed.gz	8614228
release/genome-stratifications/v3.1/GRCh38/GCcontent/GRCh38_gc60to65_slop50.bed.gz	3486665
release/genome-stratifications/v3.1/GRCh38/GCcontent/GRCh38_gc65to70_slop50.bed.gz	1190247
release/genome-stratifications/v3.1/GRCh38/GCcontent/GRCh38_gc70to75_slop50.bed.gz	437498
release/genome-stratifications/v3.1/GRCh38/GCcontent/GRCh38_gc75to80_slop50.bed.gz	192478
release/genome-stratifications/v3.1/GRCh38/GCcontent/GRCh38_gc80to85_slop50.bed.gz	80458
release/genome-stratifications/v3.1/GRCh38/GCcontent/GRCh38_gc85_slop50.bed.gz	17880
release/genome-stratifications/v3.1/GRCh38/GCcontent/GRCh38_gclt25orgt65_slop50.bed.gz	4824488
release/genome-stratifications/v3.1/GRCh38/GCcontent/GRCh38_gclt30orgt55_slop50.bed.gz	18581004
release/genome-stratifications/v3.1/GRCh38/GenomeSpecific/.DS_Store	6148
release/genome-stratifications/v3.1/GRCh38/GenomeSpecific/GRCh38-GenomeSpecific-README.md	17348
release/genome-stratifications/v3.1/GRCh38/GenomeSpecific/GRCh38_HG001_v4.2.1_CNV_CCSandONT_elliptical_outlier.bed.gz	24400
release/genome-stratifications/v3.1/GRCh38/GenomeSpecific/GRCh38_HG001_v4.2.1_CNV_mrcanavarIllumina_CCShighcov_ONThighcov_intersection.bed.gz	4418
release/genome-stratifications/v3.1/GRCh38/GenomeSpecific/GRCh38_HG001_v4.2.1_CNVsandSVs.bed.gz	195664
release/genome-stratifications/v3.1/GRCh38/GenomeSpecific/GRCh38_HG001_v4.2.1_SV_pbsv_hifiasm_dipcall_svanalyzer_slop25percent.bed.gz	177268
release/genome-stratifications/v3.1/GRCh38/GenomeSpecific/GRCh38_HG001_v4.2.1_comphetindel10bp_slop50.bed.gz	385818
release/genome-stratifications/v3.1/GRCh38/GenomeSpecific/GRCh38_HG001_v4.2.1_comphetsnp10bp_slop50.bed.gz	197464
release/genome-stratifications/v3.1/GRCh38/GenomeSpecific/GRCh38_HG001_v4.2.1_complexandSVs.bed.gz	1622694
release/genome-stratifications/v3.1/GRCh38/GenomeSpecific/GRCh38_HG001_v4.2.1_complexandSVs_alldifficultregions.bed.gz	33015035
release/genome-stratifications/v3.1/GRCh38/GenomeSpecific/GRCh38_HG001_v4.2.1_complexindel10bp_slop50.bed.gz	167824
release/genome-stratifications/v3.1/GRCh38/GenomeSpecific/GRCh38_HG001_v4.2.1_inversions_slop25percent.bed.gz	686
release/genome-stratifications/v3.1/GRCh38/GenomeSpecific/GRCh38_HG001_v4.2.1_notin_complexandSVs_alldifficultregions.bed.gz	34209364
release/genome-stratifications/v3.1/GRCh38/GenomeSpecific/GRCh38_HG001_v4.2.1_othercomplexwithin10bp_slop50.bed.gz	134651
release/genome-stratifications/v3.1/GRCh38/GenomeSpecific/GRCh38_HG001_v4.2.1_snpswithin10bp_slop50.bed.gz	671916
release/genome-stratifications/v3.1/GRCh38/GenomeSpecific/GRCh38_HG002_hifiasmv0.11_ComplexVar_in_TRgt100.bed.gz	379266
release/genome-stratifications/v3.1/GRCh38/GenomeSpecific/GRCh38_HG002_v4.2.1_CNV_CCSandONT_elliptical_outlier.bed.gz	21683
release/genome-stratifications/v3.1/GRCh38/GenomeSpecific/GRCh38_HG002_v4.2.1_CNV_gt2assemblycontigs_ONTCanu_ONTFlye_CCSCanu.bed.gz	4938
release/genome-stratifications/v3.1/GRCh38/GenomeSpecific/GRCh38_HG002_v4.2.1_CNV_mrcanavarIllumina_CCShighcov_ONThighcov_intersection.bed.gz	5370
release/genome-stratifications/v3.1/GRCh38/GenomeSpecific/GRCh38_HG002_v4.2.1_CNVsandSVs.bed.gz	228258
release/genome-stratifications/v3.1/GRCh38/GenomeSpecific/GRCh38_HG002_v4.2.1_Tier1plusTier2_v0.6.1.bed.gz	207794
release/genome-stratifications/v3.1/GRCh38/GenomeSpecific/GRCh38_HG002_v4.2.1_Tier1plusTier2_v0.6.1_slop25percent.bed.gz	208317
release/genome-stratifications/v3.1/GRCh38/GenomeSpecific/GRCh38_HG002_v4.2.1_comphetindel10bp_slop50.bed.gz	429943
release/genome-stratifications/v3.1/GRCh38/GenomeSpecific/GRCh38_HG002_v4.2.1_comphetsnp10bp_slop50.bed.gz	215066
release/genome-stratifications/v3.1/GRCh38/GenomeSpecific/GRCh38_HG002_v4.2.1_complexandSVs.bed.gz	1750985
release/genome-stratifications/v3.1/GRCh38/GenomeSpecific/GRCh38_HG002_v4.2.1_complexandSVs_alldifficultregions.bed.gz	33065393
release/genome-stratifications/v3.1/GRCh38/GenomeSpecific/GRCh38_HG002_v4.2.1_complexindel10bp_slop50.bed.gz	182883
release/genome-stratifications/v3.1/GRCh38/GenomeSpecific/GRCh38_HG002_v4.2.1_inversions_slop25percent.bed.gz	526
release/genome-stratifications/v3.1/GRCh38/GenomeSpecific/GRCh38_HG002_v4.2.1_notin_complexandSVs_alldifficultregions.bed.gz	34261634
release/genome-stratifications/v3.1/GRCh38/GenomeSpecific/GRCh38_HG002_v4.2.1_othercomplexwithin10bp_slop50.bed.gz	144817
release/genome-stratifications/v3.1/GRCh38/GenomeSpecific/GRCh38_HG002_v4.2.1_snpswithin10bp_slop50.bed.gz	694560
release/genome-stratifications/v3.1/GRCh38/GenomeSpecific/GRCh38_HG003_v4.2.1_CNV_CCSandONT_elliptical_outlier.bed.gz	23919
release/genome-stratifications/v3.1/GRCh38/GenomeSpecific/GRCh38_HG003_v4.2.1_CNV_mrcanavarIllumina_CCShighcov_ONThighcov_intersection.bed.gz	3431
release/genome-stratifications/v3.1/GRCh38/GenomeSpecific/GRCh38_HG003_v4.2.1_CNVsandSVs.bed.gz	257523
release/genome-stratifications/v3.1/GRCh38/GenomeSpecific/GRCh38_HG003_v4.2.1_SV_pbsv_slop25percent.bed.gz	166249
release/genome-stratifications/v3.1/GRCh38/GenomeSpecific/GRCh38_HG003_v4.2.1_comphetindel10bp_slop50.bed.gz	373140
release/genome-stratifications/v3.1/GRCh38/GenomeSpecific/GRCh38_HG003_v4.2.1_comphetsnp10bp_slop50.bed.gz	99486
release/genome-stratifications/v3.1/GRCh38/GenomeSpecific/GRCh38_HG003_v4.2.1_complexandSVs.bed.gz	1739755
release/genome-stratifications/v3.1/GRCh38/GenomeSpecific/GRCh38_HG003_v4.2.1_complexandSVs_alldifficultregions.bed.gz	33017387
release/genome-stratifications/v3.1/GRCh38/GenomeSpecific/GRCh38_HG003_v4.2.1_complexindel10bp_slop50.bed.gz	121907
release/genome-stratifications/v3.1/GRCh38/GenomeSpecific/GRCh38_HG003_v4.2.1_notin_complexandSVs_alldifficultregions.bed.gz	34208969
release/genome-stratifications/v3.1/GRCh38/GenomeSpecific/GRCh38_HG003_v4.2.1_othercomplexwithin10bp_slop50.bed.gz	378499
release/genome-stratifications/v3.1/GRCh38/GenomeSpecific/GRCh38_HG003_v4.2.1_snpswithin10bp_slop50.bed.gz	670238
release/genome-stratifications/v3.1/GRCh38/GenomeSpecific/GRCh38_HG004_v4.2.1_CNV_CCSandONT_elliptical_outlier.bed.gz	22482
release/genome-stratifications/v3.1/GRCh38/GenomeSpecific/GRCh38_HG004_v4.2.1_CNV_mrcanavarIllumina_CCShighcov_ONThighcov_intersection.bed.gz	3405
release/genome-stratifications/v3.1/GRCh38/GenomeSpecific/GRCh38_HG004_v4.2.1_CNVsandSVs.bed.gz	256825
release/genome-stratifications/v3.1/GRCh38/GenomeSpecific/GRCh38_HG004_v4.2.1_SV_pbsv_slop25percent.bed.gz	169136
release/genome-stratifications/v3.1/GRCh38/GenomeSpecific/GRCh38_HG004_v4.2.1_comphetindel10bp_slop50.bed.gz	382961
release/genome-stratifications/v3.1/GRCh38/GenomeSpecific/GRCh38_HG004_v4.2.1_comphetsnp10bp_slop50.bed.gz	93429
release/genome-stratifications/v3.1/GRCh38/GenomeSpecific/GRCh38_HG004_v4.2.1_complexandSVs.bed.gz	1752938
release/genome-stratifications/v3.1/GRCh38/GenomeSpecific/GRCh38_HG004_v4.2.1_complexandSVs_alldifficultregions.bed.gz	32991630
release/genome-stratifications/v3.1/GRCh38/GenomeSpecific/GRCh38_HG004_v4.2.1_complexindel10bp_slop50.bed.gz	122218
release/genome-stratifications/v3.1/GRCh38/GenomeSpecific/GRCh38_HG004_v4.2.1_notin_complexandSVs_alldifficultregions.bed.gz	34184666
release/genome-stratifications/v3.1/GRCh38/GenomeSpecific/GRCh38_HG004_v4.2.1_othercomplexwithin10bp_slop50.bed.gz	395555
release/genome-stratifications/v3.1/GRCh38/GenomeSpecific/GRCh38_HG004_v4.2.1_snpswithin10bp_slop50.bed.gz	668726
release/genome-stratifications/v3.1/GRCh38/GenomeSpecific/GRCh38_HG005_v4.2.1_CNV_CCSandONT_elliptical_outlier.bed.gz	20508
release/genome-stratifications/v3.1/GRCh38/GenomeSpecific/GRCh38_HG005_v4.2.1_CNV_mrcanavarIllumina_CCShighcov_ONThighcov_intersection.bed.gz	2740
release/genome-stratifications/v3.1/GRCh38/GenomeSpecific/GRCh38_HG005_v4.2.1_CNVsandSVs.bed.gz	203024
release/genome-stratifications/v3.1/GRCh38/GenomeSpecific/GRCh38_HG005_v4.2.1_SV_pbsv_hifiasm_dipcall_svanalyzer_slop25percent.bed.gz	190228
release/genome-stratifications/v3.1/GRCh38/GenomeSpecific/GRCh38_HG005_v4.2.1_comphetindel10bp_slop50.bed.gz	282486
release/genome-stratifications/v3.1/GRCh38/GenomeSpecific/GRCh38_HG005_v4.2.1_comphetsnp10bp_slop50.bed.gz	198656
release/genome-stratifications/v3.1/GRCh38/GenomeSpecific/GRCh38_HG005_v4.2.1_complexandSVs.bed.gz	1523806
release/genome-stratifications/v3.1/GRCh38/GenomeSpecific/GRCh38_HG005_v4.2.1_complexandSVs_alldifficultregions.bed.gz	33050219
release/genome-stratifications/v3.1/GRCh38/GenomeSpecific/GRCh38_HG005_v4.2.1_complexindel10bp_slop50.bed.gz	153796
release/genome-stratifications/v3.1/GRCh38/GenomeSpecific/GRCh38_HG005_v4.2.1_inversions_slop25percent.bed.gz	704
release/genome-stratifications/v3.1/GRCh38/GenomeSpecific/GRCh38_HG005_v4.2.1_notin_complexandSVs_alldifficultregions.bed.gz	34249157
release/genome-stratifications/v3.1/GRCh38/GenomeSpecific/GRCh38_HG005_v4.2.1_othercomplexwithin10bp_slop50.bed.gz	129789
release/genome-stratifications/v3.1/GRCh38/GenomeSpecific/GRCh38_HG005_v4.2.1_snpswithin10bp_slop50.bed.gz	679304
release/genome-stratifications/v3.1/GRCh38/GenomeSpecific/GRCh38_HG006_v4.2.1_CNV_CCSandONT_elliptical_outlier.bed.gz	14817
release/genome-stratifications/v3.1/GRCh38/GenomeSpecific/GRCh38_HG006_v4.2.1_CNV_mrcanavarIllumina_CCShighcov_ONThighcov_intersection.bed.gz	3494
release/genome-stratifications/v3.1/GRCh38/GenomeSpecific/GRCh38_HG006_v4.2.1_CNVsandSVs.bed.gz	222574
release/genome-stratifications/v3.1/GRCh38/GenomeSpecific/GRCh38_HG006_v4.2.1_SV_pbsv_slop25percent.bed.gz	148203
release/genome-stratifications/v3.1/GRCh38/GenomeSpecific/GRCh38_HG006_v4.2.1_comphetindel10bp_slop50.bed.gz	254060
release/genome-stratifications/v3.1/GRCh38/GenomeSpecific/GRCh38_HG006_v4.2.1_comphetsnp10bp_slop50.bed.gz	116512
release/genome-stratifications/v3.1/GRCh38/GenomeSpecific/GRCh38_HG006_v4.2.1_complexandSVs.bed.gz	1491032
release/genome-stratifications/v3.1/GRCh38/GenomeSpecific/GRCh38_HG006_v4.2.1_complexandSVs_alldifficultregions.bed.gz	33043244
release/genome-stratifications/v3.1/GRCh38/GenomeSpecific/GRCh38_HG006_v4.2.1_complexindel10bp_slop50.bed.gz	99317
release/genome-stratifications/v3.1/GRCh38/GenomeSpecific/GRCh38_HG006_v4.2.1_notin_complexandSVs_alldifficultregions.bed.gz	34243137
release/genome-stratifications/v3.1/GRCh38/GenomeSpecific/GRCh38_HG006_v4.2.1_othercomplexwithin10bp_slop50.bed.gz	259154
release/genome-stratifications/v3.1/GRCh38/GenomeSpecific/GRCh38_HG006_v4.2.1_snpswithin10bp_slop50.bed.gz	660552
release/genome-stratifications/v3.1/GRCh38/GenomeSpecific/GRCh38_HG007_v4.2.1_CNV_CCSandONT_elliptical_outlier.bed.gz	14728
release/genome-stratifications/v3.1/GRCh38/GenomeSpecific/GRCh38_HG007_v4.2.1_CNV_mrcanavarIllumina_CCShighcov_ONThighcov_intersection.bed.gz	4322
release/genome-stratifications/v3.1/GRCh38/GenomeSpecific/GRCh38_HG007_v4.2.1_CNVsandSVs.bed.gz	220903
release/genome-stratifications/v3.1/GRCh38/GenomeSpecific/GRCh38_HG007_v4.2.1_SV_pbsv_slop25percent.bed.gz	148026
release/genome-stratifications/v3.1/GRCh38/GenomeSpecific/GRCh38_HG007_v4.2.1_comphetindel10bp_slop50.bed.gz	256488
release/genome-stratifications/v3.1/GRCh38/GenomeSpecific/GRCh38_HG007_v4.2.1_comphetsnp10bp_slop50.bed.gz	115476
release/genome-stratifications/v3.1/GRCh38/GenomeSpecific/GRCh38_HG007_v4.2.1_complexandSVs.bed.gz	1500834
release/genome-stratifications/v3.1/GRCh38/GenomeSpecific/GRCh38_HG007_v4.2.1_complexandSVs_alldifficultregions.bed.gz	33061232
release/genome-stratifications/v3.1/GRCh38/GenomeSpecific/GRCh38_HG007_v4.2.1_complexindel10bp_slop50.bed.gz	100723
release/genome-stratifications/v3.1/GRCh38/GenomeSpecific/GRCh38_HG007_v4.2.1_notin_complexandSVs_alldifficultregions.bed.gz	34263081
release/genome-stratifications/v3.1/GRCh38/GenomeSpecific/GRCh38_HG007_v4.2.1_othercomplexwithin10bp_slop50.bed.gz	265211
release/genome-stratifications/v3.1/GRCh38/GenomeSpecific/GRCh38_HG007_v4.2.1_snpswithin10bp_slop50.bed.gz	662422
release/genome-stratifications/v3.1/GRCh38/LowComplexity/GRCh38-LowComplexity-README.md	11286
release/genome-stratifications/v3.1/GRCh38/LowComplexity/GRCh38_AllHomopolymers_gt6bp_imperfectgt10bp_slop5.bed.gz	25799162
release/genome-stratifications/v3.1/GRCh38/LowComplexity/GRCh38_AllTandemRepeats_201to10000bp_slop5.bed.gz	943856
release/genome-stratifications/v3.1/GRCh38/LowComplexity/GRCh38_AllTandemRepeats_51to200bp_slop5.bed.gz	2499473
release/genome-stratifications/v3.1/GRCh38/LowComplexity/GRCh38_AllTandemRepeats_gt10000bp_slop5.bed.gz	134867
release/genome-stratifications/v3.1/GRCh38/LowComplexity/GRCh38_AllTandemRepeats_gt100bp_slop5.bed.gz	1701443
release/genome-stratifications/v3.1/GRCh38/LowComplexity/GRCh38_AllTandemRepeats_lt51bp_slop5.bed.gz	6553767
release/genome-stratifications/v3.1/GRCh38/LowComplexity/GRCh38_AllTandemRepeatsandHomopolymers_slop5.bed.gz	31795410
release/genome-stratifications/v3.1/GRCh38/LowComplexity/GRCh38_SimpleRepeat_diTR_11to50_slop5.bed.gz	3426223
release/genome-stratifications/v3.1/GRCh38/LowComplexity/GRCh38_SimpleRepeat_diTR_51to200_slop5.bed.gz	41492
release/genome-stratifications/v3.1/GRCh38/LowComplexity/GRCh38_SimpleRepeat_diTR_gt200_slop5.bed.gz	191
release/genome-stratifications/v3.1/GRCh38/LowComplexity/GRCh38_SimpleRepeat_homopolymer_4to6_slop5.bed.gz	275045012
release/genome-stratifications/v3.1/GRCh38/LowComplexity/GRCh38_SimpleRepeat_homopolymer_7to11_slop5.bed.gz	18399914
release/genome-stratifications/v3.1/GRCh38/LowComplexity/GRCh38_SimpleRepeat_homopolymer_gt11_slop5.bed.gz	4813989
release/genome-stratifications/v3.1/GRCh38/LowComplexity/GRCh38_SimpleRepeat_homopolymer_gt20_slop5.bed.gz	1088325
release/genome-stratifications/v3.1/GRCh38/LowComplexity/GRCh38_SimpleRepeat_imperfecthomopolgt10_slop5.bed.gz	11687803
release/genome-stratifications/v3.1/GRCh38/LowComplexity/GRCh38_SimpleRepeat_imperfecthomopolgt20_slop5.bed.gz	2238209
release/genome-stratifications/v3.1/GRCh38/LowComplexity/GRCh38_SimpleRepeat_quadTR_20to50_slop5.bed.gz	883368
release/genome-stratifications/v3.1/GRCh38/LowComplexity/GRCh38_SimpleRepeat_quadTR_51to200_slop5.bed.gz	75581
release/genome-stratifications/v3.1/GRCh38/LowComplexity/GRCh38_SimpleRepeat_quadTR_gt200_slop5.bed.gz	251
release/genome-stratifications/v3.1/GRCh38/LowComplexity/GRCh38_SimpleRepeat_triTR_15to50_slop5.bed.gz	787690
release/genome-stratifications/v3.1/GRCh38/LowComplexity/GRCh38_SimpleRepeat_triTR_51to200_slop5.bed.gz	7065
release/genome-stratifications/v3.1/GRCh38/LowComplexity/GRCh38_SimpleRepeat_triTR_gt200_slop5.bed.gz	205
release/genome-stratifications/v3.1/GRCh38/LowComplexity/GRCh38_allTandemRepeats.bed.gz	9940231
release/genome-stratifications/v3.1/GRCh38/LowComplexity/GRCh38_notinAllHomopolymers_gt6bp_imperfectgt10bp_slop5.bed.gz	27231695
release/genome-stratifications/v3.1/GRCh38/LowComplexity/GRCh38_notinAllTandemRepeatsandHomopolymers_slop5.bed.gz	33321472
release/genome-stratifications/v3.1/GRCh38/LowComplexity/GRCh38_notinallTandemRepeats.bed.gz	10388570
release/genome-stratifications/v3.1/GRCh38/LowComplexity/GRCh38_notinsatellites_slop5.bed.gz	49898
release/genome-stratifications/v3.1/GRCh38/LowComplexity/GRCh38_satellites_slop5.bed.gz	49805
release/genome-stratifications/v3.1/GRCh38/OtherDifficult/.DS_Store	6148
release/genome-stratifications/v3.1/GRCh38/OtherDifficult/GRCh38-OtherDifficult-README.md	19706
release/genome-stratifications/v3.1/GRCh38/OtherDifficult/GRCh38_KIR.bed.gz	180
release/genome-stratifications/v3.1/GRCh38/OtherDifficult/GRCh38_L1H_gt500.bed.gz	10098
release/genome-stratifications/v3.1/GRCh38/OtherDifficult/GRCh38_LD_discordant_haplotypes_slop5bp.bed.gz	13728
release/genome-stratifications/v3.1/GRCh38/OtherDifficult/GRCh38_MHC.bed.gz	181
release/genome-stratifications/v3.1/GRCh38/OtherDifficult/GRCh38_VDJ.bed.gz	230
release/genome-stratifications/v3.1/GRCh38/OtherDifficult/GRCh38_allOtherDifficultregions.bed.gz	369234
release/genome-stratifications/v3.1/GRCh38/OtherDifficult/GRCh38_collapsed_duplication_FP_regions.bed.gz	1874
release/genome-stratifications/v3.1/GRCh38/OtherDifficult/GRCh38_contigs_lt500kb.bed.gz	3389
release/genome-stratifications/v3.1/GRCh38/OtherDifficult/GRCh38_false_duplications_correct_copy.bed.gz	313
release/genome-stratifications/v3.1/GRCh38/OtherDifficult/GRCh38_false_duplications_incorrect_copy.bed.gz	285
release/genome-stratifications/v3.1/GRCh38/OtherDifficult/GRCh38_gaps_slop15kb.bed.gz	8866
release/genome-stratifications/v3.1/GRCh38/OtherDifficult/GRCh38_gnomAD_InbreedingCoeff_slop1bp_merge1000bp.bed.gz	373501
release/genome-stratifications/v3.1/GRCh38/OtherDifficult/GRCh38_population_CNV_FP_regions.bed.gz	4740
release/genome-stratifications/v3.1/GRCh38/SegmentalDuplications/.DS_Store	6148
release/genome-stratifications/v3.1/GRCh38/SegmentalDuplications/GRCh38-SegDups-README.md	11207
release/genome-stratifications/v3.1/GRCh38/SegmentalDuplications/GRCh38_chainSelf.bed.gz	1198338
release/genome-stratifications/v3.1/GRCh38/SegmentalDuplications/GRCh38_chainSelf_gt10kb.bed.gz	19703
release/genome-stratifications/v3.1/GRCh38/SegmentalDuplications/GRCh38_gt5segdups_gt10kb_gt99percidentity.bed.gz	1019
release/genome-stratifications/v3.1/GRCh38/SegmentalDuplications/GRCh38_notinchainSelf.bed.gz	1100794
release/genome-stratifications/v3.1/GRCh38/SegmentalDuplications/GRCh38_notinchainSelf_gt10kb.bed.gz	21629
release/genome-stratifications/v3.1/GRCh38/SegmentalDuplications/GRCh38_notinsegdups.bed.gz	72588
release/genome-stratifications/v3.1/GRCh38/SegmentalDuplications/GRCh38_notinsegdups_gt10kb.bed.gz	20582
release/genome-stratifications/v3.1/GRCh38/SegmentalDuplications/GRCh38_segdups.bed.gz	69174
release/genome-stratifications/v3.1/GRCh38/SegmentalDuplications/GRCh38_segdups_gt10kb.bed.gz	18342
release/genome-stratifications/v3.1/GRCh38/Union/.DS_Store	6148
release/genome-stratifications/v3.1/GRCh38/Union/GRCh38-Union-README.md	8657
release/genome-stratifications/v3.1/GRCh38/Union/GRCh38_alldifficultregions.bed.gz	32855595
release/genome-stratifications/v3.1/GRCh38/Union/GRCh38_alllowmapandsegdupregions.bed.gz	3828550
release/genome-stratifications/v3.1/GRCh38/Union/GRCh38_notinalldifficultregions.bed.gz	34089978
release/genome-stratifications/v3.1/GRCh38/Union/GRCh38_notinalllowmapandsegdupregions.bed.gz	3976229
release/genome-stratifications/v3.1/GRCh38/XY/.DS_Store	6148
release/genome-stratifications/v3.1/GRCh38/XY/GRCh38-XY-README.md	8078
release/genome-stratifications/v3.1/GRCh38/XY/GRCh38_AllAutosomes.bed.gz	4577
release/genome-stratifications/v3.1/GRCh38/XY/GRCh38_chrX_PAR.bed.gz	242
release/genome-stratifications/v3.1/GRCh38/XY/GRCh38_chrX_XTR.bed.gz	181
release/genome-stratifications/v3.1/GRCh38/XY/GRCh38_chrX_ampliconic.bed.gz	320
release/genome-stratifications/v3.1/GRCh38/XY/GRCh38_chrX_nonPAR.bed.gz	294
release/genome-stratifications/v3.1/GRCh38/XY/GRCh38_chrY_PAR.bed.gz	240
release/genome-stratifications/v3.1/GRCh38/XY/GRCh38_chrY_XTR.bed.gz	193
release/genome-stratifications/v3.1/GRCh38/XY/GRCh38_chrY_ampliconic.bed.gz	331
release/genome-stratifications/v3.1/GRCh38/XY/GRCh38_chrY_nonPAR.bed.gz	604
release/genome-stratifications/v3.1/GRCh38/ancestry/.DS_Store	6148
release/genome-stratifications/v3.1/GRCh38/ancestry/GRCh38-ancestry-README.md	13860
release/genome-stratifications/v3.1/GRCh38/ancestry/GRCh38_ancestry_AFR.bed.gz	1327365
release/genome-stratifications/v3.1/GRCh38/ancestry/GRCh38_ancestry_AMR.bed.gz	344474
release/genome-stratifications/v3.1/GRCh38/ancestry/GRCh38_ancestry_EAS.bed.gz	230654
release/genome-stratifications/v3.1/GRCh38/ancestry/GRCh38_ancestry_EUR.bed.gz	1078536
release/genome-stratifications/v3.1/GRCh38/ancestry/GRCh38_ancestry_Neanderthal.bed.gz	49049
release/genome-stratifications/v3.1/GRCh38/ancestry/GRCh38_ancestry_SAS.bed.gz	224388
release/genome-stratifications/v3.1/GRCh38/mappability/.DS_Store	6148
release/genome-stratifications/v3.1/GRCh38/mappability/GRCh38-mappability-README.md	9592
release/genome-stratifications/v3.1/GRCh38/mappability/GRCh38_lowmappabilityall.bed.gz	4857396
release/genome-stratifications/v3.1/GRCh38/mappability/GRCh38_nonunique_l100_m2_e1.bed.gz	4857796
release/genome-stratifications/v3.1/GRCh38/mappability/GRCh38_nonunique_l250_m0_e0.bed.gz	1222440
release/genome-stratifications/v3.1/GRCh38/mappability/GRCh38_notinlowmappabilityall.bed.gz	5017450
release/genome-stratifications/v3.1/GRCh38/v3.1-GRCh38-CMRG-stratifications.tsv	1497
release/genome-stratifications/v3.1/GRCh38/v3.1-GRCh38-all-stratifications.tsv	16915
release/genome-stratifications/v3.1/GRCh38/v3.1-GRCh38-stratifications-all-except-genome-specific-stratifications.tsv	6732
release/genome-stratifications/v3.1/GRCh38/v3.1-GRCh38-v4.2.1-stratifications.tsv	1359
release/genome-stratifications/v3.1/GRCh38/v3.1-genome-stratifications-GRCh38-md5s.txt	18210
release/genome-stratifications/v3.1/README.md	11567
release/genome-stratifications/v3.1/v3.1-genome-stratifications-CHM13v2.0.tar.gz	536554687
release/genome-stratifications/v3.1/v3.1-genome-stratifications-GRCh37.tar.gz	1171247200
release/genome-stratifications/v3.1/v3.1-genome-stratifications-GRCh38.tar.gz	1134300472
release/genome-stratifications/v3.1/v3.1-genome-stratifications-md5s.txt	45415
release/genome-stratifications/v3.2/CHM13@all/CHM13-all-stratifications.tsv	6024
release/genome-stratifications/v3.2/CHM13@all/CHM13-genome-stratifications-md5s.txt	6738
release/genome-stratifications/v3.2/CHM13@all/Functional/CHM13_notinrefseq_cds.bed.gz	1518078
release/genome-stratifications/v3.2/CHM13@all/Functional/CHM13_refseq_cds.bed.gz	1388220
release/genome-stratifications/v3.2/CHM13@all/GCcontent/CHM13_gc15_slop50.bed.gz	210508
release/genome-stratifications/v3.2/CHM13@all/GCcontent/CHM13_gc15to20_slop50.bed.gz	626348
release/genome-stratifications/v3.2/CHM13@all/GCcontent/CHM13_gc20to25_slop50.bed.gz	3549578
release/genome-stratifications/v3.2/CHM13@all/GCcontent/CHM13_gc25to30_slop50.bed.gz	11115155
release/genome-stratifications/v3.2/CHM13@all/GCcontent/CHM13_gc30to55_slop50.bed.gz	17537769
release/genome-stratifications/v3.2/CHM13@all/GCcontent/CHM13_gc55to60_slop50.bed.gz	8116997
release/genome-stratifications/v3.2/CHM13@all/GCcontent/CHM13_gc60to65_slop50.bed.gz	3311961
release/genome-stratifications/v3.2/CHM13@all/GCcontent/CHM13_gc65to70_slop50.bed.gz	1163661
release/genome-stratifications/v3.2/CHM13@all/GCcontent/CHM13_gc70to75_slop50.bed.gz	448858
release/genome-stratifications/v3.2/CHM13@all/GCcontent/CHM13_gc75to80_slop50.bed.gz	208463
release/genome-stratifications/v3.2/CHM13@all/GCcontent/CHM13_gc80to85_slop50.bed.gz	99862
release/genome-stratifications/v3.2/CHM13@all/GCcontent/CHM13_gc85_slop50.bed.gz	27662
release/genome-stratifications/v3.2/CHM13@all/GCcontent/CHM13_gclt25orgt65_slop50.bed.gz	4570567
release/genome-stratifications/v3.2/CHM13@all/GCcontent/CHM13_gclt30orgt55_slop50.bed.gz	17417334
release/genome-stratifications/v3.2/CHM13@all/LowComplexity/CHM13_AllHomopolymers_ge7bp_imperfectge11bp_slop5.bed.gz	25220644
release/genome-stratifications/v3.2/CHM13@all/LowComplexity/CHM13_AllTandemRepeats.bed.gz	8233419
release/genome-stratifications/v3.2/CHM13@all/LowComplexity/CHM13_AllTandemRepeats_201to10000bp_slop5.bed.gz	260999
release/genome-stratifications/v3.2/CHM13@all/LowComplexity/CHM13_AllTandemRepeats_51to200bp_slop5.bed.gz	1695125
release/genome-stratifications/v3.2/CHM13@all/LowComplexity/CHM13_AllTandemRepeats_ge10001bp_slop5.bed.gz	607314
release/genome-stratifications/v3.2/CHM13@all/LowComplexity/CHM13_AllTandemRepeats_ge101bp_slop5.bed.gz	1254182
release/genome-stratifications/v3.2/CHM13@all/LowComplexity/CHM13_AllTandemRepeats_le50bp_slop5.bed.gz	5706546
release/genome-stratifications/v3.2/CHM13@all/LowComplexity/CHM13_AllTandemRepeatsandHomopolymers_slop5.bed.gz	29869966
release/genome-stratifications/v3.2/CHM13@all/LowComplexity/CHM13_SimpleRepeat_diTR_10to49_slop5.bed.gz	3446232
release/genome-stratifications/v3.2/CHM13@all/LowComplexity/CHM13_SimpleRepeat_diTR_50to149_slop5.bed.gz	35430
release/genome-stratifications/v3.2/CHM13@all/LowComplexity/CHM13_SimpleRepeat_diTR_ge150_slop5.bed.gz	82
release/genome-stratifications/v3.2/CHM13@all/LowComplexity/CHM13_SimpleRepeat_homopolymer_4to6_AT_slop5.bed.gz	216784584
release/genome-stratifications/v3.2/CHM13@all/LowComplexity/CHM13_SimpleRepeat_homopolymer_4to6_GC_slop5.bed.gz	76934529
release/genome-stratifications/v3.2/CHM13@all/LowComplexity/CHM13_SimpleRepeat_homopolymer_4to6_slop5.bed.gz	267748977
release/genome-stratifications/v3.2/CHM13@all/LowComplexity/CHM13_SimpleRepeat_homopolymer_7to11_AT_slop5.bed.gz	17259519
release/genome-stratifications/v3.2/CHM13@all/LowComplexity/CHM13_SimpleRepeat_homopolymer_7to11_GC_slop5.bed.gz	711182
release/genome-stratifications/v3.2/CHM13@all/LowComplexity/CHM13_SimpleRepeat_homopolymer_7to11_slop5.bed.gz	17926720
release/genome-stratifications/v3.2/CHM13@all/LowComplexity/CHM13_SimpleRepeat_homopolymer_ge12_AT_slop5.bed.gz	4411319
release/genome-stratifications/v3.2/CHM13@all/LowComplexity/CHM13_SimpleRepeat_homopolymer_ge12_GC_slop5.bed.gz	29823
release/genome-stratifications/v3.2/CHM13@all/LowComplexity/CHM13_SimpleRepeat_homopolymer_ge12_slop5.bed.gz	4436624
release/genome-stratifications/v3.2/CHM13@all/LowComplexity/CHM13_SimpleRepeat_homopolymer_ge21_AT_slop5.bed.gz	957515
release/genome-stratifications/v3.2/CHM13@all/LowComplexity/CHM13_SimpleRepeat_homopolymer_ge21_GC_slop5.bed.gz	1260
release/genome-stratifications/v3.2/CHM13@all/LowComplexity/CHM13_SimpleRepeat_homopolymer_ge21_slop5.bed.gz	958563
release/genome-stratifications/v3.2/CHM13@all/LowComplexity/CHM13_SimpleRepeat_imperfecthomopolge11_AT_slop5.bed.gz	10318982
release/genome-stratifications/v3.2/CHM13@all/LowComplexity/CHM13_SimpleRepeat_imperfecthomopolge11_GC_slop5.bed.gz	751601
release/genome-stratifications/v3.2/CHM13@all/LowComplexity/CHM13_SimpleRepeat_imperfecthomopolge11_slop5.bed.gz	11047513
release/genome-stratifications/v3.2/CHM13@all/LowComplexity/CHM13_SimpleRepeat_imperfecthomopolge21_AT_slop5.bed.gz	1988505
release/genome-stratifications/v3.2/CHM13@all/LowComplexity/CHM13_SimpleRepeat_imperfecthomopolge21_GC_slop5.bed.gz	30761
release/genome-stratifications/v3.2/CHM13@all/LowComplexity/CHM13_SimpleRepeat_imperfecthomopolge21_slop5.bed.gz	2017702
release/genome-stratifications/v3.2/CHM13@all/LowComplexity/CHM13_SimpleRepeat_quadTR_19to49_slop5.bed.gz	822239
release/genome-stratifications/v3.2/CHM13@all/LowComplexity/CHM13_SimpleRepeat_quadTR_50to149_slop5.bed.gz	71562
release/genome-stratifications/v3.2/CHM13@all/LowComplexity/CHM13_SimpleRepeat_quadTR_ge150_slop5.bed.gz	184
release/genome-stratifications/v3.2/CHM13@all/LowComplexity/CHM13_SimpleRepeat_triTR_14to49_slop5.bed.gz	719988
release/genome-stratifications/v3.2/CHM13@all/LowComplexity/CHM13_SimpleRepeat_triTR_50to149_slop5.bed.gz	8388
release/genome-stratifications/v3.2/CHM13@all/LowComplexity/CHM13_SimpleRepeat_triTR_ge150_slop5.bed.gz	161
release/genome-stratifications/v3.2/CHM13@all/LowComplexity/CHM13_notinAllHomopolymers_ge7bp_imperfectge11bp_slop5.bed.gz	26912614
release/genome-stratifications/v3.2/CHM13@all/LowComplexity/CHM13_notinAllTandemRepeatsandHomopolymers_slop5.bed.gz	31480255
release/genome-stratifications/v3.2/CHM13@all/LowComplexity/CHM13_notinallTandemRepeats.bed.gz	9014289
release/genome-stratifications/v3.2/CHM13@all/LowComplexity/CHM13_notinsatellites_slop5.bed.gz	8210
release/genome-stratifications/v3.2/CHM13@all/LowComplexity/CHM13_satellites_slop5.bed.gz	7978
release/genome-stratifications/v3.2/CHM13@all/Mappability/CHM13_lowmappabilityall.bed.gz	5012071
release/genome-stratifications/v3.2/CHM13@all/Mappability/CHM13_nonunique_l100_m2_e1.bed.gz	5012084
release/genome-stratifications/v3.2/CHM13@all/Mappability/CHM13_nonunique_l250_m0_e0.bed.gz	1857877
release/genome-stratifications/v3.2/CHM13@all/Mappability/CHM13_notinlowmappabilityall.bed.gz	5011912
release/genome-stratifications/v3.2/CHM13@all/OtherDifficult/CHM13_KIR.bed.gz	79
release/genome-stratifications/v3.2/CHM13@all/OtherDifficult/CHM13_MHC.bed.gz	80
release/genome-stratifications/v3.2/CHM13@all/OtherDifficult/CHM13_VDJ.bed.gz	144
release/genome-stratifications/v3.2/CHM13@all/OtherDifficult/CHM13_rDNA.bed.gz	132
release/genome-stratifications/v3.2/CHM13@all/SegmentalDuplications/CHM13_notinsegdups.bed.gz	59582
release/genome-stratifications/v3.2/CHM13@all/SegmentalDuplications/CHM13_notinsegdups_gt10kb.bed.gz	12302
release/genome-stratifications/v3.2/CHM13@all/SegmentalDuplications/CHM13_segdups.bed.gz	58140
release/genome-stratifications/v3.2/CHM13@all/SegmentalDuplications/CHM13_segdups_gt10kb.bed.gz	12389
release/genome-stratifications/v3.2/CHM13@all/Telomere/CHM13_telomeres.bed.gz	415
release/genome-stratifications/v3.2/CHM13@all/Union/CHM13_alldifficultregions.bed.gz	31126716
release/genome-stratifications/v3.2/CHM13@all/Union/CHM13_alllowmapandsegdupregions.bed.gz	3565493
release/genome-stratifications/v3.2/CHM13@all/Union/CHM13_notinalldifficultregions.bed.gz	32406837
release/genome-stratifications/v3.2/CHM13@all/Union/CHM13_notinalllowmapandsegdupregions.bed.gz	3954043
release/genome-stratifications/v3.2/CHM13@all/XY/CHM13_AllAutosomes.bed.gz	255
release/genome-stratifications/v3.2/CHM13@all/XY/CHM13_chrX_PAR.bed.gz	94
release/genome-stratifications/v3.2/CHM13@all/XY/CHM13_chrX_XTR.bed.gz	80
release/genome-stratifications/v3.2/CHM13@all/XY/CHM13_chrX_nonPAR.bed.gz	82
release/genome-stratifications/v3.2/CHM13@all/XY/CHM13_chrY_PAR.bed.gz	93
release/genome-stratifications/v3.2/CHM13@all/XY/CHM13_chrY_XTR.bed.gz	98
release/genome-stratifications/v3.2/CHM13@all/XY/CHM13_chrY_nonPAR.bed.gz	81
release/genome-stratifications/v3.2/GRCh37@all/Functional/GRCh37_notinrefseq_cds.bed.gz	1491847
release/genome-stratifications/v3.2/GRCh37@all/Functional/GRCh37_refseq_cds.bed.gz	1352819
release/genome-stratifications/v3.2/GRCh37@all/FunctionalTechnicallyDifficult/GRCh37_BadPromoters.bed.gz	8681
release/genome-stratifications/v3.2/GRCh37@all/FunctionalTechnicallyDifficult/GRCh37_CMRGv1.00_duplicationinKMT2C.bed.gz	76
release/genome-stratifications/v3.2/GRCh37@all/FunctionalTechnicallyDifficult/GRCh37_CMRGv1.00_falselyduplicatedgenes.bed.gz	95
release/genome-stratifications/v3.2/GRCh37@all/GCcontent/GRCh37_gc15_slop50.bed.gz	119837
release/genome-stratifications/v3.2/GRCh37@all/GCcontent/GRCh37_gc15to20_slop50.bed.gz	468555
release/genome-stratifications/v3.2/GRCh37@all/GCcontent/GRCh37_gc20to25_slop50.bed.gz	3324540
release/genome-stratifications/v3.2/GRCh37@all/GCcontent/GRCh37_gc25to30_slop50.bed.gz	10811855
release/genome-stratifications/v3.2/GRCh37@all/GCcontent/GRCh37_gc30to55_slop50.bed.gz	17007629
release/genome-stratifications/v3.2/GRCh37@all/GCcontent/GRCh37_gc55to60_slop50.bed.gz	7788182
release/genome-stratifications/v3.2/GRCh37@all/GCcontent/GRCh37_gc60to65_slop50.bed.gz	3124322
release/genome-stratifications/v3.2/GRCh37@all/GCcontent/GRCh37_gc65to70_slop50.bed.gz	1055591
release/genome-stratifications/v3.2/GRCh37@all/GCcontent/GRCh37_gc70to75_slop50.bed.gz	384156
release/genome-stratifications/v3.2/GRCh37@all/GCcontent/GRCh37_gc75to80_slop50.bed.gz	165495
release/genome-stratifications/v3.2/GRCh37@all/GCcontent/GRCh37_gc80to85_slop50.bed.gz	68414
release/genome-stratifications/v3.2/GRCh37@all/GCcontent/GRCh37_gc85_slop50.bed.gz	14866
release/genome-stratifications/v3.2/GRCh37@all/GCcontent/GRCh37_gclt25orgt65_slop50.bed.gz	4341636
release/genome-stratifications/v3.2/GRCh37@all/GCcontent/GRCh37_gclt30orgt55_slop50.bed.gz	16894087
release/genome-stratifications/v3.2/GRCh37@all/GRCh37-all-stratifications.tsv	17141
release/genome-stratifications/v3.2/GRCh37@all/GRCh37-genome-stratifications-md5s.txt	17250
release/genome-stratifications/v3.2/GRCh37@all/GenomeSpecific/GRCh37_HG001_v4.2.1_CNV_CCSandONT_elliptical_outlier.bed.gz	26374
release/genome-stratifications/v3.2/GRCh37@all/GenomeSpecific/GRCh37_HG001_v4.2.1_CNV_mrcanavarIllumina_CCShighcov_ONThighcov_intersection.bed.gz	3955
release/genome-stratifications/v3.2/GRCh37@all/GenomeSpecific/GRCh37_HG001_v4.2.1_CNVsandSVs.bed.gz	194364
release/genome-stratifications/v3.2/GRCh37@all/GenomeSpecific/GRCh37_HG001_v4.2.1_SV_pbsv_hifiasm_dipcall_svanalyzer_slop25percent.bed.gz	171255
release/genome-stratifications/v3.2/GRCh37@all/GenomeSpecific/GRCh37_HG001_v4.2.1_comphetindel10bp_slop50.bed.gz	378115
release/genome-stratifications/v3.2/GRCh37@all/GenomeSpecific/GRCh37_HG001_v4.2.1_comphetsnp10bp_slop50.bed.gz	194439
release/genome-stratifications/v3.2/GRCh37@all/GenomeSpecific/GRCh37_HG001_v4.2.1_complexandSVs.bed.gz	1599866
release/genome-stratifications/v3.2/GRCh37@all/GenomeSpecific/GRCh37_HG001_v4.2.1_complexandSVs_alldifficultregions.bed.gz	35847146
release/genome-stratifications/v3.2/GRCh37@all/GenomeSpecific/GRCh37_HG001_v4.2.1_complexindel10bp_slop50.bed.gz	164178
release/genome-stratifications/v3.2/GRCh37@all/GenomeSpecific/GRCh37_HG001_v4.2.1_inversions_slop25percent.bed.gz	543
release/genome-stratifications/v3.2/GRCh37@all/GenomeSpecific/GRCh37_HG001_v4.2.1_notin_complexandSVs_alldifficultregions.bed.gz	37059738
release/genome-stratifications/v3.2/GRCh37@all/GenomeSpecific/GRCh37_HG001_v4.2.1_othercomplexwithin10bp_slop50.bed.gz	131364
release/genome-stratifications/v3.2/GRCh37@all/GenomeSpecific/GRCh37_HG001_v4.2.1_snpswithin10bp_slop50.bed.gz	658641
release/genome-stratifications/v3.2/GRCh37@all/GenomeSpecific/GRCh37_HG002_hifiasmv0.11_ComplexVar_in_TRgt100.bed.gz	348023
release/genome-stratifications/v3.2/GRCh37@all/GenomeSpecific/GRCh37_HG002_v4.2.1_CNV_CCSandONT_elliptical_outlier.bed.gz	15282
release/genome-stratifications/v3.2/GRCh37@all/GenomeSpecific/GRCh37_HG002_v4.2.1_CNV_gt2assemblycontigs_ONTCanu_ONTFlye_CCSCanu.bed.gz	3485
release/genome-stratifications/v3.2/GRCh37@all/GenomeSpecific/GRCh37_HG002_v4.2.1_CNV_mrcanavarIllumina_CCShighcov_ONThighcov_intersection.bed.gz	4236
release/genome-stratifications/v3.2/GRCh37@all/GenomeSpecific/GRCh37_HG002_v4.2.1_CNVsandSVs.bed.gz	217452
release/genome-stratifications/v3.2/GRCh37@all/GenomeSpecific/GRCh37_HG002_v4.2.1_Tier1plusTier2_v0.6.1.bed.gz	204462
release/genome-stratifications/v3.2/GRCh37@all/GenomeSpecific/GRCh37_HG002_v4.2.1_Tier1plusTier2_v0.6.1_slop25percent.bed.gz	205375
release/genome-stratifications/v3.2/GRCh37@all/GenomeSpecific/GRCh37_HG002_v4.2.1_comphetindel10bp_slop50.bed.gz	419755
release/genome-stratifications/v3.2/GRCh37@all/GenomeSpecific/GRCh37_HG002_v4.2.1_comphetsnp10bp_slop50.bed.gz	210193
release/genome-stratifications/v3.2/GRCh37@all/GenomeSpecific/GRCh37_HG002_v4.2.1_complexandSVs.bed.gz	1715097
release/genome-stratifications/v3.2/GRCh37@all/GenomeSpecific/GRCh37_HG002_v4.2.1_complexandSVs_alldifficultregions.bed.gz	35854108
release/genome-stratifications/v3.2/GRCh37@all/GenomeSpecific/GRCh37_HG002_v4.2.1_complexindel10bp_slop50.bed.gz	178655
release/genome-stratifications/v3.2/GRCh37@all/GenomeSpecific/GRCh37_HG002_v4.2.1_inversions_slop25percent.bed.gz	480
release/genome-stratifications/v3.2/GRCh37@all/GenomeSpecific/GRCh37_HG002_v4.2.1_notin_complexandSVs_alldifficultregions.bed.gz	37064284
release/genome-stratifications/v3.2/GRCh37@all/GenomeSpecific/GRCh37_HG002_v4.2.1_othercomplexwithin10bp_slop50.bed.gz	141262
release/genome-stratifications/v3.2/GRCh37@all/GenomeSpecific/GRCh37_HG002_v4.2.1_snpswithin10bp_slop50.bed.gz	679180
release/genome-stratifications/v3.2/GRCh37@all/GenomeSpecific/GRCh37_HG003_v4.2.1_CNV_CCSandONT_elliptical_outlier.bed.gz	19899
release/genome-stratifications/v3.2/GRCh37@all/GenomeSpecific/GRCh37_HG003_v4.2.1_CNV_mrcanavarIllumina_CCShighcov_ONThighcov_intersection.bed.gz	3990
release/genome-stratifications/v3.2/GRCh37@all/GenomeSpecific/GRCh37_HG003_v4.2.1_CNVsandSVs.bed.gz	245981
release/genome-stratifications/v3.2/GRCh37@all/GenomeSpecific/GRCh37_HG003_v4.2.1_SV_pbsv_slop25percent.bed.gz	158872
release/genome-stratifications/v3.2/GRCh37@all/GenomeSpecific/GRCh37_HG003_v4.2.1_comphetindel10bp_slop50.bed.gz	363854
release/genome-stratifications/v3.2/GRCh37@all/GenomeSpecific/GRCh37_HG003_v4.2.1_comphetsnp10bp_slop50.bed.gz	100032
release/genome-stratifications/v3.2/GRCh37@all/GenomeSpecific/GRCh37_HG003_v4.2.1_complexandSVs.bed.gz	1701762
release/genome-stratifications/v3.2/GRCh37@all/GenomeSpecific/GRCh37_HG003_v4.2.1_complexandSVs_alldifficultregions.bed.gz	35799232
release/genome-stratifications/v3.2/GRCh37@all/GenomeSpecific/GRCh37_HG003_v4.2.1_complexindel10bp_slop50.bed.gz	119723
release/genome-stratifications/v3.2/GRCh37@all/GenomeSpecific/GRCh37_HG003_v4.2.1_notin_complexandSVs_alldifficultregions.bed.gz	37009263
release/genome-stratifications/v3.2/GRCh37@all/GenomeSpecific/GRCh37_HG003_v4.2.1_othercomplexwithin10bp_slop50.bed.gz	363470
release/genome-stratifications/v3.2/GRCh37@all/GenomeSpecific/GRCh37_HG003_v4.2.1_snpswithin10bp_slop50.bed.gz	655792
release/genome-stratifications/v3.2/GRCh37@all/GenomeSpecific/GRCh37_HG004_v4.2.1_CNV_CCSandONT_elliptical_outlier.bed.gz	18254
release/genome-stratifications/v3.2/GRCh37@all/GenomeSpecific/GRCh37_HG004_v4.2.1_CNV_mrcanavarIllumina_CCShighcov_ONThighcov_intersection.bed.gz	2720
release/genome-stratifications/v3.2/GRCh37@all/GenomeSpecific/GRCh37_HG004_v4.2.1_CNVsandSVs.bed.gz	245939
release/genome-stratifications/v3.2/GRCh37@all/GenomeSpecific/GRCh37_HG004_v4.2.1_SV_pbsv_slop25percent.bed.gz	161684
release/genome-stratifications/v3.2/GRCh37@all/GenomeSpecific/GRCh37_HG004_v4.2.1_comphetindel10bp_slop50.bed.gz	375769
release/genome-stratifications/v3.2/GRCh37@all/GenomeSpecific/GRCh37_HG004_v4.2.1_comphetsnp10bp_slop50.bed.gz	91155
release/genome-stratifications/v3.2/GRCh37@all/GenomeSpecific/GRCh37_HG004_v4.2.1_complexandSVs.bed.gz	1719883
release/genome-stratifications/v3.2/GRCh37@all/GenomeSpecific/GRCh37_HG004_v4.2.1_complexandSVs_alldifficultregions.bed.gz	35800388
release/genome-stratifications/v3.2/GRCh37@all/GenomeSpecific/GRCh37_HG004_v4.2.1_complexindel10bp_slop50.bed.gz	117624
release/genome-stratifications/v3.2/GRCh37@all/GenomeSpecific/GRCh37_HG004_v4.2.1_notin_complexandSVs_alldifficultregions.bed.gz	37007276
release/genome-stratifications/v3.2/GRCh37@all/GenomeSpecific/GRCh37_HG004_v4.2.1_othercomplexwithin10bp_slop50.bed.gz	386460
release/genome-stratifications/v3.2/GRCh37@all/GenomeSpecific/GRCh37_HG004_v4.2.1_snpswithin10bp_slop50.bed.gz	654854
release/genome-stratifications/v3.2/GRCh37@all/GenomeSpecific/GRCh37_HG005_v4.2.1_CNV_CCSandONT_elliptical_outlier.bed.gz	17402
release/genome-stratifications/v3.2/GRCh37@all/GenomeSpecific/GRCh37_HG005_v4.2.1_CNV_mrcanavarIllumina_CCShighcov_ONThighcov_intersection.bed.gz	3244
release/genome-stratifications/v3.2/GRCh37@all/GenomeSpecific/GRCh37_HG005_v4.2.1_CNVsandSVs.bed.gz	197555
release/genome-stratifications/v3.2/GRCh37@all/GenomeSpecific/GRCh37_HG005_v4.2.1_SV_pbsv_hifiasm_dipcall_svanalyzer_slop25percent.bed.gz	183482
release/genome-stratifications/v3.2/GRCh37@all/GenomeSpecific/GRCh37_HG005_v4.2.1_comphetindel10bp_slop50.bed.gz	276333
release/genome-stratifications/v3.2/GRCh37@all/GenomeSpecific/GRCh37_HG005_v4.2.1_comphetsnp10bp_slop50.bed.gz	194381
release/genome-stratifications/v3.2/GRCh37@all/GenomeSpecific/GRCh37_HG005_v4.2.1_complexandSVs.bed.gz	1495664
release/genome-stratifications/v3.2/GRCh37@all/GenomeSpecific/GRCh37_HG005_v4.2.1_complexandSVs_alldifficultregions.bed.gz	35878953
release/genome-stratifications/v3.2/GRCh37@all/GenomeSpecific/GRCh37_HG005_v4.2.1_complexindel10bp_slop50.bed.gz	149056
release/genome-stratifications/v3.2/GRCh37@all/GenomeSpecific/GRCh37_HG005_v4.2.1_inversions_slop25percent.bed.gz	575
release/genome-stratifications/v3.2/GRCh37@all/GenomeSpecific/GRCh37_HG005_v4.2.1_notin_complexandSVs_alldifficultregions.bed.gz	37091601
release/genome-stratifications/v3.2/GRCh37@all/GenomeSpecific/GRCh37_HG005_v4.2.1_othercomplexwithin10bp_slop50.bed.gz	125338
release/genome-stratifications/v3.2/GRCh37@all/GenomeSpecific/GRCh37_HG005_v4.2.1_snpswithin10bp_slop50.bed.gz	666482
release/genome-stratifications/v3.2/GRCh37@all/GenomeSpecific/GRCh37_HG006_v4.2.1_CNV_CCSandONT_elliptical_outlier.bed.gz	12831
release/genome-stratifications/v3.2/GRCh37@all/GenomeSpecific/GRCh37_HG006_v4.2.1_CNV_mrcanavarIllumina_CCShighcov_ONThighcov_intersection.bed.gz	3128
release/genome-stratifications/v3.2/GRCh37@all/GenomeSpecific/GRCh37_HG006_v4.2.1_CNVsandSVs.bed.gz	214410
release/genome-stratifications/v3.2/GRCh37@all/GenomeSpecific/GRCh37_HG006_v4.2.1_SV_pbsv_slop25percent.bed.gz	141480
release/genome-stratifications/v3.2/GRCh37@all/GenomeSpecific/GRCh37_HG006_v4.2.1_comphetindel10bp_slop50.bed.gz	280049
release/genome-stratifications/v3.2/GRCh37@all/GenomeSpecific/GRCh37_HG006_v4.2.1_comphetsnp10bp_slop50.bed.gz	114624
release/genome-stratifications/v3.2/GRCh37@all/GenomeSpecific/GRCh37_HG006_v4.2.1_complexandSVs.bed.gz	1545126
release/genome-stratifications/v3.2/GRCh37@all/GenomeSpecific/GRCh37_HG006_v4.2.1_complexandSVs_alldifficultregions.bed.gz	35866807
release/genome-stratifications/v3.2/GRCh37@all/GenomeSpecific/GRCh37_HG006_v4.2.1_complexindel10bp_slop50.bed.gz	123415
release/genome-stratifications/v3.2/GRCh37@all/GenomeSpecific/GRCh37_HG006_v4.2.1_notin_complexandSVs_alldifficultregions.bed.gz	37080871
release/genome-stratifications/v3.2/GRCh37@all/GenomeSpecific/GRCh37_HG006_v4.2.1_othercomplexwithin10bp_slop50.bed.gz	287817
release/genome-stratifications/v3.2/GRCh37@all/GenomeSpecific/GRCh37_HG006_v4.2.1_snpswithin10bp_slop50.bed.gz	652322
release/genome-stratifications/v3.2/GRCh37@all/GenomeSpecific/GRCh37_HG007_v4.2.1_CNV_CCSandONT_elliptical_outlier.bed.gz	11075
release/genome-stratifications/v3.2/GRCh37@all/GenomeSpecific/GRCh37_HG007_v4.2.1_CNV_mrcanavarIllumina_CCShighcov_ONThighcov_intersection.bed.gz	3506
release/genome-stratifications/v3.2/GRCh37@all/GenomeSpecific/GRCh37_HG007_v4.2.1_CNVsandSVs.bed.gz	212850
release/genome-stratifications/v3.2/GRCh37@all/GenomeSpecific/GRCh37_HG007_v4.2.1_SV_pbsv_slop25percent.bed.gz	141714
release/genome-stratifications/v3.2/GRCh37@all/GenomeSpecific/GRCh37_HG007_v4.2.1_comphetindel10bp_slop50.bed.gz	277018
release/genome-stratifications/v3.2/GRCh37@all/GenomeSpecific/GRCh37_HG007_v4.2.1_comphetsnp10bp_slop50.bed.gz	113466
release/genome-stratifications/v3.2/GRCh37@all/GenomeSpecific/GRCh37_HG007_v4.2.1_complexandSVs.bed.gz	1537145
release/genome-stratifications/v3.2/GRCh37@all/GenomeSpecific/GRCh37_HG007_v4.2.1_complexandSVs_alldifficultregions.bed.gz	35892222
release/genome-stratifications/v3.2/GRCh37@all/GenomeSpecific/GRCh37_HG007_v4.2.1_complexindel10bp_slop50.bed.gz	122239
release/genome-stratifications/v3.2/GRCh37@all/GenomeSpecific/GRCh37_HG007_v4.2.1_notin_complexandSVs_alldifficultregions.bed.gz	37107111
release/genome-stratifications/v3.2/GRCh37@all/GenomeSpecific/GRCh37_HG007_v4.2.1_othercomplexwithin10bp_slop50.bed.gz	288638
release/genome-stratifications/v3.2/GRCh37@all/GenomeSpecific/GRCh37_HG007_v4.2.1_snpswithin10bp_slop50.bed.gz	648406
release/genome-stratifications/v3.2/GRCh37@all/LowComplexity/GRCh37_AllHomopolymers_ge7bp_imperfectge11bp_slop5.bed.gz	24106520
release/genome-stratifications/v3.2/GRCh37@all/LowComplexity/GRCh37_AllTandemRepeats.bed.gz	9381962
release/genome-stratifications/v3.2/GRCh37@all/LowComplexity/GRCh37_AllTandemRepeats_201to10000bp_slop5.bed.gz	808745
release/genome-stratifications/v3.2/GRCh37@all/LowComplexity/GRCh37_AllTandemRepeats_51to200bp_slop5.bed.gz	2167086
release/genome-stratifications/v3.2/GRCh37@all/LowComplexity/GRCh37_AllTandemRepeats_ge10001bp_slop5.bed.gz	36187
release/genome-stratifications/v3.2/GRCh37@all/LowComplexity/GRCh37_AllTandemRepeats_ge101bp_slop5.bed.gz	1460832
release/genome-stratifications/v3.2/GRCh37@all/LowComplexity/GRCh37_AllTandemRepeats_le50bp_slop5.bed.gz	6366082
release/genome-stratifications/v3.2/GRCh37@all/LowComplexity/GRCh37_AllTandemRepeatsandHomopolymers_slop5.bed.gz	30027713
release/genome-stratifications/v3.2/GRCh37@all/LowComplexity/GRCh37_SimpleRepeat_diTR_10to49_slop5.bed.gz	2989142
release/genome-stratifications/v3.2/GRCh37@all/LowComplexity/GRCh37_SimpleRepeat_diTR_50to149_slop5.bed.gz	34604
release/genome-stratifications/v3.2/GRCh37@all/LowComplexity/GRCh37_SimpleRepeat_diTR_ge150_slop5.bed.gz	102
release/genome-stratifications/v3.2/GRCh37@all/LowComplexity/GRCh37_SimpleRepeat_homopolymer_4to6_AT_slop5.bed.gz	202356313
release/genome-stratifications/v3.2/GRCh37@all/LowComplexity/GRCh37_SimpleRepeat_homopolymer_4to6_GC_slop5.bed.gz	72783710
release/genome-stratifications/v3.2/GRCh37@all/LowComplexity/GRCh37_SimpleRepeat_homopolymer_4to6_slop5.bed.gz	250495160
release/genome-stratifications/v3.2/GRCh37@all/LowComplexity/GRCh37_SimpleRepeat_homopolymer_7to11_AT_slop5.bed.gz	16426248
release/genome-stratifications/v3.2/GRCh37@all/LowComplexity/GRCh37_SimpleRepeat_homopolymer_7to11_GC_slop5.bed.gz	626609
release/genome-stratifications/v3.2/GRCh37@all/LowComplexity/GRCh37_SimpleRepeat_homopolymer_7to11_slop5.bed.gz	17018515
release/genome-stratifications/v3.2/GRCh37@all/LowComplexity/GRCh37_SimpleRepeat_homopolymer_ge12_AT_slop5.bed.gz	4253930
release/genome-stratifications/v3.2/GRCh37@all/LowComplexity/GRCh37_SimpleRepeat_homopolymer_ge12_GC_slop5.bed.gz	23814
release/genome-stratifications/v3.2/GRCh37@all/LowComplexity/GRCh37_SimpleRepeat_homopolymer_ge12_slop5.bed.gz	4275017
release/genome-stratifications/v3.2/GRCh37@all/LowComplexity/GRCh37_SimpleRepeat_homopolymer_ge21_AT_slop5.bed.gz	910698
release/genome-stratifications/v3.2/GRCh37@all/LowComplexity/GRCh37_SimpleRepeat_homopolymer_ge21_GC_slop5.bed.gz	567
release/genome-stratifications/v3.2/GRCh37@all/LowComplexity/GRCh37_SimpleRepeat_homopolymer_ge21_slop5.bed.gz	910958
release/genome-stratifications/v3.2/GRCh37@all/LowComplexity/GRCh37_SimpleRepeat_imperfecthomopolge11_AT_slop5.bed.gz	10002120
release/genome-stratifications/v3.2/GRCh37@all/LowComplexity/GRCh37_SimpleRepeat_imperfecthomopolge11_GC_slop5.bed.gz	671649
release/genome-stratifications/v3.2/GRCh37@all/LowComplexity/GRCh37_SimpleRepeat_imperfecthomopolge11_slop5.bed.gz	10677361
release/genome-stratifications/v3.2/GRCh37@all/LowComplexity/GRCh37_SimpleRepeat_imperfecthomopolge21_AT_slop5.bed.gz	1898114
release/genome-stratifications/v3.2/GRCh37@all/LowComplexity/GRCh37_SimpleRepeat_imperfecthomopolge21_GC_slop5.bed.gz	24187
release/genome-stratifications/v3.2/GRCh37@all/LowComplexity/GRCh37_SimpleRepeat_imperfecthomopolge21_slop5.bed.gz	1920901
release/genome-stratifications/v3.2/GRCh37@all/LowComplexity/GRCh37_SimpleRepeat_quadTR_19to49_slop5.bed.gz	736450
release/genome-stratifications/v3.2/GRCh37@all/LowComplexity/GRCh37_SimpleRepeat_quadTR_50to149_slop5.bed.gz	62836
release/genome-stratifications/v3.2/GRCh37@all/LowComplexity/GRCh37_SimpleRepeat_quadTR_ge150_slop5.bed.gz	208
release/genome-stratifications/v3.2/GRCh37@all/LowComplexity/GRCh37_SimpleRepeat_triTR_14to49_slop5.bed.gz	652358
release/genome-stratifications/v3.2/GRCh37@all/LowComplexity/GRCh37_SimpleRepeat_triTR_50to149_slop5.bed.gz	5687
release/genome-stratifications/v3.2/GRCh37@all/LowComplexity/GRCh37_SimpleRepeat_triTR_ge150_slop5.bed.gz	150
release/genome-stratifications/v3.2/GRCh37@all/LowComplexity/GRCh37_notinAllHomopolymers_ge7bp_imperfectge11bp_slop5.bed.gz	25775529
release/genome-stratifications/v3.2/GRCh37@all/LowComplexity/GRCh37_notinAllTandemRepeatsandHomopolymers_slop5.bed.gz	31620821
release/genome-stratifications/v3.2/GRCh37@all/LowComplexity/GRCh37_notinallTandemRepeats.bed.gz	10306593
release/genome-stratifications/v3.2/GRCh37@all/LowComplexity/GRCh37_notinsatellites_slop5.bed.gz	57581
release/genome-stratifications/v3.2/GRCh37@all/LowComplexity/GRCh37_satellites_slop5.bed.gz	58843
release/genome-stratifications/v3.2/GRCh37@all/Mappability/GRCh37_lowmappabilityall.bed.gz	4650673
release/genome-stratifications/v3.2/GRCh37@all/Mappability/GRCh37_nonunique_l100_m2_e1.bed.gz	4650683
release/genome-stratifications/v3.2/GRCh37@all/Mappability/GRCh37_nonunique_l250_m0_e0.bed.gz	809412
release/genome-stratifications/v3.2/GRCh37@all/Mappability/GRCh37_notinlowmappabilityall.bed.gz	4690444
release/genome-stratifications/v3.2/GRCh37@all/OtherDifficult/GRCh37_KIR.bed.gz	75
release/genome-stratifications/v3.2/GRCh37@all/OtherDifficult/GRCh37_L1H_gt500.bed.gz	8144
release/genome-stratifications/v3.2/GRCh37@all/OtherDifficult/GRCh37_MHC.bed.gz	77
release/genome-stratifications/v3.2/GRCh37@all/OtherDifficult/GRCh37_VDJ.bed.gz	160
release/genome-stratifications/v3.2/GRCh37@all/OtherDifficult/GRCh37_allOtherDifficultregions.bed.gz	229392
release/genome-stratifications/v3.2/GRCh37@all/OtherDifficult/GRCh37_contigs_lt500kb.bed.gz	831
release/genome-stratifications/v3.2/GRCh37@all/OtherDifficult/GRCh37_gaps_slop15kb.bed.gz	3934
release/genome-stratifications/v3.2/GRCh37@all/OtherDifficult/GRCh37_hg38_minimap2_asm20_N10_gt1contig_gt1kb.bed.gz	8178
release/genome-stratifications/v3.2/GRCh37@all/OtherDifficult/GRCh37_hg38_minimap2_asm20_N10_nocovgt1kb.bed.gz	1273
release/genome-stratifications/v3.2/GRCh37@all/OtherDifficult/GRCh37_hs37d5_decoy_alignments.bed.gz	225697
release/genome-stratifications/v3.2/GRCh37@all/OtherDifficult/GRCh37_missing_and_multiple_alignments_of_GRCh38.bed.gz	7682
release/genome-stratifications/v3.2/GRCh37@all/SegmentalDuplications/GRCh37_notinsegdups.bed.gz	62638
release/genome-stratifications/v3.2/GRCh37@all/SegmentalDuplications/GRCh37_notinsegdups_gt10kb.bed.gz	15720
release/genome-stratifications/v3.2/GRCh37@all/SegmentalDuplications/GRCh37_segdups.bed.gz	61314
release/genome-stratifications/v3.2/GRCh37@all/SegmentalDuplications/GRCh37_segdups_gt10kb.bed.gz	15760
release/genome-stratifications/v3.2/GRCh37@all/Union/GRCh37_alldifficultregions.bed.gz	30946542
release/genome-stratifications/v3.2/GRCh37@all/Union/GRCh37_alllowmapandsegdupregions.bed.gz	3386898
release/genome-stratifications/v3.2/GRCh37@all/Union/GRCh37_notinalldifficultregions.bed.gz	32229624
release/genome-stratifications/v3.2/GRCh37@all/Union/GRCh37_notinalllowmapandsegdupregions.bed.gz	3790791
release/genome-stratifications/v3.2/GRCh37@all/XY/GRCh37_AllAutosomes.bed.gz	2190
release/genome-stratifications/v3.2/GRCh37@all/XY/GRCh37_chrX_PAR.bed.gz	136
release/genome-stratifications/v3.2/GRCh37@all/XY/GRCh37_chrX_XTR.bed.gz	75
release/genome-stratifications/v3.2/GRCh37@all/XY/GRCh37_chrX_ampliconic.bed.gz	186
release/genome-stratifications/v3.2/GRCh37@all/XY/GRCh37_chrX_nonPAR.bed.gz	235
release/genome-stratifications/v3.2/GRCh37@all/XY/GRCh37_chrY_PAR.bed.gz	135
release/genome-stratifications/v3.2/GRCh37@all/XY/GRCh37_chrY_XTR.bed.gz	93
release/genome-stratifications/v3.2/GRCh37@all/XY/GRCh37_chrY_ampliconic.bed.gz	173
release/genome-stratifications/v3.2/GRCh37@all/XY/GRCh37_chrY_nonPAR.bed.gz	173
release/genome-stratifications/v3.2/GRCh38@all/Ancestry/GRCh38_ancestry_AFR.bed.gz	1332535
release/genome-stratifications/v3.2/GRCh38@all/Ancestry/GRCh38_ancestry_AMR.bed.gz	346058
release/genome-stratifications/v3.2/GRCh38@all/Ancestry/GRCh38_ancestry_EAS.bed.gz	231858
release/genome-stratifications/v3.2/GRCh38@all/Ancestry/GRCh38_ancestry_EUR.bed.gz	1083487
release/genome-stratifications/v3.2/GRCh38@all/Ancestry/GRCh38_ancestry_Neanderthal.bed.gz	49276
release/genome-stratifications/v3.2/GRCh38@all/Ancestry/GRCh38_ancestry_SAS.bed.gz	225263
release/genome-stratifications/v3.2/GRCh38@all/Functional/GRCh38_notinrefseq_cds.bed.gz	1523300
release/genome-stratifications/v3.2/GRCh38@all/Functional/GRCh38_refseq_cds.bed.gz	1387206
release/genome-stratifications/v3.2/GRCh38@all/FunctionalTechnicallyDifficult/GRCh38_BadPromoters.bed.gz	9066
release/genome-stratifications/v3.2/GRCh38@all/FunctionalTechnicallyDifficult/GRCh38_CMRGv1.00_duplicationinKMT2C.bed.gz	77
release/genome-stratifications/v3.2/GRCh38@all/FunctionalTechnicallyDifficult/GRCh38_CMRGv1.00_falselyduplicatedgenes.bed.gz	112
release/genome-stratifications/v3.2/GRCh38@all/GCcontent/GRCh38_gc15_slop50.bed.gz	125481
release/genome-stratifications/v3.2/GRCh38@all/GCcontent/GRCh38_gc15to20_slop50.bed.gz	486353
release/genome-stratifications/v3.2/GRCh38@all/GCcontent/GRCh38_gc20to25_slop50.bed.gz	3396062
release/genome-stratifications/v3.2/GRCh38@all/GCcontent/GRCh38_gc25to30_slop50.bed.gz	10974138
release/genome-stratifications/v3.2/GRCh38@all/GCcontent/GRCh38_gc30to55_slop50.bed.gz	17246326
release/genome-stratifications/v3.2/GRCh38@all/GCcontent/GRCh38_gc55to60_slop50.bed.gz	7919972
release/genome-stratifications/v3.2/GRCh38@all/GCcontent/GRCh38_gc60to65_slop50.bed.gz	3195719
release/genome-stratifications/v3.2/GRCh38@all/GCcontent/GRCh38_gc65to70_slop50.bed.gz	1091969
release/genome-stratifications/v3.2/GRCh38@all/GCcontent/GRCh38_gc70to75_slop50.bed.gz	399477
release/genome-stratifications/v3.2/GRCh38@all/GCcontent/GRCh38_gc75to80_slop50.bed.gz	173878
release/genome-stratifications/v3.2/GRCh38@all/GCcontent/GRCh38_gc80to85_slop50.bed.gz	72629
release/genome-stratifications/v3.2/GRCh38@all/GCcontent/GRCh38_gc85_slop50.bed.gz	16053
release/genome-stratifications/v3.2/GRCh38@all/GCcontent/GRCh38_gclt25orgt65_slop50.bed.gz	4421661
release/genome-stratifications/v3.2/GRCh38@all/GCcontent/GRCh38_gclt30orgt55_slop50.bed.gz	17116426
release/genome-stratifications/v3.2/GRCh38@all/GRCh38-all-stratifications.tsv	17629
release/genome-stratifications/v3.2/GRCh38@all/GRCh38-genome-stratifications-md5s.txt	17864
release/genome-stratifications/v3.2/GRCh38@all/GenomeSpecific/GRCh38_HG001_v4.2.1_CNV_CCSandONT_elliptical_outlier.bed.gz	24325
release/genome-stratifications/v3.2/GRCh38@all/GenomeSpecific/GRCh38_HG001_v4.2.1_CNV_mrcanavarIllumina_CCShighcov_ONThighcov_intersection.bed.gz	4303
release/genome-stratifications/v3.2/GRCh38@all/GenomeSpecific/GRCh38_HG001_v4.2.1_CNVsandSVs.bed.gz	196331
release/genome-stratifications/v3.2/GRCh38@all/GenomeSpecific/GRCh38_HG001_v4.2.1_SV_pbsv_hifiasm_dipcall_svanalyzer_slop25percent.bed.gz	178019
release/genome-stratifications/v3.2/GRCh38@all/GenomeSpecific/GRCh38_HG001_v4.2.1_comphetindel10bp_slop50.bed.gz	387192
release/genome-stratifications/v3.2/GRCh38@all/GenomeSpecific/GRCh38_HG001_v4.2.1_comphetsnp10bp_slop50.bed.gz	198225
release/genome-stratifications/v3.2/GRCh38@all/GenomeSpecific/GRCh38_HG001_v4.2.1_complexandSVs.bed.gz	1626057
release/genome-stratifications/v3.2/GRCh38@all/GenomeSpecific/GRCh38_HG001_v4.2.1_complexandSVs_alldifficultregions.bed.gz	33122992
release/genome-stratifications/v3.2/GRCh38@all/GenomeSpecific/GRCh38_HG001_v4.2.1_complexindel10bp_slop50.bed.gz	168773
release/genome-stratifications/v3.2/GRCh38@all/GenomeSpecific/GRCh38_HG001_v4.2.1_inversions_slop25percent.bed.gz	565
release/genome-stratifications/v3.2/GRCh38@all/GenomeSpecific/GRCh38_HG001_v4.2.1_notin_complexandSVs_alldifficultregions.bed.gz	34330179
release/genome-stratifications/v3.2/GRCh38@all/GenomeSpecific/GRCh38_HG001_v4.2.1_othercomplexwithin10bp_slop50.bed.gz	135324
release/genome-stratifications/v3.2/GRCh38@all/GenomeSpecific/GRCh38_HG001_v4.2.1_snpswithin10bp_slop50.bed.gz	673973
release/genome-stratifications/v3.2/GRCh38@all/GenomeSpecific/GRCh38_HG002_hifiasmv0.11_ComplexVar_in_TRgt100.bed.gz	380531
release/genome-stratifications/v3.2/GRCh38@all/GenomeSpecific/GRCh38_HG002_v4.2.1_CNV_CCSandONT_elliptical_outlier.bed.gz	21625
release/genome-stratifications/v3.2/GRCh38@all/GenomeSpecific/GRCh38_HG002_v4.2.1_CNV_gt2assemblycontigs_ONTCanu_ONTFlye_CCSCanu.bed.gz	4798
release/genome-stratifications/v3.2/GRCh38@all/GenomeSpecific/GRCh38_HG002_v4.2.1_CNV_mrcanavarIllumina_CCShighcov_ONThighcov_intersection.bed.gz	5246
release/genome-stratifications/v3.2/GRCh38@all/GenomeSpecific/GRCh38_HG002_v4.2.1_CNVsandSVs.bed.gz	228946
release/genome-stratifications/v3.2/GRCh38@all/GenomeSpecific/GRCh38_HG002_v4.2.1_Tier1plusTier2_v0.6.1.bed.gz	209354
release/genome-stratifications/v3.2/GRCh38@all/GenomeSpecific/GRCh38_HG002_v4.2.1_Tier1plusTier2_v0.6.1_slop25percent.bed.gz	209812
release/genome-stratifications/v3.2/GRCh38@all/GenomeSpecific/GRCh38_HG002_v4.2.1_comphetindel10bp_slop50.bed.gz	431481
release/genome-stratifications/v3.2/GRCh38@all/GenomeSpecific/GRCh38_HG002_v4.2.1_comphetsnp10bp_slop50.bed.gz	215869
release/genome-stratifications/v3.2/GRCh38@all/GenomeSpecific/GRCh38_HG002_v4.2.1_complexandSVs.bed.gz	1755147
release/genome-stratifications/v3.2/GRCh38@all/GenomeSpecific/GRCh38_HG002_v4.2.1_complexandSVs_alldifficultregions.bed.gz	33170689
release/genome-stratifications/v3.2/GRCh38@all/GenomeSpecific/GRCh38_HG002_v4.2.1_complexindel10bp_slop50.bed.gz	183450
release/genome-stratifications/v3.2/GRCh38@all/GenomeSpecific/GRCh38_HG002_v4.2.1_inversions_slop25percent.bed.gz	408
release/genome-stratifications/v3.2/GRCh38@all/GenomeSpecific/GRCh38_HG002_v4.2.1_notin_complexandSVs_alldifficultregions.bed.gz	34381680
release/genome-stratifications/v3.2/GRCh38@all/GenomeSpecific/GRCh38_HG002_v4.2.1_othercomplexwithin10bp_slop50.bed.gz	145547
release/genome-stratifications/v3.2/GRCh38@all/GenomeSpecific/GRCh38_HG002_v4.2.1_snpswithin10bp_slop50.bed.gz	695963
release/genome-stratifications/v3.2/GRCh38@all/GenomeSpecific/GRCh38_HG003_v4.2.1_CNV_CCSandONT_elliptical_outlier.bed.gz	23850
release/genome-stratifications/v3.2/GRCh38@all/GenomeSpecific/GRCh38_HG003_v4.2.1_CNV_mrcanavarIllumina_CCShighcov_ONThighcov_intersection.bed.gz	3307
release/genome-stratifications/v3.2/GRCh38@all/GenomeSpecific/GRCh38_HG003_v4.2.1_CNVsandSVs.bed.gz	258503
release/genome-stratifications/v3.2/GRCh38@all/GenomeSpecific/GRCh38_HG003_v4.2.1_SV_pbsv_slop25percent.bed.gz	166825
release/genome-stratifications/v3.2/GRCh38@all/GenomeSpecific/GRCh38_HG003_v4.2.1_comphetindel10bp_slop50.bed.gz	374235
release/genome-stratifications/v3.2/GRCh38@all/GenomeSpecific/GRCh38_HG003_v4.2.1_comphetsnp10bp_slop50.bed.gz	99868
release/genome-stratifications/v3.2/GRCh38@all/GenomeSpecific/GRCh38_HG003_v4.2.1_complexandSVs.bed.gz	1743980
release/genome-stratifications/v3.2/GRCh38@all/GenomeSpecific/GRCh38_HG003_v4.2.1_complexandSVs_alldifficultregions.bed.gz	33121472
release/genome-stratifications/v3.2/GRCh38@all/GenomeSpecific/GRCh38_HG003_v4.2.1_complexindel10bp_slop50.bed.gz	122440
release/genome-stratifications/v3.2/GRCh38@all/GenomeSpecific/GRCh38_HG003_v4.2.1_notin_complexandSVs_alldifficultregions.bed.gz	34328112
release/genome-stratifications/v3.2/GRCh38@all/GenomeSpecific/GRCh38_HG003_v4.2.1_othercomplexwithin10bp_slop50.bed.gz	380138
release/genome-stratifications/v3.2/GRCh38@all/GenomeSpecific/GRCh38_HG003_v4.2.1_snpswithin10bp_slop50.bed.gz	671747
release/genome-stratifications/v3.2/GRCh38@all/GenomeSpecific/GRCh38_HG004_v4.2.1_CNV_CCSandONT_elliptical_outlier.bed.gz	22403
release/genome-stratifications/v3.2/GRCh38@all/GenomeSpecific/GRCh38_HG004_v4.2.1_CNV_mrcanavarIllumina_CCShighcov_ONThighcov_intersection.bed.gz	3281
release/genome-stratifications/v3.2/GRCh38@all/GenomeSpecific/GRCh38_HG004_v4.2.1_CNVsandSVs.bed.gz	257953
release/genome-stratifications/v3.2/GRCh38@all/GenomeSpecific/GRCh38_HG004_v4.2.1_SV_pbsv_slop25percent.bed.gz	169621
release/genome-stratifications/v3.2/GRCh38@all/GenomeSpecific/GRCh38_HG004_v4.2.1_comphetindel10bp_slop50.bed.gz	384216
release/genome-stratifications/v3.2/GRCh38@all/GenomeSpecific/GRCh38_HG004_v4.2.1_comphetsnp10bp_slop50.bed.gz	93576
release/genome-stratifications/v3.2/GRCh38@all/GenomeSpecific/GRCh38_HG004_v4.2.1_complexandSVs.bed.gz	1757051
release/genome-stratifications/v3.2/GRCh38@all/GenomeSpecific/GRCh38_HG004_v4.2.1_complexandSVs_alldifficultregions.bed.gz	33099719
release/genome-stratifications/v3.2/GRCh38@all/GenomeSpecific/GRCh38_HG004_v4.2.1_complexindel10bp_slop50.bed.gz	122831
release/genome-stratifications/v3.2/GRCh38@all/GenomeSpecific/GRCh38_HG004_v4.2.1_notin_complexandSVs_alldifficultregions.bed.gz	34304118
release/genome-stratifications/v3.2/GRCh38@all/GenomeSpecific/GRCh38_HG004_v4.2.1_othercomplexwithin10bp_slop50.bed.gz	396887
release/genome-stratifications/v3.2/GRCh38@all/GenomeSpecific/GRCh38_HG004_v4.2.1_snpswithin10bp_slop50.bed.gz	670542
release/genome-stratifications/v3.2/GRCh38@all/GenomeSpecific/GRCh38_HG005_v4.2.1_CNV_CCSandONT_elliptical_outlier.bed.gz	20419
release/genome-stratifications/v3.2/GRCh38@all/GenomeSpecific/GRCh38_HG005_v4.2.1_CNV_mrcanavarIllumina_CCShighcov_ONThighcov_intersection.bed.gz	2613
release/genome-stratifications/v3.2/GRCh38@all/GenomeSpecific/GRCh38_HG005_v4.2.1_CNVsandSVs.bed.gz	203661
release/genome-stratifications/v3.2/GRCh38@all/GenomeSpecific/GRCh38_HG005_v4.2.1_SV_pbsv_hifiasm_dipcall_svanalyzer_slop25percent.bed.gz	190428
release/genome-stratifications/v3.2/GRCh38@all/GenomeSpecific/GRCh38_HG005_v4.2.1_comphetindel10bp_slop50.bed.gz	283570
release/genome-stratifications/v3.2/GRCh38@all/GenomeSpecific/GRCh38_HG005_v4.2.1_comphetsnp10bp_slop50.bed.gz	199330
release/genome-stratifications/v3.2/GRCh38@all/GenomeSpecific/GRCh38_HG005_v4.2.1_complexandSVs.bed.gz	1527230
release/genome-stratifications/v3.2/GRCh38@all/GenomeSpecific/GRCh38_HG005_v4.2.1_complexandSVs_alldifficultregions.bed.gz	33155092
release/genome-stratifications/v3.2/GRCh38@all/GenomeSpecific/GRCh38_HG005_v4.2.1_complexindel10bp_slop50.bed.gz	154534
release/genome-stratifications/v3.2/GRCh38@all/GenomeSpecific/GRCh38_HG005_v4.2.1_inversions_slop25percent.bed.gz	580
release/genome-stratifications/v3.2/GRCh38@all/GenomeSpecific/GRCh38_HG005_v4.2.1_notin_complexandSVs_alldifficultregions.bed.gz	34368441
release/genome-stratifications/v3.2/GRCh38@all/GenomeSpecific/GRCh38_HG005_v4.2.1_othercomplexwithin10bp_slop50.bed.gz	130463
release/genome-stratifications/v3.2/GRCh38@all/GenomeSpecific/GRCh38_HG005_v4.2.1_snpswithin10bp_slop50.bed.gz	680901
release/genome-stratifications/v3.2/GRCh38@all/GenomeSpecific/GRCh38_HG006_v4.2.1_CNV_CCSandONT_elliptical_outlier.bed.gz	14698
release/genome-stratifications/v3.2/GRCh38@all/GenomeSpecific/GRCh38_HG006_v4.2.1_CNV_mrcanavarIllumina_CCShighcov_ONThighcov_intersection.bed.gz	3379
release/genome-stratifications/v3.2/GRCh38@all/GenomeSpecific/GRCh38_HG006_v4.2.1_CNVsandSVs.bed.gz	223177
release/genome-stratifications/v3.2/GRCh38@all/GenomeSpecific/GRCh38_HG006_v4.2.1_SV_pbsv_slop25percent.bed.gz	148674
release/genome-stratifications/v3.2/GRCh38@all/GenomeSpecific/GRCh38_HG006_v4.2.1_comphetindel10bp_slop50.bed.gz	255223
release/genome-stratifications/v3.2/GRCh38@all/GenomeSpecific/GRCh38_HG006_v4.2.1_comphetsnp10bp_slop50.bed.gz	116877
release/genome-stratifications/v3.2/GRCh38@all/GenomeSpecific/GRCh38_HG006_v4.2.1_complexandSVs.bed.gz	1493931
release/genome-stratifications/v3.2/GRCh38@all/GenomeSpecific/GRCh38_HG006_v4.2.1_complexandSVs_alldifficultregions.bed.gz	33149967
release/genome-stratifications/v3.2/GRCh38@all/GenomeSpecific/GRCh38_HG006_v4.2.1_complexindel10bp_slop50.bed.gz	99910
release/genome-stratifications/v3.2/GRCh38@all/GenomeSpecific/GRCh38_HG006_v4.2.1_notin_complexandSVs_alldifficultregions.bed.gz	34363649
release/genome-stratifications/v3.2/GRCh38@all/GenomeSpecific/GRCh38_HG006_v4.2.1_othercomplexwithin10bp_slop50.bed.gz	260179
release/genome-stratifications/v3.2/GRCh38@all/GenomeSpecific/GRCh38_HG006_v4.2.1_snpswithin10bp_slop50.bed.gz	662187
release/genome-stratifications/v3.2/GRCh38@all/GenomeSpecific/GRCh38_HG007_v4.2.1_CNV_CCSandONT_elliptical_outlier.bed.gz	14627
release/genome-stratifications/v3.2/GRCh38@all/GenomeSpecific/GRCh38_HG007_v4.2.1_CNV_mrcanavarIllumina_CCShighcov_ONThighcov_intersection.bed.gz	4201
release/genome-stratifications/v3.2/GRCh38@all/GenomeSpecific/GRCh38_HG007_v4.2.1_CNVsandSVs.bed.gz	221507
release/genome-stratifications/v3.2/GRCh38@all/GenomeSpecific/GRCh38_HG007_v4.2.1_SV_pbsv_slop25percent.bed.gz	148504
release/genome-stratifications/v3.2/GRCh38@all/GenomeSpecific/GRCh38_HG007_v4.2.1_comphetindel10bp_slop50.bed.gz	257592
release/genome-stratifications/v3.2/GRCh38@all/GenomeSpecific/GRCh38_HG007_v4.2.1_comphetsnp10bp_slop50.bed.gz	115822
release/genome-stratifications/v3.2/GRCh38@all/GenomeSpecific/GRCh38_HG007_v4.2.1_complexandSVs.bed.gz	1504389
release/genome-stratifications/v3.2/GRCh38@all/GenomeSpecific/GRCh38_HG007_v4.2.1_complexandSVs_alldifficultregions.bed.gz	33169426
release/genome-stratifications/v3.2/GRCh38@all/GenomeSpecific/GRCh38_HG007_v4.2.1_complexindel10bp_slop50.bed.gz	101237
release/genome-stratifications/v3.2/GRCh38@all/GenomeSpecific/GRCh38_HG007_v4.2.1_notin_complexandSVs_alldifficultregions.bed.gz	34383704
release/genome-stratifications/v3.2/GRCh38@all/GenomeSpecific/GRCh38_HG007_v4.2.1_othercomplexwithin10bp_slop50.bed.gz	266309
release/genome-stratifications/v3.2/GRCh38@all/GenomeSpecific/GRCh38_HG007_v4.2.1_snpswithin10bp_slop50.bed.gz	664283
release/genome-stratifications/v3.2/GRCh38@all/LowComplexity/GRCh38_AllHomopolymers_ge7bp_imperfectge11bp_slop5.bed.gz	24627575
release/genome-stratifications/v3.2/GRCh38@all/LowComplexity/GRCh38_AllTandemRepeats.bed.gz	9227923
release/genome-stratifications/v3.2/GRCh38@all/LowComplexity/GRCh38_AllTandemRepeats_201to10000bp_slop5.bed.gz	871553
release/genome-stratifications/v3.2/GRCh38@all/LowComplexity/GRCh38_AllTandemRepeats_51to200bp_slop5.bed.gz	2251688
release/genome-stratifications/v3.2/GRCh38@all/LowComplexity/GRCh38_AllTandemRepeats_ge10001bp_slop5.bed.gz	130540
release/genome-stratifications/v3.2/GRCh38@all/LowComplexity/GRCh38_AllTandemRepeats_ge101bp_slop5.bed.gz	1564741
release/genome-stratifications/v3.2/GRCh38@all/LowComplexity/GRCh38_AllTandemRepeats_le50bp_slop5.bed.gz	6032594
release/genome-stratifications/v3.2/GRCh38@all/LowComplexity/GRCh38_AllTandemRepeatsandHomopolymers_slop5.bed.gz	30355634
release/genome-stratifications/v3.2/GRCh38@all/LowComplexity/GRCh38_SimpleRepeat_diTR_10to49_slop5.bed.gz	3118493
release/genome-stratifications/v3.2/GRCh38@all/LowComplexity/GRCh38_SimpleRepeat_diTR_50to149_slop5.bed.gz	35908
release/genome-stratifications/v3.2/GRCh38@all/LowComplexity/GRCh38_SimpleRepeat_diTR_ge150_slop5.bed.gz	108
release/genome-stratifications/v3.2/GRCh38@all/LowComplexity/GRCh38_SimpleRepeat_homopolymer_4to6_AT_slop5.bed.gz	209045103
release/genome-stratifications/v3.2/GRCh38@all/LowComplexity/GRCh38_SimpleRepeat_homopolymer_4to6_GC_slop5.bed.gz	74201311
release/genome-stratifications/v3.2/GRCh38@all/LowComplexity/GRCh38_SimpleRepeat_homopolymer_4to6_slop5.bed.gz	257842038
release/genome-stratifications/v3.2/GRCh38@all/LowComplexity/GRCh38_SimpleRepeat_homopolymer_7to11_AT_slop5.bed.gz	16821586
release/genome-stratifications/v3.2/GRCh38@all/LowComplexity/GRCh38_SimpleRepeat_homopolymer_7to11_GC_slop5.bed.gz	653965
release/genome-stratifications/v3.2/GRCh38@all/LowComplexity/GRCh38_SimpleRepeat_homopolymer_7to11_slop5.bed.gz	17430137
release/genome-stratifications/v3.2/GRCh38@all/LowComplexity/GRCh38_SimpleRepeat_homopolymer_ge12_AT_slop5.bed.gz	4369984
release/genome-stratifications/v3.2/GRCh38@all/LowComplexity/GRCh38_SimpleRepeat_homopolymer_ge12_GC_slop5.bed.gz	24063
release/genome-stratifications/v3.2/GRCh38@all/LowComplexity/GRCh38_SimpleRepeat_homopolymer_ge12_slop5.bed.gz	4392005
release/genome-stratifications/v3.2/GRCh38@all/LowComplexity/GRCh38_SimpleRepeat_homopolymer_ge21_AT_slop5.bed.gz	944955
release/genome-stratifications/v3.2/GRCh38@all/LowComplexity/GRCh38_SimpleRepeat_homopolymer_ge21_GC_slop5.bed.gz	591
release/genome-stratifications/v3.2/GRCh38@all/LowComplexity/GRCh38_SimpleRepeat_homopolymer_ge21_slop5.bed.gz	945404
release/genome-stratifications/v3.2/GRCh38@all/LowComplexity/GRCh38_SimpleRepeat_imperfecthomopolge11_AT_slop5.bed.gz	10220696
release/genome-stratifications/v3.2/GRCh38@all/LowComplexity/GRCh38_SimpleRepeat_imperfecthomopolge11_GC_slop5.bed.gz	701638
release/genome-stratifications/v3.2/GRCh38@all/LowComplexity/GRCh38_SimpleRepeat_imperfecthomopolge11_slop5.bed.gz	10903588
release/genome-stratifications/v3.2/GRCh38@all/LowComplexity/GRCh38_SimpleRepeat_imperfecthomopolge21_AT_slop5.bed.gz	1966251
release/genome-stratifications/v3.2/GRCh38@all/LowComplexity/GRCh38_SimpleRepeat_imperfecthomopolge21_GC_slop5.bed.gz	24668
release/genome-stratifications/v3.2/GRCh38@all/LowComplexity/GRCh38_SimpleRepeat_imperfecthomopolge21_slop5.bed.gz	1988211
release/genome-stratifications/v3.2/GRCh38@all/LowComplexity/GRCh38_SimpleRepeat_quadTR_19to49_slop5.bed.gz	767733
release/genome-stratifications/v3.2/GRCh38@all/LowComplexity/GRCh38_SimpleRepeat_quadTR_50to149_slop5.bed.gz	65385
release/genome-stratifications/v3.2/GRCh38@all/LowComplexity/GRCh38_SimpleRepeat_quadTR_ge150_slop5.bed.gz	222
release/genome-stratifications/v3.2/GRCh38@all/LowComplexity/GRCh38_SimpleRepeat_triTR_14to49_slop5.bed.gz	679309
release/genome-stratifications/v3.2/GRCh38@all/LowComplexity/GRCh38_SimpleRepeat_triTR_50to149_slop5.bed.gz	5942
release/genome-stratifications/v3.2/GRCh38@all/LowComplexity/GRCh38_SimpleRepeat_triTR_ge150_slop5.bed.gz	167
release/genome-stratifications/v3.2/GRCh38@all/LowComplexity/GRCh38_notinAllHomopolymers_ge7bp_imperfectge11bp_slop5.bed.gz	26272095
release/genome-stratifications/v3.2/GRCh38@all/LowComplexity/GRCh38_notinAllTandemRepeatsandHomopolymers_slop5.bed.gz	31910026
release/genome-stratifications/v3.2/GRCh38@all/LowComplexity/GRCh38_notinallTandemRepeats.bed.gz	10074360
release/genome-stratifications/v3.2/GRCh38@all/LowComplexity/GRCh38_notinsatellites_slop5.bed.gz	46798
release/genome-stratifications/v3.2/GRCh38@all/LowComplexity/GRCh38_satellites_slop5.bed.gz	47275
release/genome-stratifications/v3.2/GRCh38@all/Mappability/GRCh38_lowmappabilityall.bed.gz	4871989
release/genome-stratifications/v3.2/GRCh38@all/Mappability/GRCh38_nonunique_l100_m2_e1.bed.gz	4872384
release/genome-stratifications/v3.2/GRCh38@all/Mappability/GRCh38_nonunique_l250_m0_e0.bed.gz	1229670
release/genome-stratifications/v3.2/GRCh38@all/Mappability/GRCh38_notinlowmappabilityall.bed.gz	4877289
release/genome-stratifications/v3.2/GRCh38@all/OtherDifficult/GRCh38_KIR.bed.gz	78
release/genome-stratifications/v3.2/GRCh38@all/OtherDifficult/GRCh38_L1H_gt500.bed.gz	10056
release/genome-stratifications/v3.2/GRCh38@all/OtherDifficult/GRCh38_LD_discordant_haplotypes_slop5bp.bed.gz	13634
release/genome-stratifications/v3.2/GRCh38@all/OtherDifficult/GRCh38_MHC.bed.gz	80
release/genome-stratifications/v3.2/GRCh38@all/OtherDifficult/GRCh38_VDJ.bed.gz	165
release/genome-stratifications/v3.2/GRCh38@all/OtherDifficult/GRCh38_allOtherDifficultregions.bed.gz	371968
release/genome-stratifications/v3.2/GRCh38@all/OtherDifficult/GRCh38_collapsed_duplication_FP_regions.bed.gz	1743
release/genome-stratifications/v3.2/GRCh38@all/OtherDifficult/GRCh38_contigs_lt500kb.bed.gz	3264
release/genome-stratifications/v3.2/GRCh38@all/OtherDifficult/GRCh38_false_duplications_correct_copy.bed.gz	205
release/genome-stratifications/v3.2/GRCh38@all/OtherDifficult/GRCh38_false_duplications_incorrect_copy.bed.gz	181
release/genome-stratifications/v3.2/GRCh38@all/OtherDifficult/GRCh38_gaps_slop15kb.bed.gz	6976
release/genome-stratifications/v3.2/GRCh38@all/OtherDifficult/GRCh38_gnomAD_InbreedingCoeff_slop1bp_merge1000bp.bed.gz	376553
release/genome-stratifications/v3.2/GRCh38@all/OtherDifficult/GRCh38_population_CNV_FP_regions.bed.gz	4612
release/genome-stratifications/v3.2/GRCh38@all/SegmentalDuplications/GRCh38_notinsegdups.bed.gz	68070
release/genome-stratifications/v3.2/GRCh38@all/SegmentalDuplications/GRCh38_notinsegdups_gt10kb.bed.gz	19233
release/genome-stratifications/v3.2/GRCh38@all/SegmentalDuplications/GRCh38_segdups.bed.gz	65091
release/genome-stratifications/v3.2/GRCh38@all/SegmentalDuplications/GRCh38_segdups_gt10kb.bed.gz	16936
release/genome-stratifications/v3.2/GRCh38@all/Union/GRCh38_alldifficultregions.bed.gz	31491634
release/genome-stratifications/v3.2/GRCh38@all/Union/GRCh38_alllowmapandsegdupregions.bed.gz	3513432
release/genome-stratifications/v3.2/GRCh38@all/Union/GRCh38_notinalldifficultregions.bed.gz	32737709
release/genome-stratifications/v3.2/GRCh38@all/Union/GRCh38_notinalllowmapandsegdupregions.bed.gz	3898133
release/genome-stratifications/v3.2/GRCh38@all/XY/GRCh38_AllAutosomes.bed.gz	4237
release/genome-stratifications/v3.2/GRCh38@all/XY/GRCh38_chrX_PAR.bed.gz	137
release/genome-stratifications/v3.2/GRCh38@all/XY/GRCh38_chrX_XTR.bed.gz	80
release/genome-stratifications/v3.2/GRCh38@all/XY/GRCh38_chrX_ampliconic.bed.gz	212
release/genome-stratifications/v3.2/GRCh38@all/XY/GRCh38_chrX_nonPAR.bed.gz	190
release/genome-stratifications/v3.2/GRCh38@all/XY/GRCh38_chrY_PAR.bed.gz	137
release/genome-stratifications/v3.2/GRCh38@all/XY/GRCh38_chrY_XTR.bed.gz	98
release/genome-stratifications/v3.2/GRCh38@all/XY/GRCh38_chrY_ampliconic.bed.gz	223
release/genome-stratifications/v3.2/GRCh38@all/XY/GRCh38_chrY_nonPAR.bed.gz	473
release/genome-stratifications/v3.2/README.md	7206
release/genome-stratifications/v3.2/genome-stratifications-CHM13@all.tar.gz	933241919
release/genome-stratifications/v3.2/genome-stratifications-GRCh37@all.tar.gz	1427581827
release/genome-stratifications/v3.2/genome-stratifications-GRCh38@all.tar.gz	1412315895
release/genome-stratifications/v3.2/genome-stratifications-md5s.txt	59649
release/genome-stratifications/v3.3/CHM13@all/CHM13-all-stratifications.tsv	6024
release/genome-stratifications/v3.3/CHM13@all/CHM13-genome-stratifications-md5s.txt	6738
release/genome-stratifications/v3.3/CHM13@all/Functional/CHM13_notinrefseq_cds.bed.gz	1518078
release/genome-stratifications/v3.3/CHM13@all/Functional/CHM13_refseq_cds.bed.gz	1388220
release/genome-stratifications/v3.3/CHM13@all/GCcontent/CHM13_gc15_slop50.bed.gz	210508
release/genome-stratifications/v3.3/CHM13@all/GCcontent/CHM13_gc15to20_slop50.bed.gz	626348
release/genome-stratifications/v3.3/CHM13@all/GCcontent/CHM13_gc20to25_slop50.bed.gz	3549578
release/genome-stratifications/v3.3/CHM13@all/GCcontent/CHM13_gc25to30_slop50.bed.gz	11115155
release/genome-stratifications/v3.3/CHM13@all/GCcontent/CHM13_gc30to55_slop50.bed.gz	17537769
release/genome-stratifications/v3.3/CHM13@all/GCcontent/CHM13_gc55to60_slop50.bed.gz	8116997
release/genome-stratifications/v3.3/CHM13@all/GCcontent/CHM13_gc60to65_slop50.bed.gz	3311961
release/genome-stratifications/v3.3/CHM13@all/GCcontent/CHM13_gc65to70_slop50.bed.gz	1163661
release/genome-stratifications/v3.3/CHM13@all/GCcontent/CHM13_gc70to75_slop50.bed.gz	448858
release/genome-stratifications/v3.3/CHM13@all/GCcontent/CHM13_gc75to80_slop50.bed.gz	208463
release/genome-stratifications/v3.3/CHM13@all/GCcontent/CHM13_gc80to85_slop50.bed.gz	99862
release/genome-stratifications/v3.3/CHM13@all/GCcontent/CHM13_gc85_slop50.bed.gz	27662
release/genome-stratifications/v3.3/CHM13@all/GCcontent/CHM13_gclt25orgt65_slop50.bed.gz	4570567
release/genome-stratifications/v3.3/CHM13@all/GCcontent/CHM13_gclt30orgt55_slop50.bed.gz	17417334
release/genome-stratifications/v3.3/CHM13@all/LowComplexity/CHM13_AllHomopolymers_ge7bp_imperfectge11bp_slop5.bed.gz	25220644
release/genome-stratifications/v3.3/CHM13@all/LowComplexity/CHM13_AllTandemRepeats.bed.gz	10197354
release/genome-stratifications/v3.3/CHM13@all/LowComplexity/CHM13_AllTandemRepeats_201to10000bp_slop5.bed.gz	896068
release/genome-stratifications/v3.3/CHM13@all/LowComplexity/CHM13_AllTandemRepeats_51to200bp_slop5.bed.gz	2379838
release/genome-stratifications/v3.3/CHM13@all/LowComplexity/CHM13_AllTandemRepeats_ge10001bp_slop5.bed.gz	612187
release/genome-stratifications/v3.3/CHM13@all/LowComplexity/CHM13_AllTandemRepeats_ge101bp_slop5.bed.gz	2092497
release/genome-stratifications/v3.3/CHM13@all/LowComplexity/CHM13_AllTandemRepeats_le50bp_slop5.bed.gz	6367545
release/genome-stratifications/v3.3/CHM13@all/LowComplexity/CHM13_AllTandemRepeatsandHomopolymers_slop5.bed.gz	30513008
release/genome-stratifications/v3.3/CHM13@all/LowComplexity/CHM13_SimpleRepeat_diTR_10to49_slop5.bed.gz	3446232
release/genome-stratifications/v3.3/CHM13@all/LowComplexity/CHM13_SimpleRepeat_diTR_50to149_slop5.bed.gz	35430
release/genome-stratifications/v3.3/CHM13@all/LowComplexity/CHM13_SimpleRepeat_diTR_ge150_slop5.bed.gz	82
release/genome-stratifications/v3.3/CHM13@all/LowComplexity/CHM13_SimpleRepeat_homopolymer_4to6_AT_slop5.bed.gz	216784584
release/genome-stratifications/v3.3/CHM13@all/LowComplexity/CHM13_SimpleRepeat_homopolymer_4to6_GC_slop5.bed.gz	76934529
release/genome-stratifications/v3.3/CHM13@all/LowComplexity/CHM13_SimpleRepeat_homopolymer_4to6_slop5.bed.gz	267748977
release/genome-stratifications/v3.3/CHM13@all/LowComplexity/CHM13_SimpleRepeat_homopolymer_7to11_AT_slop5.bed.gz	17259519
release/genome-stratifications/v3.3/CHM13@all/LowComplexity/CHM13_SimpleRepeat_homopolymer_7to11_GC_slop5.bed.gz	711182
release/genome-stratifications/v3.3/CHM13@all/LowComplexity/CHM13_SimpleRepeat_homopolymer_7to11_slop5.bed.gz	17926720
release/genome-stratifications/v3.3/CHM13@all/LowComplexity/CHM13_SimpleRepeat_homopolymer_ge12_AT_slop5.bed.gz	4411319
release/genome-stratifications/v3.3/CHM13@all/LowComplexity/CHM13_SimpleRepeat_homopolymer_ge12_GC_slop5.bed.gz	29823
release/genome-stratifications/v3.3/CHM13@all/LowComplexity/CHM13_SimpleRepeat_homopolymer_ge12_slop5.bed.gz	4436624
release/genome-stratifications/v3.3/CHM13@all/LowComplexity/CHM13_SimpleRepeat_homopolymer_ge21_AT_slop5.bed.gz	957515
release/genome-stratifications/v3.3/CHM13@all/LowComplexity/CHM13_SimpleRepeat_homopolymer_ge21_GC_slop5.bed.gz	1260
release/genome-stratifications/v3.3/CHM13@all/LowComplexity/CHM13_SimpleRepeat_homopolymer_ge21_slop5.bed.gz	958563
release/genome-stratifications/v3.3/CHM13@all/LowComplexity/CHM13_SimpleRepeat_imperfecthomopolge11_AT_slop5.bed.gz	10318982
release/genome-stratifications/v3.3/CHM13@all/LowComplexity/CHM13_SimpleRepeat_imperfecthomopolge11_GC_slop5.bed.gz	751601
release/genome-stratifications/v3.3/CHM13@all/LowComplexity/CHM13_SimpleRepeat_imperfecthomopolge11_slop5.bed.gz	11047513
release/genome-stratifications/v3.3/CHM13@all/LowComplexity/CHM13_SimpleRepeat_imperfecthomopolge21_AT_slop5.bed.gz	1988505
release/genome-stratifications/v3.3/CHM13@all/LowComplexity/CHM13_SimpleRepeat_imperfecthomopolge21_GC_slop5.bed.gz	30761
release/genome-stratifications/v3.3/CHM13@all/LowComplexity/CHM13_SimpleRepeat_imperfecthomopolge21_slop5.bed.gz	2017702
release/genome-stratifications/v3.3/CHM13@all/LowComplexity/CHM13_SimpleRepeat_quadTR_19to49_slop5.bed.gz	822239
release/genome-stratifications/v3.3/CHM13@all/LowComplexity/CHM13_SimpleRepeat_quadTR_50to149_slop5.bed.gz	71562
release/genome-stratifications/v3.3/CHM13@all/LowComplexity/CHM13_SimpleRepeat_quadTR_ge150_slop5.bed.gz	184
release/genome-stratifications/v3.3/CHM13@all/LowComplexity/CHM13_SimpleRepeat_triTR_14to49_slop5.bed.gz	719988
release/genome-stratifications/v3.3/CHM13@all/LowComplexity/CHM13_SimpleRepeat_triTR_50to149_slop5.bed.gz	8388
release/genome-stratifications/v3.3/CHM13@all/LowComplexity/CHM13_SimpleRepeat_triTR_ge150_slop5.bed.gz	161
release/genome-stratifications/v3.3/CHM13@all/LowComplexity/CHM13_notinAllHomopolymers_ge7bp_imperfectge11bp_slop5.bed.gz	26912614
release/genome-stratifications/v3.3/CHM13@all/LowComplexity/CHM13_notinAllTandemRepeatsandHomopolymers_slop5.bed.gz	32082746
release/genome-stratifications/v3.3/CHM13@all/LowComplexity/CHM13_notinallTandemRepeats.bed.gz	11041621
release/genome-stratifications/v3.3/CHM13@all/LowComplexity/CHM13_notinsatellites_slop5.bed.gz	8210
release/genome-stratifications/v3.3/CHM13@all/LowComplexity/CHM13_satellites_slop5.bed.gz	7978
release/genome-stratifications/v3.3/CHM13@all/Mappability/CHM13_lowmappabilityall.bed.gz	5012104
release/genome-stratifications/v3.3/CHM13@all/Mappability/CHM13_nonunique_l100_m2_e1.bed.gz	5012108
release/genome-stratifications/v3.3/CHM13@all/Mappability/CHM13_nonunique_l250_m0_e0.bed.gz	1857877
release/genome-stratifications/v3.3/CHM13@all/Mappability/CHM13_notinlowmappabilityall.bed.gz	5012134
release/genome-stratifications/v3.3/CHM13@all/OtherDifficult/CHM13_KIR.bed.gz	79
release/genome-stratifications/v3.3/CHM13@all/OtherDifficult/CHM13_MHC.bed.gz	80
release/genome-stratifications/v3.3/CHM13@all/OtherDifficult/CHM13_VDJ.bed.gz	144
release/genome-stratifications/v3.3/CHM13@all/OtherDifficult/CHM13_rDNA.bed.gz	132
release/genome-stratifications/v3.3/CHM13@all/SegmentalDuplications/CHM13_notinsegdups.bed.gz	59582
release/genome-stratifications/v3.3/CHM13@all/SegmentalDuplications/CHM13_notinsegdups_gt10kb.bed.gz	12302
release/genome-stratifications/v3.3/CHM13@all/SegmentalDuplications/CHM13_segdups.bed.gz	58140
release/genome-stratifications/v3.3/CHM13@all/SegmentalDuplications/CHM13_segdups_gt10kb.bed.gz	12389
release/genome-stratifications/v3.3/CHM13@all/Telomere/CHM13_telomeres.bed.gz	415
release/genome-stratifications/v3.3/CHM13@all/Union/CHM13_alldifficultregions.bed.gz	31510597
release/genome-stratifications/v3.3/CHM13@all/Union/CHM13_alllowmapandsegdupregions.bed.gz	3565021
release/genome-stratifications/v3.3/CHM13@all/Union/CHM13_notinalldifficultregions.bed.gz	32758383
release/genome-stratifications/v3.3/CHM13@all/Union/CHM13_notinalllowmapandsegdupregions.bed.gz	3954003
release/genome-stratifications/v3.3/CHM13@all/XY/CHM13_AllAutosomes.bed.gz	255
release/genome-stratifications/v3.3/CHM13@all/XY/CHM13_chrX_PAR.bed.gz	94
release/genome-stratifications/v3.3/CHM13@all/XY/CHM13_chrX_XTR.bed.gz	80
release/genome-stratifications/v3.3/CHM13@all/XY/CHM13_chrX_nonPAR.bed.gz	82
release/genome-stratifications/v3.3/CHM13@all/XY/CHM13_chrY_PAR.bed.gz	93
release/genome-stratifications/v3.3/CHM13@all/XY/CHM13_chrY_XTR.bed.gz	98
release/genome-stratifications/v3.3/CHM13@all/XY/CHM13_chrY_nonPAR.bed.gz	81
release/genome-stratifications/v3.3/GRCh37@all/Functional/GRCh37_notinrefseq_cds.bed.gz	1491847
release/genome-stratifications/v3.3/GRCh37@all/Functional/GRCh37_refseq_cds.bed.gz	1352819
release/genome-stratifications/v3.3/GRCh37@all/FunctionalTechnicallyDifficult/GRCh37_BadPromoters.bed.gz	8681
release/genome-stratifications/v3.3/GRCh37@all/FunctionalTechnicallyDifficult/GRCh37_CMRGv1.00_duplicationinKMT2C.bed.gz	76
release/genome-stratifications/v3.3/GRCh37@all/FunctionalTechnicallyDifficult/GRCh37_CMRGv1.00_falselyduplicatedgenes.bed.gz	95
release/genome-stratifications/v3.3/GRCh37@all/GCcontent/GRCh37_gc15_slop50.bed.gz	119837
release/genome-stratifications/v3.3/GRCh37@all/GCcontent/GRCh37_gc15to20_slop50.bed.gz	468555
release/genome-stratifications/v3.3/GRCh37@all/GCcontent/GRCh37_gc20to25_slop50.bed.gz	3324540
release/genome-stratifications/v3.3/GRCh37@all/GCcontent/GRCh37_gc25to30_slop50.bed.gz	10811855
release/genome-stratifications/v3.3/GRCh37@all/GCcontent/GRCh37_gc30to55_slop50.bed.gz	17007629
release/genome-stratifications/v3.3/GRCh37@all/GCcontent/GRCh37_gc55to60_slop50.bed.gz	7788182
release/genome-stratifications/v3.3/GRCh37@all/GCcontent/GRCh37_gc60to65_slop50.bed.gz	3124322
release/genome-stratifications/v3.3/GRCh37@all/GCcontent/GRCh37_gc65to70_slop50.bed.gz	1055591
release/genome-stratifications/v3.3/GRCh37@all/GCcontent/GRCh37_gc70to75_slop50.bed.gz	384156
release/genome-stratifications/v3.3/GRCh37@all/GCcontent/GRCh37_gc75to80_slop50.bed.gz	165495
release/genome-stratifications/v3.3/GRCh37@all/GCcontent/GRCh37_gc80to85_slop50.bed.gz	68414
release/genome-stratifications/v3.3/GRCh37@all/GCcontent/GRCh37_gc85_slop50.bed.gz	14866
release/genome-stratifications/v3.3/GRCh37@all/GCcontent/GRCh37_gclt25orgt65_slop50.bed.gz	4341636
release/genome-stratifications/v3.3/GRCh37@all/GCcontent/GRCh37_gclt30orgt55_slop50.bed.gz	16894087
release/genome-stratifications/v3.3/GRCh37@all/GRCh37-all-stratifications.tsv	17141
release/genome-stratifications/v3.3/GRCh37@all/GRCh37-genome-stratifications-md5s.txt	17250
release/genome-stratifications/v3.3/GRCh37@all/GenomeSpecific/GRCh37_HG001_v4.2.1_CNV_CCSandONT_elliptical_outlier.bed.gz	26374
release/genome-stratifications/v3.3/GRCh37@all/GenomeSpecific/GRCh37_HG001_v4.2.1_CNV_mrcanavarIllumina_CCShighcov_ONThighcov_intersection.bed.gz	3955
release/genome-stratifications/v3.3/GRCh37@all/GenomeSpecific/GRCh37_HG001_v4.2.1_CNVsandSVs.bed.gz	194364
release/genome-stratifications/v3.3/GRCh37@all/GenomeSpecific/GRCh37_HG001_v4.2.1_SV_pbsv_hifiasm_dipcall_svanalyzer_slop25percent.bed.gz	171255
release/genome-stratifications/v3.3/GRCh37@all/GenomeSpecific/GRCh37_HG001_v4.2.1_comphetindel10bp_slop50.bed.gz	378115
release/genome-stratifications/v3.3/GRCh37@all/GenomeSpecific/GRCh37_HG001_v4.2.1_comphetsnp10bp_slop50.bed.gz	194439
release/genome-stratifications/v3.3/GRCh37@all/GenomeSpecific/GRCh37_HG001_v4.2.1_complexandSVs.bed.gz	1599866
release/genome-stratifications/v3.3/GRCh37@all/GenomeSpecific/GRCh37_HG001_v4.2.1_complexandSVs_alldifficultregions.bed.gz	35847146
release/genome-stratifications/v3.3/GRCh37@all/GenomeSpecific/GRCh37_HG001_v4.2.1_complexindel10bp_slop50.bed.gz	164178
release/genome-stratifications/v3.3/GRCh37@all/GenomeSpecific/GRCh37_HG001_v4.2.1_inversions_slop25percent.bed.gz	543
release/genome-stratifications/v3.3/GRCh37@all/GenomeSpecific/GRCh37_HG001_v4.2.1_notin_complexandSVs_alldifficultregions.bed.gz	37059738
release/genome-stratifications/v3.3/GRCh37@all/GenomeSpecific/GRCh37_HG001_v4.2.1_othercomplexwithin10bp_slop50.bed.gz	131364
release/genome-stratifications/v3.3/GRCh37@all/GenomeSpecific/GRCh37_HG001_v4.2.1_snpswithin10bp_slop50.bed.gz	658641
release/genome-stratifications/v3.3/GRCh37@all/GenomeSpecific/GRCh37_HG002_hifiasmv0.11_ComplexVar_in_TRgt100.bed.gz	348023
release/genome-stratifications/v3.3/GRCh37@all/GenomeSpecific/GRCh37_HG002_v4.2.1_CNV_CCSandONT_elliptical_outlier.bed.gz	15282
release/genome-stratifications/v3.3/GRCh37@all/GenomeSpecific/GRCh37_HG002_v4.2.1_CNV_gt2assemblycontigs_ONTCanu_ONTFlye_CCSCanu.bed.gz	3485
release/genome-stratifications/v3.3/GRCh37@all/GenomeSpecific/GRCh37_HG002_v4.2.1_CNV_mrcanavarIllumina_CCShighcov_ONThighcov_intersection.bed.gz	4236
release/genome-stratifications/v3.3/GRCh37@all/GenomeSpecific/GRCh37_HG002_v4.2.1_CNVsandSVs.bed.gz	217452
release/genome-stratifications/v3.3/GRCh37@all/GenomeSpecific/GRCh37_HG002_v4.2.1_Tier1plusTier2_v0.6.1.bed.gz	204462
release/genome-stratifications/v3.3/GRCh37@all/GenomeSpecific/GRCh37_HG002_v4.2.1_Tier1plusTier2_v0.6.1_slop25percent.bed.gz	205375
release/genome-stratifications/v3.3/GRCh37@all/GenomeSpecific/GRCh37_HG002_v4.2.1_comphetindel10bp_slop50.bed.gz	419755
release/genome-stratifications/v3.3/GRCh37@all/GenomeSpecific/GRCh37_HG002_v4.2.1_comphetsnp10bp_slop50.bed.gz	210193
release/genome-stratifications/v3.3/GRCh37@all/GenomeSpecific/GRCh37_HG002_v4.2.1_complexandSVs.bed.gz	1715097
release/genome-stratifications/v3.3/GRCh37@all/GenomeSpecific/GRCh37_HG002_v4.2.1_complexandSVs_alldifficultregions.bed.gz	35854108
release/genome-stratifications/v3.3/GRCh37@all/GenomeSpecific/GRCh37_HG002_v4.2.1_complexindel10bp_slop50.bed.gz	178655
release/genome-stratifications/v3.3/GRCh37@all/GenomeSpecific/GRCh37_HG002_v4.2.1_inversions_slop25percent.bed.gz	480
release/genome-stratifications/v3.3/GRCh37@all/GenomeSpecific/GRCh37_HG002_v4.2.1_notin_complexandSVs_alldifficultregions.bed.gz	37064284
release/genome-stratifications/v3.3/GRCh37@all/GenomeSpecific/GRCh37_HG002_v4.2.1_othercomplexwithin10bp_slop50.bed.gz	141262
release/genome-stratifications/v3.3/GRCh37@all/GenomeSpecific/GRCh37_HG002_v4.2.1_snpswithin10bp_slop50.bed.gz	679180
release/genome-stratifications/v3.3/GRCh37@all/GenomeSpecific/GRCh37_HG003_v4.2.1_CNV_CCSandONT_elliptical_outlier.bed.gz	19899
release/genome-stratifications/v3.3/GRCh37@all/GenomeSpecific/GRCh37_HG003_v4.2.1_CNV_mrcanavarIllumina_CCShighcov_ONThighcov_intersection.bed.gz	3990
release/genome-stratifications/v3.3/GRCh37@all/GenomeSpecific/GRCh37_HG003_v4.2.1_CNVsandSVs.bed.gz	245981
release/genome-stratifications/v3.3/GRCh37@all/GenomeSpecific/GRCh37_HG003_v4.2.1_SV_pbsv_slop25percent.bed.gz	158872
release/genome-stratifications/v3.3/GRCh37@all/GenomeSpecific/GRCh37_HG003_v4.2.1_comphetindel10bp_slop50.bed.gz	363854
release/genome-stratifications/v3.3/GRCh37@all/GenomeSpecific/GRCh37_HG003_v4.2.1_comphetsnp10bp_slop50.bed.gz	100032
release/genome-stratifications/v3.3/GRCh37@all/GenomeSpecific/GRCh37_HG003_v4.2.1_complexandSVs.bed.gz	1701762
release/genome-stratifications/v3.3/GRCh37@all/GenomeSpecific/GRCh37_HG003_v4.2.1_complexandSVs_alldifficultregions.bed.gz	35799232
release/genome-stratifications/v3.3/GRCh37@all/GenomeSpecific/GRCh37_HG003_v4.2.1_complexindel10bp_slop50.bed.gz	119723
release/genome-stratifications/v3.3/GRCh37@all/GenomeSpecific/GRCh37_HG003_v4.2.1_notin_complexandSVs_alldifficultregions.bed.gz	37009263
release/genome-stratifications/v3.3/GRCh37@all/GenomeSpecific/GRCh37_HG003_v4.2.1_othercomplexwithin10bp_slop50.bed.gz	363470
release/genome-stratifications/v3.3/GRCh37@all/GenomeSpecific/GRCh37_HG003_v4.2.1_snpswithin10bp_slop50.bed.gz	655792
release/genome-stratifications/v3.3/GRCh37@all/GenomeSpecific/GRCh37_HG004_v4.2.1_CNV_CCSandONT_elliptical_outlier.bed.gz	18254
release/genome-stratifications/v3.3/GRCh37@all/GenomeSpecific/GRCh37_HG004_v4.2.1_CNV_mrcanavarIllumina_CCShighcov_ONThighcov_intersection.bed.gz	2720
release/genome-stratifications/v3.3/GRCh37@all/GenomeSpecific/GRCh37_HG004_v4.2.1_CNVsandSVs.bed.gz	245939
release/genome-stratifications/v3.3/GRCh37@all/GenomeSpecific/GRCh37_HG004_v4.2.1_SV_pbsv_slop25percent.bed.gz	161684
release/genome-stratifications/v3.3/GRCh37@all/GenomeSpecific/GRCh37_HG004_v4.2.1_comphetindel10bp_slop50.bed.gz	375769
release/genome-stratifications/v3.3/GRCh37@all/GenomeSpecific/GRCh37_HG004_v4.2.1_comphetsnp10bp_slop50.bed.gz	91155
release/genome-stratifications/v3.3/GRCh37@all/GenomeSpecific/GRCh37_HG004_v4.2.1_complexandSVs.bed.gz	1719883
release/genome-stratifications/v3.3/GRCh37@all/GenomeSpecific/GRCh37_HG004_v4.2.1_complexandSVs_alldifficultregions.bed.gz	35800388
release/genome-stratifications/v3.3/GRCh37@all/GenomeSpecific/GRCh37_HG004_v4.2.1_complexindel10bp_slop50.bed.gz	117624
release/genome-stratifications/v3.3/GRCh37@all/GenomeSpecific/GRCh37_HG004_v4.2.1_notin_complexandSVs_alldifficultregions.bed.gz	37007276
release/genome-stratifications/v3.3/GRCh37@all/GenomeSpecific/GRCh37_HG004_v4.2.1_othercomplexwithin10bp_slop50.bed.gz	386460
release/genome-stratifications/v3.3/GRCh37@all/GenomeSpecific/GRCh37_HG004_v4.2.1_snpswithin10bp_slop50.bed.gz	654854
release/genome-stratifications/v3.3/GRCh37@all/GenomeSpecific/GRCh37_HG005_v4.2.1_CNV_CCSandONT_elliptical_outlier.bed.gz	17402
release/genome-stratifications/v3.3/GRCh37@all/GenomeSpecific/GRCh37_HG005_v4.2.1_CNV_mrcanavarIllumina_CCShighcov_ONThighcov_intersection.bed.gz	3244
release/genome-stratifications/v3.3/GRCh37@all/GenomeSpecific/GRCh37_HG005_v4.2.1_CNVsandSVs.bed.gz	197555
release/genome-stratifications/v3.3/GRCh37@all/GenomeSpecific/GRCh37_HG005_v4.2.1_SV_pbsv_hifiasm_dipcall_svanalyzer_slop25percent.bed.gz	183482
release/genome-stratifications/v3.3/GRCh37@all/GenomeSpecific/GRCh37_HG005_v4.2.1_comphetindel10bp_slop50.bed.gz	276333
release/genome-stratifications/v3.3/GRCh37@all/GenomeSpecific/GRCh37_HG005_v4.2.1_comphetsnp10bp_slop50.bed.gz	194381
release/genome-stratifications/v3.3/GRCh37@all/GenomeSpecific/GRCh37_HG005_v4.2.1_complexandSVs.bed.gz	1495664
release/genome-stratifications/v3.3/GRCh37@all/GenomeSpecific/GRCh37_HG005_v4.2.1_complexandSVs_alldifficultregions.bed.gz	35878953
release/genome-stratifications/v3.3/GRCh37@all/GenomeSpecific/GRCh37_HG005_v4.2.1_complexindel10bp_slop50.bed.gz	149056
release/genome-stratifications/v3.3/GRCh37@all/GenomeSpecific/GRCh37_HG005_v4.2.1_inversions_slop25percent.bed.gz	575
release/genome-stratifications/v3.3/GRCh37@all/GenomeSpecific/GRCh37_HG005_v4.2.1_notin_complexandSVs_alldifficultregions.bed.gz	37091601
release/genome-stratifications/v3.3/GRCh37@all/GenomeSpecific/GRCh37_HG005_v4.2.1_othercomplexwithin10bp_slop50.bed.gz	125338
release/genome-stratifications/v3.3/GRCh37@all/GenomeSpecific/GRCh37_HG005_v4.2.1_snpswithin10bp_slop50.bed.gz	666482
release/genome-stratifications/v3.3/GRCh37@all/GenomeSpecific/GRCh37_HG006_v4.2.1_CNV_CCSandONT_elliptical_outlier.bed.gz	12831
release/genome-stratifications/v3.3/GRCh37@all/GenomeSpecific/GRCh37_HG006_v4.2.1_CNV_mrcanavarIllumina_CCShighcov_ONThighcov_intersection.bed.gz	3128
release/genome-stratifications/v3.3/GRCh37@all/GenomeSpecific/GRCh37_HG006_v4.2.1_CNVsandSVs.bed.gz	214410
release/genome-stratifications/v3.3/GRCh37@all/GenomeSpecific/GRCh37_HG006_v4.2.1_SV_pbsv_slop25percent.bed.gz	141480
release/genome-stratifications/v3.3/GRCh37@all/GenomeSpecific/GRCh37_HG006_v4.2.1_comphetindel10bp_slop50.bed.gz	280049
release/genome-stratifications/v3.3/GRCh37@all/GenomeSpecific/GRCh37_HG006_v4.2.1_comphetsnp10bp_slop50.bed.gz	114624
release/genome-stratifications/v3.3/GRCh37@all/GenomeSpecific/GRCh37_HG006_v4.2.1_complexandSVs.bed.gz	1545126
release/genome-stratifications/v3.3/GRCh37@all/GenomeSpecific/GRCh37_HG006_v4.2.1_complexandSVs_alldifficultregions.bed.gz	35866807
release/genome-stratifications/v3.3/GRCh37@all/GenomeSpecific/GRCh37_HG006_v4.2.1_complexindel10bp_slop50.bed.gz	123415
release/genome-stratifications/v3.3/GRCh37@all/GenomeSpecific/GRCh37_HG006_v4.2.1_notin_complexandSVs_alldifficultregions.bed.gz	37080871
release/genome-stratifications/v3.3/GRCh37@all/GenomeSpecific/GRCh37_HG006_v4.2.1_othercomplexwithin10bp_slop50.bed.gz	287817
release/genome-stratifications/v3.3/GRCh37@all/GenomeSpecific/GRCh37_HG006_v4.2.1_snpswithin10bp_slop50.bed.gz	652322
release/genome-stratifications/v3.3/GRCh37@all/GenomeSpecific/GRCh37_HG007_v4.2.1_CNV_CCSandONT_elliptical_outlier.bed.gz	11075
release/genome-stratifications/v3.3/GRCh37@all/GenomeSpecific/GRCh37_HG007_v4.2.1_CNV_mrcanavarIllumina_CCShighcov_ONThighcov_intersection.bed.gz	3506
release/genome-stratifications/v3.3/GRCh37@all/GenomeSpecific/GRCh37_HG007_v4.2.1_CNVsandSVs.bed.gz	212850
release/genome-stratifications/v3.3/GRCh37@all/GenomeSpecific/GRCh37_HG007_v4.2.1_SV_pbsv_slop25percent.bed.gz	141714
release/genome-stratifications/v3.3/GRCh37@all/GenomeSpecific/GRCh37_HG007_v4.2.1_comphetindel10bp_slop50.bed.gz	277018
release/genome-stratifications/v3.3/GRCh37@all/GenomeSpecific/GRCh37_HG007_v4.2.1_comphetsnp10bp_slop50.bed.gz	113466
release/genome-stratifications/v3.3/GRCh37@all/GenomeSpecific/GRCh37_HG007_v4.2.1_complexandSVs.bed.gz	1537145
release/genome-stratifications/v3.3/GRCh37@all/GenomeSpecific/GRCh37_HG007_v4.2.1_complexandSVs_alldifficultregions.bed.gz	35892222
release/genome-stratifications/v3.3/GRCh37@all/GenomeSpecific/GRCh37_HG007_v4.2.1_complexindel10bp_slop50.bed.gz	122239
release/genome-stratifications/v3.3/GRCh37@all/GenomeSpecific/GRCh37_HG007_v4.2.1_notin_complexandSVs_alldifficultregions.bed.gz	37107111
release/genome-stratifications/v3.3/GRCh37@all/GenomeSpecific/GRCh37_HG007_v4.2.1_othercomplexwithin10bp_slop50.bed.gz	288638
release/genome-stratifications/v3.3/GRCh37@all/GenomeSpecific/GRCh37_HG007_v4.2.1_snpswithin10bp_slop50.bed.gz	648406
release/genome-stratifications/v3.3/GRCh37@all/LowComplexity/GRCh37_AllHomopolymers_ge7bp_imperfectge11bp_slop5.bed.gz	24106520
release/genome-stratifications/v3.3/GRCh37@all/LowComplexity/GRCh37_AllTandemRepeats.bed.gz	9381962
release/genome-stratifications/v3.3/GRCh37@all/LowComplexity/GRCh37_AllTandemRepeats_201to10000bp_slop5.bed.gz	808745
release/genome-stratifications/v3.3/GRCh37@all/LowComplexity/GRCh37_AllTandemRepeats_51to200bp_slop5.bed.gz	2167086
release/genome-stratifications/v3.3/GRCh37@all/LowComplexity/GRCh37_AllTandemRepeats_ge10001bp_slop5.bed.gz	36187
release/genome-stratifications/v3.3/GRCh37@all/LowComplexity/GRCh37_AllTandemRepeats_ge101bp_slop5.bed.gz	1460832
release/genome-stratifications/v3.3/GRCh37@all/LowComplexity/GRCh37_AllTandemRepeats_le50bp_slop5.bed.gz	6366082
release/genome-stratifications/v3.3/GRCh37@all/LowComplexity/GRCh37_AllTandemRepeatsandHomopolymers_slop5.bed.gz	30027713
release/genome-stratifications/v3.3/GRCh37@all/LowComplexity/GRCh37_SimpleRepeat_diTR_10to49_slop5.bed.gz	2989142
release/genome-stratifications/v3.3/GRCh37@all/LowComplexity/GRCh37_SimpleRepeat_diTR_50to149_slop5.bed.gz	34604
release/genome-stratifications/v3.3/GRCh37@all/LowComplexity/GRCh37_SimpleRepeat_diTR_ge150_slop5.bed.gz	102
release/genome-stratifications/v3.3/GRCh37@all/LowComplexity/GRCh37_SimpleRepeat_homopolymer_4to6_AT_slop5.bed.gz	202356313
release/genome-stratifications/v3.3/GRCh37@all/LowComplexity/GRCh37_SimpleRepeat_homopolymer_4to6_GC_slop5.bed.gz	72783710
release/genome-stratifications/v3.3/GRCh37@all/LowComplexity/GRCh37_SimpleRepeat_homopolymer_4to6_slop5.bed.gz	250495160
release/genome-stratifications/v3.3/GRCh37@all/LowComplexity/GRCh37_SimpleRepeat_homopolymer_7to11_AT_slop5.bed.gz	16426248
release/genome-stratifications/v3.3/GRCh37@all/LowComplexity/GRCh37_SimpleRepeat_homopolymer_7to11_GC_slop5.bed.gz	626609
release/genome-stratifications/v3.3/GRCh37@all/LowComplexity/GRCh37_SimpleRepeat_homopolymer_7to11_slop5.bed.gz	17018515
release/genome-stratifications/v3.3/GRCh37@all/LowComplexity/GRCh37_SimpleRepeat_homopolymer_ge12_AT_slop5.bed.gz	4253930
release/genome-stratifications/v3.3/GRCh37@all/LowComplexity/GRCh37_SimpleRepeat_homopolymer_ge12_GC_slop5.bed.gz	23814
release/genome-stratifications/v3.3/GRCh37@all/LowComplexity/GRCh37_SimpleRepeat_homopolymer_ge12_slop5.bed.gz	4275017
release/genome-stratifications/v3.3/GRCh37@all/LowComplexity/GRCh37_SimpleRepeat_homopolymer_ge21_AT_slop5.bed.gz	910698
release/genome-stratifications/v3.3/GRCh37@all/LowComplexity/GRCh37_SimpleRepeat_homopolymer_ge21_GC_slop5.bed.gz	567
release/genome-stratifications/v3.3/GRCh37@all/LowComplexity/GRCh37_SimpleRepeat_homopolymer_ge21_slop5.bed.gz	910958
release/genome-stratifications/v3.3/GRCh37@all/LowComplexity/GRCh37_SimpleRepeat_imperfecthomopolge11_AT_slop5.bed.gz	10002120
release/genome-stratifications/v3.3/GRCh37@all/LowComplexity/GRCh37_SimpleRepeat_imperfecthomopolge11_GC_slop5.bed.gz	671649
release/genome-stratifications/v3.3/GRCh37@all/LowComplexity/GRCh37_SimpleRepeat_imperfecthomopolge11_slop5.bed.gz	10677361
release/genome-stratifications/v3.3/GRCh37@all/LowComplexity/GRCh37_SimpleRepeat_imperfecthomopolge21_AT_slop5.bed.gz	1898114
release/genome-stratifications/v3.3/GRCh37@all/LowComplexity/GRCh37_SimpleRepeat_imperfecthomopolge21_GC_slop5.bed.gz	24187
release/genome-stratifications/v3.3/GRCh37@all/LowComplexity/GRCh37_SimpleRepeat_imperfecthomopolge21_slop5.bed.gz	1920901
release/genome-stratifications/v3.3/GRCh37@all/LowComplexity/GRCh37_SimpleRepeat_quadTR_19to49_slop5.bed.gz	736450
release/genome-stratifications/v3.3/GRCh37@all/LowComplexity/GRCh37_SimpleRepeat_quadTR_50to149_slop5.bed.gz	62836
release/genome-stratifications/v3.3/GRCh37@all/LowComplexity/GRCh37_SimpleRepeat_quadTR_ge150_slop5.bed.gz	208
release/genome-stratifications/v3.3/GRCh37@all/LowComplexity/GRCh37_SimpleRepeat_triTR_14to49_slop5.bed.gz	652358
release/genome-stratifications/v3.3/GRCh37@all/LowComplexity/GRCh37_SimpleRepeat_triTR_50to149_slop5.bed.gz	5687
release/genome-stratifications/v3.3/GRCh37@all/LowComplexity/GRCh37_SimpleRepeat_triTR_ge150_slop5.bed.gz	150
release/genome-stratifications/v3.3/GRCh37@all/LowComplexity/GRCh37_notinAllHomopolymers_ge7bp_imperfectge11bp_slop5.bed.gz	25775529
release/genome-stratifications/v3.3/GRCh37@all/LowComplexity/GRCh37_notinAllTandemRepeatsandHomopolymers_slop5.bed.gz	31620821
release/genome-stratifications/v3.3/GRCh37@all/LowComplexity/GRCh37_notinallTandemRepeats.bed.gz	10306593
release/genome-stratifications/v3.3/GRCh37@all/LowComplexity/GRCh37_notinsatellites_slop5.bed.gz	57581
release/genome-stratifications/v3.3/GRCh37@all/LowComplexity/GRCh37_satellites_slop5.bed.gz	58843
release/genome-stratifications/v3.3/GRCh37@all/Mappability/GRCh37_lowmappabilityall.bed.gz	4650673
release/genome-stratifications/v3.3/GRCh37@all/Mappability/GRCh37_nonunique_l100_m2_e1.bed.gz	4650683
release/genome-stratifications/v3.3/GRCh37@all/Mappability/GRCh37_nonunique_l250_m0_e0.bed.gz	809412
release/genome-stratifications/v3.3/GRCh37@all/Mappability/GRCh37_notinlowmappabilityall.bed.gz	4690444
release/genome-stratifications/v3.3/GRCh37@all/OtherDifficult/GRCh37_KIR.bed.gz	75
release/genome-stratifications/v3.3/GRCh37@all/OtherDifficult/GRCh37_L1H_gt500.bed.gz	8144
release/genome-stratifications/v3.3/GRCh37@all/OtherDifficult/GRCh37_MHC.bed.gz	77
release/genome-stratifications/v3.3/GRCh37@all/OtherDifficult/GRCh37_VDJ.bed.gz	160
release/genome-stratifications/v3.3/GRCh37@all/OtherDifficult/GRCh37_allOtherDifficultregions.bed.gz	229392
release/genome-stratifications/v3.3/GRCh37@all/OtherDifficult/GRCh37_contigs_lt500kb.bed.gz	831
release/genome-stratifications/v3.3/GRCh37@all/OtherDifficult/GRCh37_gaps_slop15kb.bed.gz	3934
release/genome-stratifications/v3.3/GRCh37@all/OtherDifficult/GRCh37_hg38_minimap2_asm20_N10_gt1contig_gt1kb.bed.gz	8178
release/genome-stratifications/v3.3/GRCh37@all/OtherDifficult/GRCh37_hg38_minimap2_asm20_N10_nocovgt1kb.bed.gz	1273
release/genome-stratifications/v3.3/GRCh37@all/OtherDifficult/GRCh37_hs37d5_decoy_alignments.bed.gz	225697
release/genome-stratifications/v3.3/GRCh37@all/OtherDifficult/GRCh37_missing_and_multiple_alignments_of_GRCh38.bed.gz	7682
release/genome-stratifications/v3.3/GRCh37@all/SegmentalDuplications/GRCh37_notinsegdups.bed.gz	62638
release/genome-stratifications/v3.3/GRCh37@all/SegmentalDuplications/GRCh37_notinsegdups_gt10kb.bed.gz	15720
release/genome-stratifications/v3.3/GRCh37@all/SegmentalDuplications/GRCh37_segdups.bed.gz	61314
release/genome-stratifications/v3.3/GRCh37@all/SegmentalDuplications/GRCh37_segdups_gt10kb.bed.gz	15760
release/genome-stratifications/v3.3/GRCh37@all/Union/GRCh37_alldifficultregions.bed.gz	30946542
release/genome-stratifications/v3.3/GRCh37@all/Union/GRCh37_alllowmapandsegdupregions.bed.gz	3386898
release/genome-stratifications/v3.3/GRCh37@all/Union/GRCh37_notinalldifficultregions.bed.gz	32229624
release/genome-stratifications/v3.3/GRCh37@all/Union/GRCh37_notinalllowmapandsegdupregions.bed.gz	3790791
release/genome-stratifications/v3.3/GRCh37@all/XY/GRCh37_AllAutosomes.bed.gz	2190
release/genome-stratifications/v3.3/GRCh37@all/XY/GRCh37_chrX_PAR.bed.gz	136
release/genome-stratifications/v3.3/GRCh37@all/XY/GRCh37_chrX_XTR.bed.gz	75
release/genome-stratifications/v3.3/GRCh37@all/XY/GRCh37_chrX_ampliconic.bed.gz	186
release/genome-stratifications/v3.3/GRCh37@all/XY/GRCh37_chrX_nonPAR.bed.gz	235
release/genome-stratifications/v3.3/GRCh37@all/XY/GRCh37_chrY_PAR.bed.gz	135
release/genome-stratifications/v3.3/GRCh37@all/XY/GRCh37_chrY_XTR.bed.gz	93
release/genome-stratifications/v3.3/GRCh37@all/XY/GRCh37_chrY_ampliconic.bed.gz	173
release/genome-stratifications/v3.3/GRCh37@all/XY/GRCh37_chrY_nonPAR.bed.gz	173
release/genome-stratifications/v3.3/GRCh38@all/Ancestry/GRCh38_ancestry_AFR.bed.gz	1332535
release/genome-stratifications/v3.3/GRCh38@all/Ancestry/GRCh38_ancestry_AMR.bed.gz	346058
release/genome-stratifications/v3.3/GRCh38@all/Ancestry/GRCh38_ancestry_EAS.bed.gz	231858
release/genome-stratifications/v3.3/GRCh38@all/Ancestry/GRCh38_ancestry_EUR.bed.gz	1083487
release/genome-stratifications/v3.3/GRCh38@all/Ancestry/GRCh38_ancestry_Neanderthal.bed.gz	49276
release/genome-stratifications/v3.3/GRCh38@all/Ancestry/GRCh38_ancestry_SAS.bed.gz	225263
release/genome-stratifications/v3.3/GRCh38@all/Functional/GRCh38_notinrefseq_cds.bed.gz	1523300
release/genome-stratifications/v3.3/GRCh38@all/Functional/GRCh38_refseq_cds.bed.gz	1387206
release/genome-stratifications/v3.3/GRCh38@all/FunctionalTechnicallyDifficult/GRCh38_BadPromoters.bed.gz	9066
release/genome-stratifications/v3.3/GRCh38@all/FunctionalTechnicallyDifficult/GRCh38_CMRGv1.00_duplicationinKMT2C.bed.gz	77
release/genome-stratifications/v3.3/GRCh38@all/FunctionalTechnicallyDifficult/GRCh38_CMRGv1.00_falselyduplicatedgenes.bed.gz	112
release/genome-stratifications/v3.3/GRCh38@all/GCcontent/GRCh38_gc15_slop50.bed.gz	125481
release/genome-stratifications/v3.3/GRCh38@all/GCcontent/GRCh38_gc15to20_slop50.bed.gz	486353
release/genome-stratifications/v3.3/GRCh38@all/GCcontent/GRCh38_gc20to25_slop50.bed.gz	3396062
release/genome-stratifications/v3.3/GRCh38@all/GCcontent/GRCh38_gc25to30_slop50.bed.gz	10974138
release/genome-stratifications/v3.3/GRCh38@all/GCcontent/GRCh38_gc30to55_slop50.bed.gz	17246326
release/genome-stratifications/v3.3/GRCh38@all/GCcontent/GRCh38_gc55to60_slop50.bed.gz	7919972
release/genome-stratifications/v3.3/GRCh38@all/GCcontent/GRCh38_gc60to65_slop50.bed.gz	3195719
release/genome-stratifications/v3.3/GRCh38@all/GCcontent/GRCh38_gc65to70_slop50.bed.gz	1091969
release/genome-stratifications/v3.3/GRCh38@all/GCcontent/GRCh38_gc70to75_slop50.bed.gz	399477
release/genome-stratifications/v3.3/GRCh38@all/GCcontent/GRCh38_gc75to80_slop50.bed.gz	173878
release/genome-stratifications/v3.3/GRCh38@all/GCcontent/GRCh38_gc80to85_slop50.bed.gz	72629
release/genome-stratifications/v3.3/GRCh38@all/GCcontent/GRCh38_gc85_slop50.bed.gz	16053
release/genome-stratifications/v3.3/GRCh38@all/GCcontent/GRCh38_gclt25orgt65_slop50.bed.gz	4421661
release/genome-stratifications/v3.3/GRCh38@all/GCcontent/GRCh38_gclt30orgt55_slop50.bed.gz	17116426
release/genome-stratifications/v3.3/GRCh38@all/GRCh38-all-stratifications.tsv	17629
release/genome-stratifications/v3.3/GRCh38@all/GRCh38-genome-stratifications-md5s.txt	17864
release/genome-stratifications/v3.3/GRCh38@all/GenomeSpecific/GRCh38_HG001_v4.2.1_CNV_CCSandONT_elliptical_outlier.bed.gz	24325
release/genome-stratifications/v3.3/GRCh38@all/GenomeSpecific/GRCh38_HG001_v4.2.1_CNV_mrcanavarIllumina_CCShighcov_ONThighcov_intersection.bed.gz	4303
release/genome-stratifications/v3.3/GRCh38@all/GenomeSpecific/GRCh38_HG001_v4.2.1_CNVsandSVs.bed.gz	196331
release/genome-stratifications/v3.3/GRCh38@all/GenomeSpecific/GRCh38_HG001_v4.2.1_SV_pbsv_hifiasm_dipcall_svanalyzer_slop25percent.bed.gz	178019
release/genome-stratifications/v3.3/GRCh38@all/GenomeSpecific/GRCh38_HG001_v4.2.1_comphetindel10bp_slop50.bed.gz	387192
release/genome-stratifications/v3.3/GRCh38@all/GenomeSpecific/GRCh38_HG001_v4.2.1_comphetsnp10bp_slop50.bed.gz	198225
release/genome-stratifications/v3.3/GRCh38@all/GenomeSpecific/GRCh38_HG001_v4.2.1_complexandSVs.bed.gz	1626057
release/genome-stratifications/v3.3/GRCh38@all/GenomeSpecific/GRCh38_HG001_v4.2.1_complexandSVs_alldifficultregions.bed.gz	33122992
release/genome-stratifications/v3.3/GRCh38@all/GenomeSpecific/GRCh38_HG001_v4.2.1_complexindel10bp_slop50.bed.gz	168773
release/genome-stratifications/v3.3/GRCh38@all/GenomeSpecific/GRCh38_HG001_v4.2.1_inversions_slop25percent.bed.gz	565
release/genome-stratifications/v3.3/GRCh38@all/GenomeSpecific/GRCh38_HG001_v4.2.1_notin_complexandSVs_alldifficultregions.bed.gz	34330179
release/genome-stratifications/v3.3/GRCh38@all/GenomeSpecific/GRCh38_HG001_v4.2.1_othercomplexwithin10bp_slop50.bed.gz	135324
release/genome-stratifications/v3.3/GRCh38@all/GenomeSpecific/GRCh38_HG001_v4.2.1_snpswithin10bp_slop50.bed.gz	673973
release/genome-stratifications/v3.3/GRCh38@all/GenomeSpecific/GRCh38_HG002_hifiasmv0.11_ComplexVar_in_TRgt100.bed.gz	380531
release/genome-stratifications/v3.3/GRCh38@all/GenomeSpecific/GRCh38_HG002_v4.2.1_CNV_CCSandONT_elliptical_outlier.bed.gz	21625
release/genome-stratifications/v3.3/GRCh38@all/GenomeSpecific/GRCh38_HG002_v4.2.1_CNV_gt2assemblycontigs_ONTCanu_ONTFlye_CCSCanu.bed.gz	4798
release/genome-stratifications/v3.3/GRCh38@all/GenomeSpecific/GRCh38_HG002_v4.2.1_CNV_mrcanavarIllumina_CCShighcov_ONThighcov_intersection.bed.gz	5246
release/genome-stratifications/v3.3/GRCh38@all/GenomeSpecific/GRCh38_HG002_v4.2.1_CNVsandSVs.bed.gz	228946
release/genome-stratifications/v3.3/GRCh38@all/GenomeSpecific/GRCh38_HG002_v4.2.1_Tier1plusTier2_v0.6.1.bed.gz	209354
release/genome-stratifications/v3.3/GRCh38@all/GenomeSpecific/GRCh38_HG002_v4.2.1_Tier1plusTier2_v0.6.1_slop25percent.bed.gz	209812
release/genome-stratifications/v3.3/GRCh38@all/GenomeSpecific/GRCh38_HG002_v4.2.1_comphetindel10bp_slop50.bed.gz	431481
release/genome-stratifications/v3.3/GRCh38@all/GenomeSpecific/GRCh38_HG002_v4.2.1_comphetsnp10bp_slop50.bed.gz	215869
release/genome-stratifications/v3.3/GRCh38@all/GenomeSpecific/GRCh38_HG002_v4.2.1_complexandSVs.bed.gz	1755147
release/genome-stratifications/v3.3/GRCh38@all/GenomeSpecific/GRCh38_HG002_v4.2.1_complexandSVs_alldifficultregions.bed.gz	33170689
release/genome-stratifications/v3.3/GRCh38@all/GenomeSpecific/GRCh38_HG002_v4.2.1_complexindel10bp_slop50.bed.gz	183450
release/genome-stratifications/v3.3/GRCh38@all/GenomeSpecific/GRCh38_HG002_v4.2.1_inversions_slop25percent.bed.gz	408
release/genome-stratifications/v3.3/GRCh38@all/GenomeSpecific/GRCh38_HG002_v4.2.1_notin_complexandSVs_alldifficultregions.bed.gz	34381680
release/genome-stratifications/v3.3/GRCh38@all/GenomeSpecific/GRCh38_HG002_v4.2.1_othercomplexwithin10bp_slop50.bed.gz	145547
release/genome-stratifications/v3.3/GRCh38@all/GenomeSpecific/GRCh38_HG002_v4.2.1_snpswithin10bp_slop50.bed.gz	695963
release/genome-stratifications/v3.3/GRCh38@all/GenomeSpecific/GRCh38_HG003_v4.2.1_CNV_CCSandONT_elliptical_outlier.bed.gz	23850
release/genome-stratifications/v3.3/GRCh38@all/GenomeSpecific/GRCh38_HG003_v4.2.1_CNV_mrcanavarIllumina_CCShighcov_ONThighcov_intersection.bed.gz	3307
release/genome-stratifications/v3.3/GRCh38@all/GenomeSpecific/GRCh38_HG003_v4.2.1_CNVsandSVs.bed.gz	258503
release/genome-stratifications/v3.3/GRCh38@all/GenomeSpecific/GRCh38_HG003_v4.2.1_SV_pbsv_slop25percent.bed.gz	166825
release/genome-stratifications/v3.3/GRCh38@all/GenomeSpecific/GRCh38_HG003_v4.2.1_comphetindel10bp_slop50.bed.gz	374235
release/genome-stratifications/v3.3/GRCh38@all/GenomeSpecific/GRCh38_HG003_v4.2.1_comphetsnp10bp_slop50.bed.gz	99868
release/genome-stratifications/v3.3/GRCh38@all/GenomeSpecific/GRCh38_HG003_v4.2.1_complexandSVs.bed.gz	1743980
release/genome-stratifications/v3.3/GRCh38@all/GenomeSpecific/GRCh38_HG003_v4.2.1_complexandSVs_alldifficultregions.bed.gz	33121472
release/genome-stratifications/v3.3/GRCh38@all/GenomeSpecific/GRCh38_HG003_v4.2.1_complexindel10bp_slop50.bed.gz	122440
release/genome-stratifications/v3.3/GRCh38@all/GenomeSpecific/GRCh38_HG003_v4.2.1_notin_complexandSVs_alldifficultregions.bed.gz	34328112
release/genome-stratifications/v3.3/GRCh38@all/GenomeSpecific/GRCh38_HG003_v4.2.1_othercomplexwithin10bp_slop50.bed.gz	380138
release/genome-stratifications/v3.3/GRCh38@all/GenomeSpecific/GRCh38_HG003_v4.2.1_snpswithin10bp_slop50.bed.gz	671747
release/genome-stratifications/v3.3/GRCh38@all/GenomeSpecific/GRCh38_HG004_v4.2.1_CNV_CCSandONT_elliptical_outlier.bed.gz	22403
release/genome-stratifications/v3.3/GRCh38@all/GenomeSpecific/GRCh38_HG004_v4.2.1_CNV_mrcanavarIllumina_CCShighcov_ONThighcov_intersection.bed.gz	3281
release/genome-stratifications/v3.3/GRCh38@all/GenomeSpecific/GRCh38_HG004_v4.2.1_CNVsandSVs.bed.gz	257953
release/genome-stratifications/v3.3/GRCh38@all/GenomeSpecific/GRCh38_HG004_v4.2.1_SV_pbsv_slop25percent.bed.gz	169621
release/genome-stratifications/v3.3/GRCh38@all/GenomeSpecific/GRCh38_HG004_v4.2.1_comphetindel10bp_slop50.bed.gz	384216
release/genome-stratifications/v3.3/GRCh38@all/GenomeSpecific/GRCh38_HG004_v4.2.1_comphetsnp10bp_slop50.bed.gz	93576
release/genome-stratifications/v3.3/GRCh38@all/GenomeSpecific/GRCh38_HG004_v4.2.1_complexandSVs.bed.gz	1757051
release/genome-stratifications/v3.3/GRCh38@all/GenomeSpecific/GRCh38_HG004_v4.2.1_complexandSVs_alldifficultregions.bed.gz	33099719
release/genome-stratifications/v3.3/GRCh38@all/GenomeSpecific/GRCh38_HG004_v4.2.1_complexindel10bp_slop50.bed.gz	122831
release/genome-stratifications/v3.3/GRCh38@all/GenomeSpecific/GRCh38_HG004_v4.2.1_notin_complexandSVs_alldifficultregions.bed.gz	34304118
release/genome-stratifications/v3.3/GRCh38@all/GenomeSpecific/GRCh38_HG004_v4.2.1_othercomplexwithin10bp_slop50.bed.gz	396887
release/genome-stratifications/v3.3/GRCh38@all/GenomeSpecific/GRCh38_HG004_v4.2.1_snpswithin10bp_slop50.bed.gz	670542
release/genome-stratifications/v3.3/GRCh38@all/GenomeSpecific/GRCh38_HG005_v4.2.1_CNV_CCSandONT_elliptical_outlier.bed.gz	20419
release/genome-stratifications/v3.3/GRCh38@all/GenomeSpecific/GRCh38_HG005_v4.2.1_CNV_mrcanavarIllumina_CCShighcov_ONThighcov_intersection.bed.gz	2613
release/genome-stratifications/v3.3/GRCh38@all/GenomeSpecific/GRCh38_HG005_v4.2.1_CNVsandSVs.bed.gz	203661
release/genome-stratifications/v3.3/GRCh38@all/GenomeSpecific/GRCh38_HG005_v4.2.1_SV_pbsv_hifiasm_dipcall_svanalyzer_slop25percent.bed.gz	190428
release/genome-stratifications/v3.3/GRCh38@all/GenomeSpecific/GRCh38_HG005_v4.2.1_comphetindel10bp_slop50.bed.gz	283570
release/genome-stratifications/v3.3/GRCh38@all/GenomeSpecific/GRCh38_HG005_v4.2.1_comphetsnp10bp_slop50.bed.gz	199330
release/genome-stratifications/v3.3/GRCh38@all/GenomeSpecific/GRCh38_HG005_v4.2.1_complexandSVs.bed.gz	1527230
release/genome-stratifications/v3.3/GRCh38@all/GenomeSpecific/GRCh38_HG005_v4.2.1_complexandSVs_alldifficultregions.bed.gz	33155092
release/genome-stratifications/v3.3/GRCh38@all/GenomeSpecific/GRCh38_HG005_v4.2.1_complexindel10bp_slop50.bed.gz	154534
release/genome-stratifications/v3.3/GRCh38@all/GenomeSpecific/GRCh38_HG005_v4.2.1_inversions_slop25percent.bed.gz	580
release/genome-stratifications/v3.3/GRCh38@all/GenomeSpecific/GRCh38_HG005_v4.2.1_notin_complexandSVs_alldifficultregions.bed.gz	34368441
release/genome-stratifications/v3.3/GRCh38@all/GenomeSpecific/GRCh38_HG005_v4.2.1_othercomplexwithin10bp_slop50.bed.gz	130463
release/genome-stratifications/v3.3/GRCh38@all/GenomeSpecific/GRCh38_HG005_v4.2.1_snpswithin10bp_slop50.bed.gz	680901
release/genome-stratifications/v3.3/GRCh38@all/GenomeSpecific/GRCh38_HG006_v4.2.1_CNV_CCSandONT_elliptical_outlier.bed.gz	14698
release/genome-stratifications/v3.3/GRCh38@all/GenomeSpecific/GRCh38_HG006_v4.2.1_CNV_mrcanavarIllumina_CCShighcov_ONThighcov_intersection.bed.gz	3379
release/genome-stratifications/v3.3/GRCh38@all/GenomeSpecific/GRCh38_HG006_v4.2.1_CNVsandSVs.bed.gz	223177
release/genome-stratifications/v3.3/GRCh38@all/GenomeSpecific/GRCh38_HG006_v4.2.1_SV_pbsv_slop25percent.bed.gz	148674
release/genome-stratifications/v3.3/GRCh38@all/GenomeSpecific/GRCh38_HG006_v4.2.1_comphetindel10bp_slop50.bed.gz	255223
release/genome-stratifications/v3.3/GRCh38@all/GenomeSpecific/GRCh38_HG006_v4.2.1_comphetsnp10bp_slop50.bed.gz	116877
release/genome-stratifications/v3.3/GRCh38@all/GenomeSpecific/GRCh38_HG006_v4.2.1_complexandSVs.bed.gz	1493931
release/genome-stratifications/v3.3/GRCh38@all/GenomeSpecific/GRCh38_HG006_v4.2.1_complexandSVs_alldifficultregions.bed.gz	33149967
release/genome-stratifications/v3.3/GRCh38@all/GenomeSpecific/GRCh38_HG006_v4.2.1_complexindel10bp_slop50.bed.gz	99910
release/genome-stratifications/v3.3/GRCh38@all/GenomeSpecific/GRCh38_HG006_v4.2.1_notin_complexandSVs_alldifficultregions.bed.gz	34363649
release/genome-stratifications/v3.3/GRCh38@all/GenomeSpecific/GRCh38_HG006_v4.2.1_othercomplexwithin10bp_slop50.bed.gz	260179
release/genome-stratifications/v3.3/GRCh38@all/GenomeSpecific/GRCh38_HG006_v4.2.1_snpswithin10bp_slop50.bed.gz	662187
release/genome-stratifications/v3.3/GRCh38@all/GenomeSpecific/GRCh38_HG007_v4.2.1_CNV_CCSandONT_elliptical_outlier.bed.gz	14627
release/genome-stratifications/v3.3/GRCh38@all/GenomeSpecific/GRCh38_HG007_v4.2.1_CNV_mrcanavarIllumina_CCShighcov_ONThighcov_intersection.bed.gz	4201
release/genome-stratifications/v3.3/GRCh38@all/GenomeSpecific/GRCh38_HG007_v4.2.1_CNVsandSVs.bed.gz	221507
release/genome-stratifications/v3.3/GRCh38@all/GenomeSpecific/GRCh38_HG007_v4.2.1_SV_pbsv_slop25percent.bed.gz	148504
release/genome-stratifications/v3.3/GRCh38@all/GenomeSpecific/GRCh38_HG007_v4.2.1_comphetindel10bp_slop50.bed.gz	257592
release/genome-stratifications/v3.3/GRCh38@all/GenomeSpecific/GRCh38_HG007_v4.2.1_comphetsnp10bp_slop50.bed.gz	115822
release/genome-stratifications/v3.3/GRCh38@all/GenomeSpecific/GRCh38_HG007_v4.2.1_complexandSVs.bed.gz	1504389
release/genome-stratifications/v3.3/GRCh38@all/GenomeSpecific/GRCh38_HG007_v4.2.1_complexandSVs_alldifficultregions.bed.gz	33169426
release/genome-stratifications/v3.3/GRCh38@all/GenomeSpecific/GRCh38_HG007_v4.2.1_complexindel10bp_slop50.bed.gz	101237
release/genome-stratifications/v3.3/GRCh38@all/GenomeSpecific/GRCh38_HG007_v4.2.1_notin_complexandSVs_alldifficultregions.bed.gz	34383704
release/genome-stratifications/v3.3/GRCh38@all/GenomeSpecific/GRCh38_HG007_v4.2.1_othercomplexwithin10bp_slop50.bed.gz	266309
release/genome-stratifications/v3.3/GRCh38@all/GenomeSpecific/GRCh38_HG007_v4.2.1_snpswithin10bp_slop50.bed.gz	664283
release/genome-stratifications/v3.3/GRCh38@all/LowComplexity/GRCh38_AllHomopolymers_ge7bp_imperfectge11bp_slop5.bed.gz	24627575
release/genome-stratifications/v3.3/GRCh38@all/LowComplexity/GRCh38_AllTandemRepeats.bed.gz	9227923
release/genome-stratifications/v3.3/GRCh38@all/LowComplexity/GRCh38_AllTandemRepeats_201to10000bp_slop5.bed.gz	871553
release/genome-stratifications/v3.3/GRCh38@all/LowComplexity/GRCh38_AllTandemRepeats_51to200bp_slop5.bed.gz	2251688
release/genome-stratifications/v3.3/GRCh38@all/LowComplexity/GRCh38_AllTandemRepeats_ge10001bp_slop5.bed.gz	130540
release/genome-stratifications/v3.3/GRCh38@all/LowComplexity/GRCh38_AllTandemRepeats_ge101bp_slop5.bed.gz	1564741
release/genome-stratifications/v3.3/GRCh38@all/LowComplexity/GRCh38_AllTandemRepeats_le50bp_slop5.bed.gz	6032594
release/genome-stratifications/v3.3/GRCh38@all/LowComplexity/GRCh38_AllTandemRepeatsandHomopolymers_slop5.bed.gz	30355634
release/genome-stratifications/v3.3/GRCh38@all/LowComplexity/GRCh38_SimpleRepeat_diTR_10to49_slop5.bed.gz	3118493
release/genome-stratifications/v3.3/GRCh38@all/LowComplexity/GRCh38_SimpleRepeat_diTR_50to149_slop5.bed.gz	35908
release/genome-stratifications/v3.3/GRCh38@all/LowComplexity/GRCh38_SimpleRepeat_diTR_ge150_slop5.bed.gz	108
release/genome-stratifications/v3.3/GRCh38@all/LowComplexity/GRCh38_SimpleRepeat_homopolymer_4to6_AT_slop5.bed.gz	209045103
release/genome-stratifications/v3.3/GRCh38@all/LowComplexity/GRCh38_SimpleRepeat_homopolymer_4to6_GC_slop5.bed.gz	74201311
release/genome-stratifications/v3.3/GRCh38@all/LowComplexity/GRCh38_SimpleRepeat_homopolymer_4to6_slop5.bed.gz	257842038
release/genome-stratifications/v3.3/GRCh38@all/LowComplexity/GRCh38_SimpleRepeat_homopolymer_7to11_AT_slop5.bed.gz	16821586
release/genome-stratifications/v3.3/GRCh38@all/LowComplexity/GRCh38_SimpleRepeat_homopolymer_7to11_GC_slop5.bed.gz	653965
release/genome-stratifications/v3.3/GRCh38@all/LowComplexity/GRCh38_SimpleRepeat_homopolymer_7to11_slop5.bed.gz	17430137
release/genome-stratifications/v3.3/GRCh38@all/LowComplexity/GRCh38_SimpleRepeat_homopolymer_ge12_AT_slop5.bed.gz	4369984
release/genome-stratifications/v3.3/GRCh38@all/LowComplexity/GRCh38_SimpleRepeat_homopolymer_ge12_GC_slop5.bed.gz	24063
release/genome-stratifications/v3.3/GRCh38@all/LowComplexity/GRCh38_SimpleRepeat_homopolymer_ge12_slop5.bed.gz	4392005
release/genome-stratifications/v3.3/GRCh38@all/LowComplexity/GRCh38_SimpleRepeat_homopolymer_ge21_AT_slop5.bed.gz	944955
release/genome-stratifications/v3.3/GRCh38@all/LowComplexity/GRCh38_SimpleRepeat_homopolymer_ge21_GC_slop5.bed.gz	591
release/genome-stratifications/v3.3/GRCh38@all/LowComplexity/GRCh38_SimpleRepeat_homopolymer_ge21_slop5.bed.gz	945404
release/genome-stratifications/v3.3/GRCh38@all/LowComplexity/GRCh38_SimpleRepeat_imperfecthomopolge11_AT_slop5.bed.gz	10220696
release/genome-stratifications/v3.3/GRCh38@all/LowComplexity/GRCh38_SimpleRepeat_imperfecthomopolge11_GC_slop5.bed.gz	701638
release/genome-stratifications/v3.3/GRCh38@all/LowComplexity/GRCh38_SimpleRepeat_imperfecthomopolge11_slop5.bed.gz	10903588
release/genome-stratifications/v3.3/GRCh38@all/LowComplexity/GRCh38_SimpleRepeat_imperfecthomopolge21_AT_slop5.bed.gz	1966251
release/genome-stratifications/v3.3/GRCh38@all/LowComplexity/GRCh38_SimpleRepeat_imperfecthomopolge21_GC_slop5.bed.gz	24668
release/genome-stratifications/v3.3/GRCh38@all/LowComplexity/GRCh38_SimpleRepeat_imperfecthomopolge21_slop5.bed.gz	1988211
release/genome-stratifications/v3.3/GRCh38@all/LowComplexity/GRCh38_SimpleRepeat_quadTR_19to49_slop5.bed.gz	767733
release/genome-stratifications/v3.3/GRCh38@all/LowComplexity/GRCh38_SimpleRepeat_quadTR_50to149_slop5.bed.gz	65385
release/genome-stratifications/v3.3/GRCh38@all/LowComplexity/GRCh38_SimpleRepeat_quadTR_ge150_slop5.bed.gz	222
release/genome-stratifications/v3.3/GRCh38@all/LowComplexity/GRCh38_SimpleRepeat_triTR_14to49_slop5.bed.gz	679309
release/genome-stratifications/v3.3/GRCh38@all/LowComplexity/GRCh38_SimpleRepeat_triTR_50to149_slop5.bed.gz	5942
release/genome-stratifications/v3.3/GRCh38@all/LowComplexity/GRCh38_SimpleRepeat_triTR_ge150_slop5.bed.gz	167
release/genome-stratifications/v3.3/GRCh38@all/LowComplexity/GRCh38_notinAllHomopolymers_ge7bp_imperfectge11bp_slop5.bed.gz	26272095
release/genome-stratifications/v3.3/GRCh38@all/LowComplexity/GRCh38_notinAllTandemRepeatsandHomopolymers_slop5.bed.gz	31910026
release/genome-stratifications/v3.3/GRCh38@all/LowComplexity/GRCh38_notinallTandemRepeats.bed.gz	10074360
release/genome-stratifications/v3.3/GRCh38@all/LowComplexity/GRCh38_notinsatellites_slop5.bed.gz	46798
release/genome-stratifications/v3.3/GRCh38@all/LowComplexity/GRCh38_satellites_slop5.bed.gz	47275
release/genome-stratifications/v3.3/GRCh38@all/Mappability/GRCh38_lowmappabilityall.bed.gz	4871989
release/genome-stratifications/v3.3/GRCh38@all/Mappability/GRCh38_nonunique_l100_m2_e1.bed.gz	4872384
release/genome-stratifications/v3.3/GRCh38@all/Mappability/GRCh38_nonunique_l250_m0_e0.bed.gz	1229670
release/genome-stratifications/v3.3/GRCh38@all/Mappability/GRCh38_notinlowmappabilityall.bed.gz	4877289
release/genome-stratifications/v3.3/GRCh38@all/OtherDifficult/GRCh38_KIR.bed.gz	78
release/genome-stratifications/v3.3/GRCh38@all/OtherDifficult/GRCh38_L1H_gt500.bed.gz	10056
release/genome-stratifications/v3.3/GRCh38@all/OtherDifficult/GRCh38_LD_discordant_haplotypes_slop5bp.bed.gz	13634
release/genome-stratifications/v3.3/GRCh38@all/OtherDifficult/GRCh38_MHC.bed.gz	80
release/genome-stratifications/v3.3/GRCh38@all/OtherDifficult/GRCh38_VDJ.bed.gz	165
release/genome-stratifications/v3.3/GRCh38@all/OtherDifficult/GRCh38_allOtherDifficultregions.bed.gz	371968
release/genome-stratifications/v3.3/GRCh38@all/OtherDifficult/GRCh38_collapsed_duplication_FP_regions.bed.gz	1743
release/genome-stratifications/v3.3/GRCh38@all/OtherDifficult/GRCh38_contigs_lt500kb.bed.gz	3264
release/genome-stratifications/v3.3/GRCh38@all/OtherDifficult/GRCh38_false_duplications_correct_copy.bed.gz	205
release/genome-stratifications/v3.3/GRCh38@all/OtherDifficult/GRCh38_false_duplications_incorrect_copy.bed.gz	181
release/genome-stratifications/v3.3/GRCh38@all/OtherDifficult/GRCh38_gaps_slop15kb.bed.gz	6976
release/genome-stratifications/v3.3/GRCh38@all/OtherDifficult/GRCh38_gnomAD_InbreedingCoeff_slop1bp_merge1000bp.bed.gz	376553
release/genome-stratifications/v3.3/GRCh38@all/OtherDifficult/GRCh38_population_CNV_FP_regions.bed.gz	4612
release/genome-stratifications/v3.3/GRCh38@all/SegmentalDuplications/GRCh38_notinsegdups.bed.gz	68070
release/genome-stratifications/v3.3/GRCh38@all/SegmentalDuplications/GRCh38_notinsegdups_gt10kb.bed.gz	19233
release/genome-stratifications/v3.3/GRCh38@all/SegmentalDuplications/GRCh38_segdups.bed.gz	65091
release/genome-stratifications/v3.3/GRCh38@all/SegmentalDuplications/GRCh38_segdups_gt10kb.bed.gz	16936
release/genome-stratifications/v3.3/GRCh38@all/Union/GRCh38_alldifficultregions.bed.gz	31491634
release/genome-stratifications/v3.3/GRCh38@all/Union/GRCh38_alllowmapandsegdupregions.bed.gz	3513432
release/genome-stratifications/v3.3/GRCh38@all/Union/GRCh38_notinalldifficultregions.bed.gz	32737709
release/genome-stratifications/v3.3/GRCh38@all/Union/GRCh38_notinalllowmapandsegdupregions.bed.gz	3898133
release/genome-stratifications/v3.3/GRCh38@all/XY/GRCh38_AllAutosomes.bed.gz	4237
release/genome-stratifications/v3.3/GRCh38@all/XY/GRCh38_chrX_PAR.bed.gz	137
release/genome-stratifications/v3.3/GRCh38@all/XY/GRCh38_chrX_XTR.bed.gz	80
release/genome-stratifications/v3.3/GRCh38@all/XY/GRCh38_chrX_ampliconic.bed.gz	212
release/genome-stratifications/v3.3/GRCh38@all/XY/GRCh38_chrX_nonPAR.bed.gz	190
release/genome-stratifications/v3.3/GRCh38@all/XY/GRCh38_chrY_PAR.bed.gz	137
release/genome-stratifications/v3.3/GRCh38@all/XY/GRCh38_chrY_XTR.bed.gz	98
release/genome-stratifications/v3.3/GRCh38@all/XY/GRCh38_chrY_ampliconic.bed.gz	223
release/genome-stratifications/v3.3/GRCh38@all/XY/GRCh38_chrY_nonPAR.bed.gz	473
release/genome-stratifications/v3.3/README.md	7206
release/genome-stratifications/v3.3/genome-stratifications-CHM13@all.tar.gz	941999155
release/genome-stratifications/v3.3/genome-stratifications-GRCh37@all.tar.gz	1427575081
release/genome-stratifications/v3.3/genome-stratifications-GRCh38@all.tar.gz	1412306619
release/genome-stratifications/v3.3/genome-stratifications-md5s.txt	50554
release/genome-stratifications/v3.3/validation/CHM13@all/LowComplexity_CHM13_AllTandemRepeats.bed.gz	8286403
release/genome-stratifications/v3.3/validation/CHM13@all/LowComplexity_CHM13_AllTandemRepeats_201to10000bp_slop5.bed.gz	1172384
release/genome-stratifications/v3.3/validation/CHM13@all/LowComplexity_CHM13_AllTandemRepeats_51to200bp_slop5.bed.gz	2664257
release/genome-stratifications/v3.3/validation/CHM13@all/LowComplexity_CHM13_AllTandemRepeats_ge10001bp_slop5.bed.gz	7544
release/genome-stratifications/v3.3/validation/CHM13@all/LowComplexity_CHM13_AllTandemRepeats_ge101bp_slop5.bed.gz	1837887
release/genome-stratifications/v3.3/validation/CHM13@all/LowComplexity_CHM13_AllTandemRepeats_le50bp_slop5.bed.gz	5009488
release/genome-stratifications/v3.3/validation/CHM13@all/LowComplexity_CHM13_AllTandemRepeatsandHomopolymers_slop5.bed.gz	8276656
release/genome-stratifications/v3.3/validation/CHM13@all/LowComplexity_CHM13_notinAllTandemRepeatsandHomopolymers_slop5.bed.gz	8295573
release/genome-stratifications/v3.3/validation/CHM13@all/LowComplexity_CHM13_notinallTandemRepeats.bed.gz	8314993
release/genome-stratifications/v3.3/validation/CHM13@all/Mappability_CHM13_lowmappabilityall.bed.gz	828
release/genome-stratifications/v3.3/validation/CHM13@all/Mappability_CHM13_nonunique_l100_m2_e1.bed.gz	838
release/genome-stratifications/v3.3/validation/CHM13@all/Mappability_CHM13_notinlowmappabilityall.bed.gz	839
release/genome-stratifications/v3.3/validation/CHM13@all/Union_CHM13_alldifficultregions.bed.gz	6423920
release/genome-stratifications/v3.3/validation/CHM13@all/Union_CHM13_alllowmapandsegdupregions.bed.gz	699
release/genome-stratifications/v3.3/validation/CHM13@all/Union_CHM13_notinalldifficultregions.bed.gz	6522141
release/genome-stratifications/v3.3/validation/CHM13@all/Union_CHM13_notinalllowmapandsegdupregions.bed.gz	711
release/genome-stratifications/v3.3/validation/CHM13@all/diagnostics.tsv	11830
release/genome-stratifications/v3.3/validation/GRCh37@all/diagnostics.tsv	29558
release/genome-stratifications/v3.3/validation/GRCh38@all/diagnostics.tsv	30621
release/genome-stratifications/v3.3/validation/README.md	3044
release/genome-stratifications/v3.3/validation/benchmark_summary.html	5023023
release/genome-stratifications/v3.3/validation/coverage_plots.html	30090604
release/genome-stratifications/v3.4/CHM13@all/CHM13-all-stratifications.tsv	6024
release/genome-stratifications/v3.4/CHM13@all/CHM13-genome-stratifications-md5s.txt	6738
release/genome-stratifications/v3.4/CHM13@all/Functional/CHM13_notinrefseq_cds.bed.gz	1523029
release/genome-stratifications/v3.4/CHM13@all/Functional/CHM13_refseq_cds.bed.gz	1391965
release/genome-stratifications/v3.4/CHM13@all/GCcontent/CHM13_gc15_slop50.bed.gz	210534
release/genome-stratifications/v3.4/CHM13@all/GCcontent/CHM13_gc15to20_slop50.bed.gz	626417
release/genome-stratifications/v3.4/CHM13@all/GCcontent/CHM13_gc20to25_slop50.bed.gz	3549757
release/genome-stratifications/v3.4/CHM13@all/GCcontent/CHM13_gc25to30_slop50.bed.gz	11115845
release/genome-stratifications/v3.4/CHM13@all/GCcontent/CHM13_gc30to55_slop50.bed.gz	17537008
release/genome-stratifications/v3.4/CHM13@all/GCcontent/CHM13_gc55to60_slop50.bed.gz	8117100
release/genome-stratifications/v3.4/CHM13@all/GCcontent/CHM13_gc60to65_slop50.bed.gz	3311738
release/genome-stratifications/v3.4/CHM13@all/GCcontent/CHM13_gc65to70_slop50.bed.gz	1164113
release/genome-stratifications/v3.4/CHM13@all/GCcontent/CHM13_gc70to75_slop50.bed.gz	448667
release/genome-stratifications/v3.4/CHM13@all/GCcontent/CHM13_gc75to80_slop50.bed.gz	208519
release/genome-stratifications/v3.4/CHM13@all/GCcontent/CHM13_gc80to85_slop50.bed.gz	99874
release/genome-stratifications/v3.4/CHM13@all/GCcontent/CHM13_gc85_slop50.bed.gz	27661
release/genome-stratifications/v3.4/CHM13@all/GCcontent/CHM13_gclt25orgt65_slop50.bed.gz	4570724
release/genome-stratifications/v3.4/CHM13@all/GCcontent/CHM13_gclt30orgt55_slop50.bed.gz	17418330
release/genome-stratifications/v3.4/CHM13@all/LowComplexity/CHM13_AllHomopolymers_ge7bp_imperfectge11bp_slop5.bed.gz	25221911
release/genome-stratifications/v3.4/CHM13@all/LowComplexity/CHM13_AllTandemRepeats.bed.gz	10198051
release/genome-stratifications/v3.4/CHM13@all/LowComplexity/CHM13_AllTandemRepeats_201to10000bp_slop5.bed.gz	896114
release/genome-stratifications/v3.4/CHM13@all/LowComplexity/CHM13_AllTandemRepeats_51to200bp_slop5.bed.gz	2379694
release/genome-stratifications/v3.4/CHM13@all/LowComplexity/CHM13_AllTandemRepeats_ge10001bp_slop5.bed.gz	612248
release/genome-stratifications/v3.4/CHM13@all/LowComplexity/CHM13_AllTandemRepeats_ge101bp_slop5.bed.gz	2092920
release/genome-stratifications/v3.4/CHM13@all/LowComplexity/CHM13_AllTandemRepeats_le50bp_slop5.bed.gz	6367292
release/genome-stratifications/v3.4/CHM13@all/LowComplexity/CHM13_AllTandemRepeatsandHomopolymers_slop5.bed.gz	30517968
release/genome-stratifications/v3.4/CHM13@all/LowComplexity/CHM13_SimpleRepeat_diTR_10to49_slop5.bed.gz	3446879
release/genome-stratifications/v3.4/CHM13@all/LowComplexity/CHM13_SimpleRepeat_diTR_50to149_slop5.bed.gz	35433
release/genome-stratifications/v3.4/CHM13@all/LowComplexity/CHM13_SimpleRepeat_diTR_ge150_slop5.bed.gz	82
release/genome-stratifications/v3.4/CHM13@all/LowComplexity/CHM13_SimpleRepeat_homopolymer_4to6_AT_slop5.bed.gz	216737816
release/genome-stratifications/v3.4/CHM13@all/LowComplexity/CHM13_SimpleRepeat_homopolymer_4to6_GC_slop5.bed.gz	76928400
release/genome-stratifications/v3.4/CHM13@all/LowComplexity/CHM13_SimpleRepeat_homopolymer_4to6_slop5.bed.gz	267684919
release/genome-stratifications/v3.4/CHM13@all/LowComplexity/CHM13_SimpleRepeat_homopolymer_7to11_AT_slop5.bed.gz	17258663
release/genome-stratifications/v3.4/CHM13@all/LowComplexity/CHM13_SimpleRepeat_homopolymer_7to11_GC_slop5.bed.gz	711194
release/genome-stratifications/v3.4/CHM13@all/LowComplexity/CHM13_SimpleRepeat_homopolymer_7to11_slop5.bed.gz	17922925
release/genome-stratifications/v3.4/CHM13@all/LowComplexity/CHM13_SimpleRepeat_homopolymer_ge12_AT_slop5.bed.gz	4411475
release/genome-stratifications/v3.4/CHM13@all/LowComplexity/CHM13_SimpleRepeat_homopolymer_ge12_GC_slop5.bed.gz	29831
release/genome-stratifications/v3.4/CHM13@all/LowComplexity/CHM13_SimpleRepeat_homopolymer_ge12_slop5.bed.gz	4436696
release/genome-stratifications/v3.4/CHM13@all/LowComplexity/CHM13_SimpleRepeat_homopolymer_ge21_AT_slop5.bed.gz	957566
release/genome-stratifications/v3.4/CHM13@all/LowComplexity/CHM13_SimpleRepeat_homopolymer_ge21_GC_slop5.bed.gz	1260
release/genome-stratifications/v3.4/CHM13@all/LowComplexity/CHM13_SimpleRepeat_homopolymer_ge21_slop5.bed.gz	958633
release/genome-stratifications/v3.4/CHM13@all/LowComplexity/CHM13_SimpleRepeat_imperfecthomopolge11_AT_slop5.bed.gz	10320003
release/genome-stratifications/v3.4/CHM13@all/LowComplexity/CHM13_SimpleRepeat_imperfecthomopolge11_GC_slop5.bed.gz	751720
release/genome-stratifications/v3.4/CHM13@all/LowComplexity/CHM13_SimpleRepeat_imperfecthomopolge11_slop5.bed.gz	11047270
release/genome-stratifications/v3.4/CHM13@all/LowComplexity/CHM13_SimpleRepeat_imperfecthomopolge21_AT_slop5.bed.gz	1988153
release/genome-stratifications/v3.4/CHM13@all/LowComplexity/CHM13_SimpleRepeat_imperfecthomopolge21_GC_slop5.bed.gz	30776
release/genome-stratifications/v3.4/CHM13@all/LowComplexity/CHM13_SimpleRepeat_imperfecthomopolge21_slop5.bed.gz	2017825
release/genome-stratifications/v3.4/CHM13@all/LowComplexity/CHM13_SimpleRepeat_quadTR_19to49_slop5.bed.gz	821810
release/genome-stratifications/v3.4/CHM13@all/LowComplexity/CHM13_SimpleRepeat_quadTR_50to149_slop5.bed.gz	71580
release/genome-stratifications/v3.4/CHM13@all/LowComplexity/CHM13_SimpleRepeat_quadTR_ge150_slop5.bed.gz	184
release/genome-stratifications/v3.4/CHM13@all/LowComplexity/CHM13_SimpleRepeat_triTR_14to49_slop5.bed.gz	720227
release/genome-stratifications/v3.4/CHM13@all/LowComplexity/CHM13_SimpleRepeat_triTR_50to149_slop5.bed.gz	8391
release/genome-stratifications/v3.4/CHM13@all/LowComplexity/CHM13_SimpleRepeat_triTR_ge150_slop5.bed.gz	161
release/genome-stratifications/v3.4/CHM13@all/LowComplexity/CHM13_notinAllHomopolymers_ge7bp_imperfectge11bp_slop5.bed.gz	26909491
release/genome-stratifications/v3.4/CHM13@all/LowComplexity/CHM13_notinAllTandemRepeatsandHomopolymers_slop5.bed.gz	32076372
release/genome-stratifications/v3.4/CHM13@all/LowComplexity/CHM13_notinallTandemRepeats.bed.gz	11043934
release/genome-stratifications/v3.4/CHM13@all/LowComplexity/CHM13_notinsatellites_slop5.bed.gz	8211
release/genome-stratifications/v3.4/CHM13@all/LowComplexity/CHM13_satellites_slop5.bed.gz	7977
release/genome-stratifications/v3.4/CHM13@all/Mappability/CHM13_lowmappabilityall.bed.gz	4599389
release/genome-stratifications/v3.4/CHM13@all/Mappability/CHM13_nonunique_l100_m2_e1.bed.gz	4599385
release/genome-stratifications/v3.4/CHM13@all/Mappability/CHM13_nonunique_l250_m0_e0.bed.gz	1708906
release/genome-stratifications/v3.4/CHM13@all/Mappability/CHM13_notinlowmappabilityall.bed.gz	5011722
release/genome-stratifications/v3.4/CHM13@all/OtherDifficult/CHM13_KIR.bed.gz	83
release/genome-stratifications/v3.4/CHM13@all/OtherDifficult/CHM13_MHC.bed.gz	82
release/genome-stratifications/v3.4/CHM13@all/OtherDifficult/CHM13_VDJ.bed.gz	144
release/genome-stratifications/v3.4/CHM13@all/OtherDifficult/CHM13_rDNA.bed.gz	127
release/genome-stratifications/v3.4/CHM13@all/SegmentalDuplications/CHM13_notinsegdups.bed.gz	59593
release/genome-stratifications/v3.4/CHM13@all/SegmentalDuplications/CHM13_notinsegdups_gt10kb.bed.gz	12306
release/genome-stratifications/v3.4/CHM13@all/SegmentalDuplications/CHM13_segdups.bed.gz	58160
release/genome-stratifications/v3.4/CHM13@all/SegmentalDuplications/CHM13_segdups_gt10kb.bed.gz	12389
release/genome-stratifications/v3.4/CHM13@all/Telomere/CHM13_telomeres.bed.gz	415
release/genome-stratifications/v3.4/CHM13@all/Union/CHM13_alldifficultregions.bed.gz	31511342
release/genome-stratifications/v3.4/CHM13@all/Union/CHM13_alllowmapandsegdupregions.bed.gz	3564854
release/genome-stratifications/v3.4/CHM13@all/Union/CHM13_notinalldifficultregions.bed.gz	32761068
release/genome-stratifications/v3.4/CHM13@all/Union/CHM13_notinalllowmapandsegdupregions.bed.gz	3954153
release/genome-stratifications/v3.4/CHM13@all/XY/CHM13_AllAutosomes.bed.gz	237
release/genome-stratifications/v3.4/CHM13@all/XY/CHM13_chrX_PAR.bed.gz	94
release/genome-stratifications/v3.4/CHM13@all/XY/CHM13_chrX_XTR.bed.gz	82
release/genome-stratifications/v3.4/CHM13@all/XY/CHM13_chrX_nonPAR.bed.gz	82
release/genome-stratifications/v3.4/CHM13@all/XY/CHM13_chrY_PAR.bed.gz	93
release/genome-stratifications/v3.4/CHM13@all/XY/CHM13_chrY_XTR.bed.gz	95
release/genome-stratifications/v3.4/CHM13@all/XY/CHM13_chrY_nonPAR.bed.gz	81
release/genome-stratifications/v3.4/GRCh37@all/Functional/GRCh37_notinrefseq_cds.bed.gz	1491373
release/genome-stratifications/v3.4/GRCh37@all/Functional/GRCh37_refseq_cds.bed.gz	1352548
release/genome-stratifications/v3.4/GRCh37@all/FunctionalTechnicallyDifficult/GRCh37_BadPromoters.bed.gz	7631
release/genome-stratifications/v3.4/GRCh37@all/FunctionalTechnicallyDifficult/GRCh37_CMRGv1.00_duplicationinKMT2C.bed.gz	81
release/genome-stratifications/v3.4/GRCh37@all/FunctionalTechnicallyDifficult/GRCh37_CMRGv1.00_falselyduplicatedgenes.bed.gz	89
release/genome-stratifications/v3.4/GRCh37@all/GCcontent/GRCh37_gc15_slop50.bed.gz	119839
release/genome-stratifications/v3.4/GRCh37@all/GCcontent/GRCh37_gc15to20_slop50.bed.gz	468506
release/genome-stratifications/v3.4/GRCh37@all/GCcontent/GRCh37_gc20to25_slop50.bed.gz	3324592
release/genome-stratifications/v3.4/GRCh37@all/GCcontent/GRCh37_gc25to30_slop50.bed.gz	10812042
release/genome-stratifications/v3.4/GRCh37@all/GCcontent/GRCh37_gc30to55_slop50.bed.gz	17006972
release/genome-stratifications/v3.4/GRCh37@all/GCcontent/GRCh37_gc55to60_slop50.bed.gz	7788172
release/genome-stratifications/v3.4/GRCh37@all/GCcontent/GRCh37_gc60to65_slop50.bed.gz	3123713
release/genome-stratifications/v3.4/GRCh37@all/GCcontent/GRCh37_gc65to70_slop50.bed.gz	1055509
release/genome-stratifications/v3.4/GRCh37@all/GCcontent/GRCh37_gc70to75_slop50.bed.gz	384056
release/genome-stratifications/v3.4/GRCh37@all/GCcontent/GRCh37_gc75to80_slop50.bed.gz	165497
release/genome-stratifications/v3.4/GRCh37@all/GCcontent/GRCh37_gc80to85_slop50.bed.gz	68415
release/genome-stratifications/v3.4/GRCh37@all/GCcontent/GRCh37_gc85_slop50.bed.gz	14865
release/genome-stratifications/v3.4/GRCh37@all/GCcontent/GRCh37_gclt25orgt65_slop50.bed.gz	4341950
release/genome-stratifications/v3.4/GRCh37@all/GCcontent/GRCh37_gclt30orgt55_slop50.bed.gz	16895012
release/genome-stratifications/v3.4/GRCh37@all/GRCh37-all-stratifications.tsv	17141
release/genome-stratifications/v3.4/GRCh37@all/GRCh37-genome-stratifications-md5s.txt	17250
release/genome-stratifications/v3.4/GRCh37@all/GenomeSpecific/GRCh37_HG001_v4.2.1_CNV_CCSandONT_elliptical_outlier.bed.gz	27197
release/genome-stratifications/v3.4/GRCh37@all/GenomeSpecific/GRCh37_HG001_v4.2.1_CNV_mrcanavarIllumina_CCShighcov_ONThighcov_intersection.bed.gz	4056
release/genome-stratifications/v3.4/GRCh37@all/GenomeSpecific/GRCh37_HG001_v4.2.1_CNVsandSVs.bed.gz	178151
release/genome-stratifications/v3.4/GRCh37@all/GenomeSpecific/GRCh37_HG001_v4.2.1_SV_pbsv_hifiasm_dipcall_svanalyzer_slop25percent.bed.gz	155119
release/genome-stratifications/v3.4/GRCh37@all/GenomeSpecific/GRCh37_HG001_v4.2.1_comphetindel10bp_slop50.bed.gz	327271
release/genome-stratifications/v3.4/GRCh37@all/GenomeSpecific/GRCh37_HG001_v4.2.1_comphetsnp10bp_slop50.bed.gz	168166
release/genome-stratifications/v3.4/GRCh37@all/GenomeSpecific/GRCh37_HG001_v4.2.1_complexandSVs.bed.gz	1428395
release/genome-stratifications/v3.4/GRCh37@all/GenomeSpecific/GRCh37_HG001_v4.2.1_complexandSVs_alldifficultregions.bed.gz	34213960
release/genome-stratifications/v3.4/GRCh37@all/GenomeSpecific/GRCh37_HG001_v4.2.1_complexindel10bp_slop50.bed.gz	141075
release/genome-stratifications/v3.4/GRCh37@all/GenomeSpecific/GRCh37_HG001_v4.2.1_inversions_slop25percent.bed.gz	522
release/genome-stratifications/v3.4/GRCh37@all/GenomeSpecific/GRCh37_HG001_v4.2.1_notin_complexandSVs_alldifficultregions.bed.gz	35435198
release/genome-stratifications/v3.4/GRCh37@all/GenomeSpecific/GRCh37_HG001_v4.2.1_othercomplexwithin10bp_slop50.bed.gz	112783
release/genome-stratifications/v3.4/GRCh37@all/GenomeSpecific/GRCh37_HG001_v4.2.1_snpswithin10bp_slop50.bed.gz	579995
release/genome-stratifications/v3.4/GRCh37@all/GenomeSpecific/GRCh37_HG002_hifiasmv0.11_ComplexVar_in_TRgt100.bed.gz	311373
release/genome-stratifications/v3.4/GRCh37@all/GenomeSpecific/GRCh37_HG002_v4.2.1_CNV_CCSandONT_elliptical_outlier.bed.gz	15794
release/genome-stratifications/v3.4/GRCh37@all/GenomeSpecific/GRCh37_HG002_v4.2.1_CNV_gt2assemblycontigs_ONTCanu_ONTFlye_CCSCanu.bed.gz	3219
release/genome-stratifications/v3.4/GRCh37@all/GenomeSpecific/GRCh37_HG002_v4.2.1_CNV_mrcanavarIllumina_CCShighcov_ONThighcov_intersection.bed.gz	4261
release/genome-stratifications/v3.4/GRCh37@all/GenomeSpecific/GRCh37_HG002_v4.2.1_CNVsandSVs.bed.gz	197420
release/genome-stratifications/v3.4/GRCh37@all/GenomeSpecific/GRCh37_HG002_v4.2.1_Tier1plusTier2_v0.6.1.bed.gz	183006
release/genome-stratifications/v3.4/GRCh37@all/GenomeSpecific/GRCh37_HG002_v4.2.1_Tier1plusTier2_v0.6.1_slop25percent.bed.gz	185363
release/genome-stratifications/v3.4/GRCh37@all/GenomeSpecific/GRCh37_HG002_v4.2.1_comphetindel10bp_slop50.bed.gz	363996
release/genome-stratifications/v3.4/GRCh37@all/GenomeSpecific/GRCh37_HG002_v4.2.1_comphetsnp10bp_slop50.bed.gz	182463
release/genome-stratifications/v3.4/GRCh37@all/GenomeSpecific/GRCh37_HG002_v4.2.1_complexandSVs.bed.gz	1532543
release/genome-stratifications/v3.4/GRCh37@all/GenomeSpecific/GRCh37_HG002_v4.2.1_complexandSVs_alldifficultregions.bed.gz	34218544
release/genome-stratifications/v3.4/GRCh37@all/GenomeSpecific/GRCh37_HG002_v4.2.1_complexindel10bp_slop50.bed.gz	154222
release/genome-stratifications/v3.4/GRCh37@all/GenomeSpecific/GRCh37_HG002_v4.2.1_inversions_slop25percent.bed.gz	467
release/genome-stratifications/v3.4/GRCh37@all/GenomeSpecific/GRCh37_HG002_v4.2.1_notin_complexandSVs_alldifficultregions.bed.gz	35440391
release/genome-stratifications/v3.4/GRCh37@all/GenomeSpecific/GRCh37_HG002_v4.2.1_othercomplexwithin10bp_slop50.bed.gz	121566
release/genome-stratifications/v3.4/GRCh37@all/GenomeSpecific/GRCh37_HG002_v4.2.1_snpswithin10bp_slop50.bed.gz	598130
release/genome-stratifications/v3.4/GRCh37@all/GenomeSpecific/GRCh37_HG003_v4.2.1_CNV_CCSandONT_elliptical_outlier.bed.gz	20500
release/genome-stratifications/v3.4/GRCh37@all/GenomeSpecific/GRCh37_HG003_v4.2.1_CNV_mrcanavarIllumina_CCShighcov_ONThighcov_intersection.bed.gz	3992
release/genome-stratifications/v3.4/GRCh37@all/GenomeSpecific/GRCh37_HG003_v4.2.1_CNVsandSVs.bed.gz	223479
release/genome-stratifications/v3.4/GRCh37@all/GenomeSpecific/GRCh37_HG003_v4.2.1_SV_pbsv_slop25percent.bed.gz	142249
release/genome-stratifications/v3.4/GRCh37@all/GenomeSpecific/GRCh37_HG003_v4.2.1_comphetindel10bp_slop50.bed.gz	314508
release/genome-stratifications/v3.4/GRCh37@all/GenomeSpecific/GRCh37_HG003_v4.2.1_comphetsnp10bp_slop50.bed.gz	86009
release/genome-stratifications/v3.4/GRCh37@all/GenomeSpecific/GRCh37_HG003_v4.2.1_complexandSVs.bed.gz	1520480
release/genome-stratifications/v3.4/GRCh37@all/GenomeSpecific/GRCh37_HG003_v4.2.1_complexandSVs_alldifficultregions.bed.gz	34161952
release/genome-stratifications/v3.4/GRCh37@all/GenomeSpecific/GRCh37_HG003_v4.2.1_complexindel10bp_slop50.bed.gz	102793
release/genome-stratifications/v3.4/GRCh37@all/GenomeSpecific/GRCh37_HG003_v4.2.1_notin_complexandSVs_alldifficultregions.bed.gz	35383831
release/genome-stratifications/v3.4/GRCh37@all/GenomeSpecific/GRCh37_HG003_v4.2.1_othercomplexwithin10bp_slop50.bed.gz	315554
release/genome-stratifications/v3.4/GRCh37@all/GenomeSpecific/GRCh37_HG003_v4.2.1_snpswithin10bp_slop50.bed.gz	576845
release/genome-stratifications/v3.4/GRCh37@all/GenomeSpecific/GRCh37_HG004_v4.2.1_CNV_CCSandONT_elliptical_outlier.bed.gz	18878
release/genome-stratifications/v3.4/GRCh37@all/GenomeSpecific/GRCh37_HG004_v4.2.1_CNV_mrcanavarIllumina_CCShighcov_ONThighcov_intersection.bed.gz	2691
release/genome-stratifications/v3.4/GRCh37@all/GenomeSpecific/GRCh37_HG004_v4.2.1_CNVsandSVs.bed.gz	223330
release/genome-stratifications/v3.4/GRCh37@all/GenomeSpecific/GRCh37_HG004_v4.2.1_SV_pbsv_slop25percent.bed.gz	144875
release/genome-stratifications/v3.4/GRCh37@all/GenomeSpecific/GRCh37_HG004_v4.2.1_comphetindel10bp_slop50.bed.gz	325226
release/genome-stratifications/v3.4/GRCh37@all/GenomeSpecific/GRCh37_HG004_v4.2.1_comphetsnp10bp_slop50.bed.gz	78531
release/genome-stratifications/v3.4/GRCh37@all/GenomeSpecific/GRCh37_HG004_v4.2.1_complexandSVs.bed.gz	1538131
release/genome-stratifications/v3.4/GRCh37@all/GenomeSpecific/GRCh37_HG004_v4.2.1_complexandSVs_alldifficultregions.bed.gz	34165299
release/genome-stratifications/v3.4/GRCh37@all/GenomeSpecific/GRCh37_HG004_v4.2.1_complexindel10bp_slop50.bed.gz	101005
release/genome-stratifications/v3.4/GRCh37@all/GenomeSpecific/GRCh37_HG004_v4.2.1_notin_complexandSVs_alldifficultregions.bed.gz	35386944
release/genome-stratifications/v3.4/GRCh37@all/GenomeSpecific/GRCh37_HG004_v4.2.1_othercomplexwithin10bp_slop50.bed.gz	336404
release/genome-stratifications/v3.4/GRCh37@all/GenomeSpecific/GRCh37_HG004_v4.2.1_snpswithin10bp_slop50.bed.gz	576447
release/genome-stratifications/v3.4/GRCh37@all/GenomeSpecific/GRCh37_HG005_v4.2.1_CNV_CCSandONT_elliptical_outlier.bed.gz	17932
release/genome-stratifications/v3.4/GRCh37@all/GenomeSpecific/GRCh37_HG005_v4.2.1_CNV_mrcanavarIllumina_CCShighcov_ONThighcov_intersection.bed.gz	3312
release/genome-stratifications/v3.4/GRCh37@all/GenomeSpecific/GRCh37_HG005_v4.2.1_CNVsandSVs.bed.gz	179956
release/genome-stratifications/v3.4/GRCh37@all/GenomeSpecific/GRCh37_HG005_v4.2.1_SV_pbsv_hifiasm_dipcall_svanalyzer_slop25percent.bed.gz	166054
release/genome-stratifications/v3.4/GRCh37@all/GenomeSpecific/GRCh37_HG005_v4.2.1_comphetindel10bp_slop50.bed.gz	238121
release/genome-stratifications/v3.4/GRCh37@all/GenomeSpecific/GRCh37_HG005_v4.2.1_comphetsnp10bp_slop50.bed.gz	168476
release/genome-stratifications/v3.4/GRCh37@all/GenomeSpecific/GRCh37_HG005_v4.2.1_complexandSVs.bed.gz	1334496
release/genome-stratifications/v3.4/GRCh37@all/GenomeSpecific/GRCh37_HG005_v4.2.1_complexandSVs_alldifficultregions.bed.gz	34244816
release/genome-stratifications/v3.4/GRCh37@all/GenomeSpecific/GRCh37_HG005_v4.2.1_complexindel10bp_slop50.bed.gz	128208
release/genome-stratifications/v3.4/GRCh37@all/GenomeSpecific/GRCh37_HG005_v4.2.1_inversions_slop25percent.bed.gz	546
release/genome-stratifications/v3.4/GRCh37@all/GenomeSpecific/GRCh37_HG005_v4.2.1_notin_complexandSVs_alldifficultregions.bed.gz	35473012
release/genome-stratifications/v3.4/GRCh37@all/GenomeSpecific/GRCh37_HG005_v4.2.1_othercomplexwithin10bp_slop50.bed.gz	107731
release/genome-stratifications/v3.4/GRCh37@all/GenomeSpecific/GRCh37_HG005_v4.2.1_snpswithin10bp_slop50.bed.gz	587046
release/genome-stratifications/v3.4/GRCh37@all/GenomeSpecific/GRCh37_HG006_v4.2.1_CNV_CCSandONT_elliptical_outlier.bed.gz	13330
release/genome-stratifications/v3.4/GRCh37@all/GenomeSpecific/GRCh37_HG006_v4.2.1_CNV_mrcanavarIllumina_CCShighcov_ONThighcov_intersection.bed.gz	3152
release/genome-stratifications/v3.4/GRCh37@all/GenomeSpecific/GRCh37_HG006_v4.2.1_CNVsandSVs.bed.gz	194975
release/genome-stratifications/v3.4/GRCh37@all/GenomeSpecific/GRCh37_HG006_v4.2.1_SV_pbsv_slop25percent.bed.gz	126288
release/genome-stratifications/v3.4/GRCh37@all/GenomeSpecific/GRCh37_HG006_v4.2.1_comphetindel10bp_slop50.bed.gz	241300
release/genome-stratifications/v3.4/GRCh37@all/GenomeSpecific/GRCh37_HG006_v4.2.1_comphetsnp10bp_slop50.bed.gz	98625
release/genome-stratifications/v3.4/GRCh37@all/GenomeSpecific/GRCh37_HG006_v4.2.1_complexandSVs.bed.gz	1379723
release/genome-stratifications/v3.4/GRCh37@all/GenomeSpecific/GRCh37_HG006_v4.2.1_complexandSVs_alldifficultregions.bed.gz	34231553
release/genome-stratifications/v3.4/GRCh37@all/GenomeSpecific/GRCh37_HG006_v4.2.1_complexindel10bp_slop50.bed.gz	106102
release/genome-stratifications/v3.4/GRCh37@all/GenomeSpecific/GRCh37_HG006_v4.2.1_notin_complexandSVs_alldifficultregions.bed.gz	35458543
release/genome-stratifications/v3.4/GRCh37@all/GenomeSpecific/GRCh37_HG006_v4.2.1_othercomplexwithin10bp_slop50.bed.gz	249704
release/genome-stratifications/v3.4/GRCh37@all/GenomeSpecific/GRCh37_HG006_v4.2.1_snpswithin10bp_slop50.bed.gz	574212
release/genome-stratifications/v3.4/GRCh37@all/GenomeSpecific/GRCh37_HG007_v4.2.1_CNV_CCSandONT_elliptical_outlier.bed.gz	11445
release/genome-stratifications/v3.4/GRCh37@all/GenomeSpecific/GRCh37_HG007_v4.2.1_CNV_mrcanavarIllumina_CCShighcov_ONThighcov_intersection.bed.gz	3588
release/genome-stratifications/v3.4/GRCh37@all/GenomeSpecific/GRCh37_HG007_v4.2.1_CNVsandSVs.bed.gz	193647
release/genome-stratifications/v3.4/GRCh37@all/GenomeSpecific/GRCh37_HG007_v4.2.1_SV_pbsv_slop25percent.bed.gz	126443
release/genome-stratifications/v3.4/GRCh37@all/GenomeSpecific/GRCh37_HG007_v4.2.1_comphetindel10bp_slop50.bed.gz	238788
release/genome-stratifications/v3.4/GRCh37@all/GenomeSpecific/GRCh37_HG007_v4.2.1_comphetsnp10bp_slop50.bed.gz	97619
release/genome-stratifications/v3.4/GRCh37@all/GenomeSpecific/GRCh37_HG007_v4.2.1_complexandSVs.bed.gz	1373803
release/genome-stratifications/v3.4/GRCh37@all/GenomeSpecific/GRCh37_HG007_v4.2.1_complexandSVs_alldifficultregions.bed.gz	34257065
release/genome-stratifications/v3.4/GRCh37@all/GenomeSpecific/GRCh37_HG007_v4.2.1_complexindel10bp_slop50.bed.gz	104819
release/genome-stratifications/v3.4/GRCh37@all/GenomeSpecific/GRCh37_HG007_v4.2.1_notin_complexandSVs_alldifficultregions.bed.gz	35486165
release/genome-stratifications/v3.4/GRCh37@all/GenomeSpecific/GRCh37_HG007_v4.2.1_othercomplexwithin10bp_slop50.bed.gz	250535
release/genome-stratifications/v3.4/GRCh37@all/GenomeSpecific/GRCh37_HG007_v4.2.1_snpswithin10bp_slop50.bed.gz	570601
release/genome-stratifications/v3.4/GRCh37@all/LowComplexity/GRCh37_AllHomopolymers_ge7bp_imperfectge11bp_slop5.bed.gz	24106634
release/genome-stratifications/v3.4/GRCh37@all/LowComplexity/GRCh37_AllTandemRepeats.bed.gz	9382129
release/genome-stratifications/v3.4/GRCh37@all/LowComplexity/GRCh37_AllTandemRepeats_201to10000bp_slop5.bed.gz	808541
release/genome-stratifications/v3.4/GRCh37@all/LowComplexity/GRCh37_AllTandemRepeats_51to200bp_slop5.bed.gz	2166833
release/genome-stratifications/v3.4/GRCh37@all/LowComplexity/GRCh37_AllTandemRepeats_ge10001bp_slop5.bed.gz	36186
release/genome-stratifications/v3.4/GRCh37@all/LowComplexity/GRCh37_AllTandemRepeats_ge101bp_slop5.bed.gz	1460876
release/genome-stratifications/v3.4/GRCh37@all/LowComplexity/GRCh37_AllTandemRepeats_le50bp_slop5.bed.gz	6366531
release/genome-stratifications/v3.4/GRCh37@all/LowComplexity/GRCh37_AllTandemRepeatsandHomopolymers_slop5.bed.gz	30023930
release/genome-stratifications/v3.4/GRCh37@all/LowComplexity/GRCh37_SimpleRepeat_diTR_10to49_slop5.bed.gz	2989501
release/genome-stratifications/v3.4/GRCh37@all/LowComplexity/GRCh37_SimpleRepeat_diTR_50to149_slop5.bed.gz	34599
release/genome-stratifications/v3.4/GRCh37@all/LowComplexity/GRCh37_SimpleRepeat_diTR_ge150_slop5.bed.gz	102
release/genome-stratifications/v3.4/GRCh37@all/LowComplexity/GRCh37_SimpleRepeat_homopolymer_4to6_AT_slop5.bed.gz	202361189
release/genome-stratifications/v3.4/GRCh37@all/LowComplexity/GRCh37_SimpleRepeat_homopolymer_4to6_GC_slop5.bed.gz	72788539
release/genome-stratifications/v3.4/GRCh37@all/LowComplexity/GRCh37_SimpleRepeat_homopolymer_4to6_slop5.bed.gz	250510788
release/genome-stratifications/v3.4/GRCh37@all/LowComplexity/GRCh37_SimpleRepeat_homopolymer_7to11_AT_slop5.bed.gz	16425844
release/genome-stratifications/v3.4/GRCh37@all/LowComplexity/GRCh37_SimpleRepeat_homopolymer_7to11_GC_slop5.bed.gz	626487
release/genome-stratifications/v3.4/GRCh37@all/LowComplexity/GRCh37_SimpleRepeat_homopolymer_7to11_slop5.bed.gz	17019750
release/genome-stratifications/v3.4/GRCh37@all/LowComplexity/GRCh37_SimpleRepeat_homopolymer_ge12_AT_slop5.bed.gz	4254954
release/genome-stratifications/v3.4/GRCh37@all/LowComplexity/GRCh37_SimpleRepeat_homopolymer_ge12_GC_slop5.bed.gz	23810
release/genome-stratifications/v3.4/GRCh37@all/LowComplexity/GRCh37_SimpleRepeat_homopolymer_ge12_slop5.bed.gz	4274847
release/genome-stratifications/v3.4/GRCh37@all/LowComplexity/GRCh37_SimpleRepeat_homopolymer_ge21_AT_slop5.bed.gz	910583
release/genome-stratifications/v3.4/GRCh37@all/LowComplexity/GRCh37_SimpleRepeat_homopolymer_ge21_GC_slop5.bed.gz	567
release/genome-stratifications/v3.4/GRCh37@all/LowComplexity/GRCh37_SimpleRepeat_homopolymer_ge21_slop5.bed.gz	910852
release/genome-stratifications/v3.4/GRCh37@all/LowComplexity/GRCh37_SimpleRepeat_imperfecthomopolge11_AT_slop5.bed.gz	10001553
release/genome-stratifications/v3.4/GRCh37@all/LowComplexity/GRCh37_SimpleRepeat_imperfecthomopolge11_GC_slop5.bed.gz	671592
release/genome-stratifications/v3.4/GRCh37@all/LowComplexity/GRCh37_SimpleRepeat_imperfecthomopolge11_slop5.bed.gz	10678893
release/genome-stratifications/v3.4/GRCh37@all/LowComplexity/GRCh37_SimpleRepeat_imperfecthomopolge21_AT_slop5.bed.gz	1898137
release/genome-stratifications/v3.4/GRCh37@all/LowComplexity/GRCh37_SimpleRepeat_imperfecthomopolge21_GC_slop5.bed.gz	24179
release/genome-stratifications/v3.4/GRCh37@all/LowComplexity/GRCh37_SimpleRepeat_imperfecthomopolge21_slop5.bed.gz	1920513
release/genome-stratifications/v3.4/GRCh37@all/LowComplexity/GRCh37_SimpleRepeat_quadTR_19to49_slop5.bed.gz	736468
release/genome-stratifications/v3.4/GRCh37@all/LowComplexity/GRCh37_SimpleRepeat_quadTR_50to149_slop5.bed.gz	62844
release/genome-stratifications/v3.4/GRCh37@all/LowComplexity/GRCh37_SimpleRepeat_quadTR_ge150_slop5.bed.gz	208
release/genome-stratifications/v3.4/GRCh37@all/LowComplexity/GRCh37_SimpleRepeat_triTR_14to49_slop5.bed.gz	652335
release/genome-stratifications/v3.4/GRCh37@all/LowComplexity/GRCh37_SimpleRepeat_triTR_50to149_slop5.bed.gz	5687
release/genome-stratifications/v3.4/GRCh37@all/LowComplexity/GRCh37_SimpleRepeat_triTR_ge150_slop5.bed.gz	150
release/genome-stratifications/v3.4/GRCh37@all/LowComplexity/GRCh37_notinAllHomopolymers_ge7bp_imperfectge11bp_slop5.bed.gz	25776243
release/genome-stratifications/v3.4/GRCh37@all/LowComplexity/GRCh37_notinAllTandemRepeatsandHomopolymers_slop5.bed.gz	31622149
release/genome-stratifications/v3.4/GRCh37@all/LowComplexity/GRCh37_notinallTandemRepeats.bed.gz	10305890
release/genome-stratifications/v3.4/GRCh37@all/LowComplexity/GRCh37_notinsatellites_slop5.bed.gz	57587
release/genome-stratifications/v3.4/GRCh37@all/LowComplexity/GRCh37_satellites_slop5.bed.gz	58843
release/genome-stratifications/v3.4/GRCh37@all/Mappability/GRCh37_lowmappabilityall.bed.gz	4261317
release/genome-stratifications/v3.4/GRCh37@all/Mappability/GRCh37_nonunique_l100_m2_e1.bed.gz	4261971
release/genome-stratifications/v3.4/GRCh37@all/Mappability/GRCh37_nonunique_l250_m0_e0.bed.gz	732659
release/genome-stratifications/v3.4/GRCh37@all/Mappability/GRCh37_notinlowmappabilityall.bed.gz	4690554
release/genome-stratifications/v3.4/GRCh37@all/OtherDifficult/GRCh37_KIR.bed.gz	80
release/genome-stratifications/v3.4/GRCh37@all/OtherDifficult/GRCh37_L1H_gt500.bed.gz	7640
release/genome-stratifications/v3.4/GRCh37@all/OtherDifficult/GRCh37_MHC.bed.gz	79
release/genome-stratifications/v3.4/GRCh37@all/OtherDifficult/GRCh37_VDJ.bed.gz	160
release/genome-stratifications/v3.4/GRCh37@all/OtherDifficult/GRCh37_allOtherDifficultregions.bed.gz	208483
release/genome-stratifications/v3.4/GRCh37@all/OtherDifficult/GRCh37_contigs_lt500kb.bed.gz	852
release/genome-stratifications/v3.4/GRCh37@all/OtherDifficult/GRCh37_gaps_slop15kb.bed.gz	3934
release/genome-stratifications/v3.4/GRCh37@all/OtherDifficult/GRCh37_hg38_minimap2_asm20_N10_gt1contig_gt1kb.bed.gz	7561
release/genome-stratifications/v3.4/GRCh37@all/OtherDifficult/GRCh37_hg38_minimap2_asm20_N10_nocovgt1kb.bed.gz	1207
release/genome-stratifications/v3.4/GRCh37@all/OtherDifficult/GRCh37_hs37d5_decoy_alignments.bed.gz	204873
release/genome-stratifications/v3.4/GRCh37@all/OtherDifficult/GRCh37_missing_and_multiple_alignments_of_GRCh38.bed.gz	7099
release/genome-stratifications/v3.4/GRCh37@all/SegmentalDuplications/GRCh37_notinsegdups.bed.gz	62652
release/genome-stratifications/v3.4/GRCh37@all/SegmentalDuplications/GRCh37_notinsegdups_gt10kb.bed.gz	15719
release/genome-stratifications/v3.4/GRCh37@all/SegmentalDuplications/GRCh37_segdups.bed.gz	61318
release/genome-stratifications/v3.4/GRCh37@all/SegmentalDuplications/GRCh37_segdups_gt10kb.bed.gz	15759
release/genome-stratifications/v3.4/GRCh37@all/Union/GRCh37_alldifficultregions.bed.gz	30950980
release/genome-stratifications/v3.4/GRCh37@all/Union/GRCh37_alllowmapandsegdupregions.bed.gz	3387169
release/genome-stratifications/v3.4/GRCh37@all/Union/GRCh37_notinalldifficultregions.bed.gz	32233021
release/genome-stratifications/v3.4/GRCh37@all/Union/GRCh37_notinalllowmapandsegdupregions.bed.gz	3790691
release/genome-stratifications/v3.4/GRCh37@all/XY/GRCh37_AllAutosomes.bed.gz	2190
release/genome-stratifications/v3.4/GRCh37@all/XY/GRCh37_chrX_PAR.bed.gz	136
release/genome-stratifications/v3.4/GRCh37@all/XY/GRCh37_chrX_XTR.bed.gz	79
release/genome-stratifications/v3.4/GRCh37@all/XY/GRCh37_chrX_ampliconic.bed.gz	187
release/genome-stratifications/v3.4/GRCh37@all/XY/GRCh37_chrX_nonPAR.bed.gz	235
release/genome-stratifications/v3.4/GRCh37@all/XY/GRCh37_chrY_PAR.bed.gz	135
release/genome-stratifications/v3.4/GRCh37@all/XY/GRCh37_chrY_XTR.bed.gz	88
release/genome-stratifications/v3.4/GRCh37@all/XY/GRCh37_chrY_ampliconic.bed.gz	171
release/genome-stratifications/v3.4/GRCh37@all/XY/GRCh37_chrY_nonPAR.bed.gz	173
release/genome-stratifications/v3.4/GRCh38@all/Ancestry/GRCh38_ancestry_AFR.bed.gz	1281923
release/genome-stratifications/v3.4/GRCh38@all/Ancestry/GRCh38_ancestry_AMR.bed.gz	330180
release/genome-stratifications/v3.4/GRCh38@all/Ancestry/GRCh38_ancestry_EAS.bed.gz	221222
release/genome-stratifications/v3.4/GRCh38@all/Ancestry/GRCh38_ancestry_EUR.bed.gz	1042574
release/genome-stratifications/v3.4/GRCh38@all/Ancestry/GRCh38_ancestry_Neanderthal.bed.gz	45973
release/genome-stratifications/v3.4/GRCh38@all/Ancestry/GRCh38_ancestry_SAS.bed.gz	213523
release/genome-stratifications/v3.4/GRCh38@all/Functional/GRCh38_notinrefseq_cds.bed.gz	1523085
release/genome-stratifications/v3.4/GRCh38@all/Functional/GRCh38_refseq_cds.bed.gz	1387037
release/genome-stratifications/v3.4/GRCh38@all/FunctionalTechnicallyDifficult/GRCh38_BadPromoters.bed.gz	7968
release/genome-stratifications/v3.4/GRCh38@all/FunctionalTechnicallyDifficult/GRCh38_CMRGv1.00_duplicationinKMT2C.bed.gz	84
release/genome-stratifications/v3.4/GRCh38@all/FunctionalTechnicallyDifficult/GRCh38_CMRGv1.00_falselyduplicatedgenes.bed.gz	109
release/genome-stratifications/v3.4/GRCh38@all/GCcontent/GRCh38_gc15_slop50.bed.gz	125518
release/genome-stratifications/v3.4/GRCh38@all/GCcontent/GRCh38_gc15to20_slop50.bed.gz	486359
release/genome-stratifications/v3.4/GRCh38@all/GCcontent/GRCh38_gc20to25_slop50.bed.gz	3395716
release/genome-stratifications/v3.4/GRCh38@all/GCcontent/GRCh38_gc25to30_slop50.bed.gz	10974191
release/genome-stratifications/v3.4/GRCh38@all/GCcontent/GRCh38_gc30to55_slop50.bed.gz	17243829
release/genome-stratifications/v3.4/GRCh38@all/GCcontent/GRCh38_gc55to60_slop50.bed.gz	7920765
release/genome-stratifications/v3.4/GRCh38@all/GCcontent/GRCh38_gc60to65_slop50.bed.gz	3195978
release/genome-stratifications/v3.4/GRCh38@all/GCcontent/GRCh38_gc65to70_slop50.bed.gz	1092043
release/genome-stratifications/v3.4/GRCh38@all/GCcontent/GRCh38_gc70to75_slop50.bed.gz	399515
release/genome-stratifications/v3.4/GRCh38@all/GCcontent/GRCh38_gc75to80_slop50.bed.gz	173895
release/genome-stratifications/v3.4/GRCh38@all/GCcontent/GRCh38_gc80to85_slop50.bed.gz	72657
release/genome-stratifications/v3.4/GRCh38@all/GCcontent/GRCh38_gc85_slop50.bed.gz	16054
release/genome-stratifications/v3.4/GRCh38@all/GCcontent/GRCh38_gclt25orgt65_slop50.bed.gz	4421305
release/genome-stratifications/v3.4/GRCh38@all/GCcontent/GRCh38_gclt30orgt55_slop50.bed.gz	17116935
release/genome-stratifications/v3.4/GRCh38@all/GRCh38-all-stratifications.tsv	17629
release/genome-stratifications/v3.4/GRCh38@all/GRCh38-genome-stratifications-md5s.txt	17864
release/genome-stratifications/v3.4/GRCh38@all/GenomeSpecific/GRCh38_HG001_v4.2.1_CNV_CCSandONT_elliptical_outlier.bed.gz	24795
release/genome-stratifications/v3.4/GRCh38@all/GenomeSpecific/GRCh38_HG001_v4.2.1_CNV_mrcanavarIllumina_CCShighcov_ONThighcov_intersection.bed.gz	4321
release/genome-stratifications/v3.4/GRCh38@all/GenomeSpecific/GRCh38_HG001_v4.2.1_CNVsandSVs.bed.gz	180784
release/genome-stratifications/v3.4/GRCh38@all/GenomeSpecific/GRCh38_HG001_v4.2.1_SV_pbsv_hifiasm_dipcall_svanalyzer_slop25percent.bed.gz	162545
release/genome-stratifications/v3.4/GRCh38@all/GenomeSpecific/GRCh38_HG001_v4.2.1_comphetindel10bp_slop50.bed.gz	339170
release/genome-stratifications/v3.4/GRCh38@all/GenomeSpecific/GRCh38_HG001_v4.2.1_comphetsnp10bp_slop50.bed.gz	174648
release/genome-stratifications/v3.4/GRCh38@all/GenomeSpecific/GRCh38_HG001_v4.2.1_complexandSVs.bed.gz	1460810
release/genome-stratifications/v3.4/GRCh38@all/GenomeSpecific/GRCh38_HG001_v4.2.1_complexandSVs_alldifficultregions.bed.gz	31370416
release/genome-stratifications/v3.4/GRCh38@all/GenomeSpecific/GRCh38_HG001_v4.2.1_complexindel10bp_slop50.bed.gz	146889
release/genome-stratifications/v3.4/GRCh38@all/GenomeSpecific/GRCh38_HG001_v4.2.1_inversions_slop25percent.bed.gz	560
release/genome-stratifications/v3.4/GRCh38@all/GenomeSpecific/GRCh38_HG001_v4.2.1_notin_complexandSVs_alldifficultregions.bed.gz	32568271
release/genome-stratifications/v3.4/GRCh38@all/GenomeSpecific/GRCh38_HG001_v4.2.1_othercomplexwithin10bp_slop50.bed.gz	117667
release/genome-stratifications/v3.4/GRCh38@all/GenomeSpecific/GRCh38_HG001_v4.2.1_snpswithin10bp_slop50.bed.gz	599676
release/genome-stratifications/v3.4/GRCh38@all/GenomeSpecific/GRCh38_HG002_hifiasmv0.11_ComplexVar_in_TRgt100.bed.gz	344893
release/genome-stratifications/v3.4/GRCh38@all/GenomeSpecific/GRCh38_HG002_v4.2.1_CNV_CCSandONT_elliptical_outlier.bed.gz	22021
release/genome-stratifications/v3.4/GRCh38@all/GenomeSpecific/GRCh38_HG002_v4.2.1_CNV_gt2assemblycontigs_ONTCanu_ONTFlye_CCSCanu.bed.gz	4436
release/genome-stratifications/v3.4/GRCh38@all/GenomeSpecific/GRCh38_HG002_v4.2.1_CNV_mrcanavarIllumina_CCShighcov_ONThighcov_intersection.bed.gz	5283
release/genome-stratifications/v3.4/GRCh38@all/GenomeSpecific/GRCh38_HG002_v4.2.1_CNVsandSVs.bed.gz	209612
release/genome-stratifications/v3.4/GRCh38@all/GenomeSpecific/GRCh38_HG002_v4.2.1_Tier1plusTier2_v0.6.1.bed.gz	188789
release/genome-stratifications/v3.4/GRCh38@all/GenomeSpecific/GRCh38_HG002_v4.2.1_Tier1plusTier2_v0.6.1_slop25percent.bed.gz	191067
release/genome-stratifications/v3.4/GRCh38@all/GenomeSpecific/GRCh38_HG002_v4.2.1_comphetindel10bp_slop50.bed.gz	377966
release/genome-stratifications/v3.4/GRCh38@all/GenomeSpecific/GRCh38_HG002_v4.2.1_comphetsnp10bp_slop50.bed.gz	190347
release/genome-stratifications/v3.4/GRCh38@all/GenomeSpecific/GRCh38_HG002_v4.2.1_complexandSVs.bed.gz	1576612
release/genome-stratifications/v3.4/GRCh38@all/GenomeSpecific/GRCh38_HG002_v4.2.1_complexandSVs_alldifficultregions.bed.gz	31413938
release/genome-stratifications/v3.4/GRCh38@all/GenomeSpecific/GRCh38_HG002_v4.2.1_complexindel10bp_slop50.bed.gz	160178
release/genome-stratifications/v3.4/GRCh38@all/GenomeSpecific/GRCh38_HG002_v4.2.1_inversions_slop25percent.bed.gz	417
release/genome-stratifications/v3.4/GRCh38@all/GenomeSpecific/GRCh38_HG002_v4.2.1_notin_complexandSVs_alldifficultregions.bed.gz	32609998
release/genome-stratifications/v3.4/GRCh38@all/GenomeSpecific/GRCh38_HG002_v4.2.1_othercomplexwithin10bp_slop50.bed.gz	126086
release/genome-stratifications/v3.4/GRCh38@all/GenomeSpecific/GRCh38_HG002_v4.2.1_snpswithin10bp_slop50.bed.gz	619360
release/genome-stratifications/v3.4/GRCh38@all/GenomeSpecific/GRCh38_HG003_v4.2.1_CNV_CCSandONT_elliptical_outlier.bed.gz	24153
release/genome-stratifications/v3.4/GRCh38@all/GenomeSpecific/GRCh38_HG003_v4.2.1_CNV_mrcanavarIllumina_CCShighcov_ONThighcov_intersection.bed.gz	3272
release/genome-stratifications/v3.4/GRCh38@all/GenomeSpecific/GRCh38_HG003_v4.2.1_CNVsandSVs.bed.gz	236529
release/genome-stratifications/v3.4/GRCh38@all/GenomeSpecific/GRCh38_HG003_v4.2.1_SV_pbsv_slop25percent.bed.gz	151077
release/genome-stratifications/v3.4/GRCh38@all/GenomeSpecific/GRCh38_HG003_v4.2.1_comphetindel10bp_slop50.bed.gz	327736
release/genome-stratifications/v3.4/GRCh38@all/GenomeSpecific/GRCh38_HG003_v4.2.1_comphetsnp10bp_slop50.bed.gz	87504
release/genome-stratifications/v3.4/GRCh38@all/GenomeSpecific/GRCh38_HG003_v4.2.1_complexandSVs.bed.gz	1567069
release/genome-stratifications/v3.4/GRCh38@all/GenomeSpecific/GRCh38_HG003_v4.2.1_complexandSVs_alldifficultregions.bed.gz	31369295
release/genome-stratifications/v3.4/GRCh38@all/GenomeSpecific/GRCh38_HG003_v4.2.1_complexindel10bp_slop50.bed.gz	106874
release/genome-stratifications/v3.4/GRCh38@all/GenomeSpecific/GRCh38_HG003_v4.2.1_notin_complexandSVs_alldifficultregions.bed.gz	32566276
release/genome-stratifications/v3.4/GRCh38@all/GenomeSpecific/GRCh38_HG003_v4.2.1_othercomplexwithin10bp_slop50.bed.gz	333676
release/genome-stratifications/v3.4/GRCh38@all/GenomeSpecific/GRCh38_HG003_v4.2.1_snpswithin10bp_slop50.bed.gz	597709
release/genome-stratifications/v3.4/GRCh38@all/GenomeSpecific/GRCh38_HG004_v4.2.1_CNV_CCSandONT_elliptical_outlier.bed.gz	22768
release/genome-stratifications/v3.4/GRCh38@all/GenomeSpecific/GRCh38_HG004_v4.2.1_CNV_mrcanavarIllumina_CCShighcov_ONThighcov_intersection.bed.gz	3261
release/genome-stratifications/v3.4/GRCh38@all/GenomeSpecific/GRCh38_HG004_v4.2.1_CNVsandSVs.bed.gz	235951
release/genome-stratifications/v3.4/GRCh38@all/GenomeSpecific/GRCh38_HG004_v4.2.1_SV_pbsv_slop25percent.bed.gz	153515
release/genome-stratifications/v3.4/GRCh38@all/GenomeSpecific/GRCh38_HG004_v4.2.1_comphetindel10bp_slop50.bed.gz	336834
release/genome-stratifications/v3.4/GRCh38@all/GenomeSpecific/GRCh38_HG004_v4.2.1_comphetsnp10bp_slop50.bed.gz	82248
release/genome-stratifications/v3.4/GRCh38@all/GenomeSpecific/GRCh38_HG004_v4.2.1_complexandSVs.bed.gz	1579146
release/genome-stratifications/v3.4/GRCh38@all/GenomeSpecific/GRCh38_HG004_v4.2.1_complexandSVs_alldifficultregions.bed.gz	31342913
release/genome-stratifications/v3.4/GRCh38@all/GenomeSpecific/GRCh38_HG004_v4.2.1_complexindel10bp_slop50.bed.gz	106916
release/genome-stratifications/v3.4/GRCh38@all/GenomeSpecific/GRCh38_HG004_v4.2.1_notin_complexandSVs_alldifficultregions.bed.gz	32538876
release/genome-stratifications/v3.4/GRCh38@all/GenomeSpecific/GRCh38_HG004_v4.2.1_othercomplexwithin10bp_slop50.bed.gz	349137
release/genome-stratifications/v3.4/GRCh38@all/GenomeSpecific/GRCh38_HG004_v4.2.1_snpswithin10bp_slop50.bed.gz	596303
release/genome-stratifications/v3.4/GRCh38@all/GenomeSpecific/GRCh38_HG005_v4.2.1_CNV_CCSandONT_elliptical_outlier.bed.gz	20817
release/genome-stratifications/v3.4/GRCh38@all/GenomeSpecific/GRCh38_HG005_v4.2.1_CNV_mrcanavarIllumina_CCShighcov_ONThighcov_intersection.bed.gz	2603
release/genome-stratifications/v3.4/GRCh38@all/GenomeSpecific/GRCh38_HG005_v4.2.1_CNVsandSVs.bed.gz	186922
release/genome-stratifications/v3.4/GRCh38@all/GenomeSpecific/GRCh38_HG005_v4.2.1_SV_pbsv_hifiasm_dipcall_svanalyzer_slop25percent.bed.gz	174035
release/genome-stratifications/v3.4/GRCh38@all/GenomeSpecific/GRCh38_HG005_v4.2.1_comphetindel10bp_slop50.bed.gz	247200
release/genome-stratifications/v3.4/GRCh38@all/GenomeSpecific/GRCh38_HG005_v4.2.1_comphetsnp10bp_slop50.bed.gz	175291
release/genome-stratifications/v3.4/GRCh38@all/GenomeSpecific/GRCh38_HG005_v4.2.1_complexandSVs.bed.gz	1372407
release/genome-stratifications/v3.4/GRCh38@all/GenomeSpecific/GRCh38_HG005_v4.2.1_complexandSVs_alldifficultregions.bed.gz	31408389
release/genome-stratifications/v3.4/GRCh38@all/GenomeSpecific/GRCh38_HG005_v4.2.1_complexindel10bp_slop50.bed.gz	134493
release/genome-stratifications/v3.4/GRCh38@all/GenomeSpecific/GRCh38_HG005_v4.2.1_inversions_slop25percent.bed.gz	583
release/genome-stratifications/v3.4/GRCh38@all/GenomeSpecific/GRCh38_HG005_v4.2.1_notin_complexandSVs_alldifficultregions.bed.gz	32608662
release/genome-stratifications/v3.4/GRCh38@all/GenomeSpecific/GRCh38_HG005_v4.2.1_othercomplexwithin10bp_slop50.bed.gz	113534
release/genome-stratifications/v3.4/GRCh38@all/GenomeSpecific/GRCh38_HG005_v4.2.1_snpswithin10bp_slop50.bed.gz	606693
release/genome-stratifications/v3.4/GRCh38@all/GenomeSpecific/GRCh38_HG006_v4.2.1_CNV_CCSandONT_elliptical_outlier.bed.gz	14931
release/genome-stratifications/v3.4/GRCh38@all/GenomeSpecific/GRCh38_HG006_v4.2.1_CNV_mrcanavarIllumina_CCShighcov_ONThighcov_intersection.bed.gz	3392
release/genome-stratifications/v3.4/GRCh38@all/GenomeSpecific/GRCh38_HG006_v4.2.1_CNVsandSVs.bed.gz	204422
release/genome-stratifications/v3.4/GRCh38@all/GenomeSpecific/GRCh38_HG006_v4.2.1_SV_pbsv_slop25percent.bed.gz	134507
release/genome-stratifications/v3.4/GRCh38@all/GenomeSpecific/GRCh38_HG006_v4.2.1_comphetindel10bp_slop50.bed.gz	222239
release/genome-stratifications/v3.4/GRCh38@all/GenomeSpecific/GRCh38_HG006_v4.2.1_comphetsnp10bp_slop50.bed.gz	102512
release/genome-stratifications/v3.4/GRCh38@all/GenomeSpecific/GRCh38_HG006_v4.2.1_complexandSVs.bed.gz	1342811
release/genome-stratifications/v3.4/GRCh38@all/GenomeSpecific/GRCh38_HG006_v4.2.1_complexandSVs_alldifficultregions.bed.gz	31400575
release/genome-stratifications/v3.4/GRCh38@all/GenomeSpecific/GRCh38_HG006_v4.2.1_complexindel10bp_slop50.bed.gz	87025
release/genome-stratifications/v3.4/GRCh38@all/GenomeSpecific/GRCh38_HG006_v4.2.1_notin_complexandSVs_alldifficultregions.bed.gz	32601112
release/genome-stratifications/v3.4/GRCh38@all/GenomeSpecific/GRCh38_HG006_v4.2.1_othercomplexwithin10bp_slop50.bed.gz	228485
release/genome-stratifications/v3.4/GRCh38@all/GenomeSpecific/GRCh38_HG006_v4.2.1_snpswithin10bp_slop50.bed.gz	589373
release/genome-stratifications/v3.4/GRCh38@all/GenomeSpecific/GRCh38_HG007_v4.2.1_CNV_CCSandONT_elliptical_outlier.bed.gz	14953
release/genome-stratifications/v3.4/GRCh38@all/GenomeSpecific/GRCh38_HG007_v4.2.1_CNV_mrcanavarIllumina_CCShighcov_ONThighcov_intersection.bed.gz	4209
release/genome-stratifications/v3.4/GRCh38@all/GenomeSpecific/GRCh38_HG007_v4.2.1_CNVsandSVs.bed.gz	202591
release/genome-stratifications/v3.4/GRCh38@all/GenomeSpecific/GRCh38_HG007_v4.2.1_SV_pbsv_slop25percent.bed.gz	134048
release/genome-stratifications/v3.4/GRCh38@all/GenomeSpecific/GRCh38_HG007_v4.2.1_comphetindel10bp_slop50.bed.gz	224085
release/genome-stratifications/v3.4/GRCh38@all/GenomeSpecific/GRCh38_HG007_v4.2.1_comphetsnp10bp_slop50.bed.gz	101467
release/genome-stratifications/v3.4/GRCh38@all/GenomeSpecific/GRCh38_HG007_v4.2.1_complexandSVs.bed.gz	1351777
release/genome-stratifications/v3.4/GRCh38@all/GenomeSpecific/GRCh38_HG007_v4.2.1_complexandSVs_alldifficultregions.bed.gz	31421898
release/genome-stratifications/v3.4/GRCh38@all/GenomeSpecific/GRCh38_HG007_v4.2.1_complexindel10bp_slop50.bed.gz	88114
release/genome-stratifications/v3.4/GRCh38@all/GenomeSpecific/GRCh38_HG007_v4.2.1_notin_complexandSVs_alldifficultregions.bed.gz	32623191
release/genome-stratifications/v3.4/GRCh38@all/GenomeSpecific/GRCh38_HG007_v4.2.1_othercomplexwithin10bp_slop50.bed.gz	233878
release/genome-stratifications/v3.4/GRCh38@all/GenomeSpecific/GRCh38_HG007_v4.2.1_snpswithin10bp_slop50.bed.gz	591120
release/genome-stratifications/v3.4/GRCh38@all/LowComplexity/GRCh38_AllHomopolymers_ge7bp_imperfectge11bp_slop5.bed.gz	24630221
release/genome-stratifications/v3.4/GRCh38@all/LowComplexity/GRCh38_AllTandemRepeats.bed.gz	9228465
release/genome-stratifications/v3.4/GRCh38@all/LowComplexity/GRCh38_AllTandemRepeats_201to10000bp_slop5.bed.gz	871585
release/genome-stratifications/v3.4/GRCh38@all/LowComplexity/GRCh38_AllTandemRepeats_51to200bp_slop5.bed.gz	2251902
release/genome-stratifications/v3.4/GRCh38@all/LowComplexity/GRCh38_AllTandemRepeats_ge10001bp_slop5.bed.gz	130599
release/genome-stratifications/v3.4/GRCh38@all/LowComplexity/GRCh38_AllTandemRepeats_ge101bp_slop5.bed.gz	1565202
release/genome-stratifications/v3.4/GRCh38@all/LowComplexity/GRCh38_AllTandemRepeats_le50bp_slop5.bed.gz	6033380
release/genome-stratifications/v3.4/GRCh38@all/LowComplexity/GRCh38_AllTandemRepeatsandHomopolymers_slop5.bed.gz	30357839
release/genome-stratifications/v3.4/GRCh38@all/LowComplexity/GRCh38_SimpleRepeat_diTR_10to49_slop5.bed.gz	3117799
release/genome-stratifications/v3.4/GRCh38@all/LowComplexity/GRCh38_SimpleRepeat_diTR_50to149_slop5.bed.gz	35928
release/genome-stratifications/v3.4/GRCh38@all/LowComplexity/GRCh38_SimpleRepeat_diTR_ge150_slop5.bed.gz	108
release/genome-stratifications/v3.4/GRCh38@all/LowComplexity/GRCh38_SimpleRepeat_homopolymer_4to6_AT_slop5.bed.gz	209000278
release/genome-stratifications/v3.4/GRCh38@all/LowComplexity/GRCh38_SimpleRepeat_homopolymer_4to6_GC_slop5.bed.gz	74197101
release/genome-stratifications/v3.4/GRCh38@all/LowComplexity/GRCh38_SimpleRepeat_homopolymer_4to6_slop5.bed.gz	257771245
release/genome-stratifications/v3.4/GRCh38@all/LowComplexity/GRCh38_SimpleRepeat_homopolymer_7to11_AT_slop5.bed.gz	16820031
release/genome-stratifications/v3.4/GRCh38@all/LowComplexity/GRCh38_SimpleRepeat_homopolymer_7to11_GC_slop5.bed.gz	654044
release/genome-stratifications/v3.4/GRCh38@all/LowComplexity/GRCh38_SimpleRepeat_homopolymer_7to11_slop5.bed.gz	17430911
release/genome-stratifications/v3.4/GRCh38@all/LowComplexity/GRCh38_SimpleRepeat_homopolymer_ge12_AT_slop5.bed.gz	4369555
release/genome-stratifications/v3.4/GRCh38@all/LowComplexity/GRCh38_SimpleRepeat_homopolymer_ge12_GC_slop5.bed.gz	24073
release/genome-stratifications/v3.4/GRCh38@all/LowComplexity/GRCh38_SimpleRepeat_homopolymer_ge12_slop5.bed.gz	4392276
release/genome-stratifications/v3.4/GRCh38@all/LowComplexity/GRCh38_SimpleRepeat_homopolymer_ge21_AT_slop5.bed.gz	944946
release/genome-stratifications/v3.4/GRCh38@all/LowComplexity/GRCh38_SimpleRepeat_homopolymer_ge21_GC_slop5.bed.gz	591
release/genome-stratifications/v3.4/GRCh38@all/LowComplexity/GRCh38_SimpleRepeat_homopolymer_ge21_slop5.bed.gz	945444
release/genome-stratifications/v3.4/GRCh38@all/LowComplexity/GRCh38_SimpleRepeat_imperfecthomopolge11_AT_slop5.bed.gz	10219992
release/genome-stratifications/v3.4/GRCh38@all/LowComplexity/GRCh38_SimpleRepeat_imperfecthomopolge11_GC_slop5.bed.gz	701708
release/genome-stratifications/v3.4/GRCh38@all/LowComplexity/GRCh38_SimpleRepeat_imperfecthomopolge11_slop5.bed.gz	10903950
release/genome-stratifications/v3.4/GRCh38@all/LowComplexity/GRCh38_SimpleRepeat_imperfecthomopolge21_AT_slop5.bed.gz	1966190
release/genome-stratifications/v3.4/GRCh38@all/LowComplexity/GRCh38_SimpleRepeat_imperfecthomopolge21_GC_slop5.bed.gz	24674
release/genome-stratifications/v3.4/GRCh38@all/LowComplexity/GRCh38_SimpleRepeat_imperfecthomopolge21_slop5.bed.gz	1988329
release/genome-stratifications/v3.4/GRCh38@all/LowComplexity/GRCh38_SimpleRepeat_quadTR_19to49_slop5.bed.gz	767743
release/genome-stratifications/v3.4/GRCh38@all/LowComplexity/GRCh38_SimpleRepeat_quadTR_50to149_slop5.bed.gz	65400
release/genome-stratifications/v3.4/GRCh38@all/LowComplexity/GRCh38_SimpleRepeat_quadTR_ge150_slop5.bed.gz	222
release/genome-stratifications/v3.4/GRCh38@all/LowComplexity/GRCh38_SimpleRepeat_triTR_14to49_slop5.bed.gz	679369
release/genome-stratifications/v3.4/GRCh38@all/LowComplexity/GRCh38_SimpleRepeat_triTR_50to149_slop5.bed.gz	5946
release/genome-stratifications/v3.4/GRCh38@all/LowComplexity/GRCh38_SimpleRepeat_triTR_ge150_slop5.bed.gz	167
release/genome-stratifications/v3.4/GRCh38@all/LowComplexity/GRCh38_notinAllHomopolymers_ge7bp_imperfectge11bp_slop5.bed.gz	26267435
release/genome-stratifications/v3.4/GRCh38@all/LowComplexity/GRCh38_notinAllTandemRepeatsandHomopolymers_slop5.bed.gz	31902797
release/genome-stratifications/v3.4/GRCh38@all/LowComplexity/GRCh38_notinallTandemRepeats.bed.gz	10074871
release/genome-stratifications/v3.4/GRCh38@all/LowComplexity/GRCh38_notinsatellites_slop5.bed.gz	46805
release/genome-stratifications/v3.4/GRCh38@all/LowComplexity/GRCh38_satellites_slop5.bed.gz	47277
release/genome-stratifications/v3.4/GRCh38@all/Mappability/GRCh38_lowmappabilityall.bed.gz	4466464
release/genome-stratifications/v3.4/GRCh38@all/Mappability/GRCh38_nonunique_l100_m2_e1.bed.gz	4467148
release/genome-stratifications/v3.4/GRCh38@all/Mappability/GRCh38_nonunique_l250_m0_e0.bed.gz	1122242
release/genome-stratifications/v3.4/GRCh38@all/Mappability/GRCh38_notinlowmappabilityall.bed.gz	4877943
release/genome-stratifications/v3.4/GRCh38@all/OtherDifficult/GRCh38_KIR.bed.gz	83
release/genome-stratifications/v3.4/GRCh38@all/OtherDifficult/GRCh38_L1H_gt500.bed.gz	9297
release/genome-stratifications/v3.4/GRCh38@all/OtherDifficult/GRCh38_LD_discordant_haplotypes_slop5bp.bed.gz	12646
release/genome-stratifications/v3.4/GRCh38@all/OtherDifficult/GRCh38_MHC.bed.gz	82
release/genome-stratifications/v3.4/GRCh38@all/OtherDifficult/GRCh38_VDJ.bed.gz	165
release/genome-stratifications/v3.4/GRCh38@all/OtherDifficult/GRCh38_allOtherDifficultregions.bed.gz	316313
release/genome-stratifications/v3.4/GRCh38@all/OtherDifficult/GRCh38_collapsed_duplication_FP_regions.bed.gz	1709
release/genome-stratifications/v3.4/GRCh38@all/OtherDifficult/GRCh38_contigs_lt500kb.bed.gz	3129
release/genome-stratifications/v3.4/GRCh38@all/OtherDifficult/GRCh38_false_duplications_correct_copy.bed.gz	206
release/genome-stratifications/v3.4/GRCh38@all/OtherDifficult/GRCh38_false_duplications_incorrect_copy.bed.gz	179
release/genome-stratifications/v3.4/GRCh38@all/OtherDifficult/GRCh38_gaps_slop15kb.bed.gz	6976
release/genome-stratifications/v3.4/GRCh38@all/OtherDifficult/GRCh38_gnomAD_InbreedingCoeff_slop1bp_merge1000bp.bed.gz	318528
release/genome-stratifications/v3.4/GRCh38@all/OtherDifficult/GRCh38_population_CNV_FP_regions.bed.gz	4566
release/genome-stratifications/v3.4/GRCh38@all/SegmentalDuplications/GRCh38_notinsegdups.bed.gz	68092
release/genome-stratifications/v3.4/GRCh38@all/SegmentalDuplications/GRCh38_notinsegdups_gt10kb.bed.gz	19232
release/genome-stratifications/v3.4/GRCh38@all/SegmentalDuplications/GRCh38_segdups.bed.gz	65098
release/genome-stratifications/v3.4/GRCh38@all/SegmentalDuplications/GRCh38_segdups_gt10kb.bed.gz	16937
release/genome-stratifications/v3.4/GRCh38@all/Union/GRCh38_alldifficultregions.bed.gz	31493048
release/genome-stratifications/v3.4/GRCh38@all/Union/GRCh38_alllowmapandsegdupregions.bed.gz	3513362
release/genome-stratifications/v3.4/GRCh38@all/Union/GRCh38_notinalldifficultregions.bed.gz	32740446
release/genome-stratifications/v3.4/GRCh38@all/Union/GRCh38_notinalllowmapandsegdupregions.bed.gz	3899014
release/genome-stratifications/v3.4/GRCh38@all/XY/GRCh38_AllAutosomes.bed.gz	4237
release/genome-stratifications/v3.4/GRCh38@all/XY/GRCh38_chrX_PAR.bed.gz	137
release/genome-stratifications/v3.4/GRCh38@all/XY/GRCh38_chrX_XTR.bed.gz	82
release/genome-stratifications/v3.4/GRCh38@all/XY/GRCh38_chrX_ampliconic.bed.gz	209
release/genome-stratifications/v3.4/GRCh38@all/XY/GRCh38_chrX_nonPAR.bed.gz	190
release/genome-stratifications/v3.4/GRCh38@all/XY/GRCh38_chrY_PAR.bed.gz	137
release/genome-stratifications/v3.4/GRCh38@all/XY/GRCh38_chrY_XTR.bed.gz	95
release/genome-stratifications/v3.4/GRCh38@all/XY/GRCh38_chrY_ampliconic.bed.gz	217
release/genome-stratifications/v3.4/GRCh38@all/XY/GRCh38_chrY_nonPAR.bed.gz	473
release/genome-stratifications/v3.4/HG002.hap1@all/Diploid/HG002.hap1_het_SNVorSV_regions_100k.bed.gz	644
release/genome-stratifications/v3.4/HG002.hap1@all/Diploid/HG002.hap1_het_SNVorSV_regions_10k.bed.gz	133744
release/genome-stratifications/v3.4/HG002.hap1@all/Diploid/HG002.hap1_het_SNVorSV_regions_25k.bed.gz	20234
release/genome-stratifications/v3.4/HG002.hap1@all/Diploid/HG002.hap1_het_SNVorSV_regions_50k.bed.gz	2995
release/genome-stratifications/v3.4/HG002.hap1@all/Diploid/HG002.hap1_het_SNVorSV_regions_5k.bed.gz	329287
release/genome-stratifications/v3.4/HG002.hap1@all/Diploid/HG002.hap1_het_regions_100k.bed.gz	545
release/genome-stratifications/v3.4/HG002.hap1@all/Diploid/HG002.hap1_het_regions_10k.bed.gz	95443
release/genome-stratifications/v3.4/HG002.hap1@all/Diploid/HG002.hap1_het_regions_25k.bed.gz	8402
release/genome-stratifications/v3.4/HG002.hap1@all/Diploid/HG002.hap1_het_regions_50k.bed.gz	1310
release/genome-stratifications/v3.4/HG002.hap1@all/Diploid/HG002.hap1_het_regions_5k.bed.gz	304826
release/genome-stratifications/v3.4/HG002.hap1@all/Diploid/HG002.hap1_hom_SNVorSV_regions_100k.bed.gz	482
release/genome-stratifications/v3.4/HG002.hap1@all/Diploid/HG002.hap1_hom_SNVorSV_regions_10k.bed.gz	131587
release/genome-stratifications/v3.4/HG002.hap1@all/Diploid/HG002.hap1_hom_SNVorSV_regions_25k.bed.gz	19822
release/genome-stratifications/v3.4/HG002.hap1@all/Diploid/HG002.hap1_hom_SNVorSV_regions_50k.bed.gz	2731
release/genome-stratifications/v3.4/HG002.hap1@all/Diploid/HG002.hap1_hom_SNVorSV_regions_5k.bed.gz	323165
release/genome-stratifications/v3.4/HG002.hap1@all/Diploid/HG002.hap1_hom_regions_100k.bed.gz	379
release/genome-stratifications/v3.4/HG002.hap1@all/Diploid/HG002.hap1_hom_regions_10k.bed.gz	93298
release/genome-stratifications/v3.4/HG002.hap1@all/Diploid/HG002.hap1_hom_regions_25k.bed.gz	8026
release/genome-stratifications/v3.4/HG002.hap1@all/Diploid/HG002.hap1_hom_regions_50k.bed.gz	1120
release/genome-stratifications/v3.4/HG002.hap1@all/Diploid/HG002.hap1_hom_regions_5k.bed.gz	297714
release/genome-stratifications/v3.4/HG002.hap1@all/Functional/HG002.hap1_notinrefseq_cds.bed.gz	1586622
release/genome-stratifications/v3.4/HG002.hap1@all/Functional/HG002.hap1_refseq_cds.bed.gz	1454948
release/genome-stratifications/v3.4/HG002.hap1@all/GCcontent/HG002.hap1_gc15_slop50.bed.gz	205237
release/genome-stratifications/v3.4/HG002.hap1@all/GCcontent/HG002.hap1_gc15to20_slop50.bed.gz	600972
release/genome-stratifications/v3.4/HG002.hap1@all/GCcontent/HG002.hap1_gc20to25_slop50.bed.gz	3444951
release/genome-stratifications/v3.4/HG002.hap1@all/GCcontent/HG002.hap1_gc25to30_slop50.bed.gz	10751874
release/genome-stratifications/v3.4/HG002.hap1@all/GCcontent/HG002.hap1_gc30to55_slop50.bed.gz	17028563
release/genome-stratifications/v3.4/HG002.hap1@all/GCcontent/HG002.hap1_gc55to60_slop50.bed.gz	7950095
release/genome-stratifications/v3.4/HG002.hap1@all/GCcontent/HG002.hap1_gc60to65_slop50.bed.gz	3248990
release/genome-stratifications/v3.4/HG002.hap1@all/GCcontent/HG002.hap1_gc65to70_slop50.bed.gz	1135881
release/genome-stratifications/v3.4/HG002.hap1@all/GCcontent/HG002.hap1_gc70to75_slop50.bed.gz	424877
release/genome-stratifications/v3.4/HG002.hap1@all/GCcontent/HG002.hap1_gc75to80_slop50.bed.gz	182628
release/genome-stratifications/v3.4/HG002.hap1@all/GCcontent/HG002.hap1_gc80to85_slop50.bed.gz	77837
release/genome-stratifications/v3.4/HG002.hap1@all/GCcontent/HG002.hap1_gc85_slop50.bed.gz	18787
release/genome-stratifications/v3.4/HG002.hap1@all/GCcontent/HG002.hap1_gclt25orgt65_slop50.bed.gz	4449479
release/genome-stratifications/v3.4/HG002.hap1@all/GCcontent/HG002.hap1_gclt30orgt55_slop50.bed.gz	16918857
release/genome-stratifications/v3.4/HG002.hap1@all/HG002.hap1-all-stratifications.tsv	7539
release/genome-stratifications/v3.4/HG002.hap1@all/HG002.hap1-genome-stratifications-md5s.txt	8407
release/genome-stratifications/v3.4/HG002.hap1@all/LowComplexity/HG002.hap1_AllHomopolymers_ge7bp_imperfectge11bp_slop5.bed.gz	24520122
release/genome-stratifications/v3.4/HG002.hap1@all/LowComplexity/HG002.hap1_AllTandemRepeats.bed.gz	9980546
release/genome-stratifications/v3.4/HG002.hap1@all/LowComplexity/HG002.hap1_AllTandemRepeats_201to10000bp_slop5.bed.gz	867724
release/genome-stratifications/v3.4/HG002.hap1@all/LowComplexity/HG002.hap1_AllTandemRepeats_51to200bp_slop5.bed.gz	2312858
release/genome-stratifications/v3.4/HG002.hap1@all/LowComplexity/HG002.hap1_AllTandemRepeats_ge10001bp_slop5.bed.gz	582803
release/genome-stratifications/v3.4/HG002.hap1@all/LowComplexity/HG002.hap1_AllTandemRepeats_ge101bp_slop5.bed.gz	2002962
release/genome-stratifications/v3.4/HG002.hap1@all/LowComplexity/HG002.hap1_AllTandemRepeats_le50bp_slop5.bed.gz	6297391
release/genome-stratifications/v3.4/HG002.hap1@all/LowComplexity/HG002.hap1_AllTandemRepeatsandHomopolymers_slop5.bed.gz	29675586
release/genome-stratifications/v3.4/HG002.hap1@all/LowComplexity/HG002.hap1_SimpleRepeat_diTR_10to49_slop5.bed.gz	3248277
release/genome-stratifications/v3.4/HG002.hap1@all/LowComplexity/HG002.hap1_SimpleRepeat_diTR_50to149_slop5.bed.gz	34274
release/genome-stratifications/v3.4/HG002.hap1@all/LowComplexity/HG002.hap1_SimpleRepeat_diTR_ge150_slop5.bed.gz	28
release/genome-stratifications/v3.4/HG002.hap1@all/LowComplexity/HG002.hap1_SimpleRepeat_homopolymer_4to6_AT_slop5.bed.gz	210622410
release/genome-stratifications/v3.4/HG002.hap1@all/LowComplexity/HG002.hap1_SimpleRepeat_homopolymer_4to6_GC_slop5.bed.gz	74283090
release/genome-stratifications/v3.4/HG002.hap1@all/LowComplexity/HG002.hap1_SimpleRepeat_homopolymer_4to6_slop5.bed.gz	260555720
release/genome-stratifications/v3.4/HG002.hap1@all/LowComplexity/HG002.hap1_SimpleRepeat_homopolymer_7to11_AT_slop5.bed.gz	16835897
release/genome-stratifications/v3.4/HG002.hap1@all/LowComplexity/HG002.hap1_SimpleRepeat_homopolymer_7to11_GC_slop5.bed.gz	673467
release/genome-stratifications/v3.4/HG002.hap1@all/LowComplexity/HG002.hap1_SimpleRepeat_homopolymer_7to11_slop5.bed.gz	17465333
release/genome-stratifications/v3.4/HG002.hap1@all/LowComplexity/HG002.hap1_SimpleRepeat_homopolymer_ge12_AT_slop5.bed.gz	4336682
release/genome-stratifications/v3.4/HG002.hap1@all/LowComplexity/HG002.hap1_SimpleRepeat_homopolymer_ge12_GC_slop5.bed.gz	24711
release/genome-stratifications/v3.4/HG002.hap1@all/LowComplexity/HG002.hap1_SimpleRepeat_homopolymer_ge12_slop5.bed.gz	4360643
release/genome-stratifications/v3.4/HG002.hap1@all/LowComplexity/HG002.hap1_SimpleRepeat_homopolymer_ge21_AT_slop5.bed.gz	944154
release/genome-stratifications/v3.4/HG002.hap1@all/LowComplexity/HG002.hap1_SimpleRepeat_homopolymer_ge21_GC_slop5.bed.gz	989
release/genome-stratifications/v3.4/HG002.hap1@all/LowComplexity/HG002.hap1_SimpleRepeat_homopolymer_ge21_slop5.bed.gz	945018
release/genome-stratifications/v3.4/HG002.hap1@all/LowComplexity/HG002.hap1_SimpleRepeat_imperfecthomopolge11_AT_slop5.bed.gz	10090266
release/genome-stratifications/v3.4/HG002.hap1@all/LowComplexity/HG002.hap1_SimpleRepeat_imperfecthomopolge11_GC_slop5.bed.gz	709033
release/genome-stratifications/v3.4/HG002.hap1@all/LowComplexity/HG002.hap1_SimpleRepeat_imperfecthomopolge11_slop5.bed.gz	10776737
release/genome-stratifications/v3.4/HG002.hap1@all/LowComplexity/HG002.hap1_SimpleRepeat_imperfecthomopolge21_AT_slop5.bed.gz	1958066
release/genome-stratifications/v3.4/HG002.hap1@all/LowComplexity/HG002.hap1_SimpleRepeat_imperfecthomopolge21_GC_slop5.bed.gz	28259
release/genome-stratifications/v3.4/HG002.hap1@all/LowComplexity/HG002.hap1_SimpleRepeat_imperfecthomopolge21_slop5.bed.gz	1985185
release/genome-stratifications/v3.4/HG002.hap1@all/LowComplexity/HG002.hap1_SimpleRepeat_quadTR_19to49_slop5.bed.gz	778506
release/genome-stratifications/v3.4/HG002.hap1@all/LowComplexity/HG002.hap1_SimpleRepeat_quadTR_50to149_slop5.bed.gz	64126
release/genome-stratifications/v3.4/HG002.hap1@all/LowComplexity/HG002.hap1_SimpleRepeat_quadTR_ge150_slop5.bed.gz	204
release/genome-stratifications/v3.4/HG002.hap1@all/LowComplexity/HG002.hap1_SimpleRepeat_triTR_14to49_slop5.bed.gz	689269
release/genome-stratifications/v3.4/HG002.hap1@all/LowComplexity/HG002.hap1_SimpleRepeat_triTR_50to149_slop5.bed.gz	6664
release/genome-stratifications/v3.4/HG002.hap1@all/LowComplexity/HG002.hap1_SimpleRepeat_triTR_ge150_slop5.bed.gz	125
release/genome-stratifications/v3.4/HG002.hap1@all/LowComplexity/HG002.hap1_notinAllHomopolymers_ge7bp_imperfectge11bp_slop5.bed.gz	26014664
release/genome-stratifications/v3.4/HG002.hap1@all/LowComplexity/HG002.hap1_notinAllTandemRepeatsandHomopolymers_slop5.bed.gz	31056190
release/genome-stratifications/v3.4/HG002.hap1@all/LowComplexity/HG002.hap1_notinallTandemRepeats.bed.gz	10758763
release/genome-stratifications/v3.4/HG002.hap1@all/LowComplexity/HG002.hap1_notinsatellites_slop5.bed.gz	13629
release/genome-stratifications/v3.4/HG002.hap1@all/LowComplexity/HG002.hap1_satellites_slop5.bed.gz	13580
release/genome-stratifications/v3.4/HG002.hap1@all/Mappability/HG002.hap1_lowmappabilityall.bed.gz	4392437
release/genome-stratifications/v3.4/HG002.hap1@all/Mappability/HG002.hap1_nonunique_l100_m2_e1.bed.gz	4392437
release/genome-stratifications/v3.4/HG002.hap1@all/Mappability/HG002.hap1_nonunique_l250_m0_e0.bed.gz	1553708
release/genome-stratifications/v3.4/HG002.hap1@all/Mappability/HG002.hap1_notinlowmappabilityall.bed.gz	4768482
release/genome-stratifications/v3.4/HG002.hap1@all/OtherDifficult/HG002.hap1_KIR.bed.gz	89
release/genome-stratifications/v3.4/HG002.hap1@all/OtherDifficult/HG002.hap1_MHC.bed.gz	88
release/genome-stratifications/v3.4/HG002.hap1@all/OtherDifficult/HG002.hap1_VDJ.bed.gz	168
release/genome-stratifications/v3.4/HG002.hap1@all/SegmentalDuplications/HG002.hap1_notinsegdups.bed.gz	50139
release/genome-stratifications/v3.4/HG002.hap1@all/SegmentalDuplications/HG002.hap1_notinsegdups_gt10kb.bed.gz	11855
release/genome-stratifications/v3.4/HG002.hap1@all/SegmentalDuplications/HG002.hap1_segdups.bed.gz	48970
release/genome-stratifications/v3.4/HG002.hap1@all/SegmentalDuplications/HG002.hap1_segdups_gt10kb.bed.gz	11901
release/genome-stratifications/v3.4/HG002.hap1@all/Telomere/HG002.hap1_telomeres.bed.gz	435
release/genome-stratifications/v3.4/HG002.hap1@all/Union/HG002.hap1_alldifficultregions.bed.gz	30634127
release/genome-stratifications/v3.4/HG002.hap1@all/Union/HG002.hap1_alllowmapandsegdupregions.bed.gz	3469814
release/genome-stratifications/v3.4/HG002.hap1@all/Union/HG002.hap1_notinalldifficultregions.bed.gz	31738704
release/genome-stratifications/v3.4/HG002.hap1@all/Union/HG002.hap1_notinalllowmapandsegdupregions.bed.gz	3826561
release/genome-stratifications/v3.4/HG002.hap1@all/XY/HG002.hap1_AllAutosomes.bed.gz	250
release/genome-stratifications/v3.4/HG002.hap1@all/XY/HG002.hap1_chrY_PAR.bed.gz	101
release/genome-stratifications/v3.4/HG002.hap1@all/XY/HG002.hap1_chrY_nonPAR.bed.gz	106
release/genome-stratifications/v3.4/HG002.hap2@all/Diploid/HG002.hap2_het_SNVorSV_regions_100k.bed.gz	650
release/genome-stratifications/v3.4/HG002.hap2@all/Diploid/HG002.hap2_het_SNVorSV_regions_10k.bed.gz	133943
release/genome-stratifications/v3.4/HG002.hap2@all/Diploid/HG002.hap2_het_SNVorSV_regions_25k.bed.gz	20214
release/genome-stratifications/v3.4/HG002.hap2@all/Diploid/HG002.hap2_het_SNVorSV_regions_50k.bed.gz	2987
release/genome-stratifications/v3.4/HG002.hap2@all/Diploid/HG002.hap2_het_SNVorSV_regions_5k.bed.gz	329975
release/genome-stratifications/v3.4/HG002.hap2@all/Diploid/HG002.hap2_het_regions_100k.bed.gz	553
release/genome-stratifications/v3.4/HG002.hap2@all/Diploid/HG002.hap2_het_regions_10k.bed.gz	95567
release/genome-stratifications/v3.4/HG002.hap2@all/Diploid/HG002.hap2_het_regions_25k.bed.gz	8347
release/genome-stratifications/v3.4/HG002.hap2@all/Diploid/HG002.hap2_het_regions_50k.bed.gz	1296
release/genome-stratifications/v3.4/HG002.hap2@all/Diploid/HG002.hap2_het_regions_5k.bed.gz	305388
release/genome-stratifications/v3.4/HG002.hap2@all/Diploid/HG002.hap2_hom_SNVorSV_regions_100k.bed.gz	473
release/genome-stratifications/v3.4/HG002.hap2@all/Diploid/HG002.hap2_hom_SNVorSV_regions_10k.bed.gz	131615
release/genome-stratifications/v3.4/HG002.hap2@all/Diploid/HG002.hap2_hom_SNVorSV_regions_25k.bed.gz	19785
release/genome-stratifications/v3.4/HG002.hap2@all/Diploid/HG002.hap2_hom_SNVorSV_regions_50k.bed.gz	2716
release/genome-stratifications/v3.4/HG002.hap2@all/Diploid/HG002.hap2_hom_SNVorSV_regions_5k.bed.gz	324001
release/genome-stratifications/v3.4/HG002.hap2@all/Diploid/HG002.hap2_hom_regions_100k.bed.gz	378
release/genome-stratifications/v3.4/HG002.hap2@all/Diploid/HG002.hap2_hom_regions_10k.bed.gz	93314
release/genome-stratifications/v3.4/HG002.hap2@all/Diploid/HG002.hap2_hom_regions_25k.bed.gz	7991
release/genome-stratifications/v3.4/HG002.hap2@all/Diploid/HG002.hap2_hom_regions_50k.bed.gz	1106
release/genome-stratifications/v3.4/HG002.hap2@all/Diploid/HG002.hap2_hom_regions_5k.bed.gz	298162
release/genome-stratifications/v3.4/HG002.hap2@all/Functional/HG002.hap2_notinrefseq_cds.bed.gz	1638175
release/genome-stratifications/v3.4/HG002.hap2@all/Functional/HG002.hap2_refseq_cds.bed.gz	1502390
release/genome-stratifications/v3.4/HG002.hap2@all/GCcontent/HG002.hap2_gc15_slop50.bed.gz	133359
release/genome-stratifications/v3.4/HG002.hap2@all/GCcontent/HG002.hap2_gc15to20_slop50.bed.gz	553645
release/genome-stratifications/v3.4/HG002.hap2@all/GCcontent/HG002.hap2_gc20to25_slop50.bed.gz	3530241
release/genome-stratifications/v3.4/HG002.hap2@all/GCcontent/HG002.hap2_gc25to30_slop50.bed.gz	11234170
release/genome-stratifications/v3.4/HG002.hap2@all/GCcontent/HG002.hap2_gc30to55_slop50.bed.gz	17687660
release/genome-stratifications/v3.4/HG002.hap2@all/GCcontent/HG002.hap2_gc55to60_slop50.bed.gz	8195742
release/genome-stratifications/v3.4/HG002.hap2@all/GCcontent/HG002.hap2_gc60to65_slop50.bed.gz	3339794
release/genome-stratifications/v3.4/HG002.hap2@all/GCcontent/HG002.hap2_gc65to70_slop50.bed.gz	1156344
release/genome-stratifications/v3.4/HG002.hap2@all/GCcontent/HG002.hap2_gc70to75_slop50.bed.gz	433802
release/genome-stratifications/v3.4/HG002.hap2@all/GCcontent/HG002.hap2_gc75to80_slop50.bed.gz	187915
release/genome-stratifications/v3.4/HG002.hap2@all/GCcontent/HG002.hap2_gc80to85_slop50.bed.gz	79983
release/genome-stratifications/v3.4/HG002.hap2@all/GCcontent/HG002.hap2_gc85_slop50.bed.gz	18686
release/genome-stratifications/v3.4/HG002.hap2@all/GCcontent/HG002.hap2_gclt25orgt65_slop50.bed.gz	4569949
release/genome-stratifications/v3.4/HG002.hap2@all/GCcontent/HG002.hap2_gclt30orgt55_slop50.bed.gz	17564893
release/genome-stratifications/v3.4/HG002.hap2@all/HG002.hap2-all-stratifications.tsv	7539
release/genome-stratifications/v3.4/HG002.hap2@all/HG002.hap2-genome-stratifications-md5s.txt	8407
release/genome-stratifications/v3.4/HG002.hap2@all/LowComplexity/HG002.hap2_AllHomopolymers_ge7bp_imperfectge11bp_slop5.bed.gz	25461934
release/genome-stratifications/v3.4/HG002.hap2@all/LowComplexity/HG002.hap2_AllTandemRepeats.bed.gz	10597089
release/genome-stratifications/v3.4/HG002.hap2@all/LowComplexity/HG002.hap2_AllTandemRepeats_201to10000bp_slop5.bed.gz	847389
release/genome-stratifications/v3.4/HG002.hap2@all/LowComplexity/HG002.hap2_AllTandemRepeats_51to200bp_slop5.bed.gz	2346149
release/genome-stratifications/v3.4/HG002.hap2@all/LowComplexity/HG002.hap2_AllTandemRepeats_ge10001bp_slop5.bed.gz	1058323
release/genome-stratifications/v3.4/HG002.hap2@all/LowComplexity/HG002.hap2_AllTandemRepeats_ge101bp_slop5.bed.gz	2465521
release/genome-stratifications/v3.4/HG002.hap2@all/LowComplexity/HG002.hap2_AllTandemRepeats_le50bp_slop5.bed.gz	6422298
release/genome-stratifications/v3.4/HG002.hap2@all/LowComplexity/HG002.hap2_AllTandemRepeatsandHomopolymers_slop5.bed.gz	30258958
release/genome-stratifications/v3.4/HG002.hap2@all/LowComplexity/HG002.hap2_SimpleRepeat_diTR_10to49_slop5.bed.gz	3300915
release/genome-stratifications/v3.4/HG002.hap2@all/LowComplexity/HG002.hap2_SimpleRepeat_diTR_50to149_slop5.bed.gz	37142
release/genome-stratifications/v3.4/HG002.hap2@all/LowComplexity/HG002.hap2_SimpleRepeat_diTR_ge150_slop5.bed.gz	105
release/genome-stratifications/v3.4/HG002.hap2@all/LowComplexity/HG002.hap2_SimpleRepeat_homopolymer_4to6_AT_slop5.bed.gz	218999433
release/genome-stratifications/v3.4/HG002.hap2@all/LowComplexity/HG002.hap2_SimpleRepeat_homopolymer_4to6_GC_slop5.bed.gz	77414344
release/genome-stratifications/v3.4/HG002.hap2@all/LowComplexity/HG002.hap2_SimpleRepeat_homopolymer_4to6_slop5.bed.gz	270811007
release/genome-stratifications/v3.4/HG002.hap2@all/LowComplexity/HG002.hap2_SimpleRepeat_homopolymer_7to11_AT_slop5.bed.gz	17433089
release/genome-stratifications/v3.4/HG002.hap2@all/LowComplexity/HG002.hap2_SimpleRepeat_homopolymer_7to11_GC_slop5.bed.gz	704947
release/genome-stratifications/v3.4/HG002.hap2@all/LowComplexity/HG002.hap2_SimpleRepeat_homopolymer_7to11_slop5.bed.gz	18086073
release/genome-stratifications/v3.4/HG002.hap2@all/LowComplexity/HG002.hap2_SimpleRepeat_homopolymer_ge12_AT_slop5.bed.gz	4517633
release/genome-stratifications/v3.4/HG002.hap2@all/LowComplexity/HG002.hap2_SimpleRepeat_homopolymer_ge12_GC_slop5.bed.gz	26226
release/genome-stratifications/v3.4/HG002.hap2@all/LowComplexity/HG002.hap2_SimpleRepeat_homopolymer_ge12_slop5.bed.gz	4539868
release/genome-stratifications/v3.4/HG002.hap2@all/LowComplexity/HG002.hap2_SimpleRepeat_homopolymer_ge21_AT_slop5.bed.gz	977605
release/genome-stratifications/v3.4/HG002.hap2@all/LowComplexity/HG002.hap2_SimpleRepeat_homopolymer_ge21_GC_slop5.bed.gz	988
release/genome-stratifications/v3.4/HG002.hap2@all/LowComplexity/HG002.hap2_SimpleRepeat_homopolymer_ge21_slop5.bed.gz	978514
release/genome-stratifications/v3.4/HG002.hap2@all/LowComplexity/HG002.hap2_SimpleRepeat_imperfecthomopolge11_AT_slop5.bed.gz	10534342
release/genome-stratifications/v3.4/HG002.hap2@all/LowComplexity/HG002.hap2_SimpleRepeat_imperfecthomopolge11_GC_slop5.bed.gz	749510
release/genome-stratifications/v3.4/HG002.hap2@all/LowComplexity/HG002.hap2_SimpleRepeat_imperfecthomopolge11_slop5.bed.gz	11265615
release/genome-stratifications/v3.4/HG002.hap2@all/LowComplexity/HG002.hap2_SimpleRepeat_imperfecthomopolge21_AT_slop5.bed.gz	2036297
release/genome-stratifications/v3.4/HG002.hap2@all/LowComplexity/HG002.hap2_SimpleRepeat_imperfecthomopolge21_GC_slop5.bed.gz	29914
release/genome-stratifications/v3.4/HG002.hap2@all/LowComplexity/HG002.hap2_SimpleRepeat_imperfecthomopolge21_slop5.bed.gz	2063375
release/genome-stratifications/v3.4/HG002.hap2@all/LowComplexity/HG002.hap2_SimpleRepeat_quadTR_19to49_slop5.bed.gz	814016
release/genome-stratifications/v3.4/HG002.hap2@all/LowComplexity/HG002.hap2_SimpleRepeat_quadTR_50to149_slop5.bed.gz	66528
release/genome-stratifications/v3.4/HG002.hap2@all/LowComplexity/HG002.hap2_SimpleRepeat_quadTR_ge150_slop5.bed.gz	277
release/genome-stratifications/v3.4/HG002.hap2@all/LowComplexity/HG002.hap2_SimpleRepeat_triTR_14to49_slop5.bed.gz	720835
release/genome-stratifications/v3.4/HG002.hap2@all/LowComplexity/HG002.hap2_SimpleRepeat_triTR_50to149_slop5.bed.gz	6826
release/genome-stratifications/v3.4/HG002.hap2@all/LowComplexity/HG002.hap2_SimpleRepeat_triTR_ge150_slop5.bed.gz	159
release/genome-stratifications/v3.4/HG002.hap2@all/LowComplexity/HG002.hap2_notinAllHomopolymers_ge7bp_imperfectge11bp_slop5.bed.gz	26974474
release/genome-stratifications/v3.4/HG002.hap2@all/LowComplexity/HG002.hap2_notinAllTandemRepeatsandHomopolymers_slop5.bed.gz	31638378
release/genome-stratifications/v3.4/HG002.hap2@all/LowComplexity/HG002.hap2_notinallTandemRepeats.bed.gz	11356935
release/genome-stratifications/v3.4/HG002.hap2@all/LowComplexity/HG002.hap2_notinsatellites_slop5.bed.gz	5931
release/genome-stratifications/v3.4/HG002.hap2@all/LowComplexity/HG002.hap2_satellites_slop5.bed.gz	5669
release/genome-stratifications/v3.4/HG002.hap2@all/Mappability/HG002.hap2_lowmappabilityall.bed.gz	4588051
release/genome-stratifications/v3.4/HG002.hap2@all/Mappability/HG002.hap2_nonunique_l100_m2_e1.bed.gz	4588051
release/genome-stratifications/v3.4/HG002.hap2@all/Mappability/HG002.hap2_nonunique_l250_m0_e0.bed.gz	1570704
release/genome-stratifications/v3.4/HG002.hap2@all/Mappability/HG002.hap2_notinlowmappabilityall.bed.gz	4979925
release/genome-stratifications/v3.4/HG002.hap2@all/OtherDifficult/HG002.hap2_KIR.bed.gz	89
release/genome-stratifications/v3.4/HG002.hap2@all/OtherDifficult/HG002.hap2_MHC.bed.gz	88
release/genome-stratifications/v3.4/HG002.hap2@all/OtherDifficult/HG002.hap2_VDJ.bed.gz	166
release/genome-stratifications/v3.4/HG002.hap2@all/SegmentalDuplications/HG002.hap2_notinsegdups.bed.gz	54193
release/genome-stratifications/v3.4/HG002.hap2@all/SegmentalDuplications/HG002.hap2_notinsegdups_gt10kb.bed.gz	12731
release/genome-stratifications/v3.4/HG002.hap2@all/SegmentalDuplications/HG002.hap2_segdups.bed.gz	52860
release/genome-stratifications/v3.4/HG002.hap2@all/SegmentalDuplications/HG002.hap2_segdups_gt10kb.bed.gz	12803
release/genome-stratifications/v3.4/HG002.hap2@all/Telomere/HG002.hap2_telomeres.bed.gz	435
release/genome-stratifications/v3.4/HG002.hap2@all/Union/HG002.hap2_alldifficultregions.bed.gz	31924591
release/genome-stratifications/v3.4/HG002.hap2@all/Union/HG002.hap2_alllowmapandsegdupregions.bed.gz	3698135
release/genome-stratifications/v3.4/HG002.hap2@all/Union/HG002.hap2_notinalldifficultregions.bed.gz	33063037
release/genome-stratifications/v3.4/HG002.hap2@all/Union/HG002.hap2_notinalllowmapandsegdupregions.bed.gz	4072193
release/genome-stratifications/v3.4/HG002.hap2@all/XY/HG002.hap2_AllAutosomes.bed.gz	249
release/genome-stratifications/v3.4/HG002.hap2@all/XY/HG002.hap2_chrX_PAR.bed.gz	103
release/genome-stratifications/v3.4/HG002.hap2@all/XY/HG002.hap2_chrX_nonPAR.bed.gz	103
release/genome-stratifications/v3.4/README.md	7206
release/genome-stratifications/v3.4/genome-stratifications-CHM13@all.tar.gz	940923139
release/genome-stratifications/v3.4/genome-stratifications-GRCh37@all.tar.gz	1401003204
release/genome-stratifications/v3.4/genome-stratifications-GRCh38@all.tar.gz	1384150960
release/genome-stratifications/v3.4/genome-stratifications-HG002.hap1@all.tar.gz	909357749
release/genome-stratifications/v3.4/genome-stratifications-HG002.hap2@all.tar.gz	944863383
release/genome-stratifications/v3.4/genome-stratifications-md5s.txt	72105
release/genome-stratifications/v3.4/validation/CHM13@all/Functional_CHM13_notinrefseq_cds.bed.gz	8177
release/genome-stratifications/v3.4/validation/CHM13@all/Functional_CHM13_refseq_cds.bed.gz	8031
release/genome-stratifications/v3.4/validation/CHM13@all/Mappability_CHM13_lowmappabilityall.bed.gz	816
release/genome-stratifications/v3.4/validation/CHM13@all/Mappability_CHM13_nonunique_l100_m2_e1.bed.gz	824
release/genome-stratifications/v3.4/validation/CHM13@all/Mappability_CHM13_notinlowmappabilityall.bed.gz	828
release/genome-stratifications/v3.4/validation/CHM13@all/Union_CHM13_alldifficultregions.bed.gz	548
release/genome-stratifications/v3.4/validation/CHM13@all/Union_CHM13_alllowmapandsegdupregions.bed.gz	674
release/genome-stratifications/v3.4/validation/CHM13@all/Union_CHM13_notinalldifficultregions.bed.gz	563
release/genome-stratifications/v3.4/validation/CHM13@all/Union_CHM13_notinalllowmapandsegdupregions.bed.gz	688
release/genome-stratifications/v3.4/validation/CHM13@all/diagnostics.tsv	11614
release/genome-stratifications/v3.4/validation/GRCh37@all/Functional_GRCh37_notinrefseq_cds.bed.gz	937
release/genome-stratifications/v3.4/validation/GRCh37@all/Functional_GRCh37_refseq_cds.bed.gz	919
release/genome-stratifications/v3.4/validation/GRCh37@all/Mappability_GRCh37_lowmappabilityall.bed.gz	157
release/genome-stratifications/v3.4/validation/GRCh37@all/Mappability_GRCh37_nonunique_l100_m2_e1.bed.gz	171
release/genome-stratifications/v3.4/validation/GRCh37@all/Mappability_GRCh37_notinlowmappabilityall.bed.gz	165
release/genome-stratifications/v3.4/validation/GRCh37@all/diagnostics.tsv	29621
release/genome-stratifications/v3.4/validation/GRCh38@all/Functional_GRCh38_notinrefseq_cds.bed.gz	903
release/genome-stratifications/v3.4/validation/GRCh38@all/Functional_GRCh38_refseq_cds.bed.gz	886
release/genome-stratifications/v3.4/validation/GRCh38@all/Mappability_GRCh38_lowmappabilityall.bed.gz	254
release/genome-stratifications/v3.4/validation/GRCh38@all/Mappability_GRCh38_nonunique_l100_m2_e1.bed.gz	265
release/genome-stratifications/v3.4/validation/GRCh38@all/Mappability_GRCh38_notinlowmappabilityall.bed.gz	264
release/genome-stratifications/v3.4/validation/GRCh38@all/Union_GRCh38_alldifficultregions.bed.gz	180
release/genome-stratifications/v3.4/validation/GRCh38@all/Union_GRCh38_alllowmapandsegdupregions.bed.gz	190
release/genome-stratifications/v3.4/validation/GRCh38@all/Union_GRCh38_notinalldifficultregions.bed.gz	187
release/genome-stratifications/v3.4/validation/GRCh38@all/Union_GRCh38_notinalllowmapandsegdupregions.bed.gz	198
release/genome-stratifications/v3.4/validation/GRCh38@all/diagnostics.tsv	30830
release/genome-stratifications/v3.4/validation/README.md	3044
release/genome-stratifications/v3.4/validation/benchmark_summary.html	5362311
release/genome-stratifications/v3.4/validation/coverage_plots.html	44106774
release/genome-stratifications/v3.4/validation/window_coverages/CHM13@all.html	26540368
release/genome-stratifications/v3.4/validation/window_coverages/GRCh37@all.html	57098392
release/genome-stratifications/v3.4/validation/window_coverages/GRCh38@all.html	60831248
release/genome-stratifications/v3.4/validation/window_coverages/HG002.hap1@all.html	30038553
release/genome-stratifications/v3.4/validation/window_coverages/HG002.hap2@all.html	30986369
release/genome-stratifications/v3.5/CHM13@all/CHM13-BACKGROUND.md	4316
release/genome-stratifications/v3.5/CHM13@all/CHM13-README.md	8308
release/genome-stratifications/v3.5/CHM13@all/CHM13-all-bb-stratifications.tsv	5704
release/genome-stratifications/v3.5/CHM13@all/CHM13-all-stratifications.tsv	6024
release/genome-stratifications/v3.5/CHM13@all/CHM13-genome-stratifications-bb-md5s.txt	6418
release/genome-stratifications/v3.5/CHM13@all/CHM13-genome-stratifications-md5s.txt	6738
release/genome-stratifications/v3.5/CHM13@all/Functional/CHM13_Functional_README.md	1252
release/genome-stratifications/v3.5/CHM13@all/Functional/CHM13_notinrefseq_cds.bb	1476206
release/genome-stratifications/v3.5/CHM13@all/Functional/CHM13_notinrefseq_cds.bed.gz	1521979
release/genome-stratifications/v3.5/CHM13@all/Functional/CHM13_refseq_cds.bb	1982394
release/genome-stratifications/v3.5/CHM13@all/Functional/CHM13_refseq_cds.bed.gz	1390873
release/genome-stratifications/v3.5/CHM13@all/GCcontent/CHM13_GCcontent_README.md	2114
release/genome-stratifications/v3.5/CHM13@all/GCcontent/CHM13_gc15_slop50.bb	347103
release/genome-stratifications/v3.5/CHM13@all/GCcontent/CHM13_gc15_slop50.bed.gz	210008
release/genome-stratifications/v3.5/CHM13@all/GCcontent/CHM13_gc15to20_slop50.bb	904558
release/genome-stratifications/v3.5/CHM13@all/GCcontent/CHM13_gc15to20_slop50.bed.gz	625933
release/genome-stratifications/v3.5/CHM13@all/GCcontent/CHM13_gc20to25_slop50.bb	4230160
release/genome-stratifications/v3.5/CHM13@all/GCcontent/CHM13_gc20to25_slop50.bed.gz	3548565
release/genome-stratifications/v3.5/CHM13@all/GCcontent/CHM13_gc25to30_slop50.bb	13771286
release/genome-stratifications/v3.5/CHM13@all/GCcontent/CHM13_gc25to30_slop50.bed.gz	11112270
release/genome-stratifications/v3.5/CHM13@all/GCcontent/CHM13_gc30to55_slop50.bb	20504016
release/genome-stratifications/v3.5/CHM13@all/GCcontent/CHM13_gc30to55_slop50.bed.gz	17517852
release/genome-stratifications/v3.5/CHM13@all/GCcontent/CHM13_gc55to60_slop50.bb	11236627
release/genome-stratifications/v3.5/CHM13@all/GCcontent/CHM13_gc55to60_slop50.bed.gz	8100919
release/genome-stratifications/v3.5/CHM13@all/GCcontent/CHM13_gc60to65_slop50.bb	4065739
release/genome-stratifications/v3.5/CHM13@all/GCcontent/CHM13_gc60to65_slop50.bed.gz	3304154
release/genome-stratifications/v3.5/CHM13@all/GCcontent/CHM13_gc65to70_slop50.bb	1759302
release/genome-stratifications/v3.5/CHM13@all/GCcontent/CHM13_gc65to70_slop50.bed.gz	1162066
release/genome-stratifications/v3.5/CHM13@all/GCcontent/CHM13_gc70to75_slop50.bb	672256
release/genome-stratifications/v3.5/CHM13@all/GCcontent/CHM13_gc70to75_slop50.bed.gz	447755
release/genome-stratifications/v3.5/CHM13@all/GCcontent/CHM13_gc75to80_slop50.bb	397258
release/genome-stratifications/v3.5/CHM13@all/GCcontent/CHM13_gc75to80_slop50.bed.gz	208142
release/genome-stratifications/v3.5/CHM13@all/GCcontent/CHM13_gc80to85_slop50.bb	175103
release/genome-stratifications/v3.5/CHM13@all/GCcontent/CHM13_gc80to85_slop50.bed.gz	99675
release/genome-stratifications/v3.5/CHM13@all/GCcontent/CHM13_gc85_slop50.bb	86239
release/genome-stratifications/v3.5/CHM13@all/GCcontent/CHM13_gc85_slop50.bed.gz	27602
release/genome-stratifications/v3.5/CHM13@all/GCcontent/CHM13_gclt25orgt65_slop50.bb	6553157
release/genome-stratifications/v3.5/CHM13@all/GCcontent/CHM13_gclt25orgt65_slop50.bed.gz	4567774
release/genome-stratifications/v3.5/CHM13@all/GCcontent/CHM13_gclt30orgt55_slop50.bb	24560593
release/genome-stratifications/v3.5/CHM13@all/GCcontent/CHM13_gclt30orgt55_slop50.bed.gz	17398615
release/genome-stratifications/v3.5/CHM13@all/LowComplexity/CHM13_AllHomopolymers_ge7bp_imperfectge11bp_slop5.bb	32357896
release/genome-stratifications/v3.5/CHM13@all/LowComplexity/CHM13_AllHomopolymers_ge7bp_imperfectge11bp_slop5.bed.gz	25197912
release/genome-stratifications/v3.5/CHM13@all/LowComplexity/CHM13_AllTandemRepeats.bb	13486984
release/genome-stratifications/v3.5/CHM13@all/LowComplexity/CHM13_AllTandemRepeats.bed.gz	10179990
release/genome-stratifications/v3.5/CHM13@all/LowComplexity/CHM13_AllTandemRepeats_201to10000bp_slop5.bb	1362806
release/genome-stratifications/v3.5/CHM13@all/LowComplexity/CHM13_AllTandemRepeats_201to10000bp_slop5.bed.gz	886661
release/genome-stratifications/v3.5/CHM13@all/LowComplexity/CHM13_AllTandemRepeats_51to200bp_slop5.bb	3038259
release/genome-stratifications/v3.5/CHM13@all/LowComplexity/CHM13_AllTandemRepeats_51to200bp_slop5.bed.gz	2376066
release/genome-stratifications/v3.5/CHM13@all/LowComplexity/CHM13_AllTandemRepeats_ge10001bp_slop5.bb	584737
release/genome-stratifications/v3.5/CHM13@all/LowComplexity/CHM13_AllTandemRepeats_ge10001bp_slop5.bed.gz	611648
release/genome-stratifications/v3.5/CHM13@all/LowComplexity/CHM13_AllTandemRepeats_ge101bp_slop5.bb	2662811
release/genome-stratifications/v3.5/CHM13@all/LowComplexity/CHM13_AllTandemRepeats_ge101bp_slop5.bed.gz	2081655
release/genome-stratifications/v3.5/CHM13@all/LowComplexity/CHM13_AllTandemRepeats_le50bp_slop5.bb	8039053
release/genome-stratifications/v3.5/CHM13@all/LowComplexity/CHM13_AllTandemRepeats_le50bp_slop5.bed.gz	6360907
release/genome-stratifications/v3.5/CHM13@all/LowComplexity/CHM13_AllTandemRepeatsandHomopolymers_slop5.bb	37568612
release/genome-stratifications/v3.5/CHM13@all/LowComplexity/CHM13_AllTandemRepeatsandHomopolymers_slop5.bed.gz	30486593
release/genome-stratifications/v3.5/CHM13@all/LowComplexity/CHM13_LowComplexity_README.md	11266
release/genome-stratifications/v3.5/CHM13@all/LowComplexity/CHM13_SimpleRepeat_diTR_10to49_slop5.bb	4892485
release/genome-stratifications/v3.5/CHM13@all/LowComplexity/CHM13_SimpleRepeat_diTR_10to49_slop5.bed.gz	3439701
release/genome-stratifications/v3.5/CHM13@all/LowComplexity/CHM13_SimpleRepeat_diTR_50to149_slop5.bb	80542
release/genome-stratifications/v3.5/CHM13@all/LowComplexity/CHM13_SimpleRepeat_diTR_50to149_slop5.bed.gz	35363
release/genome-stratifications/v3.5/CHM13@all/LowComplexity/CHM13_SimpleRepeat_diTR_ge150_slop5.bb	13148
release/genome-stratifications/v3.5/CHM13@all/LowComplexity/CHM13_SimpleRepeat_diTR_ge150_slop5.bed.gz	82
release/genome-stratifications/v3.5/CHM13@all/LowComplexity/CHM13_SimpleRepeat_homopolymer_4to6_AT_slop5.bb	214568568
release/genome-stratifications/v3.5/CHM13@all/LowComplexity/CHM13_SimpleRepeat_homopolymer_4to6_AT_slop5.bed.gz	216607730
release/genome-stratifications/v3.5/CHM13@all/LowComplexity/CHM13_SimpleRepeat_homopolymer_4to6_GC_slop5.bb	80000357
release/genome-stratifications/v3.5/CHM13@all/LowComplexity/CHM13_SimpleRepeat_homopolymer_4to6_GC_slop5.bed.gz	76835336
release/genome-stratifications/v3.5/CHM13@all/LowComplexity/CHM13_SimpleRepeat_homopolymer_4to6_slop5.bb	251465447
release/genome-stratifications/v3.5/CHM13@all/LowComplexity/CHM13_SimpleRepeat_homopolymer_4to6_slop5.bed.gz	267485075
release/genome-stratifications/v3.5/CHM13@all/LowComplexity/CHM13_SimpleRepeat_homopolymer_7to11_AT_slop5.bb	24955616
release/genome-stratifications/v3.5/CHM13@all/LowComplexity/CHM13_SimpleRepeat_homopolymer_7to11_AT_slop5.bed.gz	17245119
release/genome-stratifications/v3.5/CHM13@all/LowComplexity/CHM13_SimpleRepeat_homopolymer_7to11_GC_slop5.bb	952549
release/genome-stratifications/v3.5/CHM13@all/LowComplexity/CHM13_SimpleRepeat_homopolymer_7to11_GC_slop5.bed.gz	709492
release/genome-stratifications/v3.5/CHM13@all/LowComplexity/CHM13_SimpleRepeat_homopolymer_7to11_slop5.bb	25698594
release/genome-stratifications/v3.5/CHM13@all/LowComplexity/CHM13_SimpleRepeat_homopolymer_7to11_slop5.bed.gz	17908330
release/genome-stratifications/v3.5/CHM13@all/LowComplexity/CHM13_SimpleRepeat_homopolymer_ge12_AT_slop5.bb	6112689
release/genome-stratifications/v3.5/CHM13@all/LowComplexity/CHM13_SimpleRepeat_homopolymer_ge12_AT_slop5.bed.gz	4404108
release/genome-stratifications/v3.5/CHM13@all/LowComplexity/CHM13_SimpleRepeat_homopolymer_ge12_GC_slop5.bb	71591
release/genome-stratifications/v3.5/CHM13@all/LowComplexity/CHM13_SimpleRepeat_homopolymer_ge12_GC_slop5.bed.gz	29768
release/genome-stratifications/v3.5/CHM13@all/LowComplexity/CHM13_SimpleRepeat_homopolymer_ge12_slop5.bb	6140610
release/genome-stratifications/v3.5/CHM13@all/LowComplexity/CHM13_SimpleRepeat_homopolymer_ge12_slop5.bed.gz	4429554
release/genome-stratifications/v3.5/CHM13@all/LowComplexity/CHM13_SimpleRepeat_homopolymer_ge21_AT_slop5.bb	1387444
release/genome-stratifications/v3.5/CHM13@all/LowComplexity/CHM13_SimpleRepeat_homopolymer_ge21_AT_slop5.bed.gz	955952
release/genome-stratifications/v3.5/CHM13@all/LowComplexity/CHM13_SimpleRepeat_homopolymer_ge21_GC_slop5.bb	24783
release/genome-stratifications/v3.5/CHM13@all/LowComplexity/CHM13_SimpleRepeat_homopolymer_ge21_GC_slop5.bed.gz	1260
release/genome-stratifications/v3.5/CHM13@all/LowComplexity/CHM13_SimpleRepeat_homopolymer_ge21_slop5.bb	1388545
release/genome-stratifications/v3.5/CHM13@all/LowComplexity/CHM13_SimpleRepeat_homopolymer_ge21_slop5.bed.gz	957006
release/genome-stratifications/v3.5/CHM13@all/LowComplexity/CHM13_SimpleRepeat_imperfecthomopolge11_AT_slop5.bb	12153547
release/genome-stratifications/v3.5/CHM13@all/LowComplexity/CHM13_SimpleRepeat_imperfecthomopolge11_AT_slop5.bed.gz	10306608
release/genome-stratifications/v3.5/CHM13@all/LowComplexity/CHM13_SimpleRepeat_imperfecthomopolge11_GC_slop5.bb	1233964
release/genome-stratifications/v3.5/CHM13@all/LowComplexity/CHM13_SimpleRepeat_imperfecthomopolge11_GC_slop5.bed.gz	750126
release/genome-stratifications/v3.5/CHM13@all/LowComplexity/CHM13_SimpleRepeat_imperfecthomopolge11_slop5.bb	12873749
release/genome-stratifications/v3.5/CHM13@all/LowComplexity/CHM13_SimpleRepeat_imperfecthomopolge11_slop5.bed.gz	11032535
release/genome-stratifications/v3.5/CHM13@all/LowComplexity/CHM13_SimpleRepeat_imperfecthomopolge21_AT_slop5.bb	3200355
release/genome-stratifications/v3.5/CHM13@all/LowComplexity/CHM13_SimpleRepeat_imperfecthomopolge21_AT_slop5.bed.gz	1984868
release/genome-stratifications/v3.5/CHM13@all/LowComplexity/CHM13_SimpleRepeat_imperfecthomopolge21_GC_slop5.bb	87475
release/genome-stratifications/v3.5/CHM13@all/LowComplexity/CHM13_SimpleRepeat_imperfecthomopolge21_GC_slop5.bed.gz	30583
release/genome-stratifications/v3.5/CHM13@all/LowComplexity/CHM13_SimpleRepeat_imperfecthomopolge21_slop5.bb	3231737
release/genome-stratifications/v3.5/CHM13@all/LowComplexity/CHM13_SimpleRepeat_imperfecthomopolge21_slop5.bed.gz	2013833
release/genome-stratifications/v3.5/CHM13@all/LowComplexity/CHM13_SimpleRepeat_quadTR_19to49_slop5.bb	1207091
release/genome-stratifications/v3.5/CHM13@all/LowComplexity/CHM13_SimpleRepeat_quadTR_19to49_slop5.bed.gz	818177
release/genome-stratifications/v3.5/CHM13@all/LowComplexity/CHM13_SimpleRepeat_quadTR_50to149_slop5.bb	149067
release/genome-stratifications/v3.5/CHM13@all/LowComplexity/CHM13_SimpleRepeat_quadTR_50to149_slop5.bed.gz	71304
release/genome-stratifications/v3.5/CHM13@all/LowComplexity/CHM13_SimpleRepeat_quadTR_ge150_slop5.bb	20135
release/genome-stratifications/v3.5/CHM13@all/LowComplexity/CHM13_SimpleRepeat_quadTR_ge150_slop5.bed.gz	184
release/genome-stratifications/v3.5/CHM13@all/LowComplexity/CHM13_SimpleRepeat_triTR_14to49_slop5.bb	1151390
release/genome-stratifications/v3.5/CHM13@all/LowComplexity/CHM13_SimpleRepeat_triTR_14to49_slop5.bed.gz	718474
release/genome-stratifications/v3.5/CHM13@all/LowComplexity/CHM13_SimpleRepeat_triTR_50to149_slop5.bb	38348
release/genome-stratifications/v3.5/CHM13@all/LowComplexity/CHM13_SimpleRepeat_triTR_50to149_slop5.bed.gz	8373
release/genome-stratifications/v3.5/CHM13@all/LowComplexity/CHM13_SimpleRepeat_triTR_ge150_slop5.bb	19953
release/genome-stratifications/v3.5/CHM13@all/LowComplexity/CHM13_SimpleRepeat_triTR_ge150_slop5.bed.gz	158
release/genome-stratifications/v3.5/CHM13@all/LowComplexity/CHM13_notinAllHomopolymers_ge7bp_imperfectge11bp_slop5.bb	23805207
release/genome-stratifications/v3.5/CHM13@all/LowComplexity/CHM13_notinAllHomopolymers_ge7bp_imperfectge11bp_slop5.bed.gz	26881587
release/genome-stratifications/v3.5/CHM13@all/LowComplexity/CHM13_notinAllTandemRepeatsandHomopolymers_slop5.bb	29723264
release/genome-stratifications/v3.5/CHM13@all/LowComplexity/CHM13_notinAllTandemRepeatsandHomopolymers_slop5.bed.gz	32043056
release/genome-stratifications/v3.5/CHM13@all/LowComplexity/CHM13_notinallTandemRepeats.bb	10364581
release/genome-stratifications/v3.5/CHM13@all/LowComplexity/CHM13_notinallTandemRepeats.bed.gz	11024701
release/genome-stratifications/v3.5/CHM13@all/LowComplexity/CHM13_notinsatellites_slop5.bb	35915
release/genome-stratifications/v3.5/CHM13@all/LowComplexity/CHM13_notinsatellites_slop5.bed.gz	8122
release/genome-stratifications/v3.5/CHM13@all/LowComplexity/CHM13_satellites_slop5.bb	36407
release/genome-stratifications/v3.5/CHM13@all/LowComplexity/CHM13_satellites_slop5.bed.gz	7888
release/genome-stratifications/v3.5/CHM13@all/Mappability/CHM13_Mappability_README.md	2738
release/genome-stratifications/v3.5/CHM13@all/Mappability/CHM13_lowmappabilityall.bb	5877505
release/genome-stratifications/v3.5/CHM13@all/Mappability/CHM13_lowmappabilityall.bed.gz	4605412
release/genome-stratifications/v3.5/CHM13@all/Mappability/CHM13_nonunique_l100_m2_e1.bb	5877516
release/genome-stratifications/v3.5/CHM13@all/Mappability/CHM13_nonunique_l100_m2_e1.bed.gz	4605408
release/genome-stratifications/v3.5/CHM13@all/Mappability/CHM13_nonunique_l250_m0_e0.bb	2616609
release/genome-stratifications/v3.5/CHM13@all/Mappability/CHM13_nonunique_l250_m0_e0.bed.gz	1677842
release/genome-stratifications/v3.5/CHM13@all/Mappability/CHM13_notinlowmappabilityall.bb	4917983
release/genome-stratifications/v3.5/CHM13@all/Mappability/CHM13_notinlowmappabilityall.bed.gz	5019202
release/genome-stratifications/v3.5/CHM13@all/OtherDifficult/CHM13_KIR.bb	13156
release/genome-stratifications/v3.5/CHM13@all/OtherDifficult/CHM13_KIR.bed.gz	83
release/genome-stratifications/v3.5/CHM13@all/OtherDifficult/CHM13_MHC.bb	13155
release/genome-stratifications/v3.5/CHM13@all/OtherDifficult/CHM13_MHC.bed.gz	82
release/genome-stratifications/v3.5/CHM13@all/OtherDifficult/CHM13_OtherDifficult_README.md	2054
release/genome-stratifications/v3.5/CHM13@all/OtherDifficult/CHM13_VDJ.bb	19782
release/genome-stratifications/v3.5/CHM13@all/OtherDifficult/CHM13_VDJ.bed.gz	144
release/genome-stratifications/v3.5/CHM13@all/OtherDifficult/CHM13_rDNA.bb	19776
release/genome-stratifications/v3.5/CHM13@all/OtherDifficult/CHM13_rDNA.bed.gz	129
release/genome-stratifications/v3.5/CHM13@all/SegmentalDuplications/CHM13_SegmentalDuplications_README.md	1532
release/genome-stratifications/v3.5/CHM13@all/SegmentalDuplications/CHM13_notinsegdups.bb	94939
release/genome-stratifications/v3.5/CHM13@all/SegmentalDuplications/CHM13_notinsegdups.bed.gz	59572
release/genome-stratifications/v3.5/CHM13@all/SegmentalDuplications/CHM13_notinsegdups_gt10kb.bb	51287
release/genome-stratifications/v3.5/CHM13@all/SegmentalDuplications/CHM13_notinsegdups_gt10kb.bed.gz	12281
release/genome-stratifications/v3.5/CHM13@all/SegmentalDuplications/CHM13_segdups.bb	119290
release/genome-stratifications/v3.5/CHM13@all/SegmentalDuplications/CHM13_segdups.bed.gz	58153
release/genome-stratifications/v3.5/CHM13@all/SegmentalDuplications/CHM13_segdups_gt10kb.bb	50169
release/genome-stratifications/v3.5/CHM13@all/SegmentalDuplications/CHM13_segdups_gt10kb.bed.gz	12370
release/genome-stratifications/v3.5/CHM13@all/Telomere/CHM13_Telomere_README.md	627
release/genome-stratifications/v3.5/CHM13@all/Telomere/CHM13_telomeres.bb	21786
release/genome-stratifications/v3.5/CHM13@all/Telomere/CHM13_telomeres.bed.gz	400
release/genome-stratifications/v3.5/CHM13@all/Union/CHM13_Union_README.md	1562
release/genome-stratifications/v3.5/CHM13@all/Union/CHM13_alldifficultregions.bb	34657852
release/genome-stratifications/v3.5/CHM13@all/Union/CHM13_alldifficultregions.bed.gz	31512292
release/genome-stratifications/v3.5/CHM13@all/Union/CHM13_alllowmapandsegdupregions.bb	4534663
release/genome-stratifications/v3.5/CHM13@all/Union/CHM13_alllowmapandsegdupregions.bed.gz	3565131
release/genome-stratifications/v3.5/CHM13@all/Union/CHM13_notinalldifficultregions.bb	32534292
release/genome-stratifications/v3.5/CHM13@all/Union/CHM13_notinalldifficultregions.bed.gz	32762124
release/genome-stratifications/v3.5/CHM13@all/Union/CHM13_notinalllowmapandsegdupregions.bb	3821262
release/genome-stratifications/v3.5/CHM13@all/Union/CHM13_notinalllowmapandsegdupregions.bed.gz	3954633
release/genome-stratifications/v3.5/CHM13@all/XY/CHM13_AllAutosomes.bb	20860
release/genome-stratifications/v3.5/CHM13@all/XY/CHM13_AllAutosomes.bed.gz	228
release/genome-stratifications/v3.5/CHM13@all/XY/CHM13_XY_README.md	2397
release/genome-stratifications/v3.5/CHM13@all/XY/CHM13_chrX_PAR.bb	13154
release/genome-stratifications/v3.5/CHM13@all/XY/CHM13_chrX_PAR.bed.gz	92
release/genome-stratifications/v3.5/CHM13@all/XY/CHM13_chrX_XTR.bb	13155
release/genome-stratifications/v3.5/CHM13@all/XY/CHM13_chrX_XTR.bed.gz	82
release/genome-stratifications/v3.5/CHM13@all/XY/CHM13_chrX_nonPAR.bb	13156
release/genome-stratifications/v3.5/CHM13@all/XY/CHM13_chrX_nonPAR.bed.gz	82
release/genome-stratifications/v3.5/CHM13@all/XY/CHM13_chrY_PAR.bb	13154
release/genome-stratifications/v3.5/CHM13@all/XY/CHM13_chrY_PAR.bed.gz	90
release/genome-stratifications/v3.5/CHM13@all/XY/CHM13_chrY_XTR.bb	13166
release/genome-stratifications/v3.5/CHM13@all/XY/CHM13_chrY_XTR.bed.gz	96
release/genome-stratifications/v3.5/CHM13@all/XY/CHM13_chrY_nonPAR.bb	13156
release/genome-stratifications/v3.5/CHM13@all/XY/CHM13_chrY_nonPAR.bed.gz	81
release/genome-stratifications/v3.5/GRCh37@all/Functional/GRCh37_Functional_README.md	1250
release/genome-stratifications/v3.5/GRCh37@all/Functional/GRCh37_notinrefseq_cds.bb	1490782
release/genome-stratifications/v3.5/GRCh37@all/Functional/GRCh37_notinrefseq_cds.bed.gz	1490895
release/genome-stratifications/v3.5/GRCh37@all/Functional/GRCh37_refseq_cds.bb	1973288
release/genome-stratifications/v3.5/GRCh37@all/Functional/GRCh37_refseq_cds.bed.gz	1352398
release/genome-stratifications/v3.5/GRCh37@all/FunctionalTechnicallyDifficult/GRCh37_BadPromoters.bb	44965
release/genome-stratifications/v3.5/GRCh37@all/FunctionalTechnicallyDifficult/GRCh37_BadPromoters.bed.gz	7631
release/genome-stratifications/v3.5/GRCh37@all/FunctionalTechnicallyDifficult/GRCh37_CMRGv1.00_duplicationinKMT2C.bb	13151
release/genome-stratifications/v3.5/GRCh37@all/FunctionalTechnicallyDifficult/GRCh37_CMRGv1.00_duplicationinKMT2C.bed.gz	81
release/genome-stratifications/v3.5/GRCh37@all/FunctionalTechnicallyDifficult/GRCh37_CMRGv1.00_falselyduplicatedgenes.bb	19490
release/genome-stratifications/v3.5/GRCh37@all/FunctionalTechnicallyDifficult/GRCh37_CMRGv1.00_falselyduplicatedgenes.bed.gz	92
release/genome-stratifications/v3.5/GRCh37@all/FunctionalTechnicallyDifficult/GRCh37_FunctionalTechnicallyDifficult_README.md	2379
release/genome-stratifications/v3.5/GRCh37@all/GCcontent/GRCh37_GCcontent_README.md	2128
release/genome-stratifications/v3.5/GRCh37@all/GCcontent/GRCh37_gc15_slop50.bb	207983
release/genome-stratifications/v3.5/GRCh37@all/GCcontent/GRCh37_gc15_slop50.bed.gz	119839
release/genome-stratifications/v3.5/GRCh37@all/GCcontent/GRCh37_gc15to20_slop50.bb	758695
release/genome-stratifications/v3.5/GRCh37@all/GCcontent/GRCh37_gc15to20_slop50.bed.gz	468506
release/genome-stratifications/v3.5/GRCh37@all/GCcontent/GRCh37_gc20to25_slop50.bb	4101048
release/genome-stratifications/v3.5/GRCh37@all/GCcontent/GRCh37_gc20to25_slop50.bed.gz	3324592
release/genome-stratifications/v3.5/GRCh37@all/GCcontent/GRCh37_gc25to30_slop50.bb	13544615
release/genome-stratifications/v3.5/GRCh37@all/GCcontent/GRCh37_gc25to30_slop50.bed.gz	10812042
release/genome-stratifications/v3.5/GRCh37@all/GCcontent/GRCh37_gc30to55_slop50.bb	20354624
release/genome-stratifications/v3.5/GRCh37@all/GCcontent/GRCh37_gc30to55_slop50.bed.gz	17006972
release/genome-stratifications/v3.5/GRCh37@all/GCcontent/GRCh37_gc55to60_slop50.bb	10945981
release/genome-stratifications/v3.5/GRCh37@all/GCcontent/GRCh37_gc55to60_slop50.bed.gz	7788172
release/genome-stratifications/v3.5/GRCh37@all/GCcontent/GRCh37_gc60to65_slop50.bb	3927904
release/genome-stratifications/v3.5/GRCh37@all/GCcontent/GRCh37_gc60to65_slop50.bed.gz	3123713
release/genome-stratifications/v3.5/GRCh37@all/GCcontent/GRCh37_gc65to70_slop50.bb	1668117
release/genome-stratifications/v3.5/GRCh37@all/GCcontent/GRCh37_gc65to70_slop50.bed.gz	1055509
release/genome-stratifications/v3.5/GRCh37@all/GCcontent/GRCh37_gc70to75_slop50.bb	614837
release/genome-stratifications/v3.5/GRCh37@all/GCcontent/GRCh37_gc70to75_slop50.bed.gz	384056
release/genome-stratifications/v3.5/GRCh37@all/GCcontent/GRCh37_gc75to80_slop50.bb	270009
release/genome-stratifications/v3.5/GRCh37@all/GCcontent/GRCh37_gc75to80_slop50.bed.gz	165497
release/genome-stratifications/v3.5/GRCh37@all/GCcontent/GRCh37_gc80to85_slop50.bb	148034
release/genome-stratifications/v3.5/GRCh37@all/GCcontent/GRCh37_gc80to85_slop50.bed.gz	68415
release/genome-stratifications/v3.5/GRCh37@all/GCcontent/GRCh37_gc85_slop50.bb	58689
release/genome-stratifications/v3.5/GRCh37@all/GCcontent/GRCh37_gc85_slop50.bed.gz	14865
release/genome-stratifications/v3.5/GRCh37@all/GCcontent/GRCh37_gclt25orgt65_slop50.bb	6579920
release/genome-stratifications/v3.5/GRCh37@all/GCcontent/GRCh37_gclt25orgt65_slop50.bed.gz	4341950
release/genome-stratifications/v3.5/GRCh37@all/GCcontent/GRCh37_gclt30orgt55_slop50.bb	24293535
release/genome-stratifications/v3.5/GRCh37@all/GCcontent/GRCh37_gclt30orgt55_slop50.bed.gz	16895012
release/genome-stratifications/v3.5/GRCh37@all/GRCh37-BACKGROUND.md	4316
release/genome-stratifications/v3.5/GRCh37@all/GRCh37-README.md	8847
release/genome-stratifications/v3.5/GRCh37@all/GRCh37-all-bb-stratifications.tsv	16417
release/genome-stratifications/v3.5/GRCh37@all/GRCh37-all-stratifications.tsv	17141
release/genome-stratifications/v3.5/GRCh37@all/GRCh37-genome-stratifications-bb-md5s.txt	16526
release/genome-stratifications/v3.5/GRCh37@all/GRCh37-genome-stratifications-md5s.txt	17250
release/genome-stratifications/v3.5/GRCh37@all/GenomeSpecific/GRCh37_GenomeSpecific_README.md	57916
release/genome-stratifications/v3.5/GRCh37@all/GenomeSpecific/GRCh37_HG001_v4.2.1_CNV_CCSandONT_elliptical_outlier.bb	73166
release/genome-stratifications/v3.5/GRCh37@all/GenomeSpecific/GRCh37_HG001_v4.2.1_CNV_CCSandONT_elliptical_outlier.bed.gz	27197
release/genome-stratifications/v3.5/GRCh37@all/GenomeSpecific/GRCh37_HG001_v4.2.1_CNV_mrcanavarIllumina_CCShighcov_ONThighcov_intersection.bb	48950
release/genome-stratifications/v3.5/GRCh37@all/GenomeSpecific/GRCh37_HG001_v4.2.1_CNV_mrcanavarIllumina_CCShighcov_ONThighcov_intersection.bed.gz	4056
release/genome-stratifications/v3.5/GRCh37@all/GenomeSpecific/GRCh37_HG001_v4.2.1_CNVsandSVs.bb	291857
release/genome-stratifications/v3.5/GRCh37@all/GenomeSpecific/GRCh37_HG001_v4.2.1_CNVsandSVs.bed.gz	178151
release/genome-stratifications/v3.5/GRCh37@all/GenomeSpecific/GRCh37_HG001_v4.2.1_SV_pbsv_hifiasm_dipcall_svanalyzer_slop25percent.bb	275052
release/genome-stratifications/v3.5/GRCh37@all/GenomeSpecific/GRCh37_HG001_v4.2.1_SV_pbsv_hifiasm_dipcall_svanalyzer_slop25percent.bed.gz	155119
release/genome-stratifications/v3.5/GRCh37@all/GenomeSpecific/GRCh37_HG001_v4.2.1_comphetindel10bp_slop50.bb	490532
release/genome-stratifications/v3.5/GRCh37@all/GenomeSpecific/GRCh37_HG001_v4.2.1_comphetindel10bp_slop50.bed.gz	327271
release/genome-stratifications/v3.5/GRCh37@all/GenomeSpecific/GRCh37_HG001_v4.2.1_comphetsnp10bp_slop50.bb	304249
release/genome-stratifications/v3.5/GRCh37@all/GenomeSpecific/GRCh37_HG001_v4.2.1_comphetsnp10bp_slop50.bed.gz	168166
release/genome-stratifications/v3.5/GRCh37@all/GenomeSpecific/GRCh37_HG001_v4.2.1_complexandSVs.bb	1904742
release/genome-stratifications/v3.5/GRCh37@all/GenomeSpecific/GRCh37_HG001_v4.2.1_complexandSVs.bed.gz	1428395
release/genome-stratifications/v3.5/GRCh37@all/GenomeSpecific/GRCh37_HG001_v4.2.1_complexandSVs_alldifficultregions.bb	39197564
release/genome-stratifications/v3.5/GRCh37@all/GenomeSpecific/GRCh37_HG001_v4.2.1_complexandSVs_alldifficultregions.bed.gz	34213960
release/genome-stratifications/v3.5/GRCh37@all/GenomeSpecific/GRCh37_HG001_v4.2.1_complexindel10bp_slop50.bb	280680
release/genome-stratifications/v3.5/GRCh37@all/GenomeSpecific/GRCh37_HG001_v4.2.1_complexindel10bp_slop50.bed.gz	141075
release/genome-stratifications/v3.5/GRCh37@all/GenomeSpecific/GRCh37_HG001_v4.2.1_complexsnp10bp_slop50.bb	959013
release/genome-stratifications/v3.5/GRCh37@all/GenomeSpecific/GRCh37_HG001_v4.2.1_complexsnp10bp_slop50.bed.gz	579995
release/genome-stratifications/v3.5/GRCh37@all/GenomeSpecific/GRCh37_HG001_v4.2.1_inversions_slop25percent.bb	14584
release/genome-stratifications/v3.5/GRCh37@all/GenomeSpecific/GRCh37_HG001_v4.2.1_inversions_slop25percent.bed.gz	522
release/genome-stratifications/v3.5/GRCh37@all/GenomeSpecific/GRCh37_HG001_v4.2.1_notin_complexandSVs_alldifficultregions.bb	35814811
release/genome-stratifications/v3.5/GRCh37@all/GenomeSpecific/GRCh37_HG001_v4.2.1_notin_complexandSVs_alldifficultregions.bed.gz	35435198
release/genome-stratifications/v3.5/GRCh37@all/GenomeSpecific/GRCh37_HG001_v4.2.1_othercomplexwithin10bp_slop50.bb	189679
release/genome-stratifications/v3.5/GRCh37@all/GenomeSpecific/GRCh37_HG001_v4.2.1_othercomplexwithin10bp_slop50.bed.gz	112783
release/genome-stratifications/v3.5/GRCh37@all/GenomeSpecific/GRCh37_HG002_hifiasmv0.11_ComplexVar_in_TRgt100.bb	456984
release/genome-stratifications/v3.5/GRCh37@all/GenomeSpecific/GRCh37_HG002_hifiasmv0.11_ComplexVar_in_TRgt100.bed.gz	311373
release/genome-stratifications/v3.5/GRCh37@all/GenomeSpecific/GRCh37_HG002_v4.2.1_CNV_CCSandONT_elliptical_outlier.bb	70516
release/genome-stratifications/v3.5/GRCh37@all/GenomeSpecific/GRCh37_HG002_v4.2.1_CNV_CCSandONT_elliptical_outlier.bed.gz	15794
release/genome-stratifications/v3.5/GRCh37@all/GenomeSpecific/GRCh37_HG002_v4.2.1_CNV_gt2assemblycontigs_ONTCanu_ONTFlye_CCSCanu.bb	31864
release/genome-stratifications/v3.5/GRCh37@all/GenomeSpecific/GRCh37_HG002_v4.2.1_CNV_gt2assemblycontigs_ONTCanu_ONTFlye_CCSCanu.bed.gz	3219
release/genome-stratifications/v3.5/GRCh37@all/GenomeSpecific/GRCh37_HG002_v4.2.1_CNV_mrcanavarIllumina_CCShighcov_ONThighcov_intersection.bb	50930
release/genome-stratifications/v3.5/GRCh37@all/GenomeSpecific/GRCh37_HG002_v4.2.1_CNV_mrcanavarIllumina_CCShighcov_ONThighcov_intersection.bed.gz	4261
release/genome-stratifications/v3.5/GRCh37@all/GenomeSpecific/GRCh37_HG002_v4.2.1_CNVsandSVs.bb	319238
release/genome-stratifications/v3.5/GRCh37@all/GenomeSpecific/GRCh37_HG002_v4.2.1_CNVsandSVs.bed.gz	197420
release/genome-stratifications/v3.5/GRCh37@all/GenomeSpecific/GRCh37_HG002_v4.2.1_Tier1plusTier2_v0.6.1.bb	266138
release/genome-stratifications/v3.5/GRCh37@all/GenomeSpecific/GRCh37_HG002_v4.2.1_Tier1plusTier2_v0.6.1.bed.gz	183006
release/genome-stratifications/v3.5/GRCh37@all/GenomeSpecific/GRCh37_HG002_v4.2.1_Tier1plusTier2_v0.6.1_slop25percent.bb	331062
release/genome-stratifications/v3.5/GRCh37@all/GenomeSpecific/GRCh37_HG002_v4.2.1_Tier1plusTier2_v0.6.1_slop25percent.bed.gz	185363
release/genome-stratifications/v3.5/GRCh37@all/GenomeSpecific/GRCh37_HG002_v4.2.1_comphetindel10bp_slop50.bb	529625
release/genome-stratifications/v3.5/GRCh37@all/GenomeSpecific/GRCh37_HG002_v4.2.1_comphetindel10bp_slop50.bed.gz	363996
release/genome-stratifications/v3.5/GRCh37@all/GenomeSpecific/GRCh37_HG002_v4.2.1_comphetsnp10bp_slop50.bb	321184
release/genome-stratifications/v3.5/GRCh37@all/GenomeSpecific/GRCh37_HG002_v4.2.1_comphetsnp10bp_slop50.bed.gz	182463
release/genome-stratifications/v3.5/GRCh37@all/GenomeSpecific/GRCh37_HG002_v4.2.1_complexandSVs.bb	2030625
release/genome-stratifications/v3.5/GRCh37@all/GenomeSpecific/GRCh37_HG002_v4.2.1_complexandSVs.bed.gz	1532543
release/genome-stratifications/v3.5/GRCh37@all/GenomeSpecific/GRCh37_HG002_v4.2.1_complexandSVs_alldifficultregions.bb	39199115
release/genome-stratifications/v3.5/GRCh37@all/GenomeSpecific/GRCh37_HG002_v4.2.1_complexandSVs_alldifficultregions.bed.gz	34218544
release/genome-stratifications/v3.5/GRCh37@all/GenomeSpecific/GRCh37_HG002_v4.2.1_complexindel10bp_slop50.bb	296281
release/genome-stratifications/v3.5/GRCh37@all/GenomeSpecific/GRCh37_HG002_v4.2.1_complexindel10bp_slop50.bed.gz	154222
release/genome-stratifications/v3.5/GRCh37@all/GenomeSpecific/GRCh37_HG002_v4.2.1_complexsnp10bp_slop50.bb	981198
release/genome-stratifications/v3.5/GRCh37@all/GenomeSpecific/GRCh37_HG002_v4.2.1_complexsnp10bp_slop50.bed.gz	598130
release/genome-stratifications/v3.5/GRCh37@all/GenomeSpecific/GRCh37_HG002_v4.2.1_inversions_slop25percent.bb	14512
release/genome-stratifications/v3.5/GRCh37@all/GenomeSpecific/GRCh37_HG002_v4.2.1_inversions_slop25percent.bed.gz	467
release/genome-stratifications/v3.5/GRCh37@all/GenomeSpecific/GRCh37_HG002_v4.2.1_notin_complexandSVs_alldifficultregions.bb	35822728
release/genome-stratifications/v3.5/GRCh37@all/GenomeSpecific/GRCh37_HG002_v4.2.1_notin_complexandSVs_alldifficultregions.bed.gz	35440391
release/genome-stratifications/v3.5/GRCh37@all/GenomeSpecific/GRCh37_HG002_v4.2.1_othercomplexwithin10bp_slop50.bb	198918
release/genome-stratifications/v3.5/GRCh37@all/GenomeSpecific/GRCh37_HG002_v4.2.1_othercomplexwithin10bp_slop50.bed.gz	121566
release/genome-stratifications/v3.5/GRCh37@all/GenomeSpecific/GRCh37_HG003_v4.2.1_CNV_CCSandONT_elliptical_outlier.bb	78392
release/genome-stratifications/v3.5/GRCh37@all/GenomeSpecific/GRCh37_HG003_v4.2.1_CNV_CCSandONT_elliptical_outlier.bed.gz	20500
release/genome-stratifications/v3.5/GRCh37@all/GenomeSpecific/GRCh37_HG003_v4.2.1_CNV_mrcanavarIllumina_CCShighcov_ONThighcov_intersection.bb	50459
release/genome-stratifications/v3.5/GRCh37@all/GenomeSpecific/GRCh37_HG003_v4.2.1_CNV_mrcanavarIllumina_CCShighcov_ONThighcov_intersection.bed.gz	3992
release/genome-stratifications/v3.5/GRCh37@all/GenomeSpecific/GRCh37_HG003_v4.2.1_CNVsandSVs.bb	348756
release/genome-stratifications/v3.5/GRCh37@all/GenomeSpecific/GRCh37_HG003_v4.2.1_CNVsandSVs.bed.gz	223479
release/genome-stratifications/v3.5/GRCh37@all/GenomeSpecific/GRCh37_HG003_v4.2.1_SV_pbsv_slop25percent.bb	227307
release/genome-stratifications/v3.5/GRCh37@all/GenomeSpecific/GRCh37_HG003_v4.2.1_SV_pbsv_slop25percent.bed.gz	142249
release/genome-stratifications/v3.5/GRCh37@all/GenomeSpecific/GRCh37_HG003_v4.2.1_comphetindel10bp_slop50.bb	478206
release/genome-stratifications/v3.5/GRCh37@all/GenomeSpecific/GRCh37_HG003_v4.2.1_comphetindel10bp_slop50.bed.gz	314508
release/genome-stratifications/v3.5/GRCh37@all/GenomeSpecific/GRCh37_HG003_v4.2.1_comphetsnp10bp_slop50.bb	155085
release/genome-stratifications/v3.5/GRCh37@all/GenomeSpecific/GRCh37_HG003_v4.2.1_comphetsnp10bp_slop50.bed.gz	86009
release/genome-stratifications/v3.5/GRCh37@all/GenomeSpecific/GRCh37_HG003_v4.2.1_complexandSVs.bb	1989914
release/genome-stratifications/v3.5/GRCh37@all/GenomeSpecific/GRCh37_HG003_v4.2.1_complexandSVs.bed.gz	1520480
release/genome-stratifications/v3.5/GRCh37@all/GenomeSpecific/GRCh37_HG003_v4.2.1_complexandSVs_alldifficultregions.bb	39085491
release/genome-stratifications/v3.5/GRCh37@all/GenomeSpecific/GRCh37_HG003_v4.2.1_complexandSVs_alldifficultregions.bed.gz	34161952
release/genome-stratifications/v3.5/GRCh37@all/GenomeSpecific/GRCh37_HG003_v4.2.1_complexindel10bp_slop50.bb	173712
release/genome-stratifications/v3.5/GRCh37@all/GenomeSpecific/GRCh37_HG003_v4.2.1_complexindel10bp_slop50.bed.gz	102793
release/genome-stratifications/v3.5/GRCh37@all/GenomeSpecific/GRCh37_HG003_v4.2.1_complexsnp10bp_slop50.bb	957882
release/genome-stratifications/v3.5/GRCh37@all/GenomeSpecific/GRCh37_HG003_v4.2.1_complexsnp10bp_slop50.bed.gz	576845
release/genome-stratifications/v3.5/GRCh37@all/GenomeSpecific/GRCh37_HG003_v4.2.1_notin_complexandSVs_alldifficultregions.bb	35778541
release/genome-stratifications/v3.5/GRCh37@all/GenomeSpecific/GRCh37_HG003_v4.2.1_notin_complexandSVs_alldifficultregions.bed.gz	35383831
release/genome-stratifications/v3.5/GRCh37@all/GenomeSpecific/GRCh37_HG003_v4.2.1_othercomplexwithin10bp_slop50.bb	488688
release/genome-stratifications/v3.5/GRCh37@all/GenomeSpecific/GRCh37_HG003_v4.2.1_othercomplexwithin10bp_slop50.bed.gz	315554
release/genome-stratifications/v3.5/GRCh37@all/GenomeSpecific/GRCh37_HG004_v4.2.1_CNV_CCSandONT_elliptical_outlier.bb	61352
release/genome-stratifications/v3.5/GRCh37@all/GenomeSpecific/GRCh37_HG004_v4.2.1_CNV_CCSandONT_elliptical_outlier.bed.gz	18878
release/genome-stratifications/v3.5/GRCh37@all/GenomeSpecific/GRCh37_HG004_v4.2.1_CNV_mrcanavarIllumina_CCShighcov_ONThighcov_intersection.bb	39673
release/genome-stratifications/v3.5/GRCh37@all/GenomeSpecific/GRCh37_HG004_v4.2.1_CNV_mrcanavarIllumina_CCShighcov_ONThighcov_intersection.bed.gz	2691
release/genome-stratifications/v3.5/GRCh37@all/GenomeSpecific/GRCh37_HG004_v4.2.1_CNVsandSVs.bb	350642
release/genome-stratifications/v3.5/GRCh37@all/GenomeSpecific/GRCh37_HG004_v4.2.1_CNVsandSVs.bed.gz	223330
release/genome-stratifications/v3.5/GRCh37@all/GenomeSpecific/GRCh37_HG004_v4.2.1_SV_pbsv_slop25percent.bb	228295
release/genome-stratifications/v3.5/GRCh37@all/GenomeSpecific/GRCh37_HG004_v4.2.1_SV_pbsv_slop25percent.bed.gz	144875
release/genome-stratifications/v3.5/GRCh37@all/GenomeSpecific/GRCh37_HG004_v4.2.1_comphetindel10bp_slop50.bb	488623
release/genome-stratifications/v3.5/GRCh37@all/GenomeSpecific/GRCh37_HG004_v4.2.1_comphetindel10bp_slop50.bed.gz	325226
release/genome-stratifications/v3.5/GRCh37@all/GenomeSpecific/GRCh37_HG004_v4.2.1_comphetsnp10bp_slop50.bb	146600
release/genome-stratifications/v3.5/GRCh37@all/GenomeSpecific/GRCh37_HG004_v4.2.1_comphetsnp10bp_slop50.bed.gz	78531
release/genome-stratifications/v3.5/GRCh37@all/GenomeSpecific/GRCh37_HG004_v4.2.1_complexandSVs.bb	2020162
release/genome-stratifications/v3.5/GRCh37@all/GenomeSpecific/GRCh37_HG004_v4.2.1_complexandSVs.bed.gz	1538131
release/genome-stratifications/v3.5/GRCh37@all/GenomeSpecific/GRCh37_HG004_v4.2.1_complexandSVs_alldifficultregions.bb	39087420
release/genome-stratifications/v3.5/GRCh37@all/GenomeSpecific/GRCh37_HG004_v4.2.1_complexandSVs_alldifficultregions.bed.gz	34165299
release/genome-stratifications/v3.5/GRCh37@all/GenomeSpecific/GRCh37_HG004_v4.2.1_complexindel10bp_slop50.bb	172130
release/genome-stratifications/v3.5/GRCh37@all/GenomeSpecific/GRCh37_HG004_v4.2.1_complexindel10bp_slop50.bed.gz	101005
release/genome-stratifications/v3.5/GRCh37@all/GenomeSpecific/GRCh37_HG004_v4.2.1_complexsnp10bp_slop50.bb	957971
release/genome-stratifications/v3.5/GRCh37@all/GenomeSpecific/GRCh37_HG004_v4.2.1_complexsnp10bp_slop50.bed.gz	576447
release/genome-stratifications/v3.5/GRCh37@all/GenomeSpecific/GRCh37_HG004_v4.2.1_notin_complexandSVs_alldifficultregions.bb	35780278
release/genome-stratifications/v3.5/GRCh37@all/GenomeSpecific/GRCh37_HG004_v4.2.1_notin_complexandSVs_alldifficultregions.bed.gz	35386944
release/genome-stratifications/v3.5/GRCh37@all/GenomeSpecific/GRCh37_HG004_v4.2.1_othercomplexwithin10bp_slop50.bb	511041
release/genome-stratifications/v3.5/GRCh37@all/GenomeSpecific/GRCh37_HG004_v4.2.1_othercomplexwithin10bp_slop50.bed.gz	336404
release/genome-stratifications/v3.5/GRCh37@all/GenomeSpecific/GRCh37_HG005_v4.2.1_CNV_CCSandONT_elliptical_outlier.bb	59976
release/genome-stratifications/v3.5/GRCh37@all/GenomeSpecific/GRCh37_HG005_v4.2.1_CNV_CCSandONT_elliptical_outlier.bed.gz	17932
release/genome-stratifications/v3.5/GRCh37@all/GenomeSpecific/GRCh37_HG005_v4.2.1_CNV_mrcanavarIllumina_CCShighcov_ONThighcov_intersection.bb	40960
release/genome-stratifications/v3.5/GRCh37@all/GenomeSpecific/GRCh37_HG005_v4.2.1_CNV_mrcanavarIllumina_CCShighcov_ONThighcov_intersection.bed.gz	3312
release/genome-stratifications/v3.5/GRCh37@all/GenomeSpecific/GRCh37_HG005_v4.2.1_CNVsandSVs.bb	293616
release/genome-stratifications/v3.5/GRCh37@all/GenomeSpecific/GRCh37_HG005_v4.2.1_CNVsandSVs.bed.gz	179956
release/genome-stratifications/v3.5/GRCh37@all/GenomeSpecific/GRCh37_HG005_v4.2.1_SV_pbsv_hifiasm_dipcall_svanalyzer_slop25percent.bb	291775
release/genome-stratifications/v3.5/GRCh37@all/GenomeSpecific/GRCh37_HG005_v4.2.1_SV_pbsv_hifiasm_dipcall_svanalyzer_slop25percent.bed.gz	166054
release/genome-stratifications/v3.5/GRCh37@all/GenomeSpecific/GRCh37_HG005_v4.2.1_comphetindel10bp_slop50.bb	395220
release/genome-stratifications/v3.5/GRCh37@all/GenomeSpecific/GRCh37_HG005_v4.2.1_comphetindel10bp_slop50.bed.gz	238121
release/genome-stratifications/v3.5/GRCh37@all/GenomeSpecific/GRCh37_HG005_v4.2.1_comphetsnp10bp_slop50.bb	305266
release/genome-stratifications/v3.5/GRCh37@all/GenomeSpecific/GRCh37_HG005_v4.2.1_comphetsnp10bp_slop50.bed.gz	168476
release/genome-stratifications/v3.5/GRCh37@all/GenomeSpecific/GRCh37_HG005_v4.2.1_complexandSVs.bb	1792207
release/genome-stratifications/v3.5/GRCh37@all/GenomeSpecific/GRCh37_HG005_v4.2.1_complexandSVs.bed.gz	1334496
release/genome-stratifications/v3.5/GRCh37@all/GenomeSpecific/GRCh37_HG005_v4.2.1_complexandSVs_alldifficultregions.bb	39228333
release/genome-stratifications/v3.5/GRCh37@all/GenomeSpecific/GRCh37_HG005_v4.2.1_complexandSVs_alldifficultregions.bed.gz	34244816
release/genome-stratifications/v3.5/GRCh37@all/GenomeSpecific/GRCh37_HG005_v4.2.1_complexindel10bp_slop50.bb	201047
release/genome-stratifications/v3.5/GRCh37@all/GenomeSpecific/GRCh37_HG005_v4.2.1_complexindel10bp_slop50.bed.gz	128208
release/genome-stratifications/v3.5/GRCh37@all/GenomeSpecific/GRCh37_HG005_v4.2.1_complexsnp10bp_slop50.bb	966860
release/genome-stratifications/v3.5/GRCh37@all/GenomeSpecific/GRCh37_HG005_v4.2.1_complexsnp10bp_slop50.bed.gz	587046
release/genome-stratifications/v3.5/GRCh37@all/GenomeSpecific/GRCh37_HG005_v4.2.1_inversions_slop25percent.bb	14659
release/genome-stratifications/v3.5/GRCh37@all/GenomeSpecific/GRCh37_HG005_v4.2.1_inversions_slop25percent.bed.gz	546
release/genome-stratifications/v3.5/GRCh37@all/GenomeSpecific/GRCh37_HG005_v4.2.1_notin_complexandSVs_alldifficultregions.bb	35838188
release/genome-stratifications/v3.5/GRCh37@all/GenomeSpecific/GRCh37_HG005_v4.2.1_notin_complexandSVs_alldifficultregions.bed.gz	35473012
release/genome-stratifications/v3.5/GRCh37@all/GenomeSpecific/GRCh37_HG005_v4.2.1_othercomplexwithin10bp_slop50.bb	183685
release/genome-stratifications/v3.5/GRCh37@all/GenomeSpecific/GRCh37_HG005_v4.2.1_othercomplexwithin10bp_slop50.bed.gz	107731
release/genome-stratifications/v3.5/GRCh37@all/GenomeSpecific/GRCh37_HG006_v4.2.1_CNV_CCSandONT_elliptical_outlier.bb	54032
release/genome-stratifications/v3.5/GRCh37@all/GenomeSpecific/GRCh37_HG006_v4.2.1_CNV_CCSandONT_elliptical_outlier.bed.gz	13330
release/genome-stratifications/v3.5/GRCh37@all/GenomeSpecific/GRCh37_HG006_v4.2.1_CNV_mrcanavarIllumina_CCShighcov_ONThighcov_intersection.bb	40900
release/genome-stratifications/v3.5/GRCh37@all/GenomeSpecific/GRCh37_HG006_v4.2.1_CNV_mrcanavarIllumina_CCShighcov_ONThighcov_intersection.bed.gz	3152
release/genome-stratifications/v3.5/GRCh37@all/GenomeSpecific/GRCh37_HG006_v4.2.1_CNVsandSVs.bb	317609
release/genome-stratifications/v3.5/GRCh37@all/GenomeSpecific/GRCh37_HG006_v4.2.1_CNVsandSVs.bed.gz	194975
release/genome-stratifications/v3.5/GRCh37@all/GenomeSpecific/GRCh37_HG006_v4.2.1_SV_pbsv_slop25percent.bb	212278
release/genome-stratifications/v3.5/GRCh37@all/GenomeSpecific/GRCh37_HG006_v4.2.1_SV_pbsv_slop25percent.bed.gz	126288
release/genome-stratifications/v3.5/GRCh37@all/GenomeSpecific/GRCh37_HG006_v4.2.1_comphetindel10bp_slop50.bb	398774
release/genome-stratifications/v3.5/GRCh37@all/GenomeSpecific/GRCh37_HG006_v4.2.1_comphetindel10bp_slop50.bed.gz	241300
release/genome-stratifications/v3.5/GRCh37@all/GenomeSpecific/GRCh37_HG006_v4.2.1_comphetsnp10bp_slop50.bb	168800
release/genome-stratifications/v3.5/GRCh37@all/GenomeSpecific/GRCh37_HG006_v4.2.1_comphetsnp10bp_slop50.bed.gz	98625
release/genome-stratifications/v3.5/GRCh37@all/GenomeSpecific/GRCh37_HG006_v4.2.1_complexandSVs.bb	1858485
release/genome-stratifications/v3.5/GRCh37@all/GenomeSpecific/GRCh37_HG006_v4.2.1_complexandSVs.bed.gz	1379723
release/genome-stratifications/v3.5/GRCh37@all/GenomeSpecific/GRCh37_HG006_v4.2.1_complexandSVs_alldifficultregions.bb	39219004
release/genome-stratifications/v3.5/GRCh37@all/GenomeSpecific/GRCh37_HG006_v4.2.1_complexandSVs_alldifficultregions.bed.gz	34231553
release/genome-stratifications/v3.5/GRCh37@all/GenomeSpecific/GRCh37_HG006_v4.2.1_complexindel10bp_slop50.bb	177075
release/genome-stratifications/v3.5/GRCh37@all/GenomeSpecific/GRCh37_HG006_v4.2.1_complexindel10bp_slop50.bed.gz	106102
release/genome-stratifications/v3.5/GRCh37@all/GenomeSpecific/GRCh37_HG006_v4.2.1_complexsnp10bp_slop50.bb	953476
release/genome-stratifications/v3.5/GRCh37@all/GenomeSpecific/GRCh37_HG006_v4.2.1_complexsnp10bp_slop50.bed.gz	574212
release/genome-stratifications/v3.5/GRCh37@all/GenomeSpecific/GRCh37_HG006_v4.2.1_notin_complexandSVs_alldifficultregions.bb	35831270
release/genome-stratifications/v3.5/GRCh37@all/GenomeSpecific/GRCh37_HG006_v4.2.1_notin_complexandSVs_alldifficultregions.bed.gz	35458543
release/genome-stratifications/v3.5/GRCh37@all/GenomeSpecific/GRCh37_HG006_v4.2.1_othercomplexwithin10bp_slop50.bb	415823
release/genome-stratifications/v3.5/GRCh37@all/GenomeSpecific/GRCh37_HG006_v4.2.1_othercomplexwithin10bp_slop50.bed.gz	249704
release/genome-stratifications/v3.5/GRCh37@all/GenomeSpecific/GRCh37_HG007_v4.2.1_CNV_CCSandONT_elliptical_outlier.bb	51545
release/genome-stratifications/v3.5/GRCh37@all/GenomeSpecific/GRCh37_HG007_v4.2.1_CNV_CCSandONT_elliptical_outlier.bed.gz	11445
release/genome-stratifications/v3.5/GRCh37@all/GenomeSpecific/GRCh37_HG007_v4.2.1_CNV_mrcanavarIllumina_CCShighcov_ONThighcov_intersection.bb	41430
release/genome-stratifications/v3.5/GRCh37@all/GenomeSpecific/GRCh37_HG007_v4.2.1_CNV_mrcanavarIllumina_CCShighcov_ONThighcov_intersection.bed.gz	3588
release/genome-stratifications/v3.5/GRCh37@all/GenomeSpecific/GRCh37_HG007_v4.2.1_CNVsandSVs.bb	316429
release/genome-stratifications/v3.5/GRCh37@all/GenomeSpecific/GRCh37_HG007_v4.2.1_CNVsandSVs.bed.gz	193647
release/genome-stratifications/v3.5/GRCh37@all/GenomeSpecific/GRCh37_HG007_v4.2.1_SV_pbsv_slop25percent.bb	211772
release/genome-stratifications/v3.5/GRCh37@all/GenomeSpecific/GRCh37_HG007_v4.2.1_SV_pbsv_slop25percent.bed.gz	126443
release/genome-stratifications/v3.5/GRCh37@all/GenomeSpecific/GRCh37_HG007_v4.2.1_comphetindel10bp_slop50.bb	395159
release/genome-stratifications/v3.5/GRCh37@all/GenomeSpecific/GRCh37_HG007_v4.2.1_comphetindel10bp_slop50.bed.gz	238788
release/genome-stratifications/v3.5/GRCh37@all/GenomeSpecific/GRCh37_HG007_v4.2.1_comphetsnp10bp_slop50.bb	167981
release/genome-stratifications/v3.5/GRCh37@all/GenomeSpecific/GRCh37_HG007_v4.2.1_comphetsnp10bp_slop50.bed.gz	97619
release/genome-stratifications/v3.5/GRCh37@all/GenomeSpecific/GRCh37_HG007_v4.2.1_complexandSVs.bb	1855638
release/genome-stratifications/v3.5/GRCh37@all/GenomeSpecific/GRCh37_HG007_v4.2.1_complexandSVs.bed.gz	1373803
release/genome-stratifications/v3.5/GRCh37@all/GenomeSpecific/GRCh37_HG007_v4.2.1_complexandSVs_alldifficultregions.bb	39296224
release/genome-stratifications/v3.5/GRCh37@all/GenomeSpecific/GRCh37_HG007_v4.2.1_complexandSVs_alldifficultregions.bed.gz	34257065
release/genome-stratifications/v3.5/GRCh37@all/GenomeSpecific/GRCh37_HG007_v4.2.1_complexindel10bp_slop50.bb	175939
release/genome-stratifications/v3.5/GRCh37@all/GenomeSpecific/GRCh37_HG007_v4.2.1_complexindel10bp_slop50.bed.gz	104819
release/genome-stratifications/v3.5/GRCh37@all/GenomeSpecific/GRCh37_HG007_v4.2.1_complexsnp10bp_slop50.bb	949613
release/genome-stratifications/v3.5/GRCh37@all/GenomeSpecific/GRCh37_HG007_v4.2.1_complexsnp10bp_slop50.bed.gz	570601
release/genome-stratifications/v3.5/GRCh37@all/GenomeSpecific/GRCh37_HG007_v4.2.1_notin_complexandSVs_alldifficultregions.bb	35850967
release/genome-stratifications/v3.5/GRCh37@all/GenomeSpecific/GRCh37_HG007_v4.2.1_notin_complexandSVs_alldifficultregions.bed.gz	35486165
release/genome-stratifications/v3.5/GRCh37@all/GenomeSpecific/GRCh37_HG007_v4.2.1_othercomplexwithin10bp_slop50.bb	417202
release/genome-stratifications/v3.5/GRCh37@all/GenomeSpecific/GRCh37_HG007_v4.2.1_othercomplexwithin10bp_slop50.bed.gz	250535
release/genome-stratifications/v3.5/GRCh37@all/LowComplexity/GRCh37_AllHomopolymers_ge7bp_imperfectge11bp_slop5.bb	31054349
release/genome-stratifications/v3.5/GRCh37@all/LowComplexity/GRCh37_AllHomopolymers_ge7bp_imperfectge11bp_slop5.bed.gz	24106634
release/genome-stratifications/v3.5/GRCh37@all/LowComplexity/GRCh37_AllTandemRepeats.bb	12123269
release/genome-stratifications/v3.5/GRCh37@all/LowComplexity/GRCh37_AllTandemRepeats.bed.gz	9382129
release/genome-stratifications/v3.5/GRCh37@all/LowComplexity/GRCh37_AllTandemRepeats_201to10000bp_slop5.bb	1284546
release/genome-stratifications/v3.5/GRCh37@all/LowComplexity/GRCh37_AllTandemRepeats_201to10000bp_slop5.bed.gz	808541
release/genome-stratifications/v3.5/GRCh37@all/LowComplexity/GRCh37_AllTandemRepeats_51to200bp_slop5.bb	2854945
release/genome-stratifications/v3.5/GRCh37@all/LowComplexity/GRCh37_AllTandemRepeats_51to200bp_slop5.bed.gz	2166833
release/genome-stratifications/v3.5/GRCh37@all/LowComplexity/GRCh37_AllTandemRepeats_ge10001bp_slop5.bb	102137
release/genome-stratifications/v3.5/GRCh37@all/LowComplexity/GRCh37_AllTandemRepeats_ge10001bp_slop5.bed.gz	36186
release/genome-stratifications/v3.5/GRCh37@all/LowComplexity/GRCh37_AllTandemRepeats_ge101bp_slop5.bb	2118980
release/genome-stratifications/v3.5/GRCh37@all/LowComplexity/GRCh37_AllTandemRepeats_ge101bp_slop5.bed.gz	1460876
release/genome-stratifications/v3.5/GRCh37@all/LowComplexity/GRCh37_AllTandemRepeats_le50bp_slop5.bb	8142404
release/genome-stratifications/v3.5/GRCh37@all/LowComplexity/GRCh37_AllTandemRepeats_le50bp_slop5.bed.gz	6366531
release/genome-stratifications/v3.5/GRCh37@all/LowComplexity/GRCh37_AllTandemRepeatsandHomopolymers_slop5.bb	33944218
release/genome-stratifications/v3.5/GRCh37@all/LowComplexity/GRCh37_AllTandemRepeatsandHomopolymers_slop5.bed.gz	30023930
release/genome-stratifications/v3.5/GRCh37@all/LowComplexity/GRCh37_LowComplexity_README.md	11079
release/genome-stratifications/v3.5/GRCh37@all/LowComplexity/GRCh37_SimpleRepeat_diTR_10to49_slop5.bb	4520272
release/genome-stratifications/v3.5/GRCh37@all/LowComplexity/GRCh37_SimpleRepeat_diTR_10to49_slop5.bed.gz	2989501
release/genome-stratifications/v3.5/GRCh37@all/LowComplexity/GRCh37_SimpleRepeat_diTR_50to149_slop5.bb	80928
release/genome-stratifications/v3.5/GRCh37@all/LowComplexity/GRCh37_SimpleRepeat_diTR_50to149_slop5.bed.gz	34599
release/genome-stratifications/v3.5/GRCh37@all/LowComplexity/GRCh37_SimpleRepeat_diTR_ge150_slop5.bb	19570
release/genome-stratifications/v3.5/GRCh37@all/LowComplexity/GRCh37_SimpleRepeat_diTR_ge150_slop5.bed.gz	101
release/genome-stratifications/v3.5/GRCh37@all/LowComplexity/GRCh37_SimpleRepeat_homopolymer_4to6_AT_slop5.bb	201912217
release/genome-stratifications/v3.5/GRCh37@all/LowComplexity/GRCh37_SimpleRepeat_homopolymer_4to6_AT_slop5.bed.gz	202361189
release/genome-stratifications/v3.5/GRCh37@all/LowComplexity/GRCh37_SimpleRepeat_homopolymer_4to6_GC_slop5.bb	76425238
release/genome-stratifications/v3.5/GRCh37@all/LowComplexity/GRCh37_SimpleRepeat_homopolymer_4to6_GC_slop5.bed.gz	72788539
release/genome-stratifications/v3.5/GRCh37@all/LowComplexity/GRCh37_SimpleRepeat_homopolymer_4to6_slop5.bb	236630858
release/genome-stratifications/v3.5/GRCh37@all/LowComplexity/GRCh37_SimpleRepeat_homopolymer_4to6_slop5.bed.gz	250510788
release/genome-stratifications/v3.5/GRCh37@all/LowComplexity/GRCh37_SimpleRepeat_homopolymer_7to11_AT_slop5.bb	24089496
release/genome-stratifications/v3.5/GRCh37@all/LowComplexity/GRCh37_SimpleRepeat_homopolymer_7to11_AT_slop5.bed.gz	16425844
release/genome-stratifications/v3.5/GRCh37@all/LowComplexity/GRCh37_SimpleRepeat_homopolymer_7to11_GC_slop5.bb	888338
release/genome-stratifications/v3.5/GRCh37@all/LowComplexity/GRCh37_SimpleRepeat_homopolymer_7to11_GC_slop5.bed.gz	626487
release/genome-stratifications/v3.5/GRCh37@all/LowComplexity/GRCh37_SimpleRepeat_homopolymer_7to11_slop5.bb	24760951
release/genome-stratifications/v3.5/GRCh37@all/LowComplexity/GRCh37_SimpleRepeat_homopolymer_7to11_slop5.bed.gz	17019750
release/genome-stratifications/v3.5/GRCh37@all/LowComplexity/GRCh37_SimpleRepeat_homopolymer_ge12_AT_slop5.bb	6051113
release/genome-stratifications/v3.5/GRCh37@all/LowComplexity/GRCh37_SimpleRepeat_homopolymer_ge12_AT_slop5.bed.gz	4254954
release/genome-stratifications/v3.5/GRCh37@all/LowComplexity/GRCh37_SimpleRepeat_homopolymer_ge12_GC_slop5.bb	65642
release/genome-stratifications/v3.5/GRCh37@all/LowComplexity/GRCh37_SimpleRepeat_homopolymer_ge12_GC_slop5.bed.gz	23810
release/genome-stratifications/v3.5/GRCh37@all/LowComplexity/GRCh37_SimpleRepeat_homopolymer_ge12_slop5.bb	6072896
release/genome-stratifications/v3.5/GRCh37@all/LowComplexity/GRCh37_SimpleRepeat_homopolymer_ge12_slop5.bed.gz	4274847
release/genome-stratifications/v3.5/GRCh37@all/LowComplexity/GRCh37_SimpleRepeat_homopolymer_ge21_AT_slop5.bb	1369255
release/genome-stratifications/v3.5/GRCh37@all/LowComplexity/GRCh37_SimpleRepeat_homopolymer_ge21_AT_slop5.bed.gz	910583
release/genome-stratifications/v3.5/GRCh37@all/LowComplexity/GRCh37_SimpleRepeat_homopolymer_ge21_GC_slop5.bb	28895
release/genome-stratifications/v3.5/GRCh37@all/LowComplexity/GRCh37_SimpleRepeat_homopolymer_ge21_GC_slop5.bed.gz	567
release/genome-stratifications/v3.5/GRCh37@all/LowComplexity/GRCh37_SimpleRepeat_homopolymer_ge21_slop5.bb	1369742
release/genome-stratifications/v3.5/GRCh37@all/LowComplexity/GRCh37_SimpleRepeat_homopolymer_ge21_slop5.bed.gz	910852
release/genome-stratifications/v3.5/GRCh37@all/LowComplexity/GRCh37_SimpleRepeat_imperfecthomopolge11_AT_slop5.bb	11997311
release/genome-stratifications/v3.5/GRCh37@all/LowComplexity/GRCh37_SimpleRepeat_imperfecthomopolge11_AT_slop5.bed.gz	10001553
release/genome-stratifications/v3.5/GRCh37@all/LowComplexity/GRCh37_SimpleRepeat_imperfecthomopolge11_GC_slop5.bb	906585
release/genome-stratifications/v3.5/GRCh37@all/LowComplexity/GRCh37_SimpleRepeat_imperfecthomopolge11_GC_slop5.bed.gz	671592
release/genome-stratifications/v3.5/GRCh37@all/LowComplexity/GRCh37_SimpleRepeat_imperfecthomopolge11_slop5.bb	12661436
release/genome-stratifications/v3.5/GRCh37@all/LowComplexity/GRCh37_SimpleRepeat_imperfecthomopolge11_slop5.bed.gz	10678893
release/genome-stratifications/v3.5/GRCh37@all/LowComplexity/GRCh37_SimpleRepeat_imperfecthomopolge21_AT_slop5.bb	3160891
release/genome-stratifications/v3.5/GRCh37@all/LowComplexity/GRCh37_SimpleRepeat_imperfecthomopolge21_AT_slop5.bed.gz	1898137
release/genome-stratifications/v3.5/GRCh37@all/LowComplexity/GRCh37_SimpleRepeat_imperfecthomopolge21_GC_slop5.bb	63816
release/genome-stratifications/v3.5/GRCh37@all/LowComplexity/GRCh37_SimpleRepeat_imperfecthomopolge21_GC_slop5.bed.gz	24179
release/genome-stratifications/v3.5/GRCh37@all/LowComplexity/GRCh37_SimpleRepeat_imperfecthomopolge21_slop5.bb	3185734
release/genome-stratifications/v3.5/GRCh37@all/LowComplexity/GRCh37_SimpleRepeat_imperfecthomopolge21_slop5.bed.gz	1920513
release/genome-stratifications/v3.5/GRCh37@all/LowComplexity/GRCh37_SimpleRepeat_quadTR_19to49_slop5.bb	1148810
release/genome-stratifications/v3.5/GRCh37@all/LowComplexity/GRCh37_SimpleRepeat_quadTR_19to49_slop5.bed.gz	736468
release/genome-stratifications/v3.5/GRCh37@all/LowComplexity/GRCh37_SimpleRepeat_quadTR_50to149_slop5.bb	142779
release/genome-stratifications/v3.5/GRCh37@all/LowComplexity/GRCh37_SimpleRepeat_quadTR_50to149_slop5.bed.gz	62844
release/genome-stratifications/v3.5/GRCh37@all/LowComplexity/GRCh37_SimpleRepeat_quadTR_ge150_slop5.bb	20344
release/genome-stratifications/v3.5/GRCh37@all/LowComplexity/GRCh37_SimpleRepeat_quadTR_ge150_slop5.bed.gz	209
release/genome-stratifications/v3.5/GRCh37@all/LowComplexity/GRCh37_SimpleRepeat_triTR_14to49_slop5.bb	1113868
release/genome-stratifications/v3.5/GRCh37@all/LowComplexity/GRCh37_SimpleRepeat_triTR_14to49_slop5.bed.gz	652335
release/genome-stratifications/v3.5/GRCh37@all/LowComplexity/GRCh37_SimpleRepeat_triTR_50to149_slop5.bb	35712
release/genome-stratifications/v3.5/GRCh37@all/LowComplexity/GRCh37_SimpleRepeat_triTR_50to149_slop5.bed.gz	5687
release/genome-stratifications/v3.5/GRCh37@all/LowComplexity/GRCh37_SimpleRepeat_triTR_ge150_slop5.bb	19947
release/genome-stratifications/v3.5/GRCh37@all/LowComplexity/GRCh37_SimpleRepeat_triTR_ge150_slop5.bed.gz	154
release/genome-stratifications/v3.5/GRCh37@all/LowComplexity/GRCh37_notinAllHomopolymers_ge7bp_imperfectge11bp_slop5.bb	23208134
release/genome-stratifications/v3.5/GRCh37@all/LowComplexity/GRCh37_notinAllHomopolymers_ge7bp_imperfectge11bp_slop5.bed.gz	25776243
release/genome-stratifications/v3.5/GRCh37@all/LowComplexity/GRCh37_notinAllTandemRepeatsandHomopolymers_slop5.bb	29678183
release/genome-stratifications/v3.5/GRCh37@all/LowComplexity/GRCh37_notinAllTandemRepeatsandHomopolymers_slop5.bed.gz	31622149
release/genome-stratifications/v3.5/GRCh37@all/LowComplexity/GRCh37_notinallTandemRepeats.bb	9612799
release/genome-stratifications/v3.5/GRCh37@all/LowComplexity/GRCh37_notinallTandemRepeats.bed.gz	10305890
release/genome-stratifications/v3.5/GRCh37@all/LowComplexity/GRCh37_notinsatellites_slop5.bb	100978
release/genome-stratifications/v3.5/GRCh37@all/LowComplexity/GRCh37_notinsatellites_slop5.bed.gz	57587
release/genome-stratifications/v3.5/GRCh37@all/LowComplexity/GRCh37_satellites_slop5.bb	166971
release/genome-stratifications/v3.5/GRCh37@all/LowComplexity/GRCh37_satellites_slop5.bed.gz	58843
release/genome-stratifications/v3.5/GRCh37@all/Mappability/GRCh37_Mappability_README.md	2742
release/genome-stratifications/v3.5/GRCh37@all/Mappability/GRCh37_lowmappabilityall.bb	6618113
release/genome-stratifications/v3.5/GRCh37@all/Mappability/GRCh37_lowmappabilityall.bed.gz	4261316
release/genome-stratifications/v3.5/GRCh37@all/Mappability/GRCh37_nonunique_l100_m2_e1.bb	6618147
release/genome-stratifications/v3.5/GRCh37@all/Mappability/GRCh37_nonunique_l100_m2_e1.bed.gz	4261971
release/genome-stratifications/v3.5/GRCh37@all/Mappability/GRCh37_nonunique_l250_m0_e0.bb	1317342
release/genome-stratifications/v3.5/GRCh37@all/Mappability/GRCh37_nonunique_l250_m0_e0.bed.gz	732659
release/genome-stratifications/v3.5/GRCh37@all/Mappability/GRCh37_notinlowmappabilityall.bb	4636180
release/genome-stratifications/v3.5/GRCh37@all/Mappability/GRCh37_notinlowmappabilityall.bed.gz	4690555
release/genome-stratifications/v3.5/GRCh37@all/OtherDifficult/GRCh37_KIR.bb	13152
release/genome-stratifications/v3.5/GRCh37@all/OtherDifficult/GRCh37_KIR.bed.gz	80
release/genome-stratifications/v3.5/GRCh37@all/OtherDifficult/GRCh37_L1H_gt500.bb	44804
release/genome-stratifications/v3.5/GRCh37@all/OtherDifficult/GRCh37_L1H_gt500.bed.gz	7640
release/genome-stratifications/v3.5/GRCh37@all/OtherDifficult/GRCh37_MHC.bb	13152
release/genome-stratifications/v3.5/GRCh37@all/OtherDifficult/GRCh37_MHC.bed.gz	79
release/genome-stratifications/v3.5/GRCh37@all/OtherDifficult/GRCh37_OtherDifficult_README.md	6446
release/genome-stratifications/v3.5/GRCh37@all/OtherDifficult/GRCh37_VDJ.bb	13387
release/genome-stratifications/v3.5/GRCh37@all/OtherDifficult/GRCh37_VDJ.bed.gz	156
release/genome-stratifications/v3.5/GRCh37@all/OtherDifficult/GRCh37_allOtherDifficultregions.bb	320066
release/genome-stratifications/v3.5/GRCh37@all/OtherDifficult/GRCh37_allOtherDifficultregions.bed.gz	208483
release/genome-stratifications/v3.5/GRCh37@all/OtherDifficult/GRCh37_contigs_lt500kb.bb	34474
release/genome-stratifications/v3.5/GRCh37@all/OtherDifficult/GRCh37_contigs_lt500kb.bed.gz	852
release/genome-stratifications/v3.5/GRCh37@all/OtherDifficult/GRCh37_gaps_slop15kb.bb	47980
release/genome-stratifications/v3.5/GRCh37@all/OtherDifficult/GRCh37_gaps_slop15kb.bed.gz	3934
release/genome-stratifications/v3.5/GRCh37@all/OtherDifficult/GRCh37_hg38_minimap2_asm20_N10_gt1contig_gt1kb.bb	47837
release/genome-stratifications/v3.5/GRCh37@all/OtherDifficult/GRCh37_hg38_minimap2_asm20_N10_gt1contig_gt1kb.bed.gz	7561
release/genome-stratifications/v3.5/GRCh37@all/OtherDifficult/GRCh37_hg38_minimap2_asm20_N10_nocovgt1kb.bb	35972
release/genome-stratifications/v3.5/GRCh37@all/OtherDifficult/GRCh37_hg38_minimap2_asm20_N10_nocovgt1kb.bed.gz	1207
release/genome-stratifications/v3.5/GRCh37@all/OtherDifficult/GRCh37_hs37d5_decoy_alignments.bb	356102
release/genome-stratifications/v3.5/GRCh37@all/OtherDifficult/GRCh37_hs37d5_decoy_alignments.bed.gz	204873
release/genome-stratifications/v3.5/GRCh37@all/OtherDifficult/GRCh37_missing_and_multiple_alignments_of_GRCh38.bb	52717
release/genome-stratifications/v3.5/GRCh37@all/OtherDifficult/GRCh37_missing_and_multiple_alignments_of_GRCh38.bed.gz	7099
release/genome-stratifications/v3.5/GRCh37@all/SegmentalDuplications/GRCh37_SegmentalDuplications_README.md	1547
release/genome-stratifications/v3.5/GRCh37@all/SegmentalDuplications/GRCh37_notinsegdups.bb	100678
release/genome-stratifications/v3.5/GRCh37@all/SegmentalDuplications/GRCh37_notinsegdups.bed.gz	62652
release/genome-stratifications/v3.5/GRCh37@all/SegmentalDuplications/GRCh37_notinsegdups_gt10kb.bb	45001
release/genome-stratifications/v3.5/GRCh37@all/SegmentalDuplications/GRCh37_notinsegdups_gt10kb.bed.gz	15719
release/genome-stratifications/v3.5/GRCh37@all/SegmentalDuplications/GRCh37_segdups.bb	132563
release/genome-stratifications/v3.5/GRCh37@all/SegmentalDuplications/GRCh37_segdups.bed.gz	61318
release/genome-stratifications/v3.5/GRCh37@all/SegmentalDuplications/GRCh37_segdups_gt10kb.bb	56323
release/genome-stratifications/v3.5/GRCh37@all/SegmentalDuplications/GRCh37_segdups_gt10kb.bed.gz	15759
release/genome-stratifications/v3.5/GRCh37@all/Union/GRCh37_Union_README.md	1647
release/genome-stratifications/v3.5/GRCh37@all/Union/GRCh37_alldifficultregions.bb	36416036
release/genome-stratifications/v3.5/GRCh37@all/Union/GRCh37_alldifficultregions.bed.gz	30950980
release/genome-stratifications/v3.5/GRCh37@all/Union/GRCh37_alllowmapandsegdupregions.bb	5075868
release/genome-stratifications/v3.5/GRCh37@all/Union/GRCh37_alllowmapandsegdupregions.bed.gz	3387169
release/genome-stratifications/v3.5/GRCh37@all/Union/GRCh37_notinalldifficultregions.bb	32414718
release/genome-stratifications/v3.5/GRCh37@all/Union/GRCh37_notinalldifficultregions.bed.gz	32233021
release/genome-stratifications/v3.5/GRCh37@all/Union/GRCh37_notinalllowmapandsegdupregions.bb	3714023
release/genome-stratifications/v3.5/GRCh37@all/Union/GRCh37_notinalllowmapandsegdupregions.bed.gz	3790691
release/genome-stratifications/v3.5/GRCh37@all/XY/GRCh37_AllAutosomes.bb	30348
release/genome-stratifications/v3.5/GRCh37@all/XY/GRCh37_AllAutosomes.bed.gz	2190
release/genome-stratifications/v3.5/GRCh37@all/XY/GRCh37_XY_README.md	2586
release/genome-stratifications/v3.5/GRCh37@all/XY/GRCh37_chrX_PAR.bb	13237
release/genome-stratifications/v3.5/GRCh37@all/XY/GRCh37_chrX_PAR.bed.gz	136
release/genome-stratifications/v3.5/GRCh37@all/XY/GRCh37_chrX_XTR.bb	13152
release/genome-stratifications/v3.5/GRCh37@all/XY/GRCh37_chrX_XTR.bed.gz	79
release/genome-stratifications/v3.5/GRCh37@all/XY/GRCh37_chrX_ampliconic.bb	25805
release/genome-stratifications/v3.5/GRCh37@all/XY/GRCh37_chrX_ampliconic.bed.gz	182
release/genome-stratifications/v3.5/GRCh37@all/XY/GRCh37_chrX_nonPAR.bb	25885
release/genome-stratifications/v3.5/GRCh37@all/XY/GRCh37_chrX_nonPAR.bed.gz	219
release/genome-stratifications/v3.5/GRCh37@all/XY/GRCh37_chrY_PAR.bb	13236
release/genome-stratifications/v3.5/GRCh37@all/XY/GRCh37_chrY_PAR.bed.gz	134
release/genome-stratifications/v3.5/GRCh37@all/XY/GRCh37_chrY_XTR.bb	13162
release/genome-stratifications/v3.5/GRCh37@all/XY/GRCh37_chrY_XTR.bed.gz	90
release/genome-stratifications/v3.5/GRCh37@all/XY/GRCh37_chrY_ampliconic.bb	19504
release/genome-stratifications/v3.5/GRCh37@all/XY/GRCh37_chrY_ampliconic.bed.gz	168
release/genome-stratifications/v3.5/GRCh37@all/XY/GRCh37_chrY_nonPAR.bb	19513
release/genome-stratifications/v3.5/GRCh37@all/XY/GRCh37_chrY_nonPAR.bed.gz	161
release/genome-stratifications/v3.5/GRCh38@all/Ancestry/GRCh38_Ancestry_README.md	3359
release/genome-stratifications/v3.5/GRCh38@all/Ancestry/GRCh38_ancestry_AFR.bb	1423747
release/genome-stratifications/v3.5/GRCh38@all/Ancestry/GRCh38_ancestry_AFR.bed.gz	1281923
release/genome-stratifications/v3.5/GRCh38@all/Ancestry/GRCh38_ancestry_AMR.bb	445253
release/genome-stratifications/v3.5/GRCh38@all/Ancestry/GRCh38_ancestry_AMR.bed.gz	330180
release/genome-stratifications/v3.5/GRCh38@all/Ancestry/GRCh38_ancestry_EAS.bb	321754
release/genome-stratifications/v3.5/GRCh38@all/Ancestry/GRCh38_ancestry_EAS.bed.gz	221222
release/genome-stratifications/v3.5/GRCh38@all/Ancestry/GRCh38_ancestry_EUR.bb	1199418
release/genome-stratifications/v3.5/GRCh38@all/Ancestry/GRCh38_ancestry_EUR.bed.gz	1042574
release/genome-stratifications/v3.5/GRCh38@all/Ancestry/GRCh38_ancestry_Neanderthal.bb	117016
release/genome-stratifications/v3.5/GRCh38@all/Ancestry/GRCh38_ancestry_Neanderthal.bed.gz	45973
release/genome-stratifications/v3.5/GRCh38@all/Ancestry/GRCh38_ancestry_SAS.bb	314611
release/genome-stratifications/v3.5/GRCh38@all/Ancestry/GRCh38_ancestry_SAS.bed.gz	213523
release/genome-stratifications/v3.5/GRCh38@all/Functional/GRCh38_Functional_README.md	1250
release/genome-stratifications/v3.5/GRCh38@all/Functional/GRCh38_notinrefseq_cds.bb	1489824
release/genome-stratifications/v3.5/GRCh38@all/Functional/GRCh38_notinrefseq_cds.bed.gz	1523018
release/genome-stratifications/v3.5/GRCh38@all/Functional/GRCh38_refseq_cds.bb	1976555
release/genome-stratifications/v3.5/GRCh38@all/Functional/GRCh38_refseq_cds.bed.gz	1386924
release/genome-stratifications/v3.5/GRCh38@all/FunctionalTechnicallyDifficult/GRCh38_BadPromoters.bb	45135
release/genome-stratifications/v3.5/GRCh38@all/FunctionalTechnicallyDifficult/GRCh38_BadPromoters.bed.gz	7968
release/genome-stratifications/v3.5/GRCh38@all/FunctionalTechnicallyDifficult/GRCh38_CMRGv1.00_duplicationinKMT2C.bb	13154
release/genome-stratifications/v3.5/GRCh38@all/FunctionalTechnicallyDifficult/GRCh38_CMRGv1.00_duplicationinKMT2C.bed.gz	84
release/genome-stratifications/v3.5/GRCh38@all/FunctionalTechnicallyDifficult/GRCh38_CMRGv1.00_falselyduplicatedgenes.bb	13176
release/genome-stratifications/v3.5/GRCh38@all/FunctionalTechnicallyDifficult/GRCh38_CMRGv1.00_falselyduplicatedgenes.bed.gz	109
release/genome-stratifications/v3.5/GRCh38@all/FunctionalTechnicallyDifficult/GRCh38_FunctionalTechnicallyDifficult_README.md	2384
release/genome-stratifications/v3.5/GRCh38@all/GCcontent/GRCh38_GCcontent_README.md	2128
release/genome-stratifications/v3.5/GRCh38@all/GCcontent/GRCh38_gc15_slop50.bb	208939
release/genome-stratifications/v3.5/GRCh38@all/GCcontent/GRCh38_gc15_slop50.bed.gz	125518
release/genome-stratifications/v3.5/GRCh38@all/GCcontent/GRCh38_gc15to20_slop50.bb	761565
release/genome-stratifications/v3.5/GRCh38@all/GCcontent/GRCh38_gc15to20_slop50.bed.gz	486359
release/genome-stratifications/v3.5/GRCh38@all/GCcontent/GRCh38_gc20to25_slop50.bb	4115910
release/genome-stratifications/v3.5/GRCh38@all/GCcontent/GRCh38_gc20to25_slop50.bed.gz	3395716
release/genome-stratifications/v3.5/GRCh38@all/GCcontent/GRCh38_gc25to30_slop50.bb	13593252
release/genome-stratifications/v3.5/GRCh38@all/GCcontent/GRCh38_gc25to30_slop50.bed.gz	10974191
release/genome-stratifications/v3.5/GRCh38@all/GCcontent/GRCh38_gc30to55_slop50.bb	20316026
release/genome-stratifications/v3.5/GRCh38@all/GCcontent/GRCh38_gc30to55_slop50.bed.gz	17243829
release/genome-stratifications/v3.5/GRCh38@all/GCcontent/GRCh38_gc55to60_slop50.bb	10992438
release/genome-stratifications/v3.5/GRCh38@all/GCcontent/GRCh38_gc55to60_slop50.bed.gz	7920765
release/genome-stratifications/v3.5/GRCh38@all/GCcontent/GRCh38_gc60to65_slop50.bb	3950277
release/genome-stratifications/v3.5/GRCh38@all/GCcontent/GRCh38_gc60to65_slop50.bed.gz	3195978
release/genome-stratifications/v3.5/GRCh38@all/GCcontent/GRCh38_gc65to70_slop50.bb	1681137
release/genome-stratifications/v3.5/GRCh38@all/GCcontent/GRCh38_gc65to70_slop50.bed.gz	1092043
release/genome-stratifications/v3.5/GRCh38@all/GCcontent/GRCh38_gc70to75_slop50.bb	619057
release/genome-stratifications/v3.5/GRCh38@all/GCcontent/GRCh38_gc70to75_slop50.bed.gz	399515
release/genome-stratifications/v3.5/GRCh38@all/GCcontent/GRCh38_gc75to80_slop50.bb	271931
release/genome-stratifications/v3.5/GRCh38@all/GCcontent/GRCh38_gc75to80_slop50.bed.gz	173895
release/genome-stratifications/v3.5/GRCh38@all/GCcontent/GRCh38_gc80to85_slop50.bb	149032
release/genome-stratifications/v3.5/GRCh38@all/GCcontent/GRCh38_gc80to85_slop50.bed.gz	72657
release/genome-stratifications/v3.5/GRCh38@all/GCcontent/GRCh38_gc85_slop50.bb	58825
release/genome-stratifications/v3.5/GRCh38@all/GCcontent/GRCh38_gc85_slop50.bed.gz	16054
release/genome-stratifications/v3.5/GRCh38@all/GCcontent/GRCh38_gclt25orgt65_slop50.bb	6603359
release/genome-stratifications/v3.5/GRCh38@all/GCcontent/GRCh38_gclt25orgt65_slop50.bed.gz	4421305
release/genome-stratifications/v3.5/GRCh38@all/GCcontent/GRCh38_gclt30orgt55_slop50.bb	24387356
release/genome-stratifications/v3.5/GRCh38@all/GCcontent/GRCh38_gclt30orgt55_slop50.bed.gz	17116935
release/genome-stratifications/v3.5/GRCh38@all/GRCh38-BACKGROUND.md	4316
release/genome-stratifications/v3.5/GRCh38@all/GRCh38-README.md	9016
release/genome-stratifications/v3.5/GRCh38@all/GRCh38-all-bb-stratifications.tsv	16873
release/genome-stratifications/v3.5/GRCh38@all/GRCh38-all-stratifications.tsv	17629
release/genome-stratifications/v3.5/GRCh38@all/GRCh38-genome-stratifications-bb-md5s.txt	17108
release/genome-stratifications/v3.5/GRCh38@all/GRCh38-genome-stratifications-md5s.txt	17864
release/genome-stratifications/v3.5/GRCh38@all/GenomeSpecific/GRCh38_GenomeSpecific_README.md	57916
release/genome-stratifications/v3.5/GRCh38@all/GenomeSpecific/GRCh38_HG001_v4.2.1_CNV_CCSandONT_elliptical_outlier.bb	85661
release/genome-stratifications/v3.5/GRCh38@all/GenomeSpecific/GRCh38_HG001_v4.2.1_CNV_CCSandONT_elliptical_outlier.bed.gz	24795
release/genome-stratifications/v3.5/GRCh38@all/GenomeSpecific/GRCh38_HG001_v4.2.1_CNV_mrcanavarIllumina_CCShighcov_ONThighcov_intersection.bb	49471
release/genome-stratifications/v3.5/GRCh38@all/GenomeSpecific/GRCh38_HG001_v4.2.1_CNV_mrcanavarIllumina_CCShighcov_ONThighcov_intersection.bed.gz	4321
release/genome-stratifications/v3.5/GRCh38@all/GenomeSpecific/GRCh38_HG001_v4.2.1_CNVsandSVs.bb	254691
release/genome-stratifications/v3.5/GRCh38@all/GenomeSpecific/GRCh38_HG001_v4.2.1_CNVsandSVs.bed.gz	180784
release/genome-stratifications/v3.5/GRCh38@all/GenomeSpecific/GRCh38_HG001_v4.2.1_SV_pbsv_hifiasm_dipcall_svanalyzer_slop25percent.bb	236132
release/genome-stratifications/v3.5/GRCh38@all/GenomeSpecific/GRCh38_HG001_v4.2.1_SV_pbsv_hifiasm_dipcall_svanalyzer_slop25percent.bed.gz	162545
release/genome-stratifications/v3.5/GRCh38@all/GenomeSpecific/GRCh38_HG001_v4.2.1_comphetindel10bp_slop50.bb	491400
release/genome-stratifications/v3.5/GRCh38@all/GenomeSpecific/GRCh38_HG001_v4.2.1_comphetindel10bp_slop50.bed.gz	339170
release/genome-stratifications/v3.5/GRCh38@all/GenomeSpecific/GRCh38_HG001_v4.2.1_comphetsnp10bp_slop50.bb	303946
release/genome-stratifications/v3.5/GRCh38@all/GenomeSpecific/GRCh38_HG001_v4.2.1_comphetsnp10bp_slop50.bed.gz	174648
release/genome-stratifications/v3.5/GRCh38@all/GenomeSpecific/GRCh38_HG001_v4.2.1_complexandSVs.bb	2377005
release/genome-stratifications/v3.5/GRCh38@all/GenomeSpecific/GRCh38_HG001_v4.2.1_complexandSVs.bed.gz	1460810
release/genome-stratifications/v3.5/GRCh38@all/GenomeSpecific/GRCh38_HG001_v4.2.1_complexandSVs_alldifficultregions.bb	35183923
release/genome-stratifications/v3.5/GRCh38@all/GenomeSpecific/GRCh38_HG001_v4.2.1_complexandSVs_alldifficultregions.bed.gz	31370416
release/genome-stratifications/v3.5/GRCh38@all/GenomeSpecific/GRCh38_HG001_v4.2.1_complexindel10bp_slop50.bb	281198
release/genome-stratifications/v3.5/GRCh38@all/GenomeSpecific/GRCh38_HG001_v4.2.1_complexindel10bp_slop50.bed.gz	146889
release/genome-stratifications/v3.5/GRCh38@all/GenomeSpecific/GRCh38_HG001_v4.2.1_complexsnp10bp_slop50.bb	961347
release/genome-stratifications/v3.5/GRCh38@all/GenomeSpecific/GRCh38_HG001_v4.2.1_complexsnp10bp_slop50.bed.gz	599676
release/genome-stratifications/v3.5/GRCh38@all/GenomeSpecific/GRCh38_HG001_v4.2.1_inversions_slop25percent.bb	14576
release/genome-stratifications/v3.5/GRCh38@all/GenomeSpecific/GRCh38_HG001_v4.2.1_inversions_slop25percent.bed.gz	560
release/genome-stratifications/v3.5/GRCh38@all/GenomeSpecific/GRCh38_HG001_v4.2.1_notin_complexandSVs_alldifficultregions.bb	32553406
release/genome-stratifications/v3.5/GRCh38@all/GenomeSpecific/GRCh38_HG001_v4.2.1_notin_complexandSVs_alldifficultregions.bed.gz	32568271
release/genome-stratifications/v3.5/GRCh38@all/GenomeSpecific/GRCh38_HG001_v4.2.1_othercomplexwithin10bp_slop50.bb	189277
release/genome-stratifications/v3.5/GRCh38@all/GenomeSpecific/GRCh38_HG001_v4.2.1_othercomplexwithin10bp_slop50.bed.gz	117667
release/genome-stratifications/v3.5/GRCh38@all/GenomeSpecific/GRCh38_HG002_hifiasmv0.11_ComplexVar_in_TRgt100.bb	615623
release/genome-stratifications/v3.5/GRCh38@all/GenomeSpecific/GRCh38_HG002_hifiasmv0.11_ComplexVar_in_TRgt100.bed.gz	344893
release/genome-stratifications/v3.5/GRCh38@all/GenomeSpecific/GRCh38_HG002_v4.2.1_CNV_CCSandONT_elliptical_outlier.bb	76735
release/genome-stratifications/v3.5/GRCh38@all/GenomeSpecific/GRCh38_HG002_v4.2.1_CNV_CCSandONT_elliptical_outlier.bed.gz	22021
release/genome-stratifications/v3.5/GRCh38@all/GenomeSpecific/GRCh38_HG002_v4.2.1_CNV_gt2assemblycontigs_ONTCanu_ONTFlye_CCSCanu.bb	41670
release/genome-stratifications/v3.5/GRCh38@all/GenomeSpecific/GRCh38_HG002_v4.2.1_CNV_gt2assemblycontigs_ONTCanu_ONTFlye_CCSCanu.bed.gz	4436
release/genome-stratifications/v3.5/GRCh38@all/GenomeSpecific/GRCh38_HG002_v4.2.1_CNV_mrcanavarIllumina_CCShighcov_ONThighcov_intersection.bb	52937
release/genome-stratifications/v3.5/GRCh38@all/GenomeSpecific/GRCh38_HG002_v4.2.1_CNV_mrcanavarIllumina_CCShighcov_ONThighcov_intersection.bed.gz	5283
release/genome-stratifications/v3.5/GRCh38@all/GenomeSpecific/GRCh38_HG002_v4.2.1_CNVsandSVs.bb	316246
release/genome-stratifications/v3.5/GRCh38@all/GenomeSpecific/GRCh38_HG002_v4.2.1_CNVsandSVs.bed.gz	209612
release/genome-stratifications/v3.5/GRCh38@all/GenomeSpecific/GRCh38_HG002_v4.2.1_Tier1plusTier2_v0.6.1.bb	266589
release/genome-stratifications/v3.5/GRCh38@all/GenomeSpecific/GRCh38_HG002_v4.2.1_Tier1plusTier2_v0.6.1.bed.gz	188789
release/genome-stratifications/v3.5/GRCh38@all/GenomeSpecific/GRCh38_HG002_v4.2.1_Tier1plusTier2_v0.6.1_slop25percent.bb	331229
release/genome-stratifications/v3.5/GRCh38@all/GenomeSpecific/GRCh38_HG002_v4.2.1_Tier1plusTier2_v0.6.1_slop25percent.bed.gz	191067
release/genome-stratifications/v3.5/GRCh38@all/GenomeSpecific/GRCh38_HG002_v4.2.1_comphetindel10bp_slop50.bb	531706
release/genome-stratifications/v3.5/GRCh38@all/GenomeSpecific/GRCh38_HG002_v4.2.1_comphetindel10bp_slop50.bed.gz	377966
release/genome-stratifications/v3.5/GRCh38@all/GenomeSpecific/GRCh38_HG002_v4.2.1_comphetsnp10bp_slop50.bb	321505
release/genome-stratifications/v3.5/GRCh38@all/GenomeSpecific/GRCh38_HG002_v4.2.1_comphetsnp10bp_slop50.bed.gz	190347
release/genome-stratifications/v3.5/GRCh38@all/GenomeSpecific/GRCh38_HG002_v4.2.1_complexandSVs.bb	1989322
release/genome-stratifications/v3.5/GRCh38@all/GenomeSpecific/GRCh38_HG002_v4.2.1_complexandSVs.bed.gz	1576612
release/genome-stratifications/v3.5/GRCh38@all/GenomeSpecific/GRCh38_HG002_v4.2.1_complexandSVs_alldifficultregions.bb	35254090
release/genome-stratifications/v3.5/GRCh38@all/GenomeSpecific/GRCh38_HG002_v4.2.1_complexandSVs_alldifficultregions.bed.gz	31413938
release/genome-stratifications/v3.5/GRCh38@all/GenomeSpecific/GRCh38_HG002_v4.2.1_complexindel10bp_slop50.bb	296769
release/genome-stratifications/v3.5/GRCh38@all/GenomeSpecific/GRCh38_HG002_v4.2.1_complexindel10bp_slop50.bed.gz	160178
release/genome-stratifications/v3.5/GRCh38@all/GenomeSpecific/GRCh38_HG002_v4.2.1_complexsnp10bp_slop50.bb	985133
release/genome-stratifications/v3.5/GRCh38@all/GenomeSpecific/GRCh38_HG002_v4.2.1_complexsnp10bp_slop50.bed.gz	619360
release/genome-stratifications/v3.5/GRCh38@all/GenomeSpecific/GRCh38_HG002_v4.2.1_inversions_slop25percent.bb	28424
release/genome-stratifications/v3.5/GRCh38@all/GenomeSpecific/GRCh38_HG002_v4.2.1_inversions_slop25percent.bed.gz	417
release/genome-stratifications/v3.5/GRCh38@all/GenomeSpecific/GRCh38_HG002_v4.2.1_notin_complexandSVs_alldifficultregions.bb	32602304
release/genome-stratifications/v3.5/GRCh38@all/GenomeSpecific/GRCh38_HG002_v4.2.1_notin_complexandSVs_alldifficultregions.bed.gz	32609998
release/genome-stratifications/v3.5/GRCh38@all/GenomeSpecific/GRCh38_HG002_v4.2.1_othercomplexwithin10bp_slop50.bb	199071
release/genome-stratifications/v3.5/GRCh38@all/GenomeSpecific/GRCh38_HG002_v4.2.1_othercomplexwithin10bp_slop50.bed.gz	126086
release/genome-stratifications/v3.5/GRCh38@all/GenomeSpecific/GRCh38_HG003_v4.2.1_CNV_CCSandONT_elliptical_outlier.bb	82393
release/genome-stratifications/v3.5/GRCh38@all/GenomeSpecific/GRCh38_HG003_v4.2.1_CNV_CCSandONT_elliptical_outlier.bed.gz	24153
release/genome-stratifications/v3.5/GRCh38@all/GenomeSpecific/GRCh38_HG003_v4.2.1_CNV_mrcanavarIllumina_CCShighcov_ONThighcov_intersection.bb	40789
release/genome-stratifications/v3.5/GRCh38@all/GenomeSpecific/GRCh38_HG003_v4.2.1_CNV_mrcanavarIllumina_CCShighcov_ONThighcov_intersection.bed.gz	3272
release/genome-stratifications/v3.5/GRCh38@all/GenomeSpecific/GRCh38_HG003_v4.2.1_CNVsandSVs.bb	336680
release/genome-stratifications/v3.5/GRCh38@all/GenomeSpecific/GRCh38_HG003_v4.2.1_CNVsandSVs.bed.gz	236529
release/genome-stratifications/v3.5/GRCh38@all/GenomeSpecific/GRCh38_HG003_v4.2.1_SV_pbsv_slop25percent.bb	266103
release/genome-stratifications/v3.5/GRCh38@all/GenomeSpecific/GRCh38_HG003_v4.2.1_SV_pbsv_slop25percent.bed.gz	151077
release/genome-stratifications/v3.5/GRCh38@all/GenomeSpecific/GRCh38_HG003_v4.2.1_comphetindel10bp_slop50.bb	480591
release/genome-stratifications/v3.5/GRCh38@all/GenomeSpecific/GRCh38_HG003_v4.2.1_comphetindel10bp_slop50.bed.gz	327736
release/genome-stratifications/v3.5/GRCh38@all/GenomeSpecific/GRCh38_HG003_v4.2.1_comphetsnp10bp_slop50.bb	152642
release/genome-stratifications/v3.5/GRCh38@all/GenomeSpecific/GRCh38_HG003_v4.2.1_comphetsnp10bp_slop50.bed.gz	87504
release/genome-stratifications/v3.5/GRCh38@all/GenomeSpecific/GRCh38_HG003_v4.2.1_complexandSVs.bb	1917014
release/genome-stratifications/v3.5/GRCh38@all/GenomeSpecific/GRCh38_HG003_v4.2.1_complexandSVs.bed.gz	1567069
release/genome-stratifications/v3.5/GRCh38@all/GenomeSpecific/GRCh38_HG003_v4.2.1_complexandSVs_alldifficultregions.bb	35185357
release/genome-stratifications/v3.5/GRCh38@all/GenomeSpecific/GRCh38_HG003_v4.2.1_complexandSVs_alldifficultregions.bed.gz	31369295
release/genome-stratifications/v3.5/GRCh38@all/GenomeSpecific/GRCh38_HG003_v4.2.1_complexindel10bp_slop50.bb	173481
release/genome-stratifications/v3.5/GRCh38@all/GenomeSpecific/GRCh38_HG003_v4.2.1_complexindel10bp_slop50.bed.gz	106874
release/genome-stratifications/v3.5/GRCh38@all/GenomeSpecific/GRCh38_HG003_v4.2.1_complexsnp10bp_slop50.bb	961493
release/genome-stratifications/v3.5/GRCh38@all/GenomeSpecific/GRCh38_HG003_v4.2.1_complexsnp10bp_slop50.bed.gz	597709
release/genome-stratifications/v3.5/GRCh38@all/GenomeSpecific/GRCh38_HG003_v4.2.1_notin_complexandSVs_alldifficultregions.bb	32562721
release/genome-stratifications/v3.5/GRCh38@all/GenomeSpecific/GRCh38_HG003_v4.2.1_notin_complexandSVs_alldifficultregions.bed.gz	32566276
release/genome-stratifications/v3.5/GRCh38@all/GenomeSpecific/GRCh38_HG003_v4.2.1_othercomplexwithin10bp_slop50.bb	496201
release/genome-stratifications/v3.5/GRCh38@all/GenomeSpecific/GRCh38_HG003_v4.2.1_othercomplexwithin10bp_slop50.bed.gz	333676
release/genome-stratifications/v3.5/GRCh38@all/GenomeSpecific/GRCh38_HG004_v4.2.1_CNV_CCSandONT_elliptical_outlier.bb	79895
release/genome-stratifications/v3.5/GRCh38@all/GenomeSpecific/GRCh38_HG004_v4.2.1_CNV_CCSandONT_elliptical_outlier.bed.gz	22768
release/genome-stratifications/v3.5/GRCh38@all/GenomeSpecific/GRCh38_HG004_v4.2.1_CNV_mrcanavarIllumina_CCShighcov_ONThighcov_intersection.bb	40800
release/genome-stratifications/v3.5/GRCh38@all/GenomeSpecific/GRCh38_HG004_v4.2.1_CNV_mrcanavarIllumina_CCShighcov_ONThighcov_intersection.bed.gz	3261
release/genome-stratifications/v3.5/GRCh38@all/GenomeSpecific/GRCh38_HG004_v4.2.1_CNVsandSVs.bb	326241
release/genome-stratifications/v3.5/GRCh38@all/GenomeSpecific/GRCh38_HG004_v4.2.1_CNVsandSVs.bed.gz	235951
release/genome-stratifications/v3.5/GRCh38@all/GenomeSpecific/GRCh38_HG004_v4.2.1_SV_pbsv_slop25percent.bb	259706
release/genome-stratifications/v3.5/GRCh38@all/GenomeSpecific/GRCh38_HG004_v4.2.1_SV_pbsv_slop25percent.bed.gz	153515
release/genome-stratifications/v3.5/GRCh38@all/GenomeSpecific/GRCh38_HG004_v4.2.1_comphetindel10bp_slop50.bb	489735
release/genome-stratifications/v3.5/GRCh38@all/GenomeSpecific/GRCh38_HG004_v4.2.1_comphetindel10bp_slop50.bed.gz	336834
release/genome-stratifications/v3.5/GRCh38@all/GenomeSpecific/GRCh38_HG004_v4.2.1_comphetsnp10bp_slop50.bb	146546
release/genome-stratifications/v3.5/GRCh38@all/GenomeSpecific/GRCh38_HG004_v4.2.1_comphetsnp10bp_slop50.bed.gz	82252
release/genome-stratifications/v3.5/GRCh38@all/GenomeSpecific/GRCh38_HG004_v4.2.1_complexandSVs.bb	1916157
release/genome-stratifications/v3.5/GRCh38@all/GenomeSpecific/GRCh38_HG004_v4.2.1_complexandSVs.bed.gz	1579146
release/genome-stratifications/v3.5/GRCh38@all/GenomeSpecific/GRCh38_HG004_v4.2.1_complexandSVs_alldifficultregions.bb	35162836
release/genome-stratifications/v3.5/GRCh38@all/GenomeSpecific/GRCh38_HG004_v4.2.1_complexandSVs_alldifficultregions.bed.gz	31342913
release/genome-stratifications/v3.5/GRCh38@all/GenomeSpecific/GRCh38_HG004_v4.2.1_complexindel10bp_slop50.bb	173640
release/genome-stratifications/v3.5/GRCh38@all/GenomeSpecific/GRCh38_HG004_v4.2.1_complexindel10bp_slop50.bed.gz	106916
release/genome-stratifications/v3.5/GRCh38@all/GenomeSpecific/GRCh38_HG004_v4.2.1_complexsnp10bp_slop50.bb	961367
release/genome-stratifications/v3.5/GRCh38@all/GenomeSpecific/GRCh38_HG004_v4.2.1_complexsnp10bp_slop50.bed.gz	596303
release/genome-stratifications/v3.5/GRCh38@all/GenomeSpecific/GRCh38_HG004_v4.2.1_notin_complexandSVs_alldifficultregions.bb	32539022
release/genome-stratifications/v3.5/GRCh38@all/GenomeSpecific/GRCh38_HG004_v4.2.1_notin_complexandSVs_alldifficultregions.bed.gz	32538876
release/genome-stratifications/v3.5/GRCh38@all/GenomeSpecific/GRCh38_HG004_v4.2.1_othercomplexwithin10bp_slop50.bb	512070
release/genome-stratifications/v3.5/GRCh38@all/GenomeSpecific/GRCh38_HG004_v4.2.1_othercomplexwithin10bp_slop50.bed.gz	349137
release/genome-stratifications/v3.5/GRCh38@all/GenomeSpecific/GRCh38_HG005_v4.2.1_CNV_CCSandONT_elliptical_outlier.bb	75988
release/genome-stratifications/v3.5/GRCh38@all/GenomeSpecific/GRCh38_HG005_v4.2.1_CNV_CCSandONT_elliptical_outlier.bed.gz	20817
release/genome-stratifications/v3.5/GRCh38@all/GenomeSpecific/GRCh38_HG005_v4.2.1_CNV_mrcanavarIllumina_CCShighcov_ONThighcov_intersection.bb	39560
release/genome-stratifications/v3.5/GRCh38@all/GenomeSpecific/GRCh38_HG005_v4.2.1_CNV_mrcanavarIllumina_CCShighcov_ONThighcov_intersection.bed.gz	2603
release/genome-stratifications/v3.5/GRCh38@all/GenomeSpecific/GRCh38_HG005_v4.2.1_CNVsandSVs.bb	262187
release/genome-stratifications/v3.5/GRCh38@all/GenomeSpecific/GRCh38_HG005_v4.2.1_CNVsandSVs.bed.gz	186922
release/genome-stratifications/v3.5/GRCh38@all/GenomeSpecific/GRCh38_HG005_v4.2.1_SV_pbsv_hifiasm_dipcall_svanalyzer_slop25percent.bb	250889
release/genome-stratifications/v3.5/GRCh38@all/GenomeSpecific/GRCh38_HG005_v4.2.1_SV_pbsv_hifiasm_dipcall_svanalyzer_slop25percent.bed.gz	174035
release/genome-stratifications/v3.5/GRCh38@all/GenomeSpecific/GRCh38_HG005_v4.2.1_comphetindel10bp_slop50.bb	396017
release/genome-stratifications/v3.5/GRCh38@all/GenomeSpecific/GRCh38_HG005_v4.2.1_comphetindel10bp_slop50.bed.gz	247200
release/genome-stratifications/v3.5/GRCh38@all/GenomeSpecific/GRCh38_HG005_v4.2.1_comphetsnp10bp_slop50.bb	305569
release/genome-stratifications/v3.5/GRCh38@all/GenomeSpecific/GRCh38_HG005_v4.2.1_comphetsnp10bp_slop50.bed.gz	175291
release/genome-stratifications/v3.5/GRCh38@all/GenomeSpecific/GRCh38_HG005_v4.2.1_complexandSVs.bb	2248861
release/genome-stratifications/v3.5/GRCh38@all/GenomeSpecific/GRCh38_HG005_v4.2.1_complexandSVs.bed.gz	1372407
release/genome-stratifications/v3.5/GRCh38@all/GenomeSpecific/GRCh38_HG005_v4.2.1_complexandSVs_alldifficultregions.bb	35245294
release/genome-stratifications/v3.5/GRCh38@all/GenomeSpecific/GRCh38_HG005_v4.2.1_complexandSVs_alldifficultregions.bed.gz	31408389
release/genome-stratifications/v3.5/GRCh38@all/GenomeSpecific/GRCh38_HG005_v4.2.1_complexindel10bp_slop50.bb	202452
release/genome-stratifications/v3.5/GRCh38@all/GenomeSpecific/GRCh38_HG005_v4.2.1_complexindel10bp_slop50.bed.gz	134493
release/genome-stratifications/v3.5/GRCh38@all/GenomeSpecific/GRCh38_HG005_v4.2.1_complexsnp10bp_slop50.bb	969892
release/genome-stratifications/v3.5/GRCh38@all/GenomeSpecific/GRCh38_HG005_v4.2.1_complexsnp10bp_slop50.bed.gz	606693
release/genome-stratifications/v3.5/GRCh38@all/GenomeSpecific/GRCh38_HG005_v4.2.1_inversions_slop25percent.bb	14698
release/genome-stratifications/v3.5/GRCh38@all/GenomeSpecific/GRCh38_HG005_v4.2.1_inversions_slop25percent.bed.gz	583
release/genome-stratifications/v3.5/GRCh38@all/GenomeSpecific/GRCh38_HG005_v4.2.1_notin_complexandSVs_alldifficultregions.bb	32581963
release/genome-stratifications/v3.5/GRCh38@all/GenomeSpecific/GRCh38_HG005_v4.2.1_notin_complexandSVs_alldifficultregions.bed.gz	32608662
release/genome-stratifications/v3.5/GRCh38@all/GenomeSpecific/GRCh38_HG005_v4.2.1_othercomplexwithin10bp_slop50.bb	184681
release/genome-stratifications/v3.5/GRCh38@all/GenomeSpecific/GRCh38_HG005_v4.2.1_othercomplexwithin10bp_slop50.bed.gz	113534
release/genome-stratifications/v3.5/GRCh38@all/GenomeSpecific/GRCh38_HG006_v4.2.1_CNV_CCSandONT_elliptical_outlier.bb	68667
release/genome-stratifications/v3.5/GRCh38@all/GenomeSpecific/GRCh38_HG006_v4.2.1_CNV_CCSandONT_elliptical_outlier.bed.gz	14931
release/genome-stratifications/v3.5/GRCh38@all/GenomeSpecific/GRCh38_HG006_v4.2.1_CNV_mrcanavarIllumina_CCShighcov_ONThighcov_intersection.bb	41574
release/genome-stratifications/v3.5/GRCh38@all/GenomeSpecific/GRCh38_HG006_v4.2.1_CNV_mrcanavarIllumina_CCShighcov_ONThighcov_intersection.bed.gz	3392
release/genome-stratifications/v3.5/GRCh38@all/GenomeSpecific/GRCh38_HG006_v4.2.1_CNVsandSVs.bb	285525
release/genome-stratifications/v3.5/GRCh38@all/GenomeSpecific/GRCh38_HG006_v4.2.1_CNVsandSVs.bed.gz	204422
release/genome-stratifications/v3.5/GRCh38@all/GenomeSpecific/GRCh38_HG006_v4.2.1_SV_pbsv_slop25percent.bb	253660
release/genome-stratifications/v3.5/GRCh38@all/GenomeSpecific/GRCh38_HG006_v4.2.1_SV_pbsv_slop25percent.bed.gz	134507
release/genome-stratifications/v3.5/GRCh38@all/GenomeSpecific/GRCh38_HG006_v4.2.1_comphetindel10bp_slop50.bb	368813
release/genome-stratifications/v3.5/GRCh38@all/GenomeSpecific/GRCh38_HG006_v4.2.1_comphetindel10bp_slop50.bed.gz	222239
release/genome-stratifications/v3.5/GRCh38@all/GenomeSpecific/GRCh38_HG006_v4.2.1_comphetsnp10bp_slop50.bb	167867
release/genome-stratifications/v3.5/GRCh38@all/GenomeSpecific/GRCh38_HG006_v4.2.1_comphetsnp10bp_slop50.bed.gz	102512
release/genome-stratifications/v3.5/GRCh38@all/GenomeSpecific/GRCh38_HG006_v4.2.1_complexandSVs.bb	1641803
release/genome-stratifications/v3.5/GRCh38@all/GenomeSpecific/GRCh38_HG006_v4.2.1_complexandSVs.bed.gz	1342811
release/genome-stratifications/v3.5/GRCh38@all/GenomeSpecific/GRCh38_HG006_v4.2.1_complexandSVs_alldifficultregions.bb	35243204
release/genome-stratifications/v3.5/GRCh38@all/GenomeSpecific/GRCh38_HG006_v4.2.1_complexandSVs_alldifficultregions.bed.gz	31400575
release/genome-stratifications/v3.5/GRCh38@all/GenomeSpecific/GRCh38_HG006_v4.2.1_complexindel10bp_slop50.bb	152948
release/genome-stratifications/v3.5/GRCh38@all/GenomeSpecific/GRCh38_HG006_v4.2.1_complexindel10bp_slop50.bed.gz	87025
release/genome-stratifications/v3.5/GRCh38@all/GenomeSpecific/GRCh38_HG006_v4.2.1_complexsnp10bp_slop50.bb	951338
release/genome-stratifications/v3.5/GRCh38@all/GenomeSpecific/GRCh38_HG006_v4.2.1_complexsnp10bp_slop50.bed.gz	589373
release/genome-stratifications/v3.5/GRCh38@all/GenomeSpecific/GRCh38_HG006_v4.2.1_notin_complexandSVs_alldifficultregions.bb	32578528
release/genome-stratifications/v3.5/GRCh38@all/GenomeSpecific/GRCh38_HG006_v4.2.1_notin_complexandSVs_alldifficultregions.bed.gz	32601112
release/genome-stratifications/v3.5/GRCh38@all/GenomeSpecific/GRCh38_HG006_v4.2.1_othercomplexwithin10bp_slop50.bb	379935
release/genome-stratifications/v3.5/GRCh38@all/GenomeSpecific/GRCh38_HG006_v4.2.1_othercomplexwithin10bp_slop50.bed.gz	228485
release/genome-stratifications/v3.5/GRCh38@all/GenomeSpecific/GRCh38_HG007_v4.2.1_CNV_CCSandONT_elliptical_outlier.bb	67337
release/genome-stratifications/v3.5/GRCh38@all/GenomeSpecific/GRCh38_HG007_v4.2.1_CNV_CCSandONT_elliptical_outlier.bed.gz	14953
release/genome-stratifications/v3.5/GRCh38@all/GenomeSpecific/GRCh38_HG007_v4.2.1_CNV_mrcanavarIllumina_CCShighcov_ONThighcov_intersection.bb	49196
release/genome-stratifications/v3.5/GRCh38@all/GenomeSpecific/GRCh38_HG007_v4.2.1_CNV_mrcanavarIllumina_CCShighcov_ONThighcov_intersection.bed.gz	4209
release/genome-stratifications/v3.5/GRCh38@all/GenomeSpecific/GRCh38_HG007_v4.2.1_CNVsandSVs.bb	283168
release/genome-stratifications/v3.5/GRCh38@all/GenomeSpecific/GRCh38_HG007_v4.2.1_CNVsandSVs.bed.gz	202591
release/genome-stratifications/v3.5/GRCh38@all/GenomeSpecific/GRCh38_HG007_v4.2.1_SV_pbsv_slop25percent.bb	256860
release/genome-stratifications/v3.5/GRCh38@all/GenomeSpecific/GRCh38_HG007_v4.2.1_SV_pbsv_slop25percent.bed.gz	134048
release/genome-stratifications/v3.5/GRCh38@all/GenomeSpecific/GRCh38_HG007_v4.2.1_comphetindel10bp_slop50.bb	370673
release/genome-stratifications/v3.5/GRCh38@all/GenomeSpecific/GRCh38_HG007_v4.2.1_comphetindel10bp_slop50.bed.gz	224085
release/genome-stratifications/v3.5/GRCh38@all/GenomeSpecific/GRCh38_HG007_v4.2.1_comphetsnp10bp_slop50.bb	167284
release/genome-stratifications/v3.5/GRCh38@all/GenomeSpecific/GRCh38_HG007_v4.2.1_comphetsnp10bp_slop50.bed.gz	101467
release/genome-stratifications/v3.5/GRCh38@all/GenomeSpecific/GRCh38_HG007_v4.2.1_complexandSVs.bb	1650140
release/genome-stratifications/v3.5/GRCh38@all/GenomeSpecific/GRCh38_HG007_v4.2.1_complexandSVs.bed.gz	1351777
release/genome-stratifications/v3.5/GRCh38@all/GenomeSpecific/GRCh38_HG007_v4.2.1_complexandSVs_alldifficultregions.bb	35310605
release/genome-stratifications/v3.5/GRCh38@all/GenomeSpecific/GRCh38_HG007_v4.2.1_complexandSVs_alldifficultregions.bed.gz	31421898
release/genome-stratifications/v3.5/GRCh38@all/GenomeSpecific/GRCh38_HG007_v4.2.1_complexindel10bp_slop50.bb	153938
release/genome-stratifications/v3.5/GRCh38@all/GenomeSpecific/GRCh38_HG007_v4.2.1_complexindel10bp_slop50.bed.gz	88114
release/genome-stratifications/v3.5/GRCh38@all/GenomeSpecific/GRCh38_HG007_v4.2.1_complexsnp10bp_slop50.bb	951354
release/genome-stratifications/v3.5/GRCh38@all/GenomeSpecific/GRCh38_HG007_v4.2.1_complexsnp10bp_slop50.bed.gz	591120
release/genome-stratifications/v3.5/GRCh38@all/GenomeSpecific/GRCh38_HG007_v4.2.1_notin_complexandSVs_alldifficultregions.bb	32592041
release/genome-stratifications/v3.5/GRCh38@all/GenomeSpecific/GRCh38_HG007_v4.2.1_notin_complexandSVs_alldifficultregions.bed.gz	32623191
release/genome-stratifications/v3.5/GRCh38@all/GenomeSpecific/GRCh38_HG007_v4.2.1_othercomplexwithin10bp_slop50.bb	385640
release/genome-stratifications/v3.5/GRCh38@all/GenomeSpecific/GRCh38_HG007_v4.2.1_othercomplexwithin10bp_slop50.bed.gz	233878
release/genome-stratifications/v3.5/GRCh38@all/LowComplexity/GRCh38_AllHomopolymers_ge7bp_imperfectge11bp_slop5.bb	31579650
release/genome-stratifications/v3.5/GRCh38@all/LowComplexity/GRCh38_AllHomopolymers_ge7bp_imperfectge11bp_slop5.bed.gz	24630221
release/genome-stratifications/v3.5/GRCh38@all/LowComplexity/GRCh38_AllTandemRepeats.bb	10738667
release/genome-stratifications/v3.5/GRCh38@all/LowComplexity/GRCh38_AllTandemRepeats.bed.gz	9228465
release/genome-stratifications/v3.5/GRCh38@all/LowComplexity/GRCh38_AllTandemRepeats_201to10000bp_slop5.bb	1322447
release/genome-stratifications/v3.5/GRCh38@all/LowComplexity/GRCh38_AllTandemRepeats_201to10000bp_slop5.bed.gz	871585
release/genome-stratifications/v3.5/GRCh38@all/LowComplexity/GRCh38_AllTandemRepeats_51to200bp_slop5.bb	2907944
release/genome-stratifications/v3.5/GRCh38@all/LowComplexity/GRCh38_AllTandemRepeats_51to200bp_slop5.bed.gz	2251902
release/genome-stratifications/v3.5/GRCh38@all/LowComplexity/GRCh38_AllTandemRepeats_ge10001bp_slop5.bb	171492
release/genome-stratifications/v3.5/GRCh38@all/LowComplexity/GRCh38_AllTandemRepeats_ge10001bp_slop5.bed.gz	130599
release/genome-stratifications/v3.5/GRCh38@all/LowComplexity/GRCh38_AllTandemRepeats_ge101bp_slop5.bb	1862801
release/genome-stratifications/v3.5/GRCh38@all/LowComplexity/GRCh38_AllTandemRepeats_ge101bp_slop5.bed.gz	1565202
release/genome-stratifications/v3.5/GRCh38@all/LowComplexity/GRCh38_AllTandemRepeats_le50bp_slop5.bb	7599157
release/genome-stratifications/v3.5/GRCh38@all/LowComplexity/GRCh38_AllTandemRepeats_le50bp_slop5.bed.gz	6033380
release/genome-stratifications/v3.5/GRCh38@all/LowComplexity/GRCh38_AllTandemRepeatsandHomopolymers_slop5.bb	41610090
release/genome-stratifications/v3.5/GRCh38@all/LowComplexity/GRCh38_AllTandemRepeatsandHomopolymers_slop5.bed.gz	30357839
release/genome-stratifications/v3.5/GRCh38@all/LowComplexity/GRCh38_LowComplexity_README.md	11079
release/genome-stratifications/v3.5/GRCh38@all/LowComplexity/GRCh38_SimpleRepeat_diTR_10to49_slop5.bb	4559358
release/genome-stratifications/v3.5/GRCh38@all/LowComplexity/GRCh38_SimpleRepeat_diTR_10to49_slop5.bed.gz	3117799
release/genome-stratifications/v3.5/GRCh38@all/LowComplexity/GRCh38_SimpleRepeat_diTR_50to149_slop5.bb	81252
release/genome-stratifications/v3.5/GRCh38@all/LowComplexity/GRCh38_SimpleRepeat_diTR_50to149_slop5.bed.gz	35928
release/genome-stratifications/v3.5/GRCh38@all/LowComplexity/GRCh38_SimpleRepeat_diTR_ge150_slop5.bb	19578
release/genome-stratifications/v3.5/GRCh38@all/LowComplexity/GRCh38_SimpleRepeat_diTR_ge150_slop5.bed.gz	110
release/genome-stratifications/v3.5/GRCh38@all/LowComplexity/GRCh38_SimpleRepeat_homopolymer_4to6_AT_slop5.bb	206500473
release/genome-stratifications/v3.5/GRCh38@all/LowComplexity/GRCh38_SimpleRepeat_homopolymer_4to6_AT_slop5.bed.gz	209000278
release/genome-stratifications/v3.5/GRCh38@all/LowComplexity/GRCh38_SimpleRepeat_homopolymer_4to6_GC_slop5.bb	77135041
release/genome-stratifications/v3.5/GRCh38@all/LowComplexity/GRCh38_SimpleRepeat_homopolymer_4to6_GC_slop5.bed.gz	74197101
release/genome-stratifications/v3.5/GRCh38@all/LowComplexity/GRCh38_SimpleRepeat_homopolymer_4to6_slop5.bb	241500609
release/genome-stratifications/v3.5/GRCh38@all/LowComplexity/GRCh38_SimpleRepeat_homopolymer_4to6_slop5.bed.gz	257771245
release/genome-stratifications/v3.5/GRCh38@all/LowComplexity/GRCh38_SimpleRepeat_homopolymer_7to11_AT_slop5.bb	24311802
release/genome-stratifications/v3.5/GRCh38@all/LowComplexity/GRCh38_SimpleRepeat_homopolymer_7to11_AT_slop5.bed.gz	16820031
release/genome-stratifications/v3.5/GRCh38@all/LowComplexity/GRCh38_SimpleRepeat_homopolymer_7to11_GC_slop5.bb	893848
release/genome-stratifications/v3.5/GRCh38@all/LowComplexity/GRCh38_SimpleRepeat_homopolymer_7to11_GC_slop5.bed.gz	654044
release/genome-stratifications/v3.5/GRCh38@all/LowComplexity/GRCh38_SimpleRepeat_homopolymer_7to11_slop5.bb	24986967
release/genome-stratifications/v3.5/GRCh38@all/LowComplexity/GRCh38_SimpleRepeat_homopolymer_7to11_slop5.bed.gz	17430911
release/genome-stratifications/v3.5/GRCh38@all/LowComplexity/GRCh38_SimpleRepeat_homopolymer_ge12_AT_slop5.bb	6069669
release/genome-stratifications/v3.5/GRCh38@all/LowComplexity/GRCh38_SimpleRepeat_homopolymer_ge12_AT_slop5.bed.gz	4369555
release/genome-stratifications/v3.5/GRCh38@all/LowComplexity/GRCh38_SimpleRepeat_homopolymer_ge12_GC_slop5.bb	65798
release/genome-stratifications/v3.5/GRCh38@all/LowComplexity/GRCh38_SimpleRepeat_homopolymer_ge12_GC_slop5.bed.gz	24073
release/genome-stratifications/v3.5/GRCh38@all/LowComplexity/GRCh38_SimpleRepeat_homopolymer_ge12_slop5.bb	6090720
release/genome-stratifications/v3.5/GRCh38@all/LowComplexity/GRCh38_SimpleRepeat_homopolymer_ge12_slop5.bed.gz	4392276
release/genome-stratifications/v3.5/GRCh38@all/LowComplexity/GRCh38_SimpleRepeat_homopolymer_ge21_AT_slop5.bb	1372347
release/genome-stratifications/v3.5/GRCh38@all/LowComplexity/GRCh38_SimpleRepeat_homopolymer_ge21_AT_slop5.bed.gz	944946
release/genome-stratifications/v3.5/GRCh38@all/LowComplexity/GRCh38_SimpleRepeat_homopolymer_ge21_GC_slop5.bb	28984
release/genome-stratifications/v3.5/GRCh38@all/LowComplexity/GRCh38_SimpleRepeat_homopolymer_ge21_GC_slop5.bed.gz	591
release/genome-stratifications/v3.5/GRCh38@all/LowComplexity/GRCh38_SimpleRepeat_homopolymer_ge21_slop5.bb	1372808
release/genome-stratifications/v3.5/GRCh38@all/LowComplexity/GRCh38_SimpleRepeat_homopolymer_ge21_slop5.bed.gz	945444
release/genome-stratifications/v3.5/GRCh38@all/LowComplexity/GRCh38_SimpleRepeat_imperfecthomopolge11_AT_slop5.bb	12043734
release/genome-stratifications/v3.5/GRCh38@all/LowComplexity/GRCh38_SimpleRepeat_imperfecthomopolge11_AT_slop5.bed.gz	10219992
release/genome-stratifications/v3.5/GRCh38@all/LowComplexity/GRCh38_SimpleRepeat_imperfecthomopolge11_GC_slop5.bb	911459
release/genome-stratifications/v3.5/GRCh38@all/LowComplexity/GRCh38_SimpleRepeat_imperfecthomopolge11_GC_slop5.bed.gz	701708
release/genome-stratifications/v3.5/GRCh38@all/LowComplexity/GRCh38_SimpleRepeat_imperfecthomopolge11_slop5.bb	12707103
release/genome-stratifications/v3.5/GRCh38@all/LowComplexity/GRCh38_SimpleRepeat_imperfecthomopolge11_slop5.bed.gz	10903950
release/genome-stratifications/v3.5/GRCh38@all/LowComplexity/GRCh38_SimpleRepeat_imperfecthomopolge21_AT_slop5.bb	3170273
release/genome-stratifications/v3.5/GRCh38@all/LowComplexity/GRCh38_SimpleRepeat_imperfecthomopolge21_AT_slop5.bed.gz	1966190
release/genome-stratifications/v3.5/GRCh38@all/LowComplexity/GRCh38_SimpleRepeat_imperfecthomopolge21_GC_slop5.bb	64108
release/genome-stratifications/v3.5/GRCh38@all/LowComplexity/GRCh38_SimpleRepeat_imperfecthomopolge21_GC_slop5.bed.gz	24674
release/genome-stratifications/v3.5/GRCh38@all/LowComplexity/GRCh38_SimpleRepeat_imperfecthomopolge21_slop5.bb	3195953
release/genome-stratifications/v3.5/GRCh38@all/LowComplexity/GRCh38_SimpleRepeat_imperfecthomopolge21_slop5.bed.gz	1988329
release/genome-stratifications/v3.5/GRCh38@all/LowComplexity/GRCh38_SimpleRepeat_quadTR_19to49_slop5.bb	1153597
release/genome-stratifications/v3.5/GRCh38@all/LowComplexity/GRCh38_SimpleRepeat_quadTR_19to49_slop5.bed.gz	767743
release/genome-stratifications/v3.5/GRCh38@all/LowComplexity/GRCh38_SimpleRepeat_quadTR_50to149_slop5.bb	143371
release/genome-stratifications/v3.5/GRCh38@all/LowComplexity/GRCh38_SimpleRepeat_quadTR_50to149_slop5.bed.gz	65400
release/genome-stratifications/v3.5/GRCh38@all/LowComplexity/GRCh38_SimpleRepeat_quadTR_ge150_slop5.bb	20369
release/genome-stratifications/v3.5/GRCh38@all/LowComplexity/GRCh38_SimpleRepeat_quadTR_ge150_slop5.bed.gz	222
release/genome-stratifications/v3.5/GRCh38@all/LowComplexity/GRCh38_SimpleRepeat_triTR_14to49_slop5.bb	1119453
release/genome-stratifications/v3.5/GRCh38@all/LowComplexity/GRCh38_SimpleRepeat_triTR_14to49_slop5.bed.gz	679369
release/genome-stratifications/v3.5/GRCh38@all/LowComplexity/GRCh38_SimpleRepeat_triTR_50to149_slop5.bb	35989
release/genome-stratifications/v3.5/GRCh38@all/LowComplexity/GRCh38_SimpleRepeat_triTR_50to149_slop5.bed.gz	5946
release/genome-stratifications/v3.5/GRCh38@all/LowComplexity/GRCh38_SimpleRepeat_triTR_ge150_slop5.bb	19968
release/genome-stratifications/v3.5/GRCh38@all/LowComplexity/GRCh38_SimpleRepeat_triTR_ge150_slop5.bed.gz	166
release/genome-stratifications/v3.5/GRCh38@all/LowComplexity/GRCh38_notinAllHomopolymers_ge7bp_imperfectge11bp_slop5.bb	23334874
release/genome-stratifications/v3.5/GRCh38@all/LowComplexity/GRCh38_notinAllHomopolymers_ge7bp_imperfectge11bp_slop5.bed.gz	26267435
release/genome-stratifications/v3.5/GRCh38@all/LowComplexity/GRCh38_notinAllTandemRepeatsandHomopolymers_slop5.bb	29583713
release/genome-stratifications/v3.5/GRCh38@all/LowComplexity/GRCh38_notinAllTandemRepeatsandHomopolymers_slop5.bed.gz	31902797
release/genome-stratifications/v3.5/GRCh38@all/LowComplexity/GRCh38_notinallTandemRepeats.bb	9316305
release/genome-stratifications/v3.5/GRCh38@all/LowComplexity/GRCh38_notinallTandemRepeats.bed.gz	10074871
release/genome-stratifications/v3.5/GRCh38@all/LowComplexity/GRCh38_notinsatellites_slop5.bb	83023
release/genome-stratifications/v3.5/GRCh38@all/LowComplexity/GRCh38_notinsatellites_slop5.bed.gz	46805
release/genome-stratifications/v3.5/GRCh38@all/LowComplexity/GRCh38_satellites_slop5.bb	123696
release/genome-stratifications/v3.5/GRCh38@all/LowComplexity/GRCh38_satellites_slop5.bed.gz	47277
release/genome-stratifications/v3.5/GRCh38@all/Mappability/GRCh38_Mappability_README.md	2742
release/genome-stratifications/v3.5/GRCh38@all/Mappability/GRCh38_lowmappabilityall.bb	6319706
release/genome-stratifications/v3.5/GRCh38@all/Mappability/GRCh38_lowmappabilityall.bed.gz	4466466
release/genome-stratifications/v3.5/GRCh38@all/Mappability/GRCh38_nonunique_l100_m2_e1.bb	6320237
release/genome-stratifications/v3.5/GRCh38@all/Mappability/GRCh38_nonunique_l100_m2_e1.bed.gz	4467151
release/genome-stratifications/v3.5/GRCh38@all/Mappability/GRCh38_nonunique_l250_m0_e0.bb	1648572
release/genome-stratifications/v3.5/GRCh38@all/Mappability/GRCh38_nonunique_l250_m0_e0.bed.gz	1122242
release/genome-stratifications/v3.5/GRCh38@all/Mappability/GRCh38_notinlowmappabilityall.bb	4760143
release/genome-stratifications/v3.5/GRCh38@all/Mappability/GRCh38_notinlowmappabilityall.bed.gz	4877946
release/genome-stratifications/v3.5/GRCh38@all/OtherDifficult/GRCh38_KIR.bb	13156
release/genome-stratifications/v3.5/GRCh38@all/OtherDifficult/GRCh38_KIR.bed.gz	83
release/genome-stratifications/v3.5/GRCh38@all/OtherDifficult/GRCh38_L1H_gt500.bb	46745
release/genome-stratifications/v3.5/GRCh38@all/OtherDifficult/GRCh38_L1H_gt500.bed.gz	9297
release/genome-stratifications/v3.5/GRCh38@all/OtherDifficult/GRCh38_LD_discordant_haplotypes_slop5bp.bb	51636
release/genome-stratifications/v3.5/GRCh38@all/OtherDifficult/GRCh38_LD_discordant_haplotypes_slop5bp.bed.gz	12646
release/genome-stratifications/v3.5/GRCh38@all/OtherDifficult/GRCh38_MHC.bb	13155
release/genome-stratifications/v3.5/GRCh38@all/OtherDifficult/GRCh38_MHC.bed.gz	82
release/genome-stratifications/v3.5/GRCh38@all/OtherDifficult/GRCh38_OtherDifficult_README.md	7399
release/genome-stratifications/v3.5/GRCh38@all/OtherDifficult/GRCh38_VDJ.bb	13389
release/genome-stratifications/v3.5/GRCh38@all/OtherDifficult/GRCh38_VDJ.bed.gz	162
release/genome-stratifications/v3.5/GRCh38@all/OtherDifficult/GRCh38_allOtherDifficultregions.bb	504984
release/genome-stratifications/v3.5/GRCh38@all/OtherDifficult/GRCh38_allOtherDifficultregions.bed.gz	316313
release/genome-stratifications/v3.5/GRCh38@all/OtherDifficult/GRCh38_collapsed_duplication_FP_regions.bb	37151
release/genome-stratifications/v3.5/GRCh38@all/OtherDifficult/GRCh38_collapsed_duplication_FP_regions.bed.gz	1709
release/genome-stratifications/v3.5/GRCh38@all/OtherDifficult/GRCh38_contigs_lt500kb.bb	45283
release/genome-stratifications/v3.5/GRCh38@all/OtherDifficult/GRCh38_contigs_lt500kb.bed.gz	3129
release/genome-stratifications/v3.5/GRCh38@all/OtherDifficult/GRCh38_false_duplications_correct_copy.bb	26623
release/genome-stratifications/v3.5/GRCh38@all/OtherDifficult/GRCh38_false_duplications_correct_copy.bed.gz	201
release/genome-stratifications/v3.5/GRCh38@all/OtherDifficult/GRCh38_false_duplications_incorrect_copy.bb	13455
release/genome-stratifications/v3.5/GRCh38@all/OtherDifficult/GRCh38_false_duplications_incorrect_copy.bed.gz	178
release/genome-stratifications/v3.5/GRCh38@all/OtherDifficult/GRCh38_gaps_slop15kb.bb	59290
release/genome-stratifications/v3.5/GRCh38@all/OtherDifficult/GRCh38_gaps_slop15kb.bed.gz	6976
release/genome-stratifications/v3.5/GRCh38@all/OtherDifficult/GRCh38_gnomAD_InbreedingCoeff_slop1bp_merge1000bp.bb	539833
release/genome-stratifications/v3.5/GRCh38@all/OtherDifficult/GRCh38_gnomAD_InbreedingCoeff_slop1bp_merge1000bp.bed.gz	318528
release/genome-stratifications/v3.5/GRCh38@all/OtherDifficult/GRCh38_population_CNV_FP_regions.bb	43678
release/genome-stratifications/v3.5/GRCh38@all/OtherDifficult/GRCh38_population_CNV_FP_regions.bed.gz	4566
release/genome-stratifications/v3.5/GRCh38@all/SegmentalDuplications/GRCh38_SegmentalDuplications_README.md	1547
release/genome-stratifications/v3.5/GRCh38@all/SegmentalDuplications/GRCh38_notinsegdups.bb	103587
release/genome-stratifications/v3.5/GRCh38@all/SegmentalDuplications/GRCh38_notinsegdups.bed.gz	68092
release/genome-stratifications/v3.5/GRCh38@all/SegmentalDuplications/GRCh38_notinsegdups_gt10kb.bb	47599
release/genome-stratifications/v3.5/GRCh38@all/SegmentalDuplications/GRCh38_notinsegdups_gt10kb.bed.gz	19232
release/genome-stratifications/v3.5/GRCh38@all/SegmentalDuplications/GRCh38_segdups.bb	133572
release/genome-stratifications/v3.5/GRCh38@all/SegmentalDuplications/GRCh38_segdups.bed.gz	65098
release/genome-stratifications/v3.5/GRCh38@all/SegmentalDuplications/GRCh38_segdups_gt10kb.bb	56748
release/genome-stratifications/v3.5/GRCh38@all/SegmentalDuplications/GRCh38_segdups_gt10kb.bed.gz	16937
release/genome-stratifications/v3.5/GRCh38@all/Union/GRCh38_Union_README.md	1647
release/genome-stratifications/v3.5/GRCh38@all/Union/GRCh38_alldifficultregions.bb	35846976
release/genome-stratifications/v3.5/GRCh38@all/Union/GRCh38_alldifficultregions.bed.gz	31493051
release/genome-stratifications/v3.5/GRCh38@all/Union/GRCh38_alllowmapandsegdupregions.bb	4865160
release/genome-stratifications/v3.5/GRCh38@all/Union/GRCh38_alllowmapandsegdupregions.bed.gz	3513365
release/genome-stratifications/v3.5/GRCh38@all/Union/GRCh38_notinalldifficultregions.bb	32520496
release/genome-stratifications/v3.5/GRCh38@all/Union/GRCh38_notinalldifficultregions.bed.gz	32740449
release/genome-stratifications/v3.5/GRCh38@all/Union/GRCh38_notinalllowmapandsegdupregions.bb	3761232
release/genome-stratifications/v3.5/GRCh38@all/Union/GRCh38_notinalllowmapandsegdupregions.bed.gz	3899015
release/genome-stratifications/v3.5/GRCh38@all/XY/GRCh38_AllAutosomes.bb	32769
release/genome-stratifications/v3.5/GRCh38@all/XY/GRCh38_AllAutosomes.bed.gz	4237
release/genome-stratifications/v3.5/GRCh38@all/XY/GRCh38_XY_README.md	2594
release/genome-stratifications/v3.5/GRCh38@all/XY/GRCh38_chrX_PAR.bb	13228
release/genome-stratifications/v3.5/GRCh38@all/XY/GRCh38_chrX_PAR.bed.gz	138
release/genome-stratifications/v3.5/GRCh38@all/XY/GRCh38_chrX_XTR.bb	13155
release/genome-stratifications/v3.5/GRCh38@all/XY/GRCh38_chrX_XTR.bed.gz	82
release/genome-stratifications/v3.5/GRCh38@all/XY/GRCh38_chrX_ampliconic.bb	19558
release/genome-stratifications/v3.5/GRCh38@all/XY/GRCh38_chrX_ampliconic.bed.gz	209
release/genome-stratifications/v3.5/GRCh38@all/XY/GRCh38_chrX_nonPAR.bb	19534
release/genome-stratifications/v3.5/GRCh38@all/XY/GRCh38_chrX_nonPAR.bed.gz	185
release/genome-stratifications/v3.5/GRCh38@all/XY/GRCh38_chrY_PAR.bb	13228
release/genome-stratifications/v3.5/GRCh38@all/XY/GRCh38_chrY_PAR.bed.gz	138
release/genome-stratifications/v3.5/GRCh38@all/XY/GRCh38_chrY_XTR.bb	13165
release/genome-stratifications/v3.5/GRCh38@all/XY/GRCh38_chrY_XTR.bed.gz	96
release/genome-stratifications/v3.5/GRCh38@all/XY/GRCh38_chrY_ampliconic.bb	19572
release/genome-stratifications/v3.5/GRCh38@all/XY/GRCh38_chrY_ampliconic.bed.gz	217
release/genome-stratifications/v3.5/GRCh38@all/XY/GRCh38_chrY_nonPAR.bb	26142
release/genome-stratifications/v3.5/GRCh38@all/XY/GRCh38_chrY_nonPAR.bed.gz	473
release/genome-stratifications/v3.5/HG002.mat@all/Diploid/HG002.mat_Diploid_README.md	6274
release/genome-stratifications/v3.5/HG002.mat@all/Diploid/HG002.mat_het_SNVorSV_regions_100.bb	12326879
release/genome-stratifications/v3.5/HG002.mat@all/Diploid/HG002.mat_het_SNVorSV_regions_100.bed.gz	11215658
release/genome-stratifications/v3.5/HG002.mat@all/Diploid/HG002.mat_het_SNVorSV_regions_1000.bb	2442908
release/genome-stratifications/v3.5/HG002.mat@all/Diploid/HG002.mat_het_SNVorSV_regions_1000.bed.gz	2192317
release/genome-stratifications/v3.5/HG002.mat@all/Diploid/HG002.mat_het_SNVorSV_regions_10000.bb	174420
release/genome-stratifications/v3.5/HG002.mat@all/Diploid/HG002.mat_het_SNVorSV_regions_10000.bed.gz	133943
release/genome-stratifications/v3.5/HG002.mat@all/Diploid/HG002.mat_het_SNVorSV_regions_100000.bb	14930
release/genome-stratifications/v3.5/HG002.mat@all/Diploid/HG002.mat_het_SNVorSV_regions_100000.bed.gz	650
release/genome-stratifications/v3.5/HG002.mat@all/Diploid/HG002.mat_het_SNVorSV_regions_250.bb	9804539
release/genome-stratifications/v3.5/HG002.mat@all/Diploid/HG002.mat_het_SNVorSV_regions_250.bed.gz	7592516
release/genome-stratifications/v3.5/HG002.mat@all/Diploid/HG002.mat_het_SNVorSV_regions_25000.bb	60102
release/genome-stratifications/v3.5/HG002.mat@all/Diploid/HG002.mat_het_SNVorSV_regions_25000.bed.gz	20214
release/genome-stratifications/v3.5/HG002.mat@all/Diploid/HG002.mat_het_SNVorSV_regions_500.bb	5383686
release/genome-stratifications/v3.5/HG002.mat@all/Diploid/HG002.mat_het_SNVorSV_regions_500.bed.gz	4625952
release/genome-stratifications/v3.5/HG002.mat@all/Diploid/HG002.mat_het_SNVorSV_regions_5000.bb	374207
release/genome-stratifications/v3.5/HG002.mat@all/Diploid/HG002.mat_het_SNVorSV_regions_5000.bed.gz	329975
release/genome-stratifications/v3.5/HG002.mat@all/Diploid/HG002.mat_het_SNVorSV_regions_50000.bb	31313
release/genome-stratifications/v3.5/HG002.mat@all/Diploid/HG002.mat_het_SNVorSV_regions_50000.bed.gz	2987
release/genome-stratifications/v3.5/HG002.mat@all/Diploid/HG002.mat_het_regions_100.bb	14129082
release/genome-stratifications/v3.5/HG002.mat@all/Diploid/HG002.mat_het_regions_100.bed.gz	13038850
release/genome-stratifications/v3.5/HG002.mat@all/Diploid/HG002.mat_het_regions_1000.bb	2357793
release/genome-stratifications/v3.5/HG002.mat@all/Diploid/HG002.mat_het_regions_1000.bed.gz	2159094
release/genome-stratifications/v3.5/HG002.mat@all/Diploid/HG002.mat_het_regions_10000.bb	127633
release/genome-stratifications/v3.5/HG002.mat@all/Diploid/HG002.mat_het_regions_10000.bed.gz	95567
release/genome-stratifications/v3.5/HG002.mat@all/Diploid/HG002.mat_het_regions_100000.bb	28356
release/genome-stratifications/v3.5/HG002.mat@all/Diploid/HG002.mat_het_regions_100000.bed.gz	553
release/genome-stratifications/v3.5/HG002.mat@all/Diploid/HG002.mat_het_regions_250.bb	10633187
release/genome-stratifications/v3.5/HG002.mat@all/Diploid/HG002.mat_het_regions_250.bed.gz	8418176
release/genome-stratifications/v3.5/HG002.mat@all/Diploid/HG002.mat_het_regions_25000.bb	44782
release/genome-stratifications/v3.5/HG002.mat@all/Diploid/HG002.mat_het_regions_25000.bed.gz	8347
release/genome-stratifications/v3.5/HG002.mat@all/Diploid/HG002.mat_het_regions_500.bb	5510429
release/genome-stratifications/v3.5/HG002.mat@all/Diploid/HG002.mat_het_regions_500.bed.gz	4834961
release/genome-stratifications/v3.5/HG002.mat@all/Diploid/HG002.mat_het_regions_5000.bb	344597
release/genome-stratifications/v3.5/HG002.mat@all/Diploid/HG002.mat_het_regions_5000.bed.gz	305388
release/genome-stratifications/v3.5/HG002.mat@all/Diploid/HG002.mat_het_regions_50000.bb	15595
release/genome-stratifications/v3.5/HG002.mat@all/Diploid/HG002.mat_het_regions_50000.bed.gz	1296
release/genome-stratifications/v3.5/HG002.mat@all/Diploid/HG002.mat_hom_SNVorSV_regions_100.bb	12163685
release/genome-stratifications/v3.5/HG002.mat@all/Diploid/HG002.mat_hom_SNVorSV_regions_100.bed.gz	11463955
release/genome-stratifications/v3.5/HG002.mat@all/Diploid/HG002.mat_hom_SNVorSV_regions_1000.bb	2686523
release/genome-stratifications/v3.5/HG002.mat@all/Diploid/HG002.mat_hom_SNVorSV_regions_1000.bed.gz	2137927
release/genome-stratifications/v3.5/HG002.mat@all/Diploid/HG002.mat_hom_SNVorSV_regions_10000.bb	206050
release/genome-stratifications/v3.5/HG002.mat@all/Diploid/HG002.mat_hom_SNVorSV_regions_10000.bed.gz	131615
release/genome-stratifications/v3.5/HG002.mat@all/Diploid/HG002.mat_hom_SNVorSV_regions_100000.bb	14389
release/genome-stratifications/v3.5/HG002.mat@all/Diploid/HG002.mat_hom_SNVorSV_regions_100000.bed.gz	473
release/genome-stratifications/v3.5/HG002.mat@all/Diploid/HG002.mat_hom_SNVorSV_regions_250.bb	8411261
release/genome-stratifications/v3.5/HG002.mat@all/Diploid/HG002.mat_hom_SNVorSV_regions_250.bed.gz	7571414
release/genome-stratifications/v3.5/HG002.mat@all/Diploid/HG002.mat_hom_SNVorSV_regions_25000.bb	58843
release/genome-stratifications/v3.5/HG002.mat@all/Diploid/HG002.mat_hom_SNVorSV_regions_25000.bed.gz	19785
release/genome-stratifications/v3.5/HG002.mat@all/Diploid/HG002.mat_hom_SNVorSV_regions_500.bb	5230756
release/genome-stratifications/v3.5/HG002.mat@all/Diploid/HG002.mat_hom_SNVorSV_regions_500.bed.gz	4506052
release/genome-stratifications/v3.5/HG002.mat@all/Diploid/HG002.mat_hom_SNVorSV_regions_5000.bb	395745
release/genome-stratifications/v3.5/HG002.mat@all/Diploid/HG002.mat_hom_SNVorSV_regions_5000.bed.gz	324001
release/genome-stratifications/v3.5/HG002.mat@all/Diploid/HG002.mat_hom_SNVorSV_regions_50000.bb	24080
release/genome-stratifications/v3.5/HG002.mat@all/Diploid/HG002.mat_hom_SNVorSV_regions_50000.bed.gz	2716
release/genome-stratifications/v3.5/HG002.mat@all/Diploid/HG002.mat_hom_regions_100.bb	14346300
release/genome-stratifications/v3.5/HG002.mat@all/Diploid/HG002.mat_hom_regions_100.bed.gz	13271232
release/genome-stratifications/v3.5/HG002.mat@all/Diploid/HG002.mat_hom_regions_1000.bb	2768401
release/genome-stratifications/v3.5/HG002.mat@all/Diploid/HG002.mat_hom_regions_1000.bed.gz	2102738
release/genome-stratifications/v3.5/HG002.mat@all/Diploid/HG002.mat_hom_regions_10000.bb	186000
release/genome-stratifications/v3.5/HG002.mat@all/Diploid/HG002.mat_hom_regions_10000.bed.gz	93314
release/genome-stratifications/v3.5/HG002.mat@all/Diploid/HG002.mat_hom_regions_100000.bb	14027
release/genome-stratifications/v3.5/HG002.mat@all/Diploid/HG002.mat_hom_regions_100000.bed.gz	378
release/genome-stratifications/v3.5/HG002.mat@all/Diploid/HG002.mat_hom_regions_250.bb	9518795
release/genome-stratifications/v3.5/HG002.mat@all/Diploid/HG002.mat_hom_regions_250.bed.gz	8360666
release/genome-stratifications/v3.5/HG002.mat@all/Diploid/HG002.mat_hom_regions_25000.bb	46921
release/genome-stratifications/v3.5/HG002.mat@all/Diploid/HG002.mat_hom_regions_25000.bed.gz	7991
release/genome-stratifications/v3.5/HG002.mat@all/Diploid/HG002.mat_hom_regions_500.bb	5640062
release/genome-stratifications/v3.5/HG002.mat@all/Diploid/HG002.mat_hom_regions_500.bed.gz	4696649
release/genome-stratifications/v3.5/HG002.mat@all/Diploid/HG002.mat_hom_regions_5000.bb	392446
release/genome-stratifications/v3.5/HG002.mat@all/Diploid/HG002.mat_hom_regions_5000.bed.gz	298162
release/genome-stratifications/v3.5/HG002.mat@all/Diploid/HG002.mat_hom_regions_50000.bb	22160
release/genome-stratifications/v3.5/HG002.mat@all/Diploid/HG002.mat_hom_regions_50000.bed.gz	1106
release/genome-stratifications/v3.5/HG002.mat@all/Functional/HG002.mat_Functional_README.md	1439
release/genome-stratifications/v3.5/HG002.mat@all/Functional/HG002.mat_notinrefseq_cds.bb	1560474
release/genome-stratifications/v3.5/HG002.mat@all/Functional/HG002.mat_notinrefseq_cds.bed.gz	1638175
release/genome-stratifications/v3.5/HG002.mat@all/Functional/HG002.mat_refseq_cds.bb	2078442
release/genome-stratifications/v3.5/HG002.mat@all/Functional/HG002.mat_refseq_cds.bed.gz	1502390
release/genome-stratifications/v3.5/HG002.mat@all/GCcontent/HG002.mat_GCcontent_README.md	2253
release/genome-stratifications/v3.5/HG002.mat@all/GCcontent/HG002.mat_gc15_slop50.bb	208085
release/genome-stratifications/v3.5/HG002.mat@all/GCcontent/HG002.mat_gc15_slop50.bed.gz	133359
release/genome-stratifications/v3.5/HG002.mat@all/GCcontent/HG002.mat_gc15to20_slop50.bb	807200
release/genome-stratifications/v3.5/HG002.mat@all/GCcontent/HG002.mat_gc15to20_slop50.bed.gz	553645
release/genome-stratifications/v3.5/HG002.mat@all/GCcontent/HG002.mat_gc20to25_slop50.bb	4115743
release/genome-stratifications/v3.5/HG002.mat@all/GCcontent/HG002.mat_gc20to25_slop50.bed.gz	3530241
release/genome-stratifications/v3.5/HG002.mat@all/GCcontent/HG002.mat_gc25to30_slop50.bb	13611491
release/genome-stratifications/v3.5/HG002.mat@all/GCcontent/HG002.mat_gc25to30_slop50.bed.gz	11234170
release/genome-stratifications/v3.5/HG002.mat@all/GCcontent/HG002.mat_gc30to55_slop50.bb	20267289
release/genome-stratifications/v3.5/HG002.mat@all/GCcontent/HG002.mat_gc30to55_slop50.bed.gz	17687660
release/genome-stratifications/v3.5/HG002.mat@all/GCcontent/HG002.mat_gc55to60_slop50.bb	11087327
release/genome-stratifications/v3.5/HG002.mat@all/GCcontent/HG002.mat_gc55to60_slop50.bed.gz	8195742
release/genome-stratifications/v3.5/HG002.mat@all/GCcontent/HG002.mat_gc60to65_slop50.bb	4016026
release/genome-stratifications/v3.5/HG002.mat@all/GCcontent/HG002.mat_gc60to65_slop50.bed.gz	3339794
release/genome-stratifications/v3.5/HG002.mat@all/GCcontent/HG002.mat_gc65to70_slop50.bb	1720483
release/genome-stratifications/v3.5/HG002.mat@all/GCcontent/HG002.mat_gc65to70_slop50.bed.gz	1156344
release/genome-stratifications/v3.5/HG002.mat@all/GCcontent/HG002.mat_gc70to75_slop50.bb	642492
release/genome-stratifications/v3.5/HG002.mat@all/GCcontent/HG002.mat_gc70to75_slop50.bed.gz	433802
release/genome-stratifications/v3.5/HG002.mat@all/GCcontent/HG002.mat_gc75to80_slop50.bb	375001
release/genome-stratifications/v3.5/HG002.mat@all/GCcontent/HG002.mat_gc75to80_slop50.bed.gz	187915
release/genome-stratifications/v3.5/HG002.mat@all/GCcontent/HG002.mat_gc80to85_slop50.bb	154397
release/genome-stratifications/v3.5/HG002.mat@all/GCcontent/HG002.mat_gc80to85_slop50.bed.gz	79983
release/genome-stratifications/v3.5/HG002.mat@all/GCcontent/HG002.mat_gc85_slop50.bb	60940
release/genome-stratifications/v3.5/HG002.mat@all/GCcontent/HG002.mat_gc85_slop50.bed.gz	18686
release/genome-stratifications/v3.5/HG002.mat@all/GCcontent/HG002.mat_gclt25orgt65_slop50.bb	6525088
release/genome-stratifications/v3.5/HG002.mat@all/GCcontent/HG002.mat_gclt25orgt65_slop50.bed.gz	4569949
release/genome-stratifications/v3.5/HG002.mat@all/GCcontent/HG002.mat_gclt30orgt55_slop50.bb	24361797
release/genome-stratifications/v3.5/HG002.mat@all/GCcontent/HG002.mat_gclt30orgt55_slop50.bed.gz	17564893
release/genome-stratifications/v3.5/HG002.mat@all/HG002.mat-BACKGROUND.md	4316
release/genome-stratifications/v3.5/HG002.mat@all/HG002.mat-README.md	8336
release/genome-stratifications/v3.5/HG002.mat@all/HG002.mat-all-bb-stratifications.tsv	8128
release/genome-stratifications/v3.5/HG002.mat@all/HG002.mat-all-stratifications.tsv	8572
release/genome-stratifications/v3.5/HG002.mat@all/HG002.mat-genome-stratifications-bb-md5s.txt	9176
release/genome-stratifications/v3.5/HG002.mat@all/HG002.mat-genome-stratifications-md5s.txt	9620
release/genome-stratifications/v3.5/HG002.mat@all/LowComplexity/HG002.mat_AllHomopolymers_ge7bp_imperfectge11bp_slop5.bb	31814824
release/genome-stratifications/v3.5/HG002.mat@all/LowComplexity/HG002.mat_AllHomopolymers_ge7bp_imperfectge11bp_slop5.bed.gz	25461934
release/genome-stratifications/v3.5/HG002.mat@all/LowComplexity/HG002.mat_AllTandemRepeats.bb	13416281
release/genome-stratifications/v3.5/HG002.mat@all/LowComplexity/HG002.mat_AllTandemRepeats.bed.gz	10597089
release/genome-stratifications/v3.5/HG002.mat@all/LowComplexity/HG002.mat_AllTandemRepeats_201to10000bp_slop5.bb	1276587
release/genome-stratifications/v3.5/HG002.mat@all/LowComplexity/HG002.mat_AllTandemRepeats_201to10000bp_slop5.bed.gz	847389
release/genome-stratifications/v3.5/HG002.mat@all/LowComplexity/HG002.mat_AllTandemRepeats_51to200bp_slop5.bb	2926069
release/genome-stratifications/v3.5/HG002.mat@all/LowComplexity/HG002.mat_AllTandemRepeats_51to200bp_slop5.bed.gz	2346149
release/genome-stratifications/v3.5/HG002.mat@all/LowComplexity/HG002.mat_AllTandemRepeats_ge10001bp_slop5.bb	965334
release/genome-stratifications/v3.5/HG002.mat@all/LowComplexity/HG002.mat_AllTandemRepeats_ge10001bp_slop5.bed.gz	1058323
release/genome-stratifications/v3.5/HG002.mat@all/LowComplexity/HG002.mat_AllTandemRepeats_ge101bp_slop5.bb	2953848
release/genome-stratifications/v3.5/HG002.mat@all/LowComplexity/HG002.mat_AllTandemRepeats_ge101bp_slop5.bed.gz	2465521
release/genome-stratifications/v3.5/HG002.mat@all/LowComplexity/HG002.mat_AllTandemRepeats_le50bp_slop5.bb	7833022
release/genome-stratifications/v3.5/HG002.mat@all/LowComplexity/HG002.mat_AllTandemRepeats_le50bp_slop5.bed.gz	6422298
release/genome-stratifications/v3.5/HG002.mat@all/LowComplexity/HG002.mat_AllTandemRepeatsandHomopolymers_slop5.bb	36057328
release/genome-stratifications/v3.5/HG002.mat@all/LowComplexity/HG002.mat_AllTandemRepeatsandHomopolymers_slop5.bed.gz	30258958
release/genome-stratifications/v3.5/HG002.mat@all/LowComplexity/HG002.mat_LowComplexity_README.md	12200
release/genome-stratifications/v3.5/HG002.mat@all/LowComplexity/HG002.mat_SimpleRepeat_diTR_10to49_slop5.bb	4645127
release/genome-stratifications/v3.5/HG002.mat@all/LowComplexity/HG002.mat_SimpleRepeat_diTR_10to49_slop5.bed.gz	3300915
release/genome-stratifications/v3.5/HG002.mat@all/LowComplexity/HG002.mat_SimpleRepeat_diTR_50to149_slop5.bb	81637
release/genome-stratifications/v3.5/HG002.mat@all/LowComplexity/HG002.mat_SimpleRepeat_diTR_50to149_slop5.bed.gz	37142
release/genome-stratifications/v3.5/HG002.mat@all/LowComplexity/HG002.mat_SimpleRepeat_diTR_ge150_slop5.bb	19497
release/genome-stratifications/v3.5/HG002.mat@all/LowComplexity/HG002.mat_SimpleRepeat_diTR_ge150_slop5.bed.gz	105
release/genome-stratifications/v3.5/HG002.mat@all/LowComplexity/HG002.mat_SimpleRepeat_homopolymer_4to6_AT_slop5.bb	210580738
release/genome-stratifications/v3.5/HG002.mat@all/LowComplexity/HG002.mat_SimpleRepeat_homopolymer_4to6_AT_slop5.bed.gz	218999433
release/genome-stratifications/v3.5/HG002.mat@all/LowComplexity/HG002.mat_SimpleRepeat_homopolymer_4to6_GC_slop5.bb	78688307
release/genome-stratifications/v3.5/HG002.mat@all/LowComplexity/HG002.mat_SimpleRepeat_homopolymer_4to6_GC_slop5.bed.gz	77414344
release/genome-stratifications/v3.5/HG002.mat@all/LowComplexity/HG002.mat_SimpleRepeat_homopolymer_4to6_slop5.bb	246710389
release/genome-stratifications/v3.5/HG002.mat@all/LowComplexity/HG002.mat_SimpleRepeat_homopolymer_4to6_slop5.bed.gz	270811007
release/genome-stratifications/v3.5/HG002.mat@all/LowComplexity/HG002.mat_SimpleRepeat_homopolymer_7to11_AT_slop5.bb	24499197
release/genome-stratifications/v3.5/HG002.mat@all/LowComplexity/HG002.mat_SimpleRepeat_homopolymer_7to11_AT_slop5.bed.gz	17433089
release/genome-stratifications/v3.5/HG002.mat@all/LowComplexity/HG002.mat_SimpleRepeat_homopolymer_7to11_GC_slop5.bb	922252
release/genome-stratifications/v3.5/HG002.mat@all/LowComplexity/HG002.mat_SimpleRepeat_homopolymer_7to11_GC_slop5.bed.gz	704947
release/genome-stratifications/v3.5/HG002.mat@all/LowComplexity/HG002.mat_SimpleRepeat_homopolymer_7to11_slop5.bb	25199810
release/genome-stratifications/v3.5/HG002.mat@all/LowComplexity/HG002.mat_SimpleRepeat_homopolymer_7to11_slop5.bed.gz	18086073
release/genome-stratifications/v3.5/HG002.mat@all/LowComplexity/HG002.mat_SimpleRepeat_homopolymer_ge12_AT_slop5.bb	6075909
release/genome-stratifications/v3.5/HG002.mat@all/LowComplexity/HG002.mat_SimpleRepeat_homopolymer_ge12_AT_slop5.bed.gz	4517633
release/genome-stratifications/v3.5/HG002.mat@all/LowComplexity/HG002.mat_SimpleRepeat_homopolymer_ge12_GC_slop5.bb	66633
release/genome-stratifications/v3.5/HG002.mat@all/LowComplexity/HG002.mat_SimpleRepeat_homopolymer_ge12_GC_slop5.bed.gz	26226
release/genome-stratifications/v3.5/HG002.mat@all/LowComplexity/HG002.mat_SimpleRepeat_homopolymer_ge12_slop5.bb	6099477
release/genome-stratifications/v3.5/HG002.mat@all/LowComplexity/HG002.mat_SimpleRepeat_homopolymer_ge12_slop5.bed.gz	4539868
release/genome-stratifications/v3.5/HG002.mat@all/LowComplexity/HG002.mat_SimpleRepeat_homopolymer_ge21_AT_slop5.bb	1373081
release/genome-stratifications/v3.5/HG002.mat@all/LowComplexity/HG002.mat_SimpleRepeat_homopolymer_ge21_AT_slop5.bed.gz	977605
release/genome-stratifications/v3.5/HG002.mat@all/LowComplexity/HG002.mat_SimpleRepeat_homopolymer_ge21_GC_slop5.bb	82689
release/genome-stratifications/v3.5/HG002.mat@all/LowComplexity/HG002.mat_SimpleRepeat_homopolymer_ge21_GC_slop5.bed.gz	988
release/genome-stratifications/v3.5/HG002.mat@all/LowComplexity/HG002.mat_SimpleRepeat_homopolymer_ge21_slop5.bb	1373879
release/genome-stratifications/v3.5/HG002.mat@all/LowComplexity/HG002.mat_SimpleRepeat_homopolymer_ge21_slop5.bed.gz	978514
release/genome-stratifications/v3.5/HG002.mat@all/LowComplexity/HG002.mat_SimpleRepeat_imperfecthomopolge11_AT_slop5.bb	12062797
release/genome-stratifications/v3.5/HG002.mat@all/LowComplexity/HG002.mat_SimpleRepeat_imperfecthomopolge11_AT_slop5.bed.gz	10534342
release/genome-stratifications/v3.5/HG002.mat@all/LowComplexity/HG002.mat_SimpleRepeat_imperfecthomopolge11_GC_slop5.bb	1204370
release/genome-stratifications/v3.5/HG002.mat@all/LowComplexity/HG002.mat_SimpleRepeat_imperfecthomopolge11_GC_slop5.bed.gz	749510
release/genome-stratifications/v3.5/HG002.mat@all/LowComplexity/HG002.mat_SimpleRepeat_imperfecthomopolge11_slop5.bb	12751928
release/genome-stratifications/v3.5/HG002.mat@all/LowComplexity/HG002.mat_SimpleRepeat_imperfecthomopolge11_slop5.bed.gz	11265615
release/genome-stratifications/v3.5/HG002.mat@all/LowComplexity/HG002.mat_SimpleRepeat_imperfecthomopolge21_AT_slop5.bb	3174234
release/genome-stratifications/v3.5/HG002.mat@all/LowComplexity/HG002.mat_SimpleRepeat_imperfecthomopolge21_AT_slop5.bed.gz	2036297
release/genome-stratifications/v3.5/HG002.mat@all/LowComplexity/HG002.mat_SimpleRepeat_imperfecthomopolge21_GC_slop5.bb	85053
release/genome-stratifications/v3.5/HG002.mat@all/LowComplexity/HG002.mat_SimpleRepeat_imperfecthomopolge21_GC_slop5.bed.gz	29914
release/genome-stratifications/v3.5/HG002.mat@all/LowComplexity/HG002.mat_SimpleRepeat_imperfecthomopolge21_slop5.bb	3204670
release/genome-stratifications/v3.5/HG002.mat@all/LowComplexity/HG002.mat_SimpleRepeat_imperfecthomopolge21_slop5.bed.gz	2063375
release/genome-stratifications/v3.5/HG002.mat@all/LowComplexity/HG002.mat_SimpleRepeat_quadTR_19to49_slop5.bb	1171856
release/genome-stratifications/v3.5/HG002.mat@all/LowComplexity/HG002.mat_SimpleRepeat_quadTR_19to49_slop5.bed.gz	814016
release/genome-stratifications/v3.5/HG002.mat@all/LowComplexity/HG002.mat_SimpleRepeat_quadTR_50to149_slop5.bb	142097
release/genome-stratifications/v3.5/HG002.mat@all/LowComplexity/HG002.mat_SimpleRepeat_quadTR_50to149_slop5.bed.gz	66528
release/genome-stratifications/v3.5/HG002.mat@all/LowComplexity/HG002.mat_SimpleRepeat_quadTR_ge150_slop5.bb	20611
release/genome-stratifications/v3.5/HG002.mat@all/LowComplexity/HG002.mat_SimpleRepeat_quadTR_ge150_slop5.bed.gz	277
release/genome-stratifications/v3.5/HG002.mat@all/LowComplexity/HG002.mat_SimpleRepeat_triTR_14to49_slop5.bb	1127881
release/genome-stratifications/v3.5/HG002.mat@all/LowComplexity/HG002.mat_SimpleRepeat_triTR_14to49_slop5.bed.gz	720835
release/genome-stratifications/v3.5/HG002.mat@all/LowComplexity/HG002.mat_SimpleRepeat_triTR_50to149_slop5.bb	36632
release/genome-stratifications/v3.5/HG002.mat@all/LowComplexity/HG002.mat_SimpleRepeat_triTR_50to149_slop5.bed.gz	6826
release/genome-stratifications/v3.5/HG002.mat@all/LowComplexity/HG002.mat_SimpleRepeat_triTR_ge150_slop5.bb	19795
release/genome-stratifications/v3.5/HG002.mat@all/LowComplexity/HG002.mat_SimpleRepeat_triTR_ge150_slop5.bed.gz	156
release/genome-stratifications/v3.5/HG002.mat@all/LowComplexity/HG002.mat_notinAllHomopolymers_ge7bp_imperfectge11bp_slop5.bb	23434542
release/genome-stratifications/v3.5/HG002.mat@all/LowComplexity/HG002.mat_notinAllHomopolymers_ge7bp_imperfectge11bp_slop5.bed.gz	26974474
release/genome-stratifications/v3.5/HG002.mat@all/LowComplexity/HG002.mat_notinAllTandemRepeatsandHomopolymers_slop5.bb	28673740
release/genome-stratifications/v3.5/HG002.mat@all/LowComplexity/HG002.mat_notinAllTandemRepeatsandHomopolymers_slop5.bed.gz	31638378
release/genome-stratifications/v3.5/HG002.mat@all/LowComplexity/HG002.mat_notinallTandemRepeats.bb	10523163
release/genome-stratifications/v3.5/HG002.mat@all/LowComplexity/HG002.mat_notinallTandemRepeats.bed.gz	11356935
release/genome-stratifications/v3.5/HG002.mat@all/LowComplexity/HG002.mat_notinsatellites_slop5.bb	26991
release/genome-stratifications/v3.5/HG002.mat@all/LowComplexity/HG002.mat_notinsatellites_slop5.bed.gz	5931
release/genome-stratifications/v3.5/HG002.mat@all/LowComplexity/HG002.mat_satellites_slop5.bb	34815
release/genome-stratifications/v3.5/HG002.mat@all/LowComplexity/HG002.mat_satellites_slop5.bed.gz	5669
release/genome-stratifications/v3.5/HG002.mat@all/Mappability/HG002.mat_Mappability_README.md	2837
release/genome-stratifications/v3.5/HG002.mat@all/Mappability/HG002.mat_lowmappabilityall.bb	5847509
release/genome-stratifications/v3.5/HG002.mat@all/Mappability/HG002.mat_lowmappabilityall.bed.gz	4588051
release/genome-stratifications/v3.5/HG002.mat@all/Mappability/HG002.mat_nonunique_l100_m2_e1.bb	5847509
release/genome-stratifications/v3.5/HG002.mat@all/Mappability/HG002.mat_nonunique_l100_m2_e1.bed.gz	4588051
release/genome-stratifications/v3.5/HG002.mat@all/Mappability/HG002.mat_nonunique_l250_m0_e0.bb	2465421
release/genome-stratifications/v3.5/HG002.mat@all/Mappability/HG002.mat_nonunique_l250_m0_e0.bed.gz	1570704
release/genome-stratifications/v3.5/HG002.mat@all/Mappability/HG002.mat_notinlowmappabilityall.bb	4756774
release/genome-stratifications/v3.5/HG002.mat@all/Mappability/HG002.mat_notinlowmappabilityall.bed.gz	4979926
release/genome-stratifications/v3.5/HG002.mat@all/OtherDifficult/HG002.mat_KIR.bb	13164
release/genome-stratifications/v3.5/HG002.mat@all/OtherDifficult/HG002.mat_KIR.bed.gz	87
release/genome-stratifications/v3.5/HG002.mat@all/OtherDifficult/HG002.mat_MHC.bb	13164
release/genome-stratifications/v3.5/HG002.mat@all/OtherDifficult/HG002.mat_MHC.bed.gz	88
release/genome-stratifications/v3.5/HG002.mat@all/OtherDifficult/HG002.mat_OtherDifficult_README.md	1462
release/genome-stratifications/v3.5/HG002.mat@all/OtherDifficult/HG002.mat_VDJ.bb	19830
release/genome-stratifications/v3.5/HG002.mat@all/OtherDifficult/HG002.mat_VDJ.bed.gz	167
release/genome-stratifications/v3.5/HG002.mat@all/SegmentalDuplications/HG002.mat_SegmentalDuplications_README.md	1803
release/genome-stratifications/v3.5/HG002.mat@all/SegmentalDuplications/HG002.mat_notinsegdups.bb	87976
release/genome-stratifications/v3.5/HG002.mat@all/SegmentalDuplications/HG002.mat_notinsegdups.bed.gz	54193
release/genome-stratifications/v3.5/HG002.mat@all/SegmentalDuplications/HG002.mat_notinsegdups_gt10kb.bb	51435
release/genome-stratifications/v3.5/HG002.mat@all/SegmentalDuplications/HG002.mat_notinsegdups_gt10kb.bed.gz	12731
release/genome-stratifications/v3.5/HG002.mat@all/SegmentalDuplications/HG002.mat_segdups.bb	114536
release/genome-stratifications/v3.5/HG002.mat@all/SegmentalDuplications/HG002.mat_segdups.bed.gz	52860
release/genome-stratifications/v3.5/HG002.mat@all/SegmentalDuplications/HG002.mat_segdups_gt10kb.bb	50910
release/genome-stratifications/v3.5/HG002.mat@all/SegmentalDuplications/HG002.mat_segdups_gt10kb.bed.gz	12803
release/genome-stratifications/v3.5/HG002.mat@all/Telomere/HG002.mat_Telomere_README.md	714
release/genome-stratifications/v3.5/HG002.mat@all/Telomere/HG002.mat_telomeres.bb	21973
release/genome-stratifications/v3.5/HG002.mat@all/Telomere/HG002.mat_telomeres.bed.gz	435
release/genome-stratifications/v3.5/HG002.mat@all/Union/HG002.mat_Union_README.md	1590
release/genome-stratifications/v3.5/HG002.mat@all/Union/HG002.mat_alldifficultregions.bb	34474859
release/genome-stratifications/v3.5/HG002.mat@all/Union/HG002.mat_alldifficultregions.bed.gz	31924591
release/genome-stratifications/v3.5/HG002.mat@all/Union/HG002.mat_alllowmapandsegdupregions.bb	4670639
release/genome-stratifications/v3.5/HG002.mat@all/Union/HG002.mat_alllowmapandsegdupregions.bed.gz	3698133
release/genome-stratifications/v3.5/HG002.mat@all/Union/HG002.mat_notinalldifficultregions.bb	32173259
release/genome-stratifications/v3.5/HG002.mat@all/Union/HG002.mat_notinalldifficultregions.bed.gz	33063036
release/genome-stratifications/v3.5/HG002.mat@all/Union/HG002.mat_notinalllowmapandsegdupregions.bb	3853100
release/genome-stratifications/v3.5/HG002.mat@all/Union/HG002.mat_notinalllowmapandsegdupregions.bed.gz	4072192
release/genome-stratifications/v3.5/HG002.mat@all/XY/HG002.mat_AllAutosomes.bb	21070
release/genome-stratifications/v3.5/HG002.mat@all/XY/HG002.mat_AllAutosomes.bed.gz	249
release/genome-stratifications/v3.5/HG002.mat@all/XY/HG002.mat_XY_README.md	1238
release/genome-stratifications/v3.5/HG002.mat@all/XY/HG002.mat_chrX_PAR.bb	13163
release/genome-stratifications/v3.5/HG002.mat@all/XY/HG002.mat_chrX_PAR.bed.gz	100
release/genome-stratifications/v3.5/HG002.mat@all/XY/HG002.mat_chrX_nonPAR.bb	13174
release/genome-stratifications/v3.5/HG002.mat@all/XY/HG002.mat_chrX_nonPAR.bed.gz	102
release/genome-stratifications/v3.5/HG002.pat@all/Diploid/HG002.pat_Diploid_README.md	6274
release/genome-stratifications/v3.5/HG002.pat@all/Diploid/HG002.pat_het_SNVorSV_regions_100.bb	12345876
release/genome-stratifications/v3.5/HG002.pat@all/Diploid/HG002.pat_het_SNVorSV_regions_100.bed.gz	11216004
release/genome-stratifications/v3.5/HG002.pat@all/Diploid/HG002.pat_het_SNVorSV_regions_1000.bb	2437416
release/genome-stratifications/v3.5/HG002.pat@all/Diploid/HG002.pat_het_SNVorSV_regions_1000.bed.gz	2186429
release/genome-stratifications/v3.5/HG002.pat@all/Diploid/HG002.pat_het_SNVorSV_regions_10000.bb	174679
release/genome-stratifications/v3.5/HG002.pat@all/Diploid/HG002.pat_het_SNVorSV_regions_10000.bed.gz	133744
release/genome-stratifications/v3.5/HG002.pat@all/Diploid/HG002.pat_het_SNVorSV_regions_100000.bb	14941
release/genome-stratifications/v3.5/HG002.pat@all/Diploid/HG002.pat_het_SNVorSV_regions_100000.bed.gz	644
release/genome-stratifications/v3.5/HG002.pat@all/Diploid/HG002.pat_het_SNVorSV_regions_250.bb	9801377
release/genome-stratifications/v3.5/HG002.pat@all/Diploid/HG002.pat_het_SNVorSV_regions_250.bed.gz	7579673
release/genome-stratifications/v3.5/HG002.pat@all/Diploid/HG002.pat_het_SNVorSV_regions_25000.bb	60154
release/genome-stratifications/v3.5/HG002.pat@all/Diploid/HG002.pat_het_SNVorSV_regions_25000.bed.gz	20234
release/genome-stratifications/v3.5/HG002.pat@all/Diploid/HG002.pat_het_SNVorSV_regions_500.bb	5367745
release/genome-stratifications/v3.5/HG002.pat@all/Diploid/HG002.pat_het_SNVorSV_regions_500.bed.gz	4613268
release/genome-stratifications/v3.5/HG002.pat@all/Diploid/HG002.pat_het_SNVorSV_regions_5000.bb	373871
release/genome-stratifications/v3.5/HG002.pat@all/Diploid/HG002.pat_het_SNVorSV_regions_5000.bed.gz	329287
release/genome-stratifications/v3.5/HG002.pat@all/Diploid/HG002.pat_het_SNVorSV_regions_50000.bb	31344
release/genome-stratifications/v3.5/HG002.pat@all/Diploid/HG002.pat_het_SNVorSV_regions_50000.bed.gz	2995
release/genome-stratifications/v3.5/HG002.pat@all/Diploid/HG002.pat_het_regions_100.bb	14137505
release/genome-stratifications/v3.5/HG002.pat@all/Diploid/HG002.pat_het_regions_100.bed.gz	13031829
release/genome-stratifications/v3.5/HG002.pat@all/Diploid/HG002.pat_het_regions_1000.bb	2357289
release/genome-stratifications/v3.5/HG002.pat@all/Diploid/HG002.pat_het_regions_1000.bed.gz	2154420
release/genome-stratifications/v3.5/HG002.pat@all/Diploid/HG002.pat_het_regions_10000.bb	127849
release/genome-stratifications/v3.5/HG002.pat@all/Diploid/HG002.pat_het_regions_10000.bed.gz	95443
release/genome-stratifications/v3.5/HG002.pat@all/Diploid/HG002.pat_het_regions_100000.bb	28388
release/genome-stratifications/v3.5/HG002.pat@all/Diploid/HG002.pat_het_regions_100000.bed.gz	545
release/genome-stratifications/v3.5/HG002.pat@all/Diploid/HG002.pat_het_regions_250.bb	10633566
release/genome-stratifications/v3.5/HG002.pat@all/Diploid/HG002.pat_het_regions_250.bed.gz	8398139
release/genome-stratifications/v3.5/HG002.pat@all/Diploid/HG002.pat_het_regions_25000.bb	44870
release/genome-stratifications/v3.5/HG002.pat@all/Diploid/HG002.pat_het_regions_25000.bed.gz	8402
release/genome-stratifications/v3.5/HG002.pat@all/Diploid/HG002.pat_het_regions_500.bb	5502686
release/genome-stratifications/v3.5/HG002.pat@all/Diploid/HG002.pat_het_regions_500.bed.gz	4823517
release/genome-stratifications/v3.5/HG002.pat@all/Diploid/HG002.pat_het_regions_5000.bb	344241
release/genome-stratifications/v3.5/HG002.pat@all/Diploid/HG002.pat_het_regions_5000.bed.gz	304826
release/genome-stratifications/v3.5/HG002.pat@all/Diploid/HG002.pat_het_regions_50000.bb	22500
release/genome-stratifications/v3.5/HG002.pat@all/Diploid/HG002.pat_het_regions_50000.bed.gz	1310
release/genome-stratifications/v3.5/HG002.pat@all/Diploid/HG002.pat_hom_SNVorSV_regions_100.bb	12166534
release/genome-stratifications/v3.5/HG002.pat@all/Diploid/HG002.pat_hom_SNVorSV_regions_100.bed.gz	11459877
release/genome-stratifications/v3.5/HG002.pat@all/Diploid/HG002.pat_hom_SNVorSV_regions_1000.bb	2679423
release/genome-stratifications/v3.5/HG002.pat@all/Diploid/HG002.pat_hom_SNVorSV_regions_1000.bed.gz	2131486
release/genome-stratifications/v3.5/HG002.pat@all/Diploid/HG002.pat_hom_SNVorSV_regions_10000.bb	205778
release/genome-stratifications/v3.5/HG002.pat@all/Diploid/HG002.pat_hom_SNVorSV_regions_10000.bed.gz	131587
release/genome-stratifications/v3.5/HG002.pat@all/Diploid/HG002.pat_hom_SNVorSV_regions_100000.bb	14391
release/genome-stratifications/v3.5/HG002.pat@all/Diploid/HG002.pat_hom_SNVorSV_regions_100000.bed.gz	482
release/genome-stratifications/v3.5/HG002.pat@all/Diploid/HG002.pat_hom_SNVorSV_regions_250.bb	8397759
release/genome-stratifications/v3.5/HG002.pat@all/Diploid/HG002.pat_hom_SNVorSV_regions_250.bed.gz	7555559
release/genome-stratifications/v3.5/HG002.pat@all/Diploid/HG002.pat_hom_SNVorSV_regions_25000.bb	58824
release/genome-stratifications/v3.5/HG002.pat@all/Diploid/HG002.pat_hom_SNVorSV_regions_25000.bed.gz	19822
release/genome-stratifications/v3.5/HG002.pat@all/Diploid/HG002.pat_hom_SNVorSV_regions_500.bb	5218965
release/genome-stratifications/v3.5/HG002.pat@all/Diploid/HG002.pat_hom_SNVorSV_regions_500.bed.gz	4493585
release/genome-stratifications/v3.5/HG002.pat@all/Diploid/HG002.pat_hom_SNVorSV_regions_5000.bb	394876
release/genome-stratifications/v3.5/HG002.pat@all/Diploid/HG002.pat_hom_SNVorSV_regions_5000.bed.gz	323165
release/genome-stratifications/v3.5/HG002.pat@all/Diploid/HG002.pat_hom_SNVorSV_regions_50000.bb	24103
release/genome-stratifications/v3.5/HG002.pat@all/Diploid/HG002.pat_hom_SNVorSV_regions_50000.bed.gz	2731
release/genome-stratifications/v3.5/HG002.pat@all/Diploid/HG002.pat_hom_regions_100.bb	14342886
release/genome-stratifications/v3.5/HG002.pat@all/Diploid/HG002.pat_hom_regions_100.bed.gz	13258231
release/genome-stratifications/v3.5/HG002.pat@all/Diploid/HG002.pat_hom_regions_1000.bb	2768285
release/genome-stratifications/v3.5/HG002.pat@all/Diploid/HG002.pat_hom_regions_1000.bed.gz	2098472
release/genome-stratifications/v3.5/HG002.pat@all/Diploid/HG002.pat_hom_regions_10000.bb	186068
release/genome-stratifications/v3.5/HG002.pat@all/Diploid/HG002.pat_hom_regions_10000.bed.gz	93298
release/genome-stratifications/v3.5/HG002.pat@all/Diploid/HG002.pat_hom_regions_100000.bb	14027
release/genome-stratifications/v3.5/HG002.pat@all/Diploid/HG002.pat_hom_regions_100000.bed.gz	379
release/genome-stratifications/v3.5/HG002.pat@all/Diploid/HG002.pat_hom_regions_250.bb	9500794
release/genome-stratifications/v3.5/HG002.pat@all/Diploid/HG002.pat_hom_regions_250.bed.gz	8338594
release/genome-stratifications/v3.5/HG002.pat@all/Diploid/HG002.pat_hom_regions_25000.bb	46977
release/genome-stratifications/v3.5/HG002.pat@all/Diploid/HG002.pat_hom_regions_25000.bed.gz	8026
release/genome-stratifications/v3.5/HG002.pat@all/Diploid/HG002.pat_hom_regions_500.bb	5626231
release/genome-stratifications/v3.5/HG002.pat@all/Diploid/HG002.pat_hom_regions_500.bed.gz	4685362
release/genome-stratifications/v3.5/HG002.pat@all/Diploid/HG002.pat_hom_regions_5000.bb	391492
release/genome-stratifications/v3.5/HG002.pat@all/Diploid/HG002.pat_hom_regions_5000.bed.gz	297714
release/genome-stratifications/v3.5/HG002.pat@all/Diploid/HG002.pat_hom_regions_50000.bb	22163
release/genome-stratifications/v3.5/HG002.pat@all/Diploid/HG002.pat_hom_regions_50000.bed.gz	1120
release/genome-stratifications/v3.5/HG002.pat@all/Functional/HG002.pat_Functional_README.md	1439
release/genome-stratifications/v3.5/HG002.pat@all/Functional/HG002.pat_notinrefseq_cds.bb	1515096
release/genome-stratifications/v3.5/HG002.pat@all/Functional/HG002.pat_notinrefseq_cds.bed.gz	1586622
release/genome-stratifications/v3.5/HG002.pat@all/Functional/HG002.pat_refseq_cds.bb	2010028
release/genome-stratifications/v3.5/HG002.pat@all/Functional/HG002.pat_refseq_cds.bed.gz	1454948
release/genome-stratifications/v3.5/HG002.pat@all/GCcontent/HG002.pat_GCcontent_README.md	2253
release/genome-stratifications/v3.5/HG002.pat@all/GCcontent/HG002.pat_gc15_slop50.bb	333148
release/genome-stratifications/v3.5/HG002.pat@all/GCcontent/HG002.pat_gc15_slop50.bed.gz	205237
release/genome-stratifications/v3.5/HG002.pat@all/GCcontent/HG002.pat_gc15to20_slop50.bb	856368
release/genome-stratifications/v3.5/HG002.pat@all/GCcontent/HG002.pat_gc15to20_slop50.bed.gz	600972
release/genome-stratifications/v3.5/HG002.pat@all/GCcontent/HG002.pat_gc20to25_slop50.bb	4032936
release/genome-stratifications/v3.5/HG002.pat@all/GCcontent/HG002.pat_gc20to25_slop50.bed.gz	3444951
release/genome-stratifications/v3.5/HG002.pat@all/GCcontent/HG002.pat_gc25to30_slop50.bb	13047639
release/genome-stratifications/v3.5/HG002.pat@all/GCcontent/HG002.pat_gc25to30_slop50.bed.gz	10751874
release/genome-stratifications/v3.5/HG002.pat@all/GCcontent/HG002.pat_gc30to55_slop50.bb	19528852
release/genome-stratifications/v3.5/HG002.pat@all/GCcontent/HG002.pat_gc30to55_slop50.bed.gz	17028563
release/genome-stratifications/v3.5/HG002.pat@all/GCcontent/HG002.pat_gc55to60_slop50.bb	10729112
release/genome-stratifications/v3.5/HG002.pat@all/GCcontent/HG002.pat_gc55to60_slop50.bed.gz	7950095
release/genome-stratifications/v3.5/HG002.pat@all/GCcontent/HG002.pat_gc60to65_slop50.bb	3897194
release/genome-stratifications/v3.5/HG002.pat@all/GCcontent/HG002.pat_gc60to65_slop50.bed.gz	3248990
release/genome-stratifications/v3.5/HG002.pat@all/GCcontent/HG002.pat_gc65to70_slop50.bb	1678703
release/genome-stratifications/v3.5/HG002.pat@all/GCcontent/HG002.pat_gc65to70_slop50.bed.gz	1135881
release/genome-stratifications/v3.5/HG002.pat@all/GCcontent/HG002.pat_gc70to75_slop50.bb	624630
release/genome-stratifications/v3.5/HG002.pat@all/GCcontent/HG002.pat_gc70to75_slop50.bed.gz	424877
release/genome-stratifications/v3.5/HG002.pat@all/GCcontent/HG002.pat_gc75to80_slop50.bb	363503
release/genome-stratifications/v3.5/HG002.pat@all/GCcontent/HG002.pat_gc75to80_slop50.bed.gz	182628
release/genome-stratifications/v3.5/HG002.pat@all/GCcontent/HG002.pat_gc80to85_slop50.bb	150378
release/genome-stratifications/v3.5/HG002.pat@all/GCcontent/HG002.pat_gc80to85_slop50.bed.gz	77837
release/genome-stratifications/v3.5/HG002.pat@all/GCcontent/HG002.pat_gc85_slop50.bb	60684
release/genome-stratifications/v3.5/HG002.pat@all/GCcontent/HG002.pat_gc85_slop50.bed.gz	18787
release/genome-stratifications/v3.5/HG002.pat@all/GCcontent/HG002.pat_gclt25orgt65_slop50.bb	6276423
release/genome-stratifications/v3.5/HG002.pat@all/GCcontent/HG002.pat_gclt25orgt65_slop50.bed.gz	4449479
release/genome-stratifications/v3.5/HG002.pat@all/GCcontent/HG002.pat_gclt30orgt55_slop50.bb	23375387
release/genome-stratifications/v3.5/HG002.pat@all/GCcontent/HG002.pat_gclt30orgt55_slop50.bed.gz	16918857
release/genome-stratifications/v3.5/HG002.pat@all/HG002.pat-BACKGROUND.md	4316
release/genome-stratifications/v3.5/HG002.pat@all/HG002.pat-README.md	8336
release/genome-stratifications/v3.5/HG002.pat@all/HG002.pat-all-bb-stratifications.tsv	8041
release/genome-stratifications/v3.5/HG002.pat@all/HG002.pat-all-stratifications.tsv	8572
release/genome-stratifications/v3.5/HG002.pat@all/HG002.pat-genome-stratifications-bb-md5s.txt	9085
release/genome-stratifications/v3.5/HG002.pat@all/HG002.pat-genome-stratifications-md5s.txt	9620
release/genome-stratifications/v3.5/HG002.pat@all/LowComplexity/HG002.pat_AllHomopolymers_ge7bp_imperfectge11bp_slop5.bb	30712626
release/genome-stratifications/v3.5/HG002.pat@all/LowComplexity/HG002.pat_AllHomopolymers_ge7bp_imperfectge11bp_slop5.bed.gz	24520122
release/genome-stratifications/v3.5/HG002.pat@all/LowComplexity/HG002.pat_AllTandemRepeats.bb	12937254
release/genome-stratifications/v3.5/HG002.pat@all/LowComplexity/HG002.pat_AllTandemRepeats.bed.gz	9980546
release/genome-stratifications/v3.5/HG002.pat@all/LowComplexity/HG002.pat_AllTandemRepeats_201to10000bp_slop5.bb	1276311
release/genome-stratifications/v3.5/HG002.pat@all/LowComplexity/HG002.pat_AllTandemRepeats_201to10000bp_slop5.bed.gz	867724
release/genome-stratifications/v3.5/HG002.pat@all/LowComplexity/HG002.pat_AllTandemRepeats_51to200bp_slop5.bb	2887543
release/genome-stratifications/v3.5/HG002.pat@all/LowComplexity/HG002.pat_AllTandemRepeats_51to200bp_slop5.bed.gz	2312858
release/genome-stratifications/v3.5/HG002.pat@all/LowComplexity/HG002.pat_AllTandemRepeats_ge10001bp_slop5.bb	553486
release/genome-stratifications/v3.5/HG002.pat@all/LowComplexity/HG002.pat_AllTandemRepeats_ge10001bp_slop5.bed.gz	582803
release/genome-stratifications/v3.5/HG002.pat@all/LowComplexity/HG002.pat_AllTandemRepeats_ge101bp_slop5.bb	2524815
release/genome-stratifications/v3.5/HG002.pat@all/LowComplexity/HG002.pat_AllTandemRepeats_ge101bp_slop5.bed.gz	2002962
release/genome-stratifications/v3.5/HG002.pat@all/LowComplexity/HG002.pat_AllTandemRepeats_le50bp_slop5.bb	7698924
release/genome-stratifications/v3.5/HG002.pat@all/LowComplexity/HG002.pat_AllTandemRepeats_le50bp_slop5.bed.gz	6297391
release/genome-stratifications/v3.5/HG002.pat@all/LowComplexity/HG002.pat_AllTandemRepeatsandHomopolymers_slop5.bb	35844320
release/genome-stratifications/v3.5/HG002.pat@all/LowComplexity/HG002.pat_AllTandemRepeatsandHomopolymers_slop5.bed.gz	29675586
release/genome-stratifications/v3.5/HG002.pat@all/LowComplexity/HG002.pat_LowComplexity_README.md	12200
release/genome-stratifications/v3.5/HG002.pat@all/LowComplexity/HG002.pat_SimpleRepeat_diTR_10to49_slop5.bb	4546875
release/genome-stratifications/v3.5/HG002.pat@all/LowComplexity/HG002.pat_SimpleRepeat_diTR_10to49_slop5.bed.gz	3248277
release/genome-stratifications/v3.5/HG002.pat@all/LowComplexity/HG002.pat_SimpleRepeat_diTR_50to149_slop5.bb	78160
release/genome-stratifications/v3.5/HG002.pat@all/LowComplexity/HG002.pat_SimpleRepeat_diTR_50to149_slop5.bed.gz	34274
release/genome-stratifications/v3.5/HG002.pat@all/LowComplexity/HG002.pat_SimpleRepeat_diTR_ge150_slop5.bed.gz	28
release/genome-stratifications/v3.5/HG002.pat@all/LowComplexity/HG002.pat_SimpleRepeat_homopolymer_4to6_AT_slop5.bb	202985174
release/genome-stratifications/v3.5/HG002.pat@all/LowComplexity/HG002.pat_SimpleRepeat_homopolymer_4to6_AT_slop5.bed.gz	210622410
release/genome-stratifications/v3.5/HG002.pat@all/LowComplexity/HG002.pat_SimpleRepeat_homopolymer_4to6_GC_slop5.bb	75538813
release/genome-stratifications/v3.5/HG002.pat@all/LowComplexity/HG002.pat_SimpleRepeat_homopolymer_4to6_GC_slop5.bed.gz	74283090
release/genome-stratifications/v3.5/HG002.pat@all/LowComplexity/HG002.pat_SimpleRepeat_homopolymer_4to6_slop5.bb	237776370
release/genome-stratifications/v3.5/HG002.pat@all/LowComplexity/HG002.pat_SimpleRepeat_homopolymer_4to6_slop5.bed.gz	260555720
release/genome-stratifications/v3.5/HG002.pat@all/LowComplexity/HG002.pat_SimpleRepeat_homopolymer_7to11_AT_slop5.bb	23712458
release/genome-stratifications/v3.5/HG002.pat@all/LowComplexity/HG002.pat_SimpleRepeat_homopolymer_7to11_AT_slop5.bed.gz	16835897
release/genome-stratifications/v3.5/HG002.pat@all/LowComplexity/HG002.pat_SimpleRepeat_homopolymer_7to11_GC_slop5.bb	881990
release/genome-stratifications/v3.5/HG002.pat@all/LowComplexity/HG002.pat_SimpleRepeat_homopolymer_7to11_GC_slop5.bed.gz	673467
release/genome-stratifications/v3.5/HG002.pat@all/LowComplexity/HG002.pat_SimpleRepeat_homopolymer_7to11_slop5.bb	24394941
release/genome-stratifications/v3.5/HG002.pat@all/LowComplexity/HG002.pat_SimpleRepeat_homopolymer_7to11_slop5.bed.gz	17465333
release/genome-stratifications/v3.5/HG002.pat@all/LowComplexity/HG002.pat_SimpleRepeat_homopolymer_ge12_AT_slop5.bb	5828304
release/genome-stratifications/v3.5/HG002.pat@all/LowComplexity/HG002.pat_SimpleRepeat_homopolymer_ge12_AT_slop5.bed.gz	4336682
release/genome-stratifications/v3.5/HG002.pat@all/LowComplexity/HG002.pat_SimpleRepeat_homopolymer_ge12_GC_slop5.bb	65621
release/genome-stratifications/v3.5/HG002.pat@all/LowComplexity/HG002.pat_SimpleRepeat_homopolymer_ge12_GC_slop5.bed.gz	24711
release/genome-stratifications/v3.5/HG002.pat@all/LowComplexity/HG002.pat_SimpleRepeat_homopolymer_ge12_slop5.bb	5850482
release/genome-stratifications/v3.5/HG002.pat@all/LowComplexity/HG002.pat_SimpleRepeat_homopolymer_ge12_slop5.bed.gz	4360643
release/genome-stratifications/v3.5/HG002.pat@all/LowComplexity/HG002.pat_SimpleRepeat_homopolymer_ge21_AT_slop5.bb	1325662
release/genome-stratifications/v3.5/HG002.pat@all/LowComplexity/HG002.pat_SimpleRepeat_homopolymer_ge21_AT_slop5.bed.gz	944154
release/genome-stratifications/v3.5/HG002.pat@all/LowComplexity/HG002.pat_SimpleRepeat_homopolymer_ge21_GC_slop5.bb	30865
release/genome-stratifications/v3.5/HG002.pat@all/LowComplexity/HG002.pat_SimpleRepeat_homopolymer_ge21_GC_slop5.bed.gz	989
release/genome-stratifications/v3.5/HG002.pat@all/LowComplexity/HG002.pat_SimpleRepeat_homopolymer_ge21_slop5.bb	1326463
release/genome-stratifications/v3.5/HG002.pat@all/LowComplexity/HG002.pat_SimpleRepeat_homopolymer_ge21_slop5.bed.gz	945018
release/genome-stratifications/v3.5/HG002.pat@all/LowComplexity/HG002.pat_SimpleRepeat_imperfecthomopolge11_AT_slop5.bb	11557120
release/genome-stratifications/v3.5/HG002.pat@all/LowComplexity/HG002.pat_SimpleRepeat_imperfecthomopolge11_AT_slop5.bed.gz	10090266
release/genome-stratifications/v3.5/HG002.pat@all/LowComplexity/HG002.pat_SimpleRepeat_imperfecthomopolge11_GC_slop5.bb	1157820
release/genome-stratifications/v3.5/HG002.pat@all/LowComplexity/HG002.pat_SimpleRepeat_imperfecthomopolge11_GC_slop5.bed.gz	709033
release/genome-stratifications/v3.5/HG002.pat@all/LowComplexity/HG002.pat_SimpleRepeat_imperfecthomopolge11_slop5.bb	12213683
release/genome-stratifications/v3.5/HG002.pat@all/LowComplexity/HG002.pat_SimpleRepeat_imperfecthomopolge11_slop5.bed.gz	10776737
release/genome-stratifications/v3.5/HG002.pat@all/LowComplexity/HG002.pat_SimpleRepeat_imperfecthomopolge21_AT_slop5.bb	3050941
release/genome-stratifications/v3.5/HG002.pat@all/LowComplexity/HG002.pat_SimpleRepeat_imperfecthomopolge21_AT_slop5.bed.gz	1958066
release/genome-stratifications/v3.5/HG002.pat@all/LowComplexity/HG002.pat_SimpleRepeat_imperfecthomopolge21_GC_slop5.bb	83293
release/genome-stratifications/v3.5/HG002.pat@all/LowComplexity/HG002.pat_SimpleRepeat_imperfecthomopolge21_GC_slop5.bed.gz	28259
release/genome-stratifications/v3.5/HG002.pat@all/LowComplexity/HG002.pat_SimpleRepeat_imperfecthomopolge21_slop5.bb	3079474
release/genome-stratifications/v3.5/HG002.pat@all/LowComplexity/HG002.pat_SimpleRepeat_imperfecthomopolge21_slop5.bed.gz	1985185
release/genome-stratifications/v3.5/HG002.pat@all/LowComplexity/HG002.pat_SimpleRepeat_quadTR_19to49_slop5.bb	1123633
release/genome-stratifications/v3.5/HG002.pat@all/LowComplexity/HG002.pat_SimpleRepeat_quadTR_19to49_slop5.bed.gz	778506
release/genome-stratifications/v3.5/HG002.pat@all/LowComplexity/HG002.pat_SimpleRepeat_quadTR_50to149_slop5.bb	139108
release/genome-stratifications/v3.5/HG002.pat@all/LowComplexity/HG002.pat_SimpleRepeat_quadTR_50to149_slop5.bed.gz	64126
release/genome-stratifications/v3.5/HG002.pat@all/LowComplexity/HG002.pat_SimpleRepeat_quadTR_ge150_slop5.bb	20132
release/genome-stratifications/v3.5/HG002.pat@all/LowComplexity/HG002.pat_SimpleRepeat_quadTR_ge150_slop5.bed.gz	207
release/genome-stratifications/v3.5/HG002.pat@all/LowComplexity/HG002.pat_SimpleRepeat_triTR_14to49_slop5.bb	1080578
release/genome-stratifications/v3.5/HG002.pat@all/LowComplexity/HG002.pat_SimpleRepeat_triTR_14to49_slop5.bed.gz	689269
release/genome-stratifications/v3.5/HG002.pat@all/LowComplexity/HG002.pat_SimpleRepeat_triTR_50to149_slop5.bb	36489
release/genome-stratifications/v3.5/HG002.pat@all/LowComplexity/HG002.pat_SimpleRepeat_triTR_50to149_slop5.bed.gz	6664
release/genome-stratifications/v3.5/HG002.pat@all/LowComplexity/HG002.pat_SimpleRepeat_triTR_ge150_slop5.bb	19583
release/genome-stratifications/v3.5/HG002.pat@all/LowComplexity/HG002.pat_SimpleRepeat_triTR_ge150_slop5.bed.gz	123
release/genome-stratifications/v3.5/HG002.pat@all/LowComplexity/HG002.pat_notinAllHomopolymers_ge7bp_imperfectge11bp_slop5.bb	22598166
release/genome-stratifications/v3.5/HG002.pat@all/LowComplexity/HG002.pat_notinAllHomopolymers_ge7bp_imperfectge11bp_slop5.bed.gz	26014664
release/genome-stratifications/v3.5/HG002.pat@all/LowComplexity/HG002.pat_notinAllTandemRepeatsandHomopolymers_slop5.bb	28258041
release/genome-stratifications/v3.5/HG002.pat@all/LowComplexity/HG002.pat_notinAllTandemRepeatsandHomopolymers_slop5.bed.gz	31056190
release/genome-stratifications/v3.5/HG002.pat@all/LowComplexity/HG002.pat_notinallTandemRepeats.bb	9889593
release/genome-stratifications/v3.5/HG002.pat@all/LowComplexity/HG002.pat_notinallTandemRepeats.bed.gz	10758763
release/genome-stratifications/v3.5/HG002.pat@all/LowComplexity/HG002.pat_notinsatellites_slop5.bb	41533
release/genome-stratifications/v3.5/HG002.pat@all/LowComplexity/HG002.pat_notinsatellites_slop5.bed.gz	13629
release/genome-stratifications/v3.5/HG002.pat@all/LowComplexity/HG002.pat_satellites_slop5.bb	61684
release/genome-stratifications/v3.5/HG002.pat@all/LowComplexity/HG002.pat_satellites_slop5.bed.gz	13580
release/genome-stratifications/v3.5/HG002.pat@all/Mappability/HG002.pat_Mappability_README.md	2837
release/genome-stratifications/v3.5/HG002.pat@all/Mappability/HG002.pat_lowmappabilityall.bb	5502445
release/genome-stratifications/v3.5/HG002.pat@all/Mappability/HG002.pat_lowmappabilityall.bed.gz	4392400
release/genome-stratifications/v3.5/HG002.pat@all/Mappability/HG002.pat_nonunique_l100_m2_e1.bb	5502445
release/genome-stratifications/v3.5/HG002.pat@all/Mappability/HG002.pat_nonunique_l100_m2_e1.bed.gz	4392400
release/genome-stratifications/v3.5/HG002.pat@all/Mappability/HG002.pat_nonunique_l250_m0_e0.bb	2380325
release/genome-stratifications/v3.5/HG002.pat@all/Mappability/HG002.pat_nonunique_l250_m0_e0.bed.gz	1553708
release/genome-stratifications/v3.5/HG002.pat@all/Mappability/HG002.pat_notinlowmappabilityall.bb	4574438
release/genome-stratifications/v3.5/HG002.pat@all/Mappability/HG002.pat_notinlowmappabilityall.bed.gz	4768566
release/genome-stratifications/v3.5/HG002.pat@all/OtherDifficult/HG002.pat_KIR.bb	13165
release/genome-stratifications/v3.5/HG002.pat@all/OtherDifficult/HG002.pat_KIR.bed.gz	87
release/genome-stratifications/v3.5/HG002.pat@all/OtherDifficult/HG002.pat_MHC.bb	13164
release/genome-stratifications/v3.5/HG002.pat@all/OtherDifficult/HG002.pat_MHC.bed.gz	88
release/genome-stratifications/v3.5/HG002.pat@all/OtherDifficult/HG002.pat_OtherDifficult_README.md	1462
release/genome-stratifications/v3.5/HG002.pat@all/OtherDifficult/HG002.pat_VDJ.bb	19833
release/genome-stratifications/v3.5/HG002.pat@all/OtherDifficult/HG002.pat_VDJ.bed.gz	167
release/genome-stratifications/v3.5/HG002.pat@all/SegmentalDuplications/HG002.pat_SegmentalDuplications_README.md	1803
release/genome-stratifications/v3.5/HG002.pat@all/SegmentalDuplications/HG002.pat_notinsegdups.bb	84031
release/genome-stratifications/v3.5/HG002.pat@all/SegmentalDuplications/HG002.pat_notinsegdups.bed.gz	50139
release/genome-stratifications/v3.5/HG002.pat@all/SegmentalDuplications/HG002.pat_notinsegdups_gt10kb.bb	50379
release/genome-stratifications/v3.5/HG002.pat@all/SegmentalDuplications/HG002.pat_notinsegdups_gt10kb.bed.gz	11855
release/genome-stratifications/v3.5/HG002.pat@all/SegmentalDuplications/HG002.pat_segdups.bb	108532
release/genome-stratifications/v3.5/HG002.pat@all/SegmentalDuplications/HG002.pat_segdups.bed.gz	48970
release/genome-stratifications/v3.5/HG002.pat@all/SegmentalDuplications/HG002.pat_segdups_gt10kb.bb	49644
release/genome-stratifications/v3.5/HG002.pat@all/SegmentalDuplications/HG002.pat_segdups_gt10kb.bed.gz	11901
release/genome-stratifications/v3.5/HG002.pat@all/Telomere/HG002.pat_Telomere_README.md	714
release/genome-stratifications/v3.5/HG002.pat@all/Telomere/HG002.pat_telomeres.bb	28804
release/genome-stratifications/v3.5/HG002.pat@all/Telomere/HG002.pat_telomeres.bed.gz	435
release/genome-stratifications/v3.5/HG002.pat@all/Union/HG002.pat_Union_README.md	1590
release/genome-stratifications/v3.5/HG002.pat@all/Union/HG002.pat_alldifficultregions.bb	32969137
release/genome-stratifications/v3.5/HG002.pat@all/Union/HG002.pat_alldifficultregions.bed.gz	30634125
release/genome-stratifications/v3.5/HG002.pat@all/Union/HG002.pat_alllowmapandsegdupregions.bb	4317744
release/genome-stratifications/v3.5/HG002.pat@all/Union/HG002.pat_alllowmapandsegdupregions.bed.gz	3469815
release/genome-stratifications/v3.5/HG002.pat@all/Union/HG002.pat_notinalldifficultregions.bb	30905544
release/genome-stratifications/v3.5/HG002.pat@all/Union/HG002.pat_notinalldifficultregions.bed.gz	31738703
release/genome-stratifications/v3.5/HG002.pat@all/Union/HG002.pat_notinalllowmapandsegdupregions.bb	3619176
release/genome-stratifications/v3.5/HG002.pat@all/Union/HG002.pat_notinalllowmapandsegdupregions.bed.gz	3826564
release/genome-stratifications/v3.5/HG002.pat@all/XY/HG002.pat_AllAutosomes.bb	21068
release/genome-stratifications/v3.5/HG002.pat@all/XY/HG002.pat_AllAutosomes.bed.gz	250
release/genome-stratifications/v3.5/HG002.pat@all/XY/HG002.pat_XY_README.md	1238
release/genome-stratifications/v3.5/HG002.pat@all/XY/HG002.pat_chrY_PAR.bb	13170
release/genome-stratifications/v3.5/HG002.pat@all/XY/HG002.pat_chrY_PAR.bed.gz	99
release/genome-stratifications/v3.5/HG002.pat@all/XY/HG002.pat_chrY_nonPAR.bb	13172
release/genome-stratifications/v3.5/HG002.pat@all/XY/HG002.pat_chrY_nonPAR.bed.gz	106
release/genome-stratifications/v3.5/README.md	10461
release/genome-stratifications/v3.5/genome-stratifications-CHM13@all.tar.gz	940147180
release/genome-stratifications/v3.5/genome-stratifications-GRCh37@all.tar.gz	1401031206
release/genome-stratifications/v3.5/genome-stratifications-GRCh38@all.tar.gz	1384176559
release/genome-stratifications/v3.5/genome-stratifications-HG002.mat@all.tar.gz	1052325361
release/genome-stratifications/v3.5/genome-stratifications-HG002.pat@all.tar.gz	1016657812
release/genome-stratifications/v3.5/genome-stratifications-bb-CHM13@all.tar.gz	972410092
release/genome-stratifications/v3.5/genome-stratifications-bb-GRCh37@all.tar.gz	1475286890
release/genome-stratifications/v3.5/genome-stratifications-bb-GRCh38@all.tar.gz	1445786916
release/genome-stratifications/v3.5/genome-stratifications-bb-HG002.mat@all.tar.gz	1078778994
release/genome-stratifications/v3.5/genome-stratifications-bb-HG002.pat@all.tar.gz	1044155707
release/genome-stratifications/v3.5/genome-stratifications-md5s.txt	157120
release/genome-stratifications/v3.5/validation/CHM13@all/Functional_CHM13_notinrefseq_cds.bed.gz	2681850
release/genome-stratifications/v3.5/validation/CHM13@all/Functional_CHM13_refseq_cds.bed.gz	2651950
release/genome-stratifications/v3.5/validation/CHM13@all/GCcontent_CHM13_gc15_slop50.bed.gz	867
release/genome-stratifications/v3.5/validation/CHM13@all/GCcontent_CHM13_gc15to20_slop50.bed.gz	775
release/genome-stratifications/v3.5/validation/CHM13@all/GCcontent_CHM13_gc20to25_slop50.bed.gz	1793
release/genome-stratifications/v3.5/validation/CHM13@all/GCcontent_CHM13_gc25to30_slop50.bed.gz	5499
release/genome-stratifications/v3.5/validation/CHM13@all/GCcontent_CHM13_gc30to55_slop50.bed.gz	29097
release/genome-stratifications/v3.5/validation/CHM13@all/GCcontent_CHM13_gc55to60_slop50.bed.gz	23589
release/genome-stratifications/v3.5/validation/CHM13@all/GCcontent_CHM13_gc60to65_slop50.bed.gz	10949
release/genome-stratifications/v3.5/validation/CHM13@all/GCcontent_CHM13_gc65to70_slop50.bed.gz	3121
release/genome-stratifications/v3.5/validation/CHM13@all/GCcontent_CHM13_gc70to75_slop50.bed.gz	1409
release/genome-stratifications/v3.5/validation/CHM13@all/GCcontent_CHM13_gc75to80_slop50.bed.gz	627
release/genome-stratifications/v3.5/validation/CHM13@all/GCcontent_CHM13_gc80to85_slop50.bed.gz	389
release/genome-stratifications/v3.5/validation/CHM13@all/GCcontent_CHM13_gc85_slop50.bed.gz	213
release/genome-stratifications/v3.5/validation/CHM13@all/GCcontent_CHM13_gclt25orgt65_slop50.bed.gz	4849
release/genome-stratifications/v3.5/validation/CHM13@all/GCcontent_CHM13_gclt30orgt55_slop50.bed.gz	28338
release/genome-stratifications/v3.5/validation/CHM13@all/LowComplexity_CHM13_AllHomopolymers_ge7bp_imperfectge11bp_slop5.bed.gz	33991
release/genome-stratifications/v3.5/validation/CHM13@all/LowComplexity_CHM13_AllTandemRepeats.bed.gz	27656
release/genome-stratifications/v3.5/validation/CHM13@all/LowComplexity_CHM13_AllTandemRepeats_201to10000bp_slop5.bed.gz	14058
release/genome-stratifications/v3.5/validation/CHM13@all/LowComplexity_CHM13_AllTandemRepeats_51to200bp_slop5.bed.gz	5187
release/genome-stratifications/v3.5/validation/CHM13@all/LowComplexity_CHM13_AllTandemRepeats_ge10001bp_slop5.bed.gz	730
release/genome-stratifications/v3.5/validation/CHM13@all/LowComplexity_CHM13_AllTandemRepeats_ge101bp_slop5.bed.gz	16352
release/genome-stratifications/v3.5/validation/CHM13@all/LowComplexity_CHM13_AllTandemRepeats_le50bp_slop5.bed.gz	8952
release/genome-stratifications/v3.5/validation/CHM13@all/LowComplexity_CHM13_AllTandemRepeatsandHomopolymers_slop5.bed.gz	44625
release/genome-stratifications/v3.5/validation/CHM13@all/LowComplexity_CHM13_SimpleRepeat_diTR_10to49_slop5.bed.gz	10344
release/genome-stratifications/v3.5/validation/CHM13@all/LowComplexity_CHM13_SimpleRepeat_diTR_50to149_slop5.bed.gz	276
release/genome-stratifications/v3.5/validation/CHM13@all/LowComplexity_CHM13_SimpleRepeat_homopolymer_4to6_AT_slop5.bed.gz	169004
release/genome-stratifications/v3.5/validation/CHM13@all/LowComplexity_CHM13_SimpleRepeat_homopolymer_4to6_GC_slop5.bed.gz	114714
release/genome-stratifications/v3.5/validation/CHM13@all/LowComplexity_CHM13_SimpleRepeat_homopolymer_4to6_slop5.bed.gz	260131
release/genome-stratifications/v3.5/validation/CHM13@all/LowComplexity_CHM13_SimpleRepeat_homopolymer_7to11_AT_slop5.bed.gz	17524
release/genome-stratifications/v3.5/validation/CHM13@all/LowComplexity_CHM13_SimpleRepeat_homopolymer_7to11_GC_slop5.bed.gz	2052
release/genome-stratifications/v3.5/validation/CHM13@all/LowComplexity_CHM13_SimpleRepeat_homopolymer_7to11_slop5.bed.gz	19268
release/genome-stratifications/v3.5/validation/CHM13@all/LowComplexity_CHM13_SimpleRepeat_homopolymer_ge12_AT_slop5.bed.gz	9521
release/genome-stratifications/v3.5/validation/CHM13@all/LowComplexity_CHM13_SimpleRepeat_homopolymer_ge12_GC_slop5.bed.gz	277
release/genome-stratifications/v3.5/validation/CHM13@all/LowComplexity_CHM13_SimpleRepeat_homopolymer_ge12_slop5.bed.gz	9620
release/genome-stratifications/v3.5/validation/CHM13@all/LowComplexity_CHM13_SimpleRepeat_homopolymer_ge21_AT_slop5.bed.gz	2132
release/genome-stratifications/v3.5/validation/CHM13@all/LowComplexity_CHM13_SimpleRepeat_homopolymer_ge21_slop5.bed.gz	2131
release/genome-stratifications/v3.5/validation/CHM13@all/LowComplexity_CHM13_SimpleRepeat_imperfecthomopolge11_AT_slop5.bed.gz	19147
release/genome-stratifications/v3.5/validation/CHM13@all/LowComplexity_CHM13_SimpleRepeat_imperfecthomopolge11_GC_slop5.bed.gz	2296
release/genome-stratifications/v3.5/validation/CHM13@all/LowComplexity_CHM13_SimpleRepeat_imperfecthomopolge11_slop5.bed.gz	21074
release/genome-stratifications/v3.5/validation/CHM13@all/LowComplexity_CHM13_SimpleRepeat_imperfecthomopolge21_AT_slop5.bed.gz	4769
release/genome-stratifications/v3.5/validation/CHM13@all/LowComplexity_CHM13_SimpleRepeat_imperfecthomopolge21_GC_slop5.bed.gz	453
release/genome-stratifications/v3.5/validation/CHM13@all/LowComplexity_CHM13_SimpleRepeat_imperfecthomopolge21_slop5.bed.gz	4979
release/genome-stratifications/v3.5/validation/CHM13@all/LowComplexity_CHM13_SimpleRepeat_quadTR_19to49_slop5.bed.gz	5025
release/genome-stratifications/v3.5/validation/CHM13@all/LowComplexity_CHM13_SimpleRepeat_quadTR_50to149_slop5.bed.gz	528
release/genome-stratifications/v3.5/validation/CHM13@all/LowComplexity_CHM13_SimpleRepeat_triTR_14to49_slop5.bed.gz	2474
release/genome-stratifications/v3.5/validation/CHM13@all/LowComplexity_CHM13_SimpleRepeat_triTR_50to149_slop5.bed.gz	212
release/genome-stratifications/v3.5/validation/CHM13@all/LowComplexity_CHM13_notinAllHomopolymers_ge7bp_imperfectge11bp_slop5.bed.gz	42583
release/genome-stratifications/v3.5/validation/CHM13@all/LowComplexity_CHM13_notinAllTandemRepeatsandHomopolymers_slop5.bed.gz	50084
release/genome-stratifications/v3.5/validation/CHM13@all/LowComplexity_CHM13_notinallTandemRepeats.bed.gz	29052
release/genome-stratifications/v3.5/validation/CHM13@all/LowComplexity_CHM13_notinsatellites_slop5.bed.gz	368
release/genome-stratifications/v3.5/validation/CHM13@all/LowComplexity_CHM13_satellites_slop5.bed.gz	317
release/genome-stratifications/v3.5/validation/CHM13@all/Mappability_CHM13_lowmappabilityall.bed.gz	30797
release/genome-stratifications/v3.5/validation/CHM13@all/Mappability_CHM13_nonunique_l100_m2_e1.bed.gz	30965
release/genome-stratifications/v3.5/validation/CHM13@all/Mappability_CHM13_nonunique_l250_m0_e0.bed.gz	49699
release/genome-stratifications/v3.5/validation/CHM13@all/Mappability_CHM13_notinlowmappabilityall.bed.gz	30608
release/genome-stratifications/v3.5/validation/CHM13@all/OtherDifficult_CHM13_VDJ.bed.gz	261
release/genome-stratifications/v3.5/validation/CHM13@all/SegmentalDuplications_CHM13_notinsegdups.bed.gz	202
release/genome-stratifications/v3.5/validation/CHM13@all/SegmentalDuplications_CHM13_notinsegdups_gt10kb.bed.gz	230
release/genome-stratifications/v3.5/validation/CHM13@all/SegmentalDuplications_CHM13_segdups.bed.gz	210
release/genome-stratifications/v3.5/validation/CHM13@all/SegmentalDuplications_CHM13_segdups_gt10kb.bed.gz	220
release/genome-stratifications/v3.5/validation/CHM13@all/Telomere_CHM13_telomeres.bed.gz	152
release/genome-stratifications/v3.5/validation/CHM13@all/Union_CHM13_alldifficultregions.bed.gz	6863
release/genome-stratifications/v3.5/validation/CHM13@all/Union_CHM13_alllowmapandsegdupregions.bed.gz	7446
release/genome-stratifications/v3.5/validation/CHM13@all/Union_CHM13_notinalldifficultregions.bed.gz	6933
release/genome-stratifications/v3.5/validation/CHM13@all/Union_CHM13_notinalllowmapandsegdupregions.bed.gz	7511
release/genome-stratifications/v3.5/validation/CHM13@all/diagnostics.tsv	12647
release/genome-stratifications/v3.5/validation/GRCh37@all/Functional_GRCh37_notinrefseq_cds.bed.gz	2633691
release/genome-stratifications/v3.5/validation/GRCh37@all/Functional_GRCh37_refseq_cds.bed.gz	2670262
release/genome-stratifications/v3.5/validation/GRCh37@all/Mappability_GRCh37_lowmappabilityall.bed.gz	160
release/genome-stratifications/v3.5/validation/GRCh37@all/Mappability_GRCh37_nonunique_l100_m2_e1.bed.gz	172
release/genome-stratifications/v3.5/validation/GRCh37@all/Mappability_GRCh37_notinlowmappabilityall.bed.gz	170
release/genome-stratifications/v3.5/validation/GRCh37@all/OtherDifficult_GRCh37_VDJ.bed.gz	268
release/genome-stratifications/v3.5/validation/GRCh37@all/diagnostics.tsv	29709
release/genome-stratifications/v3.5/validation/GRCh38@all/Functional_GRCh38_notinrefseq_cds.bed.gz	2690156
release/genome-stratifications/v3.5/validation/GRCh38@all/Functional_GRCh38_refseq_cds.bed.gz	2638119
release/genome-stratifications/v3.5/validation/GRCh38@all/Mappability_GRCh38_lowmappabilityall.bed.gz	260
release/genome-stratifications/v3.5/validation/GRCh38@all/Mappability_GRCh38_nonunique_l100_m2_e1.bed.gz	269
release/genome-stratifications/v3.5/validation/GRCh38@all/Mappability_GRCh38_notinlowmappabilityall.bed.gz	269
release/genome-stratifications/v3.5/validation/GRCh38@all/OtherDifficult_GRCh38_VDJ.bed.gz	264
release/genome-stratifications/v3.5/validation/GRCh38@all/Union_GRCh38_alldifficultregions.bed.gz	218
release/genome-stratifications/v3.5/validation/GRCh38@all/Union_GRCh38_alllowmapandsegdupregions.bed.gz	228
release/genome-stratifications/v3.5/validation/GRCh38@all/Union_GRCh38_notinalldifficultregions.bed.gz	227
release/genome-stratifications/v3.5/validation/GRCh38@all/Union_GRCh38_notinalllowmapandsegdupregions.bed.gz	237
release/genome-stratifications/v3.5/validation/GRCh38@all/diagnostics.tsv	30910
release/genome-stratifications/v3.5/validation/HG002.mat@all/Mappability_HG002.mat_lowmappabilityall.bed.gz	251
release/genome-stratifications/v3.5/validation/HG002.mat@all/Mappability_HG002.mat_nonunique_l100_m2_e1.bed.gz	261
release/genome-stratifications/v3.5/validation/HG002.mat@all/Mappability_HG002.mat_notinlowmappabilityall.bed.gz	261
release/genome-stratifications/v3.5/validation/HG002.mat@all/Union_HG002.mat_alldifficultregions.bed.gz	230
release/genome-stratifications/v3.5/validation/HG002.mat@all/Union_HG002.mat_alllowmapandsegdupregions.bed.gz	259
release/genome-stratifications/v3.5/validation/HG002.mat@all/Union_HG002.mat_notinalldifficultregions.bed.gz	241
release/genome-stratifications/v3.5/validation/HG002.mat@all/Union_HG002.mat_notinalllowmapandsegdupregions.bed.gz	273
release/genome-stratifications/v3.5/validation/HG002.mat@all/diagnostics.tsv	15632
release/genome-stratifications/v3.5/validation/HG002.pat@all/Mappability_HG002.pat_lowmappabilityall.bed.gz	309
release/genome-stratifications/v3.5/validation/HG002.pat@all/Mappability_HG002.pat_nonunique_l100_m2_e1.bed.gz	319
release/genome-stratifications/v3.5/validation/HG002.pat@all/Mappability_HG002.pat_notinlowmappabilityall.bed.gz	319
release/genome-stratifications/v3.5/validation/HG002.pat@all/Union_HG002.pat_alldifficultregions.bed.gz	211
release/genome-stratifications/v3.5/validation/HG002.pat@all/Union_HG002.pat_alllowmapandsegdupregions.bed.gz	272
release/genome-stratifications/v3.5/validation/HG002.pat@all/Union_HG002.pat_notinalldifficultregions.bed.gz	218
release/genome-stratifications/v3.5/validation/HG002.pat@all/Union_HG002.pat_notinalllowmapandsegdupregions.bed.gz	281
release/genome-stratifications/v3.5/validation/HG002.pat@all/diagnostics.tsv	15617
release/genome-stratifications/v3.5/validation/README.md	3449
release/genome-stratifications/v3.5/validation/benchmark_summary.html	5362319
release/genome-stratifications/v3.5/validation/coverage_plots.html	45816031
release/genome-stratifications/v3.5/validation/window_coverages/CHM13@all.html	26545848
release/genome-stratifications/v3.5/validation/window_coverages/GRCh37@all.html	57100383
release/genome-stratifications/v3.5/validation/window_coverages/GRCh38@all.html	60833327
release/genome-stratifications/v3.5/validation/window_coverages/HG002.mat@all.html	36421228
release/genome-stratifications/v3.5/validation/window_coverages/HG002.pat@all.html	35464536
release/references/GRCh37/hs37d5.fa.gz	892326179
release/references/GRCh37/hs37d5.fa.gz.fai	2813
release/references/GRCh37/hs37d5.fa.gz.gzi	778760
release/references/GRCh37/resources/GRCh37_regions-md5s.txt	2340
release/references/GRCh37/resources/hg19.README_annotation.md	9657
release/references/GRCh37/resources/hg19.chainSelf.bed.gz	18409424
release/references/GRCh37/resources/hg19.chainSelf.bed.gz.tbi	244943
release/references/GRCh37/resources/hg19.gap.bed.gz	4063
release/references/GRCh37/resources/hg19.gap.bed.gz.tbi	8166
release/references/GRCh37/resources/hg19.mergedLowComplexityRepeats.bed.gz	8083389
release/references/GRCh37/resources/hg19.mergedLowComplexityRepeats.bed.gz.tbi	1287998
release/references/GRCh37/resources/hg19.oddRegions.bed.gz	4153
release/references/GRCh37/resources/hg19.oddRegions.bed.gz.tbi	8145
release/references/GRCh37/resources/hg19.par.bed.gz	127
release/references/GRCh37/resources/hg19.par.bed.gz.tbi	363
release/references/GRCh37/resources/hg19.refGene.cds.bed.gz	2881914
release/references/GRCh37/resources/hg19.refGene.cds.bed.gz.tbi	446657
release/references/GRCh37/resources/hg19.refGene.exon.bed.gz	3114450
release/references/GRCh37/resources/hg19.refGene.exon.bed.gz.tbi	441984
release/references/GRCh37/resources/hg19.refGene.utr.bed.gz	1612232
release/references/GRCh37/resources/hg19.refGene.utr.bed.gz.tbi	370203
release/references/GRCh37/resources/hg19.repeats.bed.gz	70533574
release/references/GRCh37/resources/hg19.repeats.bed.gz.tbi	518751
release/references/GRCh37/resources/hg19.rmsk.bed.gz	109
release/references/GRCh37/resources/hg19.rmsk.bed.gz.tbi	518119
release/references/GRCh37/resources/hg19.segdups.bed.gz	893163
release/references/GRCh37/resources/hg19.segdups.bed.gz.tbi	69697
release/references/GRCh37/resources/hg19.segdups_selfchain.bed.gz	19845580
release/references/GRCh37/resources/hg19.segdups_selfchain.bed.gz.tbi	247230
release/references/GRCh37/resources/hg19.simpleRepeat.bed.gz	16608335
release/references/GRCh37/resources/hg19.simpleRepeat.bed.gz.tbi	1348647
release/references/GRCh37/resources/hg19.vdj.bed.gz	122
release/references/GRCh37/resources/hg19.vdj.bed.gz.tbi	383
release/references/GRCh37/resources/hg19.windowmaskerSdust.bed.gz	109
release/references/GRCh37/resources/hg19.windowmaskerSdust.bed.gz.tbi	578288
release/references/GRCh37/resources/hg19_self_chain.bam	895714798
release/references/GRCh37/resources/hg19_self_chain.bam.bai	2198728
release/references/GRCh38/GCA_000001405.15_GRCh38_GRC_exclusions_T2Tv2.bed	296
release/references/GRCh38/GCA_000001405.15_GRCh38_no_alt_analysis_set.fasta.gz	886344618
release/references/GRCh38/GCA_000001405.15_GRCh38_no_alt_analysis_set.fasta.gz.fai	7804
release/references/GRCh38/GCA_000001405.15_GRCh38_no_alt_analysis_set.fasta.gz.gzi	770664
release/references/GRCh38/GCA_000001405.15_GRCh38_no_alt_analysis_set_maskedGRC_exclusions.fasta.gz	886085502
release/references/GRCh38/GCA_000001405.15_GRCh38_no_alt_analysis_set_maskedGRC_exclusions.fasta.gz.fai	7802
release/references/GRCh38/GCA_000001405.15_GRCh38_no_alt_analysis_set_maskedGRC_exclusions.fasta.gz.gzi	770648
release/references/GRCh38/GCA_000001405.15_GRCh38_no_alt_analysis_set_maskedGRC_exclusions_v2.fasta.gz	885955190
release/references/GRCh38/GCA_000001405.15_GRCh38_no_alt_analysis_set_maskedGRC_exclusions_v2.fasta.gz.fai	7802
release/references/GRCh38/GCA_000001405.15_GRCh38_no_alt_analysis_set_maskedGRC_exclusions_v2.fasta.gz.gzi	770648
release/references/GRCh38/GRCh38_GIABv3_no_alt_analysis_set_maskedGRC_decoys_MAP2K3_KMT2C_KCNJ18.fasta.gz	791254470
release/references/GRCh38/GRCh38_GIABv3_no_alt_analysis_set_maskedGRC_decoys_MAP2K3_KMT2C_KCNJ18.fasta.gz.fai	9001
release/references/GRCh38/GRCh38_GIABv3_no_alt_analysis_set_maskedGRC_decoys_MAP2K3_KMT2C_KCNJ18.fasta.gz.gzi	771240
release/references/GRCh38/GRCh38_masked_v2_decoy_excludes_GPRIN2_DUSP22_FANCD2.fasta.gz	825684253
release/references/GRCh38/GRCh38_masked_v2_decoy_excludes_GPRIN2_DUSP22_FANCD2.fasta.gz.fai	10383
release/references/GRCh38/GRCh38_masked_v2_decoy_excludes_GPRIN2_DUSP22_FANCD2.fasta.gz.gzi	760024
release/references/GRCh38/GRCh38_masked_v2_decoy_gene.fasta.gz	886202237
release/references/GRCh38/GRCh38_masked_v2_decoy_gene.fasta.gz.fai	9321
release/references/GRCh38/GRCh38_masked_v2_decoy_gene.fasta.gz.gzi	770920
release/references/GRCh38/GRCh38_reference_update_to_GIABv3.ipynb	642090
release/references/GRCh38/README_GIAB_Mapping_References.md.txt	10069
release/references/GRCh38/resources/GRCh38_regions-md5s.txt	2101
release/references/GRCh38/resources/hg38.README_annotation.md	8215
release/references/GRCh38/resources/hg38.gap.bed.gz	8056
release/references/GRCh38/resources/hg38.gap.bed.gz.tbi	10308
release/references/GRCh38/resources/hg38.mergedLowComplexityRepeats.bed.gz	8117981
release/references/GRCh38/resources/hg38.mergedLowComplexityRepeats.bed.gz.tbi	1313934
release/references/GRCh38/resources/hg38.oddRegions.bed.gz	7455
release/references/GRCh38/resources/hg38.oddRegions.bed.gz.tbi	10658
release/references/GRCh38/resources/hg38.par.bed.gz	157
release/references/GRCh38/resources/hg38.par.bed.gz.tbi	426
release/references/GRCh38/resources/hg38.refGene.cds.bed.gz	3037624
release/references/GRCh38/resources/hg38.refGene.cds.bed.gz.tbi	466323
release/references/GRCh38/resources/hg38.refGene.exon.bed.gz	3280552
release/references/GRCh38/resources/hg38.refGene.exon.bed.gz.tbi	462127
release/references/GRCh38/resources/hg38.refGene.utr.bed.gz	1706298
release/references/GRCh38/resources/hg38.refGene.utr.bed.gz.tbi	389579
release/references/GRCh38/resources/hg38.repeats.bed.gz	76089764
release/references/GRCh38/resources/hg38.repeats.bed.gz.tbi	542326
release/references/GRCh38/resources/hg38.rmsk.bed.gz	109
release/references/GRCh38/resources/hg38.rmsk.bed.gz.tbi	540722
release/references/GRCh38/resources/hg38.rmsk.txt.gz	153586506
release/references/GRCh38/resources/hg38.segdups.bed.gz	1193365
release/references/GRCh38/resources/hg38.segdups.bed.gz.tbi	71506
release/references/GRCh38/resources/hg38.simpleRepeat.bed.gz	17705664
release/references/GRCh38/resources/hg38.simpleRepeat.bed.gz.tbi	1385545
release/references/GRCh38/resources/hg38.vdj.bed.gz	121
release/references/GRCh38/resources/hg38.vdj.bed.gz.tbi	386
release/references/GRCh38/resources/hg38.windowmaskerSdust.bed.gz	109
release/references/GRCh38/resources/hg38.windowmaskerSdust.bed.gz.tbi	610228
release/references/GRCh38/resources/hg38_self_chain.bam	7342642535
release/references/GRCh38/resources/hg38_self_chain.bam.bai	4022760
release/references/README_GIAB_Mapping_References.md	8951
release/references/checksum.md5	1431
