data/ChineseTrio/HG005_NA24631_son/CompleteGenomics_normal_RMDNA/README.txt	2811
data/ChineseTrio/HG005_NA24631_son/CompleteGenomics_normal_RMDNA/son_NA24631_GS000037265-ASM/BAM/chr10_mapping_sorted_header.bam	80120283331
data/ChineseTrio/HG005_NA24631_son/CompleteGenomics_normal_RMDNA/son_NA24631_GS000037265-ASM/BAM/chr11_mapping_sorted_header.bam	58771127485
data/ChineseTrio/HG005_NA24631_son/CompleteGenomics_normal_RMDNA/son_NA24631_GS000037265-ASM/BAM/chr12_mapping_sorted_header.bam	53048200912
data/ChineseTrio/HG005_NA24631_son/CompleteGenomics_normal_RMDNA/son_NA24631_GS000037265-ASM/BAM/chr13_mapping_sorted_header.bam	33310259768
data/ChineseTrio/HG005_NA24631_son/CompleteGenomics_normal_RMDNA/son_NA24631_GS000037265-ASM/BAM/chr14_mapping_sorted_header.bam	36108185596
data/ChineseTrio/HG005_NA24631_son/CompleteGenomics_normal_RMDNA/son_NA24631_GS000037265-ASM/BAM/chr15_mapping_sorted_header.bam	36183708262
data/ChineseTrio/HG005_NA24631_son/CompleteGenomics_normal_RMDNA/son_NA24631_GS000037265-ASM/BAM/chr16_mapping_sorted_header.bam	49660715007
data/ChineseTrio/HG005_NA24631_son/CompleteGenomics_normal_RMDNA/son_NA24631_GS000037265-ASM/BAM/chr17_mapping_sorted_header.bam	36854371815
data/ChineseTrio/HG005_NA24631_son/CompleteGenomics_normal_RMDNA/son_NA24631_GS000037265-ASM/BAM/chr18_mapping_sorted_header.bam	30297235243
data/ChineseTrio/HG005_NA24631_son/CompleteGenomics_normal_RMDNA/son_NA24631_GS000037265-ASM/BAM/chr19_mapping_sorted_header.bam	35683385674
data/ChineseTrio/HG005_NA24631_son/CompleteGenomics_normal_RMDNA/son_NA24631_GS000037265-ASM/BAM/chr1_mapping_sorted_header.bam	100693827755
data/ChineseTrio/HG005_NA24631_son/CompleteGenomics_normal_RMDNA/son_NA24631_GS000037265-ASM/BAM/chr20_mapping_sorted_header.bam	24250485864
data/ChineseTrio/HG005_NA24631_son/CompleteGenomics_normal_RMDNA/son_NA24631_GS000037265-ASM/BAM/chr21_mapping_sorted_header.bam	19942103779
data/ChineseTrio/HG005_NA24631_son/CompleteGenomics_normal_RMDNA/son_NA24631_GS000037265-ASM/BAM/chr22_mapping_sorted_header.bam	17462711859
data/ChineseTrio/HG005_NA24631_son/CompleteGenomics_normal_RMDNA/son_NA24631_GS000037265-ASM/BAM/chr2_mapping_sorted_header.bam	106520457348
data/ChineseTrio/HG005_NA24631_son/CompleteGenomics_normal_RMDNA/son_NA24631_GS000037265-ASM/BAM/chr3_mapping_sorted_header.bam	74925326846
data/ChineseTrio/HG005_NA24631_son/CompleteGenomics_normal_RMDNA/son_NA24631_GS000037265-ASM/BAM/chr4_mapping_sorted_header.bam	83743122705
data/ChineseTrio/HG005_NA24631_son/CompleteGenomics_normal_RMDNA/son_NA24631_GS000037265-ASM/BAM/chr5_mapping_sorted_header.bam	73576273479
data/ChineseTrio/HG005_NA24631_son/CompleteGenomics_normal_RMDNA/son_NA24631_GS000037265-ASM/BAM/chr6_mapping_sorted_header.bam	64551735797
data/ChineseTrio/HG005_NA24631_son/CompleteGenomics_normal_RMDNA/son_NA24631_GS000037265-ASM/BAM/chr7_mapping_sorted_header.bam	76973964592
data/ChineseTrio/HG005_NA24631_son/CompleteGenomics_normal_RMDNA/son_NA24631_GS000037265-ASM/BAM/chr8_mapping_sorted_header.bam	65078723777
data/ChineseTrio/HG005_NA24631_son/CompleteGenomics_normal_RMDNA/son_NA24631_GS000037265-ASM/BAM/chr9_mapping_sorted_header.bam	61347037220
data/ChineseTrio/HG005_NA24631_son/CompleteGenomics_normal_RMDNA/son_NA24631_GS000037265-ASM/BAM/chrM_mapping_sorted_header.bam	2156810707
data/ChineseTrio/HG005_NA24631_son/CompleteGenomics_normal_RMDNA/son_NA24631_GS000037265-ASM/BAM/chrX_mapping_sorted_header.bam	53467641729
data/ChineseTrio/HG005_NA24631_son/CompleteGenomics_normal_RMDNA/son_NA24631_GS000037265-ASM/BAM/chrY_mapping_sorted_header.bam	37648913503
data/ChineseTrio/HG005_NA24631_son/CompleteGenomics_normal_RMDNA/son_NA24631_GS000037265-ASM/BAM/evidenceDnbs-GS000037265-ASM_sorted.bam	41543703166
data/ChineseTrio/HG005_NA24631_son/CompleteGenomics_normal_RMDNA/son_NA24631_GS000037265-ASM/BAM/evidenceDnbs-GS000037265-ASM_sorted.bam.bai	7555584
data/ChineseTrio/HG005_NA24631_son/CompleteGenomics_normal_RMDNA/son_NA24631_GS000037265-ASM/BAM/notMapped_mapping_sorted_header.bam	87041994655
data/ChineseTrio/HG005_NA24631_son/CompleteGenomics_normal_RMDNA/son_NA24631_GS000037265-ASM/LIB/GS02137-CLS_D01/lib_DNB_GS02137-CLS_D01.tsv	855
data/ChineseTrio/HG005_NA24631_son/CompleteGenomics_normal_RMDNA/son_NA24631_GS000037265-ASM/LIB/GS02137-CLS_D01/lib_gaps_L0_GS02137-CLS_D01.tsv	300752
data/ChineseTrio/HG005_NA24631_son/CompleteGenomics_normal_RMDNA/son_NA24631_GS000037265-ASM/LIB/GS02137-CLS_D01/lib_gaps_M_GS02137-CLS_D01.tsv	30320
data/ChineseTrio/HG005_NA24631_son/CompleteGenomics_normal_RMDNA/son_NA24631_GS000037265-ASM/LIB/GS02137-CLS_D01/lib_gaps_R0_GS02137-CLS_D01.tsv	300752
data/ChineseTrio/HG005_NA24631_son/CompleteGenomics_normal_RMDNA/son_NA24631_GS000037265-ASM/LIB/GS02137-CLS_D01/lib_gaps_rollup_L_GS02137-CLS_D01.tsv	781
data/ChineseTrio/HG005_NA24631_son/CompleteGenomics_normal_RMDNA/son_NA24631_GS000037265-ASM/LIB/GS02137-CLS_D01/lib_gaps_rollup_R_GS02137-CLS_D01.tsv	780
data/ChineseTrio/HG005_NA24631_son/CompleteGenomics_normal_RMDNA/son_NA24631_GS000037265-ASM/MAP/GS76955-FS3-L04/mapping_GS76955-FS3-L04_001.tsv.bz2	565828846
data/ChineseTrio/HG005_NA24631_son/CompleteGenomics_normal_RMDNA/son_NA24631_GS000037265-ASM/MAP/GS76955-FS3-L04/mapping_GS76955-FS3-L04_002.tsv.bz2	568483827
data/ChineseTrio/HG005_NA24631_son/CompleteGenomics_normal_RMDNA/son_NA24631_GS000037265-ASM/MAP/GS76955-FS3-L04/mapping_GS76955-FS3-L04_003.tsv.bz2	565424837
data/ChineseTrio/HG005_NA24631_son/CompleteGenomics_normal_RMDNA/son_NA24631_GS000037265-ASM/MAP/GS76955-FS3-L04/mapping_GS76955-FS3-L04_004.tsv.bz2	558402006
data/ChineseTrio/HG005_NA24631_son/CompleteGenomics_normal_RMDNA/son_NA24631_GS000037265-ASM/MAP/GS76955-FS3-L04/mapping_GS76955-FS3-L04_005.tsv.bz2	563982168
data/ChineseTrio/HG005_NA24631_son/CompleteGenomics_normal_RMDNA/son_NA24631_GS000037265-ASM/MAP/GS76955-FS3-L04/mapping_GS76955-FS3-L04_006.tsv.bz2	557966390
data/ChineseTrio/HG005_NA24631_son/CompleteGenomics_normal_RMDNA/son_NA24631_GS000037265-ASM/MAP/GS76955-FS3-L04/mapping_GS76955-FS3-L04_007.tsv.bz2	566318646
data/ChineseTrio/HG005_NA24631_son/CompleteGenomics_normal_RMDNA/son_NA24631_GS000037265-ASM/MAP/GS76955-FS3-L04/mapping_GS76955-FS3-L04_008.tsv.bz2	565968134
data/ChineseTrio/HG005_NA24631_son/CompleteGenomics_normal_RMDNA/son_NA24631_GS000037265-ASM/MAP/GS76955-FS3-L04/mapping_GS76955-FS3-L04_009.tsv.bz2	564225214
data/ChineseTrio/HG005_NA24631_son/CompleteGenomics_normal_RMDNA/son_NA24631_GS000037265-ASM/MAP/GS76955-FS3-L04/mapping_GS76955-FS3-L04_010.tsv.bz2	566246606
data/ChineseTrio/HG005_NA24631_son/CompleteGenomics_normal_RMDNA/son_NA24631_GS000037265-ASM/MAP/GS76955-FS3-L04/mapping_GS76955-FS3-L04_011.tsv.bz2	563427785
data/ChineseTrio/HG005_NA24631_son/CompleteGenomics_normal_RMDNA/son_NA24631_GS000037265-ASM/MAP/GS76955-FS3-L04/mapping_GS76955-FS3-L04_012.tsv.bz2	566598110
data/ChineseTrio/HG005_NA24631_son/CompleteGenomics_normal_RMDNA/son_NA24631_GS000037265-ASM/MAP/GS76955-FS3-L04/mapping_GS76955-FS3-L04_013.tsv.bz2	566255669
data/ChineseTrio/HG005_NA24631_son/CompleteGenomics_normal_RMDNA/son_NA24631_GS000037265-ASM/MAP/GS76955-FS3-L04/mapping_GS76955-FS3-L04_014.tsv.bz2	566243281
data/ChineseTrio/HG005_NA24631_son/CompleteGenomics_normal_RMDNA/son_NA24631_GS000037265-ASM/MAP/GS76955-FS3-L04/mapping_GS76955-FS3-L04_015.tsv.bz2	559729633
data/ChineseTrio/HG005_NA24631_son/CompleteGenomics_normal_RMDNA/son_NA24631_GS000037265-ASM/MAP/GS76955-FS3-L04/mapping_GS76955-FS3-L04_016.tsv.bz2	459811812
data/ChineseTrio/HG005_NA24631_son/CompleteGenomics_normal_RMDNA/son_NA24631_GS000037265-ASM/MAP/GS76955-FS3-L04/reads_GS76955-FS3-L04_001.tsv.bz2	1228642068
data/ChineseTrio/HG005_NA24631_son/CompleteGenomics_normal_RMDNA/son_NA24631_GS000037265-ASM/MAP/GS76955-FS3-L04/reads_GS76955-FS3-L04_002.tsv.bz2	1235276127
data/ChineseTrio/HG005_NA24631_son/CompleteGenomics_normal_RMDNA/son_NA24631_GS000037265-ASM/MAP/GS76955-FS3-L04/reads_GS76955-FS3-L04_003.tsv.bz2	1242093192
data/ChineseTrio/HG005_NA24631_son/CompleteGenomics_normal_RMDNA/son_NA24631_GS000037265-ASM/MAP/GS76955-FS3-L04/reads_GS76955-FS3-L04_004.tsv.bz2	1262354004
data/ChineseTrio/HG005_NA24631_son/CompleteGenomics_normal_RMDNA/son_NA24631_GS000037265-ASM/MAP/GS76955-FS3-L04/reads_GS76955-FS3-L04_005.tsv.bz2	1250003327
data/ChineseTrio/HG005_NA24631_son/CompleteGenomics_normal_RMDNA/son_NA24631_GS000037265-ASM/MAP/GS76955-FS3-L04/reads_GS76955-FS3-L04_006.tsv.bz2	1262689768
data/ChineseTrio/HG005_NA24631_son/CompleteGenomics_normal_RMDNA/son_NA24631_GS000037265-ASM/MAP/GS76955-FS3-L04/reads_GS76955-FS3-L04_007.tsv.bz2	1238728368
data/ChineseTrio/HG005_NA24631_son/CompleteGenomics_normal_RMDNA/son_NA24631_GS000037265-ASM/MAP/GS76955-FS3-L04/reads_GS76955-FS3-L04_008.tsv.bz2	1241565275
data/ChineseTrio/HG005_NA24631_son/CompleteGenomics_normal_RMDNA/son_NA24631_GS000037265-ASM/MAP/GS76955-FS3-L04/reads_GS76955-FS3-L04_009.tsv.bz2	1253060176
data/ChineseTrio/HG005_NA24631_son/CompleteGenomics_normal_RMDNA/son_NA24631_GS000037265-ASM/MAP/GS76955-FS3-L04/reads_GS76955-FS3-L04_010.tsv.bz2	1239833565
data/ChineseTrio/HG005_NA24631_son/CompleteGenomics_normal_RMDNA/son_NA24631_GS000037265-ASM/MAP/GS76955-FS3-L04/reads_GS76955-FS3-L04_011.tsv.bz2	1254793930
data/ChineseTrio/HG005_NA24631_son/CompleteGenomics_normal_RMDNA/son_NA24631_GS000037265-ASM/MAP/GS76955-FS3-L04/reads_GS76955-FS3-L04_012.tsv.bz2	1240523063
data/ChineseTrio/HG005_NA24631_son/CompleteGenomics_normal_RMDNA/son_NA24631_GS000037265-ASM/MAP/GS76955-FS3-L04/reads_GS76955-FS3-L04_013.tsv.bz2	1234552013
data/ChineseTrio/HG005_NA24631_son/CompleteGenomics_normal_RMDNA/son_NA24631_GS000037265-ASM/MAP/GS76955-FS3-L04/reads_GS76955-FS3-L04_014.tsv.bz2	1241674660
data/ChineseTrio/HG005_NA24631_son/CompleteGenomics_normal_RMDNA/son_NA24631_GS000037265-ASM/MAP/GS76955-FS3-L04/reads_GS76955-FS3-L04_015.tsv.bz2	1250451395
data/ChineseTrio/HG005_NA24631_son/CompleteGenomics_normal_RMDNA/son_NA24631_GS000037265-ASM/MAP/GS76955-FS3-L04/reads_GS76955-FS3-L04_016.tsv.bz2	1013162051
data/ChineseTrio/HG005_NA24631_son/CompleteGenomics_normal_RMDNA/son_NA24631_GS000037265-ASM/MAP/GS78794-FS3-L01/mapping_GS78794-FS3-L01_001.tsv.bz2	524235934
data/ChineseTrio/HG005_NA24631_son/CompleteGenomics_normal_RMDNA/son_NA24631_GS000037265-ASM/MAP/GS78794-FS3-L01/mapping_GS78794-FS3-L01_002.tsv.bz2	545158562
data/ChineseTrio/HG005_NA24631_son/CompleteGenomics_normal_RMDNA/son_NA24631_GS000037265-ASM/MAP/GS78794-FS3-L01/mapping_GS78794-FS3-L01_003.tsv.bz2	563049456
data/ChineseTrio/HG005_NA24631_son/CompleteGenomics_normal_RMDNA/son_NA24631_GS000037265-ASM/MAP/GS78794-FS3-L01/mapping_GS78794-FS3-L01_004.tsv.bz2	564534195
data/ChineseTrio/HG005_NA24631_son/CompleteGenomics_normal_RMDNA/son_NA24631_GS000037265-ASM/MAP/GS78794-FS3-L01/mapping_GS78794-FS3-L01_005.tsv.bz2	565948823
data/ChineseTrio/HG005_NA24631_son/CompleteGenomics_normal_RMDNA/son_NA24631_GS000037265-ASM/MAP/GS78794-FS3-L01/mapping_GS78794-FS3-L01_006.tsv.bz2	563793418
data/ChineseTrio/HG005_NA24631_son/CompleteGenomics_normal_RMDNA/son_NA24631_GS000037265-ASM/MAP/GS78794-FS3-L01/mapping_GS78794-FS3-L01_007.tsv.bz2	562798347
data/ChineseTrio/HG005_NA24631_son/CompleteGenomics_normal_RMDNA/son_NA24631_GS000037265-ASM/MAP/GS78794-FS3-L01/mapping_GS78794-FS3-L01_008.tsv.bz2	559348121
data/ChineseTrio/HG005_NA24631_son/CompleteGenomics_normal_RMDNA/son_NA24631_GS000037265-ASM/MAP/GS78794-FS3-L01/mapping_GS78794-FS3-L01_009.tsv.bz2	553492353
data/ChineseTrio/HG005_NA24631_son/CompleteGenomics_normal_RMDNA/son_NA24631_GS000037265-ASM/MAP/GS78794-FS3-L01/mapping_GS78794-FS3-L01_010.tsv.bz2	561945731
data/ChineseTrio/HG005_NA24631_son/CompleteGenomics_normal_RMDNA/son_NA24631_GS000037265-ASM/MAP/GS78794-FS3-L01/mapping_GS78794-FS3-L01_011.tsv.bz2	558921977
data/ChineseTrio/HG005_NA24631_son/CompleteGenomics_normal_RMDNA/son_NA24631_GS000037265-ASM/MAP/GS78794-FS3-L01/mapping_GS78794-FS3-L01_012.tsv.bz2	503420771
data/ChineseTrio/HG005_NA24631_son/CompleteGenomics_normal_RMDNA/son_NA24631_GS000037265-ASM/MAP/GS78794-FS3-L01/mapping_GS78794-FS3-L01_013.tsv.bz2	501631375
data/ChineseTrio/HG005_NA24631_son/CompleteGenomics_normal_RMDNA/son_NA24631_GS000037265-ASM/MAP/GS78794-FS3-L01/mapping_GS78794-FS3-L01_014.tsv.bz2	509960981
data/ChineseTrio/HG005_NA24631_son/CompleteGenomics_normal_RMDNA/son_NA24631_GS000037265-ASM/MAP/GS78794-FS3-L01/mapping_GS78794-FS3-L01_015.tsv.bz2	564444122
data/ChineseTrio/HG005_NA24631_son/CompleteGenomics_normal_RMDNA/son_NA24631_GS000037265-ASM/MAP/GS78794-FS3-L01/mapping_GS78794-FS3-L01_016.tsv.bz2	559974941
data/ChineseTrio/HG005_NA24631_son/CompleteGenomics_normal_RMDNA/son_NA24631_GS000037265-ASM/MAP/GS78794-FS3-L01/mapping_GS78794-FS3-L01_017.tsv.bz2	109244512
data/ChineseTrio/HG005_NA24631_son/CompleteGenomics_normal_RMDNA/son_NA24631_GS000037265-ASM/MAP/GS78794-FS3-L01/reads_GS78794-FS3-L01_001.tsv.bz2	1192784124
data/ChineseTrio/HG005_NA24631_son/CompleteGenomics_normal_RMDNA/son_NA24631_GS000037265-ASM/MAP/GS78794-FS3-L01/reads_GS78794-FS3-L01_002.tsv.bz2	1243353625
data/ChineseTrio/HG005_NA24631_son/CompleteGenomics_normal_RMDNA/son_NA24631_GS000037265-ASM/MAP/GS78794-FS3-L01/reads_GS78794-FS3-L01_003.tsv.bz2	1236973364
data/ChineseTrio/HG005_NA24631_son/CompleteGenomics_normal_RMDNA/son_NA24631_GS000037265-ASM/MAP/GS78794-FS3-L01/reads_GS78794-FS3-L01_004.tsv.bz2	1226625809
data/ChineseTrio/HG005_NA24631_son/CompleteGenomics_normal_RMDNA/son_NA24631_GS000037265-ASM/MAP/GS78794-FS3-L01/reads_GS78794-FS3-L01_005.tsv.bz2	1219851863
data/ChineseTrio/HG005_NA24631_son/CompleteGenomics_normal_RMDNA/son_NA24631_GS000037265-ASM/MAP/GS78794-FS3-L01/reads_GS78794-FS3-L01_006.tsv.bz2	1228187819
data/ChineseTrio/HG005_NA24631_son/CompleteGenomics_normal_RMDNA/son_NA24631_GS000037265-ASM/MAP/GS78794-FS3-L01/reads_GS78794-FS3-L01_007.tsv.bz2	1233742401
data/ChineseTrio/HG005_NA24631_son/CompleteGenomics_normal_RMDNA/son_NA24631_GS000037265-ASM/MAP/GS78794-FS3-L01/reads_GS78794-FS3-L01_008.tsv.bz2	1236156301
data/ChineseTrio/HG005_NA24631_son/CompleteGenomics_normal_RMDNA/son_NA24631_GS000037265-ASM/MAP/GS78794-FS3-L01/reads_GS78794-FS3-L01_009.tsv.bz2	1245782996
data/ChineseTrio/HG005_NA24631_son/CompleteGenomics_normal_RMDNA/son_NA24631_GS000037265-ASM/MAP/GS78794-FS3-L01/reads_GS78794-FS3-L01_010.tsv.bz2	1234217629
data/ChineseTrio/HG005_NA24631_son/CompleteGenomics_normal_RMDNA/son_NA24631_GS000037265-ASM/MAP/GS78794-FS3-L01/reads_GS78794-FS3-L01_011.tsv.bz2	1235610542
data/ChineseTrio/HG005_NA24631_son/CompleteGenomics_normal_RMDNA/son_NA24631_GS000037265-ASM/MAP/GS78794-FS3-L01/reads_GS78794-FS3-L01_012.tsv.bz2	1179113291
data/ChineseTrio/HG005_NA24631_son/CompleteGenomics_normal_RMDNA/son_NA24631_GS000037265-ASM/MAP/GS78794-FS3-L01/reads_GS78794-FS3-L01_013.tsv.bz2	1200111055
data/ChineseTrio/HG005_NA24631_son/CompleteGenomics_normal_RMDNA/son_NA24631_GS000037265-ASM/MAP/GS78794-FS3-L01/reads_GS78794-FS3-L01_014.tsv.bz2	1169905908
data/ChineseTrio/HG005_NA24631_son/CompleteGenomics_normal_RMDNA/son_NA24631_GS000037265-ASM/MAP/GS78794-FS3-L01/reads_GS78794-FS3-L01_015.tsv.bz2	1225987085
data/ChineseTrio/HG005_NA24631_son/CompleteGenomics_normal_RMDNA/son_NA24631_GS000037265-ASM/MAP/GS78794-FS3-L01/reads_GS78794-FS3-L01_016.tsv.bz2	1224240790
data/ChineseTrio/HG005_NA24631_son/CompleteGenomics_normal_RMDNA/son_NA24631_GS000037265-ASM/MAP/GS78794-FS3-L01/reads_GS78794-FS3-L01_017.tsv.bz2	244729216
data/ChineseTrio/HG005_NA24631_son/CompleteGenomics_normal_RMDNA/son_NA24631_GS000037265-ASM/MAP/GS78794-FS3-L02/mapping_GS78794-FS3-L02_001.tsv.bz2	539765502
data/ChineseTrio/HG005_NA24631_son/CompleteGenomics_normal_RMDNA/son_NA24631_GS000037265-ASM/MAP/GS78794-FS3-L02/mapping_GS78794-FS3-L02_002.tsv.bz2	558403379
data/ChineseTrio/HG005_NA24631_son/CompleteGenomics_normal_RMDNA/son_NA24631_GS000037265-ASM/MAP/GS78794-FS3-L02/mapping_GS78794-FS3-L02_003.tsv.bz2	562163216
data/ChineseTrio/HG005_NA24631_son/CompleteGenomics_normal_RMDNA/son_NA24631_GS000037265-ASM/MAP/GS78794-FS3-L02/mapping_GS78794-FS3-L02_004.tsv.bz2	563109322
data/ChineseTrio/HG005_NA24631_son/CompleteGenomics_normal_RMDNA/son_NA24631_GS000037265-ASM/MAP/GS78794-FS3-L02/mapping_GS78794-FS3-L02_005.tsv.bz2	561445308
data/ChineseTrio/HG005_NA24631_son/CompleteGenomics_normal_RMDNA/son_NA24631_GS000037265-ASM/MAP/GS78794-FS3-L02/mapping_GS78794-FS3-L02_006.tsv.bz2	562161635
data/ChineseTrio/HG005_NA24631_son/CompleteGenomics_normal_RMDNA/son_NA24631_GS000037265-ASM/MAP/GS78794-FS3-L02/mapping_GS78794-FS3-L02_007.tsv.bz2	561424347
data/ChineseTrio/HG005_NA24631_son/CompleteGenomics_normal_RMDNA/son_NA24631_GS000037265-ASM/MAP/GS78794-FS3-L02/mapping_GS78794-FS3-L02_008.tsv.bz2	560822059
data/ChineseTrio/HG005_NA24631_son/CompleteGenomics_normal_RMDNA/son_NA24631_GS000037265-ASM/MAP/GS78794-FS3-L02/mapping_GS78794-FS3-L02_009.tsv.bz2	560687646
data/ChineseTrio/HG005_NA24631_son/CompleteGenomics_normal_RMDNA/son_NA24631_GS000037265-ASM/MAP/GS78794-FS3-L02/mapping_GS78794-FS3-L02_010.tsv.bz2	560319617
data/ChineseTrio/HG005_NA24631_son/CompleteGenomics_normal_RMDNA/son_NA24631_GS000037265-ASM/MAP/GS78794-FS3-L02/mapping_GS78794-FS3-L02_011.tsv.bz2	561394200
data/ChineseTrio/HG005_NA24631_son/CompleteGenomics_normal_RMDNA/son_NA24631_GS000037265-ASM/MAP/GS78794-FS3-L02/mapping_GS78794-FS3-L02_012.tsv.bz2	561293636
data/ChineseTrio/HG005_NA24631_son/CompleteGenomics_normal_RMDNA/son_NA24631_GS000037265-ASM/MAP/GS78794-FS3-L02/mapping_GS78794-FS3-L02_013.tsv.bz2	561794798
data/ChineseTrio/HG005_NA24631_son/CompleteGenomics_normal_RMDNA/son_NA24631_GS000037265-ASM/MAP/GS78794-FS3-L02/mapping_GS78794-FS3-L02_014.tsv.bz2	560703693
data/ChineseTrio/HG005_NA24631_son/CompleteGenomics_normal_RMDNA/son_NA24631_GS000037265-ASM/MAP/GS78794-FS3-L02/mapping_GS78794-FS3-L02_015.tsv.bz2	557644494
data/ChineseTrio/HG005_NA24631_son/CompleteGenomics_normal_RMDNA/son_NA24631_GS000037265-ASM/MAP/GS78794-FS3-L02/mapping_GS78794-FS3-L02_016.tsv.bz2	562424036
data/ChineseTrio/HG005_NA24631_son/CompleteGenomics_normal_RMDNA/son_NA24631_GS000037265-ASM/MAP/GS78794-FS3-L02/mapping_GS78794-FS3-L02_017.tsv.bz2	44100599
data/ChineseTrio/HG005_NA24631_son/CompleteGenomics_normal_RMDNA/son_NA24631_GS000037265-ASM/MAP/GS78794-FS3-L02/reads_GS78794-FS3-L02_001.tsv.bz2	1200229766
data/ChineseTrio/HG005_NA24631_son/CompleteGenomics_normal_RMDNA/son_NA24631_GS000037265-ASM/MAP/GS78794-FS3-L02/reads_GS78794-FS3-L02_002.tsv.bz2	1256426702
data/ChineseTrio/HG005_NA24631_son/CompleteGenomics_normal_RMDNA/son_NA24631_GS000037265-ASM/MAP/GS78794-FS3-L02/reads_GS78794-FS3-L02_003.tsv.bz2	1245273743
data/ChineseTrio/HG005_NA24631_son/CompleteGenomics_normal_RMDNA/son_NA24631_GS000037265-ASM/MAP/GS78794-FS3-L02/reads_GS78794-FS3-L02_004.tsv.bz2	1234617813
data/ChineseTrio/HG005_NA24631_son/CompleteGenomics_normal_RMDNA/son_NA24631_GS000037265-ASM/MAP/GS78794-FS3-L02/reads_GS78794-FS3-L02_005.tsv.bz2	1236748111
data/ChineseTrio/HG005_NA24631_son/CompleteGenomics_normal_RMDNA/son_NA24631_GS000037265-ASM/MAP/GS78794-FS3-L02/reads_GS78794-FS3-L02_006.tsv.bz2	1234904815
data/ChineseTrio/HG005_NA24631_son/CompleteGenomics_normal_RMDNA/son_NA24631_GS000037265-ASM/MAP/GS78794-FS3-L02/reads_GS78794-FS3-L02_007.tsv.bz2	1239984680
data/ChineseTrio/HG005_NA24631_son/CompleteGenomics_normal_RMDNA/son_NA24631_GS000037265-ASM/MAP/GS78794-FS3-L02/reads_GS78794-FS3-L02_008.tsv.bz2	1242370951
data/ChineseTrio/HG005_NA24631_son/CompleteGenomics_normal_RMDNA/son_NA24631_GS000037265-ASM/MAP/GS78794-FS3-L02/reads_GS78794-FS3-L02_009.tsv.bz2	1243318275
data/ChineseTrio/HG005_NA24631_son/CompleteGenomics_normal_RMDNA/son_NA24631_GS000037265-ASM/MAP/GS78794-FS3-L02/reads_GS78794-FS3-L02_010.tsv.bz2	1245515463
data/ChineseTrio/HG005_NA24631_son/CompleteGenomics_normal_RMDNA/son_NA24631_GS000037265-ASM/MAP/GS78794-FS3-L02/reads_GS78794-FS3-L02_011.tsv.bz2	1239914737
data/ChineseTrio/HG005_NA24631_son/CompleteGenomics_normal_RMDNA/son_NA24631_GS000037265-ASM/MAP/GS78794-FS3-L02/reads_GS78794-FS3-L02_012.tsv.bz2	1241338872
data/ChineseTrio/HG005_NA24631_son/CompleteGenomics_normal_RMDNA/son_NA24631_GS000037265-ASM/MAP/GS78794-FS3-L02/reads_GS78794-FS3-L02_013.tsv.bz2	1238458906
data/ChineseTrio/HG005_NA24631_son/CompleteGenomics_normal_RMDNA/son_NA24631_GS000037265-ASM/MAP/GS78794-FS3-L02/reads_GS78794-FS3-L02_014.tsv.bz2	1244504808
data/ChineseTrio/HG005_NA24631_son/CompleteGenomics_normal_RMDNA/son_NA24631_GS000037265-ASM/MAP/GS78794-FS3-L02/reads_GS78794-FS3-L02_015.tsv.bz2	1243264948
data/ChineseTrio/HG005_NA24631_son/CompleteGenomics_normal_RMDNA/son_NA24631_GS000037265-ASM/MAP/GS78794-FS3-L02/reads_GS78794-FS3-L02_016.tsv.bz2	1231176765
data/ChineseTrio/HG005_NA24631_son/CompleteGenomics_normal_RMDNA/son_NA24631_GS000037265-ASM/MAP/GS78794-FS3-L02/reads_GS78794-FS3-L02_017.tsv.bz2	100931975
data/ChineseTrio/HG005_NA24631_son/CompleteGenomics_normal_RMDNA/son_NA24631_GS000037265-ASM/MAP/GS78794-FS3-L03/mapping_GS78794-FS3-L03_001.tsv.bz2	542385831
data/ChineseTrio/HG005_NA24631_son/CompleteGenomics_normal_RMDNA/son_NA24631_GS000037265-ASM/MAP/GS78794-FS3-L03/mapping_GS78794-FS3-L03_002.tsv.bz2	559834744
data/ChineseTrio/HG005_NA24631_son/CompleteGenomics_normal_RMDNA/son_NA24631_GS000037265-ASM/MAP/GS78794-FS3-L03/mapping_GS78794-FS3-L03_003.tsv.bz2	561930405
data/ChineseTrio/HG005_NA24631_son/CompleteGenomics_normal_RMDNA/son_NA24631_GS000037265-ASM/MAP/GS78794-FS3-L03/mapping_GS78794-FS3-L03_004.tsv.bz2	562270870
data/ChineseTrio/HG005_NA24631_son/CompleteGenomics_normal_RMDNA/son_NA24631_GS000037265-ASM/MAP/GS78794-FS3-L03/mapping_GS78794-FS3-L03_005.tsv.bz2	563934841
data/ChineseTrio/HG005_NA24631_son/CompleteGenomics_normal_RMDNA/son_NA24631_GS000037265-ASM/MAP/GS78794-FS3-L03/mapping_GS78794-FS3-L03_006.tsv.bz2	561858889
data/ChineseTrio/HG005_NA24631_son/CompleteGenomics_normal_RMDNA/son_NA24631_GS000037265-ASM/MAP/GS78794-FS3-L03/mapping_GS78794-FS3-L03_007.tsv.bz2	562979587
data/ChineseTrio/HG005_NA24631_son/CompleteGenomics_normal_RMDNA/son_NA24631_GS000037265-ASM/MAP/GS78794-FS3-L03/mapping_GS78794-FS3-L03_008.tsv.bz2	558959435
data/ChineseTrio/HG005_NA24631_son/CompleteGenomics_normal_RMDNA/son_NA24631_GS000037265-ASM/MAP/GS78794-FS3-L03/mapping_GS78794-FS3-L03_009.tsv.bz2	557571312
data/ChineseTrio/HG005_NA24631_son/CompleteGenomics_normal_RMDNA/son_NA24631_GS000037265-ASM/MAP/GS78794-FS3-L03/mapping_GS78794-FS3-L03_010.tsv.bz2	559431856
data/ChineseTrio/HG005_NA24631_son/CompleteGenomics_normal_RMDNA/son_NA24631_GS000037265-ASM/MAP/GS78794-FS3-L03/mapping_GS78794-FS3-L03_011.tsv.bz2	539122945
data/ChineseTrio/HG005_NA24631_son/CompleteGenomics_normal_RMDNA/son_NA24631_GS000037265-ASM/MAP/GS78794-FS3-L03/mapping_GS78794-FS3-L03_012.tsv.bz2	564252906
data/ChineseTrio/HG005_NA24631_son/CompleteGenomics_normal_RMDNA/son_NA24631_GS000037265-ASM/MAP/GS78794-FS3-L03/mapping_GS78794-FS3-L03_013.tsv.bz2	564301456
data/ChineseTrio/HG005_NA24631_son/CompleteGenomics_normal_RMDNA/son_NA24631_GS000037265-ASM/MAP/GS78794-FS3-L03/mapping_GS78794-FS3-L03_014.tsv.bz2	563295235
data/ChineseTrio/HG005_NA24631_son/CompleteGenomics_normal_RMDNA/son_NA24631_GS000037265-ASM/MAP/GS78794-FS3-L03/mapping_GS78794-FS3-L03_015.tsv.bz2	560009125
data/ChineseTrio/HG005_NA24631_son/CompleteGenomics_normal_RMDNA/son_NA24631_GS000037265-ASM/MAP/GS78794-FS3-L03/mapping_GS78794-FS3-L03_016.tsv.bz2	563704566
data/ChineseTrio/HG005_NA24631_son/CompleteGenomics_normal_RMDNA/son_NA24631_GS000037265-ASM/MAP/GS78794-FS3-L03/mapping_GS78794-FS3-L03_017.tsv.bz2	20537407
data/ChineseTrio/HG005_NA24631_son/CompleteGenomics_normal_RMDNA/son_NA24631_GS000037265-ASM/MAP/GS78794-FS3-L03/reads_GS78794-FS3-L03_001.tsv.bz2	1209682289
data/ChineseTrio/HG005_NA24631_son/CompleteGenomics_normal_RMDNA/son_NA24631_GS000037265-ASM/MAP/GS78794-FS3-L03/reads_GS78794-FS3-L03_002.tsv.bz2	1246283992
data/ChineseTrio/HG005_NA24631_son/CompleteGenomics_normal_RMDNA/son_NA24631_GS000037265-ASM/MAP/GS78794-FS3-L03/reads_GS78794-FS3-L03_003.tsv.bz2	1234916599
data/ChineseTrio/HG005_NA24631_son/CompleteGenomics_normal_RMDNA/son_NA24631_GS000037265-ASM/MAP/GS78794-FS3-L03/reads_GS78794-FS3-L03_004.tsv.bz2	1230695221
data/ChineseTrio/HG005_NA24631_son/CompleteGenomics_normal_RMDNA/son_NA24631_GS000037265-ASM/MAP/GS78794-FS3-L03/reads_GS78794-FS3-L03_005.tsv.bz2	1221948282
data/ChineseTrio/HG005_NA24631_son/CompleteGenomics_normal_RMDNA/son_NA24631_GS000037265-ASM/MAP/GS78794-FS3-L03/reads_GS78794-FS3-L03_006.tsv.bz2	1228162000
data/ChineseTrio/HG005_NA24631_son/CompleteGenomics_normal_RMDNA/son_NA24631_GS000037265-ASM/MAP/GS78794-FS3-L03/reads_GS78794-FS3-L03_007.tsv.bz2	1227105604
data/ChineseTrio/HG005_NA24631_son/CompleteGenomics_normal_RMDNA/son_NA24631_GS000037265-ASM/MAP/GS78794-FS3-L03/reads_GS78794-FS3-L03_008.tsv.bz2	1233750892
data/ChineseTrio/HG005_NA24631_son/CompleteGenomics_normal_RMDNA/son_NA24631_GS000037265-ASM/MAP/GS78794-FS3-L03/reads_GS78794-FS3-L03_009.tsv.bz2	1237630894
data/ChineseTrio/HG005_NA24631_son/CompleteGenomics_normal_RMDNA/son_NA24631_GS000037265-ASM/MAP/GS78794-FS3-L03/reads_GS78794-FS3-L03_010.tsv.bz2	1233083171
data/ChineseTrio/HG005_NA24631_son/CompleteGenomics_normal_RMDNA/son_NA24631_GS000037265-ASM/MAP/GS78794-FS3-L03/reads_GS78794-FS3-L03_011.tsv.bz2	1246917804
data/ChineseTrio/HG005_NA24631_son/CompleteGenomics_normal_RMDNA/son_NA24631_GS000037265-ASM/MAP/GS78794-FS3-L03/reads_GS78794-FS3-L03_012.tsv.bz2	1220452418
data/ChineseTrio/HG005_NA24631_son/CompleteGenomics_normal_RMDNA/son_NA24631_GS000037265-ASM/MAP/GS78794-FS3-L03/reads_GS78794-FS3-L03_013.tsv.bz2	1220496922
data/ChineseTrio/HG005_NA24631_son/CompleteGenomics_normal_RMDNA/son_NA24631_GS000037265-ASM/MAP/GS78794-FS3-L03/reads_GS78794-FS3-L03_014.tsv.bz2	1225052260
data/ChineseTrio/HG005_NA24631_son/CompleteGenomics_normal_RMDNA/son_NA24631_GS000037265-ASM/MAP/GS78794-FS3-L03/reads_GS78794-FS3-L03_015.tsv.bz2	1225313585
data/ChineseTrio/HG005_NA24631_son/CompleteGenomics_normal_RMDNA/son_NA24631_GS000037265-ASM/MAP/GS78794-FS3-L03/reads_GS78794-FS3-L03_016.tsv.bz2	1222653700
data/ChineseTrio/HG005_NA24631_son/CompleteGenomics_normal_RMDNA/son_NA24631_GS000037265-ASM/MAP/GS78794-FS3-L03/reads_GS78794-FS3-L03_017.tsv.bz2	46772602
data/ChineseTrio/HG005_NA24631_son/CompleteGenomics_normal_RMDNA/son_NA24631_GS000037265-ASM/MAP/GS78794-FS3-L04/mapping_GS78794-FS3-L04_001.tsv.bz2	543340732
data/ChineseTrio/HG005_NA24631_son/CompleteGenomics_normal_RMDNA/son_NA24631_GS000037265-ASM/MAP/GS78794-FS3-L04/mapping_GS78794-FS3-L04_002.tsv.bz2	558789550
data/ChineseTrio/HG005_NA24631_son/CompleteGenomics_normal_RMDNA/son_NA24631_GS000037265-ASM/MAP/GS78794-FS3-L04/mapping_GS78794-FS3-L04_003.tsv.bz2	562110069
data/ChineseTrio/HG005_NA24631_son/CompleteGenomics_normal_RMDNA/son_NA24631_GS000037265-ASM/MAP/GS78794-FS3-L04/mapping_GS78794-FS3-L04_004.tsv.bz2	561604042
data/ChineseTrio/HG005_NA24631_son/CompleteGenomics_normal_RMDNA/son_NA24631_GS000037265-ASM/MAP/GS78794-FS3-L04/mapping_GS78794-FS3-L04_005.tsv.bz2	561707053
data/ChineseTrio/HG005_NA24631_son/CompleteGenomics_normal_RMDNA/son_NA24631_GS000037265-ASM/MAP/GS78794-FS3-L04/mapping_GS78794-FS3-L04_006.tsv.bz2	563685574
data/ChineseTrio/HG005_NA24631_son/CompleteGenomics_normal_RMDNA/son_NA24631_GS000037265-ASM/MAP/GS78794-FS3-L04/mapping_GS78794-FS3-L04_007.tsv.bz2	562784146
data/ChineseTrio/HG005_NA24631_son/CompleteGenomics_normal_RMDNA/son_NA24631_GS000037265-ASM/MAP/GS78794-FS3-L04/mapping_GS78794-FS3-L04_008.tsv.bz2	562434989
data/ChineseTrio/HG005_NA24631_son/CompleteGenomics_normal_RMDNA/son_NA24631_GS000037265-ASM/MAP/GS78794-FS3-L04/mapping_GS78794-FS3-L04_009.tsv.bz2	563018403
data/ChineseTrio/HG005_NA24631_son/CompleteGenomics_normal_RMDNA/son_NA24631_GS000037265-ASM/MAP/GS78794-FS3-L04/mapping_GS78794-FS3-L04_010.tsv.bz2	560708369
data/ChineseTrio/HG005_NA24631_son/CompleteGenomics_normal_RMDNA/son_NA24631_GS000037265-ASM/MAP/GS78794-FS3-L04/mapping_GS78794-FS3-L04_011.tsv.bz2	563048407
data/ChineseTrio/HG005_NA24631_son/CompleteGenomics_normal_RMDNA/son_NA24631_GS000037265-ASM/MAP/GS78794-FS3-L04/mapping_GS78794-FS3-L04_012.tsv.bz2	561761515
data/ChineseTrio/HG005_NA24631_son/CompleteGenomics_normal_RMDNA/son_NA24631_GS000037265-ASM/MAP/GS78794-FS3-L04/mapping_GS78794-FS3-L04_013.tsv.bz2	563360752
data/ChineseTrio/HG005_NA24631_son/CompleteGenomics_normal_RMDNA/son_NA24631_GS000037265-ASM/MAP/GS78794-FS3-L04/mapping_GS78794-FS3-L04_014.tsv.bz2	562300706
data/ChineseTrio/HG005_NA24631_son/CompleteGenomics_normal_RMDNA/son_NA24631_GS000037265-ASM/MAP/GS78794-FS3-L04/mapping_GS78794-FS3-L04_015.tsv.bz2	558868943
data/ChineseTrio/HG005_NA24631_son/CompleteGenomics_normal_RMDNA/son_NA24631_GS000037265-ASM/MAP/GS78794-FS3-L04/mapping_GS78794-FS3-L04_016.tsv.bz2	563185034
data/ChineseTrio/HG005_NA24631_son/CompleteGenomics_normal_RMDNA/son_NA24631_GS000037265-ASM/MAP/GS78794-FS3-L04/mapping_GS78794-FS3-L04_017.tsv.bz2	23570559
data/ChineseTrio/HG005_NA24631_son/CompleteGenomics_normal_RMDNA/son_NA24631_GS000037265-ASM/MAP/GS78794-FS3-L04/reads_GS78794-FS3-L04_001.tsv.bz2	1192957230
data/ChineseTrio/HG005_NA24631_son/CompleteGenomics_normal_RMDNA/son_NA24631_GS000037265-ASM/MAP/GS78794-FS3-L04/reads_GS78794-FS3-L04_002.tsv.bz2	1254822300
data/ChineseTrio/HG005_NA24631_son/CompleteGenomics_normal_RMDNA/son_NA24631_GS000037265-ASM/MAP/GS78794-FS3-L04/reads_GS78794-FS3-L04_003.tsv.bz2	1243125553
data/ChineseTrio/HG005_NA24631_son/CompleteGenomics_normal_RMDNA/son_NA24631_GS000037265-ASM/MAP/GS78794-FS3-L04/reads_GS78794-FS3-L04_004.tsv.bz2	1238551243
data/ChineseTrio/HG005_NA24631_son/CompleteGenomics_normal_RMDNA/son_NA24631_GS000037265-ASM/MAP/GS78794-FS3-L04/reads_GS78794-FS3-L04_005.tsv.bz2	1235137052
data/ChineseTrio/HG005_NA24631_son/CompleteGenomics_normal_RMDNA/son_NA24631_GS000037265-ASM/MAP/GS78794-FS3-L04/reads_GS78794-FS3-L04_006.tsv.bz2	1231505598
data/ChineseTrio/HG005_NA24631_son/CompleteGenomics_normal_RMDNA/son_NA24631_GS000037265-ASM/MAP/GS78794-FS3-L04/reads_GS78794-FS3-L04_007.tsv.bz2	1233871588
data/ChineseTrio/HG005_NA24631_son/CompleteGenomics_normal_RMDNA/son_NA24631_GS000037265-ASM/MAP/GS78794-FS3-L04/reads_GS78794-FS3-L04_008.tsv.bz2	1234055816
data/ChineseTrio/HG005_NA24631_son/CompleteGenomics_normal_RMDNA/son_NA24631_GS000037265-ASM/MAP/GS78794-FS3-L04/reads_GS78794-FS3-L04_009.tsv.bz2	1230312085
data/ChineseTrio/HG005_NA24631_son/CompleteGenomics_normal_RMDNA/son_NA24631_GS000037265-ASM/MAP/GS78794-FS3-L04/reads_GS78794-FS3-L04_010.tsv.bz2	1241696925
data/ChineseTrio/HG005_NA24631_son/CompleteGenomics_normal_RMDNA/son_NA24631_GS000037265-ASM/MAP/GS78794-FS3-L04/reads_GS78794-FS3-L04_011.tsv.bz2	1229615111
data/ChineseTrio/HG005_NA24631_son/CompleteGenomics_normal_RMDNA/son_NA24631_GS000037265-ASM/MAP/GS78794-FS3-L04/reads_GS78794-FS3-L04_012.tsv.bz2	1235736301
data/ChineseTrio/HG005_NA24631_son/CompleteGenomics_normal_RMDNA/son_NA24631_GS000037265-ASM/MAP/GS78794-FS3-L04/reads_GS78794-FS3-L04_013.tsv.bz2	1230772025
data/ChineseTrio/HG005_NA24631_son/CompleteGenomics_normal_RMDNA/son_NA24631_GS000037265-ASM/MAP/GS78794-FS3-L04/reads_GS78794-FS3-L04_014.tsv.bz2	1237374477
data/ChineseTrio/HG005_NA24631_son/CompleteGenomics_normal_RMDNA/son_NA24631_GS000037265-ASM/MAP/GS78794-FS3-L04/reads_GS78794-FS3-L04_015.tsv.bz2	1236269827
data/ChineseTrio/HG005_NA24631_son/CompleteGenomics_normal_RMDNA/son_NA24631_GS000037265-ASM/MAP/GS78794-FS3-L04/reads_GS78794-FS3-L04_016.tsv.bz2	1229913361
data/ChineseTrio/HG005_NA24631_son/CompleteGenomics_normal_RMDNA/son_NA24631_GS000037265-ASM/MAP/GS78794-FS3-L04/reads_GS78794-FS3-L04_017.tsv.bz2	51911315
data/ChineseTrio/HG005_NA24631_son/CompleteGenomics_normal_RMDNA/son_NA24631_GS000037265-ASM/MAP/GS78794-FS3-L05/mapping_GS78794-FS3-L05_001.tsv.bz2	541599225
data/ChineseTrio/HG005_NA24631_son/CompleteGenomics_normal_RMDNA/son_NA24631_GS000037265-ASM/MAP/GS78794-FS3-L05/mapping_GS78794-FS3-L05_002.tsv.bz2	561110595
data/ChineseTrio/HG005_NA24631_son/CompleteGenomics_normal_RMDNA/son_NA24631_GS000037265-ASM/MAP/GS78794-FS3-L05/mapping_GS78794-FS3-L05_003.tsv.bz2	561951688
data/ChineseTrio/HG005_NA24631_son/CompleteGenomics_normal_RMDNA/son_NA24631_GS000037265-ASM/MAP/GS78794-FS3-L05/mapping_GS78794-FS3-L05_004.tsv.bz2	562824237
data/ChineseTrio/HG005_NA24631_son/CompleteGenomics_normal_RMDNA/son_NA24631_GS000037265-ASM/MAP/GS78794-FS3-L05/mapping_GS78794-FS3-L05_005.tsv.bz2	563989325
data/ChineseTrio/HG005_NA24631_son/CompleteGenomics_normal_RMDNA/son_NA24631_GS000037265-ASM/MAP/GS78794-FS3-L05/mapping_GS78794-FS3-L05_006.tsv.bz2	557366282
data/ChineseTrio/HG005_NA24631_son/CompleteGenomics_normal_RMDNA/son_NA24631_GS000037265-ASM/MAP/GS78794-FS3-L05/mapping_GS78794-FS3-L05_007.tsv.bz2	548440433
data/ChineseTrio/HG005_NA24631_son/CompleteGenomics_normal_RMDNA/son_NA24631_GS000037265-ASM/MAP/GS78794-FS3-L05/mapping_GS78794-FS3-L05_008.tsv.bz2	550002331
data/ChineseTrio/HG005_NA24631_son/CompleteGenomics_normal_RMDNA/son_NA24631_GS000037265-ASM/MAP/GS78794-FS3-L05/mapping_GS78794-FS3-L05_009.tsv.bz2	559211152
data/ChineseTrio/HG005_NA24631_son/CompleteGenomics_normal_RMDNA/son_NA24631_GS000037265-ASM/MAP/GS78794-FS3-L05/mapping_GS78794-FS3-L05_010.tsv.bz2	529055210
data/ChineseTrio/HG005_NA24631_son/CompleteGenomics_normal_RMDNA/son_NA24631_GS000037265-ASM/MAP/GS78794-FS3-L05/mapping_GS78794-FS3-L05_011.tsv.bz2	560136608
data/ChineseTrio/HG005_NA24631_son/CompleteGenomics_normal_RMDNA/son_NA24631_GS000037265-ASM/MAP/GS78794-FS3-L05/mapping_GS78794-FS3-L05_012.tsv.bz2	547857837
data/ChineseTrio/HG005_NA24631_son/CompleteGenomics_normal_RMDNA/son_NA24631_GS000037265-ASM/MAP/GS78794-FS3-L05/mapping_GS78794-FS3-L05_013.tsv.bz2	561460930
data/ChineseTrio/HG005_NA24631_son/CompleteGenomics_normal_RMDNA/son_NA24631_GS000037265-ASM/MAP/GS78794-FS3-L05/mapping_GS78794-FS3-L05_014.tsv.bz2	559227769
data/ChineseTrio/HG005_NA24631_son/CompleteGenomics_normal_RMDNA/son_NA24631_GS000037265-ASM/MAP/GS78794-FS3-L05/mapping_GS78794-FS3-L05_015.tsv.bz2	556042099
data/ChineseTrio/HG005_NA24631_son/CompleteGenomics_normal_RMDNA/son_NA24631_GS000037265-ASM/MAP/GS78794-FS3-L05/mapping_GS78794-FS3-L05_016.tsv.bz2	562208329
data/ChineseTrio/HG005_NA24631_son/CompleteGenomics_normal_RMDNA/son_NA24631_GS000037265-ASM/MAP/GS78794-FS3-L05/mapping_GS78794-FS3-L05_017.tsv.bz2	941948
data/ChineseTrio/HG005_NA24631_son/CompleteGenomics_normal_RMDNA/son_NA24631_GS000037265-ASM/MAP/GS78794-FS3-L05/reads_GS78794-FS3-L05_001.tsv.bz2	1187328891
data/ChineseTrio/HG005_NA24631_son/CompleteGenomics_normal_RMDNA/son_NA24631_GS000037265-ASM/MAP/GS78794-FS3-L05/reads_GS78794-FS3-L05_002.tsv.bz2	1244471748
data/ChineseTrio/HG005_NA24631_son/CompleteGenomics_normal_RMDNA/son_NA24631_GS000037265-ASM/MAP/GS78794-FS3-L05/reads_GS78794-FS3-L05_003.tsv.bz2	1240430478
data/ChineseTrio/HG005_NA24631_son/CompleteGenomics_normal_RMDNA/son_NA24631_GS000037265-ASM/MAP/GS78794-FS3-L05/reads_GS78794-FS3-L05_004.tsv.bz2	1232714933
data/ChineseTrio/HG005_NA24631_son/CompleteGenomics_normal_RMDNA/son_NA24631_GS000037265-ASM/MAP/GS78794-FS3-L05/reads_GS78794-FS3-L05_005.tsv.bz2	1223232969
data/ChineseTrio/HG005_NA24631_son/CompleteGenomics_normal_RMDNA/son_NA24631_GS000037265-ASM/MAP/GS78794-FS3-L05/reads_GS78794-FS3-L05_006.tsv.bz2	1237533305
data/ChineseTrio/HG005_NA24631_son/CompleteGenomics_normal_RMDNA/son_NA24631_GS000037265-ASM/MAP/GS78794-FS3-L05/reads_GS78794-FS3-L05_007.tsv.bz2	1243992171
data/ChineseTrio/HG005_NA24631_son/CompleteGenomics_normal_RMDNA/son_NA24631_GS000037265-ASM/MAP/GS78794-FS3-L05/reads_GS78794-FS3-L05_008.tsv.bz2	1251820430
data/ChineseTrio/HG005_NA24631_son/CompleteGenomics_normal_RMDNA/son_NA24631_GS000037265-ASM/MAP/GS78794-FS3-L05/reads_GS78794-FS3-L05_009.tsv.bz2	1246397600
data/ChineseTrio/HG005_NA24631_son/CompleteGenomics_normal_RMDNA/son_NA24631_GS000037265-ASM/MAP/GS78794-FS3-L05/reads_GS78794-FS3-L05_010.tsv.bz2	1227674934
data/ChineseTrio/HG005_NA24631_son/CompleteGenomics_normal_RMDNA/son_NA24631_GS000037265-ASM/MAP/GS78794-FS3-L05/reads_GS78794-FS3-L05_011.tsv.bz2	1239911436
data/ChineseTrio/HG005_NA24631_son/CompleteGenomics_normal_RMDNA/son_NA24631_GS000037265-ASM/MAP/GS78794-FS3-L05/reads_GS78794-FS3-L05_012.tsv.bz2	1236331106
data/ChineseTrio/HG005_NA24631_son/CompleteGenomics_normal_RMDNA/son_NA24631_GS000037265-ASM/MAP/GS78794-FS3-L05/reads_GS78794-FS3-L05_013.tsv.bz2	1232525839
data/ChineseTrio/HG005_NA24631_son/CompleteGenomics_normal_RMDNA/son_NA24631_GS000037265-ASM/MAP/GS78794-FS3-L05/reads_GS78794-FS3-L05_014.tsv.bz2	1242704026
data/ChineseTrio/HG005_NA24631_son/CompleteGenomics_normal_RMDNA/son_NA24631_GS000037265-ASM/MAP/GS78794-FS3-L05/reads_GS78794-FS3-L05_015.tsv.bz2	1241082842
data/ChineseTrio/HG005_NA24631_son/CompleteGenomics_normal_RMDNA/son_NA24631_GS000037265-ASM/MAP/GS78794-FS3-L05/reads_GS78794-FS3-L05_016.tsv.bz2	1229736556
data/ChineseTrio/HG005_NA24631_son/CompleteGenomics_normal_RMDNA/son_NA24631_GS000037265-ASM/MAP/GS78794-FS3-L05/reads_GS78794-FS3-L05_017.tsv.bz2	2501922
data/ChineseTrio/HG005_NA24631_son/CompleteGenomics_normal_RMDNA/son_NA24631_GS000037265-ASM/MAP/GS78794-FS3-L06/mapping_GS78794-FS3-L06_001.tsv.bz2	543278603
data/ChineseTrio/HG005_NA24631_son/CompleteGenomics_normal_RMDNA/son_NA24631_GS000037265-ASM/MAP/GS78794-FS3-L06/mapping_GS78794-FS3-L06_002.tsv.bz2	561151688
data/ChineseTrio/HG005_NA24631_son/CompleteGenomics_normal_RMDNA/son_NA24631_GS000037265-ASM/MAP/GS78794-FS3-L06/mapping_GS78794-FS3-L06_003.tsv.bz2	563075063
data/ChineseTrio/HG005_NA24631_son/CompleteGenomics_normal_RMDNA/son_NA24631_GS000037265-ASM/MAP/GS78794-FS3-L06/mapping_GS78794-FS3-L06_004.tsv.bz2	562695558
data/ChineseTrio/HG005_NA24631_son/CompleteGenomics_normal_RMDNA/son_NA24631_GS000037265-ASM/MAP/GS78794-FS3-L06/mapping_GS78794-FS3-L06_005.tsv.bz2	564086963
data/ChineseTrio/HG005_NA24631_son/CompleteGenomics_normal_RMDNA/son_NA24631_GS000037265-ASM/MAP/GS78794-FS3-L06/mapping_GS78794-FS3-L06_006.tsv.bz2	564524268
data/ChineseTrio/HG005_NA24631_son/CompleteGenomics_normal_RMDNA/son_NA24631_GS000037265-ASM/MAP/GS78794-FS3-L06/mapping_GS78794-FS3-L06_007.tsv.bz2	544040268
data/ChineseTrio/HG005_NA24631_son/CompleteGenomics_normal_RMDNA/son_NA24631_GS000037265-ASM/MAP/GS78794-FS3-L06/mapping_GS78794-FS3-L06_008.tsv.bz2	552008969
data/ChineseTrio/HG005_NA24631_son/CompleteGenomics_normal_RMDNA/son_NA24631_GS000037265-ASM/MAP/GS78794-FS3-L06/mapping_GS78794-FS3-L06_009.tsv.bz2	563043213
data/ChineseTrio/HG005_NA24631_son/CompleteGenomics_normal_RMDNA/son_NA24631_GS000037265-ASM/MAP/GS78794-FS3-L06/mapping_GS78794-FS3-L06_010.tsv.bz2	562505126
data/ChineseTrio/HG005_NA24631_son/CompleteGenomics_normal_RMDNA/son_NA24631_GS000037265-ASM/MAP/GS78794-FS3-L06/mapping_GS78794-FS3-L06_011.tsv.bz2	563633147
data/ChineseTrio/HG005_NA24631_son/CompleteGenomics_normal_RMDNA/son_NA24631_GS000037265-ASM/MAP/GS78794-FS3-L06/mapping_GS78794-FS3-L06_012.tsv.bz2	563350446
data/ChineseTrio/HG005_NA24631_son/CompleteGenomics_normal_RMDNA/son_NA24631_GS000037265-ASM/MAP/GS78794-FS3-L06/mapping_GS78794-FS3-L06_013.tsv.bz2	563533271
data/ChineseTrio/HG005_NA24631_son/CompleteGenomics_normal_RMDNA/son_NA24631_GS000037265-ASM/MAP/GS78794-FS3-L06/mapping_GS78794-FS3-L06_014.tsv.bz2	562460161
data/ChineseTrio/HG005_NA24631_son/CompleteGenomics_normal_RMDNA/son_NA24631_GS000037265-ASM/MAP/GS78794-FS3-L06/mapping_GS78794-FS3-L06_015.tsv.bz2	558335455
data/ChineseTrio/HG005_NA24631_son/CompleteGenomics_normal_RMDNA/son_NA24631_GS000037265-ASM/MAP/GS78794-FS3-L06/mapping_GS78794-FS3-L06_016.tsv.bz2	549326896
data/ChineseTrio/HG005_NA24631_son/CompleteGenomics_normal_RMDNA/son_NA24631_GS000037265-ASM/MAP/GS78794-FS3-L06/reads_GS78794-FS3-L06_001.tsv.bz2	1196805236
data/ChineseTrio/HG005_NA24631_son/CompleteGenomics_normal_RMDNA/son_NA24631_GS000037265-ASM/MAP/GS78794-FS3-L06/reads_GS78794-FS3-L06_002.tsv.bz2	1243891157
data/ChineseTrio/HG005_NA24631_son/CompleteGenomics_normal_RMDNA/son_NA24631_GS000037265-ASM/MAP/GS78794-FS3-L06/reads_GS78794-FS3-L06_003.tsv.bz2	1234952769
data/ChineseTrio/HG005_NA24631_son/CompleteGenomics_normal_RMDNA/son_NA24631_GS000037265-ASM/MAP/GS78794-FS3-L06/reads_GS78794-FS3-L06_004.tsv.bz2	1235507193
data/ChineseTrio/HG005_NA24631_son/CompleteGenomics_normal_RMDNA/son_NA24631_GS000037265-ASM/MAP/GS78794-FS3-L06/reads_GS78794-FS3-L06_005.tsv.bz2	1222478600
data/ChineseTrio/HG005_NA24631_son/CompleteGenomics_normal_RMDNA/son_NA24631_GS000037265-ASM/MAP/GS78794-FS3-L06/reads_GS78794-FS3-L06_006.tsv.bz2	1222094326
data/ChineseTrio/HG005_NA24631_son/CompleteGenomics_normal_RMDNA/son_NA24631_GS000037265-ASM/MAP/GS78794-FS3-L06/reads_GS78794-FS3-L06_007.tsv.bz2	1187684747
data/ChineseTrio/HG005_NA24631_son/CompleteGenomics_normal_RMDNA/son_NA24631_GS000037265-ASM/MAP/GS78794-FS3-L06/reads_GS78794-FS3-L06_008.tsv.bz2	1237748676
data/ChineseTrio/HG005_NA24631_son/CompleteGenomics_normal_RMDNA/son_NA24631_GS000037265-ASM/MAP/GS78794-FS3-L06/reads_GS78794-FS3-L06_009.tsv.bz2	1227122695
data/ChineseTrio/HG005_NA24631_son/CompleteGenomics_normal_RMDNA/son_NA24631_GS000037265-ASM/MAP/GS78794-FS3-L06/reads_GS78794-FS3-L06_010.tsv.bz2	1232457424
data/ChineseTrio/HG005_NA24631_son/CompleteGenomics_normal_RMDNA/son_NA24631_GS000037265-ASM/MAP/GS78794-FS3-L06/reads_GS78794-FS3-L06_011.tsv.bz2	1229537282
data/ChineseTrio/HG005_NA24631_son/CompleteGenomics_normal_RMDNA/son_NA24631_GS000037265-ASM/MAP/GS78794-FS3-L06/reads_GS78794-FS3-L06_012.tsv.bz2	1229081866
data/ChineseTrio/HG005_NA24631_son/CompleteGenomics_normal_RMDNA/son_NA24631_GS000037265-ASM/MAP/GS78794-FS3-L06/reads_GS78794-FS3-L06_013.tsv.bz2	1228650913
data/ChineseTrio/HG005_NA24631_son/CompleteGenomics_normal_RMDNA/son_NA24631_GS000037265-ASM/MAP/GS78794-FS3-L06/reads_GS78794-FS3-L06_014.tsv.bz2	1233769289
data/ChineseTrio/HG005_NA24631_son/CompleteGenomics_normal_RMDNA/son_NA24631_GS000037265-ASM/MAP/GS78794-FS3-L06/reads_GS78794-FS3-L06_015.tsv.bz2	1233516074
data/ChineseTrio/HG005_NA24631_son/CompleteGenomics_normal_RMDNA/son_NA24631_GS000037265-ASM/MAP/GS78794-FS3-L06/reads_GS78794-FS3-L06_016.tsv.bz2	1195022265
data/ChineseTrio/HG005_NA24631_son/CompleteGenomics_normal_RMDNA/son_NA24631_GS000037265-ASM/MAP/GS78794-FS3-L07/mapping_GS78794-FS3-L07_001.tsv.bz2	548360233
data/ChineseTrio/HG005_NA24631_son/CompleteGenomics_normal_RMDNA/son_NA24631_GS000037265-ASM/MAP/GS78794-FS3-L07/mapping_GS78794-FS3-L07_002.tsv.bz2	561064528
data/ChineseTrio/HG005_NA24631_son/CompleteGenomics_normal_RMDNA/son_NA24631_GS000037265-ASM/MAP/GS78794-FS3-L07/mapping_GS78794-FS3-L07_003.tsv.bz2	564292370
data/ChineseTrio/HG005_NA24631_son/CompleteGenomics_normal_RMDNA/son_NA24631_GS000037265-ASM/MAP/GS78794-FS3-L07/mapping_GS78794-FS3-L07_004.tsv.bz2	565080911
data/ChineseTrio/HG005_NA24631_son/CompleteGenomics_normal_RMDNA/son_NA24631_GS000037265-ASM/MAP/GS78794-FS3-L07/mapping_GS78794-FS3-L07_005.tsv.bz2	566888367
data/ChineseTrio/HG005_NA24631_son/CompleteGenomics_normal_RMDNA/son_NA24631_GS000037265-ASM/MAP/GS78794-FS3-L07/mapping_GS78794-FS3-L07_006.tsv.bz2	563572175
data/ChineseTrio/HG005_NA24631_son/CompleteGenomics_normal_RMDNA/son_NA24631_GS000037265-ASM/MAP/GS78794-FS3-L07/mapping_GS78794-FS3-L07_007.tsv.bz2	524128813
data/ChineseTrio/HG005_NA24631_son/CompleteGenomics_normal_RMDNA/son_NA24631_GS000037265-ASM/MAP/GS78794-FS3-L07/mapping_GS78794-FS3-L07_008.tsv.bz2	555376730
data/ChineseTrio/HG005_NA24631_son/CompleteGenomics_normal_RMDNA/son_NA24631_GS000037265-ASM/MAP/GS78794-FS3-L07/mapping_GS78794-FS3-L07_009.tsv.bz2	544964305
data/ChineseTrio/HG005_NA24631_son/CompleteGenomics_normal_RMDNA/son_NA24631_GS000037265-ASM/MAP/GS78794-FS3-L07/mapping_GS78794-FS3-L07_010.tsv.bz2	563478935
data/ChineseTrio/HG005_NA24631_son/CompleteGenomics_normal_RMDNA/son_NA24631_GS000037265-ASM/MAP/GS78794-FS3-L07/mapping_GS78794-FS3-L07_011.tsv.bz2	561648463
data/ChineseTrio/HG005_NA24631_son/CompleteGenomics_normal_RMDNA/son_NA24631_GS000037265-ASM/MAP/GS78794-FS3-L07/mapping_GS78794-FS3-L07_012.tsv.bz2	564955428
data/ChineseTrio/HG005_NA24631_son/CompleteGenomics_normal_RMDNA/son_NA24631_GS000037265-ASM/MAP/GS78794-FS3-L07/mapping_GS78794-FS3-L07_013.tsv.bz2	562707032
data/ChineseTrio/HG005_NA24631_son/CompleteGenomics_normal_RMDNA/son_NA24631_GS000037265-ASM/MAP/GS78794-FS3-L07/mapping_GS78794-FS3-L07_014.tsv.bz2	562323468
data/ChineseTrio/HG005_NA24631_son/CompleteGenomics_normal_RMDNA/son_NA24631_GS000037265-ASM/MAP/GS78794-FS3-L07/mapping_GS78794-FS3-L07_015.tsv.bz2	555534967
data/ChineseTrio/HG005_NA24631_son/CompleteGenomics_normal_RMDNA/son_NA24631_GS000037265-ASM/MAP/GS78794-FS3-L07/mapping_GS78794-FS3-L07_016.tsv.bz2	535288286
data/ChineseTrio/HG005_NA24631_son/CompleteGenomics_normal_RMDNA/son_NA24631_GS000037265-ASM/MAP/GS78794-FS3-L07/reads_GS78794-FS3-L07_001.tsv.bz2	1218106710
data/ChineseTrio/HG005_NA24631_son/CompleteGenomics_normal_RMDNA/son_NA24631_GS000037265-ASM/MAP/GS78794-FS3-L07/reads_GS78794-FS3-L07_002.tsv.bz2	1236112613
data/ChineseTrio/HG005_NA24631_son/CompleteGenomics_normal_RMDNA/son_NA24631_GS000037265-ASM/MAP/GS78794-FS3-L07/reads_GS78794-FS3-L07_003.tsv.bz2	1223766719
data/ChineseTrio/HG005_NA24631_son/CompleteGenomics_normal_RMDNA/son_NA24631_GS000037265-ASM/MAP/GS78794-FS3-L07/reads_GS78794-FS3-L07_004.tsv.bz2	1214714571
data/ChineseTrio/HG005_NA24631_son/CompleteGenomics_normal_RMDNA/son_NA24631_GS000037265-ASM/MAP/GS78794-FS3-L07/reads_GS78794-FS3-L07_005.tsv.bz2	1204129386
data/ChineseTrio/HG005_NA24631_son/CompleteGenomics_normal_RMDNA/son_NA24631_GS000037265-ASM/MAP/GS78794-FS3-L07/reads_GS78794-FS3-L07_006.tsv.bz2	1217699841
data/ChineseTrio/HG005_NA24631_son/CompleteGenomics_normal_RMDNA/son_NA24631_GS000037265-ASM/MAP/GS78794-FS3-L07/reads_GS78794-FS3-L07_007.tsv.bz2	1146514668
data/ChineseTrio/HG005_NA24631_son/CompleteGenomics_normal_RMDNA/son_NA24631_GS000037265-ASM/MAP/GS78794-FS3-L07/reads_GS78794-FS3-L07_008.tsv.bz2	1223029774
data/ChineseTrio/HG005_NA24631_son/CompleteGenomics_normal_RMDNA/son_NA24631_GS000037265-ASM/MAP/GS78794-FS3-L07/reads_GS78794-FS3-L07_009.tsv.bz2	1215910390
data/ChineseTrio/HG005_NA24631_son/CompleteGenomics_normal_RMDNA/son_NA24631_GS000037265-ASM/MAP/GS78794-FS3-L07/reads_GS78794-FS3-L07_010.tsv.bz2	1218987873
data/ChineseTrio/HG005_NA24631_son/CompleteGenomics_normal_RMDNA/son_NA24631_GS000037265-ASM/MAP/GS78794-FS3-L07/reads_GS78794-FS3-L07_011.tsv.bz2	1226703804
data/ChineseTrio/HG005_NA24631_son/CompleteGenomics_normal_RMDNA/son_NA24631_GS000037265-ASM/MAP/GS78794-FS3-L07/reads_GS78794-FS3-L07_012.tsv.bz2	1213897459
data/ChineseTrio/HG005_NA24631_son/CompleteGenomics_normal_RMDNA/son_NA24631_GS000037265-ASM/MAP/GS78794-FS3-L07/reads_GS78794-FS3-L07_013.tsv.bz2	1222198695
data/ChineseTrio/HG005_NA24631_son/CompleteGenomics_normal_RMDNA/son_NA24631_GS000037265-ASM/MAP/GS78794-FS3-L07/reads_GS78794-FS3-L07_014.tsv.bz2	1225019061
data/ChineseTrio/HG005_NA24631_son/CompleteGenomics_normal_RMDNA/son_NA24631_GS000037265-ASM/MAP/GS78794-FS3-L07/reads_GS78794-FS3-L07_015.tsv.bz2	1230073092
data/ChineseTrio/HG005_NA24631_son/CompleteGenomics_normal_RMDNA/son_NA24631_GS000037265-ASM/MAP/GS78794-FS3-L07/reads_GS78794-FS3-L07_016.tsv.bz2	1158991652
data/ChineseTrio/HG005_NA24631_son/CompleteGenomics_normal_RMDNA/son_NA24631_GS000037265-ASM/MAP/GS78794-FS3-L08/mapping_GS78794-FS3-L08_001.tsv.bz2	554646981
data/ChineseTrio/HG005_NA24631_son/CompleteGenomics_normal_RMDNA/son_NA24631_GS000037265-ASM/MAP/GS78794-FS3-L08/mapping_GS78794-FS3-L08_002.tsv.bz2	561489371
data/ChineseTrio/HG005_NA24631_son/CompleteGenomics_normal_RMDNA/son_NA24631_GS000037265-ASM/MAP/GS78794-FS3-L08/mapping_GS78794-FS3-L08_003.tsv.bz2	562591109
data/ChineseTrio/HG005_NA24631_son/CompleteGenomics_normal_RMDNA/son_NA24631_GS000037265-ASM/MAP/GS78794-FS3-L08/mapping_GS78794-FS3-L08_004.tsv.bz2	563406354
data/ChineseTrio/HG005_NA24631_son/CompleteGenomics_normal_RMDNA/son_NA24631_GS000037265-ASM/MAP/GS78794-FS3-L08/mapping_GS78794-FS3-L08_005.tsv.bz2	562079736
data/ChineseTrio/HG005_NA24631_son/CompleteGenomics_normal_RMDNA/son_NA24631_GS000037265-ASM/MAP/GS78794-FS3-L08/mapping_GS78794-FS3-L08_006.tsv.bz2	564718158
data/ChineseTrio/HG005_NA24631_son/CompleteGenomics_normal_RMDNA/son_NA24631_GS000037265-ASM/MAP/GS78794-FS3-L08/mapping_GS78794-FS3-L08_007.tsv.bz2	563564022
data/ChineseTrio/HG005_NA24631_son/CompleteGenomics_normal_RMDNA/son_NA24631_GS000037265-ASM/MAP/GS78794-FS3-L08/mapping_GS78794-FS3-L08_008.tsv.bz2	560952233
data/ChineseTrio/HG005_NA24631_son/CompleteGenomics_normal_RMDNA/son_NA24631_GS000037265-ASM/MAP/GS78794-FS3-L08/mapping_GS78794-FS3-L08_009.tsv.bz2	563446261
data/ChineseTrio/HG005_NA24631_son/CompleteGenomics_normal_RMDNA/son_NA24631_GS000037265-ASM/MAP/GS78794-FS3-L08/mapping_GS78794-FS3-L08_010.tsv.bz2	548659315
data/ChineseTrio/HG005_NA24631_son/CompleteGenomics_normal_RMDNA/son_NA24631_GS000037265-ASM/MAP/GS78794-FS3-L08/mapping_GS78794-FS3-L08_011.tsv.bz2	564766643
data/ChineseTrio/HG005_NA24631_son/CompleteGenomics_normal_RMDNA/son_NA24631_GS000037265-ASM/MAP/GS78794-FS3-L08/mapping_GS78794-FS3-L08_012.tsv.bz2	563119972
data/ChineseTrio/HG005_NA24631_son/CompleteGenomics_normal_RMDNA/son_NA24631_GS000037265-ASM/MAP/GS78794-FS3-L08/mapping_GS78794-FS3-L08_013.tsv.bz2	563575127
data/ChineseTrio/HG005_NA24631_son/CompleteGenomics_normal_RMDNA/son_NA24631_GS000037265-ASM/MAP/GS78794-FS3-L08/mapping_GS78794-FS3-L08_014.tsv.bz2	563032371
data/ChineseTrio/HG005_NA24631_son/CompleteGenomics_normal_RMDNA/son_NA24631_GS000037265-ASM/MAP/GS78794-FS3-L08/mapping_GS78794-FS3-L08_015.tsv.bz2	552532102
data/ChineseTrio/HG005_NA24631_son/CompleteGenomics_normal_RMDNA/son_NA24631_GS000037265-ASM/MAP/GS78794-FS3-L08/mapping_GS78794-FS3-L08_016.tsv.bz2	544872573
data/ChineseTrio/HG005_NA24631_son/CompleteGenomics_normal_RMDNA/son_NA24631_GS000037265-ASM/MAP/GS78794-FS3-L08/reads_GS78794-FS3-L08_001.tsv.bz2	1227071904
data/ChineseTrio/HG005_NA24631_son/CompleteGenomics_normal_RMDNA/son_NA24631_GS000037265-ASM/MAP/GS78794-FS3-L08/reads_GS78794-FS3-L08_002.tsv.bz2	1239101088
data/ChineseTrio/HG005_NA24631_son/CompleteGenomics_normal_RMDNA/son_NA24631_GS000037265-ASM/MAP/GS78794-FS3-L08/reads_GS78794-FS3-L08_003.tsv.bz2	1235867501
data/ChineseTrio/HG005_NA24631_son/CompleteGenomics_normal_RMDNA/son_NA24631_GS000037265-ASM/MAP/GS78794-FS3-L08/reads_GS78794-FS3-L08_004.tsv.bz2	1229166904
data/ChineseTrio/HG005_NA24631_son/CompleteGenomics_normal_RMDNA/son_NA24631_GS000037265-ASM/MAP/GS78794-FS3-L08/reads_GS78794-FS3-L08_005.tsv.bz2	1229631761
data/ChineseTrio/HG005_NA24631_son/CompleteGenomics_normal_RMDNA/son_NA24631_GS000037265-ASM/MAP/GS78794-FS3-L08/reads_GS78794-FS3-L08_006.tsv.bz2	1224433794
data/ChineseTrio/HG005_NA24631_son/CompleteGenomics_normal_RMDNA/son_NA24631_GS000037265-ASM/MAP/GS78794-FS3-L08/reads_GS78794-FS3-L08_007.tsv.bz2	1228255943
data/ChineseTrio/HG005_NA24631_son/CompleteGenomics_normal_RMDNA/son_NA24631_GS000037265-ASM/MAP/GS78794-FS3-L08/reads_GS78794-FS3-L08_008.tsv.bz2	1227597948
data/ChineseTrio/HG005_NA24631_son/CompleteGenomics_normal_RMDNA/son_NA24631_GS000037265-ASM/MAP/GS78794-FS3-L08/reads_GS78794-FS3-L08_009.tsv.bz2	1229384122
data/ChineseTrio/HG005_NA24631_son/CompleteGenomics_normal_RMDNA/son_NA24631_GS000037265-ASM/MAP/GS78794-FS3-L08/reads_GS78794-FS3-L08_010.tsv.bz2	1248820432
data/ChineseTrio/HG005_NA24631_son/CompleteGenomics_normal_RMDNA/son_NA24631_GS000037265-ASM/MAP/GS78794-FS3-L08/reads_GS78794-FS3-L08_011.tsv.bz2	1224886639
data/ChineseTrio/HG005_NA24631_son/CompleteGenomics_normal_RMDNA/son_NA24631_GS000037265-ASM/MAP/GS78794-FS3-L08/reads_GS78794-FS3-L08_012.tsv.bz2	1232652956
data/ChineseTrio/HG005_NA24631_son/CompleteGenomics_normal_RMDNA/son_NA24631_GS000037265-ASM/MAP/GS78794-FS3-L08/reads_GS78794-FS3-L08_013.tsv.bz2	1228349457
data/ChineseTrio/HG005_NA24631_son/CompleteGenomics_normal_RMDNA/son_NA24631_GS000037265-ASM/MAP/GS78794-FS3-L08/reads_GS78794-FS3-L08_014.tsv.bz2	1233905038
data/ChineseTrio/HG005_NA24631_son/CompleteGenomics_normal_RMDNA/son_NA24631_GS000037265-ASM/MAP/GS78794-FS3-L08/reads_GS78794-FS3-L08_015.tsv.bz2	1240964923
data/ChineseTrio/HG005_NA24631_son/CompleteGenomics_normal_RMDNA/son_NA24631_GS000037265-ASM/MAP/GS78794-FS3-L08/reads_GS78794-FS3-L08_016.tsv.bz2	1186966068
data/ChineseTrio/HG005_NA24631_son/CompleteGenomics_normal_RMDNA/son_NA24631_GS000037265-ASM/MAP/GS78795-FS3-L01/mapping_GS78795-FS3-L01_001.tsv.bz2	519236560
data/ChineseTrio/HG005_NA24631_son/CompleteGenomics_normal_RMDNA/son_NA24631_GS000037265-ASM/MAP/GS78795-FS3-L01/mapping_GS78795-FS3-L01_002.tsv.bz2	553815341
data/ChineseTrio/HG005_NA24631_son/CompleteGenomics_normal_RMDNA/son_NA24631_GS000037265-ASM/MAP/GS78795-FS3-L01/mapping_GS78795-FS3-L01_003.tsv.bz2	563108371
data/ChineseTrio/HG005_NA24631_son/CompleteGenomics_normal_RMDNA/son_NA24631_GS000037265-ASM/MAP/GS78795-FS3-L01/mapping_GS78795-FS3-L01_004.tsv.bz2	563725890
data/ChineseTrio/HG005_NA24631_son/CompleteGenomics_normal_RMDNA/son_NA24631_GS000037265-ASM/MAP/GS78795-FS3-L01/mapping_GS78795-FS3-L01_005.tsv.bz2	563622511
data/ChineseTrio/HG005_NA24631_son/CompleteGenomics_normal_RMDNA/son_NA24631_GS000037265-ASM/MAP/GS78795-FS3-L01/mapping_GS78795-FS3-L01_006.tsv.bz2	562099246
data/ChineseTrio/HG005_NA24631_son/CompleteGenomics_normal_RMDNA/son_NA24631_GS000037265-ASM/MAP/GS78795-FS3-L01/mapping_GS78795-FS3-L01_007.tsv.bz2	561763497
data/ChineseTrio/HG005_NA24631_son/CompleteGenomics_normal_RMDNA/son_NA24631_GS000037265-ASM/MAP/GS78795-FS3-L01/mapping_GS78795-FS3-L01_008.tsv.bz2	561430318
data/ChineseTrio/HG005_NA24631_son/CompleteGenomics_normal_RMDNA/son_NA24631_GS000037265-ASM/MAP/GS78795-FS3-L01/mapping_GS78795-FS3-L01_009.tsv.bz2	561050174
data/ChineseTrio/HG005_NA24631_son/CompleteGenomics_normal_RMDNA/son_NA24631_GS000037265-ASM/MAP/GS78795-FS3-L01/mapping_GS78795-FS3-L01_010.tsv.bz2	561629051
data/ChineseTrio/HG005_NA24631_son/CompleteGenomics_normal_RMDNA/son_NA24631_GS000037265-ASM/MAP/GS78795-FS3-L01/mapping_GS78795-FS3-L01_011.tsv.bz2	562838337
data/ChineseTrio/HG005_NA24631_son/CompleteGenomics_normal_RMDNA/son_NA24631_GS000037265-ASM/MAP/GS78795-FS3-L01/mapping_GS78795-FS3-L01_012.tsv.bz2	562379482
data/ChineseTrio/HG005_NA24631_son/CompleteGenomics_normal_RMDNA/son_NA24631_GS000037265-ASM/MAP/GS78795-FS3-L01/mapping_GS78795-FS3-L01_013.tsv.bz2	562244040
data/ChineseTrio/HG005_NA24631_son/CompleteGenomics_normal_RMDNA/son_NA24631_GS000037265-ASM/MAP/GS78795-FS3-L01/mapping_GS78795-FS3-L01_014.tsv.bz2	560848091
data/ChineseTrio/HG005_NA24631_son/CompleteGenomics_normal_RMDNA/son_NA24631_GS000037265-ASM/MAP/GS78795-FS3-L01/mapping_GS78795-FS3-L01_015.tsv.bz2	557378778
data/ChineseTrio/HG005_NA24631_son/CompleteGenomics_normal_RMDNA/son_NA24631_GS000037265-ASM/MAP/GS78795-FS3-L01/mapping_GS78795-FS3-L01_016.tsv.bz2	563508172
data/ChineseTrio/HG005_NA24631_son/CompleteGenomics_normal_RMDNA/son_NA24631_GS000037265-ASM/MAP/GS78795-FS3-L01/mapping_GS78795-FS3-L01_017.tsv.bz2	142104936
data/ChineseTrio/HG005_NA24631_son/CompleteGenomics_normal_RMDNA/son_NA24631_GS000037265-ASM/MAP/GS78795-FS3-L01/reads_GS78795-FS3-L01_001.tsv.bz2	1188197843
data/ChineseTrio/HG005_NA24631_son/CompleteGenomics_normal_RMDNA/son_NA24631_GS000037265-ASM/MAP/GS78795-FS3-L01/reads_GS78795-FS3-L01_002.tsv.bz2	1242486167
data/ChineseTrio/HG005_NA24631_son/CompleteGenomics_normal_RMDNA/son_NA24631_GS000037265-ASM/MAP/GS78795-FS3-L01/reads_GS78795-FS3-L01_003.tsv.bz2	1236456782
data/ChineseTrio/HG005_NA24631_son/CompleteGenomics_normal_RMDNA/son_NA24631_GS000037265-ASM/MAP/GS78795-FS3-L01/reads_GS78795-FS3-L01_004.tsv.bz2	1230413848
data/ChineseTrio/HG005_NA24631_son/CompleteGenomics_normal_RMDNA/son_NA24631_GS000037265-ASM/MAP/GS78795-FS3-L01/reads_GS78795-FS3-L01_005.tsv.bz2	1229701410
data/ChineseTrio/HG005_NA24631_son/CompleteGenomics_normal_RMDNA/son_NA24631_GS000037265-ASM/MAP/GS78795-FS3-L01/reads_GS78795-FS3-L01_006.tsv.bz2	1235970886
data/ChineseTrio/HG005_NA24631_son/CompleteGenomics_normal_RMDNA/son_NA24631_GS000037265-ASM/MAP/GS78795-FS3-L01/reads_GS78795-FS3-L01_007.tsv.bz2	1238553878
data/ChineseTrio/HG005_NA24631_son/CompleteGenomics_normal_RMDNA/son_NA24631_GS000037265-ASM/MAP/GS78795-FS3-L01/reads_GS78795-FS3-L01_008.tsv.bz2	1239229462
data/ChineseTrio/HG005_NA24631_son/CompleteGenomics_normal_RMDNA/son_NA24631_GS000037265-ASM/MAP/GS78795-FS3-L01/reads_GS78795-FS3-L01_009.tsv.bz2	1243132261
data/ChineseTrio/HG005_NA24631_son/CompleteGenomics_normal_RMDNA/son_NA24631_GS000037265-ASM/MAP/GS78795-FS3-L01/reads_GS78795-FS3-L01_010.tsv.bz2	1235870067
data/ChineseTrio/HG005_NA24631_son/CompleteGenomics_normal_RMDNA/son_NA24631_GS000037265-ASM/MAP/GS78795-FS3-L01/reads_GS78795-FS3-L01_011.tsv.bz2	1231182681
data/ChineseTrio/HG005_NA24631_son/CompleteGenomics_normal_RMDNA/son_NA24631_GS000037265-ASM/MAP/GS78795-FS3-L01/reads_GS78795-FS3-L01_012.tsv.bz2	1238491016
data/ChineseTrio/HG005_NA24631_son/CompleteGenomics_normal_RMDNA/son_NA24631_GS000037265-ASM/MAP/GS78795-FS3-L01/reads_GS78795-FS3-L01_013.tsv.bz2	1240623437
data/ChineseTrio/HG005_NA24631_son/CompleteGenomics_normal_RMDNA/son_NA24631_GS000037265-ASM/MAP/GS78795-FS3-L01/reads_GS78795-FS3-L01_014.tsv.bz2	1243136228
data/ChineseTrio/HG005_NA24631_son/CompleteGenomics_normal_RMDNA/son_NA24631_GS000037265-ASM/MAP/GS78795-FS3-L01/reads_GS78795-FS3-L01_015.tsv.bz2	1237336017
data/ChineseTrio/HG005_NA24631_son/CompleteGenomics_normal_RMDNA/son_NA24631_GS000037265-ASM/MAP/GS78795-FS3-L01/reads_GS78795-FS3-L01_016.tsv.bz2	1225012009
data/ChineseTrio/HG005_NA24631_son/CompleteGenomics_normal_RMDNA/son_NA24631_GS000037265-ASM/MAP/GS78795-FS3-L01/reads_GS78795-FS3-L01_017.tsv.bz2	318487626
data/ChineseTrio/HG005_NA24631_son/CompleteGenomics_normal_RMDNA/son_NA24631_GS000037265-ASM/MAP/GS78795-FS3-L02/mapping_GS78795-FS3-L02_001.tsv.bz2	536800885
data/ChineseTrio/HG005_NA24631_son/CompleteGenomics_normal_RMDNA/son_NA24631_GS000037265-ASM/MAP/GS78795-FS3-L02/mapping_GS78795-FS3-L02_002.tsv.bz2	559759566
data/ChineseTrio/HG005_NA24631_son/CompleteGenomics_normal_RMDNA/son_NA24631_GS000037265-ASM/MAP/GS78795-FS3-L02/mapping_GS78795-FS3-L02_003.tsv.bz2	560759803
data/ChineseTrio/HG005_NA24631_son/CompleteGenomics_normal_RMDNA/son_NA24631_GS000037265-ASM/MAP/GS78795-FS3-L02/mapping_GS78795-FS3-L02_004.tsv.bz2	561658441
data/ChineseTrio/HG005_NA24631_son/CompleteGenomics_normal_RMDNA/son_NA24631_GS000037265-ASM/MAP/GS78795-FS3-L02/mapping_GS78795-FS3-L02_005.tsv.bz2	561825686
data/ChineseTrio/HG005_NA24631_son/CompleteGenomics_normal_RMDNA/son_NA24631_GS000037265-ASM/MAP/GS78795-FS3-L02/mapping_GS78795-FS3-L02_006.tsv.bz2	562436551
data/ChineseTrio/HG005_NA24631_son/CompleteGenomics_normal_RMDNA/son_NA24631_GS000037265-ASM/MAP/GS78795-FS3-L02/mapping_GS78795-FS3-L02_007.tsv.bz2	561478148
data/ChineseTrio/HG005_NA24631_son/CompleteGenomics_normal_RMDNA/son_NA24631_GS000037265-ASM/MAP/GS78795-FS3-L02/mapping_GS78795-FS3-L02_008.tsv.bz2	558665569
data/ChineseTrio/HG005_NA24631_son/CompleteGenomics_normal_RMDNA/son_NA24631_GS000037265-ASM/MAP/GS78795-FS3-L02/mapping_GS78795-FS3-L02_009.tsv.bz2	562481990
data/ChineseTrio/HG005_NA24631_son/CompleteGenomics_normal_RMDNA/son_NA24631_GS000037265-ASM/MAP/GS78795-FS3-L02/mapping_GS78795-FS3-L02_010.tsv.bz2	561803316
data/ChineseTrio/HG005_NA24631_son/CompleteGenomics_normal_RMDNA/son_NA24631_GS000037265-ASM/MAP/GS78795-FS3-L02/mapping_GS78795-FS3-L02_011.tsv.bz2	563857118
data/ChineseTrio/HG005_NA24631_son/CompleteGenomics_normal_RMDNA/son_NA24631_GS000037265-ASM/MAP/GS78795-FS3-L02/mapping_GS78795-FS3-L02_012.tsv.bz2	563380783
data/ChineseTrio/HG005_NA24631_son/CompleteGenomics_normal_RMDNA/son_NA24631_GS000037265-ASM/MAP/GS78795-FS3-L02/mapping_GS78795-FS3-L02_013.tsv.bz2	563565378
data/ChineseTrio/HG005_NA24631_son/CompleteGenomics_normal_RMDNA/son_NA24631_GS000037265-ASM/MAP/GS78795-FS3-L02/mapping_GS78795-FS3-L02_014.tsv.bz2	561805948
data/ChineseTrio/HG005_NA24631_son/CompleteGenomics_normal_RMDNA/son_NA24631_GS000037265-ASM/MAP/GS78795-FS3-L02/mapping_GS78795-FS3-L02_015.tsv.bz2	557439649
data/ChineseTrio/HG005_NA24631_son/CompleteGenomics_normal_RMDNA/son_NA24631_GS000037265-ASM/MAP/GS78795-FS3-L02/mapping_GS78795-FS3-L02_016.tsv.bz2	561994243
data/ChineseTrio/HG005_NA24631_son/CompleteGenomics_normal_RMDNA/son_NA24631_GS000037265-ASM/MAP/GS78795-FS3-L02/mapping_GS78795-FS3-L02_017.tsv.bz2	53313642
data/ChineseTrio/HG005_NA24631_son/CompleteGenomics_normal_RMDNA/son_NA24631_GS000037265-ASM/MAP/GS78795-FS3-L02/reads_GS78795-FS3-L02_001.tsv.bz2	1184488845
data/ChineseTrio/HG005_NA24631_son/CompleteGenomics_normal_RMDNA/son_NA24631_GS000037265-ASM/MAP/GS78795-FS3-L02/reads_GS78795-FS3-L02_002.tsv.bz2	1243869723
data/ChineseTrio/HG005_NA24631_son/CompleteGenomics_normal_RMDNA/son_NA24631_GS000037265-ASM/MAP/GS78795-FS3-L02/reads_GS78795-FS3-L02_003.tsv.bz2	1244172007
data/ChineseTrio/HG005_NA24631_son/CompleteGenomics_normal_RMDNA/son_NA24631_GS000037265-ASM/MAP/GS78795-FS3-L02/reads_GS78795-FS3-L02_004.tsv.bz2	1235015512
data/ChineseTrio/HG005_NA24631_son/CompleteGenomics_normal_RMDNA/son_NA24631_GS000037265-ASM/MAP/GS78795-FS3-L02/reads_GS78795-FS3-L02_005.tsv.bz2	1228638504
data/ChineseTrio/HG005_NA24631_son/CompleteGenomics_normal_RMDNA/son_NA24631_GS000037265-ASM/MAP/GS78795-FS3-L02/reads_GS78795-FS3-L02_006.tsv.bz2	1229082629
data/ChineseTrio/HG005_NA24631_son/CompleteGenomics_normal_RMDNA/son_NA24631_GS000037265-ASM/MAP/GS78795-FS3-L02/reads_GS78795-FS3-L02_007.tsv.bz2	1226041530
data/ChineseTrio/HG005_NA24631_son/CompleteGenomics_normal_RMDNA/son_NA24631_GS000037265-ASM/MAP/GS78795-FS3-L02/reads_GS78795-FS3-L02_008.tsv.bz2	1228889584
data/ChineseTrio/HG005_NA24631_son/CompleteGenomics_normal_RMDNA/son_NA24631_GS000037265-ASM/MAP/GS78795-FS3-L02/reads_GS78795-FS3-L02_009.tsv.bz2	1227787590
data/ChineseTrio/HG005_NA24631_son/CompleteGenomics_normal_RMDNA/son_NA24631_GS000037265-ASM/MAP/GS78795-FS3-L02/reads_GS78795-FS3-L02_010.tsv.bz2	1229689062
data/ChineseTrio/HG005_NA24631_son/CompleteGenomics_normal_RMDNA/son_NA24631_GS000037265-ASM/MAP/GS78795-FS3-L02/reads_GS78795-FS3-L02_011.tsv.bz2	1223345550
data/ChineseTrio/HG005_NA24631_son/CompleteGenomics_normal_RMDNA/son_NA24631_GS000037265-ASM/MAP/GS78795-FS3-L02/reads_GS78795-FS3-L02_012.tsv.bz2	1224012496
data/ChineseTrio/HG005_NA24631_son/CompleteGenomics_normal_RMDNA/son_NA24631_GS000037265-ASM/MAP/GS78795-FS3-L02/reads_GS78795-FS3-L02_013.tsv.bz2	1222669589
data/ChineseTrio/HG005_NA24631_son/CompleteGenomics_normal_RMDNA/son_NA24631_GS000037265-ASM/MAP/GS78795-FS3-L02/reads_GS78795-FS3-L02_014.tsv.bz2	1233257736
data/ChineseTrio/HG005_NA24631_son/CompleteGenomics_normal_RMDNA/son_NA24631_GS000037265-ASM/MAP/GS78795-FS3-L02/reads_GS78795-FS3-L02_015.tsv.bz2	1235577775
data/ChineseTrio/HG005_NA24631_son/CompleteGenomics_normal_RMDNA/son_NA24631_GS000037265-ASM/MAP/GS78795-FS3-L02/reads_GS78795-FS3-L02_016.tsv.bz2	1217966761
data/ChineseTrio/HG005_NA24631_son/CompleteGenomics_normal_RMDNA/son_NA24631_GS000037265-ASM/MAP/GS78795-FS3-L02/reads_GS78795-FS3-L02_017.tsv.bz2	118828429
data/ChineseTrio/HG005_NA24631_son/CompleteGenomics_normal_RMDNA/son_NA24631_GS000037265-ASM/MAP/GS78795-FS3-L03/mapping_GS78795-FS3-L03_001.tsv.bz2	538483086
data/ChineseTrio/HG005_NA24631_son/CompleteGenomics_normal_RMDNA/son_NA24631_GS000037265-ASM/MAP/GS78795-FS3-L03/mapping_GS78795-FS3-L03_002.tsv.bz2	560946944
data/ChineseTrio/HG005_NA24631_son/CompleteGenomics_normal_RMDNA/son_NA24631_GS000037265-ASM/MAP/GS78795-FS3-L03/mapping_GS78795-FS3-L03_003.tsv.bz2	561883321
data/ChineseTrio/HG005_NA24631_son/CompleteGenomics_normal_RMDNA/son_NA24631_GS000037265-ASM/MAP/GS78795-FS3-L03/mapping_GS78795-FS3-L03_004.tsv.bz2	561966956
data/ChineseTrio/HG005_NA24631_son/CompleteGenomics_normal_RMDNA/son_NA24631_GS000037265-ASM/MAP/GS78795-FS3-L03/mapping_GS78795-FS3-L03_005.tsv.bz2	563412252
data/ChineseTrio/HG005_NA24631_son/CompleteGenomics_normal_RMDNA/son_NA24631_GS000037265-ASM/MAP/GS78795-FS3-L03/mapping_GS78795-FS3-L03_006.tsv.bz2	562393042
data/ChineseTrio/HG005_NA24631_son/CompleteGenomics_normal_RMDNA/son_NA24631_GS000037265-ASM/MAP/GS78795-FS3-L03/mapping_GS78795-FS3-L03_007.tsv.bz2	563567086
data/ChineseTrio/HG005_NA24631_son/CompleteGenomics_normal_RMDNA/son_NA24631_GS000037265-ASM/MAP/GS78795-FS3-L03/mapping_GS78795-FS3-L03_008.tsv.bz2	561582060
data/ChineseTrio/HG005_NA24631_son/CompleteGenomics_normal_RMDNA/son_NA24631_GS000037265-ASM/MAP/GS78795-FS3-L03/mapping_GS78795-FS3-L03_009.tsv.bz2	563446609
data/ChineseTrio/HG005_NA24631_son/CompleteGenomics_normal_RMDNA/son_NA24631_GS000037265-ASM/MAP/GS78795-FS3-L03/mapping_GS78795-FS3-L03_010.tsv.bz2	559203864
data/ChineseTrio/HG005_NA24631_son/CompleteGenomics_normal_RMDNA/son_NA24631_GS000037265-ASM/MAP/GS78795-FS3-L03/mapping_GS78795-FS3-L03_011.tsv.bz2	559909275
data/ChineseTrio/HG005_NA24631_son/CompleteGenomics_normal_RMDNA/son_NA24631_GS000037265-ASM/MAP/GS78795-FS3-L03/mapping_GS78795-FS3-L03_012.tsv.bz2	563130547
data/ChineseTrio/HG005_NA24631_son/CompleteGenomics_normal_RMDNA/son_NA24631_GS000037265-ASM/MAP/GS78795-FS3-L03/mapping_GS78795-FS3-L03_013.tsv.bz2	562831182
data/ChineseTrio/HG005_NA24631_son/CompleteGenomics_normal_RMDNA/son_NA24631_GS000037265-ASM/MAP/GS78795-FS3-L03/mapping_GS78795-FS3-L03_014.tsv.bz2	562754723
data/ChineseTrio/HG005_NA24631_son/CompleteGenomics_normal_RMDNA/son_NA24631_GS000037265-ASM/MAP/GS78795-FS3-L03/mapping_GS78795-FS3-L03_015.tsv.bz2	556015850
data/ChineseTrio/HG005_NA24631_son/CompleteGenomics_normal_RMDNA/son_NA24631_GS000037265-ASM/MAP/GS78795-FS3-L03/mapping_GS78795-FS3-L03_016.tsv.bz2	560300376
data/ChineseTrio/HG005_NA24631_son/CompleteGenomics_normal_RMDNA/son_NA24631_GS000037265-ASM/MAP/GS78795-FS3-L03/mapping_GS78795-FS3-L03_017.tsv.bz2	24209599
data/ChineseTrio/HG005_NA24631_son/CompleteGenomics_normal_RMDNA/son_NA24631_GS000037265-ASM/MAP/GS78795-FS3-L03/reads_GS78795-FS3-L03_001.tsv.bz2	1176708246
data/ChineseTrio/HG005_NA24631_son/CompleteGenomics_normal_RMDNA/son_NA24631_GS000037265-ASM/MAP/GS78795-FS3-L03/reads_GS78795-FS3-L03_002.tsv.bz2	1235786024
data/ChineseTrio/HG005_NA24631_son/CompleteGenomics_normal_RMDNA/son_NA24631_GS000037265-ASM/MAP/GS78795-FS3-L03/reads_GS78795-FS3-L03_003.tsv.bz2	1236504013
data/ChineseTrio/HG005_NA24631_son/CompleteGenomics_normal_RMDNA/son_NA24631_GS000037265-ASM/MAP/GS78795-FS3-L03/reads_GS78795-FS3-L03_004.tsv.bz2	1238330598
data/ChineseTrio/HG005_NA24631_son/CompleteGenomics_normal_RMDNA/son_NA24631_GS000037265-ASM/MAP/GS78795-FS3-L03/reads_GS78795-FS3-L03_005.tsv.bz2	1221238246
data/ChineseTrio/HG005_NA24631_son/CompleteGenomics_normal_RMDNA/son_NA24631_GS000037265-ASM/MAP/GS78795-FS3-L03/reads_GS78795-FS3-L03_006.tsv.bz2	1229172833
data/ChineseTrio/HG005_NA24631_son/CompleteGenomics_normal_RMDNA/son_NA24631_GS000037265-ASM/MAP/GS78795-FS3-L03/reads_GS78795-FS3-L03_007.tsv.bz2	1222661210
data/ChineseTrio/HG005_NA24631_son/CompleteGenomics_normal_RMDNA/son_NA24631_GS000037265-ASM/MAP/GS78795-FS3-L03/reads_GS78795-FS3-L03_008.tsv.bz2	1228793738
data/ChineseTrio/HG005_NA24631_son/CompleteGenomics_normal_RMDNA/son_NA24631_GS000037265-ASM/MAP/GS78795-FS3-L03/reads_GS78795-FS3-L03_009.tsv.bz2	1225646831
data/ChineseTrio/HG005_NA24631_son/CompleteGenomics_normal_RMDNA/son_NA24631_GS000037265-ASM/MAP/GS78795-FS3-L03/reads_GS78795-FS3-L03_010.tsv.bz2	1236794834
data/ChineseTrio/HG005_NA24631_son/CompleteGenomics_normal_RMDNA/son_NA24631_GS000037265-ASM/MAP/GS78795-FS3-L03/reads_GS78795-FS3-L03_011.tsv.bz2	1239458724
data/ChineseTrio/HG005_NA24631_son/CompleteGenomics_normal_RMDNA/son_NA24631_GS000037265-ASM/MAP/GS78795-FS3-L03/reads_GS78795-FS3-L03_012.tsv.bz2	1224636814
data/ChineseTrio/HG005_NA24631_son/CompleteGenomics_normal_RMDNA/son_NA24631_GS000037265-ASM/MAP/GS78795-FS3-L03/reads_GS78795-FS3-L03_013.tsv.bz2	1230132452
data/ChineseTrio/HG005_NA24631_son/CompleteGenomics_normal_RMDNA/son_NA24631_GS000037265-ASM/MAP/GS78795-FS3-L03/reads_GS78795-FS3-L03_014.tsv.bz2	1233339336
data/ChineseTrio/HG005_NA24631_son/CompleteGenomics_normal_RMDNA/son_NA24631_GS000037265-ASM/MAP/GS78795-FS3-L03/reads_GS78795-FS3-L03_015.tsv.bz2	1235809023
data/ChineseTrio/HG005_NA24631_son/CompleteGenomics_normal_RMDNA/son_NA24631_GS000037265-ASM/MAP/GS78795-FS3-L03/reads_GS78795-FS3-L03_016.tsv.bz2	1224328215
data/ChineseTrio/HG005_NA24631_son/CompleteGenomics_normal_RMDNA/son_NA24631_GS000037265-ASM/MAP/GS78795-FS3-L03/reads_GS78795-FS3-L03_017.tsv.bz2	54718063
data/ChineseTrio/HG005_NA24631_son/CompleteGenomics_normal_RMDNA/son_NA24631_GS000037265-ASM/MAP/GS78795-FS3-L04/mapping_GS78795-FS3-L04_001.tsv.bz2	536356320
data/ChineseTrio/HG005_NA24631_son/CompleteGenomics_normal_RMDNA/son_NA24631_GS000037265-ASM/MAP/GS78795-FS3-L04/mapping_GS78795-FS3-L04_002.tsv.bz2	563070346
data/ChineseTrio/HG005_NA24631_son/CompleteGenomics_normal_RMDNA/son_NA24631_GS000037265-ASM/MAP/GS78795-FS3-L04/mapping_GS78795-FS3-L04_003.tsv.bz2	563595908
data/ChineseTrio/HG005_NA24631_son/CompleteGenomics_normal_RMDNA/son_NA24631_GS000037265-ASM/MAP/GS78795-FS3-L04/mapping_GS78795-FS3-L04_004.tsv.bz2	563152426
data/ChineseTrio/HG005_NA24631_son/CompleteGenomics_normal_RMDNA/son_NA24631_GS000037265-ASM/MAP/GS78795-FS3-L04/mapping_GS78795-FS3-L04_005.tsv.bz2	563498972
data/ChineseTrio/HG005_NA24631_son/CompleteGenomics_normal_RMDNA/son_NA24631_GS000037265-ASM/MAP/GS78795-FS3-L04/mapping_GS78795-FS3-L04_006.tsv.bz2	563502289
data/ChineseTrio/HG005_NA24631_son/CompleteGenomics_normal_RMDNA/son_NA24631_GS000037265-ASM/MAP/GS78795-FS3-L04/mapping_GS78795-FS3-L04_007.tsv.bz2	564156104
data/ChineseTrio/HG005_NA24631_son/CompleteGenomics_normal_RMDNA/son_NA24631_GS000037265-ASM/MAP/GS78795-FS3-L04/mapping_GS78795-FS3-L04_008.tsv.bz2	563612553
data/ChineseTrio/HG005_NA24631_son/CompleteGenomics_normal_RMDNA/son_NA24631_GS000037265-ASM/MAP/GS78795-FS3-L04/mapping_GS78795-FS3-L04_009.tsv.bz2	562920279
data/ChineseTrio/HG005_NA24631_son/CompleteGenomics_normal_RMDNA/son_NA24631_GS000037265-ASM/MAP/GS78795-FS3-L04/mapping_GS78795-FS3-L04_010.tsv.bz2	563201055
data/ChineseTrio/HG005_NA24631_son/CompleteGenomics_normal_RMDNA/son_NA24631_GS000037265-ASM/MAP/GS78795-FS3-L04/mapping_GS78795-FS3-L04_011.tsv.bz2	562341545
data/ChineseTrio/HG005_NA24631_son/CompleteGenomics_normal_RMDNA/son_NA24631_GS000037265-ASM/MAP/GS78795-FS3-L04/mapping_GS78795-FS3-L04_012.tsv.bz2	563501971
data/ChineseTrio/HG005_NA24631_son/CompleteGenomics_normal_RMDNA/son_NA24631_GS000037265-ASM/MAP/GS78795-FS3-L04/mapping_GS78795-FS3-L04_013.tsv.bz2	562997519
data/ChineseTrio/HG005_NA24631_son/CompleteGenomics_normal_RMDNA/son_NA24631_GS000037265-ASM/MAP/GS78795-FS3-L04/mapping_GS78795-FS3-L04_014.tsv.bz2	562390374
data/ChineseTrio/HG005_NA24631_son/CompleteGenomics_normal_RMDNA/son_NA24631_GS000037265-ASM/MAP/GS78795-FS3-L04/mapping_GS78795-FS3-L04_015.tsv.bz2	554992223
data/ChineseTrio/HG005_NA24631_son/CompleteGenomics_normal_RMDNA/son_NA24631_GS000037265-ASM/MAP/GS78795-FS3-L04/mapping_GS78795-FS3-L04_016.tsv.bz2	562948033
data/ChineseTrio/HG005_NA24631_son/CompleteGenomics_normal_RMDNA/son_NA24631_GS000037265-ASM/MAP/GS78795-FS3-L04/mapping_GS78795-FS3-L04_017.tsv.bz2	38880939
data/ChineseTrio/HG005_NA24631_son/CompleteGenomics_normal_RMDNA/son_NA24631_GS000037265-ASM/MAP/GS78795-FS3-L04/reads_GS78795-FS3-L04_001.tsv.bz2	1182672755
data/ChineseTrio/HG005_NA24631_son/CompleteGenomics_normal_RMDNA/son_NA24631_GS000037265-ASM/MAP/GS78795-FS3-L04/reads_GS78795-FS3-L04_002.tsv.bz2	1228831741
data/ChineseTrio/HG005_NA24631_son/CompleteGenomics_normal_RMDNA/son_NA24631_GS000037265-ASM/MAP/GS78795-FS3-L04/reads_GS78795-FS3-L04_003.tsv.bz2	1227556030
data/ChineseTrio/HG005_NA24631_son/CompleteGenomics_normal_RMDNA/son_NA24631_GS000037265-ASM/MAP/GS78795-FS3-L04/reads_GS78795-FS3-L04_004.tsv.bz2	1224117610
data/ChineseTrio/HG005_NA24631_son/CompleteGenomics_normal_RMDNA/son_NA24631_GS000037265-ASM/MAP/GS78795-FS3-L04/reads_GS78795-FS3-L04_005.tsv.bz2	1224289783
data/ChineseTrio/HG005_NA24631_son/CompleteGenomics_normal_RMDNA/son_NA24631_GS000037265-ASM/MAP/GS78795-FS3-L04/reads_GS78795-FS3-L04_006.tsv.bz2	1224109499
data/ChineseTrio/HG005_NA24631_son/CompleteGenomics_normal_RMDNA/son_NA24631_GS000037265-ASM/MAP/GS78795-FS3-L04/reads_GS78795-FS3-L04_007.tsv.bz2	1219851896
data/ChineseTrio/HG005_NA24631_son/CompleteGenomics_normal_RMDNA/son_NA24631_GS000037265-ASM/MAP/GS78795-FS3-L04/reads_GS78795-FS3-L04_008.tsv.bz2	1225327844
data/ChineseTrio/HG005_NA24631_son/CompleteGenomics_normal_RMDNA/son_NA24631_GS000037265-ASM/MAP/GS78795-FS3-L04/reads_GS78795-FS3-L04_009.tsv.bz2	1230110517
data/ChineseTrio/HG005_NA24631_son/CompleteGenomics_normal_RMDNA/son_NA24631_GS000037265-ASM/MAP/GS78795-FS3-L04/reads_GS78795-FS3-L04_010.tsv.bz2	1231700768
data/ChineseTrio/HG005_NA24631_son/CompleteGenomics_normal_RMDNA/son_NA24631_GS000037265-ASM/MAP/GS78795-FS3-L04/reads_GS78795-FS3-L04_011.tsv.bz2	1232828637
data/ChineseTrio/HG005_NA24631_son/CompleteGenomics_normal_RMDNA/son_NA24631_GS000037265-ASM/MAP/GS78795-FS3-L04/reads_GS78795-FS3-L04_012.tsv.bz2	1224964018
data/ChineseTrio/HG005_NA24631_son/CompleteGenomics_normal_RMDNA/son_NA24631_GS000037265-ASM/MAP/GS78795-FS3-L04/reads_GS78795-FS3-L04_013.tsv.bz2	1229890989
data/ChineseTrio/HG005_NA24631_son/CompleteGenomics_normal_RMDNA/son_NA24631_GS000037265-ASM/MAP/GS78795-FS3-L04/reads_GS78795-FS3-L04_014.tsv.bz2	1236786291
data/ChineseTrio/HG005_NA24631_son/CompleteGenomics_normal_RMDNA/son_NA24631_GS000037265-ASM/MAP/GS78795-FS3-L04/reads_GS78795-FS3-L04_015.tsv.bz2	1236841620
data/ChineseTrio/HG005_NA24631_son/CompleteGenomics_normal_RMDNA/son_NA24631_GS000037265-ASM/MAP/GS78795-FS3-L04/reads_GS78795-FS3-L04_016.tsv.bz2	1222233540
data/ChineseTrio/HG005_NA24631_son/CompleteGenomics_normal_RMDNA/son_NA24631_GS000037265-ASM/MAP/GS78795-FS3-L04/reads_GS78795-FS3-L04_017.tsv.bz2	87561326
data/ChineseTrio/HG005_NA24631_son/CompleteGenomics_normal_RMDNA/son_NA24631_GS000037265-ASM/MAP/GS78795-FS3-L05/mapping_GS78795-FS3-L05_001.tsv.bz2	539422309
data/ChineseTrio/HG005_NA24631_son/CompleteGenomics_normal_RMDNA/son_NA24631_GS000037265-ASM/MAP/GS78795-FS3-L05/mapping_GS78795-FS3-L05_002.tsv.bz2	564484606
data/ChineseTrio/HG005_NA24631_son/CompleteGenomics_normal_RMDNA/son_NA24631_GS000037265-ASM/MAP/GS78795-FS3-L05/mapping_GS78795-FS3-L05_003.tsv.bz2	563795033
data/ChineseTrio/HG005_NA24631_son/CompleteGenomics_normal_RMDNA/son_NA24631_GS000037265-ASM/MAP/GS78795-FS3-L05/mapping_GS78795-FS3-L05_004.tsv.bz2	563676769
data/ChineseTrio/HG005_NA24631_son/CompleteGenomics_normal_RMDNA/son_NA24631_GS000037265-ASM/MAP/GS78795-FS3-L05/mapping_GS78795-FS3-L05_005.tsv.bz2	563617938
data/ChineseTrio/HG005_NA24631_son/CompleteGenomics_normal_RMDNA/son_NA24631_GS000037265-ASM/MAP/GS78795-FS3-L05/mapping_GS78795-FS3-L05_006.tsv.bz2	562983860
data/ChineseTrio/HG005_NA24631_son/CompleteGenomics_normal_RMDNA/son_NA24631_GS000037265-ASM/MAP/GS78795-FS3-L05/mapping_GS78795-FS3-L05_007.tsv.bz2	563112342
data/ChineseTrio/HG005_NA24631_son/CompleteGenomics_normal_RMDNA/son_NA24631_GS000037265-ASM/MAP/GS78795-FS3-L05/mapping_GS78795-FS3-L05_008.tsv.bz2	562380767
data/ChineseTrio/HG005_NA24631_son/CompleteGenomics_normal_RMDNA/son_NA24631_GS000037265-ASM/MAP/GS78795-FS3-L05/mapping_GS78795-FS3-L05_009.tsv.bz2	562447220
data/ChineseTrio/HG005_NA24631_son/CompleteGenomics_normal_RMDNA/son_NA24631_GS000037265-ASM/MAP/GS78795-FS3-L05/mapping_GS78795-FS3-L05_010.tsv.bz2	562951329
data/ChineseTrio/HG005_NA24631_son/CompleteGenomics_normal_RMDNA/son_NA24631_GS000037265-ASM/MAP/GS78795-FS3-L05/mapping_GS78795-FS3-L05_011.tsv.bz2	561371374
data/ChineseTrio/HG005_NA24631_son/CompleteGenomics_normal_RMDNA/son_NA24631_GS000037265-ASM/MAP/GS78795-FS3-L05/mapping_GS78795-FS3-L05_012.tsv.bz2	548870189
data/ChineseTrio/HG005_NA24631_son/CompleteGenomics_normal_RMDNA/son_NA24631_GS000037265-ASM/MAP/GS78795-FS3-L05/mapping_GS78795-FS3-L05_013.tsv.bz2	562310453
data/ChineseTrio/HG005_NA24631_son/CompleteGenomics_normal_RMDNA/son_NA24631_GS000037265-ASM/MAP/GS78795-FS3-L05/mapping_GS78795-FS3-L05_014.tsv.bz2	562789814
data/ChineseTrio/HG005_NA24631_son/CompleteGenomics_normal_RMDNA/son_NA24631_GS000037265-ASM/MAP/GS78795-FS3-L05/mapping_GS78795-FS3-L05_015.tsv.bz2	555170157
data/ChineseTrio/HG005_NA24631_son/CompleteGenomics_normal_RMDNA/son_NA24631_GS000037265-ASM/MAP/GS78795-FS3-L05/mapping_GS78795-FS3-L05_016.tsv.bz2	552201626
data/ChineseTrio/HG005_NA24631_son/CompleteGenomics_normal_RMDNA/son_NA24631_GS000037265-ASM/MAP/GS78795-FS3-L05/reads_GS78795-FS3-L05_001.tsv.bz2	1173549807
data/ChineseTrio/HG005_NA24631_son/CompleteGenomics_normal_RMDNA/son_NA24631_GS000037265-ASM/MAP/GS78795-FS3-L05/reads_GS78795-FS3-L05_002.tsv.bz2	1223978742
data/ChineseTrio/HG005_NA24631_son/CompleteGenomics_normal_RMDNA/son_NA24631_GS000037265-ASM/MAP/GS78795-FS3-L05/reads_GS78795-FS3-L05_003.tsv.bz2	1225526497
data/ChineseTrio/HG005_NA24631_son/CompleteGenomics_normal_RMDNA/son_NA24631_GS000037265-ASM/MAP/GS78795-FS3-L05/reads_GS78795-FS3-L05_004.tsv.bz2	1227306079
data/ChineseTrio/HG005_NA24631_son/CompleteGenomics_normal_RMDNA/son_NA24631_GS000037265-ASM/MAP/GS78795-FS3-L05/reads_GS78795-FS3-L05_005.tsv.bz2	1218777573
data/ChineseTrio/HG005_NA24631_son/CompleteGenomics_normal_RMDNA/son_NA24631_GS000037265-ASM/MAP/GS78795-FS3-L05/reads_GS78795-FS3-L05_006.tsv.bz2	1226730471
data/ChineseTrio/HG005_NA24631_son/CompleteGenomics_normal_RMDNA/son_NA24631_GS000037265-ASM/MAP/GS78795-FS3-L05/reads_GS78795-FS3-L05_007.tsv.bz2	1226615785
data/ChineseTrio/HG005_NA24631_son/CompleteGenomics_normal_RMDNA/son_NA24631_GS000037265-ASM/MAP/GS78795-FS3-L05/reads_GS78795-FS3-L05_008.tsv.bz2	1231169741
data/ChineseTrio/HG005_NA24631_son/CompleteGenomics_normal_RMDNA/son_NA24631_GS000037265-ASM/MAP/GS78795-FS3-L05/reads_GS78795-FS3-L05_009.tsv.bz2	1228176006
data/ChineseTrio/HG005_NA24631_son/CompleteGenomics_normal_RMDNA/son_NA24631_GS000037265-ASM/MAP/GS78795-FS3-L05/reads_GS78795-FS3-L05_010.tsv.bz2	1225375289
data/ChineseTrio/HG005_NA24631_son/CompleteGenomics_normal_RMDNA/son_NA24631_GS000037265-ASM/MAP/GS78795-FS3-L05/reads_GS78795-FS3-L05_011.tsv.bz2	1236457451
data/ChineseTrio/HG005_NA24631_son/CompleteGenomics_normal_RMDNA/son_NA24631_GS000037265-ASM/MAP/GS78795-FS3-L05/reads_GS78795-FS3-L05_012.tsv.bz2	1239146888
data/ChineseTrio/HG005_NA24631_son/CompleteGenomics_normal_RMDNA/son_NA24631_GS000037265-ASM/MAP/GS78795-FS3-L05/reads_GS78795-FS3-L05_013.tsv.bz2	1229017717
data/ChineseTrio/HG005_NA24631_son/CompleteGenomics_normal_RMDNA/son_NA24631_GS000037265-ASM/MAP/GS78795-FS3-L05/reads_GS78795-FS3-L05_014.tsv.bz2	1230213351
data/ChineseTrio/HG005_NA24631_son/CompleteGenomics_normal_RMDNA/son_NA24631_GS000037265-ASM/MAP/GS78795-FS3-L05/reads_GS78795-FS3-L05_015.tsv.bz2	1230193362
data/ChineseTrio/HG005_NA24631_son/CompleteGenomics_normal_RMDNA/son_NA24631_GS000037265-ASM/MAP/GS78795-FS3-L05/reads_GS78795-FS3-L05_016.tsv.bz2	1189628257
data/ChineseTrio/HG005_NA24631_son/CompleteGenomics_normal_RMDNA/son_NA24631_GS000037265-ASM/MAP/GS78795-FS3-L06/mapping_GS78795-FS3-L06_001.tsv.bz2	540558359
data/ChineseTrio/HG005_NA24631_son/CompleteGenomics_normal_RMDNA/son_NA24631_GS000037265-ASM/MAP/GS78795-FS3-L06/mapping_GS78795-FS3-L06_002.tsv.bz2	561690784
data/ChineseTrio/HG005_NA24631_son/CompleteGenomics_normal_RMDNA/son_NA24631_GS000037265-ASM/MAP/GS78795-FS3-L06/mapping_GS78795-FS3-L06_003.tsv.bz2	561426460
data/ChineseTrio/HG005_NA24631_son/CompleteGenomics_normal_RMDNA/son_NA24631_GS000037265-ASM/MAP/GS78795-FS3-L06/mapping_GS78795-FS3-L06_004.tsv.bz2	562109106
data/ChineseTrio/HG005_NA24631_son/CompleteGenomics_normal_RMDNA/son_NA24631_GS000037265-ASM/MAP/GS78795-FS3-L06/mapping_GS78795-FS3-L06_005.tsv.bz2	561479934
data/ChineseTrio/HG005_NA24631_son/CompleteGenomics_normal_RMDNA/son_NA24631_GS000037265-ASM/MAP/GS78795-FS3-L06/mapping_GS78795-FS3-L06_006.tsv.bz2	560871083
data/ChineseTrio/HG005_NA24631_son/CompleteGenomics_normal_RMDNA/son_NA24631_GS000037265-ASM/MAP/GS78795-FS3-L06/mapping_GS78795-FS3-L06_007.tsv.bz2	560411584
data/ChineseTrio/HG005_NA24631_son/CompleteGenomics_normal_RMDNA/son_NA24631_GS000037265-ASM/MAP/GS78795-FS3-L06/mapping_GS78795-FS3-L06_008.tsv.bz2	559352850
data/ChineseTrio/HG005_NA24631_son/CompleteGenomics_normal_RMDNA/son_NA24631_GS000037265-ASM/MAP/GS78795-FS3-L06/mapping_GS78795-FS3-L06_009.tsv.bz2	559318471
data/ChineseTrio/HG005_NA24631_son/CompleteGenomics_normal_RMDNA/son_NA24631_GS000037265-ASM/MAP/GS78795-FS3-L06/mapping_GS78795-FS3-L06_010.tsv.bz2	559689515
data/ChineseTrio/HG005_NA24631_son/CompleteGenomics_normal_RMDNA/son_NA24631_GS000037265-ASM/MAP/GS78795-FS3-L06/mapping_GS78795-FS3-L06_011.tsv.bz2	561335489
data/ChineseTrio/HG005_NA24631_son/CompleteGenomics_normal_RMDNA/son_NA24631_GS000037265-ASM/MAP/GS78795-FS3-L06/mapping_GS78795-FS3-L06_012.tsv.bz2	560280840
data/ChineseTrio/HG005_NA24631_son/CompleteGenomics_normal_RMDNA/son_NA24631_GS000037265-ASM/MAP/GS78795-FS3-L06/mapping_GS78795-FS3-L06_013.tsv.bz2	559583808
data/ChineseTrio/HG005_NA24631_son/CompleteGenomics_normal_RMDNA/son_NA24631_GS000037265-ASM/MAP/GS78795-FS3-L06/mapping_GS78795-FS3-L06_014.tsv.bz2	559367961
data/ChineseTrio/HG005_NA24631_son/CompleteGenomics_normal_RMDNA/son_NA24631_GS000037265-ASM/MAP/GS78795-FS3-L06/mapping_GS78795-FS3-L06_015.tsv.bz2	555137673
data/ChineseTrio/HG005_NA24631_son/CompleteGenomics_normal_RMDNA/son_NA24631_GS000037265-ASM/MAP/GS78795-FS3-L06/mapping_GS78795-FS3-L06_016.tsv.bz2	564144127
data/ChineseTrio/HG005_NA24631_son/CompleteGenomics_normal_RMDNA/son_NA24631_GS000037265-ASM/MAP/GS78795-FS3-L06/reads_GS78795-FS3-L06_001.tsv.bz2	1185301595
data/ChineseTrio/HG005_NA24631_son/CompleteGenomics_normal_RMDNA/son_NA24631_GS000037265-ASM/MAP/GS78795-FS3-L06/reads_GS78795-FS3-L06_002.tsv.bz2	1239998757
data/ChineseTrio/HG005_NA24631_son/CompleteGenomics_normal_RMDNA/son_NA24631_GS000037265-ASM/MAP/GS78795-FS3-L06/reads_GS78795-FS3-L06_003.tsv.bz2	1238174263
data/ChineseTrio/HG005_NA24631_son/CompleteGenomics_normal_RMDNA/son_NA24631_GS000037265-ASM/MAP/GS78795-FS3-L06/reads_GS78795-FS3-L06_004.tsv.bz2	1236191003
data/ChineseTrio/HG005_NA24631_son/CompleteGenomics_normal_RMDNA/son_NA24631_GS000037265-ASM/MAP/GS78795-FS3-L06/reads_GS78795-FS3-L06_005.tsv.bz2	1230265540
data/ChineseTrio/HG005_NA24631_son/CompleteGenomics_normal_RMDNA/son_NA24631_GS000037265-ASM/MAP/GS78795-FS3-L06/reads_GS78795-FS3-L06_006.tsv.bz2	1234988982
data/ChineseTrio/HG005_NA24631_son/CompleteGenomics_normal_RMDNA/son_NA24631_GS000037265-ASM/MAP/GS78795-FS3-L06/reads_GS78795-FS3-L06_007.tsv.bz2	1235658047
data/ChineseTrio/HG005_NA24631_son/CompleteGenomics_normal_RMDNA/son_NA24631_GS000037265-ASM/MAP/GS78795-FS3-L06/reads_GS78795-FS3-L06_008.tsv.bz2	1242578776
data/ChineseTrio/HG005_NA24631_son/CompleteGenomics_normal_RMDNA/son_NA24631_GS000037265-ASM/MAP/GS78795-FS3-L06/reads_GS78795-FS3-L06_009.tsv.bz2	1242809014
data/ChineseTrio/HG005_NA24631_son/CompleteGenomics_normal_RMDNA/son_NA24631_GS000037265-ASM/MAP/GS78795-FS3-L06/reads_GS78795-FS3-L06_010.tsv.bz2	1243890410
data/ChineseTrio/HG005_NA24631_son/CompleteGenomics_normal_RMDNA/son_NA24631_GS000037265-ASM/MAP/GS78795-FS3-L06/reads_GS78795-FS3-L06_011.tsv.bz2	1236354395
data/ChineseTrio/HG005_NA24631_son/CompleteGenomics_normal_RMDNA/son_NA24631_GS000037265-ASM/MAP/GS78795-FS3-L06/reads_GS78795-FS3-L06_012.tsv.bz2	1241643470
data/ChineseTrio/HG005_NA24631_son/CompleteGenomics_normal_RMDNA/son_NA24631_GS000037265-ASM/MAP/GS78795-FS3-L06/reads_GS78795-FS3-L06_013.tsv.bz2	1247475455
data/ChineseTrio/HG005_NA24631_son/CompleteGenomics_normal_RMDNA/son_NA24631_GS000037265-ASM/MAP/GS78795-FS3-L06/reads_GS78795-FS3-L06_014.tsv.bz2	1249209959
data/ChineseTrio/HG005_NA24631_son/CompleteGenomics_normal_RMDNA/son_NA24631_GS000037265-ASM/MAP/GS78795-FS3-L06/reads_GS78795-FS3-L06_015.tsv.bz2	1240953318
data/ChineseTrio/HG005_NA24631_son/CompleteGenomics_normal_RMDNA/son_NA24631_GS000037265-ASM/MAP/GS78795-FS3-L06/reads_GS78795-FS3-L06_016.tsv.bz2	1219117552
data/ChineseTrio/HG005_NA24631_son/CompleteGenomics_normal_RMDNA/son_NA24631_GS000037265-ASM/MAP/GS78795-FS3-L07/mapping_GS78795-FS3-L07_001.tsv.bz2	553158806
data/ChineseTrio/HG005_NA24631_son/CompleteGenomics_normal_RMDNA/son_NA24631_GS000037265-ASM/MAP/GS78795-FS3-L07/mapping_GS78795-FS3-L07_002.tsv.bz2	558289417
data/ChineseTrio/HG005_NA24631_son/CompleteGenomics_normal_RMDNA/son_NA24631_GS000037265-ASM/MAP/GS78795-FS3-L07/mapping_GS78795-FS3-L07_003.tsv.bz2	558228104
data/ChineseTrio/HG005_NA24631_son/CompleteGenomics_normal_RMDNA/son_NA24631_GS000037265-ASM/MAP/GS78795-FS3-L07/mapping_GS78795-FS3-L07_004.tsv.bz2	558447321
data/ChineseTrio/HG005_NA24631_son/CompleteGenomics_normal_RMDNA/son_NA24631_GS000037265-ASM/MAP/GS78795-FS3-L07/mapping_GS78795-FS3-L07_005.tsv.bz2	559374118
data/ChineseTrio/HG005_NA24631_son/CompleteGenomics_normal_RMDNA/son_NA24631_GS000037265-ASM/MAP/GS78795-FS3-L07/mapping_GS78795-FS3-L07_006.tsv.bz2	559590348
data/ChineseTrio/HG005_NA24631_son/CompleteGenomics_normal_RMDNA/son_NA24631_GS000037265-ASM/MAP/GS78795-FS3-L07/mapping_GS78795-FS3-L07_007.tsv.bz2	559848701
data/ChineseTrio/HG005_NA24631_son/CompleteGenomics_normal_RMDNA/son_NA24631_GS000037265-ASM/MAP/GS78795-FS3-L07/mapping_GS78795-FS3-L07_008.tsv.bz2	558526127
data/ChineseTrio/HG005_NA24631_son/CompleteGenomics_normal_RMDNA/son_NA24631_GS000037265-ASM/MAP/GS78795-FS3-L07/mapping_GS78795-FS3-L07_009.tsv.bz2	557538111
data/ChineseTrio/HG005_NA24631_son/CompleteGenomics_normal_RMDNA/son_NA24631_GS000037265-ASM/MAP/GS78795-FS3-L07/mapping_GS78795-FS3-L07_010.tsv.bz2	557100361
data/ChineseTrio/HG005_NA24631_son/CompleteGenomics_normal_RMDNA/son_NA24631_GS000037265-ASM/MAP/GS78795-FS3-L07/mapping_GS78795-FS3-L07_011.tsv.bz2	559590100
data/ChineseTrio/HG005_NA24631_son/CompleteGenomics_normal_RMDNA/son_NA24631_GS000037265-ASM/MAP/GS78795-FS3-L07/mapping_GS78795-FS3-L07_012.tsv.bz2	558053297
data/ChineseTrio/HG005_NA24631_son/CompleteGenomics_normal_RMDNA/son_NA24631_GS000037265-ASM/MAP/GS78795-FS3-L07/mapping_GS78795-FS3-L07_013.tsv.bz2	559560017
data/ChineseTrio/HG005_NA24631_son/CompleteGenomics_normal_RMDNA/son_NA24631_GS000037265-ASM/MAP/GS78795-FS3-L07/mapping_GS78795-FS3-L07_014.tsv.bz2	558887350
data/ChineseTrio/HG005_NA24631_son/CompleteGenomics_normal_RMDNA/son_NA24631_GS000037265-ASM/MAP/GS78795-FS3-L07/mapping_GS78795-FS3-L07_015.tsv.bz2	551287403
data/ChineseTrio/HG005_NA24631_son/CompleteGenomics_normal_RMDNA/son_NA24631_GS000037265-ASM/MAP/GS78795-FS3-L07/mapping_GS78795-FS3-L07_016.tsv.bz2	542902172
data/ChineseTrio/HG005_NA24631_son/CompleteGenomics_normal_RMDNA/son_NA24631_GS000037265-ASM/MAP/GS78795-FS3-L07/reads_GS78795-FS3-L07_001.tsv.bz2	1224773708
data/ChineseTrio/HG005_NA24631_son/CompleteGenomics_normal_RMDNA/son_NA24631_GS000037265-ASM/MAP/GS78795-FS3-L07/reads_GS78795-FS3-L07_002.tsv.bz2	1244830959
data/ChineseTrio/HG005_NA24631_son/CompleteGenomics_normal_RMDNA/son_NA24631_GS000037265-ASM/MAP/GS78795-FS3-L07/reads_GS78795-FS3-L07_003.tsv.bz2	1246327495
data/ChineseTrio/HG005_NA24631_son/CompleteGenomics_normal_RMDNA/son_NA24631_GS000037265-ASM/MAP/GS78795-FS3-L07/reads_GS78795-FS3-L07_004.tsv.bz2	1246431535
data/ChineseTrio/HG005_NA24631_son/CompleteGenomics_normal_RMDNA/son_NA24631_GS000037265-ASM/MAP/GS78795-FS3-L07/reads_GS78795-FS3-L07_005.tsv.bz2	1237531468
data/ChineseTrio/HG005_NA24631_son/CompleteGenomics_normal_RMDNA/son_NA24631_GS000037265-ASM/MAP/GS78795-FS3-L07/reads_GS78795-FS3-L07_006.tsv.bz2	1236622821
data/ChineseTrio/HG005_NA24631_son/CompleteGenomics_normal_RMDNA/son_NA24631_GS000037265-ASM/MAP/GS78795-FS3-L07/reads_GS78795-FS3-L07_007.tsv.bz2	1237249835
data/ChineseTrio/HG005_NA24631_son/CompleteGenomics_normal_RMDNA/son_NA24631_GS000037265-ASM/MAP/GS78795-FS3-L07/reads_GS78795-FS3-L07_008.tsv.bz2	1243185320
data/ChineseTrio/HG005_NA24631_son/CompleteGenomics_normal_RMDNA/son_NA24631_GS000037265-ASM/MAP/GS78795-FS3-L07/reads_GS78795-FS3-L07_009.tsv.bz2	1249075724
data/ChineseTrio/HG005_NA24631_son/CompleteGenomics_normal_RMDNA/son_NA24631_GS000037265-ASM/MAP/GS78795-FS3-L07/reads_GS78795-FS3-L07_010.tsv.bz2	1247299975
data/ChineseTrio/HG005_NA24631_son/CompleteGenomics_normal_RMDNA/son_NA24631_GS000037265-ASM/MAP/GS78795-FS3-L07/reads_GS78795-FS3-L07_011.tsv.bz2	1236158276
data/ChineseTrio/HG005_NA24631_son/CompleteGenomics_normal_RMDNA/son_NA24631_GS000037265-ASM/MAP/GS78795-FS3-L07/reads_GS78795-FS3-L07_012.tsv.bz2	1244455727
data/ChineseTrio/HG005_NA24631_son/CompleteGenomics_normal_RMDNA/son_NA24631_GS000037265-ASM/MAP/GS78795-FS3-L07/reads_GS78795-FS3-L07_013.tsv.bz2	1239410887
data/ChineseTrio/HG005_NA24631_son/CompleteGenomics_normal_RMDNA/son_NA24631_GS000037265-ASM/MAP/GS78795-FS3-L07/reads_GS78795-FS3-L07_014.tsv.bz2	1243030339
data/ChineseTrio/HG005_NA24631_son/CompleteGenomics_normal_RMDNA/son_NA24631_GS000037265-ASM/MAP/GS78795-FS3-L07/reads_GS78795-FS3-L07_015.tsv.bz2	1238571327
data/ChineseTrio/HG005_NA24631_son/CompleteGenomics_normal_RMDNA/son_NA24631_GS000037265-ASM/MAP/GS78795-FS3-L07/reads_GS78795-FS3-L07_016.tsv.bz2	1181338858
data/ChineseTrio/HG005_NA24631_son/CompleteGenomics_normal_RMDNA/son_NA24631_GS000037265-ASM/MAP/GS78795-FS3-L08/mapping_GS78795-FS3-L08_001.tsv.bz2	545581164
data/ChineseTrio/HG005_NA24631_son/CompleteGenomics_normal_RMDNA/son_NA24631_GS000037265-ASM/MAP/GS78795-FS3-L08/mapping_GS78795-FS3-L08_002.tsv.bz2	561213435
data/ChineseTrio/HG005_NA24631_son/CompleteGenomics_normal_RMDNA/son_NA24631_GS000037265-ASM/MAP/GS78795-FS3-L08/mapping_GS78795-FS3-L08_003.tsv.bz2	561147912
data/ChineseTrio/HG005_NA24631_son/CompleteGenomics_normal_RMDNA/son_NA24631_GS000037265-ASM/MAP/GS78795-FS3-L08/mapping_GS78795-FS3-L08_004.tsv.bz2	562708444
data/ChineseTrio/HG005_NA24631_son/CompleteGenomics_normal_RMDNA/son_NA24631_GS000037265-ASM/MAP/GS78795-FS3-L08/mapping_GS78795-FS3-L08_005.tsv.bz2	559689445
data/ChineseTrio/HG005_NA24631_son/CompleteGenomics_normal_RMDNA/son_NA24631_GS000037265-ASM/MAP/GS78795-FS3-L08/mapping_GS78795-FS3-L08_006.tsv.bz2	558904473
data/ChineseTrio/HG005_NA24631_son/CompleteGenomics_normal_RMDNA/son_NA24631_GS000037265-ASM/MAP/GS78795-FS3-L08/mapping_GS78795-FS3-L08_007.tsv.bz2	538396138
data/ChineseTrio/HG005_NA24631_son/CompleteGenomics_normal_RMDNA/son_NA24631_GS000037265-ASM/MAP/GS78795-FS3-L08/mapping_GS78795-FS3-L08_008.tsv.bz2	561647499
data/ChineseTrio/HG005_NA24631_son/CompleteGenomics_normal_RMDNA/son_NA24631_GS000037265-ASM/MAP/GS78795-FS3-L08/mapping_GS78795-FS3-L08_009.tsv.bz2	562207237
data/ChineseTrio/HG005_NA24631_son/CompleteGenomics_normal_RMDNA/son_NA24631_GS000037265-ASM/MAP/GS78795-FS3-L08/mapping_GS78795-FS3-L08_010.tsv.bz2	561556785
data/ChineseTrio/HG005_NA24631_son/CompleteGenomics_normal_RMDNA/son_NA24631_GS000037265-ASM/MAP/GS78795-FS3-L08/mapping_GS78795-FS3-L08_011.tsv.bz2	564538791
data/ChineseTrio/HG005_NA24631_son/CompleteGenomics_normal_RMDNA/son_NA24631_GS000037265-ASM/MAP/GS78795-FS3-L08/mapping_GS78795-FS3-L08_012.tsv.bz2	562545168
data/ChineseTrio/HG005_NA24631_son/CompleteGenomics_normal_RMDNA/son_NA24631_GS000037265-ASM/MAP/GS78795-FS3-L08/mapping_GS78795-FS3-L08_013.tsv.bz2	562921995
data/ChineseTrio/HG005_NA24631_son/CompleteGenomics_normal_RMDNA/son_NA24631_GS000037265-ASM/MAP/GS78795-FS3-L08/mapping_GS78795-FS3-L08_014.tsv.bz2	544349264
data/ChineseTrio/HG005_NA24631_son/CompleteGenomics_normal_RMDNA/son_NA24631_GS000037265-ASM/MAP/GS78795-FS3-L08/mapping_GS78795-FS3-L08_015.tsv.bz2	558004996
data/ChineseTrio/HG005_NA24631_son/CompleteGenomics_normal_RMDNA/son_NA24631_GS000037265-ASM/MAP/GS78795-FS3-L08/mapping_GS78795-FS3-L08_016.tsv.bz2	554384459
data/ChineseTrio/HG005_NA24631_son/CompleteGenomics_normal_RMDNA/son_NA24631_GS000037265-ASM/MAP/GS78795-FS3-L08/reads_GS78795-FS3-L08_001.tsv.bz2	1220589557
data/ChineseTrio/HG005_NA24631_son/CompleteGenomics_normal_RMDNA/son_NA24631_GS000037265-ASM/MAP/GS78795-FS3-L08/reads_GS78795-FS3-L08_002.tsv.bz2	1231708975
data/ChineseTrio/HG005_NA24631_son/CompleteGenomics_normal_RMDNA/son_NA24631_GS000037265-ASM/MAP/GS78795-FS3-L08/reads_GS78795-FS3-L08_003.tsv.bz2	1230966481
data/ChineseTrio/HG005_NA24631_son/CompleteGenomics_normal_RMDNA/son_NA24631_GS000037265-ASM/MAP/GS78795-FS3-L08/reads_GS78795-FS3-L08_004.tsv.bz2	1222566266
data/ChineseTrio/HG005_NA24631_son/CompleteGenomics_normal_RMDNA/son_NA24631_GS000037265-ASM/MAP/GS78795-FS3-L08/reads_GS78795-FS3-L08_005.tsv.bz2	1226143438
data/ChineseTrio/HG005_NA24631_son/CompleteGenomics_normal_RMDNA/son_NA24631_GS000037265-ASM/MAP/GS78795-FS3-L08/reads_GS78795-FS3-L08_006.tsv.bz2	1219633681
data/ChineseTrio/HG005_NA24631_son/CompleteGenomics_normal_RMDNA/son_NA24631_GS000037265-ASM/MAP/GS78795-FS3-L08/reads_GS78795-FS3-L08_007.tsv.bz2	1195028511
data/ChineseTrio/HG005_NA24631_son/CompleteGenomics_normal_RMDNA/son_NA24631_GS000037265-ASM/MAP/GS78795-FS3-L08/reads_GS78795-FS3-L08_008.tsv.bz2	1221272704
data/ChineseTrio/HG005_NA24631_son/CompleteGenomics_normal_RMDNA/son_NA24631_GS000037265-ASM/MAP/GS78795-FS3-L08/reads_GS78795-FS3-L08_009.tsv.bz2	1219332286
data/ChineseTrio/HG005_NA24631_son/CompleteGenomics_normal_RMDNA/son_NA24631_GS000037265-ASM/MAP/GS78795-FS3-L08/reads_GS78795-FS3-L08_010.tsv.bz2	1221628588
data/ChineseTrio/HG005_NA24631_son/CompleteGenomics_normal_RMDNA/son_NA24631_GS000037265-ASM/MAP/GS78795-FS3-L08/reads_GS78795-FS3-L08_011.tsv.bz2	1216530962
data/ChineseTrio/HG005_NA24631_son/CompleteGenomics_normal_RMDNA/son_NA24631_GS000037265-ASM/MAP/GS78795-FS3-L08/reads_GS78795-FS3-L08_012.tsv.bz2	1223063800
data/ChineseTrio/HG005_NA24631_son/CompleteGenomics_normal_RMDNA/son_NA24631_GS000037265-ASM/MAP/GS78795-FS3-L08/reads_GS78795-FS3-L08_013.tsv.bz2	1221415981
data/ChineseTrio/HG005_NA24631_son/CompleteGenomics_normal_RMDNA/son_NA24631_GS000037265-ASM/MAP/GS78795-FS3-L08/reads_GS78795-FS3-L08_014.tsv.bz2	1188138945
data/ChineseTrio/HG005_NA24631_son/CompleteGenomics_normal_RMDNA/son_NA24631_GS000037265-ASM/MAP/GS78795-FS3-L08/reads_GS78795-FS3-L08_015.tsv.bz2	1226013940
data/ChineseTrio/HG005_NA24631_son/CompleteGenomics_normal_RMDNA/son_NA24631_GS000037265-ASM/MAP/GS78795-FS3-L08/reads_GS78795-FS3-L08_016.tsv.bz2	1194760064
data/ChineseTrio/HG005_NA24631_son/CompleteGenomics_normal_cellsDNA/README.txt	2854
data/ChineseTrio/HG005_NA24631_son/CompleteGenomics_normal_cellsDNA/son_NA24631_GS000037475-ASM/BAM/chr10_mapping_sorted_header.bam	80499855168
data/ChineseTrio/HG005_NA24631_son/CompleteGenomics_normal_cellsDNA/son_NA24631_GS000037475-ASM/BAM/chr11_mapping_sorted_header.bam	59740486672
data/ChineseTrio/HG005_NA24631_son/CompleteGenomics_normal_cellsDNA/son_NA24631_GS000037475-ASM/BAM/chr12_mapping_sorted_header.bam	54071354701
data/ChineseTrio/HG005_NA24631_son/CompleteGenomics_normal_cellsDNA/son_NA24631_GS000037475-ASM/BAM/chr13_mapping_sorted_header.bam	33750975377
data/ChineseTrio/HG005_NA24631_son/CompleteGenomics_normal_cellsDNA/son_NA24631_GS000037475-ASM/BAM/chr14_mapping_sorted_header.bam	36718195664
data/ChineseTrio/HG005_NA24631_son/CompleteGenomics_normal_cellsDNA/son_NA24631_GS000037475-ASM/BAM/chr15_mapping_sorted_header.bam	36830586896
data/ChineseTrio/HG005_NA24631_son/CompleteGenomics_normal_cellsDNA/son_NA24631_GS000037475-ASM/BAM/chr16_mapping_sorted_header.bam	50129094661
data/ChineseTrio/HG005_NA24631_son/CompleteGenomics_normal_cellsDNA/son_NA24631_GS000037475-ASM/BAM/chr17_mapping_sorted_header.bam	37667246167
data/ChineseTrio/HG005_NA24631_son/CompleteGenomics_normal_cellsDNA/son_NA24631_GS000037475-ASM/BAM/chr18_mapping_sorted_header.bam	30610309052
data/ChineseTrio/HG005_NA24631_son/CompleteGenomics_normal_cellsDNA/son_NA24631_GS000037475-ASM/BAM/chr19_mapping_sorted_header.bam	36255472357
data/ChineseTrio/HG005_NA24631_son/CompleteGenomics_normal_cellsDNA/son_NA24631_GS000037475-ASM/BAM/chr1_mapping_sorted_header.bam	102921117450
data/ChineseTrio/HG005_NA24631_son/CompleteGenomics_normal_cellsDNA/son_NA24631_GS000037475-ASM/BAM/chr20_mapping_sorted_header.bam	24711978455
data/ChineseTrio/HG005_NA24631_son/CompleteGenomics_normal_cellsDNA/son_NA24631_GS000037475-ASM/BAM/chr21_mapping_sorted_header.bam	19967577295
data/ChineseTrio/HG005_NA24631_son/CompleteGenomics_normal_cellsDNA/son_NA24631_GS000037475-ASM/BAM/chr22_mapping_sorted_header.bam	17862808165
data/ChineseTrio/HG005_NA24631_son/CompleteGenomics_normal_cellsDNA/son_NA24631_GS000037475-ASM/BAM/chr2_mapping_sorted_header.bam	108193736208
data/ChineseTrio/HG005_NA24631_son/CompleteGenomics_normal_cellsDNA/son_NA24631_GS000037475-ASM/BAM/chr3_mapping_sorted_header.bam	76302690688
data/ChineseTrio/HG005_NA24631_son/CompleteGenomics_normal_cellsDNA/son_NA24631_GS000037475-ASM/BAM/chr4_mapping_sorted_header.bam	84380283043
data/ChineseTrio/HG005_NA24631_son/CompleteGenomics_normal_cellsDNA/son_NA24631_GS000037475-ASM/BAM/chr5_mapping_sorted_header.bam	75238180214
data/ChineseTrio/HG005_NA24631_son/CompleteGenomics_normal_cellsDNA/son_NA24631_GS000037475-ASM/BAM/chr6_mapping_sorted_header.bam	65776075850
data/ChineseTrio/HG005_NA24631_son/CompleteGenomics_normal_cellsDNA/son_NA24631_GS000037475-ASM/BAM/chr7_mapping_sorted_header.bam	77856049679
data/ChineseTrio/HG005_NA24631_son/CompleteGenomics_normal_cellsDNA/son_NA24631_GS000037475-ASM/BAM/chr8_mapping_sorted_header.bam	66059437731
data/ChineseTrio/HG005_NA24631_son/CompleteGenomics_normal_cellsDNA/son_NA24631_GS000037475-ASM/BAM/chr9_mapping_sorted_header.bam	62128973361
data/ChineseTrio/HG005_NA24631_son/CompleteGenomics_normal_cellsDNA/son_NA24631_GS000037475-ASM/BAM/chrM_mapping_sorted_header.bam	3295053281
data/ChineseTrio/HG005_NA24631_son/CompleteGenomics_normal_cellsDNA/son_NA24631_GS000037475-ASM/BAM/chrX_mapping_sorted_header.bam	54510211062
data/ChineseTrio/HG005_NA24631_son/CompleteGenomics_normal_cellsDNA/son_NA24631_GS000037475-ASM/BAM/chrY_mapping_sorted_header.bam	38252193230
data/ChineseTrio/HG005_NA24631_son/CompleteGenomics_normal_cellsDNA/son_NA24631_GS000037475-ASM/BAM/evidenceDnbs-GS000037475-ASM_sorted.bam	40324546119
data/ChineseTrio/HG005_NA24631_son/CompleteGenomics_normal_cellsDNA/son_NA24631_GS000037475-ASM/BAM/evidenceDnbs-GS000037475-ASM_sorted.bam.bai	7504208
data/ChineseTrio/HG005_NA24631_son/CompleteGenomics_normal_cellsDNA/son_NA24631_GS000037475-ASM/BAM/notMapped_mapping_sorted_header.bam	111782025247
data/ChineseTrio/HG005_NA24631_son/CompleteGenomics_normal_cellsDNA/son_NA24631_GS000037475-ASM/LIB/GS02142-CLS_A06/lib_DNB_GS02142-CLS_A06.tsv	854
data/ChineseTrio/HG005_NA24631_son/CompleteGenomics_normal_cellsDNA/son_NA24631_GS000037475-ASM/LIB/GS02142-CLS_A06/lib_gaps_L0_GS02142-CLS_A06.tsv	300751
data/ChineseTrio/HG005_NA24631_son/CompleteGenomics_normal_cellsDNA/son_NA24631_GS000037475-ASM/LIB/GS02142-CLS_A06/lib_gaps_M_GS02142-CLS_A06.tsv	28176
data/ChineseTrio/HG005_NA24631_son/CompleteGenomics_normal_cellsDNA/son_NA24631_GS000037475-ASM/LIB/GS02142-CLS_A06/lib_gaps_R0_GS02142-CLS_A06.tsv	300751
data/ChineseTrio/HG005_NA24631_son/CompleteGenomics_normal_cellsDNA/son_NA24631_GS000037475-ASM/LIB/GS02142-CLS_A06/lib_gaps_rollup_L_GS02142-CLS_A06.tsv	784
data/ChineseTrio/HG005_NA24631_son/CompleteGenomics_normal_cellsDNA/son_NA24631_GS000037475-ASM/LIB/GS02142-CLS_A06/lib_gaps_rollup_R_GS02142-CLS_A06.tsv	779
data/ChineseTrio/HG005_NA24631_son/CompleteGenomics_normal_cellsDNA/son_NA24631_GS000037475-ASM/MAP/GS77235-FS3-L01/mapping_GS77235-FS3-L01_001.tsv.bz2	539837042
data/ChineseTrio/HG005_NA24631_son/CompleteGenomics_normal_cellsDNA/son_NA24631_GS000037475-ASM/MAP/GS77235-FS3-L01/mapping_GS77235-FS3-L01_002.tsv.bz2	561592805
data/ChineseTrio/HG005_NA24631_son/CompleteGenomics_normal_cellsDNA/son_NA24631_GS000037475-ASM/MAP/GS77235-FS3-L01/mapping_GS77235-FS3-L01_003.tsv.bz2	559477455
data/ChineseTrio/HG005_NA24631_son/CompleteGenomics_normal_cellsDNA/son_NA24631_GS000037475-ASM/MAP/GS77235-FS3-L01/mapping_GS77235-FS3-L01_004.tsv.bz2	570157403
data/ChineseTrio/HG005_NA24631_son/CompleteGenomics_normal_cellsDNA/son_NA24631_GS000037475-ASM/MAP/GS77235-FS3-L01/mapping_GS77235-FS3-L01_005.tsv.bz2	559159090
data/ChineseTrio/HG005_NA24631_son/CompleteGenomics_normal_cellsDNA/son_NA24631_GS000037475-ASM/MAP/GS77235-FS3-L01/mapping_GS77235-FS3-L01_006.tsv.bz2	560589456
data/ChineseTrio/HG005_NA24631_son/CompleteGenomics_normal_cellsDNA/son_NA24631_GS000037475-ASM/MAP/GS77235-FS3-L01/mapping_GS77235-FS3-L01_007.tsv.bz2	560513798
data/ChineseTrio/HG005_NA24631_son/CompleteGenomics_normal_cellsDNA/son_NA24631_GS000037475-ASM/MAP/GS77235-FS3-L01/mapping_GS77235-FS3-L01_008.tsv.bz2	559124718
data/ChineseTrio/HG005_NA24631_son/CompleteGenomics_normal_cellsDNA/son_NA24631_GS000037475-ASM/MAP/GS77235-FS3-L01/mapping_GS77235-FS3-L01_009.tsv.bz2	571968238
data/ChineseTrio/HG005_NA24631_son/CompleteGenomics_normal_cellsDNA/son_NA24631_GS000037475-ASM/MAP/GS77235-FS3-L01/mapping_GS77235-FS3-L01_010.tsv.bz2	549341792
data/ChineseTrio/HG005_NA24631_son/CompleteGenomics_normal_cellsDNA/son_NA24631_GS000037475-ASM/MAP/GS77235-FS3-L01/mapping_GS77235-FS3-L01_011.tsv.bz2	557225921
data/ChineseTrio/HG005_NA24631_son/CompleteGenomics_normal_cellsDNA/son_NA24631_GS000037475-ASM/MAP/GS77235-FS3-L01/mapping_GS77235-FS3-L01_012.tsv.bz2	572463442
data/ChineseTrio/HG005_NA24631_son/CompleteGenomics_normal_cellsDNA/son_NA24631_GS000037475-ASM/MAP/GS77235-FS3-L01/mapping_GS77235-FS3-L01_013.tsv.bz2	558768861
data/ChineseTrio/HG005_NA24631_son/CompleteGenomics_normal_cellsDNA/son_NA24631_GS000037475-ASM/MAP/GS77235-FS3-L01/mapping_GS77235-FS3-L01_014.tsv.bz2	560110660
data/ChineseTrio/HG005_NA24631_son/CompleteGenomics_normal_cellsDNA/son_NA24631_GS000037475-ASM/MAP/GS77235-FS3-L01/mapping_GS77235-FS3-L01_015.tsv.bz2	553705331
data/ChineseTrio/HG005_NA24631_son/CompleteGenomics_normal_cellsDNA/son_NA24631_GS000037475-ASM/MAP/GS77235-FS3-L01/mapping_GS77235-FS3-L01_016.tsv.bz2	516398860
data/ChineseTrio/HG005_NA24631_son/CompleteGenomics_normal_cellsDNA/son_NA24631_GS000037475-ASM/MAP/GS77235-FS3-L01/reads_GS77235-FS3-L01_001.tsv.bz2	1191303834
data/ChineseTrio/HG005_NA24631_son/CompleteGenomics_normal_cellsDNA/son_NA24631_GS000037475-ASM/MAP/GS77235-FS3-L01/reads_GS77235-FS3-L01_002.tsv.bz2	1230351049
data/ChineseTrio/HG005_NA24631_son/CompleteGenomics_normal_cellsDNA/son_NA24631_GS000037475-ASM/MAP/GS77235-FS3-L01/reads_GS77235-FS3-L01_003.tsv.bz2	1233318586
data/ChineseTrio/HG005_NA24631_son/CompleteGenomics_normal_cellsDNA/son_NA24631_GS000037475-ASM/MAP/GS77235-FS3-L01/reads_GS77235-FS3-L01_004.tsv.bz2	1236511395
data/ChineseTrio/HG005_NA24631_son/CompleteGenomics_normal_cellsDNA/son_NA24631_GS000037475-ASM/MAP/GS77235-FS3-L01/reads_GS77235-FS3-L01_005.tsv.bz2	1239441933
data/ChineseTrio/HG005_NA24631_son/CompleteGenomics_normal_cellsDNA/son_NA24631_GS000037475-ASM/MAP/GS77235-FS3-L01/reads_GS77235-FS3-L01_006.tsv.bz2	1237365139
data/ChineseTrio/HG005_NA24631_son/CompleteGenomics_normal_cellsDNA/son_NA24631_GS000037475-ASM/MAP/GS77235-FS3-L01/reads_GS77235-FS3-L01_007.tsv.bz2	1236402083
data/ChineseTrio/HG005_NA24631_son/CompleteGenomics_normal_cellsDNA/son_NA24631_GS000037475-ASM/MAP/GS77235-FS3-L01/reads_GS77235-FS3-L01_008.tsv.bz2	1238694099
data/ChineseTrio/HG005_NA24631_son/CompleteGenomics_normal_cellsDNA/son_NA24631_GS000037475-ASM/MAP/GS77235-FS3-L01/reads_GS77235-FS3-L01_009.tsv.bz2	1240009804
data/ChineseTrio/HG005_NA24631_son/CompleteGenomics_normal_cellsDNA/son_NA24631_GS000037475-ASM/MAP/GS77235-FS3-L01/reads_GS77235-FS3-L01_010.tsv.bz2	1252702422
data/ChineseTrio/HG005_NA24631_son/CompleteGenomics_normal_cellsDNA/son_NA24631_GS000037475-ASM/MAP/GS77235-FS3-L01/reads_GS77235-FS3-L01_011.tsv.bz2	1240607204
data/ChineseTrio/HG005_NA24631_son/CompleteGenomics_normal_cellsDNA/son_NA24631_GS000037475-ASM/MAP/GS77235-FS3-L01/reads_GS77235-FS3-L01_012.tsv.bz2	1229752147
data/ChineseTrio/HG005_NA24631_son/CompleteGenomics_normal_cellsDNA/son_NA24631_GS000037475-ASM/MAP/GS77235-FS3-L01/reads_GS77235-FS3-L01_013.tsv.bz2	1233610283
data/ChineseTrio/HG005_NA24631_son/CompleteGenomics_normal_cellsDNA/son_NA24631_GS000037475-ASM/MAP/GS77235-FS3-L01/reads_GS77235-FS3-L01_014.tsv.bz2	1236015557
data/ChineseTrio/HG005_NA24631_son/CompleteGenomics_normal_cellsDNA/son_NA24631_GS000037475-ASM/MAP/GS77235-FS3-L01/reads_GS77235-FS3-L01_015.tsv.bz2	1218918548
data/ChineseTrio/HG005_NA24631_son/CompleteGenomics_normal_cellsDNA/son_NA24631_GS000037475-ASM/MAP/GS77235-FS3-L01/reads_GS77235-FS3-L01_016.tsv.bz2	1085008708
data/ChineseTrio/HG005_NA24631_son/CompleteGenomics_normal_cellsDNA/son_NA24631_GS000037475-ASM/MAP/GS80170-FS3-L01/mapping_GS80170-FS3-L01_001.tsv.bz2	504726498
data/ChineseTrio/HG005_NA24631_son/CompleteGenomics_normal_cellsDNA/son_NA24631_GS000037475-ASM/MAP/GS80170-FS3-L01/mapping_GS80170-FS3-L01_002.tsv.bz2	536201968
data/ChineseTrio/HG005_NA24631_son/CompleteGenomics_normal_cellsDNA/son_NA24631_GS000037475-ASM/MAP/GS80170-FS3-L01/mapping_GS80170-FS3-L01_003.tsv.bz2	535668011
data/ChineseTrio/HG005_NA24631_son/CompleteGenomics_normal_cellsDNA/son_NA24631_GS000037475-ASM/MAP/GS80170-FS3-L01/mapping_GS80170-FS3-L01_004.tsv.bz2	533046141
data/ChineseTrio/HG005_NA24631_son/CompleteGenomics_normal_cellsDNA/son_NA24631_GS000037475-ASM/MAP/GS80170-FS3-L01/mapping_GS80170-FS3-L01_005.tsv.bz2	536560559
data/ChineseTrio/HG005_NA24631_son/CompleteGenomics_normal_cellsDNA/son_NA24631_GS000037475-ASM/MAP/GS80170-FS3-L01/mapping_GS80170-FS3-L01_006.tsv.bz2	535232735
data/ChineseTrio/HG005_NA24631_son/CompleteGenomics_normal_cellsDNA/son_NA24631_GS000037475-ASM/MAP/GS80170-FS3-L01/mapping_GS80170-FS3-L01_007.tsv.bz2	532576775
data/ChineseTrio/HG005_NA24631_son/CompleteGenomics_normal_cellsDNA/son_NA24631_GS000037475-ASM/MAP/GS80170-FS3-L01/mapping_GS80170-FS3-L01_008.tsv.bz2	532084448
data/ChineseTrio/HG005_NA24631_son/CompleteGenomics_normal_cellsDNA/son_NA24631_GS000037475-ASM/MAP/GS80170-FS3-L01/mapping_GS80170-FS3-L01_009.tsv.bz2	531285133
data/ChineseTrio/HG005_NA24631_son/CompleteGenomics_normal_cellsDNA/son_NA24631_GS000037475-ASM/MAP/GS80170-FS3-L01/mapping_GS80170-FS3-L01_010.tsv.bz2	533505653
data/ChineseTrio/HG005_NA24631_son/CompleteGenomics_normal_cellsDNA/son_NA24631_GS000037475-ASM/MAP/GS80170-FS3-L01/mapping_GS80170-FS3-L01_011.tsv.bz2	531304393
data/ChineseTrio/HG005_NA24631_son/CompleteGenomics_normal_cellsDNA/son_NA24631_GS000037475-ASM/MAP/GS80170-FS3-L01/mapping_GS80170-FS3-L01_012.tsv.bz2	529043019
data/ChineseTrio/HG005_NA24631_son/CompleteGenomics_normal_cellsDNA/son_NA24631_GS000037475-ASM/MAP/GS80170-FS3-L01/mapping_GS80170-FS3-L01_013.tsv.bz2	519920248
data/ChineseTrio/HG005_NA24631_son/CompleteGenomics_normal_cellsDNA/son_NA24631_GS000037475-ASM/MAP/GS80170-FS3-L01/mapping_GS80170-FS3-L01_014.tsv.bz2	505154213
data/ChineseTrio/HG005_NA24631_son/CompleteGenomics_normal_cellsDNA/son_NA24631_GS000037475-ASM/MAP/GS80170-FS3-L01/mapping_GS80170-FS3-L01_015.tsv.bz2	528952416
data/ChineseTrio/HG005_NA24631_son/CompleteGenomics_normal_cellsDNA/son_NA24631_GS000037475-ASM/MAP/GS80170-FS3-L01/mapping_GS80170-FS3-L01_016.tsv.bz2	532038941
data/ChineseTrio/HG005_NA24631_son/CompleteGenomics_normal_cellsDNA/son_NA24631_GS000037475-ASM/MAP/GS80170-FS3-L01/mapping_GS80170-FS3-L01_017.tsv.bz2	252161440
data/ChineseTrio/HG005_NA24631_son/CompleteGenomics_normal_cellsDNA/son_NA24631_GS000037475-ASM/MAP/GS80170-FS3-L01/reads_GS80170-FS3-L01_001.tsv.bz2	1216427610
data/ChineseTrio/HG005_NA24631_son/CompleteGenomics_normal_cellsDNA/son_NA24631_GS000037475-ASM/MAP/GS80170-FS3-L01/reads_GS80170-FS3-L01_002.tsv.bz2	1311718206
data/ChineseTrio/HG005_NA24631_son/CompleteGenomics_normal_cellsDNA/son_NA24631_GS000037475-ASM/MAP/GS80170-FS3-L01/reads_GS80170-FS3-L01_003.tsv.bz2	1315731549
data/ChineseTrio/HG005_NA24631_son/CompleteGenomics_normal_cellsDNA/son_NA24631_GS000037475-ASM/MAP/GS80170-FS3-L01/reads_GS80170-FS3-L01_004.tsv.bz2	1321653854
data/ChineseTrio/HG005_NA24631_son/CompleteGenomics_normal_cellsDNA/son_NA24631_GS000037475-ASM/MAP/GS80170-FS3-L01/reads_GS80170-FS3-L01_005.tsv.bz2	1314138215
data/ChineseTrio/HG005_NA24631_son/CompleteGenomics_normal_cellsDNA/son_NA24631_GS000037475-ASM/MAP/GS80170-FS3-L01/reads_GS80170-FS3-L01_006.tsv.bz2	1315327034
data/ChineseTrio/HG005_NA24631_son/CompleteGenomics_normal_cellsDNA/son_NA24631_GS000037475-ASM/MAP/GS80170-FS3-L01/reads_GS80170-FS3-L01_007.tsv.bz2	1321664538
data/ChineseTrio/HG005_NA24631_son/CompleteGenomics_normal_cellsDNA/son_NA24631_GS000037475-ASM/MAP/GS80170-FS3-L01/reads_GS80170-FS3-L01_008.tsv.bz2	1325345542
data/ChineseTrio/HG005_NA24631_son/CompleteGenomics_normal_cellsDNA/son_NA24631_GS000037475-ASM/MAP/GS80170-FS3-L01/reads_GS80170-FS3-L01_009.tsv.bz2	1328917802
data/ChineseTrio/HG005_NA24631_son/CompleteGenomics_normal_cellsDNA/son_NA24631_GS000037475-ASM/MAP/GS80170-FS3-L01/reads_GS80170-FS3-L01_010.tsv.bz2	1319195504
data/ChineseTrio/HG005_NA24631_son/CompleteGenomics_normal_cellsDNA/son_NA24631_GS000037475-ASM/MAP/GS80170-FS3-L01/reads_GS80170-FS3-L01_011.tsv.bz2	1327937444
data/ChineseTrio/HG005_NA24631_son/CompleteGenomics_normal_cellsDNA/son_NA24631_GS000037475-ASM/MAP/GS80170-FS3-L01/reads_GS80170-FS3-L01_012.tsv.bz2	1333785848
data/ChineseTrio/HG005_NA24631_son/CompleteGenomics_normal_cellsDNA/son_NA24631_GS000037475-ASM/MAP/GS80170-FS3-L01/reads_GS80170-FS3-L01_013.tsv.bz2	1358619179
data/ChineseTrio/HG005_NA24631_son/CompleteGenomics_normal_cellsDNA/son_NA24631_GS000037475-ASM/MAP/GS80170-FS3-L01/reads_GS80170-FS3-L01_014.tsv.bz2	1373750978
data/ChineseTrio/HG005_NA24631_son/CompleteGenomics_normal_cellsDNA/son_NA24631_GS000037475-ASM/MAP/GS80170-FS3-L01/reads_GS80170-FS3-L01_015.tsv.bz2	1336084717
data/ChineseTrio/HG005_NA24631_son/CompleteGenomics_normal_cellsDNA/son_NA24631_GS000037475-ASM/MAP/GS80170-FS3-L01/reads_GS80170-FS3-L01_016.tsv.bz2	1321744404
data/ChineseTrio/HG005_NA24631_son/CompleteGenomics_normal_cellsDNA/son_NA24631_GS000037475-ASM/MAP/GS80170-FS3-L01/reads_GS80170-FS3-L01_017.tsv.bz2	637069280
data/ChineseTrio/HG005_NA24631_son/CompleteGenomics_normal_cellsDNA/son_NA24631_GS000037475-ASM/MAP/GS80170-FS3-L02/mapping_GS80170-FS3-L02_001.tsv.bz2	486305116
data/ChineseTrio/HG005_NA24631_son/CompleteGenomics_normal_cellsDNA/son_NA24631_GS000037475-ASM/MAP/GS80170-FS3-L02/mapping_GS80170-FS3-L02_002.tsv.bz2	531279187
data/ChineseTrio/HG005_NA24631_son/CompleteGenomics_normal_cellsDNA/son_NA24631_GS000037475-ASM/MAP/GS80170-FS3-L02/mapping_GS80170-FS3-L02_003.tsv.bz2	534908664
data/ChineseTrio/HG005_NA24631_son/CompleteGenomics_normal_cellsDNA/son_NA24631_GS000037475-ASM/MAP/GS80170-FS3-L02/mapping_GS80170-FS3-L02_004.tsv.bz2	538410474
data/ChineseTrio/HG005_NA24631_son/CompleteGenomics_normal_cellsDNA/son_NA24631_GS000037475-ASM/MAP/GS80170-FS3-L02/mapping_GS80170-FS3-L02_005.tsv.bz2	534031129
data/ChineseTrio/HG005_NA24631_son/CompleteGenomics_normal_cellsDNA/son_NA24631_GS000037475-ASM/MAP/GS80170-FS3-L02/mapping_GS80170-FS3-L02_006.tsv.bz2	535754843
data/ChineseTrio/HG005_NA24631_son/CompleteGenomics_normal_cellsDNA/son_NA24631_GS000037475-ASM/MAP/GS80170-FS3-L02/mapping_GS80170-FS3-L02_007.tsv.bz2	530908875
data/ChineseTrio/HG005_NA24631_son/CompleteGenomics_normal_cellsDNA/son_NA24631_GS000037475-ASM/MAP/GS80170-FS3-L02/mapping_GS80170-FS3-L02_008.tsv.bz2	529441049
data/ChineseTrio/HG005_NA24631_son/CompleteGenomics_normal_cellsDNA/son_NA24631_GS000037475-ASM/MAP/GS80170-FS3-L02/mapping_GS80170-FS3-L02_009.tsv.bz2	529377343
data/ChineseTrio/HG005_NA24631_son/CompleteGenomics_normal_cellsDNA/son_NA24631_GS000037475-ASM/MAP/GS80170-FS3-L02/mapping_GS80170-FS3-L02_010.tsv.bz2	530835434
data/ChineseTrio/HG005_NA24631_son/CompleteGenomics_normal_cellsDNA/son_NA24631_GS000037475-ASM/MAP/GS80170-FS3-L02/mapping_GS80170-FS3-L02_011.tsv.bz2	538522827
data/ChineseTrio/HG005_NA24631_son/CompleteGenomics_normal_cellsDNA/son_NA24631_GS000037475-ASM/MAP/GS80170-FS3-L02/mapping_GS80170-FS3-L02_012.tsv.bz2	529547509
data/ChineseTrio/HG005_NA24631_son/CompleteGenomics_normal_cellsDNA/son_NA24631_GS000037475-ASM/MAP/GS80170-FS3-L02/mapping_GS80170-FS3-L02_013.tsv.bz2	528370628
data/ChineseTrio/HG005_NA24631_son/CompleteGenomics_normal_cellsDNA/son_NA24631_GS000037475-ASM/MAP/GS80170-FS3-L02/mapping_GS80170-FS3-L02_014.tsv.bz2	528591254
data/ChineseTrio/HG005_NA24631_son/CompleteGenomics_normal_cellsDNA/son_NA24631_GS000037475-ASM/MAP/GS80170-FS3-L02/mapping_GS80170-FS3-L02_015.tsv.bz2	539082096
data/ChineseTrio/HG005_NA24631_son/CompleteGenomics_normal_cellsDNA/son_NA24631_GS000037475-ASM/MAP/GS80170-FS3-L02/mapping_GS80170-FS3-L02_016.tsv.bz2	531887977
data/ChineseTrio/HG005_NA24631_son/CompleteGenomics_normal_cellsDNA/son_NA24631_GS000037475-ASM/MAP/GS80170-FS3-L02/mapping_GS80170-FS3-L02_017.tsv.bz2	238958512
data/ChineseTrio/HG005_NA24631_son/CompleteGenomics_normal_cellsDNA/son_NA24631_GS000037475-ASM/MAP/GS80170-FS3-L02/reads_GS80170-FS3-L02_001.tsv.bz2	1243851143
data/ChineseTrio/HG005_NA24631_son/CompleteGenomics_normal_cellsDNA/son_NA24631_GS000037475-ASM/MAP/GS80170-FS3-L02/reads_GS80170-FS3-L02_002.tsv.bz2	1321522666
data/ChineseTrio/HG005_NA24631_son/CompleteGenomics_normal_cellsDNA/son_NA24631_GS000037475-ASM/MAP/GS80170-FS3-L02/reads_GS80170-FS3-L02_003.tsv.bz2	1314516413
data/ChineseTrio/HG005_NA24631_son/CompleteGenomics_normal_cellsDNA/son_NA24631_GS000037475-ASM/MAP/GS80170-FS3-L02/reads_GS80170-FS3-L02_004.tsv.bz2	1304883151
data/ChineseTrio/HG005_NA24631_son/CompleteGenomics_normal_cellsDNA/son_NA24631_GS000037475-ASM/MAP/GS80170-FS3-L02/reads_GS80170-FS3-L02_005.tsv.bz2	1314098183
data/ChineseTrio/HG005_NA24631_son/CompleteGenomics_normal_cellsDNA/son_NA24631_GS000037475-ASM/MAP/GS80170-FS3-L02/reads_GS80170-FS3-L02_006.tsv.bz2	1309411014
data/ChineseTrio/HG005_NA24631_son/CompleteGenomics_normal_cellsDNA/son_NA24631_GS000037475-ASM/MAP/GS80170-FS3-L02/reads_GS80170-FS3-L02_007.tsv.bz2	1324043580
data/ChineseTrio/HG005_NA24631_son/CompleteGenomics_normal_cellsDNA/son_NA24631_GS000037475-ASM/MAP/GS80170-FS3-L02/reads_GS80170-FS3-L02_008.tsv.bz2	1328582279
data/ChineseTrio/HG005_NA24631_son/CompleteGenomics_normal_cellsDNA/son_NA24631_GS000037475-ASM/MAP/GS80170-FS3-L02/reads_GS80170-FS3-L02_009.tsv.bz2	1328156463
data/ChineseTrio/HG005_NA24631_son/CompleteGenomics_normal_cellsDNA/son_NA24631_GS000037475-ASM/MAP/GS80170-FS3-L02/reads_GS80170-FS3-L02_010.tsv.bz2	1323976226
data/ChineseTrio/HG005_NA24631_son/CompleteGenomics_normal_cellsDNA/son_NA24631_GS000037475-ASM/MAP/GS80170-FS3-L02/reads_GS80170-FS3-L02_011.tsv.bz2	1304133707
data/ChineseTrio/HG005_NA24631_son/CompleteGenomics_normal_cellsDNA/son_NA24631_GS000037475-ASM/MAP/GS80170-FS3-L02/reads_GS80170-FS3-L02_012.tsv.bz2	1328948000
data/ChineseTrio/HG005_NA24631_son/CompleteGenomics_normal_cellsDNA/son_NA24631_GS000037475-ASM/MAP/GS80170-FS3-L02/reads_GS80170-FS3-L02_013.tsv.bz2	1332112705
data/ChineseTrio/HG005_NA24631_son/CompleteGenomics_normal_cellsDNA/son_NA24631_GS000037475-ASM/MAP/GS80170-FS3-L02/reads_GS80170-FS3-L02_014.tsv.bz2	1329709898
data/ChineseTrio/HG005_NA24631_son/CompleteGenomics_normal_cellsDNA/son_NA24631_GS000037475-ASM/MAP/GS80170-FS3-L02/reads_GS80170-FS3-L02_015.tsv.bz2	1297972329
data/ChineseTrio/HG005_NA24631_son/CompleteGenomics_normal_cellsDNA/son_NA24631_GS000037475-ASM/MAP/GS80170-FS3-L02/reads_GS80170-FS3-L02_016.tsv.bz2	1310122403
data/ChineseTrio/HG005_NA24631_son/CompleteGenomics_normal_cellsDNA/son_NA24631_GS000037475-ASM/MAP/GS80170-FS3-L02/reads_GS80170-FS3-L02_017.tsv.bz2	576767635
data/ChineseTrio/HG005_NA24631_son/CompleteGenomics_normal_cellsDNA/son_NA24631_GS000037475-ASM/MAP/GS80170-FS3-L03/mapping_GS80170-FS3-L03_001.tsv.bz2	515206561
data/ChineseTrio/HG005_NA24631_son/CompleteGenomics_normal_cellsDNA/son_NA24631_GS000037475-ASM/MAP/GS80170-FS3-L03/mapping_GS80170-FS3-L03_002.tsv.bz2	545395094
data/ChineseTrio/HG005_NA24631_son/CompleteGenomics_normal_cellsDNA/son_NA24631_GS000037475-ASM/MAP/GS80170-FS3-L03/mapping_GS80170-FS3-L03_003.tsv.bz2	540833518
data/ChineseTrio/HG005_NA24631_son/CompleteGenomics_normal_cellsDNA/son_NA24631_GS000037475-ASM/MAP/GS80170-FS3-L03/mapping_GS80170-FS3-L03_004.tsv.bz2	539063648
data/ChineseTrio/HG005_NA24631_son/CompleteGenomics_normal_cellsDNA/son_NA24631_GS000037475-ASM/MAP/GS80170-FS3-L03/mapping_GS80170-FS3-L03_005.tsv.bz2	544757706
data/ChineseTrio/HG005_NA24631_son/CompleteGenomics_normal_cellsDNA/son_NA24631_GS000037475-ASM/MAP/GS80170-FS3-L03/mapping_GS80170-FS3-L03_006.tsv.bz2	544907290
data/ChineseTrio/HG005_NA24631_son/CompleteGenomics_normal_cellsDNA/son_NA24631_GS000037475-ASM/MAP/GS80170-FS3-L03/mapping_GS80170-FS3-L03_007.tsv.bz2	542630204
data/ChineseTrio/HG005_NA24631_son/CompleteGenomics_normal_cellsDNA/son_NA24631_GS000037475-ASM/MAP/GS80170-FS3-L03/mapping_GS80170-FS3-L03_008.tsv.bz2	542668165
data/ChineseTrio/HG005_NA24631_son/CompleteGenomics_normal_cellsDNA/son_NA24631_GS000037475-ASM/MAP/GS80170-FS3-L03/mapping_GS80170-FS3-L03_009.tsv.bz2	542507831
data/ChineseTrio/HG005_NA24631_son/CompleteGenomics_normal_cellsDNA/son_NA24631_GS000037475-ASM/MAP/GS80170-FS3-L03/mapping_GS80170-FS3-L03_010.tsv.bz2	543226657
data/ChineseTrio/HG005_NA24631_son/CompleteGenomics_normal_cellsDNA/son_NA24631_GS000037475-ASM/MAP/GS80170-FS3-L03/mapping_GS80170-FS3-L03_011.tsv.bz2	543035347
data/ChineseTrio/HG005_NA24631_son/CompleteGenomics_normal_cellsDNA/son_NA24631_GS000037475-ASM/MAP/GS80170-FS3-L03/mapping_GS80170-FS3-L03_012.tsv.bz2	539273240
data/ChineseTrio/HG005_NA24631_son/CompleteGenomics_normal_cellsDNA/son_NA24631_GS000037475-ASM/MAP/GS80170-FS3-L03/mapping_GS80170-FS3-L03_013.tsv.bz2	538605829
data/ChineseTrio/HG005_NA24631_son/CompleteGenomics_normal_cellsDNA/son_NA24631_GS000037475-ASM/MAP/GS80170-FS3-L03/mapping_GS80170-FS3-L03_014.tsv.bz2	537183880
data/ChineseTrio/HG005_NA24631_son/CompleteGenomics_normal_cellsDNA/son_NA24631_GS000037475-ASM/MAP/GS80170-FS3-L03/mapping_GS80170-FS3-L03_015.tsv.bz2	545922466
data/ChineseTrio/HG005_NA24631_son/CompleteGenomics_normal_cellsDNA/son_NA24631_GS000037475-ASM/MAP/GS80170-FS3-L03/mapping_GS80170-FS3-L03_016.tsv.bz2	538111867
data/ChineseTrio/HG005_NA24631_son/CompleteGenomics_normal_cellsDNA/son_NA24631_GS000037475-ASM/MAP/GS80170-FS3-L03/mapping_GS80170-FS3-L03_017.tsv.bz2	272288157
data/ChineseTrio/HG005_NA24631_son/CompleteGenomics_normal_cellsDNA/son_NA24631_GS000037475-ASM/MAP/GS80170-FS3-L03/reads_GS80170-FS3-L03_001.tsv.bz2	1195710474
data/ChineseTrio/HG005_NA24631_son/CompleteGenomics_normal_cellsDNA/son_NA24631_GS000037475-ASM/MAP/GS80170-FS3-L03/reads_GS80170-FS3-L03_002.tsv.bz2	1298440932
data/ChineseTrio/HG005_NA24631_son/CompleteGenomics_normal_cellsDNA/son_NA24631_GS000037475-ASM/MAP/GS80170-FS3-L03/reads_GS80170-FS3-L03_003.tsv.bz2	1312352536
data/ChineseTrio/HG005_NA24631_son/CompleteGenomics_normal_cellsDNA/son_NA24631_GS000037475-ASM/MAP/GS80170-FS3-L03/reads_GS80170-FS3-L03_004.tsv.bz2	1318232107
data/ChineseTrio/HG005_NA24631_son/CompleteGenomics_normal_cellsDNA/son_NA24631_GS000037475-ASM/MAP/GS80170-FS3-L03/reads_GS80170-FS3-L03_005.tsv.bz2	1299309090
data/ChineseTrio/HG005_NA24631_son/CompleteGenomics_normal_cellsDNA/son_NA24631_GS000037475-ASM/MAP/GS80170-FS3-L03/reads_GS80170-FS3-L03_006.tsv.bz2	1299523221
data/ChineseTrio/HG005_NA24631_son/CompleteGenomics_normal_cellsDNA/son_NA24631_GS000037475-ASM/MAP/GS80170-FS3-L03/reads_GS80170-FS3-L03_007.tsv.bz2	1307821041
data/ChineseTrio/HG005_NA24631_son/CompleteGenomics_normal_cellsDNA/son_NA24631_GS000037475-ASM/MAP/GS80170-FS3-L03/reads_GS80170-FS3-L03_008.tsv.bz2	1312954171
data/ChineseTrio/HG005_NA24631_son/CompleteGenomics_normal_cellsDNA/son_NA24631_GS000037475-ASM/MAP/GS80170-FS3-L03/reads_GS80170-FS3-L03_009.tsv.bz2	1308713141
data/ChineseTrio/HG005_NA24631_son/CompleteGenomics_normal_cellsDNA/son_NA24631_GS000037475-ASM/MAP/GS80170-FS3-L03/reads_GS80170-FS3-L03_010.tsv.bz2	1309460946
data/ChineseTrio/HG005_NA24631_son/CompleteGenomics_normal_cellsDNA/son_NA24631_GS000037475-ASM/MAP/GS80170-FS3-L03/reads_GS80170-FS3-L03_011.tsv.bz2	1304962577
data/ChineseTrio/HG005_NA24631_son/CompleteGenomics_normal_cellsDNA/son_NA24631_GS000037475-ASM/MAP/GS80170-FS3-L03/reads_GS80170-FS3-L03_012.tsv.bz2	1320778309
data/ChineseTrio/HG005_NA24631_son/CompleteGenomics_normal_cellsDNA/son_NA24631_GS000037475-ASM/MAP/GS80170-FS3-L03/reads_GS80170-FS3-L03_013.tsv.bz2	1325631985
data/ChineseTrio/HG005_NA24631_son/CompleteGenomics_normal_cellsDNA/son_NA24631_GS000037475-ASM/MAP/GS80170-FS3-L03/reads_GS80170-FS3-L03_014.tsv.bz2	1323921620
data/ChineseTrio/HG005_NA24631_son/CompleteGenomics_normal_cellsDNA/son_NA24631_GS000037475-ASM/MAP/GS80170-FS3-L03/reads_GS80170-FS3-L03_015.tsv.bz2	1296284414
data/ChineseTrio/HG005_NA24631_son/CompleteGenomics_normal_cellsDNA/son_NA24631_GS000037475-ASM/MAP/GS80170-FS3-L03/reads_GS80170-FS3-L03_016.tsv.bz2	1303973646
data/ChineseTrio/HG005_NA24631_son/CompleteGenomics_normal_cellsDNA/son_NA24631_GS000037475-ASM/MAP/GS80170-FS3-L03/reads_GS80170-FS3-L03_017.tsv.bz2	659898977
data/ChineseTrio/HG005_NA24631_son/CompleteGenomics_normal_cellsDNA/son_NA24631_GS000037475-ASM/MAP/GS80170-FS3-L04/mapping_GS80170-FS3-L04_001.tsv.bz2	517610066
data/ChineseTrio/HG005_NA24631_son/CompleteGenomics_normal_cellsDNA/son_NA24631_GS000037475-ASM/MAP/GS80170-FS3-L04/mapping_GS80170-FS3-L04_002.tsv.bz2	549217852
data/ChineseTrio/HG005_NA24631_son/CompleteGenomics_normal_cellsDNA/son_NA24631_GS000037475-ASM/MAP/GS80170-FS3-L04/mapping_GS80170-FS3-L04_003.tsv.bz2	545069663
data/ChineseTrio/HG005_NA24631_son/CompleteGenomics_normal_cellsDNA/son_NA24631_GS000037475-ASM/MAP/GS80170-FS3-L04/mapping_GS80170-FS3-L04_004.tsv.bz2	545698177
data/ChineseTrio/HG005_NA24631_son/CompleteGenomics_normal_cellsDNA/son_NA24631_GS000037475-ASM/MAP/GS80170-FS3-L04/mapping_GS80170-FS3-L04_005.tsv.bz2	546217092
data/ChineseTrio/HG005_NA24631_son/CompleteGenomics_normal_cellsDNA/son_NA24631_GS000037475-ASM/MAP/GS80170-FS3-L04/mapping_GS80170-FS3-L04_006.tsv.bz2	546701324
data/ChineseTrio/HG005_NA24631_son/CompleteGenomics_normal_cellsDNA/son_NA24631_GS000037475-ASM/MAP/GS80170-FS3-L04/mapping_GS80170-FS3-L04_007.tsv.bz2	545031345
data/ChineseTrio/HG005_NA24631_son/CompleteGenomics_normal_cellsDNA/son_NA24631_GS000037475-ASM/MAP/GS80170-FS3-L04/mapping_GS80170-FS3-L04_008.tsv.bz2	543152062
data/ChineseTrio/HG005_NA24631_son/CompleteGenomics_normal_cellsDNA/son_NA24631_GS000037475-ASM/MAP/GS80170-FS3-L04/mapping_GS80170-FS3-L04_009.tsv.bz2	543018529
data/ChineseTrio/HG005_NA24631_son/CompleteGenomics_normal_cellsDNA/son_NA24631_GS000037475-ASM/MAP/GS80170-FS3-L04/mapping_GS80170-FS3-L04_010.tsv.bz2	545842980
data/ChineseTrio/HG005_NA24631_son/CompleteGenomics_normal_cellsDNA/son_NA24631_GS000037475-ASM/MAP/GS80170-FS3-L04/mapping_GS80170-FS3-L04_011.tsv.bz2	546152689
data/ChineseTrio/HG005_NA24631_son/CompleteGenomics_normal_cellsDNA/son_NA24631_GS000037475-ASM/MAP/GS80170-FS3-L04/mapping_GS80170-FS3-L04_012.tsv.bz2	541210933
data/ChineseTrio/HG005_NA24631_son/CompleteGenomics_normal_cellsDNA/son_NA24631_GS000037475-ASM/MAP/GS80170-FS3-L04/mapping_GS80170-FS3-L04_013.tsv.bz2	539826104
data/ChineseTrio/HG005_NA24631_son/CompleteGenomics_normal_cellsDNA/son_NA24631_GS000037475-ASM/MAP/GS80170-FS3-L04/mapping_GS80170-FS3-L04_014.tsv.bz2	535664126
data/ChineseTrio/HG005_NA24631_son/CompleteGenomics_normal_cellsDNA/son_NA24631_GS000037475-ASM/MAP/GS80170-FS3-L04/mapping_GS80170-FS3-L04_015.tsv.bz2	542941158
data/ChineseTrio/HG005_NA24631_son/CompleteGenomics_normal_cellsDNA/son_NA24631_GS000037475-ASM/MAP/GS80170-FS3-L04/mapping_GS80170-FS3-L04_016.tsv.bz2	533036373
data/ChineseTrio/HG005_NA24631_son/CompleteGenomics_normal_cellsDNA/son_NA24631_GS000037475-ASM/MAP/GS80170-FS3-L04/mapping_GS80170-FS3-L04_017.tsv.bz2	274835759
data/ChineseTrio/HG005_NA24631_son/CompleteGenomics_normal_cellsDNA/son_NA24631_GS000037475-ASM/MAP/GS80170-FS3-L04/reads_GS80170-FS3-L04_001.tsv.bz2	1186073959
data/ChineseTrio/HG005_NA24631_son/CompleteGenomics_normal_cellsDNA/son_NA24631_GS000037475-ASM/MAP/GS80170-FS3-L04/reads_GS80170-FS3-L04_002.tsv.bz2	1285598310
data/ChineseTrio/HG005_NA24631_son/CompleteGenomics_normal_cellsDNA/son_NA24631_GS000037475-ASM/MAP/GS80170-FS3-L04/reads_GS80170-FS3-L04_003.tsv.bz2	1299683649
data/ChineseTrio/HG005_NA24631_son/CompleteGenomics_normal_cellsDNA/son_NA24631_GS000037475-ASM/MAP/GS80170-FS3-L04/reads_GS80170-FS3-L04_004.tsv.bz2	1302628608
data/ChineseTrio/HG005_NA24631_son/CompleteGenomics_normal_cellsDNA/son_NA24631_GS000037475-ASM/MAP/GS80170-FS3-L04/reads_GS80170-FS3-L04_005.tsv.bz2	1297258444
data/ChineseTrio/HG005_NA24631_son/CompleteGenomics_normal_cellsDNA/son_NA24631_GS000037475-ASM/MAP/GS80170-FS3-L04/reads_GS80170-FS3-L04_006.tsv.bz2	1294514513
data/ChineseTrio/HG005_NA24631_son/CompleteGenomics_normal_cellsDNA/son_NA24631_GS000037475-ASM/MAP/GS80170-FS3-L04/reads_GS80170-FS3-L04_007.tsv.bz2	1310490350
data/ChineseTrio/HG005_NA24631_son/CompleteGenomics_normal_cellsDNA/son_NA24631_GS000037475-ASM/MAP/GS80170-FS3-L04/reads_GS80170-FS3-L04_008.tsv.bz2	1317212015
data/ChineseTrio/HG005_NA24631_son/CompleteGenomics_normal_cellsDNA/son_NA24631_GS000037475-ASM/MAP/GS80170-FS3-L04/reads_GS80170-FS3-L04_009.tsv.bz2	1311689747
data/ChineseTrio/HG005_NA24631_son/CompleteGenomics_normal_cellsDNA/son_NA24631_GS000037475-ASM/MAP/GS80170-FS3-L04/reads_GS80170-FS3-L04_010.tsv.bz2	1306154639
data/ChineseTrio/HG005_NA24631_son/CompleteGenomics_normal_cellsDNA/son_NA24631_GS000037475-ASM/MAP/GS80170-FS3-L04/reads_GS80170-FS3-L04_011.tsv.bz2	1296430565
data/ChineseTrio/HG005_NA24631_son/CompleteGenomics_normal_cellsDNA/son_NA24631_GS000037475-ASM/MAP/GS80170-FS3-L04/reads_GS80170-FS3-L04_012.tsv.bz2	1315568676
data/ChineseTrio/HG005_NA24631_son/CompleteGenomics_normal_cellsDNA/son_NA24631_GS000037475-ASM/MAP/GS80170-FS3-L04/reads_GS80170-FS3-L04_013.tsv.bz2	1320994970
data/ChineseTrio/HG005_NA24631_son/CompleteGenomics_normal_cellsDNA/son_NA24631_GS000037475-ASM/MAP/GS80170-FS3-L04/reads_GS80170-FS3-L04_014.tsv.bz2	1324685202
data/ChineseTrio/HG005_NA24631_son/CompleteGenomics_normal_cellsDNA/son_NA24631_GS000037475-ASM/MAP/GS80170-FS3-L04/reads_GS80170-FS3-L04_015.tsv.bz2	1302746383
data/ChineseTrio/HG005_NA24631_son/CompleteGenomics_normal_cellsDNA/son_NA24631_GS000037475-ASM/MAP/GS80170-FS3-L04/reads_GS80170-FS3-L04_016.tsv.bz2	1309328202
data/ChineseTrio/HG005_NA24631_son/CompleteGenomics_normal_cellsDNA/son_NA24631_GS000037475-ASM/MAP/GS80170-FS3-L04/reads_GS80170-FS3-L04_017.tsv.bz2	670675684
data/ChineseTrio/HG005_NA24631_son/CompleteGenomics_normal_cellsDNA/son_NA24631_GS000037475-ASM/MAP/GS80170-FS3-L05/mapping_GS80170-FS3-L05_001.tsv.bz2	520046544
data/ChineseTrio/HG005_NA24631_son/CompleteGenomics_normal_cellsDNA/son_NA24631_GS000037475-ASM/MAP/GS80170-FS3-L05/mapping_GS80170-FS3-L05_002.tsv.bz2	545800922
data/ChineseTrio/HG005_NA24631_son/CompleteGenomics_normal_cellsDNA/son_NA24631_GS000037475-ASM/MAP/GS80170-FS3-L05/mapping_GS80170-FS3-L05_003.tsv.bz2	544012416
data/ChineseTrio/HG005_NA24631_son/CompleteGenomics_normal_cellsDNA/son_NA24631_GS000037475-ASM/MAP/GS80170-FS3-L05/mapping_GS80170-FS3-L05_004.tsv.bz2	541168714
data/ChineseTrio/HG005_NA24631_son/CompleteGenomics_normal_cellsDNA/son_NA24631_GS000037475-ASM/MAP/GS80170-FS3-L05/mapping_GS80170-FS3-L05_005.tsv.bz2	541003227
data/ChineseTrio/HG005_NA24631_son/CompleteGenomics_normal_cellsDNA/son_NA24631_GS000037475-ASM/MAP/GS80170-FS3-L05/mapping_GS80170-FS3-L05_006.tsv.bz2	542597075
data/ChineseTrio/HG005_NA24631_son/CompleteGenomics_normal_cellsDNA/son_NA24631_GS000037475-ASM/MAP/GS80170-FS3-L05/mapping_GS80170-FS3-L05_007.tsv.bz2	539181570
data/ChineseTrio/HG005_NA24631_son/CompleteGenomics_normal_cellsDNA/son_NA24631_GS000037475-ASM/MAP/GS80170-FS3-L05/mapping_GS80170-FS3-L05_008.tsv.bz2	539346233
data/ChineseTrio/HG005_NA24631_son/CompleteGenomics_normal_cellsDNA/son_NA24631_GS000037475-ASM/MAP/GS80170-FS3-L05/mapping_GS80170-FS3-L05_009.tsv.bz2	540693410
data/ChineseTrio/HG005_NA24631_son/CompleteGenomics_normal_cellsDNA/son_NA24631_GS000037475-ASM/MAP/GS80170-FS3-L05/mapping_GS80170-FS3-L05_010.tsv.bz2	540400209
data/ChineseTrio/HG005_NA24631_son/CompleteGenomics_normal_cellsDNA/son_NA24631_GS000037475-ASM/MAP/GS80170-FS3-L05/mapping_GS80170-FS3-L05_011.tsv.bz2	542811439
data/ChineseTrio/HG005_NA24631_son/CompleteGenomics_normal_cellsDNA/son_NA24631_GS000037475-ASM/MAP/GS80170-FS3-L05/mapping_GS80170-FS3-L05_012.tsv.bz2	539624705
data/ChineseTrio/HG005_NA24631_son/CompleteGenomics_normal_cellsDNA/son_NA24631_GS000037475-ASM/MAP/GS80170-FS3-L05/mapping_GS80170-FS3-L05_013.tsv.bz2	537681784
data/ChineseTrio/HG005_NA24631_son/CompleteGenomics_normal_cellsDNA/son_NA24631_GS000037475-ASM/MAP/GS80170-FS3-L05/mapping_GS80170-FS3-L05_014.tsv.bz2	538164990
data/ChineseTrio/HG005_NA24631_son/CompleteGenomics_normal_cellsDNA/son_NA24631_GS000037475-ASM/MAP/GS80170-FS3-L05/mapping_GS80170-FS3-L05_015.tsv.bz2	542565777
data/ChineseTrio/HG005_NA24631_son/CompleteGenomics_normal_cellsDNA/son_NA24631_GS000037475-ASM/MAP/GS80170-FS3-L05/mapping_GS80170-FS3-L05_016.tsv.bz2	532956272
data/ChineseTrio/HG005_NA24631_son/CompleteGenomics_normal_cellsDNA/son_NA24631_GS000037475-ASM/MAP/GS80170-FS3-L05/mapping_GS80170-FS3-L05_017.tsv.bz2	283849436
data/ChineseTrio/HG005_NA24631_son/CompleteGenomics_normal_cellsDNA/son_NA24631_GS000037475-ASM/MAP/GS80170-FS3-L05/reads_GS80170-FS3-L05_001.tsv.bz2	1243392686
data/ChineseTrio/HG005_NA24631_son/CompleteGenomics_normal_cellsDNA/son_NA24631_GS000037475-ASM/MAP/GS80170-FS3-L05/reads_GS80170-FS3-L05_002.tsv.bz2	1293827683
data/ChineseTrio/HG005_NA24631_son/CompleteGenomics_normal_cellsDNA/son_NA24631_GS000037475-ASM/MAP/GS80170-FS3-L05/reads_GS80170-FS3-L05_003.tsv.bz2	1300612597
data/ChineseTrio/HG005_NA24631_son/CompleteGenomics_normal_cellsDNA/son_NA24631_GS000037475-ASM/MAP/GS80170-FS3-L05/reads_GS80170-FS3-L05_004.tsv.bz2	1311970429
data/ChineseTrio/HG005_NA24631_son/CompleteGenomics_normal_cellsDNA/son_NA24631_GS000037475-ASM/MAP/GS80170-FS3-L05/reads_GS80170-FS3-L05_005.tsv.bz2	1310855645
data/ChineseTrio/HG005_NA24631_son/CompleteGenomics_normal_cellsDNA/son_NA24631_GS000037475-ASM/MAP/GS80170-FS3-L05/reads_GS80170-FS3-L05_006.tsv.bz2	1304969943
data/ChineseTrio/HG005_NA24631_son/CompleteGenomics_normal_cellsDNA/son_NA24631_GS000037475-ASM/MAP/GS80170-FS3-L05/reads_GS80170-FS3-L05_007.tsv.bz2	1319811838
data/ChineseTrio/HG005_NA24631_son/CompleteGenomics_normal_cellsDNA/son_NA24631_GS000037475-ASM/MAP/GS80170-FS3-L05/reads_GS80170-FS3-L05_008.tsv.bz2	1321252537
data/ChineseTrio/HG005_NA24631_son/CompleteGenomics_normal_cellsDNA/son_NA24631_GS000037475-ASM/MAP/GS80170-FS3-L05/reads_GS80170-FS3-L05_009.tsv.bz2	1316841123
data/ChineseTrio/HG005_NA24631_son/CompleteGenomics_normal_cellsDNA/son_NA24631_GS000037475-ASM/MAP/GS80170-FS3-L05/reads_GS80170-FS3-L05_010.tsv.bz2	1316119420
data/ChineseTrio/HG005_NA24631_son/CompleteGenomics_normal_cellsDNA/son_NA24631_GS000037475-ASM/MAP/GS80170-FS3-L05/reads_GS80170-FS3-L05_011.tsv.bz2	1306036604
data/ChineseTrio/HG005_NA24631_son/CompleteGenomics_normal_cellsDNA/son_NA24631_GS000037475-ASM/MAP/GS80170-FS3-L05/reads_GS80170-FS3-L05_012.tsv.bz2	1319072869
data/ChineseTrio/HG005_NA24631_son/CompleteGenomics_normal_cellsDNA/son_NA24631_GS000037475-ASM/MAP/GS80170-FS3-L05/reads_GS80170-FS3-L05_013.tsv.bz2	1324101106
data/ChineseTrio/HG005_NA24631_son/CompleteGenomics_normal_cellsDNA/son_NA24631_GS000037475-ASM/MAP/GS80170-FS3-L05/reads_GS80170-FS3-L05_014.tsv.bz2	1321144243
data/ChineseTrio/HG005_NA24631_son/CompleteGenomics_normal_cellsDNA/son_NA24631_GS000037475-ASM/MAP/GS80170-FS3-L05/reads_GS80170-FS3-L05_015.tsv.bz2	1306652217
data/ChineseTrio/HG005_NA24631_son/CompleteGenomics_normal_cellsDNA/son_NA24631_GS000037475-ASM/MAP/GS80170-FS3-L05/reads_GS80170-FS3-L05_016.tsv.bz2	1314605906
data/ChineseTrio/HG005_NA24631_son/CompleteGenomics_normal_cellsDNA/son_NA24631_GS000037475-ASM/MAP/GS80170-FS3-L05/reads_GS80170-FS3-L05_017.tsv.bz2	692381167
data/ChineseTrio/HG005_NA24631_son/CompleteGenomics_normal_cellsDNA/son_NA24631_GS000037475-ASM/MAP/GS80170-FS3-L06/mapping_GS80170-FS3-L06_001.tsv.bz2	516881886
data/ChineseTrio/HG005_NA24631_son/CompleteGenomics_normal_cellsDNA/son_NA24631_GS000037475-ASM/MAP/GS80170-FS3-L06/mapping_GS80170-FS3-L06_002.tsv.bz2	548585292
data/ChineseTrio/HG005_NA24631_son/CompleteGenomics_normal_cellsDNA/son_NA24631_GS000037475-ASM/MAP/GS80170-FS3-L06/mapping_GS80170-FS3-L06_003.tsv.bz2	547097956
data/ChineseTrio/HG005_NA24631_son/CompleteGenomics_normal_cellsDNA/son_NA24631_GS000037475-ASM/MAP/GS80170-FS3-L06/mapping_GS80170-FS3-L06_004.tsv.bz2	546380492
data/ChineseTrio/HG005_NA24631_son/CompleteGenomics_normal_cellsDNA/son_NA24631_GS000037475-ASM/MAP/GS80170-FS3-L06/mapping_GS80170-FS3-L06_005.tsv.bz2	549632745
data/ChineseTrio/HG005_NA24631_son/CompleteGenomics_normal_cellsDNA/son_NA24631_GS000037475-ASM/MAP/GS80170-FS3-L06/mapping_GS80170-FS3-L06_006.tsv.bz2	544475869
data/ChineseTrio/HG005_NA24631_son/CompleteGenomics_normal_cellsDNA/son_NA24631_GS000037475-ASM/MAP/GS80170-FS3-L06/mapping_GS80170-FS3-L06_007.tsv.bz2	543144474
data/ChineseTrio/HG005_NA24631_son/CompleteGenomics_normal_cellsDNA/son_NA24631_GS000037475-ASM/MAP/GS80170-FS3-L06/mapping_GS80170-FS3-L06_008.tsv.bz2	543352477
data/ChineseTrio/HG005_NA24631_son/CompleteGenomics_normal_cellsDNA/son_NA24631_GS000037475-ASM/MAP/GS80170-FS3-L06/mapping_GS80170-FS3-L06_009.tsv.bz2	542913622
data/ChineseTrio/HG005_NA24631_son/CompleteGenomics_normal_cellsDNA/son_NA24631_GS000037475-ASM/MAP/GS80170-FS3-L06/mapping_GS80170-FS3-L06_010.tsv.bz2	544248606
data/ChineseTrio/HG005_NA24631_son/CompleteGenomics_normal_cellsDNA/son_NA24631_GS000037475-ASM/MAP/GS80170-FS3-L06/mapping_GS80170-FS3-L06_011.tsv.bz2	546214328
data/ChineseTrio/HG005_NA24631_son/CompleteGenomics_normal_cellsDNA/son_NA24631_GS000037475-ASM/MAP/GS80170-FS3-L06/mapping_GS80170-FS3-L06_012.tsv.bz2	537833351
data/ChineseTrio/HG005_NA24631_son/CompleteGenomics_normal_cellsDNA/son_NA24631_GS000037475-ASM/MAP/GS80170-FS3-L06/mapping_GS80170-FS3-L06_013.tsv.bz2	534682685
data/ChineseTrio/HG005_NA24631_son/CompleteGenomics_normal_cellsDNA/son_NA24631_GS000037475-ASM/MAP/GS80170-FS3-L06/mapping_GS80170-FS3-L06_014.tsv.bz2	532334052
data/ChineseTrio/HG005_NA24631_son/CompleteGenomics_normal_cellsDNA/son_NA24631_GS000037475-ASM/MAP/GS80170-FS3-L06/mapping_GS80170-FS3-L06_015.tsv.bz2	542131416
data/ChineseTrio/HG005_NA24631_son/CompleteGenomics_normal_cellsDNA/son_NA24631_GS000037475-ASM/MAP/GS80170-FS3-L06/mapping_GS80170-FS3-L06_016.tsv.bz2	532054076
data/ChineseTrio/HG005_NA24631_son/CompleteGenomics_normal_cellsDNA/son_NA24631_GS000037475-ASM/MAP/GS80170-FS3-L06/mapping_GS80170-FS3-L06_017.tsv.bz2	269290533
data/ChineseTrio/HG005_NA24631_son/CompleteGenomics_normal_cellsDNA/son_NA24631_GS000037475-ASM/MAP/GS80170-FS3-L06/reads_GS80170-FS3-L06_001.tsv.bz2	1193118330
data/ChineseTrio/HG005_NA24631_son/CompleteGenomics_normal_cellsDNA/son_NA24631_GS000037475-ASM/MAP/GS80170-FS3-L06/reads_GS80170-FS3-L06_002.tsv.bz2	1289302417
data/ChineseTrio/HG005_NA24631_son/CompleteGenomics_normal_cellsDNA/son_NA24631_GS000037475-ASM/MAP/GS80170-FS3-L06/reads_GS80170-FS3-L06_003.tsv.bz2	1293843779
data/ChineseTrio/HG005_NA24631_son/CompleteGenomics_normal_cellsDNA/son_NA24631_GS000037475-ASM/MAP/GS80170-FS3-L06/reads_GS80170-FS3-L06_004.tsv.bz2	1295934966
data/ChineseTrio/HG005_NA24631_son/CompleteGenomics_normal_cellsDNA/son_NA24631_GS000037475-ASM/MAP/GS80170-FS3-L06/reads_GS80170-FS3-L06_005.tsv.bz2	1287155700
data/ChineseTrio/HG005_NA24631_son/CompleteGenomics_normal_cellsDNA/son_NA24631_GS000037475-ASM/MAP/GS80170-FS3-L06/reads_GS80170-FS3-L06_006.tsv.bz2	1295721596
data/ChineseTrio/HG005_NA24631_son/CompleteGenomics_normal_cellsDNA/son_NA24631_GS000037475-ASM/MAP/GS80170-FS3-L06/reads_GS80170-FS3-L06_007.tsv.bz2	1300016612
data/ChineseTrio/HG005_NA24631_son/CompleteGenomics_normal_cellsDNA/son_NA24631_GS000037475-ASM/MAP/GS80170-FS3-L06/reads_GS80170-FS3-L06_008.tsv.bz2	1305481007
data/ChineseTrio/HG005_NA24631_son/CompleteGenomics_normal_cellsDNA/son_NA24631_GS000037475-ASM/MAP/GS80170-FS3-L06/reads_GS80170-FS3-L06_009.tsv.bz2	1308812237
data/ChineseTrio/HG005_NA24631_son/CompleteGenomics_normal_cellsDNA/son_NA24631_GS000037475-ASM/MAP/GS80170-FS3-L06/reads_GS80170-FS3-L06_010.tsv.bz2	1301918920
data/ChineseTrio/HG005_NA24631_son/CompleteGenomics_normal_cellsDNA/son_NA24631_GS000037475-ASM/MAP/GS80170-FS3-L06/reads_GS80170-FS3-L06_011.tsv.bz2	1294795763
data/ChineseTrio/HG005_NA24631_son/CompleteGenomics_normal_cellsDNA/son_NA24631_GS000037475-ASM/MAP/GS80170-FS3-L06/reads_GS80170-FS3-L06_012.tsv.bz2	1323967951
data/ChineseTrio/HG005_NA24631_son/CompleteGenomics_normal_cellsDNA/son_NA24631_GS000037475-ASM/MAP/GS80170-FS3-L06/reads_GS80170-FS3-L06_013.tsv.bz2	1333224475
data/ChineseTrio/HG005_NA24631_son/CompleteGenomics_normal_cellsDNA/son_NA24631_GS000037475-ASM/MAP/GS80170-FS3-L06/reads_GS80170-FS3-L06_014.tsv.bz2	1334362609
data/ChineseTrio/HG005_NA24631_son/CompleteGenomics_normal_cellsDNA/son_NA24631_GS000037475-ASM/MAP/GS80170-FS3-L06/reads_GS80170-FS3-L06_015.tsv.bz2	1306213106
data/ChineseTrio/HG005_NA24631_son/CompleteGenomics_normal_cellsDNA/son_NA24631_GS000037475-ASM/MAP/GS80170-FS3-L06/reads_GS80170-FS3-L06_016.tsv.bz2	1315069024
data/ChineseTrio/HG005_NA24631_son/CompleteGenomics_normal_cellsDNA/son_NA24631_GS000037475-ASM/MAP/GS80170-FS3-L06/reads_GS80170-FS3-L06_017.tsv.bz2	666116148
data/ChineseTrio/HG005_NA24631_son/CompleteGenomics_normal_cellsDNA/son_NA24631_GS000037475-ASM/MAP/GS80170-FS3-L07/mapping_GS80170-FS3-L07_001.tsv.bz2	514430276
data/ChineseTrio/HG005_NA24631_son/CompleteGenomics_normal_cellsDNA/son_NA24631_GS000037475-ASM/MAP/GS80170-FS3-L07/mapping_GS80170-FS3-L07_002.tsv.bz2	544189383
data/ChineseTrio/HG005_NA24631_son/CompleteGenomics_normal_cellsDNA/son_NA24631_GS000037475-ASM/MAP/GS80170-FS3-L07/mapping_GS80170-FS3-L07_003.tsv.bz2	543318011
data/ChineseTrio/HG005_NA24631_son/CompleteGenomics_normal_cellsDNA/son_NA24631_GS000037475-ASM/MAP/GS80170-FS3-L07/mapping_GS80170-FS3-L07_004.tsv.bz2	539471841
data/ChineseTrio/HG005_NA24631_son/CompleteGenomics_normal_cellsDNA/son_NA24631_GS000037475-ASM/MAP/GS80170-FS3-L07/mapping_GS80170-FS3-L07_005.tsv.bz2	541187460
data/ChineseTrio/HG005_NA24631_son/CompleteGenomics_normal_cellsDNA/son_NA24631_GS000037475-ASM/MAP/GS80170-FS3-L07/mapping_GS80170-FS3-L07_006.tsv.bz2	537207650
data/ChineseTrio/HG005_NA24631_son/CompleteGenomics_normal_cellsDNA/son_NA24631_GS000037475-ASM/MAP/GS80170-FS3-L07/mapping_GS80170-FS3-L07_007.tsv.bz2	535846065
data/ChineseTrio/HG005_NA24631_son/CompleteGenomics_normal_cellsDNA/son_NA24631_GS000037475-ASM/MAP/GS80170-FS3-L07/mapping_GS80170-FS3-L07_008.tsv.bz2	534655795
data/ChineseTrio/HG005_NA24631_son/CompleteGenomics_normal_cellsDNA/son_NA24631_GS000037475-ASM/MAP/GS80170-FS3-L07/mapping_GS80170-FS3-L07_009.tsv.bz2	536333912
data/ChineseTrio/HG005_NA24631_son/CompleteGenomics_normal_cellsDNA/son_NA24631_GS000037475-ASM/MAP/GS80170-FS3-L07/mapping_GS80170-FS3-L07_010.tsv.bz2	539378896
data/ChineseTrio/HG005_NA24631_son/CompleteGenomics_normal_cellsDNA/son_NA24631_GS000037475-ASM/MAP/GS80170-FS3-L07/mapping_GS80170-FS3-L07_011.tsv.bz2	537897728
data/ChineseTrio/HG005_NA24631_son/CompleteGenomics_normal_cellsDNA/son_NA24631_GS000037475-ASM/MAP/GS80170-FS3-L07/mapping_GS80170-FS3-L07_012.tsv.bz2	534100612
data/ChineseTrio/HG005_NA24631_son/CompleteGenomics_normal_cellsDNA/son_NA24631_GS000037475-ASM/MAP/GS80170-FS3-L07/mapping_GS80170-FS3-L07_013.tsv.bz2	530951800
data/ChineseTrio/HG005_NA24631_son/CompleteGenomics_normal_cellsDNA/son_NA24631_GS000037475-ASM/MAP/GS80170-FS3-L07/mapping_GS80170-FS3-L07_014.tsv.bz2	531180036
data/ChineseTrio/HG005_NA24631_son/CompleteGenomics_normal_cellsDNA/son_NA24631_GS000037475-ASM/MAP/GS80170-FS3-L07/mapping_GS80170-FS3-L07_015.tsv.bz2	537054868
data/ChineseTrio/HG005_NA24631_son/CompleteGenomics_normal_cellsDNA/son_NA24631_GS000037475-ASM/MAP/GS80170-FS3-L07/mapping_GS80170-FS3-L07_016.tsv.bz2	526061308
data/ChineseTrio/HG005_NA24631_son/CompleteGenomics_normal_cellsDNA/son_NA24631_GS000037475-ASM/MAP/GS80170-FS3-L07/mapping_GS80170-FS3-L07_017.tsv.bz2	270427020
data/ChineseTrio/HG005_NA24631_son/CompleteGenomics_normal_cellsDNA/son_NA24631_GS000037475-ASM/MAP/GS80170-FS3-L07/reads_GS80170-FS3-L07_001.tsv.bz2	1202513563
data/ChineseTrio/HG005_NA24631_son/CompleteGenomics_normal_cellsDNA/son_NA24631_GS000037475-ASM/MAP/GS80170-FS3-L07/reads_GS80170-FS3-L07_002.tsv.bz2	1295939338
data/ChineseTrio/HG005_NA24631_son/CompleteGenomics_normal_cellsDNA/son_NA24631_GS000037475-ASM/MAP/GS80170-FS3-L07/reads_GS80170-FS3-L07_003.tsv.bz2	1300025102
data/ChineseTrio/HG005_NA24631_son/CompleteGenomics_normal_cellsDNA/son_NA24631_GS000037475-ASM/MAP/GS80170-FS3-L07/reads_GS80170-FS3-L07_004.tsv.bz2	1313872759
data/ChineseTrio/HG005_NA24631_son/CompleteGenomics_normal_cellsDNA/son_NA24631_GS000037475-ASM/MAP/GS80170-FS3-L07/reads_GS80170-FS3-L07_005.tsv.bz2	1310840159
data/ChineseTrio/HG005_NA24631_son/CompleteGenomics_normal_cellsDNA/son_NA24631_GS000037475-ASM/MAP/GS80170-FS3-L07/reads_GS80170-FS3-L07_006.tsv.bz2	1316865529
data/ChineseTrio/HG005_NA24631_son/CompleteGenomics_normal_cellsDNA/son_NA24631_GS000037475-ASM/MAP/GS80170-FS3-L07/reads_GS80170-FS3-L07_007.tsv.bz2	1322365937
data/ChineseTrio/HG005_NA24631_son/CompleteGenomics_normal_cellsDNA/son_NA24631_GS000037475-ASM/MAP/GS80170-FS3-L07/reads_GS80170-FS3-L07_008.tsv.bz2	1331935902
data/ChineseTrio/HG005_NA24631_son/CompleteGenomics_normal_cellsDNA/son_NA24631_GS000037475-ASM/MAP/GS80170-FS3-L07/reads_GS80170-FS3-L07_009.tsv.bz2	1323110999
data/ChineseTrio/HG005_NA24631_son/CompleteGenomics_normal_cellsDNA/son_NA24631_GS000037475-ASM/MAP/GS80170-FS3-L07/reads_GS80170-FS3-L07_010.tsv.bz2	1307060595
data/ChineseTrio/HG005_NA24631_son/CompleteGenomics_normal_cellsDNA/son_NA24631_GS000037475-ASM/MAP/GS80170-FS3-L07/reads_GS80170-FS3-L07_011.tsv.bz2	1309111159
data/ChineseTrio/HG005_NA24631_son/CompleteGenomics_normal_cellsDNA/son_NA24631_GS000037475-ASM/MAP/GS80170-FS3-L07/reads_GS80170-FS3-L07_012.tsv.bz2	1326927629
data/ChineseTrio/HG005_NA24631_son/CompleteGenomics_normal_cellsDNA/son_NA24631_GS000037475-ASM/MAP/GS80170-FS3-L07/reads_GS80170-FS3-L07_013.tsv.bz2	1335203561
data/ChineseTrio/HG005_NA24631_son/CompleteGenomics_normal_cellsDNA/son_NA24631_GS000037475-ASM/MAP/GS80170-FS3-L07/reads_GS80170-FS3-L07_014.tsv.bz2	1333686499
data/ChineseTrio/HG005_NA24631_son/CompleteGenomics_normal_cellsDNA/son_NA24631_GS000037475-ASM/MAP/GS80170-FS3-L07/reads_GS80170-FS3-L07_015.tsv.bz2	1311322189
data/ChineseTrio/HG005_NA24631_son/CompleteGenomics_normal_cellsDNA/son_NA24631_GS000037475-ASM/MAP/GS80170-FS3-L07/reads_GS80170-FS3-L07_016.tsv.bz2	1315071238
data/ChineseTrio/HG005_NA24631_son/CompleteGenomics_normal_cellsDNA/son_NA24631_GS000037475-ASM/MAP/GS80170-FS3-L07/reads_GS80170-FS3-L07_017.tsv.bz2	663792576
data/ChineseTrio/HG005_NA24631_son/CompleteGenomics_normal_cellsDNA/son_NA24631_GS000037475-ASM/MAP/GS80170-FS3-L08/mapping_GS80170-FS3-L08_001.tsv.bz2	513319493
data/ChineseTrio/HG005_NA24631_son/CompleteGenomics_normal_cellsDNA/son_NA24631_GS000037475-ASM/MAP/GS80170-FS3-L08/mapping_GS80170-FS3-L08_002.tsv.bz2	539886270
data/ChineseTrio/HG005_NA24631_son/CompleteGenomics_normal_cellsDNA/son_NA24631_GS000037475-ASM/MAP/GS80170-FS3-L08/mapping_GS80170-FS3-L08_003.tsv.bz2	539294029
data/ChineseTrio/HG005_NA24631_son/CompleteGenomics_normal_cellsDNA/son_NA24631_GS000037475-ASM/MAP/GS80170-FS3-L08/mapping_GS80170-FS3-L08_004.tsv.bz2	536984972
data/ChineseTrio/HG005_NA24631_son/CompleteGenomics_normal_cellsDNA/son_NA24631_GS000037475-ASM/MAP/GS80170-FS3-L08/mapping_GS80170-FS3-L08_005.tsv.bz2	540888651
data/ChineseTrio/HG005_NA24631_son/CompleteGenomics_normal_cellsDNA/son_NA24631_GS000037475-ASM/MAP/GS80170-FS3-L08/mapping_GS80170-FS3-L08_006.tsv.bz2	536829356
data/ChineseTrio/HG005_NA24631_son/CompleteGenomics_normal_cellsDNA/son_NA24631_GS000037475-ASM/MAP/GS80170-FS3-L08/mapping_GS80170-FS3-L08_007.tsv.bz2	537115374
data/ChineseTrio/HG005_NA24631_son/CompleteGenomics_normal_cellsDNA/son_NA24631_GS000037475-ASM/MAP/GS80170-FS3-L08/mapping_GS80170-FS3-L08_008.tsv.bz2	537047390
data/ChineseTrio/HG005_NA24631_son/CompleteGenomics_normal_cellsDNA/son_NA24631_GS000037475-ASM/MAP/GS80170-FS3-L08/mapping_GS80170-FS3-L08_009.tsv.bz2	535127594
data/ChineseTrio/HG005_NA24631_son/CompleteGenomics_normal_cellsDNA/son_NA24631_GS000037475-ASM/MAP/GS80170-FS3-L08/mapping_GS80170-FS3-L08_010.tsv.bz2	537760090
data/ChineseTrio/HG005_NA24631_son/CompleteGenomics_normal_cellsDNA/son_NA24631_GS000037475-ASM/MAP/GS80170-FS3-L08/mapping_GS80170-FS3-L08_011.tsv.bz2	520197139
data/ChineseTrio/HG005_NA24631_son/CompleteGenomics_normal_cellsDNA/son_NA24631_GS000037475-ASM/MAP/GS80170-FS3-L08/mapping_GS80170-FS3-L08_012.tsv.bz2	529692307
data/ChineseTrio/HG005_NA24631_son/CompleteGenomics_normal_cellsDNA/son_NA24631_GS000037475-ASM/MAP/GS80170-FS3-L08/mapping_GS80170-FS3-L08_013.tsv.bz2	530583973
data/ChineseTrio/HG005_NA24631_son/CompleteGenomics_normal_cellsDNA/son_NA24631_GS000037475-ASM/MAP/GS80170-FS3-L08/mapping_GS80170-FS3-L08_014.tsv.bz2	529430086
data/ChineseTrio/HG005_NA24631_son/CompleteGenomics_normal_cellsDNA/son_NA24631_GS000037475-ASM/MAP/GS80170-FS3-L08/mapping_GS80170-FS3-L08_015.tsv.bz2	525427808
data/ChineseTrio/HG005_NA24631_son/CompleteGenomics_normal_cellsDNA/son_NA24631_GS000037475-ASM/MAP/GS80170-FS3-L08/mapping_GS80170-FS3-L08_016.tsv.bz2	531338219
data/ChineseTrio/HG005_NA24631_son/CompleteGenomics_normal_cellsDNA/son_NA24631_GS000037475-ASM/MAP/GS80170-FS3-L08/mapping_GS80170-FS3-L08_017.tsv.bz2	302360140
data/ChineseTrio/HG005_NA24631_son/CompleteGenomics_normal_cellsDNA/son_NA24631_GS000037475-ASM/MAP/GS80170-FS3-L08/reads_GS80170-FS3-L08_001.tsv.bz2	1212770770
data/ChineseTrio/HG005_NA24631_son/CompleteGenomics_normal_cellsDNA/son_NA24631_GS000037475-ASM/MAP/GS80170-FS3-L08/reads_GS80170-FS3-L08_002.tsv.bz2	1310115772
data/ChineseTrio/HG005_NA24631_son/CompleteGenomics_normal_cellsDNA/son_NA24631_GS000037475-ASM/MAP/GS80170-FS3-L08/reads_GS80170-FS3-L08_003.tsv.bz2	1316764964
data/ChineseTrio/HG005_NA24631_son/CompleteGenomics_normal_cellsDNA/son_NA24631_GS000037475-ASM/MAP/GS80170-FS3-L08/reads_GS80170-FS3-L08_004.tsv.bz2	1327618663
data/ChineseTrio/HG005_NA24631_son/CompleteGenomics_normal_cellsDNA/son_NA24631_GS000037475-ASM/MAP/GS80170-FS3-L08/reads_GS80170-FS3-L08_005.tsv.bz2	1312017123
data/ChineseTrio/HG005_NA24631_son/CompleteGenomics_normal_cellsDNA/son_NA24631_GS000037475-ASM/MAP/GS80170-FS3-L08/reads_GS80170-FS3-L08_006.tsv.bz2	1324519642
data/ChineseTrio/HG005_NA24631_son/CompleteGenomics_normal_cellsDNA/son_NA24631_GS000037475-ASM/MAP/GS80170-FS3-L08/reads_GS80170-FS3-L08_007.tsv.bz2	1325013369
data/ChineseTrio/HG005_NA24631_son/CompleteGenomics_normal_cellsDNA/son_NA24631_GS000037475-ASM/MAP/GS80170-FS3-L08/reads_GS80170-FS3-L08_008.tsv.bz2	1328545242
data/ChineseTrio/HG005_NA24631_son/CompleteGenomics_normal_cellsDNA/son_NA24631_GS000037475-ASM/MAP/GS80170-FS3-L08/reads_GS80170-FS3-L08_009.tsv.bz2	1337488286
data/ChineseTrio/HG005_NA24631_son/CompleteGenomics_normal_cellsDNA/son_NA24631_GS000037475-ASM/MAP/GS80170-FS3-L08/reads_GS80170-FS3-L08_010.tsv.bz2	1321338873
data/ChineseTrio/HG005_NA24631_son/CompleteGenomics_normal_cellsDNA/son_NA24631_GS000037475-ASM/MAP/GS80170-FS3-L08/reads_GS80170-FS3-L08_011.tsv.bz2	1285357104
data/ChineseTrio/HG005_NA24631_son/CompleteGenomics_normal_cellsDNA/son_NA24631_GS000037475-ASM/MAP/GS80170-FS3-L08/reads_GS80170-FS3-L08_012.tsv.bz2	1343664675
data/ChineseTrio/HG005_NA24631_son/CompleteGenomics_normal_cellsDNA/son_NA24631_GS000037475-ASM/MAP/GS80170-FS3-L08/reads_GS80170-FS3-L08_013.tsv.bz2	1345829235
data/ChineseTrio/HG005_NA24631_son/CompleteGenomics_normal_cellsDNA/son_NA24631_GS000037475-ASM/MAP/GS80170-FS3-L08/reads_GS80170-FS3-L08_014.tsv.bz2	1343483236
data/ChineseTrio/HG005_NA24631_son/CompleteGenomics_normal_cellsDNA/son_NA24631_GS000037475-ASM/MAP/GS80170-FS3-L08/reads_GS80170-FS3-L08_015.tsv.bz2	1257036326
data/ChineseTrio/HG005_NA24631_son/CompleteGenomics_normal_cellsDNA/son_NA24631_GS000037475-ASM/MAP/GS80170-FS3-L08/reads_GS80170-FS3-L08_016.tsv.bz2	1313465045
data/ChineseTrio/HG005_NA24631_son/CompleteGenomics_normal_cellsDNA/son_NA24631_GS000037475-ASM/MAP/GS80170-FS3-L08/reads_GS80170-FS3-L08_017.tsv.bz2	733098365
data/ChineseTrio/HG005_NA24631_son/CompleteGenomics_normal_cellsDNA/son_NA24631_GS000037475-ASM/MAP/GS80171-FS3-L01/mapping_GS80171-FS3-L01_001.tsv.bz2	498514226
data/ChineseTrio/HG005_NA24631_son/CompleteGenomics_normal_cellsDNA/son_NA24631_GS000037475-ASM/MAP/GS80171-FS3-L01/mapping_GS80171-FS3-L01_002.tsv.bz2	536809368
data/ChineseTrio/HG005_NA24631_son/CompleteGenomics_normal_cellsDNA/son_NA24631_GS000037475-ASM/MAP/GS80171-FS3-L01/mapping_GS80171-FS3-L01_003.tsv.bz2	537113209
data/ChineseTrio/HG005_NA24631_son/CompleteGenomics_normal_cellsDNA/son_NA24631_GS000037475-ASM/MAP/GS80171-FS3-L01/mapping_GS80171-FS3-L01_004.tsv.bz2	535192531
data/ChineseTrio/HG005_NA24631_son/CompleteGenomics_normal_cellsDNA/son_NA24631_GS000037475-ASM/MAP/GS80171-FS3-L01/mapping_GS80171-FS3-L01_005.tsv.bz2	535385087
data/ChineseTrio/HG005_NA24631_son/CompleteGenomics_normal_cellsDNA/son_NA24631_GS000037475-ASM/MAP/GS80171-FS3-L01/mapping_GS80171-FS3-L01_006.tsv.bz2	534889588
data/ChineseTrio/HG005_NA24631_son/CompleteGenomics_normal_cellsDNA/son_NA24631_GS000037475-ASM/MAP/GS80171-FS3-L01/mapping_GS80171-FS3-L01_007.tsv.bz2	533271616
data/ChineseTrio/HG005_NA24631_son/CompleteGenomics_normal_cellsDNA/son_NA24631_GS000037475-ASM/MAP/GS80171-FS3-L01/mapping_GS80171-FS3-L01_008.tsv.bz2	532408041
data/ChineseTrio/HG005_NA24631_son/CompleteGenomics_normal_cellsDNA/son_NA24631_GS000037475-ASM/MAP/GS80171-FS3-L01/mapping_GS80171-FS3-L01_009.tsv.bz2	531651284
data/ChineseTrio/HG005_NA24631_son/CompleteGenomics_normal_cellsDNA/son_NA24631_GS000037475-ASM/MAP/GS80171-FS3-L01/mapping_GS80171-FS3-L01_010.tsv.bz2	531954949
data/ChineseTrio/HG005_NA24631_son/CompleteGenomics_normal_cellsDNA/son_NA24631_GS000037475-ASM/MAP/GS80171-FS3-L01/mapping_GS80171-FS3-L01_011.tsv.bz2	530945605
data/ChineseTrio/HG005_NA24631_son/CompleteGenomics_normal_cellsDNA/son_NA24631_GS000037475-ASM/MAP/GS80171-FS3-L01/mapping_GS80171-FS3-L01_012.tsv.bz2	527799793
data/ChineseTrio/HG005_NA24631_son/CompleteGenomics_normal_cellsDNA/son_NA24631_GS000037475-ASM/MAP/GS80171-FS3-L01/mapping_GS80171-FS3-L01_013.tsv.bz2	526725182
data/ChineseTrio/HG005_NA24631_son/CompleteGenomics_normal_cellsDNA/son_NA24631_GS000037475-ASM/MAP/GS80171-FS3-L01/mapping_GS80171-FS3-L01_014.tsv.bz2	528250425
data/ChineseTrio/HG005_NA24631_son/CompleteGenomics_normal_cellsDNA/son_NA24631_GS000037475-ASM/MAP/GS80171-FS3-L01/mapping_GS80171-FS3-L01_015.tsv.bz2	534370121
data/ChineseTrio/HG005_NA24631_son/CompleteGenomics_normal_cellsDNA/son_NA24631_GS000037475-ASM/MAP/GS80171-FS3-L01/mapping_GS80171-FS3-L01_016.tsv.bz2	530519224
data/ChineseTrio/HG005_NA24631_son/CompleteGenomics_normal_cellsDNA/son_NA24631_GS000037475-ASM/MAP/GS80171-FS3-L01/mapping_GS80171-FS3-L01_017.tsv.bz2	283412231
data/ChineseTrio/HG005_NA24631_son/CompleteGenomics_normal_cellsDNA/son_NA24631_GS000037475-ASM/MAP/GS80171-FS3-L01/reads_GS80171-FS3-L01_001.tsv.bz2	1229174703
data/ChineseTrio/HG005_NA24631_son/CompleteGenomics_normal_cellsDNA/son_NA24631_GS000037475-ASM/MAP/GS80171-FS3-L01/reads_GS80171-FS3-L01_002.tsv.bz2	1313838076
data/ChineseTrio/HG005_NA24631_son/CompleteGenomics_normal_cellsDNA/son_NA24631_GS000037475-ASM/MAP/GS80171-FS3-L01/reads_GS80171-FS3-L01_003.tsv.bz2	1311040338
data/ChineseTrio/HG005_NA24631_son/CompleteGenomics_normal_cellsDNA/son_NA24631_GS000037475-ASM/MAP/GS80171-FS3-L01/reads_GS80171-FS3-L01_004.tsv.bz2	1319943721
data/ChineseTrio/HG005_NA24631_son/CompleteGenomics_normal_cellsDNA/son_NA24631_GS000037475-ASM/MAP/GS80171-FS3-L01/reads_GS80171-FS3-L01_005.tsv.bz2	1316734630
data/ChineseTrio/HG005_NA24631_son/CompleteGenomics_normal_cellsDNA/son_NA24631_GS000037475-ASM/MAP/GS80171-FS3-L01/reads_GS80171-FS3-L01_006.tsv.bz2	1315925004
data/ChineseTrio/HG005_NA24631_son/CompleteGenomics_normal_cellsDNA/son_NA24631_GS000037475-ASM/MAP/GS80171-FS3-L01/reads_GS80171-FS3-L01_007.tsv.bz2	1323028216
data/ChineseTrio/HG005_NA24631_son/CompleteGenomics_normal_cellsDNA/son_NA24631_GS000037475-ASM/MAP/GS80171-FS3-L01/reads_GS80171-FS3-L01_008.tsv.bz2	1327655399
data/ChineseTrio/HG005_NA24631_son/CompleteGenomics_normal_cellsDNA/son_NA24631_GS000037475-ASM/MAP/GS80171-FS3-L01/reads_GS80171-FS3-L01_009.tsv.bz2	1330232526
data/ChineseTrio/HG005_NA24631_son/CompleteGenomics_normal_cellsDNA/son_NA24631_GS000037475-ASM/MAP/GS80171-FS3-L01/reads_GS80171-FS3-L01_010.tsv.bz2	1326621630
data/ChineseTrio/HG005_NA24631_son/CompleteGenomics_normal_cellsDNA/son_NA24631_GS000037475-ASM/MAP/GS80171-FS3-L01/reads_GS80171-FS3-L01_011.tsv.bz2	1331653937
data/ChineseTrio/HG005_NA24631_son/CompleteGenomics_normal_cellsDNA/son_NA24631_GS000037475-ASM/MAP/GS80171-FS3-L01/reads_GS80171-FS3-L01_012.tsv.bz2	1343176152
data/ChineseTrio/HG005_NA24631_son/CompleteGenomics_normal_cellsDNA/son_NA24631_GS000037475-ASM/MAP/GS80171-FS3-L01/reads_GS80171-FS3-L01_013.tsv.bz2	1347854390
data/ChineseTrio/HG005_NA24631_son/CompleteGenomics_normal_cellsDNA/son_NA24631_GS000037475-ASM/MAP/GS80171-FS3-L01/reads_GS80171-FS3-L01_014.tsv.bz2	1339286993
data/ChineseTrio/HG005_NA24631_son/CompleteGenomics_normal_cellsDNA/son_NA24631_GS000037475-ASM/MAP/GS80171-FS3-L01/reads_GS80171-FS3-L01_015.tsv.bz2	1321491769
data/ChineseTrio/HG005_NA24631_son/CompleteGenomics_normal_cellsDNA/son_NA24631_GS000037475-ASM/MAP/GS80171-FS3-L01/reads_GS80171-FS3-L01_016.tsv.bz2	1325537087
data/ChineseTrio/HG005_NA24631_son/CompleteGenomics_normal_cellsDNA/son_NA24631_GS000037475-ASM/MAP/GS80171-FS3-L01/reads_GS80171-FS3-L01_017.tsv.bz2	706195415
data/ChineseTrio/HG005_NA24631_son/CompleteGenomics_normal_cellsDNA/son_NA24631_GS000037475-ASM/MAP/GS80171-FS3-L02/mapping_GS80171-FS3-L02_001.tsv.bz2	500997698
data/ChineseTrio/HG005_NA24631_son/CompleteGenomics_normal_cellsDNA/son_NA24631_GS000037475-ASM/MAP/GS80171-FS3-L02/mapping_GS80171-FS3-L02_002.tsv.bz2	530408797
data/ChineseTrio/HG005_NA24631_son/CompleteGenomics_normal_cellsDNA/son_NA24631_GS000037475-ASM/MAP/GS80171-FS3-L02/mapping_GS80171-FS3-L02_003.tsv.bz2	536420008
data/ChineseTrio/HG005_NA24631_son/CompleteGenomics_normal_cellsDNA/son_NA24631_GS000037475-ASM/MAP/GS80171-FS3-L02/mapping_GS80171-FS3-L02_004.tsv.bz2	535076677
data/ChineseTrio/HG005_NA24631_son/CompleteGenomics_normal_cellsDNA/son_NA24631_GS000037475-ASM/MAP/GS80171-FS3-L02/mapping_GS80171-FS3-L02_005.tsv.bz2	535332301
data/ChineseTrio/HG005_NA24631_son/CompleteGenomics_normal_cellsDNA/son_NA24631_GS000037475-ASM/MAP/GS80171-FS3-L02/mapping_GS80171-FS3-L02_006.tsv.bz2	537629231
data/ChineseTrio/HG005_NA24631_son/CompleteGenomics_normal_cellsDNA/son_NA24631_GS000037475-ASM/MAP/GS80171-FS3-L02/mapping_GS80171-FS3-L02_007.tsv.bz2	535419732
data/ChineseTrio/HG005_NA24631_son/CompleteGenomics_normal_cellsDNA/son_NA24631_GS000037475-ASM/MAP/GS80171-FS3-L02/mapping_GS80171-FS3-L02_008.tsv.bz2	534879731
data/ChineseTrio/HG005_NA24631_son/CompleteGenomics_normal_cellsDNA/son_NA24631_GS000037475-ASM/MAP/GS80171-FS3-L02/mapping_GS80171-FS3-L02_009.tsv.bz2	533402179
data/ChineseTrio/HG005_NA24631_son/CompleteGenomics_normal_cellsDNA/son_NA24631_GS000037475-ASM/MAP/GS80171-FS3-L02/mapping_GS80171-FS3-L02_010.tsv.bz2	535313931
data/ChineseTrio/HG005_NA24631_son/CompleteGenomics_normal_cellsDNA/son_NA24631_GS000037475-ASM/MAP/GS80171-FS3-L02/mapping_GS80171-FS3-L02_011.tsv.bz2	535138190
data/ChineseTrio/HG005_NA24631_son/CompleteGenomics_normal_cellsDNA/son_NA24631_GS000037475-ASM/MAP/GS80171-FS3-L02/mapping_GS80171-FS3-L02_012.tsv.bz2	530450164
data/ChineseTrio/HG005_NA24631_son/CompleteGenomics_normal_cellsDNA/son_NA24631_GS000037475-ASM/MAP/GS80171-FS3-L02/mapping_GS80171-FS3-L02_013.tsv.bz2	530496581
data/ChineseTrio/HG005_NA24631_son/CompleteGenomics_normal_cellsDNA/son_NA24631_GS000037475-ASM/MAP/GS80171-FS3-L02/mapping_GS80171-FS3-L02_014.tsv.bz2	529237386
data/ChineseTrio/HG005_NA24631_son/CompleteGenomics_normal_cellsDNA/son_NA24631_GS000037475-ASM/MAP/GS80171-FS3-L02/mapping_GS80171-FS3-L02_015.tsv.bz2	540852526
data/ChineseTrio/HG005_NA24631_son/CompleteGenomics_normal_cellsDNA/son_NA24631_GS000037475-ASM/MAP/GS80171-FS3-L02/mapping_GS80171-FS3-L02_016.tsv.bz2	533572126
data/ChineseTrio/HG005_NA24631_son/CompleteGenomics_normal_cellsDNA/son_NA24631_GS000037475-ASM/MAP/GS80171-FS3-L02/mapping_GS80171-FS3-L02_017.tsv.bz2	262741109
data/ChineseTrio/HG005_NA24631_son/CompleteGenomics_normal_cellsDNA/son_NA24631_GS000037475-ASM/MAP/GS80171-FS3-L02/reads_GS80171-FS3-L02_001.tsv.bz2	1218023505
data/ChineseTrio/HG005_NA24631_son/CompleteGenomics_normal_cellsDNA/son_NA24631_GS000037475-ASM/MAP/GS80171-FS3-L02/reads_GS80171-FS3-L02_002.tsv.bz2	1325689369
data/ChineseTrio/HG005_NA24631_son/CompleteGenomics_normal_cellsDNA/son_NA24631_GS000037475-ASM/MAP/GS80171-FS3-L02/reads_GS80171-FS3-L02_003.tsv.bz2	1316983337
data/ChineseTrio/HG005_NA24631_son/CompleteGenomics_normal_cellsDNA/son_NA24631_GS000037475-ASM/MAP/GS80171-FS3-L02/reads_GS80171-FS3-L02_004.tsv.bz2	1321894276
data/ChineseTrio/HG005_NA24631_son/CompleteGenomics_normal_cellsDNA/son_NA24631_GS000037475-ASM/MAP/GS80171-FS3-L02/reads_GS80171-FS3-L02_005.tsv.bz2	1317136164
data/ChineseTrio/HG005_NA24631_son/CompleteGenomics_normal_cellsDNA/son_NA24631_GS000037475-ASM/MAP/GS80171-FS3-L02/reads_GS80171-FS3-L02_006.tsv.bz2	1310776688
data/ChineseTrio/HG005_NA24631_son/CompleteGenomics_normal_cellsDNA/son_NA24631_GS000037475-ASM/MAP/GS80171-FS3-L02/reads_GS80171-FS3-L02_007.tsv.bz2	1319354197
data/ChineseTrio/HG005_NA24631_son/CompleteGenomics_normal_cellsDNA/son_NA24631_GS000037475-ASM/MAP/GS80171-FS3-L02/reads_GS80171-FS3-L02_008.tsv.bz2	1323244488
data/ChineseTrio/HG005_NA24631_son/CompleteGenomics_normal_cellsDNA/son_NA24631_GS000037475-ASM/MAP/GS80171-FS3-L02/reads_GS80171-FS3-L02_009.tsv.bz2	1330054554
data/ChineseTrio/HG005_NA24631_son/CompleteGenomics_normal_cellsDNA/son_NA24631_GS000037475-ASM/MAP/GS80171-FS3-L02/reads_GS80171-FS3-L02_010.tsv.bz2	1321174121
data/ChineseTrio/HG005_NA24631_son/CompleteGenomics_normal_cellsDNA/son_NA24631_GS000037475-ASM/MAP/GS80171-FS3-L02/reads_GS80171-FS3-L02_011.tsv.bz2	1321508672
data/ChineseTrio/HG005_NA24631_son/CompleteGenomics_normal_cellsDNA/son_NA24631_GS000037475-ASM/MAP/GS80171-FS3-L02/reads_GS80171-FS3-L02_012.tsv.bz2	1338419935
data/ChineseTrio/HG005_NA24631_son/CompleteGenomics_normal_cellsDNA/son_NA24631_GS000037475-ASM/MAP/GS80171-FS3-L02/reads_GS80171-FS3-L02_013.tsv.bz2	1337666998
data/ChineseTrio/HG005_NA24631_son/CompleteGenomics_normal_cellsDNA/son_NA24631_GS000037475-ASM/MAP/GS80171-FS3-L02/reads_GS80171-FS3-L02_014.tsv.bz2	1337564982
data/ChineseTrio/HG005_NA24631_son/CompleteGenomics_normal_cellsDNA/son_NA24631_GS000037475-ASM/MAP/GS80171-FS3-L02/reads_GS80171-FS3-L02_015.tsv.bz2	1304111278
data/ChineseTrio/HG005_NA24631_son/CompleteGenomics_normal_cellsDNA/son_NA24631_GS000037475-ASM/MAP/GS80171-FS3-L02/reads_GS80171-FS3-L02_016.tsv.bz2	1308411447
data/ChineseTrio/HG005_NA24631_son/CompleteGenomics_normal_cellsDNA/son_NA24631_GS000037475-ASM/MAP/GS80171-FS3-L02/reads_GS80171-FS3-L02_017.tsv.bz2	653615707
data/ChineseTrio/HG005_NA24631_son/CompleteGenomics_normal_cellsDNA/son_NA24631_GS000037475-ASM/MAP/GS80171-FS3-L03/mapping_GS80171-FS3-L03_001.tsv.bz2	499436616
data/ChineseTrio/HG005_NA24631_son/CompleteGenomics_normal_cellsDNA/son_NA24631_GS000037475-ASM/MAP/GS80171-FS3-L03/mapping_GS80171-FS3-L03_002.tsv.bz2	540159991
data/ChineseTrio/HG005_NA24631_son/CompleteGenomics_normal_cellsDNA/son_NA24631_GS000037475-ASM/MAP/GS80171-FS3-L03/mapping_GS80171-FS3-L03_003.tsv.bz2	543006085
data/ChineseTrio/HG005_NA24631_son/CompleteGenomics_normal_cellsDNA/son_NA24631_GS000037475-ASM/MAP/GS80171-FS3-L03/mapping_GS80171-FS3-L03_004.tsv.bz2	542513126
data/ChineseTrio/HG005_NA24631_son/CompleteGenomics_normal_cellsDNA/son_NA24631_GS000037475-ASM/MAP/GS80171-FS3-L03/mapping_GS80171-FS3-L03_005.tsv.bz2	545241953
data/ChineseTrio/HG005_NA24631_son/CompleteGenomics_normal_cellsDNA/son_NA24631_GS000037475-ASM/MAP/GS80171-FS3-L03/mapping_GS80171-FS3-L03_006.tsv.bz2	545625608
data/ChineseTrio/HG005_NA24631_son/CompleteGenomics_normal_cellsDNA/son_NA24631_GS000037475-ASM/MAP/GS80171-FS3-L03/mapping_GS80171-FS3-L03_007.tsv.bz2	544434045
data/ChineseTrio/HG005_NA24631_son/CompleteGenomics_normal_cellsDNA/son_NA24631_GS000037475-ASM/MAP/GS80171-FS3-L03/mapping_GS80171-FS3-L03_008.tsv.bz2	542895995
data/ChineseTrio/HG005_NA24631_son/CompleteGenomics_normal_cellsDNA/son_NA24631_GS000037475-ASM/MAP/GS80171-FS3-L03/mapping_GS80171-FS3-L03_009.tsv.bz2	541134625
data/ChineseTrio/HG005_NA24631_son/CompleteGenomics_normal_cellsDNA/son_NA24631_GS000037475-ASM/MAP/GS80171-FS3-L03/mapping_GS80171-FS3-L03_010.tsv.bz2	541445841
data/ChineseTrio/HG005_NA24631_son/CompleteGenomics_normal_cellsDNA/son_NA24631_GS000037475-ASM/MAP/GS80171-FS3-L03/mapping_GS80171-FS3-L03_011.tsv.bz2	541250781
data/ChineseTrio/HG005_NA24631_son/CompleteGenomics_normal_cellsDNA/son_NA24631_GS000037475-ASM/MAP/GS80171-FS3-L03/mapping_GS80171-FS3-L03_012.tsv.bz2	538806746
data/ChineseTrio/HG005_NA24631_son/CompleteGenomics_normal_cellsDNA/son_NA24631_GS000037475-ASM/MAP/GS80171-FS3-L03/mapping_GS80171-FS3-L03_013.tsv.bz2	537550406
data/ChineseTrio/HG005_NA24631_son/CompleteGenomics_normal_cellsDNA/son_NA24631_GS000037475-ASM/MAP/GS80171-FS3-L03/mapping_GS80171-FS3-L03_014.tsv.bz2	540807087
data/ChineseTrio/HG005_NA24631_son/CompleteGenomics_normal_cellsDNA/son_NA24631_GS000037475-ASM/MAP/GS80171-FS3-L03/mapping_GS80171-FS3-L03_015.tsv.bz2	544078380
data/ChineseTrio/HG005_NA24631_son/CompleteGenomics_normal_cellsDNA/son_NA24631_GS000037475-ASM/MAP/GS80171-FS3-L03/mapping_GS80171-FS3-L03_016.tsv.bz2	539110769
data/ChineseTrio/HG005_NA24631_son/CompleteGenomics_normal_cellsDNA/son_NA24631_GS000037475-ASM/MAP/GS80171-FS3-L03/mapping_GS80171-FS3-L03_017.tsv.bz2	274470716
data/ChineseTrio/HG005_NA24631_son/CompleteGenomics_normal_cellsDNA/son_NA24631_GS000037475-ASM/MAP/GS80171-FS3-L03/reads_GS80171-FS3-L03_001.tsv.bz2	1212391121
data/ChineseTrio/HG005_NA24631_son/CompleteGenomics_normal_cellsDNA/son_NA24631_GS000037475-ASM/MAP/GS80171-FS3-L03/reads_GS80171-FS3-L03_002.tsv.bz2	1306637158
data/ChineseTrio/HG005_NA24631_son/CompleteGenomics_normal_cellsDNA/son_NA24631_GS000037475-ASM/MAP/GS80171-FS3-L03/reads_GS80171-FS3-L03_003.tsv.bz2	1306625041
data/ChineseTrio/HG005_NA24631_son/CompleteGenomics_normal_cellsDNA/son_NA24631_GS000037475-ASM/MAP/GS80171-FS3-L03/reads_GS80171-FS3-L03_004.tsv.bz2	1304617056
data/ChineseTrio/HG005_NA24631_son/CompleteGenomics_normal_cellsDNA/son_NA24631_GS000037475-ASM/MAP/GS80171-FS3-L03/reads_GS80171-FS3-L03_005.tsv.bz2	1291229014
data/ChineseTrio/HG005_NA24631_son/CompleteGenomics_normal_cellsDNA/son_NA24631_GS000037475-ASM/MAP/GS80171-FS3-L03/reads_GS80171-FS3-L03_006.tsv.bz2	1290491585
data/ChineseTrio/HG005_NA24631_son/CompleteGenomics_normal_cellsDNA/son_NA24631_GS000037475-ASM/MAP/GS80171-FS3-L03/reads_GS80171-FS3-L03_007.tsv.bz2	1297782555
data/ChineseTrio/HG005_NA24631_son/CompleteGenomics_normal_cellsDNA/son_NA24631_GS000037475-ASM/MAP/GS80171-FS3-L03/reads_GS80171-FS3-L03_008.tsv.bz2	1304840365
data/ChineseTrio/HG005_NA24631_son/CompleteGenomics_normal_cellsDNA/son_NA24631_GS000037475-ASM/MAP/GS80171-FS3-L03/reads_GS80171-FS3-L03_009.tsv.bz2	1308174801
data/ChineseTrio/HG005_NA24631_son/CompleteGenomics_normal_cellsDNA/son_NA24631_GS000037475-ASM/MAP/GS80171-FS3-L03/reads_GS80171-FS3-L03_010.tsv.bz2	1309288008
data/ChineseTrio/HG005_NA24631_son/CompleteGenomics_normal_cellsDNA/son_NA24631_GS000037475-ASM/MAP/GS80171-FS3-L03/reads_GS80171-FS3-L03_011.tsv.bz2	1306776868
data/ChineseTrio/HG005_NA24631_son/CompleteGenomics_normal_cellsDNA/son_NA24631_GS000037475-ASM/MAP/GS80171-FS3-L03/reads_GS80171-FS3-L03_012.tsv.bz2	1320515654
data/ChineseTrio/HG005_NA24631_son/CompleteGenomics_normal_cellsDNA/son_NA24631_GS000037475-ASM/MAP/GS80171-FS3-L03/reads_GS80171-FS3-L03_013.tsv.bz2	1324477984
data/ChineseTrio/HG005_NA24631_son/CompleteGenomics_normal_cellsDNA/son_NA24631_GS000037475-ASM/MAP/GS80171-FS3-L03/reads_GS80171-FS3-L03_014.tsv.bz2	1311825241
data/ChineseTrio/HG005_NA24631_son/CompleteGenomics_normal_cellsDNA/son_NA24631_GS000037475-ASM/MAP/GS80171-FS3-L03/reads_GS80171-FS3-L03_015.tsv.bz2	1300368664
data/ChineseTrio/HG005_NA24631_son/CompleteGenomics_normal_cellsDNA/son_NA24631_GS000037475-ASM/MAP/GS80171-FS3-L03/reads_GS80171-FS3-L03_016.tsv.bz2	1298476575
data/ChineseTrio/HG005_NA24631_son/CompleteGenomics_normal_cellsDNA/son_NA24631_GS000037475-ASM/MAP/GS80171-FS3-L03/reads_GS80171-FS3-L03_017.tsv.bz2	657226639
data/ChineseTrio/HG005_NA24631_son/CompleteGenomics_normal_cellsDNA/son_NA24631_GS000037475-ASM/MAP/GS80171-FS3-L04/mapping_GS80171-FS3-L04_001.tsv.bz2	512831975
data/ChineseTrio/HG005_NA24631_son/CompleteGenomics_normal_cellsDNA/son_NA24631_GS000037475-ASM/MAP/GS80171-FS3-L04/mapping_GS80171-FS3-L04_002.tsv.bz2	547099157
data/ChineseTrio/HG005_NA24631_son/CompleteGenomics_normal_cellsDNA/son_NA24631_GS000037475-ASM/MAP/GS80171-FS3-L04/mapping_GS80171-FS3-L04_003.tsv.bz2	544424640
data/ChineseTrio/HG005_NA24631_son/CompleteGenomics_normal_cellsDNA/son_NA24631_GS000037475-ASM/MAP/GS80171-FS3-L04/mapping_GS80171-FS3-L04_004.tsv.bz2	539364959
data/ChineseTrio/HG005_NA24631_son/CompleteGenomics_normal_cellsDNA/son_NA24631_GS000037475-ASM/MAP/GS80171-FS3-L04/mapping_GS80171-FS3-L04_005.tsv.bz2	544260060
data/ChineseTrio/HG005_NA24631_son/CompleteGenomics_normal_cellsDNA/son_NA24631_GS000037475-ASM/MAP/GS80171-FS3-L04/mapping_GS80171-FS3-L04_006.tsv.bz2	543548113
data/ChineseTrio/HG005_NA24631_son/CompleteGenomics_normal_cellsDNA/son_NA24631_GS000037475-ASM/MAP/GS80171-FS3-L04/mapping_GS80171-FS3-L04_007.tsv.bz2	541679673
data/ChineseTrio/HG005_NA24631_son/CompleteGenomics_normal_cellsDNA/son_NA24631_GS000037475-ASM/MAP/GS80171-FS3-L04/mapping_GS80171-FS3-L04_008.tsv.bz2	540683957
data/ChineseTrio/HG005_NA24631_son/CompleteGenomics_normal_cellsDNA/son_NA24631_GS000037475-ASM/MAP/GS80171-FS3-L04/mapping_GS80171-FS3-L04_009.tsv.bz2	542496999
data/ChineseTrio/HG005_NA24631_son/CompleteGenomics_normal_cellsDNA/son_NA24631_GS000037475-ASM/MAP/GS80171-FS3-L04/mapping_GS80171-FS3-L04_010.tsv.bz2	543040041
data/ChineseTrio/HG005_NA24631_son/CompleteGenomics_normal_cellsDNA/son_NA24631_GS000037475-ASM/MAP/GS80171-FS3-L04/mapping_GS80171-FS3-L04_011.tsv.bz2	542576228
data/ChineseTrio/HG005_NA24631_son/CompleteGenomics_normal_cellsDNA/son_NA24631_GS000037475-ASM/MAP/GS80171-FS3-L04/mapping_GS80171-FS3-L04_012.tsv.bz2	540855371
data/ChineseTrio/HG005_NA24631_son/CompleteGenomics_normal_cellsDNA/son_NA24631_GS000037475-ASM/MAP/GS80171-FS3-L04/mapping_GS80171-FS3-L04_013.tsv.bz2	537428813
data/ChineseTrio/HG005_NA24631_son/CompleteGenomics_normal_cellsDNA/son_NA24631_GS000037475-ASM/MAP/GS80171-FS3-L04/mapping_GS80171-FS3-L04_014.tsv.bz2	535252746
data/ChineseTrio/HG005_NA24631_son/CompleteGenomics_normal_cellsDNA/son_NA24631_GS000037475-ASM/MAP/GS80171-FS3-L04/mapping_GS80171-FS3-L04_015.tsv.bz2	536877600
data/ChineseTrio/HG005_NA24631_son/CompleteGenomics_normal_cellsDNA/son_NA24631_GS000037475-ASM/MAP/GS80171-FS3-L04/mapping_GS80171-FS3-L04_016.tsv.bz2	534441585
data/ChineseTrio/HG005_NA24631_son/CompleteGenomics_normal_cellsDNA/son_NA24631_GS000037475-ASM/MAP/GS80171-FS3-L04/mapping_GS80171-FS3-L04_017.tsv.bz2	272211013
data/ChineseTrio/HG005_NA24631_son/CompleteGenomics_normal_cellsDNA/son_NA24631_GS000037475-ASM/MAP/GS80171-FS3-L04/reads_GS80171-FS3-L04_001.tsv.bz2	1200717261
data/ChineseTrio/HG005_NA24631_son/CompleteGenomics_normal_cellsDNA/son_NA24631_GS000037475-ASM/MAP/GS80171-FS3-L04/reads_GS80171-FS3-L04_002.tsv.bz2	1305083943
data/ChineseTrio/HG005_NA24631_son/CompleteGenomics_normal_cellsDNA/son_NA24631_GS000037475-ASM/MAP/GS80171-FS3-L04/reads_GS80171-FS3-L04_003.tsv.bz2	1304837561
data/ChineseTrio/HG005_NA24631_son/CompleteGenomics_normal_cellsDNA/son_NA24631_GS000037475-ASM/MAP/GS80171-FS3-L04/reads_GS80171-FS3-L04_004.tsv.bz2	1321813811
data/ChineseTrio/HG005_NA24631_son/CompleteGenomics_normal_cellsDNA/son_NA24631_GS000037475-ASM/MAP/GS80171-FS3-L04/reads_GS80171-FS3-L04_005.tsv.bz2	1301897930
data/ChineseTrio/HG005_NA24631_son/CompleteGenomics_normal_cellsDNA/son_NA24631_GS000037475-ASM/MAP/GS80171-FS3-L04/reads_GS80171-FS3-L04_006.tsv.bz2	1299596085
data/ChineseTrio/HG005_NA24631_son/CompleteGenomics_normal_cellsDNA/son_NA24631_GS000037475-ASM/MAP/GS80171-FS3-L04/reads_GS80171-FS3-L04_007.tsv.bz2	1307165186
data/ChineseTrio/HG005_NA24631_son/CompleteGenomics_normal_cellsDNA/son_NA24631_GS000037475-ASM/MAP/GS80171-FS3-L04/reads_GS80171-FS3-L04_008.tsv.bz2	1320748687
data/ChineseTrio/HG005_NA24631_son/CompleteGenomics_normal_cellsDNA/son_NA24631_GS000037475-ASM/MAP/GS80171-FS3-L04/reads_GS80171-FS3-L04_009.tsv.bz2	1315444614
data/ChineseTrio/HG005_NA24631_son/CompleteGenomics_normal_cellsDNA/son_NA24631_GS000037475-ASM/MAP/GS80171-FS3-L04/reads_GS80171-FS3-L04_010.tsv.bz2	1308134318
data/ChineseTrio/HG005_NA24631_son/CompleteGenomics_normal_cellsDNA/son_NA24631_GS000037475-ASM/MAP/GS80171-FS3-L04/reads_GS80171-FS3-L04_011.tsv.bz2	1307824658
data/ChineseTrio/HG005_NA24631_son/CompleteGenomics_normal_cellsDNA/son_NA24631_GS000037475-ASM/MAP/GS80171-FS3-L04/reads_GS80171-FS3-L04_012.tsv.bz2	1312664583
data/ChineseTrio/HG005_NA24631_son/CompleteGenomics_normal_cellsDNA/son_NA24631_GS000037475-ASM/MAP/GS80171-FS3-L04/reads_GS80171-FS3-L04_013.tsv.bz2	1323683627
data/ChineseTrio/HG005_NA24631_son/CompleteGenomics_normal_cellsDNA/son_NA24631_GS000037475-ASM/MAP/GS80171-FS3-L04/reads_GS80171-FS3-L04_014.tsv.bz2	1326737742
data/ChineseTrio/HG005_NA24631_son/CompleteGenomics_normal_cellsDNA/son_NA24631_GS000037475-ASM/MAP/GS80171-FS3-L04/reads_GS80171-FS3-L04_015.tsv.bz2	1308086808
data/ChineseTrio/HG005_NA24631_son/CompleteGenomics_normal_cellsDNA/son_NA24631_GS000037475-ASM/MAP/GS80171-FS3-L04/reads_GS80171-FS3-L04_016.tsv.bz2	1303687078
data/ChineseTrio/HG005_NA24631_son/CompleteGenomics_normal_cellsDNA/son_NA24631_GS000037475-ASM/MAP/GS80171-FS3-L04/reads_GS80171-FS3-L04_017.tsv.bz2	666383411
data/ChineseTrio/HG005_NA24631_son/CompleteGenomics_normal_cellsDNA/son_NA24631_GS000037475-ASM/MAP/GS80171-FS3-L05/mapping_GS80171-FS3-L05_001.tsv.bz2	506177387
data/ChineseTrio/HG005_NA24631_son/CompleteGenomics_normal_cellsDNA/son_NA24631_GS000037475-ASM/MAP/GS80171-FS3-L05/mapping_GS80171-FS3-L05_002.tsv.bz2	541482922
data/ChineseTrio/HG005_NA24631_son/CompleteGenomics_normal_cellsDNA/son_NA24631_GS000037475-ASM/MAP/GS80171-FS3-L05/mapping_GS80171-FS3-L05_003.tsv.bz2	536451257
data/ChineseTrio/HG005_NA24631_son/CompleteGenomics_normal_cellsDNA/son_NA24631_GS000037475-ASM/MAP/GS80171-FS3-L05/mapping_GS80171-FS3-L05_004.tsv.bz2	536734535
data/ChineseTrio/HG005_NA24631_son/CompleteGenomics_normal_cellsDNA/son_NA24631_GS000037475-ASM/MAP/GS80171-FS3-L05/mapping_GS80171-FS3-L05_005.tsv.bz2	538663362
data/ChineseTrio/HG005_NA24631_son/CompleteGenomics_normal_cellsDNA/son_NA24631_GS000037475-ASM/MAP/GS80171-FS3-L05/mapping_GS80171-FS3-L05_006.tsv.bz2	538295173
data/ChineseTrio/HG005_NA24631_son/CompleteGenomics_normal_cellsDNA/son_NA24631_GS000037475-ASM/MAP/GS80171-FS3-L05/mapping_GS80171-FS3-L05_007.tsv.bz2	535404654
data/ChineseTrio/HG005_NA24631_son/CompleteGenomics_normal_cellsDNA/son_NA24631_GS000037475-ASM/MAP/GS80171-FS3-L05/mapping_GS80171-FS3-L05_008.tsv.bz2	533080124
data/ChineseTrio/HG005_NA24631_son/CompleteGenomics_normal_cellsDNA/son_NA24631_GS000037475-ASM/MAP/GS80171-FS3-L05/mapping_GS80171-FS3-L05_009.tsv.bz2	532367941
data/ChineseTrio/HG005_NA24631_son/CompleteGenomics_normal_cellsDNA/son_NA24631_GS000037475-ASM/MAP/GS80171-FS3-L05/mapping_GS80171-FS3-L05_010.tsv.bz2	539211584
data/ChineseTrio/HG005_NA24631_son/CompleteGenomics_normal_cellsDNA/son_NA24631_GS000037475-ASM/MAP/GS80171-FS3-L05/mapping_GS80171-FS3-L05_011.tsv.bz2	541746386
data/ChineseTrio/HG005_NA24631_son/CompleteGenomics_normal_cellsDNA/son_NA24631_GS000037475-ASM/MAP/GS80171-FS3-L05/mapping_GS80171-FS3-L05_012.tsv.bz2	533987465
data/ChineseTrio/HG005_NA24631_son/CompleteGenomics_normal_cellsDNA/son_NA24631_GS000037475-ASM/MAP/GS80171-FS3-L05/mapping_GS80171-FS3-L05_013.tsv.bz2	532167800
data/ChineseTrio/HG005_NA24631_son/CompleteGenomics_normal_cellsDNA/son_NA24631_GS000037475-ASM/MAP/GS80171-FS3-L05/mapping_GS80171-FS3-L05_014.tsv.bz2	529959715
data/ChineseTrio/HG005_NA24631_son/CompleteGenomics_normal_cellsDNA/son_NA24631_GS000037475-ASM/MAP/GS80171-FS3-L05/mapping_GS80171-FS3-L05_015.tsv.bz2	543505529
data/ChineseTrio/HG005_NA24631_son/CompleteGenomics_normal_cellsDNA/son_NA24631_GS000037475-ASM/MAP/GS80171-FS3-L05/mapping_GS80171-FS3-L05_016.tsv.bz2	530893433
data/ChineseTrio/HG005_NA24631_son/CompleteGenomics_normal_cellsDNA/son_NA24631_GS000037475-ASM/MAP/GS80171-FS3-L05/mapping_GS80171-FS3-L05_017.tsv.bz2	277498008
data/ChineseTrio/HG005_NA24631_son/CompleteGenomics_normal_cellsDNA/son_NA24631_GS000037475-ASM/MAP/GS80171-FS3-L05/reads_GS80171-FS3-L05_001.tsv.bz2	1219262105
data/ChineseTrio/HG005_NA24631_son/CompleteGenomics_normal_cellsDNA/son_NA24631_GS000037475-ASM/MAP/GS80171-FS3-L05/reads_GS80171-FS3-L05_002.tsv.bz2	1316351956
data/ChineseTrio/HG005_NA24631_son/CompleteGenomics_normal_cellsDNA/son_NA24631_GS000037475-ASM/MAP/GS80171-FS3-L05/reads_GS80171-FS3-L05_003.tsv.bz2	1329072535
data/ChineseTrio/HG005_NA24631_son/CompleteGenomics_normal_cellsDNA/son_NA24631_GS000037475-ASM/MAP/GS80171-FS3-L05/reads_GS80171-FS3-L05_004.tsv.bz2	1327301179
data/ChineseTrio/HG005_NA24631_son/CompleteGenomics_normal_cellsDNA/son_NA24631_GS000037475-ASM/MAP/GS80171-FS3-L05/reads_GS80171-FS3-L05_005.tsv.bz2	1317651987
data/ChineseTrio/HG005_NA24631_son/CompleteGenomics_normal_cellsDNA/son_NA24631_GS000037475-ASM/MAP/GS80171-FS3-L05/reads_GS80171-FS3-L05_006.tsv.bz2	1319120202
data/ChineseTrio/HG005_NA24631_son/CompleteGenomics_normal_cellsDNA/son_NA24631_GS000037475-ASM/MAP/GS80171-FS3-L05/reads_GS80171-FS3-L05_007.tsv.bz2	1327767041
data/ChineseTrio/HG005_NA24631_son/CompleteGenomics_normal_cellsDNA/son_NA24631_GS000037475-ASM/MAP/GS80171-FS3-L05/reads_GS80171-FS3-L05_008.tsv.bz2	1335965952
data/ChineseTrio/HG005_NA24631_son/CompleteGenomics_normal_cellsDNA/son_NA24631_GS000037475-ASM/MAP/GS80171-FS3-L05/reads_GS80171-FS3-L05_009.tsv.bz2	1339527059
data/ChineseTrio/HG005_NA24631_son/CompleteGenomics_normal_cellsDNA/son_NA24631_GS000037475-ASM/MAP/GS80171-FS3-L05/reads_GS80171-FS3-L05_010.tsv.bz2	1320627189
data/ChineseTrio/HG005_NA24631_son/CompleteGenomics_normal_cellsDNA/son_NA24631_GS000037475-ASM/MAP/GS80171-FS3-L05/reads_GS80171-FS3-L05_011.tsv.bz2	1314317777
data/ChineseTrio/HG005_NA24631_son/CompleteGenomics_normal_cellsDNA/son_NA24631_GS000037475-ASM/MAP/GS80171-FS3-L05/reads_GS80171-FS3-L05_012.tsv.bz2	1338043866
data/ChineseTrio/HG005_NA24631_son/CompleteGenomics_normal_cellsDNA/son_NA24631_GS000037475-ASM/MAP/GS80171-FS3-L05/reads_GS80171-FS3-L05_013.tsv.bz2	1343441911
data/ChineseTrio/HG005_NA24631_son/CompleteGenomics_normal_cellsDNA/son_NA24631_GS000037475-ASM/MAP/GS80171-FS3-L05/reads_GS80171-FS3-L05_014.tsv.bz2	1343560362
data/ChineseTrio/HG005_NA24631_son/CompleteGenomics_normal_cellsDNA/son_NA24631_GS000037475-ASM/MAP/GS80171-FS3-L05/reads_GS80171-FS3-L05_015.tsv.bz2	1308046911
data/ChineseTrio/HG005_NA24631_son/CompleteGenomics_normal_cellsDNA/son_NA24631_GS000037475-ASM/MAP/GS80171-FS3-L05/reads_GS80171-FS3-L05_016.tsv.bz2	1325661369
data/ChineseTrio/HG005_NA24631_son/CompleteGenomics_normal_cellsDNA/son_NA24631_GS000037475-ASM/MAP/GS80171-FS3-L05/reads_GS80171-FS3-L05_017.tsv.bz2	686332942
data/ChineseTrio/HG005_NA24631_son/CompleteGenomics_normal_cellsDNA/son_NA24631_GS000037475-ASM/MAP/GS80171-FS3-L06/mapping_GS80171-FS3-L06_001.tsv.bz2	509396416
data/ChineseTrio/HG005_NA24631_son/CompleteGenomics_normal_cellsDNA/son_NA24631_GS000037475-ASM/MAP/GS80171-FS3-L06/mapping_GS80171-FS3-L06_002.tsv.bz2	540315672
data/ChineseTrio/HG005_NA24631_son/CompleteGenomics_normal_cellsDNA/son_NA24631_GS000037475-ASM/MAP/GS80171-FS3-L06/mapping_GS80171-FS3-L06_003.tsv.bz2	541123887
data/ChineseTrio/HG005_NA24631_son/CompleteGenomics_normal_cellsDNA/son_NA24631_GS000037475-ASM/MAP/GS80171-FS3-L06/mapping_GS80171-FS3-L06_004.tsv.bz2	541011218
data/ChineseTrio/HG005_NA24631_son/CompleteGenomics_normal_cellsDNA/son_NA24631_GS000037475-ASM/MAP/GS80171-FS3-L06/mapping_GS80171-FS3-L06_005.tsv.bz2	538245351
data/ChineseTrio/HG005_NA24631_son/CompleteGenomics_normal_cellsDNA/son_NA24631_GS000037475-ASM/MAP/GS80171-FS3-L06/mapping_GS80171-FS3-L06_006.tsv.bz2	539940763
data/ChineseTrio/HG005_NA24631_son/CompleteGenomics_normal_cellsDNA/son_NA24631_GS000037475-ASM/MAP/GS80171-FS3-L06/mapping_GS80171-FS3-L06_007.tsv.bz2	538825483
data/ChineseTrio/HG005_NA24631_son/CompleteGenomics_normal_cellsDNA/son_NA24631_GS000037475-ASM/MAP/GS80171-FS3-L06/mapping_GS80171-FS3-L06_008.tsv.bz2	536436484
data/ChineseTrio/HG005_NA24631_son/CompleteGenomics_normal_cellsDNA/son_NA24631_GS000037475-ASM/MAP/GS80171-FS3-L06/mapping_GS80171-FS3-L06_009.tsv.bz2	538864685
data/ChineseTrio/HG005_NA24631_son/CompleteGenomics_normal_cellsDNA/son_NA24631_GS000037475-ASM/MAP/GS80171-FS3-L06/mapping_GS80171-FS3-L06_010.tsv.bz2	539394173
data/ChineseTrio/HG005_NA24631_son/CompleteGenomics_normal_cellsDNA/son_NA24631_GS000037475-ASM/MAP/GS80171-FS3-L06/mapping_GS80171-FS3-L06_011.tsv.bz2	542103273
data/ChineseTrio/HG005_NA24631_son/CompleteGenomics_normal_cellsDNA/son_NA24631_GS000037475-ASM/MAP/GS80171-FS3-L06/mapping_GS80171-FS3-L06_012.tsv.bz2	533352293
data/ChineseTrio/HG005_NA24631_son/CompleteGenomics_normal_cellsDNA/son_NA24631_GS000037475-ASM/MAP/GS80171-FS3-L06/mapping_GS80171-FS3-L06_013.tsv.bz2	530049268
data/ChineseTrio/HG005_NA24631_son/CompleteGenomics_normal_cellsDNA/son_NA24631_GS000037475-ASM/MAP/GS80171-FS3-L06/mapping_GS80171-FS3-L06_014.tsv.bz2	530843564
data/ChineseTrio/HG005_NA24631_son/CompleteGenomics_normal_cellsDNA/son_NA24631_GS000037475-ASM/MAP/GS80171-FS3-L06/mapping_GS80171-FS3-L06_015.tsv.bz2	545908772
data/ChineseTrio/HG005_NA24631_son/CompleteGenomics_normal_cellsDNA/son_NA24631_GS000037475-ASM/MAP/GS80171-FS3-L06/mapping_GS80171-FS3-L06_016.tsv.bz2	529723797
data/ChineseTrio/HG005_NA24631_son/CompleteGenomics_normal_cellsDNA/son_NA24631_GS000037475-ASM/MAP/GS80171-FS3-L06/mapping_GS80171-FS3-L06_017.tsv.bz2	276069929
data/ChineseTrio/HG005_NA24631_son/CompleteGenomics_normal_cellsDNA/son_NA24631_GS000037475-ASM/MAP/GS80171-FS3-L06/reads_GS80171-FS3-L06_001.tsv.bz2	1213603782
data/ChineseTrio/HG005_NA24631_son/CompleteGenomics_normal_cellsDNA/son_NA24631_GS000037475-ASM/MAP/GS80171-FS3-L06/reads_GS80171-FS3-L06_002.tsv.bz2	1316649962
data/ChineseTrio/HG005_NA24631_son/CompleteGenomics_normal_cellsDNA/son_NA24631_GS000037475-ASM/MAP/GS80171-FS3-L06/reads_GS80171-FS3-L06_003.tsv.bz2	1316014660
data/ChineseTrio/HG005_NA24631_son/CompleteGenomics_normal_cellsDNA/son_NA24631_GS000037475-ASM/MAP/GS80171-FS3-L06/reads_GS80171-FS3-L06_004.tsv.bz2	1319510661
data/ChineseTrio/HG005_NA24631_son/CompleteGenomics_normal_cellsDNA/son_NA24631_GS000037475-ASM/MAP/GS80171-FS3-L06/reads_GS80171-FS3-L06_005.tsv.bz2	1319543823
data/ChineseTrio/HG005_NA24631_son/CompleteGenomics_normal_cellsDNA/son_NA24631_GS000037475-ASM/MAP/GS80171-FS3-L06/reads_GS80171-FS3-L06_006.tsv.bz2	1311973063
data/ChineseTrio/HG005_NA24631_son/CompleteGenomics_normal_cellsDNA/son_NA24631_GS000037475-ASM/MAP/GS80171-FS3-L06/reads_GS80171-FS3-L06_007.tsv.bz2	1320744016
data/ChineseTrio/HG005_NA24631_son/CompleteGenomics_normal_cellsDNA/son_NA24631_GS000037475-ASM/MAP/GS80171-FS3-L06/reads_GS80171-FS3-L06_008.tsv.bz2	1325016210
data/ChineseTrio/HG005_NA24631_son/CompleteGenomics_normal_cellsDNA/son_NA24631_GS000037475-ASM/MAP/GS80171-FS3-L06/reads_GS80171-FS3-L06_009.tsv.bz2	1323315008
data/ChineseTrio/HG005_NA24631_son/CompleteGenomics_normal_cellsDNA/son_NA24631_GS000037475-ASM/MAP/GS80171-FS3-L06/reads_GS80171-FS3-L06_010.tsv.bz2	1316960133
data/ChineseTrio/HG005_NA24631_son/CompleteGenomics_normal_cellsDNA/son_NA24631_GS000037475-ASM/MAP/GS80171-FS3-L06/reads_GS80171-FS3-L06_011.tsv.bz2	1312517661
data/ChineseTrio/HG005_NA24631_son/CompleteGenomics_normal_cellsDNA/son_NA24631_GS000037475-ASM/MAP/GS80171-FS3-L06/reads_GS80171-FS3-L06_012.tsv.bz2	1333142209
data/ChineseTrio/HG005_NA24631_son/CompleteGenomics_normal_cellsDNA/son_NA24631_GS000037475-ASM/MAP/GS80171-FS3-L06/reads_GS80171-FS3-L06_013.tsv.bz2	1342435844
data/ChineseTrio/HG005_NA24631_son/CompleteGenomics_normal_cellsDNA/son_NA24631_GS000037475-ASM/MAP/GS80171-FS3-L06/reads_GS80171-FS3-L06_014.tsv.bz2	1337359518
data/ChineseTrio/HG005_NA24631_son/CompleteGenomics_normal_cellsDNA/son_NA24631_GS000037475-ASM/MAP/GS80171-FS3-L06/reads_GS80171-FS3-L06_015.tsv.bz2	1295892573
data/ChineseTrio/HG005_NA24631_son/CompleteGenomics_normal_cellsDNA/son_NA24631_GS000037475-ASM/MAP/GS80171-FS3-L06/reads_GS80171-FS3-L06_016.tsv.bz2	1319275139
data/ChineseTrio/HG005_NA24631_son/CompleteGenomics_normal_cellsDNA/son_NA24631_GS000037475-ASM/MAP/GS80171-FS3-L06/reads_GS80171-FS3-L06_017.tsv.bz2	669649084
data/ChineseTrio/HG005_NA24631_son/CompleteGenomics_normal_cellsDNA/son_NA24631_GS000037475-ASM/MAP/GS80171-FS3-L07/mapping_GS80171-FS3-L07_001.tsv.bz2	505671619
data/ChineseTrio/HG005_NA24631_son/CompleteGenomics_normal_cellsDNA/son_NA24631_GS000037475-ASM/MAP/GS80171-FS3-L07/mapping_GS80171-FS3-L07_002.tsv.bz2	542345129
data/ChineseTrio/HG005_NA24631_son/CompleteGenomics_normal_cellsDNA/son_NA24631_GS000037475-ASM/MAP/GS80171-FS3-L07/mapping_GS80171-FS3-L07_003.tsv.bz2	540779460
data/ChineseTrio/HG005_NA24631_son/CompleteGenomics_normal_cellsDNA/son_NA24631_GS000037475-ASM/MAP/GS80171-FS3-L07/mapping_GS80171-FS3-L07_004.tsv.bz2	540204043
data/ChineseTrio/HG005_NA24631_son/CompleteGenomics_normal_cellsDNA/son_NA24631_GS000037475-ASM/MAP/GS80171-FS3-L07/mapping_GS80171-FS3-L07_005.tsv.bz2	538102120
data/ChineseTrio/HG005_NA24631_son/CompleteGenomics_normal_cellsDNA/son_NA24631_GS000037475-ASM/MAP/GS80171-FS3-L07/mapping_GS80171-FS3-L07_006.tsv.bz2	538202534
data/ChineseTrio/HG005_NA24631_son/CompleteGenomics_normal_cellsDNA/son_NA24631_GS000037475-ASM/MAP/GS80171-FS3-L07/mapping_GS80171-FS3-L07_007.tsv.bz2	537843141
data/ChineseTrio/HG005_NA24631_son/CompleteGenomics_normal_cellsDNA/son_NA24631_GS000037475-ASM/MAP/GS80171-FS3-L07/mapping_GS80171-FS3-L07_008.tsv.bz2	535212680
data/ChineseTrio/HG005_NA24631_son/CompleteGenomics_normal_cellsDNA/son_NA24631_GS000037475-ASM/MAP/GS80171-FS3-L07/mapping_GS80171-FS3-L07_009.tsv.bz2	536143449
data/ChineseTrio/HG005_NA24631_son/CompleteGenomics_normal_cellsDNA/son_NA24631_GS000037475-ASM/MAP/GS80171-FS3-L07/mapping_GS80171-FS3-L07_010.tsv.bz2	540129948
data/ChineseTrio/HG005_NA24631_son/CompleteGenomics_normal_cellsDNA/son_NA24631_GS000037475-ASM/MAP/GS80171-FS3-L07/mapping_GS80171-FS3-L07_011.tsv.bz2	536987574
data/ChineseTrio/HG005_NA24631_son/CompleteGenomics_normal_cellsDNA/son_NA24631_GS000037475-ASM/MAP/GS80171-FS3-L07/mapping_GS80171-FS3-L07_012.tsv.bz2	533486088
data/ChineseTrio/HG005_NA24631_son/CompleteGenomics_normal_cellsDNA/son_NA24631_GS000037475-ASM/MAP/GS80171-FS3-L07/mapping_GS80171-FS3-L07_013.tsv.bz2	533389614
data/ChineseTrio/HG005_NA24631_son/CompleteGenomics_normal_cellsDNA/son_NA24631_GS000037475-ASM/MAP/GS80171-FS3-L07/mapping_GS80171-FS3-L07_014.tsv.bz2	530577249
data/ChineseTrio/HG005_NA24631_son/CompleteGenomics_normal_cellsDNA/son_NA24631_GS000037475-ASM/MAP/GS80171-FS3-L07/mapping_GS80171-FS3-L07_015.tsv.bz2	541832966
data/ChineseTrio/HG005_NA24631_son/CompleteGenomics_normal_cellsDNA/son_NA24631_GS000037475-ASM/MAP/GS80171-FS3-L07/mapping_GS80171-FS3-L07_016.tsv.bz2	529851199
data/ChineseTrio/HG005_NA24631_son/CompleteGenomics_normal_cellsDNA/son_NA24631_GS000037475-ASM/MAP/GS80171-FS3-L07/mapping_GS80171-FS3-L07_017.tsv.bz2	300659395
data/ChineseTrio/HG005_NA24631_son/CompleteGenomics_normal_cellsDNA/son_NA24631_GS000037475-ASM/MAP/GS80171-FS3-L07/reads_GS80171-FS3-L07_001.tsv.bz2	1211589300
data/ChineseTrio/HG005_NA24631_son/CompleteGenomics_normal_cellsDNA/son_NA24631_GS000037475-ASM/MAP/GS80171-FS3-L07/reads_GS80171-FS3-L07_002.tsv.bz2	1310452131
data/ChineseTrio/HG005_NA24631_son/CompleteGenomics_normal_cellsDNA/son_NA24631_GS000037475-ASM/MAP/GS80171-FS3-L07/reads_GS80171-FS3-L07_003.tsv.bz2	1313717759
data/ChineseTrio/HG005_NA24631_son/CompleteGenomics_normal_cellsDNA/son_NA24631_GS000037475-ASM/MAP/GS80171-FS3-L07/reads_GS80171-FS3-L07_004.tsv.bz2	1319092409
data/ChineseTrio/HG005_NA24631_son/CompleteGenomics_normal_cellsDNA/son_NA24631_GS000037475-ASM/MAP/GS80171-FS3-L07/reads_GS80171-FS3-L07_005.tsv.bz2	1319853988
data/ChineseTrio/HG005_NA24631_son/CompleteGenomics_normal_cellsDNA/son_NA24631_GS000037475-ASM/MAP/GS80171-FS3-L07/reads_GS80171-FS3-L07_006.tsv.bz2	1317628817
data/ChineseTrio/HG005_NA24631_son/CompleteGenomics_normal_cellsDNA/son_NA24631_GS000037475-ASM/MAP/GS80171-FS3-L07/reads_GS80171-FS3-L07_007.tsv.bz2	1321135127
data/ChineseTrio/HG005_NA24631_son/CompleteGenomics_normal_cellsDNA/son_NA24631_GS000037475-ASM/MAP/GS80171-FS3-L07/reads_GS80171-FS3-L07_008.tsv.bz2	1332614669
data/ChineseTrio/HG005_NA24631_son/CompleteGenomics_normal_cellsDNA/son_NA24631_GS000037475-ASM/MAP/GS80171-FS3-L07/reads_GS80171-FS3-L07_009.tsv.bz2	1332158439
data/ChineseTrio/HG005_NA24631_son/CompleteGenomics_normal_cellsDNA/son_NA24631_GS000037475-ASM/MAP/GS80171-FS3-L07/reads_GS80171-FS3-L07_010.tsv.bz2	1313188946
data/ChineseTrio/HG005_NA24631_son/CompleteGenomics_normal_cellsDNA/son_NA24631_GS000037475-ASM/MAP/GS80171-FS3-L07/reads_GS80171-FS3-L07_011.tsv.bz2	1321423185
data/ChineseTrio/HG005_NA24631_son/CompleteGenomics_normal_cellsDNA/son_NA24631_GS000037475-ASM/MAP/GS80171-FS3-L07/reads_GS80171-FS3-L07_012.tsv.bz2	1334790987
data/ChineseTrio/HG005_NA24631_son/CompleteGenomics_normal_cellsDNA/son_NA24631_GS000037475-ASM/MAP/GS80171-FS3-L07/reads_GS80171-FS3-L07_013.tsv.bz2	1333255059
data/ChineseTrio/HG005_NA24631_son/CompleteGenomics_normal_cellsDNA/son_NA24631_GS000037475-ASM/MAP/GS80171-FS3-L07/reads_GS80171-FS3-L07_014.tsv.bz2	1337359257
data/ChineseTrio/HG005_NA24631_son/CompleteGenomics_normal_cellsDNA/son_NA24631_GS000037475-ASM/MAP/GS80171-FS3-L07/reads_GS80171-FS3-L07_015.tsv.bz2	1301621849
data/ChineseTrio/HG005_NA24631_son/CompleteGenomics_normal_cellsDNA/son_NA24631_GS000037475-ASM/MAP/GS80171-FS3-L07/reads_GS80171-FS3-L07_016.tsv.bz2	1311877286
data/ChineseTrio/HG005_NA24631_son/CompleteGenomics_normal_cellsDNA/son_NA24631_GS000037475-ASM/MAP/GS80171-FS3-L07/reads_GS80171-FS3-L07_017.tsv.bz2	726205089
data/ChineseTrio/HG005_NA24631_son/CompleteGenomics_normal_cellsDNA/son_NA24631_GS000037475-ASM/MAP/GS80171-FS3-L08/mapping_GS80171-FS3-L08_001.tsv.bz2	506975251
data/ChineseTrio/HG005_NA24631_son/CompleteGenomics_normal_cellsDNA/son_NA24631_GS000037475-ASM/MAP/GS80171-FS3-L08/mapping_GS80171-FS3-L08_002.tsv.bz2	540981233
data/ChineseTrio/HG005_NA24631_son/CompleteGenomics_normal_cellsDNA/son_NA24631_GS000037475-ASM/MAP/GS80171-FS3-L08/mapping_GS80171-FS3-L08_003.tsv.bz2	537621466
data/ChineseTrio/HG005_NA24631_son/CompleteGenomics_normal_cellsDNA/son_NA24631_GS000037475-ASM/MAP/GS80171-FS3-L08/mapping_GS80171-FS3-L08_004.tsv.bz2	536888803
data/ChineseTrio/HG005_NA24631_son/CompleteGenomics_normal_cellsDNA/son_NA24631_GS000037475-ASM/MAP/GS80171-FS3-L08/mapping_GS80171-FS3-L08_005.tsv.bz2	536791873
data/ChineseTrio/HG005_NA24631_son/CompleteGenomics_normal_cellsDNA/son_NA24631_GS000037475-ASM/MAP/GS80171-FS3-L08/mapping_GS80171-FS3-L08_006.tsv.bz2	539339289
data/ChineseTrio/HG005_NA24631_son/CompleteGenomics_normal_cellsDNA/son_NA24631_GS000037475-ASM/MAP/GS80171-FS3-L08/mapping_GS80171-FS3-L08_007.tsv.bz2	537099515
data/ChineseTrio/HG005_NA24631_son/CompleteGenomics_normal_cellsDNA/son_NA24631_GS000037475-ASM/MAP/GS80171-FS3-L08/mapping_GS80171-FS3-L08_008.tsv.bz2	536850687
data/ChineseTrio/HG005_NA24631_son/CompleteGenomics_normal_cellsDNA/son_NA24631_GS000037475-ASM/MAP/GS80171-FS3-L08/mapping_GS80171-FS3-L08_009.tsv.bz2	537202298
data/ChineseTrio/HG005_NA24631_son/CompleteGenomics_normal_cellsDNA/son_NA24631_GS000037475-ASM/MAP/GS80171-FS3-L08/mapping_GS80171-FS3-L08_010.tsv.bz2	540797503
data/ChineseTrio/HG005_NA24631_son/CompleteGenomics_normal_cellsDNA/son_NA24631_GS000037475-ASM/MAP/GS80171-FS3-L08/mapping_GS80171-FS3-L08_011.tsv.bz2	538758801
data/ChineseTrio/HG005_NA24631_son/CompleteGenomics_normal_cellsDNA/son_NA24631_GS000037475-ASM/MAP/GS80171-FS3-L08/mapping_GS80171-FS3-L08_012.tsv.bz2	535043262
data/ChineseTrio/HG005_NA24631_son/CompleteGenomics_normal_cellsDNA/son_NA24631_GS000037475-ASM/MAP/GS80171-FS3-L08/mapping_GS80171-FS3-L08_013.tsv.bz2	535070379
data/ChineseTrio/HG005_NA24631_son/CompleteGenomics_normal_cellsDNA/son_NA24631_GS000037475-ASM/MAP/GS80171-FS3-L08/mapping_GS80171-FS3-L08_014.tsv.bz2	535278190
data/ChineseTrio/HG005_NA24631_son/CompleteGenomics_normal_cellsDNA/son_NA24631_GS000037475-ASM/MAP/GS80171-FS3-L08/mapping_GS80171-FS3-L08_015.tsv.bz2	508423548
data/ChineseTrio/HG005_NA24631_son/CompleteGenomics_normal_cellsDNA/son_NA24631_GS000037475-ASM/MAP/GS80171-FS3-L08/mapping_GS80171-FS3-L08_016.tsv.bz2	537780070
data/ChineseTrio/HG005_NA24631_son/CompleteGenomics_normal_cellsDNA/son_NA24631_GS000037475-ASM/MAP/GS80171-FS3-L08/mapping_GS80171-FS3-L08_017.tsv.bz2	306052341
data/ChineseTrio/HG005_NA24631_son/CompleteGenomics_normal_cellsDNA/son_NA24631_GS000037475-ASM/MAP/GS80171-FS3-L08/reads_GS80171-FS3-L08_001.tsv.bz2	1221284712
data/ChineseTrio/HG005_NA24631_son/CompleteGenomics_normal_cellsDNA/son_NA24631_GS000037475-ASM/MAP/GS80171-FS3-L08/reads_GS80171-FS3-L08_002.tsv.bz2	1315611145
data/ChineseTrio/HG005_NA24631_son/CompleteGenomics_normal_cellsDNA/son_NA24631_GS000037475-ASM/MAP/GS80171-FS3-L08/reads_GS80171-FS3-L08_003.tsv.bz2	1324482576
data/ChineseTrio/HG005_NA24631_son/CompleteGenomics_normal_cellsDNA/son_NA24631_GS000037475-ASM/MAP/GS80171-FS3-L08/reads_GS80171-FS3-L08_004.tsv.bz2	1325707425
data/ChineseTrio/HG005_NA24631_son/CompleteGenomics_normal_cellsDNA/son_NA24631_GS000037475-ASM/MAP/GS80171-FS3-L08/reads_GS80171-FS3-L08_005.tsv.bz2	1326307125
data/ChineseTrio/HG005_NA24631_son/CompleteGenomics_normal_cellsDNA/son_NA24631_GS000037475-ASM/MAP/GS80171-FS3-L08/reads_GS80171-FS3-L08_006.tsv.bz2	1312905486
data/ChineseTrio/HG005_NA24631_son/CompleteGenomics_normal_cellsDNA/son_NA24631_GS000037475-ASM/MAP/GS80171-FS3-L08/reads_GS80171-FS3-L08_007.tsv.bz2	1322703900
data/ChineseTrio/HG005_NA24631_son/CompleteGenomics_normal_cellsDNA/son_NA24631_GS000037475-ASM/MAP/GS80171-FS3-L08/reads_GS80171-FS3-L08_008.tsv.bz2	1328359523
data/ChineseTrio/HG005_NA24631_son/CompleteGenomics_normal_cellsDNA/son_NA24631_GS000037475-ASM/MAP/GS80171-FS3-L08/reads_GS80171-FS3-L08_009.tsv.bz2	1325342450
data/ChineseTrio/HG005_NA24631_son/CompleteGenomics_normal_cellsDNA/son_NA24631_GS000037475-ASM/MAP/GS80171-FS3-L08/reads_GS80171-FS3-L08_010.tsv.bz2	1315008840
data/ChineseTrio/HG005_NA24631_son/CompleteGenomics_normal_cellsDNA/son_NA24631_GS000037475-ASM/MAP/GS80171-FS3-L08/reads_GS80171-FS3-L08_011.tsv.bz2	1318747265
data/ChineseTrio/HG005_NA24631_son/CompleteGenomics_normal_cellsDNA/son_NA24631_GS000037475-ASM/MAP/GS80171-FS3-L08/reads_GS80171-FS3-L08_012.tsv.bz2	1331848214
data/ChineseTrio/HG005_NA24631_son/CompleteGenomics_normal_cellsDNA/son_NA24631_GS000037475-ASM/MAP/GS80171-FS3-L08/reads_GS80171-FS3-L08_013.tsv.bz2	1330127396
data/ChineseTrio/HG005_NA24631_son/CompleteGenomics_normal_cellsDNA/son_NA24631_GS000037475-ASM/MAP/GS80171-FS3-L08/reads_GS80171-FS3-L08_014.tsv.bz2	1325381078
data/ChineseTrio/HG005_NA24631_son/CompleteGenomics_normal_cellsDNA/son_NA24631_GS000037475-ASM/MAP/GS80171-FS3-L08/reads_GS80171-FS3-L08_015.tsv.bz2	1219996049
data/ChineseTrio/HG005_NA24631_son/CompleteGenomics_normal_cellsDNA/son_NA24631_GS000037475-ASM/MAP/GS80171-FS3-L08/reads_GS80171-FS3-L08_016.tsv.bz2	1316322878
data/ChineseTrio/HG005_NA24631_son/CompleteGenomics_normal_cellsDNA/son_NA24631_GS000037475-ASM/MAP/GS80171-FS3-L08/reads_GS80171-FS3-L08_017.tsv.bz2	722543726
