data/ChineseTrio/HG007_NA24695-hu38168_mother/CompleteGenomics_normal_cellsDNA/README.txt	2865
data/ChineseTrio/HG007_NA24695-hu38168_mother/CompleteGenomics_normal_cellsDNA/mom_NA24695_GS000037477-ASM/BAM/chr10_mapping_sorted_header.bam	82109579742
data/ChineseTrio/HG007_NA24695-hu38168_mother/CompleteGenomics_normal_cellsDNA/mom_NA24695_GS000037477-ASM/BAM/chr11_mapping_sorted_header.bam	60679960938
data/ChineseTrio/HG007_NA24695-hu38168_mother/CompleteGenomics_normal_cellsDNA/mom_NA24695_GS000037477-ASM/BAM/chr12_mapping_sorted_header.bam	54412086516
data/ChineseTrio/HG007_NA24695-hu38168_mother/CompleteGenomics_normal_cellsDNA/mom_NA24695_GS000037477-ASM/BAM/chr13_mapping_sorted_header.bam	33968619365
data/ChineseTrio/HG007_NA24695-hu38168_mother/CompleteGenomics_normal_cellsDNA/mom_NA24695_GS000037477-ASM/BAM/chr14_mapping_sorted_header.bam	37121638818
data/ChineseTrio/HG007_NA24695-hu38168_mother/CompleteGenomics_normal_cellsDNA/mom_NA24695_GS000037477-ASM/BAM/chr15_mapping_sorted_header.bam	36593386132
data/ChineseTrio/HG007_NA24695-hu38168_mother/CompleteGenomics_normal_cellsDNA/mom_NA24695_GS000037477-ASM/BAM/chr16_mapping_sorted_header.bam	53608574550
data/ChineseTrio/HG007_NA24695-hu38168_mother/CompleteGenomics_normal_cellsDNA/mom_NA24695_GS000037477-ASM/BAM/chr17_mapping_sorted_header.bam	37644889516
data/ChineseTrio/HG007_NA24695-hu38168_mother/CompleteGenomics_normal_cellsDNA/mom_NA24695_GS000037477-ASM/BAM/chr18_mapping_sorted_header.bam	32048200558
data/ChineseTrio/HG007_NA24695-hu38168_mother/CompleteGenomics_normal_cellsDNA/mom_NA24695_GS000037477-ASM/BAM/chr19_mapping_sorted_header.bam	36765756471
data/ChineseTrio/HG007_NA24695-hu38168_mother/CompleteGenomics_normal_cellsDNA/mom_NA24695_GS000037477-ASM/BAM/chr1_mapping_sorted_header.bam	103170981059
data/ChineseTrio/HG007_NA24695-hu38168_mother/CompleteGenomics_normal_cellsDNA/mom_NA24695_GS000037477-ASM/BAM/chr20_mapping_sorted_header.bam	24857745813
data/ChineseTrio/HG007_NA24695-hu38168_mother/CompleteGenomics_normal_cellsDNA/mom_NA24695_GS000037477-ASM/BAM/chr21_mapping_sorted_header.bam	20263220298
data/ChineseTrio/HG007_NA24695-hu38168_mother/CompleteGenomics_normal_cellsDNA/mom_NA24695_GS000037477-ASM/BAM/chr22_mapping_sorted_header.bam	17224930943
data/ChineseTrio/HG007_NA24695-hu38168_mother/CompleteGenomics_normal_cellsDNA/mom_NA24695_GS000037477-ASM/BAM/chr2_mapping_sorted_header.bam	109188079002
data/ChineseTrio/HG007_NA24695-hu38168_mother/CompleteGenomics_normal_cellsDNA/mom_NA24695_GS000037477-ASM/BAM/chr3_mapping_sorted_header.bam	77084101927
data/ChineseTrio/HG007_NA24695-hu38168_mother/CompleteGenomics_normal_cellsDNA/mom_NA24695_GS000037477-ASM/BAM/chr4_mapping_sorted_header.bam	84666964816
data/ChineseTrio/HG007_NA24695-hu38168_mother/CompleteGenomics_normal_cellsDNA/mom_NA24695_GS000037477-ASM/BAM/chr5_mapping_sorted_header.bam	76012094287
data/ChineseTrio/HG007_NA24695-hu38168_mother/CompleteGenomics_normal_cellsDNA/mom_NA24695_GS000037477-ASM/BAM/chr6_mapping_sorted_header.bam	66126392860
data/ChineseTrio/HG007_NA24695-hu38168_mother/CompleteGenomics_normal_cellsDNA/mom_NA24695_GS000037477-ASM/BAM/chr7_mapping_sorted_header.bam	79915500535
data/ChineseTrio/HG007_NA24695-hu38168_mother/CompleteGenomics_normal_cellsDNA/mom_NA24695_GS000037477-ASM/BAM/chr8_mapping_sorted_header.bam	67778570849
data/ChineseTrio/HG007_NA24695-hu38168_mother/CompleteGenomics_normal_cellsDNA/mom_NA24695_GS000037477-ASM/BAM/chr9_mapping_sorted_header.bam	63148302832
data/ChineseTrio/HG007_NA24695-hu38168_mother/CompleteGenomics_normal_cellsDNA/mom_NA24695_GS000037477-ASM/BAM/chrM_mapping_sorted_header.bam	2938322109
data/ChineseTrio/HG007_NA24695-hu38168_mother/CompleteGenomics_normal_cellsDNA/mom_NA24695_GS000037477-ASM/BAM/chrX_mapping_sorted_header.bam	75205750510
data/ChineseTrio/HG007_NA24695-hu38168_mother/CompleteGenomics_normal_cellsDNA/mom_NA24695_GS000037477-ASM/BAM/chrY_mapping_sorted_header.bam	2627
data/ChineseTrio/HG007_NA24695-hu38168_mother/CompleteGenomics_normal_cellsDNA/mom_NA24695_GS000037477-ASM/BAM/evidenceDnbs-GS000037477-ASM_sorted.bam	41323108175
data/ChineseTrio/HG007_NA24695-hu38168_mother/CompleteGenomics_normal_cellsDNA/mom_NA24695_GS000037477-ASM/BAM/evidenceDnbs-GS000037477-ASM_sorted.bam.bai	7461656
data/ChineseTrio/HG007_NA24695-hu38168_mother/CompleteGenomics_normal_cellsDNA/mom_NA24695_GS000037477-ASM/BAM/notMapped_mapping_sorted_header.bam	113925381072
data/ChineseTrio/HG007_NA24695-hu38168_mother/CompleteGenomics_normal_cellsDNA/mom_NA24695_GS000037477-ASM/LIB/GS02142-CLS_C06/lib_DNB_GS02142-CLS_C06.tsv	856
data/ChineseTrio/HG007_NA24695-hu38168_mother/CompleteGenomics_normal_cellsDNA/mom_NA24695_GS000037477-ASM/LIB/GS02142-CLS_C06/lib_gaps_L0_GS02142-CLS_C06.tsv	300753
data/ChineseTrio/HG007_NA24695-hu38168_mother/CompleteGenomics_normal_cellsDNA/mom_NA24695_GS000037477-ASM/LIB/GS02142-CLS_C06/lib_gaps_M_GS02142-CLS_C06.tsv	28426
data/ChineseTrio/HG007_NA24695-hu38168_mother/CompleteGenomics_normal_cellsDNA/mom_NA24695_GS000037477-ASM/LIB/GS02142-CLS_C06/lib_gaps_R0_GS02142-CLS_C06.tsv	300753
data/ChineseTrio/HG007_NA24695-hu38168_mother/CompleteGenomics_normal_cellsDNA/mom_NA24695_GS000037477-ASM/LIB/GS02142-CLS_C06/lib_gaps_rollup_L_GS02142-CLS_C06.tsv	786
data/ChineseTrio/HG007_NA24695-hu38168_mother/CompleteGenomics_normal_cellsDNA/mom_NA24695_GS000037477-ASM/LIB/GS02142-CLS_C06/lib_gaps_rollup_R_GS02142-CLS_C06.tsv	778
data/ChineseTrio/HG007_NA24695-hu38168_mother/CompleteGenomics_normal_cellsDNA/mom_NA24695_GS000037477-ASM/MAP/GS77235-FS3-L03/mapping_GS77235-FS3-L03_001.tsv.bz2	565304919
data/ChineseTrio/HG007_NA24695-hu38168_mother/CompleteGenomics_normal_cellsDNA/mom_NA24695_GS000037477-ASM/MAP/GS77235-FS3-L03/mapping_GS77235-FS3-L03_002.tsv.bz2	558647745
data/ChineseTrio/HG007_NA24695-hu38168_mother/CompleteGenomics_normal_cellsDNA/mom_NA24695_GS000037477-ASM/MAP/GS77235-FS3-L03/mapping_GS77235-FS3-L03_003.tsv.bz2	550398944
data/ChineseTrio/HG007_NA24695-hu38168_mother/CompleteGenomics_normal_cellsDNA/mom_NA24695_GS000037477-ASM/MAP/GS77235-FS3-L03/mapping_GS77235-FS3-L03_004.tsv.bz2	549768071
data/ChineseTrio/HG007_NA24695-hu38168_mother/CompleteGenomics_normal_cellsDNA/mom_NA24695_GS000037477-ASM/MAP/GS77235-FS3-L03/mapping_GS77235-FS3-L03_005.tsv.bz2	544735021
data/ChineseTrio/HG007_NA24695-hu38168_mother/CompleteGenomics_normal_cellsDNA/mom_NA24695_GS000037477-ASM/MAP/GS77235-FS3-L03/mapping_GS77235-FS3-L03_006.tsv.bz2	553088915
data/ChineseTrio/HG007_NA24695-hu38168_mother/CompleteGenomics_normal_cellsDNA/mom_NA24695_GS000037477-ASM/MAP/GS77235-FS3-L03/mapping_GS77235-FS3-L03_007.tsv.bz2	567547517
data/ChineseTrio/HG007_NA24695-hu38168_mother/CompleteGenomics_normal_cellsDNA/mom_NA24695_GS000037477-ASM/MAP/GS77235-FS3-L03/mapping_GS77235-FS3-L03_008.tsv.bz2	547591256
data/ChineseTrio/HG007_NA24695-hu38168_mother/CompleteGenomics_normal_cellsDNA/mom_NA24695_GS000037477-ASM/MAP/GS77235-FS3-L03/mapping_GS77235-FS3-L03_009.tsv.bz2	549562567
data/ChineseTrio/HG007_NA24695-hu38168_mother/CompleteGenomics_normal_cellsDNA/mom_NA24695_GS000037477-ASM/MAP/GS77235-FS3-L03/mapping_GS77235-FS3-L03_010.tsv.bz2	562575909
data/ChineseTrio/HG007_NA24695-hu38168_mother/CompleteGenomics_normal_cellsDNA/mom_NA24695_GS000037477-ASM/MAP/GS77235-FS3-L03/mapping_GS77235-FS3-L03_011.tsv.bz2	545909954
data/ChineseTrio/HG007_NA24695-hu38168_mother/CompleteGenomics_normal_cellsDNA/mom_NA24695_GS000037477-ASM/MAP/GS77235-FS3-L03/mapping_GS77235-FS3-L03_012.tsv.bz2	567214826
data/ChineseTrio/HG007_NA24695-hu38168_mother/CompleteGenomics_normal_cellsDNA/mom_NA24695_GS000037477-ASM/MAP/GS77235-FS3-L03/mapping_GS77235-FS3-L03_013.tsv.bz2	554424995
data/ChineseTrio/HG007_NA24695-hu38168_mother/CompleteGenomics_normal_cellsDNA/mom_NA24695_GS000037477-ASM/MAP/GS77235-FS3-L03/mapping_GS77235-FS3-L03_014.tsv.bz2	555648222
data/ChineseTrio/HG007_NA24695-hu38168_mother/CompleteGenomics_normal_cellsDNA/mom_NA24695_GS000037477-ASM/MAP/GS77235-FS3-L03/mapping_GS77235-FS3-L03_015.tsv.bz2	547808998
data/ChineseTrio/HG007_NA24695-hu38168_mother/CompleteGenomics_normal_cellsDNA/mom_NA24695_GS000037477-ASM/MAP/GS77235-FS3-L03/mapping_GS77235-FS3-L03_016.tsv.bz2	572868395
data/ChineseTrio/HG007_NA24695-hu38168_mother/CompleteGenomics_normal_cellsDNA/mom_NA24695_GS000037477-ASM/MAP/GS77235-FS3-L03/mapping_GS77235-FS3-L03_017.tsv.bz2	29690484
data/ChineseTrio/HG007_NA24695-hu38168_mother/CompleteGenomics_normal_cellsDNA/mom_NA24695_GS000037477-ASM/MAP/GS77235-FS3-L03/reads_GS77235-FS3-L03_001.tsv.bz2	1202224753
data/ChineseTrio/HG007_NA24695-hu38168_mother/CompleteGenomics_normal_cellsDNA/mom_NA24695_GS000037477-ASM/MAP/GS77235-FS3-L03/reads_GS77235-FS3-L03_002.tsv.bz2	1227436308
data/ChineseTrio/HG007_NA24695-hu38168_mother/CompleteGenomics_normal_cellsDNA/mom_NA24695_GS000037477-ASM/MAP/GS77235-FS3-L03/reads_GS77235-FS3-L03_003.tsv.bz2	1207783321
data/ChineseTrio/HG007_NA24695-hu38168_mother/CompleteGenomics_normal_cellsDNA/mom_NA24695_GS000037477-ASM/MAP/GS77235-FS3-L03/reads_GS77235-FS3-L03_004.tsv.bz2	1200984211
data/ChineseTrio/HG007_NA24695-hu38168_mother/CompleteGenomics_normal_cellsDNA/mom_NA24695_GS000037477-ASM/MAP/GS77235-FS3-L03/reads_GS77235-FS3-L03_005.tsv.bz2	1194620600
data/ChineseTrio/HG007_NA24695-hu38168_mother/CompleteGenomics_normal_cellsDNA/mom_NA24695_GS000037477-ASM/MAP/GS77235-FS3-L03/reads_GS77235-FS3-L03_006.tsv.bz2	1208548956
data/ChineseTrio/HG007_NA24695-hu38168_mother/CompleteGenomics_normal_cellsDNA/mom_NA24695_GS000037477-ASM/MAP/GS77235-FS3-L03/reads_GS77235-FS3-L03_007.tsv.bz2	1236083203
data/ChineseTrio/HG007_NA24695-hu38168_mother/CompleteGenomics_normal_cellsDNA/mom_NA24695_GS000037477-ASM/MAP/GS77235-FS3-L03/reads_GS77235-FS3-L03_008.tsv.bz2	1202263474
data/ChineseTrio/HG007_NA24695-hu38168_mother/CompleteGenomics_normal_cellsDNA/mom_NA24695_GS000037477-ASM/MAP/GS77235-FS3-L03/reads_GS77235-FS3-L03_009.tsv.bz2	1201415073
data/ChineseTrio/HG007_NA24695-hu38168_mother/CompleteGenomics_normal_cellsDNA/mom_NA24695_GS000037477-ASM/MAP/GS77235-FS3-L03/reads_GS77235-FS3-L03_010.tsv.bz2	1249187875
data/ChineseTrio/HG007_NA24695-hu38168_mother/CompleteGenomics_normal_cellsDNA/mom_NA24695_GS000037477-ASM/MAP/GS77235-FS3-L03/reads_GS77235-FS3-L03_011.tsv.bz2	1231243169
data/ChineseTrio/HG007_NA24695-hu38168_mother/CompleteGenomics_normal_cellsDNA/mom_NA24695_GS000037477-ASM/MAP/GS77235-FS3-L03/reads_GS77235-FS3-L03_012.tsv.bz2	1234424213
data/ChineseTrio/HG007_NA24695-hu38168_mother/CompleteGenomics_normal_cellsDNA/mom_NA24695_GS000037477-ASM/MAP/GS77235-FS3-L03/reads_GS77235-FS3-L03_013.tsv.bz2	1229908737
data/ChineseTrio/HG007_NA24695-hu38168_mother/CompleteGenomics_normal_cellsDNA/mom_NA24695_GS000037477-ASM/MAP/GS77235-FS3-L03/reads_GS77235-FS3-L03_014.tsv.bz2	1234369141
data/ChineseTrio/HG007_NA24695-hu38168_mother/CompleteGenomics_normal_cellsDNA/mom_NA24695_GS000037477-ASM/MAP/GS77235-FS3-L03/reads_GS77235-FS3-L03_015.tsv.bz2	1204426175
data/ChineseTrio/HG007_NA24695-hu38168_mother/CompleteGenomics_normal_cellsDNA/mom_NA24695_GS000037477-ASM/MAP/GS77235-FS3-L03/reads_GS77235-FS3-L03_016.tsv.bz2	1207687362
data/ChineseTrio/HG007_NA24695-hu38168_mother/CompleteGenomics_normal_cellsDNA/mom_NA24695_GS000037477-ASM/MAP/GS77235-FS3-L03/reads_GS77235-FS3-L03_017.tsv.bz2	62635585
data/ChineseTrio/HG007_NA24695-hu38168_mother/CompleteGenomics_normal_cellsDNA/mom_NA24695_GS000037477-ASM/MAP/GS80174-FS3-L01/mapping_GS80174-FS3-L01_001.tsv.bz2	431542742
data/ChineseTrio/HG007_NA24695-hu38168_mother/CompleteGenomics_normal_cellsDNA/mom_NA24695_GS000037477-ASM/MAP/GS80174-FS3-L01/mapping_GS80174-FS3-L01_002.tsv.bz2	521872599
data/ChineseTrio/HG007_NA24695-hu38168_mother/CompleteGenomics_normal_cellsDNA/mom_NA24695_GS000037477-ASM/MAP/GS80174-FS3-L01/mapping_GS80174-FS3-L01_003.tsv.bz2	527243718
data/ChineseTrio/HG007_NA24695-hu38168_mother/CompleteGenomics_normal_cellsDNA/mom_NA24695_GS000037477-ASM/MAP/GS80174-FS3-L01/mapping_GS80174-FS3-L01_004.tsv.bz2	525426451
data/ChineseTrio/HG007_NA24695-hu38168_mother/CompleteGenomics_normal_cellsDNA/mom_NA24695_GS000037477-ASM/MAP/GS80174-FS3-L01/mapping_GS80174-FS3-L01_005.tsv.bz2	525503609
data/ChineseTrio/HG007_NA24695-hu38168_mother/CompleteGenomics_normal_cellsDNA/mom_NA24695_GS000037477-ASM/MAP/GS80174-FS3-L01/mapping_GS80174-FS3-L01_006.tsv.bz2	524737726
data/ChineseTrio/HG007_NA24695-hu38168_mother/CompleteGenomics_normal_cellsDNA/mom_NA24695_GS000037477-ASM/MAP/GS80174-FS3-L01/mapping_GS80174-FS3-L01_007.tsv.bz2	521115443
data/ChineseTrio/HG007_NA24695-hu38168_mother/CompleteGenomics_normal_cellsDNA/mom_NA24695_GS000037477-ASM/MAP/GS80174-FS3-L01/mapping_GS80174-FS3-L01_008.tsv.bz2	520271117
data/ChineseTrio/HG007_NA24695-hu38168_mother/CompleteGenomics_normal_cellsDNA/mom_NA24695_GS000037477-ASM/MAP/GS80174-FS3-L01/mapping_GS80174-FS3-L01_009.tsv.bz2	520837973
data/ChineseTrio/HG007_NA24695-hu38168_mother/CompleteGenomics_normal_cellsDNA/mom_NA24695_GS000037477-ASM/MAP/GS80174-FS3-L01/mapping_GS80174-FS3-L01_010.tsv.bz2	521980203
data/ChineseTrio/HG007_NA24695-hu38168_mother/CompleteGenomics_normal_cellsDNA/mom_NA24695_GS000037477-ASM/MAP/GS80174-FS3-L01/mapping_GS80174-FS3-L01_011.tsv.bz2	521860422
data/ChineseTrio/HG007_NA24695-hu38168_mother/CompleteGenomics_normal_cellsDNA/mom_NA24695_GS000037477-ASM/MAP/GS80174-FS3-L01/mapping_GS80174-FS3-L01_012.tsv.bz2	521318423
data/ChineseTrio/HG007_NA24695-hu38168_mother/CompleteGenomics_normal_cellsDNA/mom_NA24695_GS000037477-ASM/MAP/GS80174-FS3-L01/mapping_GS80174-FS3-L01_013.tsv.bz2	520856326
data/ChineseTrio/HG007_NA24695-hu38168_mother/CompleteGenomics_normal_cellsDNA/mom_NA24695_GS000037477-ASM/MAP/GS80174-FS3-L01/mapping_GS80174-FS3-L01_014.tsv.bz2	523842530
data/ChineseTrio/HG007_NA24695-hu38168_mother/CompleteGenomics_normal_cellsDNA/mom_NA24695_GS000037477-ASM/MAP/GS80174-FS3-L01/mapping_GS80174-FS3-L01_015.tsv.bz2	526358968
data/ChineseTrio/HG007_NA24695-hu38168_mother/CompleteGenomics_normal_cellsDNA/mom_NA24695_GS000037477-ASM/MAP/GS80174-FS3-L01/mapping_GS80174-FS3-L01_016.tsv.bz2	518777784
data/ChineseTrio/HG007_NA24695-hu38168_mother/CompleteGenomics_normal_cellsDNA/mom_NA24695_GS000037477-ASM/MAP/GS80174-FS3-L01/mapping_GS80174-FS3-L01_017.tsv.bz2	310009516
data/ChineseTrio/HG007_NA24695-hu38168_mother/CompleteGenomics_normal_cellsDNA/mom_NA24695_GS000037477-ASM/MAP/GS80174-FS3-L01/reads_GS80174-FS3-L01_001.tsv.bz2	1180713269
data/ChineseTrio/HG007_NA24695-hu38168_mother/CompleteGenomics_normal_cellsDNA/mom_NA24695_GS000037477-ASM/MAP/GS80174-FS3-L01/reads_GS80174-FS3-L01_002.tsv.bz2	1329156093
data/ChineseTrio/HG007_NA24695-hu38168_mother/CompleteGenomics_normal_cellsDNA/mom_NA24695_GS000037477-ASM/MAP/GS80174-FS3-L01/reads_GS80174-FS3-L01_003.tsv.bz2	1327618774
data/ChineseTrio/HG007_NA24695-hu38168_mother/CompleteGenomics_normal_cellsDNA/mom_NA24695_GS000037477-ASM/MAP/GS80174-FS3-L01/reads_GS80174-FS3-L01_004.tsv.bz2	1332106917
data/ChineseTrio/HG007_NA24695-hu38168_mother/CompleteGenomics_normal_cellsDNA/mom_NA24695_GS000037477-ASM/MAP/GS80174-FS3-L01/reads_GS80174-FS3-L01_005.tsv.bz2	1329680306
data/ChineseTrio/HG007_NA24695-hu38168_mother/CompleteGenomics_normal_cellsDNA/mom_NA24695_GS000037477-ASM/MAP/GS80174-FS3-L01/reads_GS80174-FS3-L01_006.tsv.bz2	1332282079
data/ChineseTrio/HG007_NA24695-hu38168_mother/CompleteGenomics_normal_cellsDNA/mom_NA24695_GS000037477-ASM/MAP/GS80174-FS3-L01/reads_GS80174-FS3-L01_007.tsv.bz2	1343720398
data/ChineseTrio/HG007_NA24695-hu38168_mother/CompleteGenomics_normal_cellsDNA/mom_NA24695_GS000037477-ASM/MAP/GS80174-FS3-L01/reads_GS80174-FS3-L01_008.tsv.bz2	1347206207
data/ChineseTrio/HG007_NA24695-hu38168_mother/CompleteGenomics_normal_cellsDNA/mom_NA24695_GS000037477-ASM/MAP/GS80174-FS3-L01/reads_GS80174-FS3-L01_009.tsv.bz2	1347306077
data/ChineseTrio/HG007_NA24695-hu38168_mother/CompleteGenomics_normal_cellsDNA/mom_NA24695_GS000037477-ASM/MAP/GS80174-FS3-L01/reads_GS80174-FS3-L01_010.tsv.bz2	1346054187
data/ChineseTrio/HG007_NA24695-hu38168_mother/CompleteGenomics_normal_cellsDNA/mom_NA24695_GS000037477-ASM/MAP/GS80174-FS3-L01/reads_GS80174-FS3-L01_011.tsv.bz2	1350940024
data/ChineseTrio/HG007_NA24695-hu38168_mother/CompleteGenomics_normal_cellsDNA/mom_NA24695_GS000037477-ASM/MAP/GS80174-FS3-L01/reads_GS80174-FS3-L01_012.tsv.bz2	1357328508
data/ChineseTrio/HG007_NA24695-hu38168_mother/CompleteGenomics_normal_cellsDNA/mom_NA24695_GS000037477-ASM/MAP/GS80174-FS3-L01/reads_GS80174-FS3-L01_013.tsv.bz2	1357538966
data/ChineseTrio/HG007_NA24695-hu38168_mother/CompleteGenomics_normal_cellsDNA/mom_NA24695_GS000037477-ASM/MAP/GS80174-FS3-L01/reads_GS80174-FS3-L01_014.tsv.bz2	1343369933
data/ChineseTrio/HG007_NA24695-hu38168_mother/CompleteGenomics_normal_cellsDNA/mom_NA24695_GS000037477-ASM/MAP/GS80174-FS3-L01/reads_GS80174-FS3-L01_015.tsv.bz2	1336411120
data/ChineseTrio/HG007_NA24695-hu38168_mother/CompleteGenomics_normal_cellsDNA/mom_NA24695_GS000037477-ASM/MAP/GS80174-FS3-L01/reads_GS80174-FS3-L01_016.tsv.bz2	1344264197
data/ChineseTrio/HG007_NA24695-hu38168_mother/CompleteGenomics_normal_cellsDNA/mom_NA24695_GS000037477-ASM/MAP/GS80174-FS3-L01/reads_GS80174-FS3-L01_017.tsv.bz2	782723994
data/ChineseTrio/HG007_NA24695-hu38168_mother/CompleteGenomics_normal_cellsDNA/mom_NA24695_GS000037477-ASM/MAP/GS80174-FS3-L02/mapping_GS80174-FS3-L02_001.tsv.bz2	491045032
data/ChineseTrio/HG007_NA24695-hu38168_mother/CompleteGenomics_normal_cellsDNA/mom_NA24695_GS000037477-ASM/MAP/GS80174-FS3-L02/mapping_GS80174-FS3-L02_002.tsv.bz2	535038666
data/ChineseTrio/HG007_NA24695-hu38168_mother/CompleteGenomics_normal_cellsDNA/mom_NA24695_GS000037477-ASM/MAP/GS80174-FS3-L02/mapping_GS80174-FS3-L02_003.tsv.bz2	536104596
data/ChineseTrio/HG007_NA24695-hu38168_mother/CompleteGenomics_normal_cellsDNA/mom_NA24695_GS000037477-ASM/MAP/GS80174-FS3-L02/mapping_GS80174-FS3-L02_004.tsv.bz2	530577985
data/ChineseTrio/HG007_NA24695-hu38168_mother/CompleteGenomics_normal_cellsDNA/mom_NA24695_GS000037477-ASM/MAP/GS80174-FS3-L02/mapping_GS80174-FS3-L02_005.tsv.bz2	529764943
data/ChineseTrio/HG007_NA24695-hu38168_mother/CompleteGenomics_normal_cellsDNA/mom_NA24695_GS000037477-ASM/MAP/GS80174-FS3-L02/mapping_GS80174-FS3-L02_006.tsv.bz2	530917940
data/ChineseTrio/HG007_NA24695-hu38168_mother/CompleteGenomics_normal_cellsDNA/mom_NA24695_GS000037477-ASM/MAP/GS80174-FS3-L02/mapping_GS80174-FS3-L02_007.tsv.bz2	530169050
data/ChineseTrio/HG007_NA24695-hu38168_mother/CompleteGenomics_normal_cellsDNA/mom_NA24695_GS000037477-ASM/MAP/GS80174-FS3-L02/mapping_GS80174-FS3-L02_008.tsv.bz2	530679333
data/ChineseTrio/HG007_NA24695-hu38168_mother/CompleteGenomics_normal_cellsDNA/mom_NA24695_GS000037477-ASM/MAP/GS80174-FS3-L02/mapping_GS80174-FS3-L02_009.tsv.bz2	528906963
data/ChineseTrio/HG007_NA24695-hu38168_mother/CompleteGenomics_normal_cellsDNA/mom_NA24695_GS000037477-ASM/MAP/GS80174-FS3-L02/mapping_GS80174-FS3-L02_010.tsv.bz2	533379144
data/ChineseTrio/HG007_NA24695-hu38168_mother/CompleteGenomics_normal_cellsDNA/mom_NA24695_GS000037477-ASM/MAP/GS80174-FS3-L02/mapping_GS80174-FS3-L02_011.tsv.bz2	533576550
data/ChineseTrio/HG007_NA24695-hu38168_mother/CompleteGenomics_normal_cellsDNA/mom_NA24695_GS000037477-ASM/MAP/GS80174-FS3-L02/mapping_GS80174-FS3-L02_012.tsv.bz2	531424125
data/ChineseTrio/HG007_NA24695-hu38168_mother/CompleteGenomics_normal_cellsDNA/mom_NA24695_GS000037477-ASM/MAP/GS80174-FS3-L02/mapping_GS80174-FS3-L02_013.tsv.bz2	533721657
data/ChineseTrio/HG007_NA24695-hu38168_mother/CompleteGenomics_normal_cellsDNA/mom_NA24695_GS000037477-ASM/MAP/GS80174-FS3-L02/mapping_GS80174-FS3-L02_014.tsv.bz2	536352650
data/ChineseTrio/HG007_NA24695-hu38168_mother/CompleteGenomics_normal_cellsDNA/mom_NA24695_GS000037477-ASM/MAP/GS80174-FS3-L02/mapping_GS80174-FS3-L02_015.tsv.bz2	538933627
data/ChineseTrio/HG007_NA24695-hu38168_mother/CompleteGenomics_normal_cellsDNA/mom_NA24695_GS000037477-ASM/MAP/GS80174-FS3-L02/mapping_GS80174-FS3-L02_016.tsv.bz2	530275376
data/ChineseTrio/HG007_NA24695-hu38168_mother/CompleteGenomics_normal_cellsDNA/mom_NA24695_GS000037477-ASM/MAP/GS80174-FS3-L02/mapping_GS80174-FS3-L02_017.tsv.bz2	332573150
data/ChineseTrio/HG007_NA24695-hu38168_mother/CompleteGenomics_normal_cellsDNA/mom_NA24695_GS000037477-ASM/MAP/GS80174-FS3-L02/reads_GS80174-FS3-L02_001.tsv.bz2	1217613677
data/ChineseTrio/HG007_NA24695-hu38168_mother/CompleteGenomics_normal_cellsDNA/mom_NA24695_GS000037477-ASM/MAP/GS80174-FS3-L02/reads_GS80174-FS3-L02_002.tsv.bz2	1306270636
data/ChineseTrio/HG007_NA24695-hu38168_mother/CompleteGenomics_normal_cellsDNA/mom_NA24695_GS000037477-ASM/MAP/GS80174-FS3-L02/reads_GS80174-FS3-L02_003.tsv.bz2	1303309326
data/ChineseTrio/HG007_NA24695-hu38168_mother/CompleteGenomics_normal_cellsDNA/mom_NA24695_GS000037477-ASM/MAP/GS80174-FS3-L02/reads_GS80174-FS3-L02_004.tsv.bz2	1321945783
data/ChineseTrio/HG007_NA24695-hu38168_mother/CompleteGenomics_normal_cellsDNA/mom_NA24695_GS000037477-ASM/MAP/GS80174-FS3-L02/reads_GS80174-FS3-L02_005.tsv.bz2	1317173480
data/ChineseTrio/HG007_NA24695-hu38168_mother/CompleteGenomics_normal_cellsDNA/mom_NA24695_GS000037477-ASM/MAP/GS80174-FS3-L02/reads_GS80174-FS3-L02_006.tsv.bz2	1312381095
data/ChineseTrio/HG007_NA24695-hu38168_mother/CompleteGenomics_normal_cellsDNA/mom_NA24695_GS000037477-ASM/MAP/GS80174-FS3-L02/reads_GS80174-FS3-L02_007.tsv.bz2	1321217117
data/ChineseTrio/HG007_NA24695-hu38168_mother/CompleteGenomics_normal_cellsDNA/mom_NA24695_GS000037477-ASM/MAP/GS80174-FS3-L02/reads_GS80174-FS3-L02_008.tsv.bz2	1320290054
data/ChineseTrio/HG007_NA24695-hu38168_mother/CompleteGenomics_normal_cellsDNA/mom_NA24695_GS000037477-ASM/MAP/GS80174-FS3-L02/reads_GS80174-FS3-L02_009.tsv.bz2	1322954079
data/ChineseTrio/HG007_NA24695-hu38168_mother/CompleteGenomics_normal_cellsDNA/mom_NA24695_GS000037477-ASM/MAP/GS80174-FS3-L02/reads_GS80174-FS3-L02_010.tsv.bz2	1309972602
data/ChineseTrio/HG007_NA24695-hu38168_mother/CompleteGenomics_normal_cellsDNA/mom_NA24695_GS000037477-ASM/MAP/GS80174-FS3-L02/reads_GS80174-FS3-L02_011.tsv.bz2	1311007686
data/ChineseTrio/HG007_NA24695-hu38168_mother/CompleteGenomics_normal_cellsDNA/mom_NA24695_GS000037477-ASM/MAP/GS80174-FS3-L02/reads_GS80174-FS3-L02_012.tsv.bz2	1322070297
data/ChineseTrio/HG007_NA24695-hu38168_mother/CompleteGenomics_normal_cellsDNA/mom_NA24695_GS000037477-ASM/MAP/GS80174-FS3-L02/reads_GS80174-FS3-L02_013.tsv.bz2	1315452362
data/ChineseTrio/HG007_NA24695-hu38168_mother/CompleteGenomics_normal_cellsDNA/mom_NA24695_GS000037477-ASM/MAP/GS80174-FS3-L02/reads_GS80174-FS3-L02_014.tsv.bz2	1302302140
data/ChineseTrio/HG007_NA24695-hu38168_mother/CompleteGenomics_normal_cellsDNA/mom_NA24695_GS000037477-ASM/MAP/GS80174-FS3-L02/reads_GS80174-FS3-L02_015.tsv.bz2	1295412196
data/ChineseTrio/HG007_NA24695-hu38168_mother/CompleteGenomics_normal_cellsDNA/mom_NA24695_GS000037477-ASM/MAP/GS80174-FS3-L02/reads_GS80174-FS3-L02_016.tsv.bz2	1304252406
data/ChineseTrio/HG007_NA24695-hu38168_mother/CompleteGenomics_normal_cellsDNA/mom_NA24695_GS000037477-ASM/MAP/GS80174-FS3-L02/reads_GS80174-FS3-L02_017.tsv.bz2	805537696
data/ChineseTrio/HG007_NA24695-hu38168_mother/CompleteGenomics_normal_cellsDNA/mom_NA24695_GS000037477-ASM/MAP/GS80174-FS3-L03/mapping_GS80174-FS3-L03_001.tsv.bz2	494335213
data/ChineseTrio/HG007_NA24695-hu38168_mother/CompleteGenomics_normal_cellsDNA/mom_NA24695_GS000037477-ASM/MAP/GS80174-FS3-L03/mapping_GS80174-FS3-L03_002.tsv.bz2	540875777
data/ChineseTrio/HG007_NA24695-hu38168_mother/CompleteGenomics_normal_cellsDNA/mom_NA24695_GS000037477-ASM/MAP/GS80174-FS3-L03/mapping_GS80174-FS3-L03_003.tsv.bz2	539663626
data/ChineseTrio/HG007_NA24695-hu38168_mother/CompleteGenomics_normal_cellsDNA/mom_NA24695_GS000037477-ASM/MAP/GS80174-FS3-L03/mapping_GS80174-FS3-L03_004.tsv.bz2	532585316
data/ChineseTrio/HG007_NA24695-hu38168_mother/CompleteGenomics_normal_cellsDNA/mom_NA24695_GS000037477-ASM/MAP/GS80174-FS3-L03/mapping_GS80174-FS3-L03_005.tsv.bz2	536451827
data/ChineseTrio/HG007_NA24695-hu38168_mother/CompleteGenomics_normal_cellsDNA/mom_NA24695_GS000037477-ASM/MAP/GS80174-FS3-L03/mapping_GS80174-FS3-L03_006.tsv.bz2	535972609
data/ChineseTrio/HG007_NA24695-hu38168_mother/CompleteGenomics_normal_cellsDNA/mom_NA24695_GS000037477-ASM/MAP/GS80174-FS3-L03/mapping_GS80174-FS3-L03_007.tsv.bz2	535506692
data/ChineseTrio/HG007_NA24695-hu38168_mother/CompleteGenomics_normal_cellsDNA/mom_NA24695_GS000037477-ASM/MAP/GS80174-FS3-L03/mapping_GS80174-FS3-L03_008.tsv.bz2	535019829
data/ChineseTrio/HG007_NA24695-hu38168_mother/CompleteGenomics_normal_cellsDNA/mom_NA24695_GS000037477-ASM/MAP/GS80174-FS3-L03/mapping_GS80174-FS3-L03_009.tsv.bz2	533913269
data/ChineseTrio/HG007_NA24695-hu38168_mother/CompleteGenomics_normal_cellsDNA/mom_NA24695_GS000037477-ASM/MAP/GS80174-FS3-L03/mapping_GS80174-FS3-L03_010.tsv.bz2	536140249
data/ChineseTrio/HG007_NA24695-hu38168_mother/CompleteGenomics_normal_cellsDNA/mom_NA24695_GS000037477-ASM/MAP/GS80174-FS3-L03/mapping_GS80174-FS3-L03_011.tsv.bz2	537420995
data/ChineseTrio/HG007_NA24695-hu38168_mother/CompleteGenomics_normal_cellsDNA/mom_NA24695_GS000037477-ASM/MAP/GS80174-FS3-L03/mapping_GS80174-FS3-L03_012.tsv.bz2	534790313
data/ChineseTrio/HG007_NA24695-hu38168_mother/CompleteGenomics_normal_cellsDNA/mom_NA24695_GS000037477-ASM/MAP/GS80174-FS3-L03/mapping_GS80174-FS3-L03_013.tsv.bz2	535824827
data/ChineseTrio/HG007_NA24695-hu38168_mother/CompleteGenomics_normal_cellsDNA/mom_NA24695_GS000037477-ASM/MAP/GS80174-FS3-L03/mapping_GS80174-FS3-L03_014.tsv.bz2	539711618
data/ChineseTrio/HG007_NA24695-hu38168_mother/CompleteGenomics_normal_cellsDNA/mom_NA24695_GS000037477-ASM/MAP/GS80174-FS3-L03/mapping_GS80174-FS3-L03_015.tsv.bz2	542087563
data/ChineseTrio/HG007_NA24695-hu38168_mother/CompleteGenomics_normal_cellsDNA/mom_NA24695_GS000037477-ASM/MAP/GS80174-FS3-L03/mapping_GS80174-FS3-L03_016.tsv.bz2	531510531
data/ChineseTrio/HG007_NA24695-hu38168_mother/CompleteGenomics_normal_cellsDNA/mom_NA24695_GS000037477-ASM/MAP/GS80174-FS3-L03/mapping_GS80174-FS3-L03_017.tsv.bz2	327777538
data/ChineseTrio/HG007_NA24695-hu38168_mother/CompleteGenomics_normal_cellsDNA/mom_NA24695_GS000037477-ASM/MAP/GS80174-FS3-L03/reads_GS80174-FS3-L03_001.tsv.bz2	1189803616
data/ChineseTrio/HG007_NA24695-hu38168_mother/CompleteGenomics_normal_cellsDNA/mom_NA24695_GS000037477-ASM/MAP/GS80174-FS3-L03/reads_GS80174-FS3-L03_002.tsv.bz2	1294433700
data/ChineseTrio/HG007_NA24695-hu38168_mother/CompleteGenomics_normal_cellsDNA/mom_NA24695_GS000037477-ASM/MAP/GS80174-FS3-L03/reads_GS80174-FS3-L03_003.tsv.bz2	1303330105
data/ChineseTrio/HG007_NA24695-hu38168_mother/CompleteGenomics_normal_cellsDNA/mom_NA24695_GS000037477-ASM/MAP/GS80174-FS3-L03/reads_GS80174-FS3-L03_004.tsv.bz2	1323479499
data/ChineseTrio/HG007_NA24695-hu38168_mother/CompleteGenomics_normal_cellsDNA/mom_NA24695_GS000037477-ASM/MAP/GS80174-FS3-L03/reads_GS80174-FS3-L03_005.tsv.bz2	1309129810
data/ChineseTrio/HG007_NA24695-hu38168_mother/CompleteGenomics_normal_cellsDNA/mom_NA24695_GS000037477-ASM/MAP/GS80174-FS3-L03/reads_GS80174-FS3-L03_006.tsv.bz2	1309294750
data/ChineseTrio/HG007_NA24695-hu38168_mother/CompleteGenomics_normal_cellsDNA/mom_NA24695_GS000037477-ASM/MAP/GS80174-FS3-L03/reads_GS80174-FS3-L03_007.tsv.bz2	1313205316
data/ChineseTrio/HG007_NA24695-hu38168_mother/CompleteGenomics_normal_cellsDNA/mom_NA24695_GS000037477-ASM/MAP/GS80174-FS3-L03/reads_GS80174-FS3-L03_008.tsv.bz2	1315213528
data/ChineseTrio/HG007_NA24695-hu38168_mother/CompleteGenomics_normal_cellsDNA/mom_NA24695_GS000037477-ASM/MAP/GS80174-FS3-L03/reads_GS80174-FS3-L03_009.tsv.bz2	1315582690
data/ChineseTrio/HG007_NA24695-hu38168_mother/CompleteGenomics_normal_cellsDNA/mom_NA24695_GS000037477-ASM/MAP/GS80174-FS3-L03/reads_GS80174-FS3-L03_010.tsv.bz2	1311120343
data/ChineseTrio/HG007_NA24695-hu38168_mother/CompleteGenomics_normal_cellsDNA/mom_NA24695_GS000037477-ASM/MAP/GS80174-FS3-L03/reads_GS80174-FS3-L03_011.tsv.bz2	1305373927
data/ChineseTrio/HG007_NA24695-hu38168_mother/CompleteGenomics_normal_cellsDNA/mom_NA24695_GS000037477-ASM/MAP/GS80174-FS3-L03/reads_GS80174-FS3-L03_012.tsv.bz2	1317683092
data/ChineseTrio/HG007_NA24695-hu38168_mother/CompleteGenomics_normal_cellsDNA/mom_NA24695_GS000037477-ASM/MAP/GS80174-FS3-L03/reads_GS80174-FS3-L03_013.tsv.bz2	1313197874
data/ChineseTrio/HG007_NA24695-hu38168_mother/CompleteGenomics_normal_cellsDNA/mom_NA24695_GS000037477-ASM/MAP/GS80174-FS3-L03/reads_GS80174-FS3-L03_014.tsv.bz2	1298903396
data/ChineseTrio/HG007_NA24695-hu38168_mother/CompleteGenomics_normal_cellsDNA/mom_NA24695_GS000037477-ASM/MAP/GS80174-FS3-L03/reads_GS80174-FS3-L03_015.tsv.bz2	1292055219
data/ChineseTrio/HG007_NA24695-hu38168_mother/CompleteGenomics_normal_cellsDNA/mom_NA24695_GS000037477-ASM/MAP/GS80174-FS3-L03/reads_GS80174-FS3-L03_016.tsv.bz2	1298602655
data/ChineseTrio/HG007_NA24695-hu38168_mother/CompleteGenomics_normal_cellsDNA/mom_NA24695_GS000037477-ASM/MAP/GS80174-FS3-L03/reads_GS80174-FS3-L03_017.tsv.bz2	782711971
data/ChineseTrio/HG007_NA24695-hu38168_mother/CompleteGenomics_normal_cellsDNA/mom_NA24695_GS000037477-ASM/MAP/GS80174-FS3-L04/mapping_GS80174-FS3-L04_001.tsv.bz2	500846849
data/ChineseTrio/HG007_NA24695-hu38168_mother/CompleteGenomics_normal_cellsDNA/mom_NA24695_GS000037477-ASM/MAP/GS80174-FS3-L04/mapping_GS80174-FS3-L04_002.tsv.bz2	544640299
data/ChineseTrio/HG007_NA24695-hu38168_mother/CompleteGenomics_normal_cellsDNA/mom_NA24695_GS000037477-ASM/MAP/GS80174-FS3-L04/mapping_GS80174-FS3-L04_003.tsv.bz2	540932006
data/ChineseTrio/HG007_NA24695-hu38168_mother/CompleteGenomics_normal_cellsDNA/mom_NA24695_GS000037477-ASM/MAP/GS80174-FS3-L04/mapping_GS80174-FS3-L04_004.tsv.bz2	540240970
data/ChineseTrio/HG007_NA24695-hu38168_mother/CompleteGenomics_normal_cellsDNA/mom_NA24695_GS000037477-ASM/MAP/GS80174-FS3-L04/mapping_GS80174-FS3-L04_005.tsv.bz2	541415100
data/ChineseTrio/HG007_NA24695-hu38168_mother/CompleteGenomics_normal_cellsDNA/mom_NA24695_GS000037477-ASM/MAP/GS80174-FS3-L04/mapping_GS80174-FS3-L04_006.tsv.bz2	540933173
data/ChineseTrio/HG007_NA24695-hu38168_mother/CompleteGenomics_normal_cellsDNA/mom_NA24695_GS000037477-ASM/MAP/GS80174-FS3-L04/mapping_GS80174-FS3-L04_007.tsv.bz2	538797524
data/ChineseTrio/HG007_NA24695-hu38168_mother/CompleteGenomics_normal_cellsDNA/mom_NA24695_GS000037477-ASM/MAP/GS80174-FS3-L04/mapping_GS80174-FS3-L04_008.tsv.bz2	537436592
data/ChineseTrio/HG007_NA24695-hu38168_mother/CompleteGenomics_normal_cellsDNA/mom_NA24695_GS000037477-ASM/MAP/GS80174-FS3-L04/mapping_GS80174-FS3-L04_009.tsv.bz2	538043607
data/ChineseTrio/HG007_NA24695-hu38168_mother/CompleteGenomics_normal_cellsDNA/mom_NA24695_GS000037477-ASM/MAP/GS80174-FS3-L04/mapping_GS80174-FS3-L04_010.tsv.bz2	540064378
data/ChineseTrio/HG007_NA24695-hu38168_mother/CompleteGenomics_normal_cellsDNA/mom_NA24695_GS000037477-ASM/MAP/GS80174-FS3-L04/mapping_GS80174-FS3-L04_011.tsv.bz2	541696000
data/ChineseTrio/HG007_NA24695-hu38168_mother/CompleteGenomics_normal_cellsDNA/mom_NA24695_GS000037477-ASM/MAP/GS80174-FS3-L04/mapping_GS80174-FS3-L04_012.tsv.bz2	535082941
data/ChineseTrio/HG007_NA24695-hu38168_mother/CompleteGenomics_normal_cellsDNA/mom_NA24695_GS000037477-ASM/MAP/GS80174-FS3-L04/mapping_GS80174-FS3-L04_013.tsv.bz2	533116527
data/ChineseTrio/HG007_NA24695-hu38168_mother/CompleteGenomics_normal_cellsDNA/mom_NA24695_GS000037477-ASM/MAP/GS80174-FS3-L04/mapping_GS80174-FS3-L04_014.tsv.bz2	539132350
data/ChineseTrio/HG007_NA24695-hu38168_mother/CompleteGenomics_normal_cellsDNA/mom_NA24695_GS000037477-ASM/MAP/GS80174-FS3-L04/mapping_GS80174-FS3-L04_015.tsv.bz2	539629384
data/ChineseTrio/HG007_NA24695-hu38168_mother/CompleteGenomics_normal_cellsDNA/mom_NA24695_GS000037477-ASM/MAP/GS80174-FS3-L04/mapping_GS80174-FS3-L04_016.tsv.bz2	527022319
data/ChineseTrio/HG007_NA24695-hu38168_mother/CompleteGenomics_normal_cellsDNA/mom_NA24695_GS000037477-ASM/MAP/GS80174-FS3-L04/mapping_GS80174-FS3-L04_017.tsv.bz2	330683700
data/ChineseTrio/HG007_NA24695-hu38168_mother/CompleteGenomics_normal_cellsDNA/mom_NA24695_GS000037477-ASM/MAP/GS80174-FS3-L04/reads_GS80174-FS3-L04_001.tsv.bz2	1207800889
data/ChineseTrio/HG007_NA24695-hu38168_mother/CompleteGenomics_normal_cellsDNA/mom_NA24695_GS000037477-ASM/MAP/GS80174-FS3-L04/reads_GS80174-FS3-L04_002.tsv.bz2	1291398037
data/ChineseTrio/HG007_NA24695-hu38168_mother/CompleteGenomics_normal_cellsDNA/mom_NA24695_GS000037477-ASM/MAP/GS80174-FS3-L04/reads_GS80174-FS3-L04_003.tsv.bz2	1301455350
data/ChineseTrio/HG007_NA24695-hu38168_mother/CompleteGenomics_normal_cellsDNA/mom_NA24695_GS000037477-ASM/MAP/GS80174-FS3-L04/reads_GS80174-FS3-L04_004.tsv.bz2	1304367765
data/ChineseTrio/HG007_NA24695-hu38168_mother/CompleteGenomics_normal_cellsDNA/mom_NA24695_GS000037477-ASM/MAP/GS80174-FS3-L04/reads_GS80174-FS3-L04_005.tsv.bz2	1300833884
data/ChineseTrio/HG007_NA24695-hu38168_mother/CompleteGenomics_normal_cellsDNA/mom_NA24695_GS000037477-ASM/MAP/GS80174-FS3-L04/reads_GS80174-FS3-L04_006.tsv.bz2	1300910931
data/ChineseTrio/HG007_NA24695-hu38168_mother/CompleteGenomics_normal_cellsDNA/mom_NA24695_GS000037477-ASM/MAP/GS80174-FS3-L04/reads_GS80174-FS3-L04_007.tsv.bz2	1308689591
data/ChineseTrio/HG007_NA24695-hu38168_mother/CompleteGenomics_normal_cellsDNA/mom_NA24695_GS000037477-ASM/MAP/GS80174-FS3-L04/reads_GS80174-FS3-L04_008.tsv.bz2	1313835123
data/ChineseTrio/HG007_NA24695-hu38168_mother/CompleteGenomics_normal_cellsDNA/mom_NA24695_GS000037477-ASM/MAP/GS80174-FS3-L04/reads_GS80174-FS3-L04_009.tsv.bz2	1312586697
data/ChineseTrio/HG007_NA24695-hu38168_mother/CompleteGenomics_normal_cellsDNA/mom_NA24695_GS000037477-ASM/MAP/GS80174-FS3-L04/reads_GS80174-FS3-L04_010.tsv.bz2	1303575736
data/ChineseTrio/HG007_NA24695-hu38168_mother/CompleteGenomics_normal_cellsDNA/mom_NA24695_GS000037477-ASM/MAP/GS80174-FS3-L04/reads_GS80174-FS3-L04_011.tsv.bz2	1297790447
data/ChineseTrio/HG007_NA24695-hu38168_mother/CompleteGenomics_normal_cellsDNA/mom_NA24695_GS000037477-ASM/MAP/GS80174-FS3-L04/reads_GS80174-FS3-L04_012.tsv.bz2	1318482686
data/ChineseTrio/HG007_NA24695-hu38168_mother/CompleteGenomics_normal_cellsDNA/mom_NA24695_GS000037477-ASM/MAP/GS80174-FS3-L04/reads_GS80174-FS3-L04_013.tsv.bz2	1326526151
data/ChineseTrio/HG007_NA24695-hu38168_mother/CompleteGenomics_normal_cellsDNA/mom_NA24695_GS000037477-ASM/MAP/GS80174-FS3-L04/reads_GS80174-FS3-L04_014.tsv.bz2	1302938497
data/ChineseTrio/HG007_NA24695-hu38168_mother/CompleteGenomics_normal_cellsDNA/mom_NA24695_GS000037477-ASM/MAP/GS80174-FS3-L04/reads_GS80174-FS3-L04_015.tsv.bz2	1302176179
data/ChineseTrio/HG007_NA24695-hu38168_mother/CompleteGenomics_normal_cellsDNA/mom_NA24695_GS000037477-ASM/MAP/GS80174-FS3-L04/reads_GS80174-FS3-L04_016.tsv.bz2	1312518101
data/ChineseTrio/HG007_NA24695-hu38168_mother/CompleteGenomics_normal_cellsDNA/mom_NA24695_GS000037477-ASM/MAP/GS80174-FS3-L04/reads_GS80174-FS3-L04_017.tsv.bz2	792175320
data/ChineseTrio/HG007_NA24695-hu38168_mother/CompleteGenomics_normal_cellsDNA/mom_NA24695_GS000037477-ASM/MAP/GS80174-FS3-L05/mapping_GS80174-FS3-L05_001.tsv.bz2	499545070
data/ChineseTrio/HG007_NA24695-hu38168_mother/CompleteGenomics_normal_cellsDNA/mom_NA24695_GS000037477-ASM/MAP/GS80174-FS3-L05/mapping_GS80174-FS3-L05_002.tsv.bz2	542111112
data/ChineseTrio/HG007_NA24695-hu38168_mother/CompleteGenomics_normal_cellsDNA/mom_NA24695_GS000037477-ASM/MAP/GS80174-FS3-L05/mapping_GS80174-FS3-L05_003.tsv.bz2	539741798
data/ChineseTrio/HG007_NA24695-hu38168_mother/CompleteGenomics_normal_cellsDNA/mom_NA24695_GS000037477-ASM/MAP/GS80174-FS3-L05/mapping_GS80174-FS3-L05_004.tsv.bz2	537512552
data/ChineseTrio/HG007_NA24695-hu38168_mother/CompleteGenomics_normal_cellsDNA/mom_NA24695_GS000037477-ASM/MAP/GS80174-FS3-L05/mapping_GS80174-FS3-L05_005.tsv.bz2	537510393
data/ChineseTrio/HG007_NA24695-hu38168_mother/CompleteGenomics_normal_cellsDNA/mom_NA24695_GS000037477-ASM/MAP/GS80174-FS3-L05/mapping_GS80174-FS3-L05_006.tsv.bz2	537644378
data/ChineseTrio/HG007_NA24695-hu38168_mother/CompleteGenomics_normal_cellsDNA/mom_NA24695_GS000037477-ASM/MAP/GS80174-FS3-L05/mapping_GS80174-FS3-L05_007.tsv.bz2	535041253
data/ChineseTrio/HG007_NA24695-hu38168_mother/CompleteGenomics_normal_cellsDNA/mom_NA24695_GS000037477-ASM/MAP/GS80174-FS3-L05/mapping_GS80174-FS3-L05_008.tsv.bz2	534637596
data/ChineseTrio/HG007_NA24695-hu38168_mother/CompleteGenomics_normal_cellsDNA/mom_NA24695_GS000037477-ASM/MAP/GS80174-FS3-L05/mapping_GS80174-FS3-L05_009.tsv.bz2	533857382
data/ChineseTrio/HG007_NA24695-hu38168_mother/CompleteGenomics_normal_cellsDNA/mom_NA24695_GS000037477-ASM/MAP/GS80174-FS3-L05/mapping_GS80174-FS3-L05_010.tsv.bz2	537200192
data/ChineseTrio/HG007_NA24695-hu38168_mother/CompleteGenomics_normal_cellsDNA/mom_NA24695_GS000037477-ASM/MAP/GS80174-FS3-L05/mapping_GS80174-FS3-L05_011.tsv.bz2	537490957
data/ChineseTrio/HG007_NA24695-hu38168_mother/CompleteGenomics_normal_cellsDNA/mom_NA24695_GS000037477-ASM/MAP/GS80174-FS3-L05/mapping_GS80174-FS3-L05_012.tsv.bz2	533231147
data/ChineseTrio/HG007_NA24695-hu38168_mother/CompleteGenomics_normal_cellsDNA/mom_NA24695_GS000037477-ASM/MAP/GS80174-FS3-L05/mapping_GS80174-FS3-L05_013.tsv.bz2	532187553
data/ChineseTrio/HG007_NA24695-hu38168_mother/CompleteGenomics_normal_cellsDNA/mom_NA24695_GS000037477-ASM/MAP/GS80174-FS3-L05/mapping_GS80174-FS3-L05_014.tsv.bz2	534846446
data/ChineseTrio/HG007_NA24695-hu38168_mother/CompleteGenomics_normal_cellsDNA/mom_NA24695_GS000037477-ASM/MAP/GS80174-FS3-L05/mapping_GS80174-FS3-L05_015.tsv.bz2	543598389
data/ChineseTrio/HG007_NA24695-hu38168_mother/CompleteGenomics_normal_cellsDNA/mom_NA24695_GS000037477-ASM/MAP/GS80174-FS3-L05/mapping_GS80174-FS3-L05_016.tsv.bz2	529279848
data/ChineseTrio/HG007_NA24695-hu38168_mother/CompleteGenomics_normal_cellsDNA/mom_NA24695_GS000037477-ASM/MAP/GS80174-FS3-L05/mapping_GS80174-FS3-L05_017.tsv.bz2	326648224
data/ChineseTrio/HG007_NA24695-hu38168_mother/CompleteGenomics_normal_cellsDNA/mom_NA24695_GS000037477-ASM/MAP/GS80174-FS3-L05/reads_GS80174-FS3-L05_001.tsv.bz2	1209844930
data/ChineseTrio/HG007_NA24695-hu38168_mother/CompleteGenomics_normal_cellsDNA/mom_NA24695_GS000037477-ASM/MAP/GS80174-FS3-L05/reads_GS80174-FS3-L05_002.tsv.bz2	1299294381
data/ChineseTrio/HG007_NA24695-hu38168_mother/CompleteGenomics_normal_cellsDNA/mom_NA24695_GS000037477-ASM/MAP/GS80174-FS3-L05/reads_GS80174-FS3-L05_003.tsv.bz2	1304787316
data/ChineseTrio/HG007_NA24695-hu38168_mother/CompleteGenomics_normal_cellsDNA/mom_NA24695_GS000037477-ASM/MAP/GS80174-FS3-L05/reads_GS80174-FS3-L05_004.tsv.bz2	1309703233
data/ChineseTrio/HG007_NA24695-hu38168_mother/CompleteGenomics_normal_cellsDNA/mom_NA24695_GS000037477-ASM/MAP/GS80174-FS3-L05/reads_GS80174-FS3-L05_005.tsv.bz2	1307171906
data/ChineseTrio/HG007_NA24695-hu38168_mother/CompleteGenomics_normal_cellsDNA/mom_NA24695_GS000037477-ASM/MAP/GS80174-FS3-L05/reads_GS80174-FS3-L05_006.tsv.bz2	1306384566
data/ChineseTrio/HG007_NA24695-hu38168_mother/CompleteGenomics_normal_cellsDNA/mom_NA24695_GS000037477-ASM/MAP/GS80174-FS3-L05/reads_GS80174-FS3-L05_007.tsv.bz2	1314288796
data/ChineseTrio/HG007_NA24695-hu38168_mother/CompleteGenomics_normal_cellsDNA/mom_NA24695_GS000037477-ASM/MAP/GS80174-FS3-L05/reads_GS80174-FS3-L05_008.tsv.bz2	1315140489
data/ChineseTrio/HG007_NA24695-hu38168_mother/CompleteGenomics_normal_cellsDNA/mom_NA24695_GS000037477-ASM/MAP/GS80174-FS3-L05/reads_GS80174-FS3-L05_009.tsv.bz2	1317458428
data/ChineseTrio/HG007_NA24695-hu38168_mother/CompleteGenomics_normal_cellsDNA/mom_NA24695_GS000037477-ASM/MAP/GS80174-FS3-L05/reads_GS80174-FS3-L05_010.tsv.bz2	1310920992
data/ChineseTrio/HG007_NA24695-hu38168_mother/CompleteGenomics_normal_cellsDNA/mom_NA24695_GS000037477-ASM/MAP/GS80174-FS3-L05/reads_GS80174-FS3-L05_011.tsv.bz2	1310587729
data/ChineseTrio/HG007_NA24695-hu38168_mother/CompleteGenomics_normal_cellsDNA/mom_NA24695_GS000037477-ASM/MAP/GS80174-FS3-L05/reads_GS80174-FS3-L05_012.tsv.bz2	1321897083
data/ChineseTrio/HG007_NA24695-hu38168_mother/CompleteGenomics_normal_cellsDNA/mom_NA24695_GS000037477-ASM/MAP/GS80174-FS3-L05/reads_GS80174-FS3-L05_013.tsv.bz2	1327666683
data/ChineseTrio/HG007_NA24695-hu38168_mother/CompleteGenomics_normal_cellsDNA/mom_NA24695_GS000037477-ASM/MAP/GS80174-FS3-L05/reads_GS80174-FS3-L05_014.tsv.bz2	1313851628
data/ChineseTrio/HG007_NA24695-hu38168_mother/CompleteGenomics_normal_cellsDNA/mom_NA24695_GS000037477-ASM/MAP/GS80174-FS3-L05/reads_GS80174-FS3-L05_015.tsv.bz2	1291318368
data/ChineseTrio/HG007_NA24695-hu38168_mother/CompleteGenomics_normal_cellsDNA/mom_NA24695_GS000037477-ASM/MAP/GS80174-FS3-L05/reads_GS80174-FS3-L05_016.tsv.bz2	1309502037
data/ChineseTrio/HG007_NA24695-hu38168_mother/CompleteGenomics_normal_cellsDNA/mom_NA24695_GS000037477-ASM/MAP/GS80174-FS3-L05/reads_GS80174-FS3-L05_017.tsv.bz2	782094661
data/ChineseTrio/HG007_NA24695-hu38168_mother/CompleteGenomics_normal_cellsDNA/mom_NA24695_GS000037477-ASM/MAP/GS80174-FS3-L06/mapping_GS80174-FS3-L06_001.tsv.bz2	502659053
data/ChineseTrio/HG007_NA24695-hu38168_mother/CompleteGenomics_normal_cellsDNA/mom_NA24695_GS000037477-ASM/MAP/GS80174-FS3-L06/mapping_GS80174-FS3-L06_002.tsv.bz2	545203533
data/ChineseTrio/HG007_NA24695-hu38168_mother/CompleteGenomics_normal_cellsDNA/mom_NA24695_GS000037477-ASM/MAP/GS80174-FS3-L06/mapping_GS80174-FS3-L06_003.tsv.bz2	542858406
data/ChineseTrio/HG007_NA24695-hu38168_mother/CompleteGenomics_normal_cellsDNA/mom_NA24695_GS000037477-ASM/MAP/GS80174-FS3-L06/mapping_GS80174-FS3-L06_004.tsv.bz2	538512043
data/ChineseTrio/HG007_NA24695-hu38168_mother/CompleteGenomics_normal_cellsDNA/mom_NA24695_GS000037477-ASM/MAP/GS80174-FS3-L06/mapping_GS80174-FS3-L06_005.tsv.bz2	539962832
data/ChineseTrio/HG007_NA24695-hu38168_mother/CompleteGenomics_normal_cellsDNA/mom_NA24695_GS000037477-ASM/MAP/GS80174-FS3-L06/mapping_GS80174-FS3-L06_006.tsv.bz2	536944121
data/ChineseTrio/HG007_NA24695-hu38168_mother/CompleteGenomics_normal_cellsDNA/mom_NA24695_GS000037477-ASM/MAP/GS80174-FS3-L06/mapping_GS80174-FS3-L06_007.tsv.bz2	537273021
data/ChineseTrio/HG007_NA24695-hu38168_mother/CompleteGenomics_normal_cellsDNA/mom_NA24695_GS000037477-ASM/MAP/GS80174-FS3-L06/mapping_GS80174-FS3-L06_008.tsv.bz2	537601519
data/ChineseTrio/HG007_NA24695-hu38168_mother/CompleteGenomics_normal_cellsDNA/mom_NA24695_GS000037477-ASM/MAP/GS80174-FS3-L06/mapping_GS80174-FS3-L06_009.tsv.bz2	537651607
data/ChineseTrio/HG007_NA24695-hu38168_mother/CompleteGenomics_normal_cellsDNA/mom_NA24695_GS000037477-ASM/MAP/GS80174-FS3-L06/mapping_GS80174-FS3-L06_010.tsv.bz2	539573458
data/ChineseTrio/HG007_NA24695-hu38168_mother/CompleteGenomics_normal_cellsDNA/mom_NA24695_GS000037477-ASM/MAP/GS80174-FS3-L06/mapping_GS80174-FS3-L06_011.tsv.bz2	537667233
data/ChineseTrio/HG007_NA24695-hu38168_mother/CompleteGenomics_normal_cellsDNA/mom_NA24695_GS000037477-ASM/MAP/GS80174-FS3-L06/mapping_GS80174-FS3-L06_012.tsv.bz2	533513389
data/ChineseTrio/HG007_NA24695-hu38168_mother/CompleteGenomics_normal_cellsDNA/mom_NA24695_GS000037477-ASM/MAP/GS80174-FS3-L06/mapping_GS80174-FS3-L06_013.tsv.bz2	534318748
data/ChineseTrio/HG007_NA24695-hu38168_mother/CompleteGenomics_normal_cellsDNA/mom_NA24695_GS000037477-ASM/MAP/GS80174-FS3-L06/mapping_GS80174-FS3-L06_014.tsv.bz2	535244079
data/ChineseTrio/HG007_NA24695-hu38168_mother/CompleteGenomics_normal_cellsDNA/mom_NA24695_GS000037477-ASM/MAP/GS80174-FS3-L06/mapping_GS80174-FS3-L06_015.tsv.bz2	523538739
data/ChineseTrio/HG007_NA24695-hu38168_mother/CompleteGenomics_normal_cellsDNA/mom_NA24695_GS000037477-ASM/MAP/GS80174-FS3-L06/mapping_GS80174-FS3-L06_016.tsv.bz2	527183486
data/ChineseTrio/HG007_NA24695-hu38168_mother/CompleteGenomics_normal_cellsDNA/mom_NA24695_GS000037477-ASM/MAP/GS80174-FS3-L06/mapping_GS80174-FS3-L06_017.tsv.bz2	340519705
data/ChineseTrio/HG007_NA24695-hu38168_mother/CompleteGenomics_normal_cellsDNA/mom_NA24695_GS000037477-ASM/MAP/GS80174-FS3-L06/reads_GS80174-FS3-L06_001.tsv.bz2	1203949467
data/ChineseTrio/HG007_NA24695-hu38168_mother/CompleteGenomics_normal_cellsDNA/mom_NA24695_GS000037477-ASM/MAP/GS80174-FS3-L06/reads_GS80174-FS3-L06_002.tsv.bz2	1289568823
data/ChineseTrio/HG007_NA24695-hu38168_mother/CompleteGenomics_normal_cellsDNA/mom_NA24695_GS000037477-ASM/MAP/GS80174-FS3-L06/reads_GS80174-FS3-L06_003.tsv.bz2	1296347805
data/ChineseTrio/HG007_NA24695-hu38168_mother/CompleteGenomics_normal_cellsDNA/mom_NA24695_GS000037477-ASM/MAP/GS80174-FS3-L06/reads_GS80174-FS3-L06_004.tsv.bz2	1312116977
data/ChineseTrio/HG007_NA24695-hu38168_mother/CompleteGenomics_normal_cellsDNA/mom_NA24695_GS000037477-ASM/MAP/GS80174-FS3-L06/reads_GS80174-FS3-L06_005.tsv.bz2	1307324497
data/ChineseTrio/HG007_NA24695-hu38168_mother/CompleteGenomics_normal_cellsDNA/mom_NA24695_GS000037477-ASM/MAP/GS80174-FS3-L06/reads_GS80174-FS3-L06_006.tsv.bz2	1309753957
data/ChineseTrio/HG007_NA24695-hu38168_mother/CompleteGenomics_normal_cellsDNA/mom_NA24695_GS000037477-ASM/MAP/GS80174-FS3-L06/reads_GS80174-FS3-L06_007.tsv.bz2	1310840006
data/ChineseTrio/HG007_NA24695-hu38168_mother/CompleteGenomics_normal_cellsDNA/mom_NA24695_GS000037477-ASM/MAP/GS80174-FS3-L06/reads_GS80174-FS3-L06_008.tsv.bz2	1312569463
data/ChineseTrio/HG007_NA24695-hu38168_mother/CompleteGenomics_normal_cellsDNA/mom_NA24695_GS000037477-ASM/MAP/GS80174-FS3-L06/reads_GS80174-FS3-L06_009.tsv.bz2	1310977634
data/ChineseTrio/HG007_NA24695-hu38168_mother/CompleteGenomics_normal_cellsDNA/mom_NA24695_GS000037477-ASM/MAP/GS80174-FS3-L06/reads_GS80174-FS3-L06_010.tsv.bz2	1304921488
data/ChineseTrio/HG007_NA24695-hu38168_mother/CompleteGenomics_normal_cellsDNA/mom_NA24695_GS000037477-ASM/MAP/GS80174-FS3-L06/reads_GS80174-FS3-L06_011.tsv.bz2	1309101376
data/ChineseTrio/HG007_NA24695-hu38168_mother/CompleteGenomics_normal_cellsDNA/mom_NA24695_GS000037477-ASM/MAP/GS80174-FS3-L06/reads_GS80174-FS3-L06_012.tsv.bz2	1324869323
data/ChineseTrio/HG007_NA24695-hu38168_mother/CompleteGenomics_normal_cellsDNA/mom_NA24695_GS000037477-ASM/MAP/GS80174-FS3-L06/reads_GS80174-FS3-L06_013.tsv.bz2	1323539551
data/ChineseTrio/HG007_NA24695-hu38168_mother/CompleteGenomics_normal_cellsDNA/mom_NA24695_GS000037477-ASM/MAP/GS80174-FS3-L06/reads_GS80174-FS3-L06_014.tsv.bz2	1316152646
data/ChineseTrio/HG007_NA24695-hu38168_mother/CompleteGenomics_normal_cellsDNA/mom_NA24695_GS000037477-ASM/MAP/GS80174-FS3-L06/reads_GS80174-FS3-L06_015.tsv.bz2	1258831174
data/ChineseTrio/HG007_NA24695-hu38168_mother/CompleteGenomics_normal_cellsDNA/mom_NA24695_GS000037477-ASM/MAP/GS80174-FS3-L06/reads_GS80174-FS3-L06_016.tsv.bz2	1312163177
data/ChineseTrio/HG007_NA24695-hu38168_mother/CompleteGenomics_normal_cellsDNA/mom_NA24695_GS000037477-ASM/MAP/GS80174-FS3-L06/reads_GS80174-FS3-L06_017.tsv.bz2	819957825
data/ChineseTrio/HG007_NA24695-hu38168_mother/CompleteGenomics_normal_cellsDNA/mom_NA24695_GS000037477-ASM/MAP/GS80174-FS3-L07/mapping_GS80174-FS3-L07_001.tsv.bz2	499314214
data/ChineseTrio/HG007_NA24695-hu38168_mother/CompleteGenomics_normal_cellsDNA/mom_NA24695_GS000037477-ASM/MAP/GS80174-FS3-L07/mapping_GS80174-FS3-L07_002.tsv.bz2	539434752
data/ChineseTrio/HG007_NA24695-hu38168_mother/CompleteGenomics_normal_cellsDNA/mom_NA24695_GS000037477-ASM/MAP/GS80174-FS3-L07/mapping_GS80174-FS3-L07_003.tsv.bz2	538936798
data/ChineseTrio/HG007_NA24695-hu38168_mother/CompleteGenomics_normal_cellsDNA/mom_NA24695_GS000037477-ASM/MAP/GS80174-FS3-L07/mapping_GS80174-FS3-L07_004.tsv.bz2	534944780
data/ChineseTrio/HG007_NA24695-hu38168_mother/CompleteGenomics_normal_cellsDNA/mom_NA24695_GS000037477-ASM/MAP/GS80174-FS3-L07/mapping_GS80174-FS3-L07_005.tsv.bz2	530587357
data/ChineseTrio/HG007_NA24695-hu38168_mother/CompleteGenomics_normal_cellsDNA/mom_NA24695_GS000037477-ASM/MAP/GS80174-FS3-L07/mapping_GS80174-FS3-L07_006.tsv.bz2	532124920
data/ChineseTrio/HG007_NA24695-hu38168_mother/CompleteGenomics_normal_cellsDNA/mom_NA24695_GS000037477-ASM/MAP/GS80174-FS3-L07/mapping_GS80174-FS3-L07_007.tsv.bz2	529869209
data/ChineseTrio/HG007_NA24695-hu38168_mother/CompleteGenomics_normal_cellsDNA/mom_NA24695_GS000037477-ASM/MAP/GS80174-FS3-L07/mapping_GS80174-FS3-L07_008.tsv.bz2	530748235
data/ChineseTrio/HG007_NA24695-hu38168_mother/CompleteGenomics_normal_cellsDNA/mom_NA24695_GS000037477-ASM/MAP/GS80174-FS3-L07/mapping_GS80174-FS3-L07_009.tsv.bz2	531283661
data/ChineseTrio/HG007_NA24695-hu38168_mother/CompleteGenomics_normal_cellsDNA/mom_NA24695_GS000037477-ASM/MAP/GS80174-FS3-L07/mapping_GS80174-FS3-L07_010.tsv.bz2	534845663
data/ChineseTrio/HG007_NA24695-hu38168_mother/CompleteGenomics_normal_cellsDNA/mom_NA24695_GS000037477-ASM/MAP/GS80174-FS3-L07/mapping_GS80174-FS3-L07_011.tsv.bz2	532095626
data/ChineseTrio/HG007_NA24695-hu38168_mother/CompleteGenomics_normal_cellsDNA/mom_NA24695_GS000037477-ASM/MAP/GS80174-FS3-L07/mapping_GS80174-FS3-L07_012.tsv.bz2	528053179
data/ChineseTrio/HG007_NA24695-hu38168_mother/CompleteGenomics_normal_cellsDNA/mom_NA24695_GS000037477-ASM/MAP/GS80174-FS3-L07/mapping_GS80174-FS3-L07_013.tsv.bz2	529512649
data/ChineseTrio/HG007_NA24695-hu38168_mother/CompleteGenomics_normal_cellsDNA/mom_NA24695_GS000037477-ASM/MAP/GS80174-FS3-L07/mapping_GS80174-FS3-L07_014.tsv.bz2	535998875
data/ChineseTrio/HG007_NA24695-hu38168_mother/CompleteGenomics_normal_cellsDNA/mom_NA24695_GS000037477-ASM/MAP/GS80174-FS3-L07/mapping_GS80174-FS3-L07_015.tsv.bz2	517791630
data/ChineseTrio/HG007_NA24695-hu38168_mother/CompleteGenomics_normal_cellsDNA/mom_NA24695_GS000037477-ASM/MAP/GS80174-FS3-L07/mapping_GS80174-FS3-L07_016.tsv.bz2	521994834
data/ChineseTrio/HG007_NA24695-hu38168_mother/CompleteGenomics_normal_cellsDNA/mom_NA24695_GS000037477-ASM/MAP/GS80174-FS3-L07/mapping_GS80174-FS3-L07_017.tsv.bz2	335924866
data/ChineseTrio/HG007_NA24695-hu38168_mother/CompleteGenomics_normal_cellsDNA/mom_NA24695_GS000037477-ASM/MAP/GS80174-FS3-L07/reads_GS80174-FS3-L07_001.tsv.bz2	1214511530
data/ChineseTrio/HG007_NA24695-hu38168_mother/CompleteGenomics_normal_cellsDNA/mom_NA24695_GS000037477-ASM/MAP/GS80174-FS3-L07/reads_GS80174-FS3-L07_002.tsv.bz2	1302595572
data/ChineseTrio/HG007_NA24695-hu38168_mother/CompleteGenomics_normal_cellsDNA/mom_NA24695_GS000037477-ASM/MAP/GS80174-FS3-L07/reads_GS80174-FS3-L07_003.tsv.bz2	1302042903
data/ChineseTrio/HG007_NA24695-hu38168_mother/CompleteGenomics_normal_cellsDNA/mom_NA24695_GS000037477-ASM/MAP/GS80174-FS3-L07/reads_GS80174-FS3-L07_004.tsv.bz2	1310705980
data/ChineseTrio/HG007_NA24695-hu38168_mother/CompleteGenomics_normal_cellsDNA/mom_NA24695_GS000037477-ASM/MAP/GS80174-FS3-L07/reads_GS80174-FS3-L07_005.tsv.bz2	1325771612
data/ChineseTrio/HG007_NA24695-hu38168_mother/CompleteGenomics_normal_cellsDNA/mom_NA24695_GS000037477-ASM/MAP/GS80174-FS3-L07/reads_GS80174-FS3-L07_006.tsv.bz2	1314643559
data/ChineseTrio/HG007_NA24695-hu38168_mother/CompleteGenomics_normal_cellsDNA/mom_NA24695_GS000037477-ASM/MAP/GS80174-FS3-L07/reads_GS80174-FS3-L07_007.tsv.bz2	1323979964
data/ChineseTrio/HG007_NA24695-hu38168_mother/CompleteGenomics_normal_cellsDNA/mom_NA24695_GS000037477-ASM/MAP/GS80174-FS3-L07/reads_GS80174-FS3-L07_008.tsv.bz2	1324304611
data/ChineseTrio/HG007_NA24695-hu38168_mother/CompleteGenomics_normal_cellsDNA/mom_NA24695_GS000037477-ASM/MAP/GS80174-FS3-L07/reads_GS80174-FS3-L07_009.tsv.bz2	1327028427
data/ChineseTrio/HG007_NA24695-hu38168_mother/CompleteGenomics_normal_cellsDNA/mom_NA24695_GS000037477-ASM/MAP/GS80174-FS3-L07/reads_GS80174-FS3-L07_010.tsv.bz2	1310525500
data/ChineseTrio/HG007_NA24695-hu38168_mother/CompleteGenomics_normal_cellsDNA/mom_NA24695_GS000037477-ASM/MAP/GS80174-FS3-L07/reads_GS80174-FS3-L07_011.tsv.bz2	1318260139
data/ChineseTrio/HG007_NA24695-hu38168_mother/CompleteGenomics_normal_cellsDNA/mom_NA24695_GS000037477-ASM/MAP/GS80174-FS3-L07/reads_GS80174-FS3-L07_012.tsv.bz2	1334093684
data/ChineseTrio/HG007_NA24695-hu38168_mother/CompleteGenomics_normal_cellsDNA/mom_NA24695_GS000037477-ASM/MAP/GS80174-FS3-L07/reads_GS80174-FS3-L07_013.tsv.bz2	1328921449
data/ChineseTrio/HG007_NA24695-hu38168_mother/CompleteGenomics_normal_cellsDNA/mom_NA24695_GS000037477-ASM/MAP/GS80174-FS3-L07/reads_GS80174-FS3-L07_014.tsv.bz2	1304678240
data/ChineseTrio/HG007_NA24695-hu38168_mother/CompleteGenomics_normal_cellsDNA/mom_NA24695_GS000037477-ASM/MAP/GS80174-FS3-L07/reads_GS80174-FS3-L07_015.tsv.bz2	1269325157
data/ChineseTrio/HG007_NA24695-hu38168_mother/CompleteGenomics_normal_cellsDNA/mom_NA24695_GS000037477-ASM/MAP/GS80174-FS3-L07/reads_GS80174-FS3-L07_016.tsv.bz2	1311273099
data/ChineseTrio/HG007_NA24695-hu38168_mother/CompleteGenomics_normal_cellsDNA/mom_NA24695_GS000037477-ASM/MAP/GS80174-FS3-L07/reads_GS80174-FS3-L07_017.tsv.bz2	817987653
data/ChineseTrio/HG007_NA24695-hu38168_mother/CompleteGenomics_normal_cellsDNA/mom_NA24695_GS000037477-ASM/MAP/GS80174-FS3-L08/mapping_GS80174-FS3-L08_001.tsv.bz2	491558248
data/ChineseTrio/HG007_NA24695-hu38168_mother/CompleteGenomics_normal_cellsDNA/mom_NA24695_GS000037477-ASM/MAP/GS80174-FS3-L08/mapping_GS80174-FS3-L08_002.tsv.bz2	527820645
data/ChineseTrio/HG007_NA24695-hu38168_mother/CompleteGenomics_normal_cellsDNA/mom_NA24695_GS000037477-ASM/MAP/GS80174-FS3-L08/mapping_GS80174-FS3-L08_003.tsv.bz2	532797713
data/ChineseTrio/HG007_NA24695-hu38168_mother/CompleteGenomics_normal_cellsDNA/mom_NA24695_GS000037477-ASM/MAP/GS80174-FS3-L08/mapping_GS80174-FS3-L08_004.tsv.bz2	534313169
data/ChineseTrio/HG007_NA24695-hu38168_mother/CompleteGenomics_normal_cellsDNA/mom_NA24695_GS000037477-ASM/MAP/GS80174-FS3-L08/mapping_GS80174-FS3-L08_005.tsv.bz2	534703547
data/ChineseTrio/HG007_NA24695-hu38168_mother/CompleteGenomics_normal_cellsDNA/mom_NA24695_GS000037477-ASM/MAP/GS80174-FS3-L08/mapping_GS80174-FS3-L08_006.tsv.bz2	534247132
data/ChineseTrio/HG007_NA24695-hu38168_mother/CompleteGenomics_normal_cellsDNA/mom_NA24695_GS000037477-ASM/MAP/GS80174-FS3-L08/mapping_GS80174-FS3-L08_007.tsv.bz2	533259415
data/ChineseTrio/HG007_NA24695-hu38168_mother/CompleteGenomics_normal_cellsDNA/mom_NA24695_GS000037477-ASM/MAP/GS80174-FS3-L08/mapping_GS80174-FS3-L08_008.tsv.bz2	532509731
data/ChineseTrio/HG007_NA24695-hu38168_mother/CompleteGenomics_normal_cellsDNA/mom_NA24695_GS000037477-ASM/MAP/GS80174-FS3-L08/mapping_GS80174-FS3-L08_009.tsv.bz2	534493384
data/ChineseTrio/HG007_NA24695-hu38168_mother/CompleteGenomics_normal_cellsDNA/mom_NA24695_GS000037477-ASM/MAP/GS80174-FS3-L08/mapping_GS80174-FS3-L08_010.tsv.bz2	534617630
data/ChineseTrio/HG007_NA24695-hu38168_mother/CompleteGenomics_normal_cellsDNA/mom_NA24695_GS000037477-ASM/MAP/GS80174-FS3-L08/mapping_GS80174-FS3-L08_011.tsv.bz2	534291129
data/ChineseTrio/HG007_NA24695-hu38168_mother/CompleteGenomics_normal_cellsDNA/mom_NA24695_GS000037477-ASM/MAP/GS80174-FS3-L08/mapping_GS80174-FS3-L08_012.tsv.bz2	532742578
data/ChineseTrio/HG007_NA24695-hu38168_mother/CompleteGenomics_normal_cellsDNA/mom_NA24695_GS000037477-ASM/MAP/GS80174-FS3-L08/mapping_GS80174-FS3-L08_013.tsv.bz2	532435193
data/ChineseTrio/HG007_NA24695-hu38168_mother/CompleteGenomics_normal_cellsDNA/mom_NA24695_GS000037477-ASM/MAP/GS80174-FS3-L08/mapping_GS80174-FS3-L08_014.tsv.bz2	501400082
data/ChineseTrio/HG007_NA24695-hu38168_mother/CompleteGenomics_normal_cellsDNA/mom_NA24695_GS000037477-ASM/MAP/GS80174-FS3-L08/mapping_GS80174-FS3-L08_015.tsv.bz2	537114922
data/ChineseTrio/HG007_NA24695-hu38168_mother/CompleteGenomics_normal_cellsDNA/mom_NA24695_GS000037477-ASM/MAP/GS80174-FS3-L08/mapping_GS80174-FS3-L08_016.tsv.bz2	531368950
data/ChineseTrio/HG007_NA24695-hu38168_mother/CompleteGenomics_normal_cellsDNA/mom_NA24695_GS000037477-ASM/MAP/GS80174-FS3-L08/mapping_GS80174-FS3-L08_017.tsv.bz2	342708766
data/ChineseTrio/HG007_NA24695-hu38168_mother/CompleteGenomics_normal_cellsDNA/mom_NA24695_GS000037477-ASM/MAP/GS80174-FS3-L08/reads_GS80174-FS3-L08_001.tsv.bz2	1206335238
data/ChineseTrio/HG007_NA24695-hu38168_mother/CompleteGenomics_normal_cellsDNA/mom_NA24695_GS000037477-ASM/MAP/GS80174-FS3-L08/reads_GS80174-FS3-L08_002.tsv.bz2	1315236235
data/ChineseTrio/HG007_NA24695-hu38168_mother/CompleteGenomics_normal_cellsDNA/mom_NA24695_GS000037477-ASM/MAP/GS80174-FS3-L08/reads_GS80174-FS3-L08_003.tsv.bz2	1318061731
data/ChineseTrio/HG007_NA24695-hu38168_mother/CompleteGenomics_normal_cellsDNA/mom_NA24695_GS000037477-ASM/MAP/GS80174-FS3-L08/reads_GS80174-FS3-L08_004.tsv.bz2	1315845396
data/ChineseTrio/HG007_NA24695-hu38168_mother/CompleteGenomics_normal_cellsDNA/mom_NA24695_GS000037477-ASM/MAP/GS80174-FS3-L08/reads_GS80174-FS3-L08_005.tsv.bz2	1309871169
data/ChineseTrio/HG007_NA24695-hu38168_mother/CompleteGenomics_normal_cellsDNA/mom_NA24695_GS000037477-ASM/MAP/GS80174-FS3-L08/reads_GS80174-FS3-L08_006.tsv.bz2	1309530781
data/ChineseTrio/HG007_NA24695-hu38168_mother/CompleteGenomics_normal_cellsDNA/mom_NA24695_GS000037477-ASM/MAP/GS80174-FS3-L08/reads_GS80174-FS3-L08_007.tsv.bz2	1314631965
data/ChineseTrio/HG007_NA24695-hu38168_mother/CompleteGenomics_normal_cellsDNA/mom_NA24695_GS000037477-ASM/MAP/GS80174-FS3-L08/reads_GS80174-FS3-L08_008.tsv.bz2	1320712138
data/ChineseTrio/HG007_NA24695-hu38168_mother/CompleteGenomics_normal_cellsDNA/mom_NA24695_GS000037477-ASM/MAP/GS80174-FS3-L08/reads_GS80174-FS3-L08_009.tsv.bz2	1318404740
data/ChineseTrio/HG007_NA24695-hu38168_mother/CompleteGenomics_normal_cellsDNA/mom_NA24695_GS000037477-ASM/MAP/GS80174-FS3-L08/reads_GS80174-FS3-L08_010.tsv.bz2	1313641582
data/ChineseTrio/HG007_NA24695-hu38168_mother/CompleteGenomics_normal_cellsDNA/mom_NA24695_GS000037477-ASM/MAP/GS80174-FS3-L08/reads_GS80174-FS3-L08_011.tsv.bz2	1315886857
data/ChineseTrio/HG007_NA24695-hu38168_mother/CompleteGenomics_normal_cellsDNA/mom_NA24695_GS000037477-ASM/MAP/GS80174-FS3-L08/reads_GS80174-FS3-L08_012.tsv.bz2	1322894743
data/ChineseTrio/HG007_NA24695-hu38168_mother/CompleteGenomics_normal_cellsDNA/mom_NA24695_GS000037477-ASM/MAP/GS80174-FS3-L08/reads_GS80174-FS3-L08_013.tsv.bz2	1322407294
data/ChineseTrio/HG007_NA24695-hu38168_mother/CompleteGenomics_normal_cellsDNA/mom_NA24695_GS000037477-ASM/MAP/GS80174-FS3-L08/reads_GS80174-FS3-L08_014.tsv.bz2	1228377285
data/ChineseTrio/HG007_NA24695-hu38168_mother/CompleteGenomics_normal_cellsDNA/mom_NA24695_GS000037477-ASM/MAP/GS80174-FS3-L08/reads_GS80174-FS3-L08_015.tsv.bz2	1303455215
data/ChineseTrio/HG007_NA24695-hu38168_mother/CompleteGenomics_normal_cellsDNA/mom_NA24695_GS000037477-ASM/MAP/GS80174-FS3-L08/reads_GS80174-FS3-L08_016.tsv.bz2	1313053621
data/ChineseTrio/HG007_NA24695-hu38168_mother/CompleteGenomics_normal_cellsDNA/mom_NA24695_GS000037477-ASM/MAP/GS80174-FS3-L08/reads_GS80174-FS3-L08_017.tsv.bz2	822883740
data/ChineseTrio/HG007_NA24695-hu38168_mother/CompleteGenomics_normal_cellsDNA/mom_NA24695_GS000037477-ASM/MAP/GS80175-FS3-L01/mapping_GS80175-FS3-L01_001.tsv.bz2	477204193
data/ChineseTrio/HG007_NA24695-hu38168_mother/CompleteGenomics_normal_cellsDNA/mom_NA24695_GS000037477-ASM/MAP/GS80175-FS3-L01/mapping_GS80175-FS3-L01_002.tsv.bz2	529652751
data/ChineseTrio/HG007_NA24695-hu38168_mother/CompleteGenomics_normal_cellsDNA/mom_NA24695_GS000037477-ASM/MAP/GS80175-FS3-L01/mapping_GS80175-FS3-L01_003.tsv.bz2	529781631
data/ChineseTrio/HG007_NA24695-hu38168_mother/CompleteGenomics_normal_cellsDNA/mom_NA24695_GS000037477-ASM/MAP/GS80175-FS3-L01/mapping_GS80175-FS3-L01_004.tsv.bz2	526285073
data/ChineseTrio/HG007_NA24695-hu38168_mother/CompleteGenomics_normal_cellsDNA/mom_NA24695_GS000037477-ASM/MAP/GS80175-FS3-L01/mapping_GS80175-FS3-L01_005.tsv.bz2	529354759
data/ChineseTrio/HG007_NA24695-hu38168_mother/CompleteGenomics_normal_cellsDNA/mom_NA24695_GS000037477-ASM/MAP/GS80175-FS3-L01/mapping_GS80175-FS3-L01_006.tsv.bz2	528226484
data/ChineseTrio/HG007_NA24695-hu38168_mother/CompleteGenomics_normal_cellsDNA/mom_NA24695_GS000037477-ASM/MAP/GS80175-FS3-L01/mapping_GS80175-FS3-L01_007.tsv.bz2	526349216
data/ChineseTrio/HG007_NA24695-hu38168_mother/CompleteGenomics_normal_cellsDNA/mom_NA24695_GS000037477-ASM/MAP/GS80175-FS3-L01/mapping_GS80175-FS3-L01_008.tsv.bz2	526231794
data/ChineseTrio/HG007_NA24695-hu38168_mother/CompleteGenomics_normal_cellsDNA/mom_NA24695_GS000037477-ASM/MAP/GS80175-FS3-L01/mapping_GS80175-FS3-L01_009.tsv.bz2	526473364
data/ChineseTrio/HG007_NA24695-hu38168_mother/CompleteGenomics_normal_cellsDNA/mom_NA24695_GS000037477-ASM/MAP/GS80175-FS3-L01/mapping_GS80175-FS3-L01_010.tsv.bz2	528285634
data/ChineseTrio/HG007_NA24695-hu38168_mother/CompleteGenomics_normal_cellsDNA/mom_NA24695_GS000037477-ASM/MAP/GS80175-FS3-L01/mapping_GS80175-FS3-L01_011.tsv.bz2	526463145
data/ChineseTrio/HG007_NA24695-hu38168_mother/CompleteGenomics_normal_cellsDNA/mom_NA24695_GS000037477-ASM/MAP/GS80175-FS3-L01/mapping_GS80175-FS3-L01_012.tsv.bz2	526937192
data/ChineseTrio/HG007_NA24695-hu38168_mother/CompleteGenomics_normal_cellsDNA/mom_NA24695_GS000037477-ASM/MAP/GS80175-FS3-L01/mapping_GS80175-FS3-L01_013.tsv.bz2	527648310
data/ChineseTrio/HG007_NA24695-hu38168_mother/CompleteGenomics_normal_cellsDNA/mom_NA24695_GS000037477-ASM/MAP/GS80175-FS3-L01/mapping_GS80175-FS3-L01_014.tsv.bz2	526652720
data/ChineseTrio/HG007_NA24695-hu38168_mother/CompleteGenomics_normal_cellsDNA/mom_NA24695_GS000037477-ASM/MAP/GS80175-FS3-L01/mapping_GS80175-FS3-L01_015.tsv.bz2	531322526
data/ChineseTrio/HG007_NA24695-hu38168_mother/CompleteGenomics_normal_cellsDNA/mom_NA24695_GS000037477-ASM/MAP/GS80175-FS3-L01/mapping_GS80175-FS3-L01_016.tsv.bz2	519928835
data/ChineseTrio/HG007_NA24695-hu38168_mother/CompleteGenomics_normal_cellsDNA/mom_NA24695_GS000037477-ASM/MAP/GS80175-FS3-L01/mapping_GS80175-FS3-L01_017.tsv.bz2	323692958
data/ChineseTrio/HG007_NA24695-hu38168_mother/CompleteGenomics_normal_cellsDNA/mom_NA24695_GS000037477-ASM/MAP/GS80175-FS3-L01/reads_GS80175-FS3-L01_001.tsv.bz2	1194977442
data/ChineseTrio/HG007_NA24695-hu38168_mother/CompleteGenomics_normal_cellsDNA/mom_NA24695_GS000037477-ASM/MAP/GS80175-FS3-L01/reads_GS80175-FS3-L01_002.tsv.bz2	1323468841
data/ChineseTrio/HG007_NA24695-hu38168_mother/CompleteGenomics_normal_cellsDNA/mom_NA24695_GS000037477-ASM/MAP/GS80175-FS3-L01/reads_GS80175-FS3-L01_003.tsv.bz2	1321727504
data/ChineseTrio/HG007_NA24695-hu38168_mother/CompleteGenomics_normal_cellsDNA/mom_NA24695_GS000037477-ASM/MAP/GS80175-FS3-L01/reads_GS80175-FS3-L01_004.tsv.bz2	1333850579
data/ChineseTrio/HG007_NA24695-hu38168_mother/CompleteGenomics_normal_cellsDNA/mom_NA24695_GS000037477-ASM/MAP/GS80175-FS3-L01/reads_GS80175-FS3-L01_005.tsv.bz2	1322691299
data/ChineseTrio/HG007_NA24695-hu38168_mother/CompleteGenomics_normal_cellsDNA/mom_NA24695_GS000037477-ASM/MAP/GS80175-FS3-L01/reads_GS80175-FS3-L01_006.tsv.bz2	1326801948
data/ChineseTrio/HG007_NA24695-hu38168_mother/CompleteGenomics_normal_cellsDNA/mom_NA24695_GS000037477-ASM/MAP/GS80175-FS3-L01/reads_GS80175-FS3-L01_007.tsv.bz2	1333059886
data/ChineseTrio/HG007_NA24695-hu38168_mother/CompleteGenomics_normal_cellsDNA/mom_NA24695_GS000037477-ASM/MAP/GS80175-FS3-L01/reads_GS80175-FS3-L01_008.tsv.bz2	1332744150
data/ChineseTrio/HG007_NA24695-hu38168_mother/CompleteGenomics_normal_cellsDNA/mom_NA24695_GS000037477-ASM/MAP/GS80175-FS3-L01/reads_GS80175-FS3-L01_009.tsv.bz2	1331454088
data/ChineseTrio/HG007_NA24695-hu38168_mother/CompleteGenomics_normal_cellsDNA/mom_NA24695_GS000037477-ASM/MAP/GS80175-FS3-L01/reads_GS80175-FS3-L01_010.tsv.bz2	1326442323
data/ChineseTrio/HG007_NA24695-hu38168_mother/CompleteGenomics_normal_cellsDNA/mom_NA24695_GS000037477-ASM/MAP/GS80175-FS3-L01/reads_GS80175-FS3-L01_011.tsv.bz2	1333784782
data/ChineseTrio/HG007_NA24695-hu38168_mother/CompleteGenomics_normal_cellsDNA/mom_NA24695_GS000037477-ASM/MAP/GS80175-FS3-L01/reads_GS80175-FS3-L01_012.tsv.bz2	1335342522
data/ChineseTrio/HG007_NA24695-hu38168_mother/CompleteGenomics_normal_cellsDNA/mom_NA24695_GS000037477-ASM/MAP/GS80175-FS3-L01/reads_GS80175-FS3-L01_013.tsv.bz2	1336418295
data/ChineseTrio/HG007_NA24695-hu38168_mother/CompleteGenomics_normal_cellsDNA/mom_NA24695_GS000037477-ASM/MAP/GS80175-FS3-L01/reads_GS80175-FS3-L01_014.tsv.bz2	1334727207
data/ChineseTrio/HG007_NA24695-hu38168_mother/CompleteGenomics_normal_cellsDNA/mom_NA24695_GS000037477-ASM/MAP/GS80175-FS3-L01/reads_GS80175-FS3-L01_015.tsv.bz2	1325437819
data/ChineseTrio/HG007_NA24695-hu38168_mother/CompleteGenomics_normal_cellsDNA/mom_NA24695_GS000037477-ASM/MAP/GS80175-FS3-L01/reads_GS80175-FS3-L01_016.tsv.bz2	1340361823
data/ChineseTrio/HG007_NA24695-hu38168_mother/CompleteGenomics_normal_cellsDNA/mom_NA24695_GS000037477-ASM/MAP/GS80175-FS3-L01/reads_GS80175-FS3-L01_017.tsv.bz2	813946139
data/ChineseTrio/HG007_NA24695-hu38168_mother/CompleteGenomics_normal_cellsDNA/mom_NA24695_GS000037477-ASM/MAP/GS80175-FS3-L02/mapping_GS80175-FS3-L02_001.tsv.bz2	480096003
data/ChineseTrio/HG007_NA24695-hu38168_mother/CompleteGenomics_normal_cellsDNA/mom_NA24695_GS000037477-ASM/MAP/GS80175-FS3-L02/mapping_GS80175-FS3-L02_002.tsv.bz2	531258106
data/ChineseTrio/HG007_NA24695-hu38168_mother/CompleteGenomics_normal_cellsDNA/mom_NA24695_GS000037477-ASM/MAP/GS80175-FS3-L02/mapping_GS80175-FS3-L02_003.tsv.bz2	530802973
data/ChineseTrio/HG007_NA24695-hu38168_mother/CompleteGenomics_normal_cellsDNA/mom_NA24695_GS000037477-ASM/MAP/GS80175-FS3-L02/mapping_GS80175-FS3-L02_004.tsv.bz2	528294415
data/ChineseTrio/HG007_NA24695-hu38168_mother/CompleteGenomics_normal_cellsDNA/mom_NA24695_GS000037477-ASM/MAP/GS80175-FS3-L02/mapping_GS80175-FS3-L02_005.tsv.bz2	532222546
data/ChineseTrio/HG007_NA24695-hu38168_mother/CompleteGenomics_normal_cellsDNA/mom_NA24695_GS000037477-ASM/MAP/GS80175-FS3-L02/mapping_GS80175-FS3-L02_006.tsv.bz2	533006173
data/ChineseTrio/HG007_NA24695-hu38168_mother/CompleteGenomics_normal_cellsDNA/mom_NA24695_GS000037477-ASM/MAP/GS80175-FS3-L02/mapping_GS80175-FS3-L02_007.tsv.bz2	531589528
data/ChineseTrio/HG007_NA24695-hu38168_mother/CompleteGenomics_normal_cellsDNA/mom_NA24695_GS000037477-ASM/MAP/GS80175-FS3-L02/mapping_GS80175-FS3-L02_008.tsv.bz2	530491176
data/ChineseTrio/HG007_NA24695-hu38168_mother/CompleteGenomics_normal_cellsDNA/mom_NA24695_GS000037477-ASM/MAP/GS80175-FS3-L02/mapping_GS80175-FS3-L02_009.tsv.bz2	530809761
data/ChineseTrio/HG007_NA24695-hu38168_mother/CompleteGenomics_normal_cellsDNA/mom_NA24695_GS000037477-ASM/MAP/GS80175-FS3-L02/mapping_GS80175-FS3-L02_010.tsv.bz2	533982678
data/ChineseTrio/HG007_NA24695-hu38168_mother/CompleteGenomics_normal_cellsDNA/mom_NA24695_GS000037477-ASM/MAP/GS80175-FS3-L02/mapping_GS80175-FS3-L02_011.tsv.bz2	533085850
data/ChineseTrio/HG007_NA24695-hu38168_mother/CompleteGenomics_normal_cellsDNA/mom_NA24695_GS000037477-ASM/MAP/GS80175-FS3-L02/mapping_GS80175-FS3-L02_012.tsv.bz2	531806762
data/ChineseTrio/HG007_NA24695-hu38168_mother/CompleteGenomics_normal_cellsDNA/mom_NA24695_GS000037477-ASM/MAP/GS80175-FS3-L02/mapping_GS80175-FS3-L02_013.tsv.bz2	532057231
data/ChineseTrio/HG007_NA24695-hu38168_mother/CompleteGenomics_normal_cellsDNA/mom_NA24695_GS000037477-ASM/MAP/GS80175-FS3-L02/mapping_GS80175-FS3-L02_014.tsv.bz2	533823632
data/ChineseTrio/HG007_NA24695-hu38168_mother/CompleteGenomics_normal_cellsDNA/mom_NA24695_GS000037477-ASM/MAP/GS80175-FS3-L02/mapping_GS80175-FS3-L02_015.tsv.bz2	537120340
data/ChineseTrio/HG007_NA24695-hu38168_mother/CompleteGenomics_normal_cellsDNA/mom_NA24695_GS000037477-ASM/MAP/GS80175-FS3-L02/mapping_GS80175-FS3-L02_016.tsv.bz2	526970873
data/ChineseTrio/HG007_NA24695-hu38168_mother/CompleteGenomics_normal_cellsDNA/mom_NA24695_GS000037477-ASM/MAP/GS80175-FS3-L02/mapping_GS80175-FS3-L02_017.tsv.bz2	319555449
data/ChineseTrio/HG007_NA24695-hu38168_mother/CompleteGenomics_normal_cellsDNA/mom_NA24695_GS000037477-ASM/MAP/GS80175-FS3-L02/reads_GS80175-FS3-L02_001.tsv.bz2	1213642113
data/ChineseTrio/HG007_NA24695-hu38168_mother/CompleteGenomics_normal_cellsDNA/mom_NA24695_GS000037477-ASM/MAP/GS80175-FS3-L02/reads_GS80175-FS3-L02_002.tsv.bz2	1320263787
data/ChineseTrio/HG007_NA24695-hu38168_mother/CompleteGenomics_normal_cellsDNA/mom_NA24695_GS000037477-ASM/MAP/GS80175-FS3-L02/reads_GS80175-FS3-L02_003.tsv.bz2	1311971789
data/ChineseTrio/HG007_NA24695-hu38168_mother/CompleteGenomics_normal_cellsDNA/mom_NA24695_GS000037477-ASM/MAP/GS80175-FS3-L02/reads_GS80175-FS3-L02_004.tsv.bz2	1319538711
data/ChineseTrio/HG007_NA24695-hu38168_mother/CompleteGenomics_normal_cellsDNA/mom_NA24695_GS000037477-ASM/MAP/GS80175-FS3-L02/reads_GS80175-FS3-L02_005.tsv.bz2	1305534181
data/ChineseTrio/HG007_NA24695-hu38168_mother/CompleteGenomics_normal_cellsDNA/mom_NA24695_GS000037477-ASM/MAP/GS80175-FS3-L02/reads_GS80175-FS3-L02_006.tsv.bz2	1301488025
data/ChineseTrio/HG007_NA24695-hu38168_mother/CompleteGenomics_normal_cellsDNA/mom_NA24695_GS000037477-ASM/MAP/GS80175-FS3-L02/reads_GS80175-FS3-L02_007.tsv.bz2	1311232490
data/ChineseTrio/HG007_NA24695-hu38168_mother/CompleteGenomics_normal_cellsDNA/mom_NA24695_GS000037477-ASM/MAP/GS80175-FS3-L02/reads_GS80175-FS3-L02_008.tsv.bz2	1313489267
data/ChineseTrio/HG007_NA24695-hu38168_mother/CompleteGenomics_normal_cellsDNA/mom_NA24695_GS000037477-ASM/MAP/GS80175-FS3-L02/reads_GS80175-FS3-L02_009.tsv.bz2	1312691948
data/ChineseTrio/HG007_NA24695-hu38168_mother/CompleteGenomics_normal_cellsDNA/mom_NA24695_GS000037477-ASM/MAP/GS80175-FS3-L02/reads_GS80175-FS3-L02_010.tsv.bz2	1304523346
data/ChineseTrio/HG007_NA24695-hu38168_mother/CompleteGenomics_normal_cellsDNA/mom_NA24695_GS000037477-ASM/MAP/GS80175-FS3-L02/reads_GS80175-FS3-L02_011.tsv.bz2	1305714978
data/ChineseTrio/HG007_NA24695-hu38168_mother/CompleteGenomics_normal_cellsDNA/mom_NA24695_GS000037477-ASM/MAP/GS80175-FS3-L02/reads_GS80175-FS3-L02_012.tsv.bz2	1313656218
data/ChineseTrio/HG007_NA24695-hu38168_mother/CompleteGenomics_normal_cellsDNA/mom_NA24695_GS000037477-ASM/MAP/GS80175-FS3-L02/reads_GS80175-FS3-L02_013.tsv.bz2	1314475144
data/ChineseTrio/HG007_NA24695-hu38168_mother/CompleteGenomics_normal_cellsDNA/mom_NA24695_GS000037477-ASM/MAP/GS80175-FS3-L02/reads_GS80175-FS3-L02_014.tsv.bz2	1305488313
data/ChineseTrio/HG007_NA24695-hu38168_mother/CompleteGenomics_normal_cellsDNA/mom_NA24695_GS000037477-ASM/MAP/GS80175-FS3-L02/reads_GS80175-FS3-L02_015.tsv.bz2	1299333974
data/ChineseTrio/HG007_NA24695-hu38168_mother/CompleteGenomics_normal_cellsDNA/mom_NA24695_GS000037477-ASM/MAP/GS80175-FS3-L02/reads_GS80175-FS3-L02_016.tsv.bz2	1305771293
data/ChineseTrio/HG007_NA24695-hu38168_mother/CompleteGenomics_normal_cellsDNA/mom_NA24695_GS000037477-ASM/MAP/GS80175-FS3-L02/reads_GS80175-FS3-L02_017.tsv.bz2	776408317
data/ChineseTrio/HG007_NA24695-hu38168_mother/CompleteGenomics_normal_cellsDNA/mom_NA24695_GS000037477-ASM/MAP/GS80175-FS3-L03/mapping_GS80175-FS3-L03_001.tsv.bz2	490537583
data/ChineseTrio/HG007_NA24695-hu38168_mother/CompleteGenomics_normal_cellsDNA/mom_NA24695_GS000037477-ASM/MAP/GS80175-FS3-L03/mapping_GS80175-FS3-L03_002.tsv.bz2	538994827
data/ChineseTrio/HG007_NA24695-hu38168_mother/CompleteGenomics_normal_cellsDNA/mom_NA24695_GS000037477-ASM/MAP/GS80175-FS3-L03/mapping_GS80175-FS3-L03_003.tsv.bz2	534516809
data/ChineseTrio/HG007_NA24695-hu38168_mother/CompleteGenomics_normal_cellsDNA/mom_NA24695_GS000037477-ASM/MAP/GS80175-FS3-L03/mapping_GS80175-FS3-L03_004.tsv.bz2	531954275
data/ChineseTrio/HG007_NA24695-hu38168_mother/CompleteGenomics_normal_cellsDNA/mom_NA24695_GS000037477-ASM/MAP/GS80175-FS3-L03/mapping_GS80175-FS3-L03_005.tsv.bz2	537601770
data/ChineseTrio/HG007_NA24695-hu38168_mother/CompleteGenomics_normal_cellsDNA/mom_NA24695_GS000037477-ASM/MAP/GS80175-FS3-L03/mapping_GS80175-FS3-L03_006.tsv.bz2	538662847
data/ChineseTrio/HG007_NA24695-hu38168_mother/CompleteGenomics_normal_cellsDNA/mom_NA24695_GS000037477-ASM/MAP/GS80175-FS3-L03/mapping_GS80175-FS3-L03_007.tsv.bz2	536729548
data/ChineseTrio/HG007_NA24695-hu38168_mother/CompleteGenomics_normal_cellsDNA/mom_NA24695_GS000037477-ASM/MAP/GS80175-FS3-L03/mapping_GS80175-FS3-L03_008.tsv.bz2	535590308
data/ChineseTrio/HG007_NA24695-hu38168_mother/CompleteGenomics_normal_cellsDNA/mom_NA24695_GS000037477-ASM/MAP/GS80175-FS3-L03/mapping_GS80175-FS3-L03_009.tsv.bz2	534116748
data/ChineseTrio/HG007_NA24695-hu38168_mother/CompleteGenomics_normal_cellsDNA/mom_NA24695_GS000037477-ASM/MAP/GS80175-FS3-L03/mapping_GS80175-FS3-L03_010.tsv.bz2	534673890
data/ChineseTrio/HG007_NA24695-hu38168_mother/CompleteGenomics_normal_cellsDNA/mom_NA24695_GS000037477-ASM/MAP/GS80175-FS3-L03/mapping_GS80175-FS3-L03_011.tsv.bz2	535600117
data/ChineseTrio/HG007_NA24695-hu38168_mother/CompleteGenomics_normal_cellsDNA/mom_NA24695_GS000037477-ASM/MAP/GS80175-FS3-L03/mapping_GS80175-FS3-L03_012.tsv.bz2	526633483
data/ChineseTrio/HG007_NA24695-hu38168_mother/CompleteGenomics_normal_cellsDNA/mom_NA24695_GS000037477-ASM/MAP/GS80175-FS3-L03/mapping_GS80175-FS3-L03_013.tsv.bz2	527218306
data/ChineseTrio/HG007_NA24695-hu38168_mother/CompleteGenomics_normal_cellsDNA/mom_NA24695_GS000037477-ASM/MAP/GS80175-FS3-L03/mapping_GS80175-FS3-L03_014.tsv.bz2	533884752
data/ChineseTrio/HG007_NA24695-hu38168_mother/CompleteGenomics_normal_cellsDNA/mom_NA24695_GS000037477-ASM/MAP/GS80175-FS3-L03/mapping_GS80175-FS3-L03_015.tsv.bz2	539080387
data/ChineseTrio/HG007_NA24695-hu38168_mother/CompleteGenomics_normal_cellsDNA/mom_NA24695_GS000037477-ASM/MAP/GS80175-FS3-L03/mapping_GS80175-FS3-L03_016.tsv.bz2	527474129
data/ChineseTrio/HG007_NA24695-hu38168_mother/CompleteGenomics_normal_cellsDNA/mom_NA24695_GS000037477-ASM/MAP/GS80175-FS3-L03/mapping_GS80175-FS3-L03_017.tsv.bz2	316907784
data/ChineseTrio/HG007_NA24695-hu38168_mother/CompleteGenomics_normal_cellsDNA/mom_NA24695_GS000037477-ASM/MAP/GS80175-FS3-L03/reads_GS80175-FS3-L03_001.tsv.bz2	1207635623
data/ChineseTrio/HG007_NA24695-hu38168_mother/CompleteGenomics_normal_cellsDNA/mom_NA24695_GS000037477-ASM/MAP/GS80175-FS3-L03/reads_GS80175-FS3-L03_002.tsv.bz2	1307603646
data/ChineseTrio/HG007_NA24695-hu38168_mother/CompleteGenomics_normal_cellsDNA/mom_NA24695_GS000037477-ASM/MAP/GS80175-FS3-L03/reads_GS80175-FS3-L03_003.tsv.bz2	1324275138
data/ChineseTrio/HG007_NA24695-hu38168_mother/CompleteGenomics_normal_cellsDNA/mom_NA24695_GS000037477-ASM/MAP/GS80175-FS3-L03/reads_GS80175-FS3-L03_004.tsv.bz2	1327617263
data/ChineseTrio/HG007_NA24695-hu38168_mother/CompleteGenomics_normal_cellsDNA/mom_NA24695_GS000037477-ASM/MAP/GS80175-FS3-L03/reads_GS80175-FS3-L03_005.tsv.bz2	1311509940
data/ChineseTrio/HG007_NA24695-hu38168_mother/CompleteGenomics_normal_cellsDNA/mom_NA24695_GS000037477-ASM/MAP/GS80175-FS3-L03/reads_GS80175-FS3-L03_006.tsv.bz2	1302312716
data/ChineseTrio/HG007_NA24695-hu38168_mother/CompleteGenomics_normal_cellsDNA/mom_NA24695_GS000037477-ASM/MAP/GS80175-FS3-L03/reads_GS80175-FS3-L03_007.tsv.bz2	1314190038
data/ChineseTrio/HG007_NA24695-hu38168_mother/CompleteGenomics_normal_cellsDNA/mom_NA24695_GS000037477-ASM/MAP/GS80175-FS3-L03/reads_GS80175-FS3-L03_008.tsv.bz2	1319345994
data/ChineseTrio/HG007_NA24695-hu38168_mother/CompleteGenomics_normal_cellsDNA/mom_NA24695_GS000037477-ASM/MAP/GS80175-FS3-L03/reads_GS80175-FS3-L03_009.tsv.bz2	1324025321
data/ChineseTrio/HG007_NA24695-hu38168_mother/CompleteGenomics_normal_cellsDNA/mom_NA24695_GS000037477-ASM/MAP/GS80175-FS3-L03/reads_GS80175-FS3-L03_010.tsv.bz2	1319559068
data/ChineseTrio/HG007_NA24695-hu38168_mother/CompleteGenomics_normal_cellsDNA/mom_NA24695_GS000037477-ASM/MAP/GS80175-FS3-L03/reads_GS80175-FS3-L03_011.tsv.bz2	1312102986
data/ChineseTrio/HG007_NA24695-hu38168_mother/CompleteGenomics_normal_cellsDNA/mom_NA24695_GS000037477-ASM/MAP/GS80175-FS3-L03/reads_GS80175-FS3-L03_012.tsv.bz2	1344214124
data/ChineseTrio/HG007_NA24695-hu38168_mother/CompleteGenomics_normal_cellsDNA/mom_NA24695_GS000037477-ASM/MAP/GS80175-FS3-L03/reads_GS80175-FS3-L03_013.tsv.bz2	1345115963
data/ChineseTrio/HG007_NA24695-hu38168_mother/CompleteGenomics_normal_cellsDNA/mom_NA24695_GS000037477-ASM/MAP/GS80175-FS3-L03/reads_GS80175-FS3-L03_014.tsv.bz2	1322569832
data/ChineseTrio/HG007_NA24695-hu38168_mother/CompleteGenomics_normal_cellsDNA/mom_NA24695_GS000037477-ASM/MAP/GS80175-FS3-L03/reads_GS80175-FS3-L03_015.tsv.bz2	1305800101
data/ChineseTrio/HG007_NA24695-hu38168_mother/CompleteGenomics_normal_cellsDNA/mom_NA24695_GS000037477-ASM/MAP/GS80175-FS3-L03/reads_GS80175-FS3-L03_016.tsv.bz2	1319772687
data/ChineseTrio/HG007_NA24695-hu38168_mother/CompleteGenomics_normal_cellsDNA/mom_NA24695_GS000037477-ASM/MAP/GS80175-FS3-L03/reads_GS80175-FS3-L03_017.tsv.bz2	776152797
data/ChineseTrio/HG007_NA24695-hu38168_mother/CompleteGenomics_normal_cellsDNA/mom_NA24695_GS000037477-ASM/MAP/GS80175-FS3-L04/mapping_GS80175-FS3-L04_001.tsv.bz2	494209784
data/ChineseTrio/HG007_NA24695-hu38168_mother/CompleteGenomics_normal_cellsDNA/mom_NA24695_GS000037477-ASM/MAP/GS80175-FS3-L04/mapping_GS80175-FS3-L04_002.tsv.bz2	539568854
data/ChineseTrio/HG007_NA24695-hu38168_mother/CompleteGenomics_normal_cellsDNA/mom_NA24695_GS000037477-ASM/MAP/GS80175-FS3-L04/mapping_GS80175-FS3-L04_003.tsv.bz2	536171345
data/ChineseTrio/HG007_NA24695-hu38168_mother/CompleteGenomics_normal_cellsDNA/mom_NA24695_GS000037477-ASM/MAP/GS80175-FS3-L04/mapping_GS80175-FS3-L04_004.tsv.bz2	534184656
data/ChineseTrio/HG007_NA24695-hu38168_mother/CompleteGenomics_normal_cellsDNA/mom_NA24695_GS000037477-ASM/MAP/GS80175-FS3-L04/mapping_GS80175-FS3-L04_005.tsv.bz2	538342883
data/ChineseTrio/HG007_NA24695-hu38168_mother/CompleteGenomics_normal_cellsDNA/mom_NA24695_GS000037477-ASM/MAP/GS80175-FS3-L04/mapping_GS80175-FS3-L04_006.tsv.bz2	538725580
data/ChineseTrio/HG007_NA24695-hu38168_mother/CompleteGenomics_normal_cellsDNA/mom_NA24695_GS000037477-ASM/MAP/GS80175-FS3-L04/mapping_GS80175-FS3-L04_007.tsv.bz2	535869342
data/ChineseTrio/HG007_NA24695-hu38168_mother/CompleteGenomics_normal_cellsDNA/mom_NA24695_GS000037477-ASM/MAP/GS80175-FS3-L04/mapping_GS80175-FS3-L04_008.tsv.bz2	537414411
data/ChineseTrio/HG007_NA24695-hu38168_mother/CompleteGenomics_normal_cellsDNA/mom_NA24695_GS000037477-ASM/MAP/GS80175-FS3-L04/mapping_GS80175-FS3-L04_009.tsv.bz2	530677201
data/ChineseTrio/HG007_NA24695-hu38168_mother/CompleteGenomics_normal_cellsDNA/mom_NA24695_GS000037477-ASM/MAP/GS80175-FS3-L04/mapping_GS80175-FS3-L04_010.tsv.bz2	539721326
data/ChineseTrio/HG007_NA24695-hu38168_mother/CompleteGenomics_normal_cellsDNA/mom_NA24695_GS000037477-ASM/MAP/GS80175-FS3-L04/mapping_GS80175-FS3-L04_011.tsv.bz2	537880866
data/ChineseTrio/HG007_NA24695-hu38168_mother/CompleteGenomics_normal_cellsDNA/mom_NA24695_GS000037477-ASM/MAP/GS80175-FS3-L04/mapping_GS80175-FS3-L04_012.tsv.bz2	534393100
data/ChineseTrio/HG007_NA24695-hu38168_mother/CompleteGenomics_normal_cellsDNA/mom_NA24695_GS000037477-ASM/MAP/GS80175-FS3-L04/mapping_GS80175-FS3-L04_013.tsv.bz2	533656010
data/ChineseTrio/HG007_NA24695-hu38168_mother/CompleteGenomics_normal_cellsDNA/mom_NA24695_GS000037477-ASM/MAP/GS80175-FS3-L04/mapping_GS80175-FS3-L04_014.tsv.bz2	534288233
data/ChineseTrio/HG007_NA24695-hu38168_mother/CompleteGenomics_normal_cellsDNA/mom_NA24695_GS000037477-ASM/MAP/GS80175-FS3-L04/mapping_GS80175-FS3-L04_015.tsv.bz2	537803163
data/ChineseTrio/HG007_NA24695-hu38168_mother/CompleteGenomics_normal_cellsDNA/mom_NA24695_GS000037477-ASM/MAP/GS80175-FS3-L04/mapping_GS80175-FS3-L04_016.tsv.bz2	535084130
data/ChineseTrio/HG007_NA24695-hu38168_mother/CompleteGenomics_normal_cellsDNA/mom_NA24695_GS000037477-ASM/MAP/GS80175-FS3-L04/mapping_GS80175-FS3-L04_017.tsv.bz2	317496229
data/ChineseTrio/HG007_NA24695-hu38168_mother/CompleteGenomics_normal_cellsDNA/mom_NA24695_GS000037477-ASM/MAP/GS80175-FS3-L04/reads_GS80175-FS3-L04_001.tsv.bz2	1193730990
data/ChineseTrio/HG007_NA24695-hu38168_mother/CompleteGenomics_normal_cellsDNA/mom_NA24695_GS000037477-ASM/MAP/GS80175-FS3-L04/reads_GS80175-FS3-L04_002.tsv.bz2	1309084897
data/ChineseTrio/HG007_NA24695-hu38168_mother/CompleteGenomics_normal_cellsDNA/mom_NA24695_GS000037477-ASM/MAP/GS80175-FS3-L04/reads_GS80175-FS3-L04_003.tsv.bz2	1319283316
data/ChineseTrio/HG007_NA24695-hu38168_mother/CompleteGenomics_normal_cellsDNA/mom_NA24695_GS000037477-ASM/MAP/GS80175-FS3-L04/reads_GS80175-FS3-L04_004.tsv.bz2	1327222553
data/ChineseTrio/HG007_NA24695-hu38168_mother/CompleteGenomics_normal_cellsDNA/mom_NA24695_GS000037477-ASM/MAP/GS80175-FS3-L04/reads_GS80175-FS3-L04_005.tsv.bz2	1314798585
data/ChineseTrio/HG007_NA24695-hu38168_mother/CompleteGenomics_normal_cellsDNA/mom_NA24695_GS000037477-ASM/MAP/GS80175-FS3-L04/reads_GS80175-FS3-L04_006.tsv.bz2	1309183582
data/ChineseTrio/HG007_NA24695-hu38168_mother/CompleteGenomics_normal_cellsDNA/mom_NA24695_GS000037477-ASM/MAP/GS80175-FS3-L04/reads_GS80175-FS3-L04_007.tsv.bz2	1322862564
data/ChineseTrio/HG007_NA24695-hu38168_mother/CompleteGenomics_normal_cellsDNA/mom_NA24695_GS000037477-ASM/MAP/GS80175-FS3-L04/reads_GS80175-FS3-L04_008.tsv.bz2	1328338617
data/ChineseTrio/HG007_NA24695-hu38168_mother/CompleteGenomics_normal_cellsDNA/mom_NA24695_GS000037477-ASM/MAP/GS80175-FS3-L04/reads_GS80175-FS3-L04_009.tsv.bz2	1339741407
data/ChineseTrio/HG007_NA24695-hu38168_mother/CompleteGenomics_normal_cellsDNA/mom_NA24695_GS000037477-ASM/MAP/GS80175-FS3-L04/reads_GS80175-FS3-L04_010.tsv.bz2	1311180709
data/ChineseTrio/HG007_NA24695-hu38168_mother/CompleteGenomics_normal_cellsDNA/mom_NA24695_GS000037477-ASM/MAP/GS80175-FS3-L04/reads_GS80175-FS3-L04_011.tsv.bz2	1311167239
data/ChineseTrio/HG007_NA24695-hu38168_mother/CompleteGenomics_normal_cellsDNA/mom_NA24695_GS000037477-ASM/MAP/GS80175-FS3-L04/reads_GS80175-FS3-L04_012.tsv.bz2	1322484276
data/ChineseTrio/HG007_NA24695-hu38168_mother/CompleteGenomics_normal_cellsDNA/mom_NA24695_GS000037477-ASM/MAP/GS80175-FS3-L04/reads_GS80175-FS3-L04_013.tsv.bz2	1326637376
data/ChineseTrio/HG007_NA24695-hu38168_mother/CompleteGenomics_normal_cellsDNA/mom_NA24695_GS000037477-ASM/MAP/GS80175-FS3-L04/reads_GS80175-FS3-L04_014.tsv.bz2	1321502626
data/ChineseTrio/HG007_NA24695-hu38168_mother/CompleteGenomics_normal_cellsDNA/mom_NA24695_GS000037477-ASM/MAP/GS80175-FS3-L04/reads_GS80175-FS3-L04_015.tsv.bz2	1305442760
data/ChineseTrio/HG007_NA24695-hu38168_mother/CompleteGenomics_normal_cellsDNA/mom_NA24695_GS000037477-ASM/MAP/GS80175-FS3-L04/reads_GS80175-FS3-L04_016.tsv.bz2	1314681430
data/ChineseTrio/HG007_NA24695-hu38168_mother/CompleteGenomics_normal_cellsDNA/mom_NA24695_GS000037477-ASM/MAP/GS80175-FS3-L04/reads_GS80175-FS3-L04_017.tsv.bz2	792496780
data/ChineseTrio/HG007_NA24695-hu38168_mother/CompleteGenomics_normal_cellsDNA/mom_NA24695_GS000037477-ASM/MAP/GS80175-FS3-L05/mapping_GS80175-FS3-L05_001.tsv.bz2	502128622
data/ChineseTrio/HG007_NA24695-hu38168_mother/CompleteGenomics_normal_cellsDNA/mom_NA24695_GS000037477-ASM/MAP/GS80175-FS3-L05/mapping_GS80175-FS3-L05_002.tsv.bz2	537501222
data/ChineseTrio/HG007_NA24695-hu38168_mother/CompleteGenomics_normal_cellsDNA/mom_NA24695_GS000037477-ASM/MAP/GS80175-FS3-L05/mapping_GS80175-FS3-L05_003.tsv.bz2	536129607
data/ChineseTrio/HG007_NA24695-hu38168_mother/CompleteGenomics_normal_cellsDNA/mom_NA24695_GS000037477-ASM/MAP/GS80175-FS3-L05/mapping_GS80175-FS3-L05_004.tsv.bz2	531698213
data/ChineseTrio/HG007_NA24695-hu38168_mother/CompleteGenomics_normal_cellsDNA/mom_NA24695_GS000037477-ASM/MAP/GS80175-FS3-L05/mapping_GS80175-FS3-L05_005.tsv.bz2	533895567
data/ChineseTrio/HG007_NA24695-hu38168_mother/CompleteGenomics_normal_cellsDNA/mom_NA24695_GS000037477-ASM/MAP/GS80175-FS3-L05/mapping_GS80175-FS3-L05_006.tsv.bz2	535909454
data/ChineseTrio/HG007_NA24695-hu38168_mother/CompleteGenomics_normal_cellsDNA/mom_NA24695_GS000037477-ASM/MAP/GS80175-FS3-L05/mapping_GS80175-FS3-L05_007.tsv.bz2	531368079
data/ChineseTrio/HG007_NA24695-hu38168_mother/CompleteGenomics_normal_cellsDNA/mom_NA24695_GS000037477-ASM/MAP/GS80175-FS3-L05/mapping_GS80175-FS3-L05_008.tsv.bz2	533024175
data/ChineseTrio/HG007_NA24695-hu38168_mother/CompleteGenomics_normal_cellsDNA/mom_NA24695_GS000037477-ASM/MAP/GS80175-FS3-L05/mapping_GS80175-FS3-L05_009.tsv.bz2	531587453
data/ChineseTrio/HG007_NA24695-hu38168_mother/CompleteGenomics_normal_cellsDNA/mom_NA24695_GS000037477-ASM/MAP/GS80175-FS3-L05/mapping_GS80175-FS3-L05_010.tsv.bz2	538069772
data/ChineseTrio/HG007_NA24695-hu38168_mother/CompleteGenomics_normal_cellsDNA/mom_NA24695_GS000037477-ASM/MAP/GS80175-FS3-L05/mapping_GS80175-FS3-L05_011.tsv.bz2	535389549
data/ChineseTrio/HG007_NA24695-hu38168_mother/CompleteGenomics_normal_cellsDNA/mom_NA24695_GS000037477-ASM/MAP/GS80175-FS3-L05/mapping_GS80175-FS3-L05_012.tsv.bz2	533366033
data/ChineseTrio/HG007_NA24695-hu38168_mother/CompleteGenomics_normal_cellsDNA/mom_NA24695_GS000037477-ASM/MAP/GS80175-FS3-L05/mapping_GS80175-FS3-L05_013.tsv.bz2	534808284
data/ChineseTrio/HG007_NA24695-hu38168_mother/CompleteGenomics_normal_cellsDNA/mom_NA24695_GS000037477-ASM/MAP/GS80175-FS3-L05/mapping_GS80175-FS3-L05_014.tsv.bz2	535029198
data/ChineseTrio/HG007_NA24695-hu38168_mother/CompleteGenomics_normal_cellsDNA/mom_NA24695_GS000037477-ASM/MAP/GS80175-FS3-L05/mapping_GS80175-FS3-L05_015.tsv.bz2	539557764
data/ChineseTrio/HG007_NA24695-hu38168_mother/CompleteGenomics_normal_cellsDNA/mom_NA24695_GS000037477-ASM/MAP/GS80175-FS3-L05/mapping_GS80175-FS3-L05_016.tsv.bz2	527872201
data/ChineseTrio/HG007_NA24695-hu38168_mother/CompleteGenomics_normal_cellsDNA/mom_NA24695_GS000037477-ASM/MAP/GS80175-FS3-L05/mapping_GS80175-FS3-L05_017.tsv.bz2	304164913
data/ChineseTrio/HG007_NA24695-hu38168_mother/CompleteGenomics_normal_cellsDNA/mom_NA24695_GS000037477-ASM/MAP/GS80175-FS3-L05/reads_GS80175-FS3-L05_001.tsv.bz2	1226130769
data/ChineseTrio/HG007_NA24695-hu38168_mother/CompleteGenomics_normal_cellsDNA/mom_NA24695_GS000037477-ASM/MAP/GS80175-FS3-L05/reads_GS80175-FS3-L05_002.tsv.bz2	1307141665
data/ChineseTrio/HG007_NA24695-hu38168_mother/CompleteGenomics_normal_cellsDNA/mom_NA24695_GS000037477-ASM/MAP/GS80175-FS3-L05/reads_GS80175-FS3-L05_003.tsv.bz2	1311922023
data/ChineseTrio/HG007_NA24695-hu38168_mother/CompleteGenomics_normal_cellsDNA/mom_NA24695_GS000037477-ASM/MAP/GS80175-FS3-L05/reads_GS80175-FS3-L05_004.tsv.bz2	1328932698
data/ChineseTrio/HG007_NA24695-hu38168_mother/CompleteGenomics_normal_cellsDNA/mom_NA24695_GS000037477-ASM/MAP/GS80175-FS3-L05/reads_GS80175-FS3-L05_005.tsv.bz2	1314812926
data/ChineseTrio/HG007_NA24695-hu38168_mother/CompleteGenomics_normal_cellsDNA/mom_NA24695_GS000037477-ASM/MAP/GS80175-FS3-L05/reads_GS80175-FS3-L05_006.tsv.bz2	1311347347
data/ChineseTrio/HG007_NA24695-hu38168_mother/CompleteGenomics_normal_cellsDNA/mom_NA24695_GS000037477-ASM/MAP/GS80175-FS3-L05/reads_GS80175-FS3-L05_007.tsv.bz2	1320856042
data/ChineseTrio/HG007_NA24695-hu38168_mother/CompleteGenomics_normal_cellsDNA/mom_NA24695_GS000037477-ASM/MAP/GS80175-FS3-L05/reads_GS80175-FS3-L05_008.tsv.bz2	1324707624
data/ChineseTrio/HG007_NA24695-hu38168_mother/CompleteGenomics_normal_cellsDNA/mom_NA24695_GS000037477-ASM/MAP/GS80175-FS3-L05/reads_GS80175-FS3-L05_009.tsv.bz2	1328848431
data/ChineseTrio/HG007_NA24695-hu38168_mother/CompleteGenomics_normal_cellsDNA/mom_NA24695_GS000037477-ASM/MAP/GS80175-FS3-L05/reads_GS80175-FS3-L05_010.tsv.bz2	1307379614
data/ChineseTrio/HG007_NA24695-hu38168_mother/CompleteGenomics_normal_cellsDNA/mom_NA24695_GS000037477-ASM/MAP/GS80175-FS3-L05/reads_GS80175-FS3-L05_011.tsv.bz2	1313626847
data/ChineseTrio/HG007_NA24695-hu38168_mother/CompleteGenomics_normal_cellsDNA/mom_NA24695_GS000037477-ASM/MAP/GS80175-FS3-L05/reads_GS80175-FS3-L05_012.tsv.bz2	1324909747
data/ChineseTrio/HG007_NA24695-hu38168_mother/CompleteGenomics_normal_cellsDNA/mom_NA24695_GS000037477-ASM/MAP/GS80175-FS3-L05/reads_GS80175-FS3-L05_013.tsv.bz2	1319712636
data/ChineseTrio/HG007_NA24695-hu38168_mother/CompleteGenomics_normal_cellsDNA/mom_NA24695_GS000037477-ASM/MAP/GS80175-FS3-L05/reads_GS80175-FS3-L05_014.tsv.bz2	1315719347
data/ChineseTrio/HG007_NA24695-hu38168_mother/CompleteGenomics_normal_cellsDNA/mom_NA24695_GS000037477-ASM/MAP/GS80175-FS3-L05/reads_GS80175-FS3-L05_015.tsv.bz2	1302634096
data/ChineseTrio/HG007_NA24695-hu38168_mother/CompleteGenomics_normal_cellsDNA/mom_NA24695_GS000037477-ASM/MAP/GS80175-FS3-L05/reads_GS80175-FS3-L05_016.tsv.bz2	1316356494
data/ChineseTrio/HG007_NA24695-hu38168_mother/CompleteGenomics_normal_cellsDNA/mom_NA24695_GS000037477-ASM/MAP/GS80175-FS3-L05/reads_GS80175-FS3-L05_017.tsv.bz2	745212410
data/ChineseTrio/HG007_NA24695-hu38168_mother/CompleteGenomics_normal_cellsDNA/mom_NA24695_GS000037477-ASM/MAP/GS80175-FS3-L06/mapping_GS80175-FS3-L06_001.tsv.bz2	499464467
data/ChineseTrio/HG007_NA24695-hu38168_mother/CompleteGenomics_normal_cellsDNA/mom_NA24695_GS000037477-ASM/MAP/GS80175-FS3-L06/mapping_GS80175-FS3-L06_002.tsv.bz2	539106279
data/ChineseTrio/HG007_NA24695-hu38168_mother/CompleteGenomics_normal_cellsDNA/mom_NA24695_GS000037477-ASM/MAP/GS80175-FS3-L06/mapping_GS80175-FS3-L06_003.tsv.bz2	537956388
data/ChineseTrio/HG007_NA24695-hu38168_mother/CompleteGenomics_normal_cellsDNA/mom_NA24695_GS000037477-ASM/MAP/GS80175-FS3-L06/mapping_GS80175-FS3-L06_004.tsv.bz2	536203997
data/ChineseTrio/HG007_NA24695-hu38168_mother/CompleteGenomics_normal_cellsDNA/mom_NA24695_GS000037477-ASM/MAP/GS80175-FS3-L06/mapping_GS80175-FS3-L06_005.tsv.bz2	533111498
data/ChineseTrio/HG007_NA24695-hu38168_mother/CompleteGenomics_normal_cellsDNA/mom_NA24695_GS000037477-ASM/MAP/GS80175-FS3-L06/mapping_GS80175-FS3-L06_006.tsv.bz2	535629517
data/ChineseTrio/HG007_NA24695-hu38168_mother/CompleteGenomics_normal_cellsDNA/mom_NA24695_GS000037477-ASM/MAP/GS80175-FS3-L06/mapping_GS80175-FS3-L06_007.tsv.bz2	533579757
data/ChineseTrio/HG007_NA24695-hu38168_mother/CompleteGenomics_normal_cellsDNA/mom_NA24695_GS000037477-ASM/MAP/GS80175-FS3-L06/mapping_GS80175-FS3-L06_008.tsv.bz2	531286226
data/ChineseTrio/HG007_NA24695-hu38168_mother/CompleteGenomics_normal_cellsDNA/mom_NA24695_GS000037477-ASM/MAP/GS80175-FS3-L06/mapping_GS80175-FS3-L06_009.tsv.bz2	531425090
data/ChineseTrio/HG007_NA24695-hu38168_mother/CompleteGenomics_normal_cellsDNA/mom_NA24695_GS000037477-ASM/MAP/GS80175-FS3-L06/mapping_GS80175-FS3-L06_010.tsv.bz2	535384793
data/ChineseTrio/HG007_NA24695-hu38168_mother/CompleteGenomics_normal_cellsDNA/mom_NA24695_GS000037477-ASM/MAP/GS80175-FS3-L06/mapping_GS80175-FS3-L06_011.tsv.bz2	533317826
data/ChineseTrio/HG007_NA24695-hu38168_mother/CompleteGenomics_normal_cellsDNA/mom_NA24695_GS000037477-ASM/MAP/GS80175-FS3-L06/mapping_GS80175-FS3-L06_012.tsv.bz2	528084542
data/ChineseTrio/HG007_NA24695-hu38168_mother/CompleteGenomics_normal_cellsDNA/mom_NA24695_GS000037477-ASM/MAP/GS80175-FS3-L06/mapping_GS80175-FS3-L06_013.tsv.bz2	527058466
data/ChineseTrio/HG007_NA24695-hu38168_mother/CompleteGenomics_normal_cellsDNA/mom_NA24695_GS000037477-ASM/MAP/GS80175-FS3-L06/mapping_GS80175-FS3-L06_014.tsv.bz2	528949581
data/ChineseTrio/HG007_NA24695-hu38168_mother/CompleteGenomics_normal_cellsDNA/mom_NA24695_GS000037477-ASM/MAP/GS80175-FS3-L06/mapping_GS80175-FS3-L06_015.tsv.bz2	536378454
data/ChineseTrio/HG007_NA24695-hu38168_mother/CompleteGenomics_normal_cellsDNA/mom_NA24695_GS000037477-ASM/MAP/GS80175-FS3-L06/mapping_GS80175-FS3-L06_016.tsv.bz2	521665773
data/ChineseTrio/HG007_NA24695-hu38168_mother/CompleteGenomics_normal_cellsDNA/mom_NA24695_GS000037477-ASM/MAP/GS80175-FS3-L06/mapping_GS80175-FS3-L06_017.tsv.bz2	303568013
data/ChineseTrio/HG007_NA24695-hu38168_mother/CompleteGenomics_normal_cellsDNA/mom_NA24695_GS000037477-ASM/MAP/GS80175-FS3-L06/reads_GS80175-FS3-L06_001.tsv.bz2	1227032238
data/ChineseTrio/HG007_NA24695-hu38168_mother/CompleteGenomics_normal_cellsDNA/mom_NA24695_GS000037477-ASM/MAP/GS80175-FS3-L06/reads_GS80175-FS3-L06_002.tsv.bz2	1324015971
data/ChineseTrio/HG007_NA24695-hu38168_mother/CompleteGenomics_normal_cellsDNA/mom_NA24695_GS000037477-ASM/MAP/GS80175-FS3-L06/reads_GS80175-FS3-L06_003.tsv.bz2	1330697007
data/ChineseTrio/HG007_NA24695-hu38168_mother/CompleteGenomics_normal_cellsDNA/mom_NA24695_GS000037477-ASM/MAP/GS80175-FS3-L06/reads_GS80175-FS3-L06_004.tsv.bz2	1336771138
data/ChineseTrio/HG007_NA24695-hu38168_mother/CompleteGenomics_normal_cellsDNA/mom_NA24695_GS000037477-ASM/MAP/GS80175-FS3-L06/reads_GS80175-FS3-L06_005.tsv.bz2	1343638482
data/ChineseTrio/HG007_NA24695-hu38168_mother/CompleteGenomics_normal_cellsDNA/mom_NA24695_GS000037477-ASM/MAP/GS80175-FS3-L06/reads_GS80175-FS3-L06_006.tsv.bz2	1328722373
data/ChineseTrio/HG007_NA24695-hu38168_mother/CompleteGenomics_normal_cellsDNA/mom_NA24695_GS000037477-ASM/MAP/GS80175-FS3-L06/reads_GS80175-FS3-L06_007.tsv.bz2	1337511345
data/ChineseTrio/HG007_NA24695-hu38168_mother/CompleteGenomics_normal_cellsDNA/mom_NA24695_GS000037477-ASM/MAP/GS80175-FS3-L06/reads_GS80175-FS3-L06_008.tsv.bz2	1348388191
data/ChineseTrio/HG007_NA24695-hu38168_mother/CompleteGenomics_normal_cellsDNA/mom_NA24695_GS000037477-ASM/MAP/GS80175-FS3-L06/reads_GS80175-FS3-L06_009.tsv.bz2	1347039983
data/ChineseTrio/HG007_NA24695-hu38168_mother/CompleteGenomics_normal_cellsDNA/mom_NA24695_GS000037477-ASM/MAP/GS80175-FS3-L06/reads_GS80175-FS3-L06_010.tsv.bz2	1333272814
data/ChineseTrio/HG007_NA24695-hu38168_mother/CompleteGenomics_normal_cellsDNA/mom_NA24695_GS000037477-ASM/MAP/GS80175-FS3-L06/reads_GS80175-FS3-L06_011.tsv.bz2	1331954939
data/ChineseTrio/HG007_NA24695-hu38168_mother/CompleteGenomics_normal_cellsDNA/mom_NA24695_GS000037477-ASM/MAP/GS80175-FS3-L06/reads_GS80175-FS3-L06_012.tsv.bz2	1351425704
data/ChineseTrio/HG007_NA24695-hu38168_mother/CompleteGenomics_normal_cellsDNA/mom_NA24695_GS000037477-ASM/MAP/GS80175-FS3-L06/reads_GS80175-FS3-L06_013.tsv.bz2	1352846373
data/ChineseTrio/HG007_NA24695-hu38168_mother/CompleteGenomics_normal_cellsDNA/mom_NA24695_GS000037477-ASM/MAP/GS80175-FS3-L06/reads_GS80175-FS3-L06_014.tsv.bz2	1349542737
data/ChineseTrio/HG007_NA24695-hu38168_mother/CompleteGenomics_normal_cellsDNA/mom_NA24695_GS000037477-ASM/MAP/GS80175-FS3-L06/reads_GS80175-FS3-L06_015.tsv.bz2	1322234065
data/ChineseTrio/HG007_NA24695-hu38168_mother/CompleteGenomics_normal_cellsDNA/mom_NA24695_GS000037477-ASM/MAP/GS80175-FS3-L06/reads_GS80175-FS3-L06_016.tsv.bz2	1333050777
data/ChineseTrio/HG007_NA24695-hu38168_mother/CompleteGenomics_normal_cellsDNA/mom_NA24695_GS000037477-ASM/MAP/GS80175-FS3-L06/reads_GS80175-FS3-L06_017.tsv.bz2	763302651
data/ChineseTrio/HG007_NA24695-hu38168_mother/CompleteGenomics_normal_cellsDNA/mom_NA24695_GS000037477-ASM/MAP/GS80175-FS3-L07/mapping_GS80175-FS3-L07_001.tsv.bz2	494867945
data/ChineseTrio/HG007_NA24695-hu38168_mother/CompleteGenomics_normal_cellsDNA/mom_NA24695_GS000037477-ASM/MAP/GS80175-FS3-L07/mapping_GS80175-FS3-L07_002.tsv.bz2	533804029
data/ChineseTrio/HG007_NA24695-hu38168_mother/CompleteGenomics_normal_cellsDNA/mom_NA24695_GS000037477-ASM/MAP/GS80175-FS3-L07/mapping_GS80175-FS3-L07_003.tsv.bz2	532100700
data/ChineseTrio/HG007_NA24695-hu38168_mother/CompleteGenomics_normal_cellsDNA/mom_NA24695_GS000037477-ASM/MAP/GS80175-FS3-L07/mapping_GS80175-FS3-L07_004.tsv.bz2	524322025
data/ChineseTrio/HG007_NA24695-hu38168_mother/CompleteGenomics_normal_cellsDNA/mom_NA24695_GS000037477-ASM/MAP/GS80175-FS3-L07/mapping_GS80175-FS3-L07_005.tsv.bz2	531860361
data/ChineseTrio/HG007_NA24695-hu38168_mother/CompleteGenomics_normal_cellsDNA/mom_NA24695_GS000037477-ASM/MAP/GS80175-FS3-L07/mapping_GS80175-FS3-L07_006.tsv.bz2	529154117
data/ChineseTrio/HG007_NA24695-hu38168_mother/CompleteGenomics_normal_cellsDNA/mom_NA24695_GS000037477-ASM/MAP/GS80175-FS3-L07/mapping_GS80175-FS3-L07_007.tsv.bz2	525999454
data/ChineseTrio/HG007_NA24695-hu38168_mother/CompleteGenomics_normal_cellsDNA/mom_NA24695_GS000037477-ASM/MAP/GS80175-FS3-L07/mapping_GS80175-FS3-L07_008.tsv.bz2	525828803
data/ChineseTrio/HG007_NA24695-hu38168_mother/CompleteGenomics_normal_cellsDNA/mom_NA24695_GS000037477-ASM/MAP/GS80175-FS3-L07/mapping_GS80175-FS3-L07_009.tsv.bz2	524958949
data/ChineseTrio/HG007_NA24695-hu38168_mother/CompleteGenomics_normal_cellsDNA/mom_NA24695_GS000037477-ASM/MAP/GS80175-FS3-L07/mapping_GS80175-FS3-L07_010.tsv.bz2	530747217
data/ChineseTrio/HG007_NA24695-hu38168_mother/CompleteGenomics_normal_cellsDNA/mom_NA24695_GS000037477-ASM/MAP/GS80175-FS3-L07/mapping_GS80175-FS3-L07_011.tsv.bz2	526962820
data/ChineseTrio/HG007_NA24695-hu38168_mother/CompleteGenomics_normal_cellsDNA/mom_NA24695_GS000037477-ASM/MAP/GS80175-FS3-L07/mapping_GS80175-FS3-L07_012.tsv.bz2	523227180
data/ChineseTrio/HG007_NA24695-hu38168_mother/CompleteGenomics_normal_cellsDNA/mom_NA24695_GS000037477-ASM/MAP/GS80175-FS3-L07/mapping_GS80175-FS3-L07_013.tsv.bz2	523861442
data/ChineseTrio/HG007_NA24695-hu38168_mother/CompleteGenomics_normal_cellsDNA/mom_NA24695_GS000037477-ASM/MAP/GS80175-FS3-L07/mapping_GS80175-FS3-L07_014.tsv.bz2	527860158
data/ChineseTrio/HG007_NA24695-hu38168_mother/CompleteGenomics_normal_cellsDNA/mom_NA24695_GS000037477-ASM/MAP/GS80175-FS3-L07/mapping_GS80175-FS3-L07_015.tsv.bz2	533824852
data/ChineseTrio/HG007_NA24695-hu38168_mother/CompleteGenomics_normal_cellsDNA/mom_NA24695_GS000037477-ASM/MAP/GS80175-FS3-L07/mapping_GS80175-FS3-L07_016.tsv.bz2	520877573
data/ChineseTrio/HG007_NA24695-hu38168_mother/CompleteGenomics_normal_cellsDNA/mom_NA24695_GS000037477-ASM/MAP/GS80175-FS3-L07/mapping_GS80175-FS3-L07_017.tsv.bz2	299489627
data/ChineseTrio/HG007_NA24695-hu38168_mother/CompleteGenomics_normal_cellsDNA/mom_NA24695_GS000037477-ASM/MAP/GS80175-FS3-L07/reads_GS80175-FS3-L07_001.tsv.bz2	1217230198
data/ChineseTrio/HG007_NA24695-hu38168_mother/CompleteGenomics_normal_cellsDNA/mom_NA24695_GS000037477-ASM/MAP/GS80175-FS3-L07/reads_GS80175-FS3-L07_002.tsv.bz2	1318414574
data/ChineseTrio/HG007_NA24695-hu38168_mother/CompleteGenomics_normal_cellsDNA/mom_NA24695_GS000037477-ASM/MAP/GS80175-FS3-L07/reads_GS80175-FS3-L07_003.tsv.bz2	1323457229
data/ChineseTrio/HG007_NA24695-hu38168_mother/CompleteGenomics_normal_cellsDNA/mom_NA24695_GS000037477-ASM/MAP/GS80175-FS3-L07/reads_GS80175-FS3-L07_004.tsv.bz2	1339588482
data/ChineseTrio/HG007_NA24695-hu38168_mother/CompleteGenomics_normal_cellsDNA/mom_NA24695_GS000037477-ASM/MAP/GS80175-FS3-L07/reads_GS80175-FS3-L07_005.tsv.bz2	1322457446
data/ChineseTrio/HG007_NA24695-hu38168_mother/CompleteGenomics_normal_cellsDNA/mom_NA24695_GS000037477-ASM/MAP/GS80175-FS3-L07/reads_GS80175-FS3-L07_006.tsv.bz2	1325593927
data/ChineseTrio/HG007_NA24695-hu38168_mother/CompleteGenomics_normal_cellsDNA/mom_NA24695_GS000037477-ASM/MAP/GS80175-FS3-L07/reads_GS80175-FS3-L07_007.tsv.bz2	1337474127
data/ChineseTrio/HG007_NA24695-hu38168_mother/CompleteGenomics_normal_cellsDNA/mom_NA24695_GS000037477-ASM/MAP/GS80175-FS3-L07/reads_GS80175-FS3-L07_008.tsv.bz2	1337122605
data/ChineseTrio/HG007_NA24695-hu38168_mother/CompleteGenomics_normal_cellsDNA/mom_NA24695_GS000037477-ASM/MAP/GS80175-FS3-L07/reads_GS80175-FS3-L07_009.tsv.bz2	1341419665
data/ChineseTrio/HG007_NA24695-hu38168_mother/CompleteGenomics_normal_cellsDNA/mom_NA24695_GS000037477-ASM/MAP/GS80175-FS3-L07/reads_GS80175-FS3-L07_010.tsv.bz2	1323757765
data/ChineseTrio/HG007_NA24695-hu38168_mother/CompleteGenomics_normal_cellsDNA/mom_NA24695_GS000037477-ASM/MAP/GS80175-FS3-L07/reads_GS80175-FS3-L07_011.tsv.bz2	1325030134
data/ChineseTrio/HG007_NA24695-hu38168_mother/CompleteGenomics_normal_cellsDNA/mom_NA24695_GS000037477-ASM/MAP/GS80175-FS3-L07/reads_GS80175-FS3-L07_012.tsv.bz2	1341425114
data/ChineseTrio/HG007_NA24695-hu38168_mother/CompleteGenomics_normal_cellsDNA/mom_NA24695_GS000037477-ASM/MAP/GS80175-FS3-L07/reads_GS80175-FS3-L07_013.tsv.bz2	1339021503
data/ChineseTrio/HG007_NA24695-hu38168_mother/CompleteGenomics_normal_cellsDNA/mom_NA24695_GS000037477-ASM/MAP/GS80175-FS3-L07/reads_GS80175-FS3-L07_014.tsv.bz2	1322699900
data/ChineseTrio/HG007_NA24695-hu38168_mother/CompleteGenomics_normal_cellsDNA/mom_NA24695_GS000037477-ASM/MAP/GS80175-FS3-L07/reads_GS80175-FS3-L07_015.tsv.bz2	1308369128
data/ChineseTrio/HG007_NA24695-hu38168_mother/CompleteGenomics_normal_cellsDNA/mom_NA24695_GS000037477-ASM/MAP/GS80175-FS3-L07/reads_GS80175-FS3-L07_016.tsv.bz2	1318597953
data/ChineseTrio/HG007_NA24695-hu38168_mother/CompleteGenomics_normal_cellsDNA/mom_NA24695_GS000037477-ASM/MAP/GS80175-FS3-L07/reads_GS80175-FS3-L07_017.tsv.bz2	754717080
data/ChineseTrio/HG007_NA24695-hu38168_mother/CompleteGenomics_normal_cellsDNA/mom_NA24695_GS000037477-ASM/MAP/GS80175-FS3-L08/mapping_GS80175-FS3-L08_001.tsv.bz2	497346581
data/ChineseTrio/HG007_NA24695-hu38168_mother/CompleteGenomics_normal_cellsDNA/mom_NA24695_GS000037477-ASM/MAP/GS80175-FS3-L08/mapping_GS80175-FS3-L08_002.tsv.bz2	535195692
data/ChineseTrio/HG007_NA24695-hu38168_mother/CompleteGenomics_normal_cellsDNA/mom_NA24695_GS000037477-ASM/MAP/GS80175-FS3-L08/mapping_GS80175-FS3-L08_003.tsv.bz2	533910923
data/ChineseTrio/HG007_NA24695-hu38168_mother/CompleteGenomics_normal_cellsDNA/mom_NA24695_GS000037477-ASM/MAP/GS80175-FS3-L08/mapping_GS80175-FS3-L08_004.tsv.bz2	531515382
data/ChineseTrio/HG007_NA24695-hu38168_mother/CompleteGenomics_normal_cellsDNA/mom_NA24695_GS000037477-ASM/MAP/GS80175-FS3-L08/mapping_GS80175-FS3-L08_005.tsv.bz2	532884570
data/ChineseTrio/HG007_NA24695-hu38168_mother/CompleteGenomics_normal_cellsDNA/mom_NA24695_GS000037477-ASM/MAP/GS80175-FS3-L08/mapping_GS80175-FS3-L08_006.tsv.bz2	531270256
data/ChineseTrio/HG007_NA24695-hu38168_mother/CompleteGenomics_normal_cellsDNA/mom_NA24695_GS000037477-ASM/MAP/GS80175-FS3-L08/mapping_GS80175-FS3-L08_007.tsv.bz2	529534334
data/ChineseTrio/HG007_NA24695-hu38168_mother/CompleteGenomics_normal_cellsDNA/mom_NA24695_GS000037477-ASM/MAP/GS80175-FS3-L08/mapping_GS80175-FS3-L08_008.tsv.bz2	528645861
data/ChineseTrio/HG007_NA24695-hu38168_mother/CompleteGenomics_normal_cellsDNA/mom_NA24695_GS000037477-ASM/MAP/GS80175-FS3-L08/mapping_GS80175-FS3-L08_009.tsv.bz2	530133549
data/ChineseTrio/HG007_NA24695-hu38168_mother/CompleteGenomics_normal_cellsDNA/mom_NA24695_GS000037477-ASM/MAP/GS80175-FS3-L08/mapping_GS80175-FS3-L08_010.tsv.bz2	529138416
data/ChineseTrio/HG007_NA24695-hu38168_mother/CompleteGenomics_normal_cellsDNA/mom_NA24695_GS000037477-ASM/MAP/GS80175-FS3-L08/mapping_GS80175-FS3-L08_011.tsv.bz2	528579274
data/ChineseTrio/HG007_NA24695-hu38168_mother/CompleteGenomics_normal_cellsDNA/mom_NA24695_GS000037477-ASM/MAP/GS80175-FS3-L08/mapping_GS80175-FS3-L08_012.tsv.bz2	525071419
data/ChineseTrio/HG007_NA24695-hu38168_mother/CompleteGenomics_normal_cellsDNA/mom_NA24695_GS000037477-ASM/MAP/GS80175-FS3-L08/mapping_GS80175-FS3-L08_013.tsv.bz2	523888282
data/ChineseTrio/HG007_NA24695-hu38168_mother/CompleteGenomics_normal_cellsDNA/mom_NA24695_GS000037477-ASM/MAP/GS80175-FS3-L08/mapping_GS80175-FS3-L08_014.tsv.bz2	524649377
data/ChineseTrio/HG007_NA24695-hu38168_mother/CompleteGenomics_normal_cellsDNA/mom_NA24695_GS000037477-ASM/MAP/GS80175-FS3-L08/mapping_GS80175-FS3-L08_015.tsv.bz2	518479569
data/ChineseTrio/HG007_NA24695-hu38168_mother/CompleteGenomics_normal_cellsDNA/mom_NA24695_GS000037477-ASM/MAP/GS80175-FS3-L08/mapping_GS80175-FS3-L08_016.tsv.bz2	520895864
data/ChineseTrio/HG007_NA24695-hu38168_mother/CompleteGenomics_normal_cellsDNA/mom_NA24695_GS000037477-ASM/MAP/GS80175-FS3-L08/mapping_GS80175-FS3-L08_017.tsv.bz2	293778798
data/ChineseTrio/HG007_NA24695-hu38168_mother/CompleteGenomics_normal_cellsDNA/mom_NA24695_GS000037477-ASM/MAP/GS80175-FS3-L08/reads_GS80175-FS3-L08_001.tsv.bz2	1214074041
data/ChineseTrio/HG007_NA24695-hu38168_mother/CompleteGenomics_normal_cellsDNA/mom_NA24695_GS000037477-ASM/MAP/GS80175-FS3-L08/reads_GS80175-FS3-L08_002.tsv.bz2	1305425985
data/ChineseTrio/HG007_NA24695-hu38168_mother/CompleteGenomics_normal_cellsDNA/mom_NA24695_GS000037477-ASM/MAP/GS80175-FS3-L08/reads_GS80175-FS3-L08_003.tsv.bz2	1307915820
data/ChineseTrio/HG007_NA24695-hu38168_mother/CompleteGenomics_normal_cellsDNA/mom_NA24695_GS000037477-ASM/MAP/GS80175-FS3-L08/reads_GS80175-FS3-L08_004.tsv.bz2	1320597091
data/ChineseTrio/HG007_NA24695-hu38168_mother/CompleteGenomics_normal_cellsDNA/mom_NA24695_GS000037477-ASM/MAP/GS80175-FS3-L08/reads_GS80175-FS3-L08_005.tsv.bz2	1312713133
data/ChineseTrio/HG007_NA24695-hu38168_mother/CompleteGenomics_normal_cellsDNA/mom_NA24695_GS000037477-ASM/MAP/GS80175-FS3-L08/reads_GS80175-FS3-L08_006.tsv.bz2	1314645932
data/ChineseTrio/HG007_NA24695-hu38168_mother/CompleteGenomics_normal_cellsDNA/mom_NA24695_GS000037477-ASM/MAP/GS80175-FS3-L08/reads_GS80175-FS3-L08_007.tsv.bz2	1321118943
data/ChineseTrio/HG007_NA24695-hu38168_mother/CompleteGenomics_normal_cellsDNA/mom_NA24695_GS000037477-ASM/MAP/GS80175-FS3-L08/reads_GS80175-FS3-L08_008.tsv.bz2	1323381343
data/ChineseTrio/HG007_NA24695-hu38168_mother/CompleteGenomics_normal_cellsDNA/mom_NA24695_GS000037477-ASM/MAP/GS80175-FS3-L08/reads_GS80175-FS3-L08_009.tsv.bz2	1324487124
data/ChineseTrio/HG007_NA24695-hu38168_mother/CompleteGenomics_normal_cellsDNA/mom_NA24695_GS000037477-ASM/MAP/GS80175-FS3-L08/reads_GS80175-FS3-L08_010.tsv.bz2	1321331220
data/ChineseTrio/HG007_NA24695-hu38168_mother/CompleteGenomics_normal_cellsDNA/mom_NA24695_GS000037477-ASM/MAP/GS80175-FS3-L08/reads_GS80175-FS3-L08_011.tsv.bz2	1320871779
data/ChineseTrio/HG007_NA24695-hu38168_mother/CompleteGenomics_normal_cellsDNA/mom_NA24695_GS000037477-ASM/MAP/GS80175-FS3-L08/reads_GS80175-FS3-L08_012.tsv.bz2	1333668992
data/ChineseTrio/HG007_NA24695-hu38168_mother/CompleteGenomics_normal_cellsDNA/mom_NA24695_GS000037477-ASM/MAP/GS80175-FS3-L08/reads_GS80175-FS3-L08_013.tsv.bz2	1339561219
data/ChineseTrio/HG007_NA24695-hu38168_mother/CompleteGenomics_normal_cellsDNA/mom_NA24695_GS000037477-ASM/MAP/GS80175-FS3-L08/reads_GS80175-FS3-L08_014.tsv.bz2	1332792444
data/ChineseTrio/HG007_NA24695-hu38168_mother/CompleteGenomics_normal_cellsDNA/mom_NA24695_GS000037477-ASM/MAP/GS80175-FS3-L08/reads_GS80175-FS3-L08_015.tsv.bz2	1260364928
data/ChineseTrio/HG007_NA24695-hu38168_mother/CompleteGenomics_normal_cellsDNA/mom_NA24695_GS000037477-ASM/MAP/GS80175-FS3-L08/reads_GS80175-FS3-L08_016.tsv.bz2	1313964843
data/ChineseTrio/HG007_NA24695-hu38168_mother/CompleteGenomics_normal_cellsDNA/mom_NA24695_GS000037477-ASM/MAP/GS80175-FS3-L08/reads_GS80175-FS3-L08_017.tsv.bz2	724919727
