HG001.Ultralong_OxfordNanopore	ext/nanopore-wgs-consortium/rel6/rel_6.fastq.gz	146155473652
HG002.guppy-V3.4.5	data/AshkenazimTrio/HG002_NA24385_son/Ultralong_OxfordNanopore/guppy-V3.4.5/HG002_ONT-UL_GIAB_20200204.fastq.gz	181883590056
HG002.guppy-V3.2.4_2020-01-22	data/AshkenazimTrio/HG002_NA24385_son/Ultralong_OxfordNanopore/guppy-V3.2.4_2020-01-22/HG002_ONT-UL_GIAB_20200122.fastq.gz	179931949856
HG002.guppy-V2.3.4_2019-06-26	data/AshkenazimTrio/HG002_NA24385_son/Ultralong_OxfordNanopore/guppy-V2.3.4_2019-06-26/ultra-long-ont.fastq.gz	206140031293
HG002.combined_2018-08-10	data/AshkenazimTrio/HG002_NA24385_son/Ultralong_OxfordNanopore/combined_2018-08-10/combined_2018-08-10.fastq.gz	54227005220
HG002.combined_2018-05-18	data/AshkenazimTrio/HG002_NA24385_son/Ultralong_OxfordNanopore/combined_2018-05-18/combined_2018-05-18.fastq.gz	19233039866
HG002.UCSC_Ultralong_OxfordNanopore_Promethion	data/AshkenazimTrio/HG002_NA24385_son/UCSC_Ultralong_OxfordNanopore_Promethion/GM24385_1.fastq.gz	29164844008
HG002.UCSC_Ultralong_OxfordNanopore_Promethion	data/AshkenazimTrio/HG002_NA24385_son/UCSC_Ultralong_OxfordNanopore_Promethion/GM24385_2.fastq.gz	78742127490
HG002.UCSC_Ultralong_OxfordNanopore_Promethion	data/AshkenazimTrio/HG002_NA24385_son/UCSC_Ultralong_OxfordNanopore_Promethion/GM24385_3.fastq.gz	63450847634
HG003.UCSC_Ultralong_OxfordNanopore_Promethion	data/AshkenazimTrio/HG003_NA24149_father/UCSC_Ultralong_OxfordNanopore_Promethion/GM24149_1.fastq.gz	90690946332
HG003.UCSC_Ultralong_OxfordNanopore_Promethion	data/AshkenazimTrio/HG003_NA24149_father/UCSC_Ultralong_OxfordNanopore_Promethion/GM24149_2.fastq.gz	117844849946
HG003.UCSC_Ultralong_OxfordNanopore_Promethion	data/AshkenazimTrio/HG003_NA24149_father/UCSC_Ultralong_OxfordNanopore_Promethion/GM24149_3.fastq.gz	93522491091
HG004.UCSC_Ultralong_OxfordNanopore_Promethion	data/AshkenazimTrio/HG004_NA24143_mother/UCSC_Ultralong_OxfordNanopore_Promethion/GM24143_1.fastq.gz	97022017213
HG004.UCSC_Ultralong_OxfordNanopore_Promethion	data/AshkenazimTrio/HG004_NA24143_mother/UCSC_Ultralong_OxfordNanopore_Promethion/GM24143_2.fastq.gz	107083935279
HG004.UCSC_Ultralong_OxfordNanopore_Promethion	data/AshkenazimTrio/HG004_NA24143_mother/UCSC_Ultralong_OxfordNanopore_Promethion/GM24143_3.fastq.gz	104617324441
HG005.UCSC_Ultralong_OxfordNanopore_Promethion	data/ChineseTrio/HG005_NA24631_son/UCSC_Ultralong_OxfordNanopore_Promethion/01_09_20_R941_GM24631_1_Guppy_4.2.2_prom.fastq.gz	45117713967
HG005.UCSC_Ultralong_OxfordNanopore_Promethion	data/ChineseTrio/HG005_NA24631_son/UCSC_Ultralong_OxfordNanopore_Promethion/01_09_20_R941_GM24631_2_Guppy_4.2.2_prom.fastq.gz	60568342346
HG005.UCSC_Ultralong_OxfordNanopore_Promethion	data/ChineseTrio/HG005_NA24631_son/UCSC_Ultralong_OxfordNanopore_Promethion/01_09_20_R941_GM24631_3_Guppy_4.2.2_prom.fastq.gz	72092078176
HG006.UCSC_Ultralong_OxfordNanopore_Promethion	data/ChineseTrio/HG006_NA24694-huCA017E_father/UCSC_Ultralong_OxfordNanopore_Promethion/01_09_20_R941_GM24694_1_Guppy_4.2.2_prom.fastq.gz	66479097654
HG006.UCSC_Ultralong_OxfordNanopore_Promethion	data/ChineseTrio/HG006_NA24694-huCA017E_father/UCSC_Ultralong_OxfordNanopore_Promethion/01_09_20_R941_GM24694_2_Guppy_4.2.2_prom.fastq.gz	42017985484
HG006.UCSC_Ultralong_OxfordNanopore_Promethion	data/ChineseTrio/HG006_NA24694-huCA017E_father/UCSC_Ultralong_OxfordNanopore_Promethion/01_09_20_R941_GM24694_3_Guppy_4.2.2_prom.fastq.gz	51082267919
HG007.UCSC_Ultralong_OxfordNanopore_Promethion	data/ChineseTrio/HG007_NA24695-hu38168_mother/UCSC_Ultralong_OxfordNanopore_Promethion/01_09_20_R941_GM24695_1_Guppy_4.2.2_prom.fastq.gz	37614097043
HG007.UCSC_Ultralong_OxfordNanopore_Promethion	data/ChineseTrio/HG007_NA24695-hu38168_mother/UCSC_Ultralong_OxfordNanopore_Promethion/01_09_20_R941_GM24695_2_Guppy_4.2.2_prom.fastq.gz	44807814636
HG007.UCSC_Ultralong_OxfordNanopore_Promethion	data/ChineseTrio/HG007_NA24695-hu38168_mother/UCSC_Ultralong_OxfordNanopore_Promethion/01_09_20_R941_GM24695_3_Guppy_4.2.2_prom.fastq.gz	47137062674
HG008-N-D.Northeastern_ONT-std_20240422	data_somatic/HG008/Liss_lab/Northeastern_ONT-std_20240422/HG008-N-D_ubams/03_13_24_R1041_GIAB_Duodenum.dorado_0.5.3_5mC_5hmC.bam	90105803645
HG008-N-D.Northeastern_ONT-std_20240422	data_somatic/HG008/Liss_lab/Northeastern_ONT-std_20240422/HG008-N-D_ubams/03_13_24_R1041_GIAB_Duodenum_2.dorado_0.5.3_5mC_5hmC.bam	89647408277
HG008-N-D.Northeastern_ONT-std_20240422	data_somatic/HG008/Liss_lab/Northeastern_ONT-std_20240422/HG008-N-D_ubams/03_13_24_R1041_GIAB_Duodenum_3.dorado_0.5.3_5mC_5hmC.bam	77856391489
HG008-N-D.Northeastern_ONT-std_20240422	data_somatic/HG008/Liss_lab/Northeastern_ONT-std_20240422/HG008-N-D_ubams/03_13_24_R1041_GIAB_Duodenum_4.dorado_0.5.3_5mC_5hmC.bam	88155952723
HG008-N-P.Northeastern_ONT-std_20240422	data_somatic/HG008/Liss_lab/Northeastern_ONT-std_20240422/HG008-N-P_ubams/03_13_24_R1041_GIAB_Normal_Pancreas.dorado_0.5.3_5mC_5hmC.bam	46300412577
HG008-N-P.Northeastern_ONT-std_20240422	data_somatic/HG008/Liss_lab/Northeastern_ONT-std_20240422/HG008-N-P_ubams/03_13_24_R1041_GIAB_Normal_Pancreas_2.dorado_0.5.3_5mC_5hmC.bam	49607859349
HG008-N-P.Northeastern_ONT-std_20240422	data_somatic/HG008/Liss_lab/Northeastern_ONT-std_20240422/HG008-N-P_ubams/03_13_24_R1041_GIAB_Normal_Pancreas_3.dorado_0.5.3_5mC_5hmC.bam	49458453894
HG008-T.Northeastern-ONT-UL-20241216	data_somatic/HG008/Liss_lab/Northeastern-ONT-UL-20241216/11_12_2024_R1041_HG008_3066.dorado_0.8.1_sup.5mC_5hmC.bam	113758374307
HG008-T.UCSC_ONT-UL_20231207	data_somatic/HG008/Liss_lab/UCSC_ONT-UL_20231207/HG008-T_UCSC_20231031_ONT-UL-R10.4.1_1_dorado-v0.4.3_sup4.2.0-5mCG-5hmCG.bam	27866492447
HG008-T.UCSC_ONT-UL_20231207	data_somatic/HG008/Liss_lab/UCSC_ONT-UL_20231207/HG008-T_UCSC_20231031_ONT-UL-R10.4.1_2_dorado-v0.4.3_sup4.2.0-5mCG-5hmCG.bam	32346946107
HG008-T.UCSC_ONT-UL_20231207	data_somatic/HG008/Liss_lab/UCSC_ONT-UL_20231207/HG008-T_UCSC_20231031_ONT-UL-R10.4.1_3_dorado-v0.4.3_sup4.2.0-5mCG-5hmCG.bam	44669150476
HG008-T.UCSC_ONT_20231003	data_somatic/HG008/Liss_lab/UCSC_ONT_20231003/HG008-T_UCSC_20230905_ONT-std-R10.4.1_1_dorado_v0.3.4_sup4.2.0_5mCG-5hmC.bam	125731454084
HG008T-p2.BCM_ONT-std_HG008T-p2_20260313	data_somatic/HG008/Liss_lab/other_passages/BCM_ONT-std_HG008T-p2_20260313/20260202_1137_1C_PBI63802_5301c73c/PBI63802_pass_5301c73c_1bfdcae4_0.bam	439700945
HG008T-p2.BCM_ONT-std_HG008T-p2_20260313	data_somatic/HG008/Liss_lab/other_passages/BCM_ONT-std_HG008T-p2_20260313/20260202_1137_1C_PBI63802_5301c73c/PBI63802_pass_5301c73c_1bfdcae4_1.bam	704449705
HG008T-p2.BCM_ONT-std_HG008T-p2_20260313	data_somatic/HG008/Liss_lab/other_passages/BCM_ONT-std_HG008T-p2_20260313/20260202_1137_1C_PBI63802_5301c73c/PBI63802_pass_5301c73c_1bfdcae4_10.bam	741426668
HG008T-p2.BCM_ONT-std_HG008T-p2_20260313	data_somatic/HG008/Liss_lab/other_passages/BCM_ONT-std_HG008T-p2_20260313/20260202_1137_1C_PBI63802_5301c73c/PBI63802_pass_5301c73c_1bfdcae4_100.bam	487950596
HG008T-p2.BCM_ONT-std_HG008T-p2_20260313	data_somatic/HG008/Liss_lab/other_passages/BCM_ONT-std_HG008T-p2_20260313/20260202_1137_1C_PBI63802_5301c73c/PBI63802_pass_5301c73c_1bfdcae4_101.bam	480653835
HG008T-p2.BCM_ONT-std_HG008T-p2_20260313	data_somatic/HG008/Liss_lab/other_passages/BCM_ONT-std_HG008T-p2_20260313/20260202_1137_1C_PBI63802_5301c73c/PBI63802_pass_5301c73c_1bfdcae4_102.bam	474426240
HG008T-p2.BCM_ONT-std_HG008T-p2_20260313	data_somatic/HG008/Liss_lab/other_passages/BCM_ONT-std_HG008T-p2_20260313/20260202_1137_1C_PBI63802_5301c73c/PBI63802_pass_5301c73c_1bfdcae4_103.bam	481062663
HG008T-p2.BCM_ONT-std_HG008T-p2_20260313	data_somatic/HG008/Liss_lab/other_passages/BCM_ONT-std_HG008T-p2_20260313/20260202_1137_1C_PBI63802_5301c73c/PBI63802_pass_5301c73c_1bfdcae4_104.bam	277610833
HG008T-p2.BCM_ONT-std_HG008T-p2_20260313	data_somatic/HG008/Liss_lab/other_passages/BCM_ONT-std_HG008T-p2_20260313/20260202_1137_1C_PBI63802_5301c73c/PBI63802_pass_5301c73c_1bfdcae4_105.bam	531969488
HG008T-p2.BCM_ONT-std_HG008T-p2_20260313	data_somatic/HG008/Liss_lab/other_passages/BCM_ONT-std_HG008T-p2_20260313/20260202_1137_1C_PBI63802_5301c73c/PBI63802_pass_5301c73c_1bfdcae4_106.bam	528911255
HG008T-p2.BCM_ONT-std_HG008T-p2_20260313	data_somatic/HG008/Liss_lab/other_passages/BCM_ONT-std_HG008T-p2_20260313/20260202_1137_1C_PBI63802_5301c73c/PBI63802_pass_5301c73c_1bfdcae4_107.bam	512732615
HG008T-p2.BCM_ONT-std_HG008T-p2_20260313	data_somatic/HG008/Liss_lab/other_passages/BCM_ONT-std_HG008T-p2_20260313/20260202_1137_1C_PBI63802_5301c73c/PBI63802_pass_5301c73c_1bfdcae4_108.bam	506741361
HG008T-p2.BCM_ONT-std_HG008T-p2_20260313	data_somatic/HG008/Liss_lab/other_passages/BCM_ONT-std_HG008T-p2_20260313/20260202_1137_1C_PBI63802_5301c73c/PBI63802_pass_5301c73c_1bfdcae4_109.bam	511998293
HG008T-p2.BCM_ONT-std_HG008T-p2_20260313	data_somatic/HG008/Liss_lab/other_passages/BCM_ONT-std_HG008T-p2_20260313/20260202_1137_1C_PBI63802_5301c73c/PBI63802_pass_5301c73c_1bfdcae4_11.bam	718054615
HG008T-p2.BCM_ONT-std_HG008T-p2_20260313	data_somatic/HG008/Liss_lab/other_passages/BCM_ONT-std_HG008T-p2_20260313/20260202_1137_1C_PBI63802_5301c73c/PBI63802_pass_5301c73c_1bfdcae4_110.bam	494702260
HG008T-p2.BCM_ONT-std_HG008T-p2_20260313	data_somatic/HG008/Liss_lab/other_passages/BCM_ONT-std_HG008T-p2_20260313/20260202_1137_1C_PBI63802_5301c73c/PBI63802_pass_5301c73c_1bfdcae4_111.bam	492303387
HG008T-p2.BCM_ONT-std_HG008T-p2_20260313	data_somatic/HG008/Liss_lab/other_passages/BCM_ONT-std_HG008T-p2_20260313/20260202_1137_1C_PBI63802_5301c73c/PBI63802_pass_5301c73c_1bfdcae4_112.bam	484478550
HG008T-p2.BCM_ONT-std_HG008T-p2_20260313	data_somatic/HG008/Liss_lab/other_passages/BCM_ONT-std_HG008T-p2_20260313/20260202_1137_1C_PBI63802_5301c73c/PBI63802_pass_5301c73c_1bfdcae4_113.bam	416979845
HG008T-p2.BCM_ONT-std_HG008T-p2_20260313	data_somatic/HG008/Liss_lab/other_passages/BCM_ONT-std_HG008T-p2_20260313/20260202_1137_1C_PBI63802_5301c73c/PBI63802_pass_5301c73c_1bfdcae4_114.bam	336209476
HG008T-p2.BCM_ONT-std_HG008T-p2_20260313	data_somatic/HG008/Liss_lab/other_passages/BCM_ONT-std_HG008T-p2_20260313/20260202_1137_1C_PBI63802_5301c73c/PBI63802_pass_5301c73c_1bfdcae4_115.bam	459567389
HG008T-p2.BCM_ONT-std_HG008T-p2_20260313	data_somatic/HG008/Liss_lab/other_passages/BCM_ONT-std_HG008T-p2_20260313/20260202_1137_1C_PBI63802_5301c73c/PBI63802_pass_5301c73c_1bfdcae4_116.bam	462540215
HG008T-p2.BCM_ONT-std_HG008T-p2_20260313	data_somatic/HG008/Liss_lab/other_passages/BCM_ONT-std_HG008T-p2_20260313/20260202_1137_1C_PBI63802_5301c73c/PBI63802_pass_5301c73c_1bfdcae4_117.bam	452504163
HG008T-p2.BCM_ONT-std_HG008T-p2_20260313	data_somatic/HG008/Liss_lab/other_passages/BCM_ONT-std_HG008T-p2_20260313/20260202_1137_1C_PBI63802_5301c73c/PBI63802_pass_5301c73c_1bfdcae4_118.bam	446780893
HG008T-p2.BCM_ONT-std_HG008T-p2_20260313	data_somatic/HG008/Liss_lab/other_passages/BCM_ONT-std_HG008T-p2_20260313/20260202_1137_1C_PBI63802_5301c73c/PBI63802_pass_5301c73c_1bfdcae4_119.bam	447326223
HG008T-p2.BCM_ONT-std_HG008T-p2_20260313	data_somatic/HG008/Liss_lab/other_passages/BCM_ONT-std_HG008T-p2_20260313/20260202_1137_1C_PBI63802_5301c73c/PBI63802_pass_5301c73c_1bfdcae4_12.bam	727601350
HG008T-p2.BCM_ONT-std_HG008T-p2_20260313	data_somatic/HG008/Liss_lab/other_passages/BCM_ONT-std_HG008T-p2_20260313/20260202_1137_1C_PBI63802_5301c73c/PBI63802_pass_5301c73c_1bfdcae4_120.bam	446731310
HG008T-p2.BCM_ONT-std_HG008T-p2_20260313	data_somatic/HG008/Liss_lab/other_passages/BCM_ONT-std_HG008T-p2_20260313/20260202_1137_1C_PBI63802_5301c73c/PBI63802_pass_5301c73c_1bfdcae4_121.bam	444999526
HG008T-p2.BCM_ONT-std_HG008T-p2_20260313	data_somatic/HG008/Liss_lab/other_passages/BCM_ONT-std_HG008T-p2_20260313/20260202_1137_1C_PBI63802_5301c73c/PBI63802_pass_5301c73c_1bfdcae4_122.bam	442347074
HG008T-p2.BCM_ONT-std_HG008T-p2_20260313	data_somatic/HG008/Liss_lab/other_passages/BCM_ONT-std_HG008T-p2_20260313/20260202_1137_1C_PBI63802_5301c73c/PBI63802_pass_5301c73c_1bfdcae4_123.bam	255351096
HG008T-p2.BCM_ONT-std_HG008T-p2_20260313	data_somatic/HG008/Liss_lab/other_passages/BCM_ONT-std_HG008T-p2_20260313/20260202_1137_1C_PBI63802_5301c73c/PBI63802_pass_5301c73c_1bfdcae4_124.bam	457772631
HG008T-p2.BCM_ONT-std_HG008T-p2_20260313	data_somatic/HG008/Liss_lab/other_passages/BCM_ONT-std_HG008T-p2_20260313/20260202_1137_1C_PBI63802_5301c73c/PBI63802_pass_5301c73c_1bfdcae4_125.bam	449330636
HG008T-p2.BCM_ONT-std_HG008T-p2_20260313	data_somatic/HG008/Liss_lab/other_passages/BCM_ONT-std_HG008T-p2_20260313/20260202_1137_1C_PBI63802_5301c73c/PBI63802_pass_5301c73c_1bfdcae4_126.bam	444215293
HG008T-p2.BCM_ONT-std_HG008T-p2_20260313	data_somatic/HG008/Liss_lab/other_passages/BCM_ONT-std_HG008T-p2_20260313/20260202_1137_1C_PBI63802_5301c73c/PBI63802_pass_5301c73c_1bfdcae4_127.bam	445385208
HG008T-p2.BCM_ONT-std_HG008T-p2_20260313	data_somatic/HG008/Liss_lab/other_passages/BCM_ONT-std_HG008T-p2_20260313/20260202_1137_1C_PBI63802_5301c73c/PBI63802_pass_5301c73c_1bfdcae4_128.bam	437597440
HG008T-p2.BCM_ONT-std_HG008T-p2_20260313	data_somatic/HG008/Liss_lab/other_passages/BCM_ONT-std_HG008T-p2_20260313/20260202_1137_1C_PBI63802_5301c73c/PBI63802_pass_5301c73c_1bfdcae4_129.bam	430573813
HG008T-p2.BCM_ONT-std_HG008T-p2_20260313	data_somatic/HG008/Liss_lab/other_passages/BCM_ONT-std_HG008T-p2_20260313/20260202_1137_1C_PBI63802_5301c73c/PBI63802_pass_5301c73c_1bfdcae4_13.bam	737825884
HG008T-p2.BCM_ONT-std_HG008T-p2_20260313	data_somatic/HG008/Liss_lab/other_passages/BCM_ONT-std_HG008T-p2_20260313/20260202_1137_1C_PBI63802_5301c73c/PBI63802_pass_5301c73c_1bfdcae4_130.bam	435573540
HG008T-p2.BCM_ONT-std_HG008T-p2_20260313	data_somatic/HG008/Liss_lab/other_passages/BCM_ONT-std_HG008T-p2_20260313/20260202_1137_1C_PBI63802_5301c73c/PBI63802_pass_5301c73c_1bfdcae4_131.bam	430694195
HG008T-p2.BCM_ONT-std_HG008T-p2_20260313	data_somatic/HG008/Liss_lab/other_passages/BCM_ONT-std_HG008T-p2_20260313/20260202_1137_1C_PBI63802_5301c73c/PBI63802_pass_5301c73c_1bfdcae4_132.bam	356223174
HG008T-p2.BCM_ONT-std_HG008T-p2_20260313	data_somatic/HG008/Liss_lab/other_passages/BCM_ONT-std_HG008T-p2_20260313/20260202_1137_1C_PBI63802_5301c73c/PBI63802_pass_5301c73c_1bfdcae4_133.bam	350963681
HG008T-p2.BCM_ONT-std_HG008T-p2_20260313	data_somatic/HG008/Liss_lab/other_passages/BCM_ONT-std_HG008T-p2_20260313/20260202_1137_1C_PBI63802_5301c73c/PBI63802_pass_5301c73c_1bfdcae4_134.bam	471055992
HG008T-p2.BCM_ONT-std_HG008T-p2_20260313	data_somatic/HG008/Liss_lab/other_passages/BCM_ONT-std_HG008T-p2_20260313/20260202_1137_1C_PBI63802_5301c73c/PBI63802_pass_5301c73c_1bfdcae4_135.bam	463089359
HG008T-p2.BCM_ONT-std_HG008T-p2_20260313	data_somatic/HG008/Liss_lab/other_passages/BCM_ONT-std_HG008T-p2_20260313/20260202_1137_1C_PBI63802_5301c73c/PBI63802_pass_5301c73c_1bfdcae4_136.bam	455945926
HG008T-p2.BCM_ONT-std_HG008T-p2_20260313	data_somatic/HG008/Liss_lab/other_passages/BCM_ONT-std_HG008T-p2_20260313/20260202_1137_1C_PBI63802_5301c73c/PBI63802_pass_5301c73c_1bfdcae4_137.bam	424999052
HG008T-p2.BCM_ONT-std_HG008T-p2_20260313	data_somatic/HG008/Liss_lab/other_passages/BCM_ONT-std_HG008T-p2_20260313/20260202_1137_1C_PBI63802_5301c73c/PBI63802_pass_5301c73c_1bfdcae4_138.bam	356927393
HG008T-p2.BCM_ONT-std_HG008T-p2_20260313	data_somatic/HG008/Liss_lab/other_passages/BCM_ONT-std_HG008T-p2_20260313/20260202_1137_1C_PBI63802_5301c73c/PBI63802_pass_5301c73c_1bfdcae4_139.bam	325176096
HG008T-p2.BCM_ONT-std_HG008T-p2_20260313	data_somatic/HG008/Liss_lab/other_passages/BCM_ONT-std_HG008T-p2_20260313/20260202_1137_1C_PBI63802_5301c73c/PBI63802_pass_5301c73c_1bfdcae4_14.bam	720536758
HG008T-p2.BCM_ONT-std_HG008T-p2_20260313	data_somatic/HG008/Liss_lab/other_passages/BCM_ONT-std_HG008T-p2_20260313/20260202_1137_1C_PBI63802_5301c73c/PBI63802_pass_5301c73c_1bfdcae4_140.bam	329510038
HG008T-p2.BCM_ONT-std_HG008T-p2_20260313	data_somatic/HG008/Liss_lab/other_passages/BCM_ONT-std_HG008T-p2_20260313/20260202_1137_1C_PBI63802_5301c73c/PBI63802_pass_5301c73c_1bfdcae4_141.bam	239779007
HG008T-p2.BCM_ONT-std_HG008T-p2_20260313	data_somatic/HG008/Liss_lab/other_passages/BCM_ONT-std_HG008T-p2_20260313/20260202_1137_1C_PBI63802_5301c73c/PBI63802_pass_5301c73c_1bfdcae4_142.bam	201704862
HG008T-p2.BCM_ONT-std_HG008T-p2_20260313	data_somatic/HG008/Liss_lab/other_passages/BCM_ONT-std_HG008T-p2_20260313/20260202_1137_1C_PBI63802_5301c73c/PBI63802_pass_5301c73c_1bfdcae4_143.bam	234545035
HG008T-p2.BCM_ONT-std_HG008T-p2_20260313	data_somatic/HG008/Liss_lab/other_passages/BCM_ONT-std_HG008T-p2_20260313/20260202_1137_1C_PBI63802_5301c73c/PBI63802_pass_5301c73c_1bfdcae4_144.bam	229674058
HG008T-p2.BCM_ONT-std_HG008T-p2_20260313	data_somatic/HG008/Liss_lab/other_passages/BCM_ONT-std_HG008T-p2_20260313/20260202_1137_1C_PBI63802_5301c73c/PBI63802_pass_5301c73c_1bfdcae4_145.bam	244156243
HG008T-p2.BCM_ONT-std_HG008T-p2_20260313	data_somatic/HG008/Liss_lab/other_passages/BCM_ONT-std_HG008T-p2_20260313/20260202_1137_1C_PBI63802_5301c73c/PBI63802_pass_5301c73c_1bfdcae4_146.bam	236436539
HG008T-p2.BCM_ONT-std_HG008T-p2_20260313	data_somatic/HG008/Liss_lab/other_passages/BCM_ONT-std_HG008T-p2_20260313/20260202_1137_1C_PBI63802_5301c73c/PBI63802_pass_5301c73c_1bfdcae4_147.bam	225223877
HG008T-p2.BCM_ONT-std_HG008T-p2_20260313	data_somatic/HG008/Liss_lab/other_passages/BCM_ONT-std_HG008T-p2_20260313/20260202_1137_1C_PBI63802_5301c73c/PBI63802_pass_5301c73c_1bfdcae4_148.bam	227368360
HG008T-p2.BCM_ONT-std_HG008T-p2_20260313	data_somatic/HG008/Liss_lab/other_passages/BCM_ONT-std_HG008T-p2_20260313/20260202_1137_1C_PBI63802_5301c73c/PBI63802_pass_5301c73c_1bfdcae4_149.bam	244037216
HG008T-p2.BCM_ONT-std_HG008T-p2_20260313	data_somatic/HG008/Liss_lab/other_passages/BCM_ONT-std_HG008T-p2_20260313/20260202_1137_1C_PBI63802_5301c73c/PBI63802_pass_5301c73c_1bfdcae4_15.bam	720152084
HG008T-p2.BCM_ONT-std_HG008T-p2_20260313	data_somatic/HG008/Liss_lab/other_passages/BCM_ONT-std_HG008T-p2_20260313/20260202_1137_1C_PBI63802_5301c73c/PBI63802_pass_5301c73c_1bfdcae4_150.bam	242574213
HG008T-p2.BCM_ONT-std_HG008T-p2_20260313	data_somatic/HG008/Liss_lab/other_passages/BCM_ONT-std_HG008T-p2_20260313/20260202_1137_1C_PBI63802_5301c73c/PBI63802_pass_5301c73c_1bfdcae4_151.bam	239432611
HG008T-p2.BCM_ONT-std_HG008T-p2_20260313	data_somatic/HG008/Liss_lab/other_passages/BCM_ONT-std_HG008T-p2_20260313/20260202_1137_1C_PBI63802_5301c73c/PBI63802_pass_5301c73c_1bfdcae4_152.bam	194327420
HG008T-p2.BCM_ONT-std_HG008T-p2_20260313	data_somatic/HG008/Liss_lab/other_passages/BCM_ONT-std_HG008T-p2_20260313/20260202_1137_1C_PBI63802_5301c73c/PBI63802_pass_5301c73c_1bfdcae4_153.bam	235565411
HG008T-p2.BCM_ONT-std_HG008T-p2_20260313	data_somatic/HG008/Liss_lab/other_passages/BCM_ONT-std_HG008T-p2_20260313/20260202_1137_1C_PBI63802_5301c73c/PBI63802_pass_5301c73c_1bfdcae4_154.bam	237897763
HG008T-p2.BCM_ONT-std_HG008T-p2_20260313	data_somatic/HG008/Liss_lab/other_passages/BCM_ONT-std_HG008T-p2_20260313/20260202_1137_1C_PBI63802_5301c73c/PBI63802_pass_5301c73c_1bfdcae4_155.bam	228572813
HG008T-p2.BCM_ONT-std_HG008T-p2_20260313	data_somatic/HG008/Liss_lab/other_passages/BCM_ONT-std_HG008T-p2_20260313/20260202_1137_1C_PBI63802_5301c73c/PBI63802_pass_5301c73c_1bfdcae4_156.bam	229883124
HG008T-p2.BCM_ONT-std_HG008T-p2_20260313	data_somatic/HG008/Liss_lab/other_passages/BCM_ONT-std_HG008T-p2_20260313/20260202_1137_1C_PBI63802_5301c73c/PBI63802_pass_5301c73c_1bfdcae4_157.bam	220034684
HG008T-p2.BCM_ONT-std_HG008T-p2_20260313	data_somatic/HG008/Liss_lab/other_passages/BCM_ONT-std_HG008T-p2_20260313/20260202_1137_1C_PBI63802_5301c73c/PBI63802_pass_5301c73c_1bfdcae4_158.bam	220935727
HG008T-p2.BCM_ONT-std_HG008T-p2_20260313	data_somatic/HG008/Liss_lab/other_passages/BCM_ONT-std_HG008T-p2_20260313/20260202_1137_1C_PBI63802_5301c73c/PBI63802_pass_5301c73c_1bfdcae4_159.bam	216103651
HG008T-p2.BCM_ONT-std_HG008T-p2_20260313	data_somatic/HG008/Liss_lab/other_passages/BCM_ONT-std_HG008T-p2_20260313/20260202_1137_1C_PBI63802_5301c73c/PBI63802_pass_5301c73c_1bfdcae4_16.bam	718508611
HG008T-p2.BCM_ONT-std_HG008T-p2_20260313	data_somatic/HG008/Liss_lab/other_passages/BCM_ONT-std_HG008T-p2_20260313/20260202_1137_1C_PBI63802_5301c73c/PBI63802_pass_5301c73c_1bfdcae4_160.bam	225331849
HG008T-p2.BCM_ONT-std_HG008T-p2_20260313	data_somatic/HG008/Liss_lab/other_passages/BCM_ONT-std_HG008T-p2_20260313/20260202_1137_1C_PBI63802_5301c73c/PBI63802_pass_5301c73c_1bfdcae4_161.bam	201098267
HG008T-p2.BCM_ONT-std_HG008T-p2_20260313	data_somatic/HG008/Liss_lab/other_passages/BCM_ONT-std_HG008T-p2_20260313/20260202_1137_1C_PBI63802_5301c73c/PBI63802_pass_5301c73c_1bfdcae4_162.bam	226389652
HG008T-p2.BCM_ONT-std_HG008T-p2_20260313	data_somatic/HG008/Liss_lab/other_passages/BCM_ONT-std_HG008T-p2_20260313/20260202_1137_1C_PBI63802_5301c73c/PBI63802_pass_5301c73c_1bfdcae4_163.bam	226977629
HG008T-p2.BCM_ONT-std_HG008T-p2_20260313	data_somatic/HG008/Liss_lab/other_passages/BCM_ONT-std_HG008T-p2_20260313/20260202_1137_1C_PBI63802_5301c73c/PBI63802_pass_5301c73c_1bfdcae4_164.bam	218025850
HG008T-p2.BCM_ONT-std_HG008T-p2_20260313	data_somatic/HG008/Liss_lab/other_passages/BCM_ONT-std_HG008T-p2_20260313/20260202_1137_1C_PBI63802_5301c73c/PBI63802_pass_5301c73c_1bfdcae4_165.bam	229285540
HG008T-p2.BCM_ONT-std_HG008T-p2_20260313	data_somatic/HG008/Liss_lab/other_passages/BCM_ONT-std_HG008T-p2_20260313/20260202_1137_1C_PBI63802_5301c73c/PBI63802_pass_5301c73c_1bfdcae4_166.bam	226864514
HG008T-p2.BCM_ONT-std_HG008T-p2_20260313	data_somatic/HG008/Liss_lab/other_passages/BCM_ONT-std_HG008T-p2_20260313/20260202_1137_1C_PBI63802_5301c73c/PBI63802_pass_5301c73c_1bfdcae4_167.bam	220885227
HG008T-p2.BCM_ONT-std_HG008T-p2_20260313	data_somatic/HG008/Liss_lab/other_passages/BCM_ONT-std_HG008T-p2_20260313/20260202_1137_1C_PBI63802_5301c73c/PBI63802_pass_5301c73c_1bfdcae4_168.bam	227484152
HG008T-p2.BCM_ONT-std_HG008T-p2_20260313	data_somatic/HG008/Liss_lab/other_passages/BCM_ONT-std_HG008T-p2_20260313/20260202_1137_1C_PBI63802_5301c73c/PBI63802_pass_5301c73c_1bfdcae4_169.bam	222891742
HG008T-p2.BCM_ONT-std_HG008T-p2_20260313	data_somatic/HG008/Liss_lab/other_passages/BCM_ONT-std_HG008T-p2_20260313/20260202_1137_1C_PBI63802_5301c73c/PBI63802_pass_5301c73c_1bfdcae4_17.bam	709692825
HG008T-p2.BCM_ONT-std_HG008T-p2_20260313	data_somatic/HG008/Liss_lab/other_passages/BCM_ONT-std_HG008T-p2_20260313/20260202_1137_1C_PBI63802_5301c73c/PBI63802_pass_5301c73c_1bfdcae4_170.bam	218404988
HG008T-p2.BCM_ONT-std_HG008T-p2_20260313	data_somatic/HG008/Liss_lab/other_passages/BCM_ONT-std_HG008T-p2_20260313/20260202_1137_1C_PBI63802_5301c73c/PBI63802_pass_5301c73c_1bfdcae4_171.bam	199602865
HG008T-p2.BCM_ONT-std_HG008T-p2_20260313	data_somatic/HG008/Liss_lab/other_passages/BCM_ONT-std_HG008T-p2_20260313/20260202_1137_1C_PBI63802_5301c73c/PBI63802_pass_5301c73c_1bfdcae4_172.bam	217229935
HG008T-p2.BCM_ONT-std_HG008T-p2_20260313	data_somatic/HG008/Liss_lab/other_passages/BCM_ONT-std_HG008T-p2_20260313/20260202_1137_1C_PBI63802_5301c73c/PBI63802_pass_5301c73c_1bfdcae4_173.bam	223443102
HG008T-p2.BCM_ONT-std_HG008T-p2_20260313	data_somatic/HG008/Liss_lab/other_passages/BCM_ONT-std_HG008T-p2_20260313/20260202_1137_1C_PBI63802_5301c73c/PBI63802_pass_5301c73c_1bfdcae4_174.bam	222466746
HG008T-p2.BCM_ONT-std_HG008T-p2_20260313	data_somatic/HG008/Liss_lab/other_passages/BCM_ONT-std_HG008T-p2_20260313/20260202_1137_1C_PBI63802_5301c73c/PBI63802_pass_5301c73c_1bfdcae4_175.bam	222015341
HG008T-p2.BCM_ONT-std_HG008T-p2_20260313	data_somatic/HG008/Liss_lab/other_passages/BCM_ONT-std_HG008T-p2_20260313/20260202_1137_1C_PBI63802_5301c73c/PBI63802_pass_5301c73c_1bfdcae4_176.bam	221934543
HG008T-p2.BCM_ONT-std_HG008T-p2_20260313	data_somatic/HG008/Liss_lab/other_passages/BCM_ONT-std_HG008T-p2_20260313/20260202_1137_1C_PBI63802_5301c73c/PBI63802_pass_5301c73c_1bfdcae4_177.bam	217270253
HG008T-p2.BCM_ONT-std_HG008T-p2_20260313	data_somatic/HG008/Liss_lab/other_passages/BCM_ONT-std_HG008T-p2_20260313/20260202_1137_1C_PBI63802_5301c73c/PBI63802_pass_5301c73c_1bfdcae4_178.bam	223884840
HG008T-p2.BCM_ONT-std_HG008T-p2_20260313	data_somatic/HG008/Liss_lab/other_passages/BCM_ONT-std_HG008T-p2_20260313/20260202_1137_1C_PBI63802_5301c73c/PBI63802_pass_5301c73c_1bfdcae4_179.bam	219114859
HG008T-p2.BCM_ONT-std_HG008T-p2_20260313	data_somatic/HG008/Liss_lab/other_passages/BCM_ONT-std_HG008T-p2_20260313/20260202_1137_1C_PBI63802_5301c73c/PBI63802_pass_5301c73c_1bfdcae4_18.bam	668292450
HG008T-p2.BCM_ONT-std_HG008T-p2_20260313	data_somatic/HG008/Liss_lab/other_passages/BCM_ONT-std_HG008T-p2_20260313/20260202_1137_1C_PBI63802_5301c73c/PBI63802_pass_5301c73c_1bfdcae4_180.bam	183158617
HG008T-p2.BCM_ONT-std_HG008T-p2_20260313	data_somatic/HG008/Liss_lab/other_passages/BCM_ONT-std_HG008T-p2_20260313/20260202_1137_1C_PBI63802_5301c73c/PBI63802_pass_5301c73c_1bfdcae4_181.bam	220728597
HG008T-p2.BCM_ONT-std_HG008T-p2_20260313	data_somatic/HG008/Liss_lab/other_passages/BCM_ONT-std_HG008T-p2_20260313/20260202_1137_1C_PBI63802_5301c73c/PBI63802_pass_5301c73c_1bfdcae4_182.bam	224348410
HG008T-p2.BCM_ONT-std_HG008T-p2_20260313	data_somatic/HG008/Liss_lab/other_passages/BCM_ONT-std_HG008T-p2_20260313/20260202_1137_1C_PBI63802_5301c73c/PBI63802_pass_5301c73c_1bfdcae4_183.bam	220859781
HG008T-p2.BCM_ONT-std_HG008T-p2_20260313	data_somatic/HG008/Liss_lab/other_passages/BCM_ONT-std_HG008T-p2_20260313/20260202_1137_1C_PBI63802_5301c73c/PBI63802_pass_5301c73c_1bfdcae4_184.bam	228118791
HG008T-p2.BCM_ONT-std_HG008T-p2_20260313	data_somatic/HG008/Liss_lab/other_passages/BCM_ONT-std_HG008T-p2_20260313/20260202_1137_1C_PBI63802_5301c73c/PBI63802_pass_5301c73c_1bfdcae4_185.bam	230307931
HG008T-p2.BCM_ONT-std_HG008T-p2_20260313	data_somatic/HG008/Liss_lab/other_passages/BCM_ONT-std_HG008T-p2_20260313/20260202_1137_1C_PBI63802_5301c73c/PBI63802_pass_5301c73c_1bfdcae4_186.bam	218359791
HG008T-p2.BCM_ONT-std_HG008T-p2_20260313	data_somatic/HG008/Liss_lab/other_passages/BCM_ONT-std_HG008T-p2_20260313/20260202_1137_1C_PBI63802_5301c73c/PBI63802_pass_5301c73c_1bfdcae4_187.bam	219353571
HG008T-p2.BCM_ONT-std_HG008T-p2_20260313	data_somatic/HG008/Liss_lab/other_passages/BCM_ONT-std_HG008T-p2_20260313/20260202_1137_1C_PBI63802_5301c73c/PBI63802_pass_5301c73c_1bfdcae4_188.bam	222213539
HG008T-p2.BCM_ONT-std_HG008T-p2_20260313	data_somatic/HG008/Liss_lab/other_passages/BCM_ONT-std_HG008T-p2_20260313/20260202_1137_1C_PBI63802_5301c73c/PBI63802_pass_5301c73c_1bfdcae4_189.bam	217408210
HG008T-p2.BCM_ONT-std_HG008T-p2_20260313	data_somatic/HG008/Liss_lab/other_passages/BCM_ONT-std_HG008T-p2_20260313/20260202_1137_1C_PBI63802_5301c73c/PBI63802_pass_5301c73c_1bfdcae4_19.bam	452155638
HG008T-p2.BCM_ONT-std_HG008T-p2_20260313	data_somatic/HG008/Liss_lab/other_passages/BCM_ONT-std_HG008T-p2_20260313/20260202_1137_1C_PBI63802_5301c73c/PBI63802_pass_5301c73c_1bfdcae4_190.bam	190749408
HG008T-p2.BCM_ONT-std_HG008T-p2_20260313	data_somatic/HG008/Liss_lab/other_passages/BCM_ONT-std_HG008T-p2_20260313/20260202_1137_1C_PBI63802_5301c73c/PBI63802_pass_5301c73c_1bfdcae4_191.bam	217339687
HG008T-p2.BCM_ONT-std_HG008T-p2_20260313	data_somatic/HG008/Liss_lab/other_passages/BCM_ONT-std_HG008T-p2_20260313/20260202_1137_1C_PBI63802_5301c73c/PBI63802_pass_5301c73c_1bfdcae4_192.bam	217874970
HG008T-p2.BCM_ONT-std_HG008T-p2_20260313	data_somatic/HG008/Liss_lab/other_passages/BCM_ONT-std_HG008T-p2_20260313/20260202_1137_1C_PBI63802_5301c73c/PBI63802_pass_5301c73c_1bfdcae4_193.bam	219735577
HG008T-p2.BCM_ONT-std_HG008T-p2_20260313	data_somatic/HG008/Liss_lab/other_passages/BCM_ONT-std_HG008T-p2_20260313/20260202_1137_1C_PBI63802_5301c73c/PBI63802_pass_5301c73c_1bfdcae4_194.bam	218083663
HG008T-p2.BCM_ONT-std_HG008T-p2_20260313	data_somatic/HG008/Liss_lab/other_passages/BCM_ONT-std_HG008T-p2_20260313/20260202_1137_1C_PBI63802_5301c73c/PBI63802_pass_5301c73c_1bfdcae4_195.bam	215093260
HG008T-p2.BCM_ONT-std_HG008T-p2_20260313	data_somatic/HG008/Liss_lab/other_passages/BCM_ONT-std_HG008T-p2_20260313/20260202_1137_1C_PBI63802_5301c73c/PBI63802_pass_5301c73c_1bfdcae4_196.bam	215306342
HG008T-p2.BCM_ONT-std_HG008T-p2_20260313	data_somatic/HG008/Liss_lab/other_passages/BCM_ONT-std_HG008T-p2_20260313/20260202_1137_1C_PBI63802_5301c73c/PBI63802_pass_5301c73c_1bfdcae4_197.bam	221158226
HG008T-p2.BCM_ONT-std_HG008T-p2_20260313	data_somatic/HG008/Liss_lab/other_passages/BCM_ONT-std_HG008T-p2_20260313/20260202_1137_1C_PBI63802_5301c73c/PBI63802_pass_5301c73c_1bfdcae4_198.bam	216587023
HG008T-p2.BCM_ONT-std_HG008T-p2_20260313	data_somatic/HG008/Liss_lab/other_passages/BCM_ONT-std_HG008T-p2_20260313/20260202_1137_1C_PBI63802_5301c73c/PBI63802_pass_5301c73c_1bfdcae4_199.bam	180000407
HG008T-p2.BCM_ONT-std_HG008T-p2_20260313	data_somatic/HG008/Liss_lab/other_passages/BCM_ONT-std_HG008T-p2_20260313/20260202_1137_1C_PBI63802_5301c73c/PBI63802_pass_5301c73c_1bfdcae4_2.bam	717888168
HG008T-p2.BCM_ONT-std_HG008T-p2_20260313	data_somatic/HG008/Liss_lab/other_passages/BCM_ONT-std_HG008T-p2_20260313/20260202_1137_1C_PBI63802_5301c73c/PBI63802_pass_5301c73c_1bfdcae4_20.bam	710594789
HG008T-p2.BCM_ONT-std_HG008T-p2_20260313	data_somatic/HG008/Liss_lab/other_passages/BCM_ONT-std_HG008T-p2_20260313/20260202_1137_1C_PBI63802_5301c73c/PBI63802_pass_5301c73c_1bfdcae4_200.bam	219137828
HG008T-p2.BCM_ONT-std_HG008T-p2_20260313	data_somatic/HG008/Liss_lab/other_passages/BCM_ONT-std_HG008T-p2_20260313/20260202_1137_1C_PBI63802_5301c73c/PBI63802_pass_5301c73c_1bfdcae4_201.bam	221813155
HG008T-p2.BCM_ONT-std_HG008T-p2_20260313	data_somatic/HG008/Liss_lab/other_passages/BCM_ONT-std_HG008T-p2_20260313/20260202_1137_1C_PBI63802_5301c73c/PBI63802_pass_5301c73c_1bfdcae4_202.bam	218202098
HG008T-p2.BCM_ONT-std_HG008T-p2_20260313	data_somatic/HG008/Liss_lab/other_passages/BCM_ONT-std_HG008T-p2_20260313/20260202_1137_1C_PBI63802_5301c73c/PBI63802_pass_5301c73c_1bfdcae4_203.bam	228031614
HG008T-p2.BCM_ONT-std_HG008T-p2_20260313	data_somatic/HG008/Liss_lab/other_passages/BCM_ONT-std_HG008T-p2_20260313/20260202_1137_1C_PBI63802_5301c73c/PBI63802_pass_5301c73c_1bfdcae4_204.bam	215432390
HG008T-p2.BCM_ONT-std_HG008T-p2_20260313	data_somatic/HG008/Liss_lab/other_passages/BCM_ONT-std_HG008T-p2_20260313/20260202_1137_1C_PBI63802_5301c73c/PBI63802_pass_5301c73c_1bfdcae4_205.bam	206813197
HG008T-p2.BCM_ONT-std_HG008T-p2_20260313	data_somatic/HG008/Liss_lab/other_passages/BCM_ONT-std_HG008T-p2_20260313/20260202_1137_1C_PBI63802_5301c73c/PBI63802_pass_5301c73c_1bfdcae4_206.bam	220987041
HG008T-p2.BCM_ONT-std_HG008T-p2_20260313	data_somatic/HG008/Liss_lab/other_passages/BCM_ONT-std_HG008T-p2_20260313/20260202_1137_1C_PBI63802_5301c73c/PBI63802_pass_5301c73c_1bfdcae4_207.bam	218255412
HG008T-p2.BCM_ONT-std_HG008T-p2_20260313	data_somatic/HG008/Liss_lab/other_passages/BCM_ONT-std_HG008T-p2_20260313/20260202_1137_1C_PBI63802_5301c73c/PBI63802_pass_5301c73c_1bfdcae4_208.bam	217987198
HG008T-p2.BCM_ONT-std_HG008T-p2_20260313	data_somatic/HG008/Liss_lab/other_passages/BCM_ONT-std_HG008T-p2_20260313/20260202_1137_1C_PBI63802_5301c73c/PBI63802_pass_5301c73c_1bfdcae4_209.bam	189448711
HG008T-p2.BCM_ONT-std_HG008T-p2_20260313	data_somatic/HG008/Liss_lab/other_passages/BCM_ONT-std_HG008T-p2_20260313/20260202_1137_1C_PBI63802_5301c73c/PBI63802_pass_5301c73c_1bfdcae4_21.bam	701128199
HG008T-p2.BCM_ONT-std_HG008T-p2_20260313	data_somatic/HG008/Liss_lab/other_passages/BCM_ONT-std_HG008T-p2_20260313/20260202_1137_1C_PBI63802_5301c73c/PBI63802_pass_5301c73c_1bfdcae4_210.bam	214631463
HG008T-p2.BCM_ONT-std_HG008T-p2_20260313	data_somatic/HG008/Liss_lab/other_passages/BCM_ONT-std_HG008T-p2_20260313/20260202_1137_1C_PBI63802_5301c73c/PBI63802_pass_5301c73c_1bfdcae4_211.bam	224860254
HG008T-p2.BCM_ONT-std_HG008T-p2_20260313	data_somatic/HG008/Liss_lab/other_passages/BCM_ONT-std_HG008T-p2_20260313/20260202_1137_1C_PBI63802_5301c73c/PBI63802_pass_5301c73c_1bfdcae4_212.bam	220040750
HG008T-p2.BCM_ONT-std_HG008T-p2_20260313	data_somatic/HG008/Liss_lab/other_passages/BCM_ONT-std_HG008T-p2_20260313/20260202_1137_1C_PBI63802_5301c73c/PBI63802_pass_5301c73c_1bfdcae4_213.bam	224462405
HG008T-p2.BCM_ONT-std_HG008T-p2_20260313	data_somatic/HG008/Liss_lab/other_passages/BCM_ONT-std_HG008T-p2_20260313/20260202_1137_1C_PBI63802_5301c73c/PBI63802_pass_5301c73c_1bfdcae4_214.bam	229715364
HG008T-p2.BCM_ONT-std_HG008T-p2_20260313	data_somatic/HG008/Liss_lab/other_passages/BCM_ONT-std_HG008T-p2_20260313/20260202_1137_1C_PBI63802_5301c73c/PBI63802_pass_5301c73c_1bfdcae4_215.bam	231362341
HG008T-p2.BCM_ONT-std_HG008T-p2_20260313	data_somatic/HG008/Liss_lab/other_passages/BCM_ONT-std_HG008T-p2_20260313/20260202_1137_1C_PBI63802_5301c73c/PBI63802_pass_5301c73c_1bfdcae4_216.bam	232639857
HG008T-p2.BCM_ONT-std_HG008T-p2_20260313	data_somatic/HG008/Liss_lab/other_passages/BCM_ONT-std_HG008T-p2_20260313/20260202_1137_1C_PBI63802_5301c73c/PBI63802_pass_5301c73c_1bfdcae4_217.bam	228338638
HG008T-p2.BCM_ONT-std_HG008T-p2_20260313	data_somatic/HG008/Liss_lab/other_passages/BCM_ONT-std_HG008T-p2_20260313/20260202_1137_1C_PBI63802_5301c73c/PBI63802_pass_5301c73c_1bfdcae4_218.bam	207604834
HG008T-p2.BCM_ONT-std_HG008T-p2_20260313	data_somatic/HG008/Liss_lab/other_passages/BCM_ONT-std_HG008T-p2_20260313/20260202_1137_1C_PBI63802_5301c73c/PBI63802_pass_5301c73c_1bfdcae4_219.bam	231148355
HG008T-p2.BCM_ONT-std_HG008T-p2_20260313	data_somatic/HG008/Liss_lab/other_passages/BCM_ONT-std_HG008T-p2_20260313/20260202_1137_1C_PBI63802_5301c73c/PBI63802_pass_5301c73c_1bfdcae4_22.bam	707577846
HG008T-p2.BCM_ONT-std_HG008T-p2_20260313	data_somatic/HG008/Liss_lab/other_passages/BCM_ONT-std_HG008T-p2_20260313/20260202_1137_1C_PBI63802_5301c73c/PBI63802_pass_5301c73c_1bfdcae4_220.bam	228276383
HG008T-p2.BCM_ONT-std_HG008T-p2_20260313	data_somatic/HG008/Liss_lab/other_passages/BCM_ONT-std_HG008T-p2_20260313/20260202_1137_1C_PBI63802_5301c73c/PBI63802_pass_5301c73c_1bfdcae4_221.bam	214651330
HG008T-p2.BCM_ONT-std_HG008T-p2_20260313	data_somatic/HG008/Liss_lab/other_passages/BCM_ONT-std_HG008T-p2_20260313/20260202_1137_1C_PBI63802_5301c73c/PBI63802_pass_5301c73c_1bfdcae4_222.bam	232078916
HG008T-p2.BCM_ONT-std_HG008T-p2_20260313	data_somatic/HG008/Liss_lab/other_passages/BCM_ONT-std_HG008T-p2_20260313/20260202_1137_1C_PBI63802_5301c73c/PBI63802_pass_5301c73c_1bfdcae4_223.bam	223186160
HG008T-p2.BCM_ONT-std_HG008T-p2_20260313	data_somatic/HG008/Liss_lab/other_passages/BCM_ONT-std_HG008T-p2_20260313/20260202_1137_1C_PBI63802_5301c73c/PBI63802_pass_5301c73c_1bfdcae4_224.bam	227700627
HG008T-p2.BCM_ONT-std_HG008T-p2_20260313	data_somatic/HG008/Liss_lab/other_passages/BCM_ONT-std_HG008T-p2_20260313/20260202_1137_1C_PBI63802_5301c73c/PBI63802_pass_5301c73c_1bfdcae4_225.bam	215417213
HG008T-p2.BCM_ONT-std_HG008T-p2_20260313	data_somatic/HG008/Liss_lab/other_passages/BCM_ONT-std_HG008T-p2_20260313/20260202_1137_1C_PBI63802_5301c73c/PBI63802_pass_5301c73c_1bfdcae4_226.bam	232975972
HG008T-p2.BCM_ONT-std_HG008T-p2_20260313	data_somatic/HG008/Liss_lab/other_passages/BCM_ONT-std_HG008T-p2_20260313/20260202_1137_1C_PBI63802_5301c73c/PBI63802_pass_5301c73c_1bfdcae4_227.bam	228180780
HG008T-p2.BCM_ONT-std_HG008T-p2_20260313	data_somatic/HG008/Liss_lab/other_passages/BCM_ONT-std_HG008T-p2_20260313/20260202_1137_1C_PBI63802_5301c73c/PBI63802_pass_5301c73c_1bfdcae4_228.bam	213524782
HG008T-p2.BCM_ONT-std_HG008T-p2_20260313	data_somatic/HG008/Liss_lab/other_passages/BCM_ONT-std_HG008T-p2_20260313/20260202_1137_1C_PBI63802_5301c73c/PBI63802_pass_5301c73c_1bfdcae4_229.bam	231461945
HG008T-p2.BCM_ONT-std_HG008T-p2_20260313	data_somatic/HG008/Liss_lab/other_passages/BCM_ONT-std_HG008T-p2_20260313/20260202_1137_1C_PBI63802_5301c73c/PBI63802_pass_5301c73c_1bfdcae4_23.bam	704303660
HG008T-p2.BCM_ONT-std_HG008T-p2_20260313	data_somatic/HG008/Liss_lab/other_passages/BCM_ONT-std_HG008T-p2_20260313/20260202_1137_1C_PBI63802_5301c73c/PBI63802_pass_5301c73c_1bfdcae4_230.bam	231862726
HG008T-p2.BCM_ONT-std_HG008T-p2_20260313	data_somatic/HG008/Liss_lab/other_passages/BCM_ONT-std_HG008T-p2_20260313/20260202_1137_1C_PBI63802_5301c73c/PBI63802_pass_5301c73c_1bfdcae4_231.bam	228750410
HG008T-p2.BCM_ONT-std_HG008T-p2_20260313	data_somatic/HG008/Liss_lab/other_passages/BCM_ONT-std_HG008T-p2_20260313/20260202_1137_1C_PBI63802_5301c73c/PBI63802_pass_5301c73c_1bfdcae4_232.bam	221244193
HG008T-p2.BCM_ONT-std_HG008T-p2_20260313	data_somatic/HG008/Liss_lab/other_passages/BCM_ONT-std_HG008T-p2_20260313/20260202_1137_1C_PBI63802_5301c73c/PBI63802_pass_5301c73c_1bfdcae4_233.bam	237718792
HG008T-p2.BCM_ONT-std_HG008T-p2_20260313	data_somatic/HG008/Liss_lab/other_passages/BCM_ONT-std_HG008T-p2_20260313/20260202_1137_1C_PBI63802_5301c73c/PBI63802_pass_5301c73c_1bfdcae4_234.bam	233152522
HG008T-p2.BCM_ONT-std_HG008T-p2_20260313	data_somatic/HG008/Liss_lab/other_passages/BCM_ONT-std_HG008T-p2_20260313/20260202_1137_1C_PBI63802_5301c73c/PBI63802_pass_5301c73c_1bfdcae4_235.bam	235432065
HG008T-p2.BCM_ONT-std_HG008T-p2_20260313	data_somatic/HG008/Liss_lab/other_passages/BCM_ONT-std_HG008T-p2_20260313/20260202_1137_1C_PBI63802_5301c73c/PBI63802_pass_5301c73c_1bfdcae4_236.bam	235465542
HG008T-p2.BCM_ONT-std_HG008T-p2_20260313	data_somatic/HG008/Liss_lab/other_passages/BCM_ONT-std_HG008T-p2_20260313/20260202_1137_1C_PBI63802_5301c73c/PBI63802_pass_5301c73c_1bfdcae4_237.bam	208503988
HG008T-p2.BCM_ONT-std_HG008T-p2_20260313	data_somatic/HG008/Liss_lab/other_passages/BCM_ONT-std_HG008T-p2_20260313/20260202_1137_1C_PBI63802_5301c73c/PBI63802_pass_5301c73c_1bfdcae4_238.bam	235738744
HG008T-p2.BCM_ONT-std_HG008T-p2_20260313	data_somatic/HG008/Liss_lab/other_passages/BCM_ONT-std_HG008T-p2_20260313/20260202_1137_1C_PBI63802_5301c73c/PBI63802_pass_5301c73c_1bfdcae4_239.bam	223792164
HG008T-p2.BCM_ONT-std_HG008T-p2_20260313	data_somatic/HG008/Liss_lab/other_passages/BCM_ONT-std_HG008T-p2_20260313/20260202_1137_1C_PBI63802_5301c73c/PBI63802_pass_5301c73c_1bfdcae4_24.bam	699837900
HG008T-p2.BCM_ONT-std_HG008T-p2_20260313	data_somatic/HG008/Liss_lab/other_passages/BCM_ONT-std_HG008T-p2_20260313/20260202_1137_1C_PBI63802_5301c73c/PBI63802_pass_5301c73c_1bfdcae4_240.bam	235707539
HG008T-p2.BCM_ONT-std_HG008T-p2_20260313	data_somatic/HG008/Liss_lab/other_passages/BCM_ONT-std_HG008T-p2_20260313/20260202_1137_1C_PBI63802_5301c73c/PBI63802_pass_5301c73c_1bfdcae4_241.bam	231129214
HG008T-p2.BCM_ONT-std_HG008T-p2_20260313	data_somatic/HG008/Liss_lab/other_passages/BCM_ONT-std_HG008T-p2_20260313/20260202_1137_1C_PBI63802_5301c73c/PBI63802_pass_5301c73c_1bfdcae4_242.bam	231563555
HG008T-p2.BCM_ONT-std_HG008T-p2_20260313	data_somatic/HG008/Liss_lab/other_passages/BCM_ONT-std_HG008T-p2_20260313/20260202_1137_1C_PBI63802_5301c73c/PBI63802_pass_5301c73c_1bfdcae4_243.bam	237604370
HG008T-p2.BCM_ONT-std_HG008T-p2_20260313	data_somatic/HG008/Liss_lab/other_passages/BCM_ONT-std_HG008T-p2_20260313/20260202_1137_1C_PBI63802_5301c73c/PBI63802_pass_5301c73c_1bfdcae4_244.bam	229199873
HG008T-p2.BCM_ONT-std_HG008T-p2_20260313	data_somatic/HG008/Liss_lab/other_passages/BCM_ONT-std_HG008T-p2_20260313/20260202_1137_1C_PBI63802_5301c73c/PBI63802_pass_5301c73c_1bfdcae4_245.bam	224647405
HG008T-p2.BCM_ONT-std_HG008T-p2_20260313	data_somatic/HG008/Liss_lab/other_passages/BCM_ONT-std_HG008T-p2_20260313/20260202_1137_1C_PBI63802_5301c73c/PBI63802_pass_5301c73c_1bfdcae4_246.bam	229071513
HG008T-p2.BCM_ONT-std_HG008T-p2_20260313	data_somatic/HG008/Liss_lab/other_passages/BCM_ONT-std_HG008T-p2_20260313/20260202_1137_1C_PBI63802_5301c73c/PBI63802_pass_5301c73c_1bfdcae4_247.bam	202322284
HG008T-p2.BCM_ONT-std_HG008T-p2_20260313	data_somatic/HG008/Liss_lab/other_passages/BCM_ONT-std_HG008T-p2_20260313/20260202_1137_1C_PBI63802_5301c73c/PBI63802_pass_5301c73c_1bfdcae4_248.bam	224702399
HG008T-p2.BCM_ONT-std_HG008T-p2_20260313	data_somatic/HG008/Liss_lab/other_passages/BCM_ONT-std_HG008T-p2_20260313/20260202_1137_1C_PBI63802_5301c73c/PBI63802_pass_5301c73c_1bfdcae4_249.bam	230852835
HG008T-p2.BCM_ONT-std_HG008T-p2_20260313	data_somatic/HG008/Liss_lab/other_passages/BCM_ONT-std_HG008T-p2_20260313/20260202_1137_1C_PBI63802_5301c73c/PBI63802_pass_5301c73c_1bfdcae4_25.bam	690994306
HG008T-p2.BCM_ONT-std_HG008T-p2_20260313	data_somatic/HG008/Liss_lab/other_passages/BCM_ONT-std_HG008T-p2_20260313/20260202_1137_1C_PBI63802_5301c73c/PBI63802_pass_5301c73c_1bfdcae4_250.bam	232785914
HG008T-p2.BCM_ONT-std_HG008T-p2_20260313	data_somatic/HG008/Liss_lab/other_passages/BCM_ONT-std_HG008T-p2_20260313/20260202_1137_1C_PBI63802_5301c73c/PBI63802_pass_5301c73c_1bfdcae4_251.bam	236269961
HG008T-p2.BCM_ONT-std_HG008T-p2_20260313	data_somatic/HG008/Liss_lab/other_passages/BCM_ONT-std_HG008T-p2_20260313/20260202_1137_1C_PBI63802_5301c73c/PBI63802_pass_5301c73c_1bfdcae4_252.bam	232301088
HG008T-p2.BCM_ONT-std_HG008T-p2_20260313	data_somatic/HG008/Liss_lab/other_passages/BCM_ONT-std_HG008T-p2_20260313/20260202_1137_1C_PBI63802_5301c73c/PBI63802_pass_5301c73c_1bfdcae4_253.bam	224881125
HG008T-p2.BCM_ONT-std_HG008T-p2_20260313	data_somatic/HG008/Liss_lab/other_passages/BCM_ONT-std_HG008T-p2_20260313/20260202_1137_1C_PBI63802_5301c73c/PBI63802_pass_5301c73c_1bfdcae4_254.bam	227786301
HG008T-p2.BCM_ONT-std_HG008T-p2_20260313	data_somatic/HG008/Liss_lab/other_passages/BCM_ONT-std_HG008T-p2_20260313/20260202_1137_1C_PBI63802_5301c73c/PBI63802_pass_5301c73c_1bfdcae4_255.bam	219097185
HG008T-p2.BCM_ONT-std_HG008T-p2_20260313	data_somatic/HG008/Liss_lab/other_passages/BCM_ONT-std_HG008T-p2_20260313/20260202_1137_1C_PBI63802_5301c73c/PBI63802_pass_5301c73c_1bfdcae4_256.bam	204734489
HG008T-p2.BCM_ONT-std_HG008T-p2_20260313	data_somatic/HG008/Liss_lab/other_passages/BCM_ONT-std_HG008T-p2_20260313/20260202_1137_1C_PBI63802_5301c73c/PBI63802_pass_5301c73c_1bfdcae4_257.bam	234119621
HG008T-p2.BCM_ONT-std_HG008T-p2_20260313	data_somatic/HG008/Liss_lab/other_passages/BCM_ONT-std_HG008T-p2_20260313/20260202_1137_1C_PBI63802_5301c73c/PBI63802_pass_5301c73c_1bfdcae4_258.bam	226277906
HG008T-p2.BCM_ONT-std_HG008T-p2_20260313	data_somatic/HG008/Liss_lab/other_passages/BCM_ONT-std_HG008T-p2_20260313/20260202_1137_1C_PBI63802_5301c73c/PBI63802_pass_5301c73c_1bfdcae4_259.bam	231467153
HG008T-p2.BCM_ONT-std_HG008T-p2_20260313	data_somatic/HG008/Liss_lab/other_passages/BCM_ONT-std_HG008T-p2_20260313/20260202_1137_1C_PBI63802_5301c73c/PBI63802_pass_5301c73c_1bfdcae4_26.bam	705121806
HG008T-p2.BCM_ONT-std_HG008T-p2_20260313	data_somatic/HG008/Liss_lab/other_passages/BCM_ONT-std_HG008T-p2_20260313/20260202_1137_1C_PBI63802_5301c73c/PBI63802_pass_5301c73c_1bfdcae4_260.bam	218572646
HG008T-p2.BCM_ONT-std_HG008T-p2_20260313	data_somatic/HG008/Liss_lab/other_passages/BCM_ONT-std_HG008T-p2_20260313/20260202_1137_1C_PBI63802_5301c73c/PBI63802_pass_5301c73c_1bfdcae4_261.bam	224547258
HG008T-p2.BCM_ONT-std_HG008T-p2_20260313	data_somatic/HG008/Liss_lab/other_passages/BCM_ONT-std_HG008T-p2_20260313/20260202_1137_1C_PBI63802_5301c73c/PBI63802_pass_5301c73c_1bfdcae4_262.bam	218050542
HG008T-p2.BCM_ONT-std_HG008T-p2_20260313	data_somatic/HG008/Liss_lab/other_passages/BCM_ONT-std_HG008T-p2_20260313/20260202_1137_1C_PBI63802_5301c73c/PBI63802_pass_5301c73c_1bfdcae4_263.bam	223582102
HG008T-p2.BCM_ONT-std_HG008T-p2_20260313	data_somatic/HG008/Liss_lab/other_passages/BCM_ONT-std_HG008T-p2_20260313/20260202_1137_1C_PBI63802_5301c73c/PBI63802_pass_5301c73c_1bfdcae4_264.bam	223377571
HG008T-p2.BCM_ONT-std_HG008T-p2_20260313	data_somatic/HG008/Liss_lab/other_passages/BCM_ONT-std_HG008T-p2_20260313/20260202_1137_1C_PBI63802_5301c73c/PBI63802_pass_5301c73c_1bfdcae4_265.bam	214920253
HG008T-p2.BCM_ONT-std_HG008T-p2_20260313	data_somatic/HG008/Liss_lab/other_passages/BCM_ONT-std_HG008T-p2_20260313/20260202_1137_1C_PBI63802_5301c73c/PBI63802_pass_5301c73c_1bfdcae4_266.bam	228759115
HG008T-p2.BCM_ONT-std_HG008T-p2_20260313	data_somatic/HG008/Liss_lab/other_passages/BCM_ONT-std_HG008T-p2_20260313/20260202_1137_1C_PBI63802_5301c73c/PBI63802_pass_5301c73c_1bfdcae4_267.bam	232747877
HG008T-p2.BCM_ONT-std_HG008T-p2_20260313	data_somatic/HG008/Liss_lab/other_passages/BCM_ONT-std_HG008T-p2_20260313/20260202_1137_1C_PBI63802_5301c73c/PBI63802_pass_5301c73c_1bfdcae4_268.bam	221209604
HG008T-p2.BCM_ONT-std_HG008T-p2_20260313	data_somatic/HG008/Liss_lab/other_passages/BCM_ONT-std_HG008T-p2_20260313/20260202_1137_1C_PBI63802_5301c73c/PBI63802_pass_5301c73c_1bfdcae4_269.bam	226955748
HG008T-p2.BCM_ONT-std_HG008T-p2_20260313	data_somatic/HG008/Liss_lab/other_passages/BCM_ONT-std_HG008T-p2_20260313/20260202_1137_1C_PBI63802_5301c73c/PBI63802_pass_5301c73c_1bfdcae4_27.bam	677159371
HG008T-p2.BCM_ONT-std_HG008T-p2_20260313	data_somatic/HG008/Liss_lab/other_passages/BCM_ONT-std_HG008T-p2_20260313/20260202_1137_1C_PBI63802_5301c73c/PBI63802_pass_5301c73c_1bfdcae4_270.bam	218597524
HG008T-p2.BCM_ONT-std_HG008T-p2_20260313	data_somatic/HG008/Liss_lab/other_passages/BCM_ONT-std_HG008T-p2_20260313/20260202_1137_1C_PBI63802_5301c73c/PBI63802_pass_5301c73c_1bfdcae4_271.bam	226922002
HG008T-p2.BCM_ONT-std_HG008T-p2_20260313	data_somatic/HG008/Liss_lab/other_passages/BCM_ONT-std_HG008T-p2_20260313/20260202_1137_1C_PBI63802_5301c73c/PBI63802_pass_5301c73c_1bfdcae4_272.bam	224668667
HG008T-p2.BCM_ONT-std_HG008T-p2_20260313	data_somatic/HG008/Liss_lab/other_passages/BCM_ONT-std_HG008T-p2_20260313/20260202_1137_1C_PBI63802_5301c73c/PBI63802_pass_5301c73c_1bfdcae4_273.bam	210985377
HG008T-p2.BCM_ONT-std_HG008T-p2_20260313	data_somatic/HG008/Liss_lab/other_passages/BCM_ONT-std_HG008T-p2_20260313/20260202_1137_1C_PBI63802_5301c73c/PBI63802_pass_5301c73c_1bfdcae4_274.bam	222333257
HG008T-p2.BCM_ONT-std_HG008T-p2_20260313	data_somatic/HG008/Liss_lab/other_passages/BCM_ONT-std_HG008T-p2_20260313/20260202_1137_1C_PBI63802_5301c73c/PBI63802_pass_5301c73c_1bfdcae4_275.bam	227186323
HG008T-p2.BCM_ONT-std_HG008T-p2_20260313	data_somatic/HG008/Liss_lab/other_passages/BCM_ONT-std_HG008T-p2_20260313/20260202_1137_1C_PBI63802_5301c73c/PBI63802_pass_5301c73c_1bfdcae4_276.bam	226639446
HG008T-p2.BCM_ONT-std_HG008T-p2_20260313	data_somatic/HG008/Liss_lab/other_passages/BCM_ONT-std_HG008T-p2_20260313/20260202_1137_1C_PBI63802_5301c73c/PBI63802_pass_5301c73c_1bfdcae4_277.bam	223563537
HG008T-p2.BCM_ONT-std_HG008T-p2_20260313	data_somatic/HG008/Liss_lab/other_passages/BCM_ONT-std_HG008T-p2_20260313/20260202_1137_1C_PBI63802_5301c73c/PBI63802_pass_5301c73c_1bfdcae4_278.bam	223947106
HG008T-p2.BCM_ONT-std_HG008T-p2_20260313	data_somatic/HG008/Liss_lab/other_passages/BCM_ONT-std_HG008T-p2_20260313/20260202_1137_1C_PBI63802_5301c73c/PBI63802_pass_5301c73c_1bfdcae4_279.bam	211388109
HG008T-p2.BCM_ONT-std_HG008T-p2_20260313	data_somatic/HG008/Liss_lab/other_passages/BCM_ONT-std_HG008T-p2_20260313/20260202_1137_1C_PBI63802_5301c73c/PBI63802_pass_5301c73c_1bfdcae4_28.bam	398837979
HG008T-p2.BCM_ONT-std_HG008T-p2_20260313	data_somatic/HG008/Liss_lab/other_passages/BCM_ONT-std_HG008T-p2_20260313/20260202_1137_1C_PBI63802_5301c73c/PBI63802_pass_5301c73c_1bfdcae4_280.bam	223932549
HG008T-p2.BCM_ONT-std_HG008T-p2_20260313	data_somatic/HG008/Liss_lab/other_passages/BCM_ONT-std_HG008T-p2_20260313/20260202_1137_1C_PBI63802_5301c73c/PBI63802_pass_5301c73c_1bfdcae4_281.bam	224617579
HG008T-p2.BCM_ONT-std_HG008T-p2_20260313	data_somatic/HG008/Liss_lab/other_passages/BCM_ONT-std_HG008T-p2_20260313/20260202_1137_1C_PBI63802_5301c73c/PBI63802_pass_5301c73c_1bfdcae4_282.bam	220948907
HG008T-p2.BCM_ONT-std_HG008T-p2_20260313	data_somatic/HG008/Liss_lab/other_passages/BCM_ONT-std_HG008T-p2_20260313/20260202_1137_1C_PBI63802_5301c73c/PBI63802_pass_5301c73c_1bfdcae4_283.bam	223076753
HG008T-p2.BCM_ONT-std_HG008T-p2_20260313	data_somatic/HG008/Liss_lab/other_passages/BCM_ONT-std_HG008T-p2_20260313/20260202_1137_1C_PBI63802_5301c73c/PBI63802_pass_5301c73c_1bfdcae4_284.bam	216000334
HG008T-p2.BCM_ONT-std_HG008T-p2_20260313	data_somatic/HG008/Liss_lab/other_passages/BCM_ONT-std_HG008T-p2_20260313/20260202_1137_1C_PBI63802_5301c73c/PBI63802_pass_5301c73c_1bfdcae4_285.bam	229248047
HG008T-p2.BCM_ONT-std_HG008T-p2_20260313	data_somatic/HG008/Liss_lab/other_passages/BCM_ONT-std_HG008T-p2_20260313/20260202_1137_1C_PBI63802_5301c73c/PBI63802_pass_5301c73c_1bfdcae4_286.bam	203745009
HG008T-p2.BCM_ONT-std_HG008T-p2_20260313	data_somatic/HG008/Liss_lab/other_passages/BCM_ONT-std_HG008T-p2_20260313/20260202_1137_1C_PBI63802_5301c73c/PBI63802_pass_5301c73c_1bfdcae4_287.bam	218184406
HG008T-p2.BCM_ONT-std_HG008T-p2_20260313	data_somatic/HG008/Liss_lab/other_passages/BCM_ONT-std_HG008T-p2_20260313/20260202_1137_1C_PBI63802_5301c73c/PBI63802_pass_5301c73c_1bfdcae4_288.bam	222775934
HG008T-p2.BCM_ONT-std_HG008T-p2_20260313	data_somatic/HG008/Liss_lab/other_passages/BCM_ONT-std_HG008T-p2_20260313/20260202_1137_1C_PBI63802_5301c73c/PBI63802_pass_5301c73c_1bfdcae4_289.bam	170869883
HG008T-p2.BCM_ONT-std_HG008T-p2_20260313	data_somatic/HG008/Liss_lab/other_passages/BCM_ONT-std_HG008T-p2_20260313/20260202_1137_1C_PBI63802_5301c73c/PBI63802_pass_5301c73c_1bfdcae4_29.bam	679739429
HG008T-p2.BCM_ONT-std_HG008T-p2_20260313	data_somatic/HG008/Liss_lab/other_passages/BCM_ONT-std_HG008T-p2_20260313/20260202_1137_1C_PBI63802_5301c73c/PBI63802_pass_5301c73c_1bfdcae4_290.bam	244144460
HG008T-p2.BCM_ONT-std_HG008T-p2_20260313	data_somatic/HG008/Liss_lab/other_passages/BCM_ONT-std_HG008T-p2_20260313/20260202_1137_1C_PBI63802_5301c73c/PBI63802_pass_5301c73c_1bfdcae4_291.bam	231801034
HG008T-p2.BCM_ONT-std_HG008T-p2_20260313	data_somatic/HG008/Liss_lab/other_passages/BCM_ONT-std_HG008T-p2_20260313/20260202_1137_1C_PBI63802_5301c73c/PBI63802_pass_5301c73c_1bfdcae4_292.bam	229260812
HG008T-p2.BCM_ONT-std_HG008T-p2_20260313	data_somatic/HG008/Liss_lab/other_passages/BCM_ONT-std_HG008T-p2_20260313/20260202_1137_1C_PBI63802_5301c73c/PBI63802_pass_5301c73c_1bfdcae4_293.bam	252296428
HG008T-p2.BCM_ONT-std_HG008T-p2_20260313	data_somatic/HG008/Liss_lab/other_passages/BCM_ONT-std_HG008T-p2_20260313/20260202_1137_1C_PBI63802_5301c73c/PBI63802_pass_5301c73c_1bfdcae4_294.bam	233023770
HG008T-p2.BCM_ONT-std_HG008T-p2_20260313	data_somatic/HG008/Liss_lab/other_passages/BCM_ONT-std_HG008T-p2_20260313/20260202_1137_1C_PBI63802_5301c73c/PBI63802_pass_5301c73c_1bfdcae4_295.bam	221836289
HG008T-p2.BCM_ONT-std_HG008T-p2_20260313	data_somatic/HG008/Liss_lab/other_passages/BCM_ONT-std_HG008T-p2_20260313/20260202_1137_1C_PBI63802_5301c73c/PBI63802_pass_5301c73c_1bfdcae4_296.bam	246946723
HG008T-p2.BCM_ONT-std_HG008T-p2_20260313	data_somatic/HG008/Liss_lab/other_passages/BCM_ONT-std_HG008T-p2_20260313/20260202_1137_1C_PBI63802_5301c73c/PBI63802_pass_5301c73c_1bfdcae4_297.bam	222246868
HG008T-p2.BCM_ONT-std_HG008T-p2_20260313	data_somatic/HG008/Liss_lab/other_passages/BCM_ONT-std_HG008T-p2_20260313/20260202_1137_1C_PBI63802_5301c73c/PBI63802_pass_5301c73c_1bfdcae4_298.bam	207275165
HG008T-p2.BCM_ONT-std_HG008T-p2_20260313	data_somatic/HG008/Liss_lab/other_passages/BCM_ONT-std_HG008T-p2_20260313/20260202_1137_1C_PBI63802_5301c73c/PBI63802_pass_5301c73c_1bfdcae4_299.bam	240747866
HG008T-p2.BCM_ONT-std_HG008T-p2_20260313	data_somatic/HG008/Liss_lab/other_passages/BCM_ONT-std_HG008T-p2_20260313/20260202_1137_1C_PBI63802_5301c73c/PBI63802_pass_5301c73c_1bfdcae4_3.bam	715083864
HG008T-p2.BCM_ONT-std_HG008T-p2_20260313	data_somatic/HG008/Liss_lab/other_passages/BCM_ONT-std_HG008T-p2_20260313/20260202_1137_1C_PBI63802_5301c73c/PBI63802_pass_5301c73c_1bfdcae4_30.bam	660569271
HG008T-p2.BCM_ONT-std_HG008T-p2_20260313	data_somatic/HG008/Liss_lab/other_passages/BCM_ONT-std_HG008T-p2_20260313/20260202_1137_1C_PBI63802_5301c73c/PBI63802_pass_5301c73c_1bfdcae4_300.bam	227645392
HG008T-p2.BCM_ONT-std_HG008T-p2_20260313	data_somatic/HG008/Liss_lab/other_passages/BCM_ONT-std_HG008T-p2_20260313/20260202_1137_1C_PBI63802_5301c73c/PBI63802_pass_5301c73c_1bfdcae4_301.bam	235100666
HG008T-p2.BCM_ONT-std_HG008T-p2_20260313	data_somatic/HG008/Liss_lab/other_passages/BCM_ONT-std_HG008T-p2_20260313/20260202_1137_1C_PBI63802_5301c73c/PBI63802_pass_5301c73c_1bfdcae4_302.bam	235569238
HG008T-p2.BCM_ONT-std_HG008T-p2_20260313	data_somatic/HG008/Liss_lab/other_passages/BCM_ONT-std_HG008T-p2_20260313/20260202_1137_1C_PBI63802_5301c73c/PBI63802_pass_5301c73c_1bfdcae4_303.bam	225609611
HG008T-p2.BCM_ONT-std_HG008T-p2_20260313	data_somatic/HG008/Liss_lab/other_passages/BCM_ONT-std_HG008T-p2_20260313/20260202_1137_1C_PBI63802_5301c73c/PBI63802_pass_5301c73c_1bfdcae4_304.bam	238882095
HG008T-p2.BCM_ONT-std_HG008T-p2_20260313	data_somatic/HG008/Liss_lab/other_passages/BCM_ONT-std_HG008T-p2_20260313/20260202_1137_1C_PBI63802_5301c73c/PBI63802_pass_5301c73c_1bfdcae4_305.bam	224468502
HG008T-p2.BCM_ONT-std_HG008T-p2_20260313	data_somatic/HG008/Liss_lab/other_passages/BCM_ONT-std_HG008T-p2_20260313/20260202_1137_1C_PBI63802_5301c73c/PBI63802_pass_5301c73c_1bfdcae4_306.bam	213871690
HG008T-p2.BCM_ONT-std_HG008T-p2_20260313	data_somatic/HG008/Liss_lab/other_passages/BCM_ONT-std_HG008T-p2_20260313/20260202_1137_1C_PBI63802_5301c73c/PBI63802_pass_5301c73c_1bfdcae4_307.bam	233328913
HG008T-p2.BCM_ONT-std_HG008T-p2_20260313	data_somatic/HG008/Liss_lab/other_passages/BCM_ONT-std_HG008T-p2_20260313/20260202_1137_1C_PBI63802_5301c73c/PBI63802_pass_5301c73c_1bfdcae4_308.bam	208091088
HG008T-p2.BCM_ONT-std_HG008T-p2_20260313	data_somatic/HG008/Liss_lab/other_passages/BCM_ONT-std_HG008T-p2_20260313/20260202_1137_1C_PBI63802_5301c73c/PBI63802_pass_5301c73c_1bfdcae4_309.bam	222823518
HG008T-p2.BCM_ONT-std_HG008T-p2_20260313	data_somatic/HG008/Liss_lab/other_passages/BCM_ONT-std_HG008T-p2_20260313/20260202_1137_1C_PBI63802_5301c73c/PBI63802_pass_5301c73c_1bfdcae4_31.bam	667767858
HG008T-p2.BCM_ONT-std_HG008T-p2_20260313	data_somatic/HG008/Liss_lab/other_passages/BCM_ONT-std_HG008T-p2_20260313/20260202_1137_1C_PBI63802_5301c73c/PBI63802_pass_5301c73c_1bfdcae4_310.bam	243214899
HG008T-p2.BCM_ONT-std_HG008T-p2_20260313	data_somatic/HG008/Liss_lab/other_passages/BCM_ONT-std_HG008T-p2_20260313/20260202_1137_1C_PBI63802_5301c73c/PBI63802_pass_5301c73c_1bfdcae4_311.bam	224078534
HG008T-p2.BCM_ONT-std_HG008T-p2_20260313	data_somatic/HG008/Liss_lab/other_passages/BCM_ONT-std_HG008T-p2_20260313/20260202_1137_1C_PBI63802_5301c73c/PBI63802_pass_5301c73c_1bfdcae4_312.bam	224564514
HG008T-p2.BCM_ONT-std_HG008T-p2_20260313	data_somatic/HG008/Liss_lab/other_passages/BCM_ONT-std_HG008T-p2_20260313/20260202_1137_1C_PBI63802_5301c73c/PBI63802_pass_5301c73c_1bfdcae4_313.bam	233939936
HG008T-p2.BCM_ONT-std_HG008T-p2_20260313	data_somatic/HG008/Liss_lab/other_passages/BCM_ONT-std_HG008T-p2_20260313/20260202_1137_1C_PBI63802_5301c73c/PBI63802_pass_5301c73c_1bfdcae4_314.bam	232269730
HG008T-p2.BCM_ONT-std_HG008T-p2_20260313	data_somatic/HG008/Liss_lab/other_passages/BCM_ONT-std_HG008T-p2_20260313/20260202_1137_1C_PBI63802_5301c73c/PBI63802_pass_5301c73c_1bfdcae4_315.bam	223623322
HG008T-p2.BCM_ONT-std_HG008T-p2_20260313	data_somatic/HG008/Liss_lab/other_passages/BCM_ONT-std_HG008T-p2_20260313/20260202_1137_1C_PBI63802_5301c73c/PBI63802_pass_5301c73c_1bfdcae4_316.bam	223981713
HG008T-p2.BCM_ONT-std_HG008T-p2_20260313	data_somatic/HG008/Liss_lab/other_passages/BCM_ONT-std_HG008T-p2_20260313/20260202_1137_1C_PBI63802_5301c73c/PBI63802_pass_5301c73c_1bfdcae4_317.bam	201551085
HG008T-p2.BCM_ONT-std_HG008T-p2_20260313	data_somatic/HG008/Liss_lab/other_passages/BCM_ONT-std_HG008T-p2_20260313/20260202_1137_1C_PBI63802_5301c73c/PBI63802_pass_5301c73c_1bfdcae4_318.bam	238842672
HG008T-p2.BCM_ONT-std_HG008T-p2_20260313	data_somatic/HG008/Liss_lab/other_passages/BCM_ONT-std_HG008T-p2_20260313/20260202_1137_1C_PBI63802_5301c73c/PBI63802_pass_5301c73c_1bfdcae4_319.bam	226485107
HG008T-p2.BCM_ONT-std_HG008T-p2_20260313	data_somatic/HG008/Liss_lab/other_passages/BCM_ONT-std_HG008T-p2_20260313/20260202_1137_1C_PBI63802_5301c73c/PBI63802_pass_5301c73c_1bfdcae4_32.bam	666155994
HG008T-p2.BCM_ONT-std_HG008T-p2_20260313	data_somatic/HG008/Liss_lab/other_passages/BCM_ONT-std_HG008T-p2_20260313/20260202_1137_1C_PBI63802_5301c73c/PBI63802_pass_5301c73c_1bfdcae4_320.bam	223712647
HG008T-p2.BCM_ONT-std_HG008T-p2_20260313	data_somatic/HG008/Liss_lab/other_passages/BCM_ONT-std_HG008T-p2_20260313/20260202_1137_1C_PBI63802_5301c73c/PBI63802_pass_5301c73c_1bfdcae4_321.bam	236637567
HG008T-p2.BCM_ONT-std_HG008T-p2_20260313	data_somatic/HG008/Liss_lab/other_passages/BCM_ONT-std_HG008T-p2_20260313/20260202_1137_1C_PBI63802_5301c73c/PBI63802_pass_5301c73c_1bfdcae4_322.bam	230935258
HG008T-p2.BCM_ONT-std_HG008T-p2_20260313	data_somatic/HG008/Liss_lab/other_passages/BCM_ONT-std_HG008T-p2_20260313/20260202_1137_1C_PBI63802_5301c73c/PBI63802_pass_5301c73c_1bfdcae4_323.bam	220728742
HG008T-p2.BCM_ONT-std_HG008T-p2_20260313	data_somatic/HG008/Liss_lab/other_passages/BCM_ONT-std_HG008T-p2_20260313/20260202_1137_1C_PBI63802_5301c73c/PBI63802_pass_5301c73c_1bfdcae4_324.bam	235673207
HG008T-p2.BCM_ONT-std_HG008T-p2_20260313	data_somatic/HG008/Liss_lab/other_passages/BCM_ONT-std_HG008T-p2_20260313/20260202_1137_1C_PBI63802_5301c73c/PBI63802_pass_5301c73c_1bfdcae4_325.bam	223813044
HG008T-p2.BCM_ONT-std_HG008T-p2_20260313	data_somatic/HG008/Liss_lab/other_passages/BCM_ONT-std_HG008T-p2_20260313/20260202_1137_1C_PBI63802_5301c73c/PBI63802_pass_5301c73c_1bfdcae4_326.bam	210072994
HG008T-p2.BCM_ONT-std_HG008T-p2_20260313	data_somatic/HG008/Liss_lab/other_passages/BCM_ONT-std_HG008T-p2_20260313/20260202_1137_1C_PBI63802_5301c73c/PBI63802_pass_5301c73c_1bfdcae4_327.bam	224266313
HG008T-p2.BCM_ONT-std_HG008T-p2_20260313	data_somatic/HG008/Liss_lab/other_passages/BCM_ONT-std_HG008T-p2_20260313/20260202_1137_1C_PBI63802_5301c73c/PBI63802_pass_5301c73c_1bfdcae4_328.bam	227755907
HG008T-p2.BCM_ONT-std_HG008T-p2_20260313	data_somatic/HG008/Liss_lab/other_passages/BCM_ONT-std_HG008T-p2_20260313/20260202_1137_1C_PBI63802_5301c73c/PBI63802_pass_5301c73c_1bfdcae4_329.bam	226327611
HG008T-p2.BCM_ONT-std_HG008T-p2_20260313	data_somatic/HG008/Liss_lab/other_passages/BCM_ONT-std_HG008T-p2_20260313/20260202_1137_1C_PBI63802_5301c73c/PBI63802_pass_5301c73c_1bfdcae4_33.bam	666894332
HG008T-p2.BCM_ONT-std_HG008T-p2_20260313	data_somatic/HG008/Liss_lab/other_passages/BCM_ONT-std_HG008T-p2_20260313/20260202_1137_1C_PBI63802_5301c73c/PBI63802_pass_5301c73c_1bfdcae4_330.bam	231359884
HG008T-p2.BCM_ONT-std_HG008T-p2_20260313	data_somatic/HG008/Liss_lab/other_passages/BCM_ONT-std_HG008T-p2_20260313/20260202_1137_1C_PBI63802_5301c73c/PBI63802_pass_5301c73c_1bfdcae4_331.bam	218690922
HG008T-p2.BCM_ONT-std_HG008T-p2_20260313	data_somatic/HG008/Liss_lab/other_passages/BCM_ONT-std_HG008T-p2_20260313/20260202_1137_1C_PBI63802_5301c73c/PBI63802_pass_5301c73c_1bfdcae4_332.bam	222280903
HG008T-p2.BCM_ONT-std_HG008T-p2_20260313	data_somatic/HG008/Liss_lab/other_passages/BCM_ONT-std_HG008T-p2_20260313/20260202_1137_1C_PBI63802_5301c73c/PBI63802_pass_5301c73c_1bfdcae4_333.bam	230656043
HG008T-p2.BCM_ONT-std_HG008T-p2_20260313	data_somatic/HG008/Liss_lab/other_passages/BCM_ONT-std_HG008T-p2_20260313/20260202_1137_1C_PBI63802_5301c73c/PBI63802_pass_5301c73c_1bfdcae4_334.bam	223142197
HG008T-p2.BCM_ONT-std_HG008T-p2_20260313	data_somatic/HG008/Liss_lab/other_passages/BCM_ONT-std_HG008T-p2_20260313/20260202_1137_1C_PBI63802_5301c73c/PBI63802_pass_5301c73c_1bfdcae4_335.bam	230620820
HG008T-p2.BCM_ONT-std_HG008T-p2_20260313	data_somatic/HG008/Liss_lab/other_passages/BCM_ONT-std_HG008T-p2_20260313/20260202_1137_1C_PBI63802_5301c73c/PBI63802_pass_5301c73c_1bfdcae4_336.bam	215199796
HG008T-p2.BCM_ONT-std_HG008T-p2_20260313	data_somatic/HG008/Liss_lab/other_passages/BCM_ONT-std_HG008T-p2_20260313/20260202_1137_1C_PBI63802_5301c73c/PBI63802_pass_5301c73c_1bfdcae4_337.bam	224481398
HG008T-p2.BCM_ONT-std_HG008T-p2_20260313	data_somatic/HG008/Liss_lab/other_passages/BCM_ONT-std_HG008T-p2_20260313/20260202_1137_1C_PBI63802_5301c73c/PBI63802_pass_5301c73c_1bfdcae4_338.bam	229624610
HG008T-p2.BCM_ONT-std_HG008T-p2_20260313	data_somatic/HG008/Liss_lab/other_passages/BCM_ONT-std_HG008T-p2_20260313/20260202_1137_1C_PBI63802_5301c73c/PBI63802_pass_5301c73c_1bfdcae4_339.bam	224014378
HG008T-p2.BCM_ONT-std_HG008T-p2_20260313	data_somatic/HG008/Liss_lab/other_passages/BCM_ONT-std_HG008T-p2_20260313/20260202_1137_1C_PBI63802_5301c73c/PBI63802_pass_5301c73c_1bfdcae4_34.bam	653618894
HG008T-p2.BCM_ONT-std_HG008T-p2_20260313	data_somatic/HG008/Liss_lab/other_passages/BCM_ONT-std_HG008T-p2_20260313/20260202_1137_1C_PBI63802_5301c73c/PBI63802_pass_5301c73c_1bfdcae4_340.bam	226131350
HG008T-p2.BCM_ONT-std_HG008T-p2_20260313	data_somatic/HG008/Liss_lab/other_passages/BCM_ONT-std_HG008T-p2_20260313/20260202_1137_1C_PBI63802_5301c73c/PBI63802_pass_5301c73c_1bfdcae4_341.bam	227548276
HG008T-p2.BCM_ONT-std_HG008T-p2_20260313	data_somatic/HG008/Liss_lab/other_passages/BCM_ONT-std_HG008T-p2_20260313/20260202_1137_1C_PBI63802_5301c73c/PBI63802_pass_5301c73c_1bfdcae4_342.bam	217770281
HG008T-p2.BCM_ONT-std_HG008T-p2_20260313	data_somatic/HG008/Liss_lab/other_passages/BCM_ONT-std_HG008T-p2_20260313/20260202_1137_1C_PBI63802_5301c73c/PBI63802_pass_5301c73c_1bfdcae4_343.bam	225802757
HG008T-p2.BCM_ONT-std_HG008T-p2_20260313	data_somatic/HG008/Liss_lab/other_passages/BCM_ONT-std_HG008T-p2_20260313/20260202_1137_1C_PBI63802_5301c73c/PBI63802_pass_5301c73c_1bfdcae4_344.bam	218750547
HG008T-p2.BCM_ONT-std_HG008T-p2_20260313	data_somatic/HG008/Liss_lab/other_passages/BCM_ONT-std_HG008T-p2_20260313/20260202_1137_1C_PBI63802_5301c73c/PBI63802_pass_5301c73c_1bfdcae4_345.bam	209933199
HG008T-p2.BCM_ONT-std_HG008T-p2_20260313	data_somatic/HG008/Liss_lab/other_passages/BCM_ONT-std_HG008T-p2_20260313/20260202_1137_1C_PBI63802_5301c73c/PBI63802_pass_5301c73c_1bfdcae4_346.bam	220945129
HG008T-p2.BCM_ONT-std_HG008T-p2_20260313	data_somatic/HG008/Liss_lab/other_passages/BCM_ONT-std_HG008T-p2_20260313/20260202_1137_1C_PBI63802_5301c73c/PBI63802_pass_5301c73c_1bfdcae4_347.bam	224649184
HG008T-p2.BCM_ONT-std_HG008T-p2_20260313	data_somatic/HG008/Liss_lab/other_passages/BCM_ONT-std_HG008T-p2_20260313/20260202_1137_1C_PBI63802_5301c73c/PBI63802_pass_5301c73c_1bfdcae4_348.bam	222939286
HG008T-p2.BCM_ONT-std_HG008T-p2_20260313	data_somatic/HG008/Liss_lab/other_passages/BCM_ONT-std_HG008T-p2_20260313/20260202_1137_1C_PBI63802_5301c73c/PBI63802_pass_5301c73c_1bfdcae4_349.bam	239464664
HG008T-p2.BCM_ONT-std_HG008T-p2_20260313	data_somatic/HG008/Liss_lab/other_passages/BCM_ONT-std_HG008T-p2_20260313/20260202_1137_1C_PBI63802_5301c73c/PBI63802_pass_5301c73c_1bfdcae4_35.bam	659939308
HG008T-p2.BCM_ONT-std_HG008T-p2_20260313	data_somatic/HG008/Liss_lab/other_passages/BCM_ONT-std_HG008T-p2_20260313/20260202_1137_1C_PBI63802_5301c73c/PBI63802_pass_5301c73c_1bfdcae4_350.bam	228951146
HG008T-p2.BCM_ONT-std_HG008T-p2_20260313	data_somatic/HG008/Liss_lab/other_passages/BCM_ONT-std_HG008T-p2_20260313/20260202_1137_1C_PBI63802_5301c73c/PBI63802_pass_5301c73c_1bfdcae4_351.bam	224100485
HG008T-p2.BCM_ONT-std_HG008T-p2_20260313	data_somatic/HG008/Liss_lab/other_passages/BCM_ONT-std_HG008T-p2_20260313/20260202_1137_1C_PBI63802_5301c73c/PBI63802_pass_5301c73c_1bfdcae4_352.bam	231489965
HG008T-p2.BCM_ONT-std_HG008T-p2_20260313	data_somatic/HG008/Liss_lab/other_passages/BCM_ONT-std_HG008T-p2_20260313/20260202_1137_1C_PBI63802_5301c73c/PBI63802_pass_5301c73c_1bfdcae4_353.bam	220804559
HG008T-p2.BCM_ONT-std_HG008T-p2_20260313	data_somatic/HG008/Liss_lab/other_passages/BCM_ONT-std_HG008T-p2_20260313/20260202_1137_1C_PBI63802_5301c73c/PBI63802_pass_5301c73c_1bfdcae4_354.bam	231540623
HG008T-p2.BCM_ONT-std_HG008T-p2_20260313	data_somatic/HG008/Liss_lab/other_passages/BCM_ONT-std_HG008T-p2_20260313/20260202_1137_1C_PBI63802_5301c73c/PBI63802_pass_5301c73c_1bfdcae4_355.bam	205332979
HG008T-p2.BCM_ONT-std_HG008T-p2_20260313	data_somatic/HG008/Liss_lab/other_passages/BCM_ONT-std_HG008T-p2_20260313/20260202_1137_1C_PBI63802_5301c73c/PBI63802_pass_5301c73c_1bfdcae4_356.bam	214330462
HG008T-p2.BCM_ONT-std_HG008T-p2_20260313	data_somatic/HG008/Liss_lab/other_passages/BCM_ONT-std_HG008T-p2_20260313/20260202_1137_1C_PBI63802_5301c73c/PBI63802_pass_5301c73c_1bfdcae4_357.bam	225388276
HG008T-p2.BCM_ONT-std_HG008T-p2_20260313	data_somatic/HG008/Liss_lab/other_passages/BCM_ONT-std_HG008T-p2_20260313/20260202_1137_1C_PBI63802_5301c73c/PBI63802_pass_5301c73c_1bfdcae4_358.bam	229317977
HG008T-p2.BCM_ONT-std_HG008T-p2_20260313	data_somatic/HG008/Liss_lab/other_passages/BCM_ONT-std_HG008T-p2_20260313/20260202_1137_1C_PBI63802_5301c73c/PBI63802_pass_5301c73c_1bfdcae4_359.bam	214941051
HG008T-p2.BCM_ONT-std_HG008T-p2_20260313	data_somatic/HG008/Liss_lab/other_passages/BCM_ONT-std_HG008T-p2_20260313/20260202_1137_1C_PBI63802_5301c73c/PBI63802_pass_5301c73c_1bfdcae4_36.bam	646851577
HG008T-p2.BCM_ONT-std_HG008T-p2_20260313	data_somatic/HG008/Liss_lab/other_passages/BCM_ONT-std_HG008T-p2_20260313/20260202_1137_1C_PBI63802_5301c73c/PBI63802_pass_5301c73c_1bfdcae4_360.bam	231976931
HG008T-p2.BCM_ONT-std_HG008T-p2_20260313	data_somatic/HG008/Liss_lab/other_passages/BCM_ONT-std_HG008T-p2_20260313/20260202_1137_1C_PBI63802_5301c73c/PBI63802_pass_5301c73c_1bfdcae4_361.bam	228640030
HG008T-p2.BCM_ONT-std_HG008T-p2_20260313	data_somatic/HG008/Liss_lab/other_passages/BCM_ONT-std_HG008T-p2_20260313/20260202_1137_1C_PBI63802_5301c73c/PBI63802_pass_5301c73c_1bfdcae4_362.bam	220691065
HG008T-p2.BCM_ONT-std_HG008T-p2_20260313	data_somatic/HG008/Liss_lab/other_passages/BCM_ONT-std_HG008T-p2_20260313/20260202_1137_1C_PBI63802_5301c73c/PBI63802_pass_5301c73c_1bfdcae4_363.bam	229115349
HG008T-p2.BCM_ONT-std_HG008T-p2_20260313	data_somatic/HG008/Liss_lab/other_passages/BCM_ONT-std_HG008T-p2_20260313/20260202_1137_1C_PBI63802_5301c73c/PBI63802_pass_5301c73c_1bfdcae4_364.bam	219244255
HG008T-p2.BCM_ONT-std_HG008T-p2_20260313	data_somatic/HG008/Liss_lab/other_passages/BCM_ONT-std_HG008T-p2_20260313/20260202_1137_1C_PBI63802_5301c73c/PBI63802_pass_5301c73c_1bfdcae4_365.bam	226074715
HG008T-p2.BCM_ONT-std_HG008T-p2_20260313	data_somatic/HG008/Liss_lab/other_passages/BCM_ONT-std_HG008T-p2_20260313/20260202_1137_1C_PBI63802_5301c73c/PBI63802_pass_5301c73c_1bfdcae4_366.bam	232310427
HG008T-p2.BCM_ONT-std_HG008T-p2_20260313	data_somatic/HG008/Liss_lab/other_passages/BCM_ONT-std_HG008T-p2_20260313/20260202_1137_1C_PBI63802_5301c73c/PBI63802_pass_5301c73c_1bfdcae4_367.bam	234598616
HG008T-p2.BCM_ONT-std_HG008T-p2_20260313	data_somatic/HG008/Liss_lab/other_passages/BCM_ONT-std_HG008T-p2_20260313/20260202_1137_1C_PBI63802_5301c73c/PBI63802_pass_5301c73c_1bfdcae4_368.bam	243755715
HG008T-p2.BCM_ONT-std_HG008T-p2_20260313	data_somatic/HG008/Liss_lab/other_passages/BCM_ONT-std_HG008T-p2_20260313/20260202_1137_1C_PBI63802_5301c73c/PBI63802_pass_5301c73c_1bfdcae4_369.bam	230002384
HG008T-p2.BCM_ONT-std_HG008T-p2_20260313	data_somatic/HG008/Liss_lab/other_passages/BCM_ONT-std_HG008T-p2_20260313/20260202_1137_1C_PBI63802_5301c73c/PBI63802_pass_5301c73c_1bfdcae4_37.bam	597053613
HG008T-p2.BCM_ONT-std_HG008T-p2_20260313	data_somatic/HG008/Liss_lab/other_passages/BCM_ONT-std_HG008T-p2_20260313/20260202_1137_1C_PBI63802_5301c73c/PBI63802_pass_5301c73c_1bfdcae4_370.bam	237555118
HG008T-p2.BCM_ONT-std_HG008T-p2_20260313	data_somatic/HG008/Liss_lab/other_passages/BCM_ONT-std_HG008T-p2_20260313/20260202_1137_1C_PBI63802_5301c73c/PBI63802_pass_5301c73c_1bfdcae4_371.bam	228573585
HG008T-p2.BCM_ONT-std_HG008T-p2_20260313	data_somatic/HG008/Liss_lab/other_passages/BCM_ONT-std_HG008T-p2_20260313/20260202_1137_1C_PBI63802_5301c73c/PBI63802_pass_5301c73c_1bfdcae4_372.bam	228828634
HG008T-p2.BCM_ONT-std_HG008T-p2_20260313	data_somatic/HG008/Liss_lab/other_passages/BCM_ONT-std_HG008T-p2_20260313/20260202_1137_1C_PBI63802_5301c73c/PBI63802_pass_5301c73c_1bfdcae4_373.bam	236406076
HG008T-p2.BCM_ONT-std_HG008T-p2_20260313	data_somatic/HG008/Liss_lab/other_passages/BCM_ONT-std_HG008T-p2_20260313/20260202_1137_1C_PBI63802_5301c73c/PBI63802_pass_5301c73c_1bfdcae4_374.bam	210410610
HG008T-p2.BCM_ONT-std_HG008T-p2_20260313	data_somatic/HG008/Liss_lab/other_passages/BCM_ONT-std_HG008T-p2_20260313/20260202_1137_1C_PBI63802_5301c73c/PBI63802_pass_5301c73c_1bfdcae4_375.bam	242524764
HG008T-p2.BCM_ONT-std_HG008T-p2_20260313	data_somatic/HG008/Liss_lab/other_passages/BCM_ONT-std_HG008T-p2_20260313/20260202_1137_1C_PBI63802_5301c73c/PBI63802_pass_5301c73c_1bfdcae4_376.bam	240464427
HG008T-p2.BCM_ONT-std_HG008T-p2_20260313	data_somatic/HG008/Liss_lab/other_passages/BCM_ONT-std_HG008T-p2_20260313/20260202_1137_1C_PBI63802_5301c73c/PBI63802_pass_5301c73c_1bfdcae4_377.bam	231548487
HG008T-p2.BCM_ONT-std_HG008T-p2_20260313	data_somatic/HG008/Liss_lab/other_passages/BCM_ONT-std_HG008T-p2_20260313/20260202_1137_1C_PBI63802_5301c73c/PBI63802_pass_5301c73c_1bfdcae4_378.bam	232175404
HG008T-p2.BCM_ONT-std_HG008T-p2_20260313	data_somatic/HG008/Liss_lab/other_passages/BCM_ONT-std_HG008T-p2_20260313/20260202_1137_1C_PBI63802_5301c73c/PBI63802_pass_5301c73c_1bfdcae4_379.bam	237459133
HG008T-p2.BCM_ONT-std_HG008T-p2_20260313	data_somatic/HG008/Liss_lab/other_passages/BCM_ONT-std_HG008T-p2_20260313/20260202_1137_1C_PBI63802_5301c73c/PBI63802_pass_5301c73c_1bfdcae4_38.bam	413284765
HG008T-p2.BCM_ONT-std_HG008T-p2_20260313	data_somatic/HG008/Liss_lab/other_passages/BCM_ONT-std_HG008T-p2_20260313/20260202_1137_1C_PBI63802_5301c73c/PBI63802_pass_5301c73c_1bfdcae4_380.bam	234369484
HG008T-p2.BCM_ONT-std_HG008T-p2_20260313	data_somatic/HG008/Liss_lab/other_passages/BCM_ONT-std_HG008T-p2_20260313/20260202_1137_1C_PBI63802_5301c73c/PBI63802_pass_5301c73c_1bfdcae4_381.bam	236221240
HG008T-p2.BCM_ONT-std_HG008T-p2_20260313	data_somatic/HG008/Liss_lab/other_passages/BCM_ONT-std_HG008T-p2_20260313/20260202_1137_1C_PBI63802_5301c73c/PBI63802_pass_5301c73c_1bfdcae4_382.bam	240349965
HG008T-p2.BCM_ONT-std_HG008T-p2_20260313	data_somatic/HG008/Liss_lab/other_passages/BCM_ONT-std_HG008T-p2_20260313/20260202_1137_1C_PBI63802_5301c73c/PBI63802_pass_5301c73c_1bfdcae4_383.bam	196138824
HG008T-p2.BCM_ONT-std_HG008T-p2_20260313	data_somatic/HG008/Liss_lab/other_passages/BCM_ONT-std_HG008T-p2_20260313/20260202_1137_1C_PBI63802_5301c73c/PBI63802_pass_5301c73c_1bfdcae4_384.bam	218721635
HG008T-p2.BCM_ONT-std_HG008T-p2_20260313	data_somatic/HG008/Liss_lab/other_passages/BCM_ONT-std_HG008T-p2_20260313/20260202_1137_1C_PBI63802_5301c73c/PBI63802_pass_5301c73c_1bfdcae4_385.bam	237141242
HG008T-p2.BCM_ONT-std_HG008T-p2_20260313	data_somatic/HG008/Liss_lab/other_passages/BCM_ONT-std_HG008T-p2_20260313/20260202_1137_1C_PBI63802_5301c73c/PBI63802_pass_5301c73c_1bfdcae4_386.bam	239577624
HG008T-p2.BCM_ONT-std_HG008T-p2_20260313	data_somatic/HG008/Liss_lab/other_passages/BCM_ONT-std_HG008T-p2_20260313/20260202_1137_1C_PBI63802_5301c73c/PBI63802_pass_5301c73c_1bfdcae4_387.bam	242231635
HG008T-p2.BCM_ONT-std_HG008T-p2_20260313	data_somatic/HG008/Liss_lab/other_passages/BCM_ONT-std_HG008T-p2_20260313/20260202_1137_1C_PBI63802_5301c73c/PBI63802_pass_5301c73c_1bfdcae4_388.bam	236846285
HG008T-p2.BCM_ONT-std_HG008T-p2_20260313	data_somatic/HG008/Liss_lab/other_passages/BCM_ONT-std_HG008T-p2_20260313/20260202_1137_1C_PBI63802_5301c73c/PBI63802_pass_5301c73c_1bfdcae4_389.bam	232397547
HG008T-p2.BCM_ONT-std_HG008T-p2_20260313	data_somatic/HG008/Liss_lab/other_passages/BCM_ONT-std_HG008T-p2_20260313/20260202_1137_1C_PBI63802_5301c73c/PBI63802_pass_5301c73c_1bfdcae4_39.bam	653396098
HG008T-p2.BCM_ONT-std_HG008T-p2_20260313	data_somatic/HG008/Liss_lab/other_passages/BCM_ONT-std_HG008T-p2_20260313/20260202_1137_1C_PBI63802_5301c73c/PBI63802_pass_5301c73c_1bfdcae4_390.bam	226643482
HG008T-p2.BCM_ONT-std_HG008T-p2_20260313	data_somatic/HG008/Liss_lab/other_passages/BCM_ONT-std_HG008T-p2_20260313/20260202_1137_1C_PBI63802_5301c73c/PBI63802_pass_5301c73c_1bfdcae4_391.bam	231727190
HG008T-p2.BCM_ONT-std_HG008T-p2_20260313	data_somatic/HG008/Liss_lab/other_passages/BCM_ONT-std_HG008T-p2_20260313/20260202_1137_1C_PBI63802_5301c73c/PBI63802_pass_5301c73c_1bfdcae4_392.bam	242702233
HG008T-p2.BCM_ONT-std_HG008T-p2_20260313	data_somatic/HG008/Liss_lab/other_passages/BCM_ONT-std_HG008T-p2_20260313/20260202_1137_1C_PBI63802_5301c73c/PBI63802_pass_5301c73c_1bfdcae4_393.bam	202483828
HG008T-p2.BCM_ONT-std_HG008T-p2_20260313	data_somatic/HG008/Liss_lab/other_passages/BCM_ONT-std_HG008T-p2_20260313/20260202_1137_1C_PBI63802_5301c73c/PBI63802_pass_5301c73c_1bfdcae4_394.bam	237722697
HG008T-p2.BCM_ONT-std_HG008T-p2_20260313	data_somatic/HG008/Liss_lab/other_passages/BCM_ONT-std_HG008T-p2_20260313/20260202_1137_1C_PBI63802_5301c73c/PBI63802_pass_5301c73c_1bfdcae4_395.bam	232233150
HG008T-p2.BCM_ONT-std_HG008T-p2_20260313	data_somatic/HG008/Liss_lab/other_passages/BCM_ONT-std_HG008T-p2_20260313/20260202_1137_1C_PBI63802_5301c73c/PBI63802_pass_5301c73c_1bfdcae4_396.bam	227740329
HG008T-p2.BCM_ONT-std_HG008T-p2_20260313	data_somatic/HG008/Liss_lab/other_passages/BCM_ONT-std_HG008T-p2_20260313/20260202_1137_1C_PBI63802_5301c73c/PBI63802_pass_5301c73c_1bfdcae4_397.bam	238236924
HG008T-p2.BCM_ONT-std_HG008T-p2_20260313	data_somatic/HG008/Liss_lab/other_passages/BCM_ONT-std_HG008T-p2_20260313/20260202_1137_1C_PBI63802_5301c73c/PBI63802_pass_5301c73c_1bfdcae4_398.bam	229456013
HG008T-p2.BCM_ONT-std_HG008T-p2_20260313	data_somatic/HG008/Liss_lab/other_passages/BCM_ONT-std_HG008T-p2_20260313/20260202_1137_1C_PBI63802_5301c73c/PBI63802_pass_5301c73c_1bfdcae4_399.bam	237595987
HG008T-p2.BCM_ONT-std_HG008T-p2_20260313	data_somatic/HG008/Liss_lab/other_passages/BCM_ONT-std_HG008T-p2_20260313/20260202_1137_1C_PBI63802_5301c73c/PBI63802_pass_5301c73c_1bfdcae4_4.bam	701185168
HG008T-p2.BCM_ONT-std_HG008T-p2_20260313	data_somatic/HG008/Liss_lab/other_passages/BCM_ONT-std_HG008T-p2_20260313/20260202_1137_1C_PBI63802_5301c73c/PBI63802_pass_5301c73c_1bfdcae4_40.bam	631735517
HG008T-p2.BCM_ONT-std_HG008T-p2_20260313	data_somatic/HG008/Liss_lab/other_passages/BCM_ONT-std_HG008T-p2_20260313/20260202_1137_1C_PBI63802_5301c73c/PBI63802_pass_5301c73c_1bfdcae4_400.bam	228520355
HG008T-p2.BCM_ONT-std_HG008T-p2_20260313	data_somatic/HG008/Liss_lab/other_passages/BCM_ONT-std_HG008T-p2_20260313/20260202_1137_1C_PBI63802_5301c73c/PBI63802_pass_5301c73c_1bfdcae4_401.bam	238364571
HG008T-p2.BCM_ONT-std_HG008T-p2_20260313	data_somatic/HG008/Liss_lab/other_passages/BCM_ONT-std_HG008T-p2_20260313/20260202_1137_1C_PBI63802_5301c73c/PBI63802_pass_5301c73c_1bfdcae4_402.bam	205728866
HG008T-p2.BCM_ONT-std_HG008T-p2_20260313	data_somatic/HG008/Liss_lab/other_passages/BCM_ONT-std_HG008T-p2_20260313/20260202_1137_1C_PBI63802_5301c73c/PBI63802_pass_5301c73c_1bfdcae4_403.bam	228315776
HG008T-p2.BCM_ONT-std_HG008T-p2_20260313	data_somatic/HG008/Liss_lab/other_passages/BCM_ONT-std_HG008T-p2_20260313/20260202_1137_1C_PBI63802_5301c73c/PBI63802_pass_5301c73c_1bfdcae4_404.bam	231295822
HG008T-p2.BCM_ONT-std_HG008T-p2_20260313	data_somatic/HG008/Liss_lab/other_passages/BCM_ONT-std_HG008T-p2_20260313/20260202_1137_1C_PBI63802_5301c73c/PBI63802_pass_5301c73c_1bfdcae4_405.bam	235768884
HG008T-p2.BCM_ONT-std_HG008T-p2_20260313	data_somatic/HG008/Liss_lab/other_passages/BCM_ONT-std_HG008T-p2_20260313/20260202_1137_1C_PBI63802_5301c73c/PBI63802_pass_5301c73c_1bfdcae4_406.bam	235741009
HG008T-p2.BCM_ONT-std_HG008T-p2_20260313	data_somatic/HG008/Liss_lab/other_passages/BCM_ONT-std_HG008T-p2_20260313/20260202_1137_1C_PBI63802_5301c73c/PBI63802_pass_5301c73c_1bfdcae4_407.bam	239486785
HG008T-p2.BCM_ONT-std_HG008T-p2_20260313	data_somatic/HG008/Liss_lab/other_passages/BCM_ONT-std_HG008T-p2_20260313/20260202_1137_1C_PBI63802_5301c73c/PBI63802_pass_5301c73c_1bfdcae4_408.bam	235166883
HG008T-p2.BCM_ONT-std_HG008T-p2_20260313	data_somatic/HG008/Liss_lab/other_passages/BCM_ONT-std_HG008T-p2_20260313/20260202_1137_1C_PBI63802_5301c73c/PBI63802_pass_5301c73c_1bfdcae4_409.bam	227817766
HG008T-p2.BCM_ONT-std_HG008T-p2_20260313	data_somatic/HG008/Liss_lab/other_passages/BCM_ONT-std_HG008T-p2_20260313/20260202_1137_1C_PBI63802_5301c73c/PBI63802_pass_5301c73c_1bfdcae4_41.bam	636887253
HG008T-p2.BCM_ONT-std_HG008T-p2_20260313	data_somatic/HG008/Liss_lab/other_passages/BCM_ONT-std_HG008T-p2_20260313/20260202_1137_1C_PBI63802_5301c73c/PBI63802_pass_5301c73c_1bfdcae4_410.bam	236026500
HG008T-p2.BCM_ONT-std_HG008T-p2_20260313	data_somatic/HG008/Liss_lab/other_passages/BCM_ONT-std_HG008T-p2_20260313/20260202_1137_1C_PBI63802_5301c73c/PBI63802_pass_5301c73c_1bfdcae4_411.bam	234003763
HG008T-p2.BCM_ONT-std_HG008T-p2_20260313	data_somatic/HG008/Liss_lab/other_passages/BCM_ONT-std_HG008T-p2_20260313/20260202_1137_1C_PBI63802_5301c73c/PBI63802_pass_5301c73c_1bfdcae4_412.bam	197520215
HG008T-p2.BCM_ONT-std_HG008T-p2_20260313	data_somatic/HG008/Liss_lab/other_passages/BCM_ONT-std_HG008T-p2_20260313/20260202_1137_1C_PBI63802_5301c73c/PBI63802_pass_5301c73c_1bfdcae4_413.bam	233891145
HG008T-p2.BCM_ONT-std_HG008T-p2_20260313	data_somatic/HG008/Liss_lab/other_passages/BCM_ONT-std_HG008T-p2_20260313/20260202_1137_1C_PBI63802_5301c73c/PBI63802_pass_5301c73c_1bfdcae4_414.bam	234358650
HG008T-p2.BCM_ONT-std_HG008T-p2_20260313	data_somatic/HG008/Liss_lab/other_passages/BCM_ONT-std_HG008T-p2_20260313/20260202_1137_1C_PBI63802_5301c73c/PBI63802_pass_5301c73c_1bfdcae4_415.bam	231170223
HG008T-p2.BCM_ONT-std_HG008T-p2_20260313	data_somatic/HG008/Liss_lab/other_passages/BCM_ONT-std_HG008T-p2_20260313/20260202_1137_1C_PBI63802_5301c73c/PBI63802_pass_5301c73c_1bfdcae4_416.bam	228244799
HG008T-p2.BCM_ONT-std_HG008T-p2_20260313	data_somatic/HG008/Liss_lab/other_passages/BCM_ONT-std_HG008T-p2_20260313/20260202_1137_1C_PBI63802_5301c73c/PBI63802_pass_5301c73c_1bfdcae4_417.bam	236587050
HG008T-p2.BCM_ONT-std_HG008T-p2_20260313	data_somatic/HG008/Liss_lab/other_passages/BCM_ONT-std_HG008T-p2_20260313/20260202_1137_1C_PBI63802_5301c73c/PBI63802_pass_5301c73c_1bfdcae4_418.bam	220008502
HG008T-p2.BCM_ONT-std_HG008T-p2_20260313	data_somatic/HG008/Liss_lab/other_passages/BCM_ONT-std_HG008T-p2_20260313/20260202_1137_1C_PBI63802_5301c73c/PBI63802_pass_5301c73c_1bfdcae4_419.bam	223320252
HG008T-p2.BCM_ONT-std_HG008T-p2_20260313	data_somatic/HG008/Liss_lab/other_passages/BCM_ONT-std_HG008T-p2_20260313/20260202_1137_1C_PBI63802_5301c73c/PBI63802_pass_5301c73c_1bfdcae4_42.bam	631788291
HG008T-p2.BCM_ONT-std_HG008T-p2_20260313	data_somatic/HG008/Liss_lab/other_passages/BCM_ONT-std_HG008T-p2_20260313/20260202_1137_1C_PBI63802_5301c73c/PBI63802_pass_5301c73c_1bfdcae4_420.bam	230456555
HG008T-p2.BCM_ONT-std_HG008T-p2_20260313	data_somatic/HG008/Liss_lab/other_passages/BCM_ONT-std_HG008T-p2_20260313/20260202_1137_1C_PBI63802_5301c73c/PBI63802_pass_5301c73c_1bfdcae4_421.bam	216805143
HG008T-p2.BCM_ONT-std_HG008T-p2_20260313	data_somatic/HG008/Liss_lab/other_passages/BCM_ONT-std_HG008T-p2_20260313/20260202_1137_1C_PBI63802_5301c73c/PBI63802_pass_5301c73c_1bfdcae4_422.bam	235289608
HG008T-p2.BCM_ONT-std_HG008T-p2_20260313	data_somatic/HG008/Liss_lab/other_passages/BCM_ONT-std_HG008T-p2_20260313/20260202_1137_1C_PBI63802_5301c73c/PBI63802_pass_5301c73c_1bfdcae4_423.bam	234231848
HG008T-p2.BCM_ONT-std_HG008T-p2_20260313	data_somatic/HG008/Liss_lab/other_passages/BCM_ONT-std_HG008T-p2_20260313/20260202_1137_1C_PBI63802_5301c73c/PBI63802_pass_5301c73c_1bfdcae4_424.bam	237807929
HG008T-p2.BCM_ONT-std_HG008T-p2_20260313	data_somatic/HG008/Liss_lab/other_passages/BCM_ONT-std_HG008T-p2_20260313/20260202_1137_1C_PBI63802_5301c73c/PBI63802_pass_5301c73c_1bfdcae4_425.bam	232410950
HG008T-p2.BCM_ONT-std_HG008T-p2_20260313	data_somatic/HG008/Liss_lab/other_passages/BCM_ONT-std_HG008T-p2_20260313/20260202_1137_1C_PBI63802_5301c73c/PBI63802_pass_5301c73c_1bfdcae4_426.bam	228352966
HG008T-p2.BCM_ONT-std_HG008T-p2_20260313	data_somatic/HG008/Liss_lab/other_passages/BCM_ONT-std_HG008T-p2_20260313/20260202_1137_1C_PBI63802_5301c73c/PBI63802_pass_5301c73c_1bfdcae4_427.bam	239666636
HG008T-p2.BCM_ONT-std_HG008T-p2_20260313	data_somatic/HG008/Liss_lab/other_passages/BCM_ONT-std_HG008T-p2_20260313/20260202_1137_1C_PBI63802_5301c73c/PBI63802_pass_5301c73c_1bfdcae4_428.bam	225180513
HG008T-p2.BCM_ONT-std_HG008T-p2_20260313	data_somatic/HG008/Liss_lab/other_passages/BCM_ONT-std_HG008T-p2_20260313/20260202_1137_1C_PBI63802_5301c73c/PBI63802_pass_5301c73c_1bfdcae4_429.bam	224885233
HG008T-p2.BCM_ONT-std_HG008T-p2_20260313	data_somatic/HG008/Liss_lab/other_passages/BCM_ONT-std_HG008T-p2_20260313/20260202_1137_1C_PBI63802_5301c73c/PBI63802_pass_5301c73c_1bfdcae4_43.bam	636513529
HG008T-p2.BCM_ONT-std_HG008T-p2_20260313	data_somatic/HG008/Liss_lab/other_passages/BCM_ONT-std_HG008T-p2_20260313/20260202_1137_1C_PBI63802_5301c73c/PBI63802_pass_5301c73c_1bfdcae4_430.bam	232480655
HG008T-p2.BCM_ONT-std_HG008T-p2_20260313	data_somatic/HG008/Liss_lab/other_passages/BCM_ONT-std_HG008T-p2_20260313/20260202_1137_1C_PBI63802_5301c73c/PBI63802_pass_5301c73c_1bfdcae4_431.bam	211814787
HG008T-p2.BCM_ONT-std_HG008T-p2_20260313	data_somatic/HG008/Liss_lab/other_passages/BCM_ONT-std_HG008T-p2_20260313/20260202_1137_1C_PBI63802_5301c73c/PBI63802_pass_5301c73c_1bfdcae4_432.bam	235024269
HG008T-p2.BCM_ONT-std_HG008T-p2_20260313	data_somatic/HG008/Liss_lab/other_passages/BCM_ONT-std_HG008T-p2_20260313/20260202_1137_1C_PBI63802_5301c73c/PBI63802_pass_5301c73c_1bfdcae4_433.bam	231829339
HG008T-p2.BCM_ONT-std_HG008T-p2_20260313	data_somatic/HG008/Liss_lab/other_passages/BCM_ONT-std_HG008T-p2_20260313/20260202_1137_1C_PBI63802_5301c73c/PBI63802_pass_5301c73c_1bfdcae4_434.bam	231910961
HG008T-p2.BCM_ONT-std_HG008T-p2_20260313	data_somatic/HG008/Liss_lab/other_passages/BCM_ONT-std_HG008T-p2_20260313/20260202_1137_1C_PBI63802_5301c73c/PBI63802_pass_5301c73c_1bfdcae4_435.bam	222672163
HG008T-p2.BCM_ONT-std_HG008T-p2_20260313	data_somatic/HG008/Liss_lab/other_passages/BCM_ONT-std_HG008T-p2_20260313/20260202_1137_1C_PBI63802_5301c73c/PBI63802_pass_5301c73c_1bfdcae4_436.bam	225543965
HG008T-p2.BCM_ONT-std_HG008T-p2_20260313	data_somatic/HG008/Liss_lab/other_passages/BCM_ONT-std_HG008T-p2_20260313/20260202_1137_1C_PBI63802_5301c73c/PBI63802_pass_5301c73c_1bfdcae4_437.bam	229723604
HG008T-p2.BCM_ONT-std_HG008T-p2_20260313	data_somatic/HG008/Liss_lab/other_passages/BCM_ONT-std_HG008T-p2_20260313/20260202_1137_1C_PBI63802_5301c73c/PBI63802_pass_5301c73c_1bfdcae4_438.bam	221529802
HG008T-p2.BCM_ONT-std_HG008T-p2_20260313	data_somatic/HG008/Liss_lab/other_passages/BCM_ONT-std_HG008T-p2_20260313/20260202_1137_1C_PBI63802_5301c73c/PBI63802_pass_5301c73c_1bfdcae4_439.bam	219342158
HG008T-p2.BCM_ONT-std_HG008T-p2_20260313	data_somatic/HG008/Liss_lab/other_passages/BCM_ONT-std_HG008T-p2_20260313/20260202_1137_1C_PBI63802_5301c73c/PBI63802_pass_5301c73c_1bfdcae4_44.bam	625797498
HG008T-p2.BCM_ONT-std_HG008T-p2_20260313	data_somatic/HG008/Liss_lab/other_passages/BCM_ONT-std_HG008T-p2_20260313/20260202_1137_1C_PBI63802_5301c73c/PBI63802_pass_5301c73c_1bfdcae4_440.bam	193649416
HG008T-p2.BCM_ONT-std_HG008T-p2_20260313	data_somatic/HG008/Liss_lab/other_passages/BCM_ONT-std_HG008T-p2_20260313/20260202_1137_1C_PBI63802_5301c73c/PBI63802_pass_5301c73c_1bfdcae4_441.bam	216604382
HG008T-p2.BCM_ONT-std_HG008T-p2_20260313	data_somatic/HG008/Liss_lab/other_passages/BCM_ONT-std_HG008T-p2_20260313/20260202_1137_1C_PBI63802_5301c73c/PBI63802_pass_5301c73c_1bfdcae4_442.bam	228196286
HG008T-p2.BCM_ONT-std_HG008T-p2_20260313	data_somatic/HG008/Liss_lab/other_passages/BCM_ONT-std_HG008T-p2_20260313/20260202_1137_1C_PBI63802_5301c73c/PBI63802_pass_5301c73c_1bfdcae4_443.bam	229441126
HG008T-p2.BCM_ONT-std_HG008T-p2_20260313	data_somatic/HG008/Liss_lab/other_passages/BCM_ONT-std_HG008T-p2_20260313/20260202_1137_1C_PBI63802_5301c73c/PBI63802_pass_5301c73c_1bfdcae4_444.bam	233586208
HG008T-p2.BCM_ONT-std_HG008T-p2_20260313	data_somatic/HG008/Liss_lab/other_passages/BCM_ONT-std_HG008T-p2_20260313/20260202_1137_1C_PBI63802_5301c73c/PBI63802_pass_5301c73c_1bfdcae4_445.bam	223318358
HG008T-p2.BCM_ONT-std_HG008T-p2_20260313	data_somatic/HG008/Liss_lab/other_passages/BCM_ONT-std_HG008T-p2_20260313/20260202_1137_1C_PBI63802_5301c73c/PBI63802_pass_5301c73c_1bfdcae4_446.bam	225646541
HG008T-p2.BCM_ONT-std_HG008T-p2_20260313	data_somatic/HG008/Liss_lab/other_passages/BCM_ONT-std_HG008T-p2_20260313/20260202_1137_1C_PBI63802_5301c73c/PBI63802_pass_5301c73c_1bfdcae4_447.bam	227651813
HG008T-p2.BCM_ONT-std_HG008T-p2_20260313	data_somatic/HG008/Liss_lab/other_passages/BCM_ONT-std_HG008T-p2_20260313/20260202_1137_1C_PBI63802_5301c73c/PBI63802_pass_5301c73c_1bfdcae4_448.bam	205701683
HG008T-p2.BCM_ONT-std_HG008T-p2_20260313	data_somatic/HG008/Liss_lab/other_passages/BCM_ONT-std_HG008T-p2_20260313/20260202_1137_1C_PBI63802_5301c73c/PBI63802_pass_5301c73c_1bfdcae4_449.bam	197206849
HG008T-p2.BCM_ONT-std_HG008T-p2_20260313	data_somatic/HG008/Liss_lab/other_passages/BCM_ONT-std_HG008T-p2_20260313/20260202_1137_1C_PBI63802_5301c73c/PBI63802_pass_5301c73c_1bfdcae4_45.bam	627424764
HG008T-p2.BCM_ONT-std_HG008T-p2_20260313	data_somatic/HG008/Liss_lab/other_passages/BCM_ONT-std_HG008T-p2_20260313/20260202_1137_1C_PBI63802_5301c73c/PBI63802_pass_5301c73c_1bfdcae4_450.bam	186157851
HG008T-p2.BCM_ONT-std_HG008T-p2_20260313	data_somatic/HG008/Liss_lab/other_passages/BCM_ONT-std_HG008T-p2_20260313/20260202_1137_1C_PBI63802_5301c73c/PBI63802_pass_5301c73c_1bfdcae4_451.bam	220470872
HG008T-p2.BCM_ONT-std_HG008T-p2_20260313	data_somatic/HG008/Liss_lab/other_passages/BCM_ONT-std_HG008T-p2_20260313/20260202_1137_1C_PBI63802_5301c73c/PBI63802_pass_5301c73c_1bfdcae4_452.bam	221419421
HG008T-p2.BCM_ONT-std_HG008T-p2_20260313	data_somatic/HG008/Liss_lab/other_passages/BCM_ONT-std_HG008T-p2_20260313/20260202_1137_1C_PBI63802_5301c73c/PBI63802_pass_5301c73c_1bfdcae4_453.bam	234786367
HG008T-p2.BCM_ONT-std_HG008T-p2_20260313	data_somatic/HG008/Liss_lab/other_passages/BCM_ONT-std_HG008T-p2_20260313/20260202_1137_1C_PBI63802_5301c73c/PBI63802_pass_5301c73c_1bfdcae4_454.bam	227580812
HG008T-p2.BCM_ONT-std_HG008T-p2_20260313	data_somatic/HG008/Liss_lab/other_passages/BCM_ONT-std_HG008T-p2_20260313/20260202_1137_1C_PBI63802_5301c73c/PBI63802_pass_5301c73c_1bfdcae4_455.bam	213933058
HG008T-p2.BCM_ONT-std_HG008T-p2_20260313	data_somatic/HG008/Liss_lab/other_passages/BCM_ONT-std_HG008T-p2_20260313/20260202_1137_1C_PBI63802_5301c73c/PBI63802_pass_5301c73c_1bfdcae4_456.bam	223657920
HG008T-p2.BCM_ONT-std_HG008T-p2_20260313	data_somatic/HG008/Liss_lab/other_passages/BCM_ONT-std_HG008T-p2_20260313/20260202_1137_1C_PBI63802_5301c73c/PBI63802_pass_5301c73c_1bfdcae4_457.bam	204614000
HG008T-p2.BCM_ONT-std_HG008T-p2_20260313	data_somatic/HG008/Liss_lab/other_passages/BCM_ONT-std_HG008T-p2_20260313/20260202_1137_1C_PBI63802_5301c73c/PBI63802_pass_5301c73c_1bfdcae4_458.bam	195833159
HG008T-p2.BCM_ONT-std_HG008T-p2_20260313	data_somatic/HG008/Liss_lab/other_passages/BCM_ONT-std_HG008T-p2_20260313/20260202_1137_1C_PBI63802_5301c73c/PBI63802_pass_5301c73c_1bfdcae4_459.bam	200477246
HG008T-p2.BCM_ONT-std_HG008T-p2_20260313	data_somatic/HG008/Liss_lab/other_passages/BCM_ONT-std_HG008T-p2_20260313/20260202_1137_1C_PBI63802_5301c73c/PBI63802_pass_5301c73c_1bfdcae4_46.bam	623587026
HG008T-p2.BCM_ONT-std_HG008T-p2_20260313	data_somatic/HG008/Liss_lab/other_passages/BCM_ONT-std_HG008T-p2_20260313/20260202_1137_1C_PBI63802_5301c73c/PBI63802_pass_5301c73c_1bfdcae4_460.bam	218929651
HG008T-p2.BCM_ONT-std_HG008T-p2_20260313	data_somatic/HG008/Liss_lab/other_passages/BCM_ONT-std_HG008T-p2_20260313/20260202_1137_1C_PBI63802_5301c73c/PBI63802_pass_5301c73c_1bfdcae4_461.bam	225949019
HG008T-p2.BCM_ONT-std_HG008T-p2_20260313	data_somatic/HG008/Liss_lab/other_passages/BCM_ONT-std_HG008T-p2_20260313/20260202_1137_1C_PBI63802_5301c73c/PBI63802_pass_5301c73c_1bfdcae4_462.bam	223152932
HG008T-p2.BCM_ONT-std_HG008T-p2_20260313	data_somatic/HG008/Liss_lab/other_passages/BCM_ONT-std_HG008T-p2_20260313/20260202_1137_1C_PBI63802_5301c73c/PBI63802_pass_5301c73c_1bfdcae4_463.bam	226084400
HG008T-p2.BCM_ONT-std_HG008T-p2_20260313	data_somatic/HG008/Liss_lab/other_passages/BCM_ONT-std_HG008T-p2_20260313/20260202_1137_1C_PBI63802_5301c73c/PBI63802_pass_5301c73c_1bfdcae4_464.bam	210256545
HG008T-p2.BCM_ONT-std_HG008T-p2_20260313	data_somatic/HG008/Liss_lab/other_passages/BCM_ONT-std_HG008T-p2_20260313/20260202_1137_1C_PBI63802_5301c73c/PBI63802_pass_5301c73c_1bfdcae4_465.bam	203016607
HG008T-p2.BCM_ONT-std_HG008T-p2_20260313	data_somatic/HG008/Liss_lab/other_passages/BCM_ONT-std_HG008T-p2_20260313/20260202_1137_1C_PBI63802_5301c73c/PBI63802_pass_5301c73c_1bfdcae4_466.bam	193679727
HG008T-p2.BCM_ONT-std_HG008T-p2_20260313	data_somatic/HG008/Liss_lab/other_passages/BCM_ONT-std_HG008T-p2_20260313/20260202_1137_1C_PBI63802_5301c73c/PBI63802_pass_5301c73c_1bfdcae4_467.bam	212669307
HG008T-p2.BCM_ONT-std_HG008T-p2_20260313	data_somatic/HG008/Liss_lab/other_passages/BCM_ONT-std_HG008T-p2_20260313/20260202_1137_1C_PBI63802_5301c73c/PBI63802_pass_5301c73c_1bfdcae4_468.bam	220985798
HG008T-p2.BCM_ONT-std_HG008T-p2_20260313	data_somatic/HG008/Liss_lab/other_passages/BCM_ONT-std_HG008T-p2_20260313/20260202_1137_1C_PBI63802_5301c73c/PBI63802_pass_5301c73c_1bfdcae4_469.bam	207262393
HG008T-p2.BCM_ONT-std_HG008T-p2_20260313	data_somatic/HG008/Liss_lab/other_passages/BCM_ONT-std_HG008T-p2_20260313/20260202_1137_1C_PBI63802_5301c73c/PBI63802_pass_5301c73c_1bfdcae4_47.bam	360261170
HG008T-p2.BCM_ONT-std_HG008T-p2_20260313	data_somatic/HG008/Liss_lab/other_passages/BCM_ONT-std_HG008T-p2_20260313/20260202_1137_1C_PBI63802_5301c73c/PBI63802_pass_5301c73c_1bfdcae4_470.bam	226476054
HG008T-p2.BCM_ONT-std_HG008T-p2_20260313	data_somatic/HG008/Liss_lab/other_passages/BCM_ONT-std_HG008T-p2_20260313/20260202_1137_1C_PBI63802_5301c73c/PBI63802_pass_5301c73c_1bfdcae4_471.bam	226062445
HG008T-p2.BCM_ONT-std_HG008T-p2_20260313	data_somatic/HG008/Liss_lab/other_passages/BCM_ONT-std_HG008T-p2_20260313/20260202_1137_1C_PBI63802_5301c73c/PBI63802_pass_5301c73c_1bfdcae4_472.bam	240585845
HG008T-p2.BCM_ONT-std_HG008T-p2_20260313	data_somatic/HG008/Liss_lab/other_passages/BCM_ONT-std_HG008T-p2_20260313/20260202_1137_1C_PBI63802_5301c73c/PBI63802_pass_5301c73c_1bfdcae4_473.bam	222325627
HG008T-p2.BCM_ONT-std_HG008T-p2_20260313	data_somatic/HG008/Liss_lab/other_passages/BCM_ONT-std_HG008T-p2_20260313/20260202_1137_1C_PBI63802_5301c73c/PBI63802_pass_5301c73c_1bfdcae4_474.bam	227331279
HG008T-p2.BCM_ONT-std_HG008T-p2_20260313	data_somatic/HG008/Liss_lab/other_passages/BCM_ONT-std_HG008T-p2_20260313/20260202_1137_1C_PBI63802_5301c73c/PBI63802_pass_5301c73c_1bfdcae4_475.bam	225606983
HG008T-p2.BCM_ONT-std_HG008T-p2_20260313	data_somatic/HG008/Liss_lab/other_passages/BCM_ONT-std_HG008T-p2_20260313/20260202_1137_1C_PBI63802_5301c73c/PBI63802_pass_5301c73c_1bfdcae4_476.bam	229852009
HG008T-p2.BCM_ONT-std_HG008T-p2_20260313	data_somatic/HG008/Liss_lab/other_passages/BCM_ONT-std_HG008T-p2_20260313/20260202_1137_1C_PBI63802_5301c73c/PBI63802_pass_5301c73c_1bfdcae4_477.bam	230748540
HG008T-p2.BCM_ONT-std_HG008T-p2_20260313	data_somatic/HG008/Liss_lab/other_passages/BCM_ONT-std_HG008T-p2_20260313/20260202_1137_1C_PBI63802_5301c73c/PBI63802_pass_5301c73c_1bfdcae4_478.bam	225273633
HG008T-p2.BCM_ONT-std_HG008T-p2_20260313	data_somatic/HG008/Liss_lab/other_passages/BCM_ONT-std_HG008T-p2_20260313/20260202_1137_1C_PBI63802_5301c73c/PBI63802_pass_5301c73c_1bfdcae4_479.bam	233134024
HG008T-p2.BCM_ONT-std_HG008T-p2_20260313	data_somatic/HG008/Liss_lab/other_passages/BCM_ONT-std_HG008T-p2_20260313/20260202_1137_1C_PBI63802_5301c73c/PBI63802_pass_5301c73c_1bfdcae4_48.bam	653980205
HG008T-p2.BCM_ONT-std_HG008T-p2_20260313	data_somatic/HG008/Liss_lab/other_passages/BCM_ONT-std_HG008T-p2_20260313/20260202_1137_1C_PBI63802_5301c73c/PBI63802_pass_5301c73c_1bfdcae4_480.bam	229765145
HG008T-p2.BCM_ONT-std_HG008T-p2_20260313	data_somatic/HG008/Liss_lab/other_passages/BCM_ONT-std_HG008T-p2_20260313/20260202_1137_1C_PBI63802_5301c73c/PBI63802_pass_5301c73c_1bfdcae4_481.bam	236354968
HG008T-p2.BCM_ONT-std_HG008T-p2_20260313	data_somatic/HG008/Liss_lab/other_passages/BCM_ONT-std_HG008T-p2_20260313/20260202_1137_1C_PBI63802_5301c73c/PBI63802_pass_5301c73c_1bfdcae4_482.bam	241382163
HG008T-p2.BCM_ONT-std_HG008T-p2_20260313	data_somatic/HG008/Liss_lab/other_passages/BCM_ONT-std_HG008T-p2_20260313/20260202_1137_1C_PBI63802_5301c73c/PBI63802_pass_5301c73c_1bfdcae4_483.bam	225485610
HG008T-p2.BCM_ONT-std_HG008T-p2_20260313	data_somatic/HG008/Liss_lab/other_passages/BCM_ONT-std_HG008T-p2_20260313/20260202_1137_1C_PBI63802_5301c73c/PBI63802_pass_5301c73c_1bfdcae4_484.bam	244312112
HG008T-p2.BCM_ONT-std_HG008T-p2_20260313	data_somatic/HG008/Liss_lab/other_passages/BCM_ONT-std_HG008T-p2_20260313/20260202_1137_1C_PBI63802_5301c73c/PBI63802_pass_5301c73c_1bfdcae4_485.bam	249884842
HG008T-p2.BCM_ONT-std_HG008T-p2_20260313	data_somatic/HG008/Liss_lab/other_passages/BCM_ONT-std_HG008T-p2_20260313/20260202_1137_1C_PBI63802_5301c73c/PBI63802_pass_5301c73c_1bfdcae4_486.bam	238938264
HG008T-p2.BCM_ONT-std_HG008T-p2_20260313	data_somatic/HG008/Liss_lab/other_passages/BCM_ONT-std_HG008T-p2_20260313/20260202_1137_1C_PBI63802_5301c73c/PBI63802_pass_5301c73c_1bfdcae4_487.bam	239054091
HG008T-p2.BCM_ONT-std_HG008T-p2_20260313	data_somatic/HG008/Liss_lab/other_passages/BCM_ONT-std_HG008T-p2_20260313/20260202_1137_1C_PBI63802_5301c73c/PBI63802_pass_5301c73c_1bfdcae4_488.bam	235407431
HG008T-p2.BCM_ONT-std_HG008T-p2_20260313	data_somatic/HG008/Liss_lab/other_passages/BCM_ONT-std_HG008T-p2_20260313/20260202_1137_1C_PBI63802_5301c73c/PBI63802_pass_5301c73c_1bfdcae4_489.bam	244950172
HG008T-p2.BCM_ONT-std_HG008T-p2_20260313	data_somatic/HG008/Liss_lab/other_passages/BCM_ONT-std_HG008T-p2_20260313/20260202_1137_1C_PBI63802_5301c73c/PBI63802_pass_5301c73c_1bfdcae4_49.bam	651745047
HG008T-p2.BCM_ONT-std_HG008T-p2_20260313	data_somatic/HG008/Liss_lab/other_passages/BCM_ONT-std_HG008T-p2_20260313/20260202_1137_1C_PBI63802_5301c73c/PBI63802_pass_5301c73c_1bfdcae4_490.bam	237737735
HG008T-p2.BCM_ONT-std_HG008T-p2_20260313	data_somatic/HG008/Liss_lab/other_passages/BCM_ONT-std_HG008T-p2_20260313/20260202_1137_1C_PBI63802_5301c73c/PBI63802_pass_5301c73c_1bfdcae4_491.bam	240715872
HG008T-p2.BCM_ONT-std_HG008T-p2_20260313	data_somatic/HG008/Liss_lab/other_passages/BCM_ONT-std_HG008T-p2_20260313/20260202_1137_1C_PBI63802_5301c73c/PBI63802_pass_5301c73c_1bfdcae4_492.bam	226066536
HG008T-p2.BCM_ONT-std_HG008T-p2_20260313	data_somatic/HG008/Liss_lab/other_passages/BCM_ONT-std_HG008T-p2_20260313/20260202_1137_1C_PBI63802_5301c73c/PBI63802_pass_5301c73c_1bfdcae4_493.bam	242759606
HG008T-p2.BCM_ONT-std_HG008T-p2_20260313	data_somatic/HG008/Liss_lab/other_passages/BCM_ONT-std_HG008T-p2_20260313/20260202_1137_1C_PBI63802_5301c73c/PBI63802_pass_5301c73c_1bfdcae4_494.bam	240441306
HG008T-p2.BCM_ONT-std_HG008T-p2_20260313	data_somatic/HG008/Liss_lab/other_passages/BCM_ONT-std_HG008T-p2_20260313/20260202_1137_1C_PBI63802_5301c73c/PBI63802_pass_5301c73c_1bfdcae4_495.bam	243700025
HG008T-p2.BCM_ONT-std_HG008T-p2_20260313	data_somatic/HG008/Liss_lab/other_passages/BCM_ONT-std_HG008T-p2_20260313/20260202_1137_1C_PBI63802_5301c73c/PBI63802_pass_5301c73c_1bfdcae4_496.bam	242604949
HG008T-p2.BCM_ONT-std_HG008T-p2_20260313	data_somatic/HG008/Liss_lab/other_passages/BCM_ONT-std_HG008T-p2_20260313/20260202_1137_1C_PBI63802_5301c73c/PBI63802_pass_5301c73c_1bfdcae4_497.bam	243034518
HG008T-p2.BCM_ONT-std_HG008T-p2_20260313	data_somatic/HG008/Liss_lab/other_passages/BCM_ONT-std_HG008T-p2_20260313/20260202_1137_1C_PBI63802_5301c73c/PBI63802_pass_5301c73c_1bfdcae4_498.bam	245590505
HG008T-p2.BCM_ONT-std_HG008T-p2_20260313	data_somatic/HG008/Liss_lab/other_passages/BCM_ONT-std_HG008T-p2_20260313/20260202_1137_1C_PBI63802_5301c73c/PBI63802_pass_5301c73c_1bfdcae4_499.bam	241440020
HG008T-p2.BCM_ONT-std_HG008T-p2_20260313	data_somatic/HG008/Liss_lab/other_passages/BCM_ONT-std_HG008T-p2_20260313/20260202_1137_1C_PBI63802_5301c73c/PBI63802_pass_5301c73c_1bfdcae4_5.bam	713491897
HG008T-p2.BCM_ONT-std_HG008T-p2_20260313	data_somatic/HG008/Liss_lab/other_passages/BCM_ONT-std_HG008T-p2_20260313/20260202_1137_1C_PBI63802_5301c73c/PBI63802_pass_5301c73c_1bfdcae4_50.bam	654149958
HG008T-p2.BCM_ONT-std_HG008T-p2_20260313	data_somatic/HG008/Liss_lab/other_passages/BCM_ONT-std_HG008T-p2_20260313/20260202_1137_1C_PBI63802_5301c73c/PBI63802_pass_5301c73c_1bfdcae4_500.bam	219303170
HG008T-p2.BCM_ONT-std_HG008T-p2_20260313	data_somatic/HG008/Liss_lab/other_passages/BCM_ONT-std_HG008T-p2_20260313/20260202_1137_1C_PBI63802_5301c73c/PBI63802_pass_5301c73c_1bfdcae4_501.bam	242289951
HG008T-p2.BCM_ONT-std_HG008T-p2_20260313	data_somatic/HG008/Liss_lab/other_passages/BCM_ONT-std_HG008T-p2_20260313/20260202_1137_1C_PBI63802_5301c73c/PBI63802_pass_5301c73c_1bfdcae4_502.bam	242428144
HG008T-p2.BCM_ONT-std_HG008T-p2_20260313	data_somatic/HG008/Liss_lab/other_passages/BCM_ONT-std_HG008T-p2_20260313/20260202_1137_1C_PBI63802_5301c73c/PBI63802_pass_5301c73c_1bfdcae4_503.bam	233988737
HG008T-p2.BCM_ONT-std_HG008T-p2_20260313	data_somatic/HG008/Liss_lab/other_passages/BCM_ONT-std_HG008T-p2_20260313/20260202_1137_1C_PBI63802_5301c73c/PBI63802_pass_5301c73c_1bfdcae4_504.bam	239599566
HG008T-p2.BCM_ONT-std_HG008T-p2_20260313	data_somatic/HG008/Liss_lab/other_passages/BCM_ONT-std_HG008T-p2_20260313/20260202_1137_1C_PBI63802_5301c73c/PBI63802_pass_5301c73c_1bfdcae4_505.bam	239568187
HG008T-p2.BCM_ONT-std_HG008T-p2_20260313	data_somatic/HG008/Liss_lab/other_passages/BCM_ONT-std_HG008T-p2_20260313/20260202_1137_1C_PBI63802_5301c73c/PBI63802_pass_5301c73c_1bfdcae4_506.bam	239466070
HG008T-p2.BCM_ONT-std_HG008T-p2_20260313	data_somatic/HG008/Liss_lab/other_passages/BCM_ONT-std_HG008T-p2_20260313/20260202_1137_1C_PBI63802_5301c73c/PBI63802_pass_5301c73c_1bfdcae4_507.bam	228855565
HG008T-p2.BCM_ONT-std_HG008T-p2_20260313	data_somatic/HG008/Liss_lab/other_passages/BCM_ONT-std_HG008T-p2_20260313/20260202_1137_1C_PBI63802_5301c73c/PBI63802_pass_5301c73c_1bfdcae4_508.bam	237201207
HG008T-p2.BCM_ONT-std_HG008T-p2_20260313	data_somatic/HG008/Liss_lab/other_passages/BCM_ONT-std_HG008T-p2_20260313/20260202_1137_1C_PBI63802_5301c73c/PBI63802_pass_5301c73c_1bfdcae4_509.bam	239939790
HG008T-p2.BCM_ONT-std_HG008T-p2_20260313	data_somatic/HG008/Liss_lab/other_passages/BCM_ONT-std_HG008T-p2_20260313/20260202_1137_1C_PBI63802_5301c73c/PBI63802_pass_5301c73c_1bfdcae4_51.bam	638605012
HG008T-p2.BCM_ONT-std_HG008T-p2_20260313	data_somatic/HG008/Liss_lab/other_passages/BCM_ONT-std_HG008T-p2_20260313/20260202_1137_1C_PBI63802_5301c73c/PBI63802_pass_5301c73c_1bfdcae4_510.bam	243887419
HG008T-p2.BCM_ONT-std_HG008T-p2_20260313	data_somatic/HG008/Liss_lab/other_passages/BCM_ONT-std_HG008T-p2_20260313/20260202_1137_1C_PBI63802_5301c73c/PBI63802_pass_5301c73c_1bfdcae4_511.bam	235270270
HG008T-p2.BCM_ONT-std_HG008T-p2_20260313	data_somatic/HG008/Liss_lab/other_passages/BCM_ONT-std_HG008T-p2_20260313/20260202_1137_1C_PBI63802_5301c73c/PBI63802_pass_5301c73c_1bfdcae4_512.bam	239581014
HG008T-p2.BCM_ONT-std_HG008T-p2_20260313	data_somatic/HG008/Liss_lab/other_passages/BCM_ONT-std_HG008T-p2_20260313/20260202_1137_1C_PBI63802_5301c73c/PBI63802_pass_5301c73c_1bfdcae4_513.bam	229952193
HG008T-p2.BCM_ONT-std_HG008T-p2_20260313	data_somatic/HG008/Liss_lab/other_passages/BCM_ONT-std_HG008T-p2_20260313/20260202_1137_1C_PBI63802_5301c73c/PBI63802_pass_5301c73c_1bfdcae4_514.bam	248990708
HG008T-p2.BCM_ONT-std_HG008T-p2_20260313	data_somatic/HG008/Liss_lab/other_passages/BCM_ONT-std_HG008T-p2_20260313/20260202_1137_1C_PBI63802_5301c73c/PBI63802_pass_5301c73c_1bfdcae4_515.bam	238967618
HG008T-p2.BCM_ONT-std_HG008T-p2_20260313	data_somatic/HG008/Liss_lab/other_passages/BCM_ONT-std_HG008T-p2_20260313/20260202_1137_1C_PBI63802_5301c73c/PBI63802_pass_5301c73c_1bfdcae4_516.bam	242887114
HG008T-p2.BCM_ONT-std_HG008T-p2_20260313	data_somatic/HG008/Liss_lab/other_passages/BCM_ONT-std_HG008T-p2_20260313/20260202_1137_1C_PBI63802_5301c73c/PBI63802_pass_5301c73c_1bfdcae4_517.bam	237631740
HG008T-p2.BCM_ONT-std_HG008T-p2_20260313	data_somatic/HG008/Liss_lab/other_passages/BCM_ONT-std_HG008T-p2_20260313/20260202_1137_1C_PBI63802_5301c73c/PBI63802_pass_5301c73c_1bfdcae4_518.bam	239810510
HG008T-p2.BCM_ONT-std_HG008T-p2_20260313	data_somatic/HG008/Liss_lab/other_passages/BCM_ONT-std_HG008T-p2_20260313/20260202_1137_1C_PBI63802_5301c73c/PBI63802_pass_5301c73c_1bfdcae4_519.bam	231827251
HG008T-p2.BCM_ONT-std_HG008T-p2_20260313	data_somatic/HG008/Liss_lab/other_passages/BCM_ONT-std_HG008T-p2_20260313/20260202_1137_1C_PBI63802_5301c73c/PBI63802_pass_5301c73c_1bfdcae4_52.bam	637634017
HG008T-p2.BCM_ONT-std_HG008T-p2_20260313	data_somatic/HG008/Liss_lab/other_passages/BCM_ONT-std_HG008T-p2_20260313/20260202_1137_1C_PBI63802_5301c73c/PBI63802_pass_5301c73c_1bfdcae4_520.bam	231586009
HG008T-p2.BCM_ONT-std_HG008T-p2_20260313	data_somatic/HG008/Liss_lab/other_passages/BCM_ONT-std_HG008T-p2_20260313/20260202_1137_1C_PBI63802_5301c73c/PBI63802_pass_5301c73c_1bfdcae4_521.bam	238656779
HG008T-p2.BCM_ONT-std_HG008T-p2_20260313	data_somatic/HG008/Liss_lab/other_passages/BCM_ONT-std_HG008T-p2_20260313/20260202_1137_1C_PBI63802_5301c73c/PBI63802_pass_5301c73c_1bfdcae4_522.bam	240877177
HG008T-p2.BCM_ONT-std_HG008T-p2_20260313	data_somatic/HG008/Liss_lab/other_passages/BCM_ONT-std_HG008T-p2_20260313/20260202_1137_1C_PBI63802_5301c73c/PBI63802_pass_5301c73c_1bfdcae4_523.bam	236280883
HG008T-p2.BCM_ONT-std_HG008T-p2_20260313	data_somatic/HG008/Liss_lab/other_passages/BCM_ONT-std_HG008T-p2_20260313/20260202_1137_1C_PBI63802_5301c73c/PBI63802_pass_5301c73c_1bfdcae4_524.bam	231862854
HG008T-p2.BCM_ONT-std_HG008T-p2_20260313	data_somatic/HG008/Liss_lab/other_passages/BCM_ONT-std_HG008T-p2_20260313/20260202_1137_1C_PBI63802_5301c73c/PBI63802_pass_5301c73c_1bfdcae4_525.bam	234260258
HG008T-p2.BCM_ONT-std_HG008T-p2_20260313	data_somatic/HG008/Liss_lab/other_passages/BCM_ONT-std_HG008T-p2_20260313/20260202_1137_1C_PBI63802_5301c73c/PBI63802_pass_5301c73c_1bfdcae4_526.bam	238200881
HG008T-p2.BCM_ONT-std_HG008T-p2_20260313	data_somatic/HG008/Liss_lab/other_passages/BCM_ONT-std_HG008T-p2_20260313/20260202_1137_1C_PBI63802_5301c73c/PBI63802_pass_5301c73c_1bfdcae4_527.bam	230030202
HG008T-p2.BCM_ONT-std_HG008T-p2_20260313	data_somatic/HG008/Liss_lab/other_passages/BCM_ONT-std_HG008T-p2_20260313/20260202_1137_1C_PBI63802_5301c73c/PBI63802_pass_5301c73c_1bfdcae4_528.bam	230869534
HG008T-p2.BCM_ONT-std_HG008T-p2_20260313	data_somatic/HG008/Liss_lab/other_passages/BCM_ONT-std_HG008T-p2_20260313/20260202_1137_1C_PBI63802_5301c73c/PBI63802_pass_5301c73c_1bfdcae4_529.bam	233601880
HG008T-p2.BCM_ONT-std_HG008T-p2_20260313	data_somatic/HG008/Liss_lab/other_passages/BCM_ONT-std_HG008T-p2_20260313/20260202_1137_1C_PBI63802_5301c73c/PBI63802_pass_5301c73c_1bfdcae4_53.bam	641445667
HG008T-p2.BCM_ONT-std_HG008T-p2_20260313	data_somatic/HG008/Liss_lab/other_passages/BCM_ONT-std_HG008T-p2_20260313/20260202_1137_1C_PBI63802_5301c73c/PBI63802_pass_5301c73c_1bfdcae4_530.bam	230587855
HG008T-p2.BCM_ONT-std_HG008T-p2_20260313	data_somatic/HG008/Liss_lab/other_passages/BCM_ONT-std_HG008T-p2_20260313/20260202_1137_1C_PBI63802_5301c73c/PBI63802_pass_5301c73c_1bfdcae4_531.bam	233043862
HG008T-p2.BCM_ONT-std_HG008T-p2_20260313	data_somatic/HG008/Liss_lab/other_passages/BCM_ONT-std_HG008T-p2_20260313/20260202_1137_1C_PBI63802_5301c73c/PBI63802_pass_5301c73c_1bfdcae4_532.bam	241726885
HG008T-p2.BCM_ONT-std_HG008T-p2_20260313	data_somatic/HG008/Liss_lab/other_passages/BCM_ONT-std_HG008T-p2_20260313/20260202_1137_1C_PBI63802_5301c73c/PBI63802_pass_5301c73c_1bfdcae4_533.bam	244998596
HG008T-p2.BCM_ONT-std_HG008T-p2_20260313	data_somatic/HG008/Liss_lab/other_passages/BCM_ONT-std_HG008T-p2_20260313/20260202_1137_1C_PBI63802_5301c73c/PBI63802_pass_5301c73c_1bfdcae4_534.bam	245802209
HG008T-p2.BCM_ONT-std_HG008T-p2_20260313	data_somatic/HG008/Liss_lab/other_passages/BCM_ONT-std_HG008T-p2_20260313/20260202_1137_1C_PBI63802_5301c73c/PBI63802_pass_5301c73c_1bfdcae4_535.bam	241949509
HG008T-p2.BCM_ONT-std_HG008T-p2_20260313	data_somatic/HG008/Liss_lab/other_passages/BCM_ONT-std_HG008T-p2_20260313/20260202_1137_1C_PBI63802_5301c73c/PBI63802_pass_5301c73c_1bfdcae4_536.bam	235860225
HG008T-p2.BCM_ONT-std_HG008T-p2_20260313	data_somatic/HG008/Liss_lab/other_passages/BCM_ONT-std_HG008T-p2_20260313/20260202_1137_1C_PBI63802_5301c73c/PBI63802_pass_5301c73c_1bfdcae4_537.bam	245039954
HG008T-p2.BCM_ONT-std_HG008T-p2_20260313	data_somatic/HG008/Liss_lab/other_passages/BCM_ONT-std_HG008T-p2_20260313/20260202_1137_1C_PBI63802_5301c73c/PBI63802_pass_5301c73c_1bfdcae4_538.bam	227747824
HG008T-p2.BCM_ONT-std_HG008T-p2_20260313	data_somatic/HG008/Liss_lab/other_passages/BCM_ONT-std_HG008T-p2_20260313/20260202_1137_1C_PBI63802_5301c73c/PBI63802_pass_5301c73c_1bfdcae4_539.bam	236009876
HG008T-p2.BCM_ONT-std_HG008T-p2_20260313	data_somatic/HG008/Liss_lab/other_passages/BCM_ONT-std_HG008T-p2_20260313/20260202_1137_1C_PBI63802_5301c73c/PBI63802_pass_5301c73c_1bfdcae4_54.bam	628816591
HG008T-p2.BCM_ONT-std_HG008T-p2_20260313	data_somatic/HG008/Liss_lab/other_passages/BCM_ONT-std_HG008T-p2_20260313/20260202_1137_1C_PBI63802_5301c73c/PBI63802_pass_5301c73c_1bfdcae4_540.bam	248540892
HG008T-p2.BCM_ONT-std_HG008T-p2_20260313	data_somatic/HG008/Liss_lab/other_passages/BCM_ONT-std_HG008T-p2_20260313/20260202_1137_1C_PBI63802_5301c73c/PBI63802_pass_5301c73c_1bfdcae4_541.bam	240092935
HG008T-p2.BCM_ONT-std_HG008T-p2_20260313	data_somatic/HG008/Liss_lab/other_passages/BCM_ONT-std_HG008T-p2_20260313/20260202_1137_1C_PBI63802_5301c73c/PBI63802_pass_5301c73c_1bfdcae4_542.bam	244342456
HG008T-p2.BCM_ONT-std_HG008T-p2_20260313	data_somatic/HG008/Liss_lab/other_passages/BCM_ONT-std_HG008T-p2_20260313/20260202_1137_1C_PBI63802_5301c73c/PBI63802_pass_5301c73c_1bfdcae4_543.bam	261346019
HG008T-p2.BCM_ONT-std_HG008T-p2_20260313	data_somatic/HG008/Liss_lab/other_passages/BCM_ONT-std_HG008T-p2_20260313/20260202_1137_1C_PBI63802_5301c73c/PBI63802_pass_5301c73c_1bfdcae4_544.bam	251334908
HG008T-p2.BCM_ONT-std_HG008T-p2_20260313	data_somatic/HG008/Liss_lab/other_passages/BCM_ONT-std_HG008T-p2_20260313/20260202_1137_1C_PBI63802_5301c73c/PBI63802_pass_5301c73c_1bfdcae4_545.bam	248440877
HG008T-p2.BCM_ONT-std_HG008T-p2_20260313	data_somatic/HG008/Liss_lab/other_passages/BCM_ONT-std_HG008T-p2_20260313/20260202_1137_1C_PBI63802_5301c73c/PBI63802_pass_5301c73c_1bfdcae4_546.bam	93668268
HG008T-p2.BCM_ONT-std_HG008T-p2_20260313	data_somatic/HG008/Liss_lab/other_passages/BCM_ONT-std_HG008T-p2_20260313/20260202_1137_1C_PBI63802_5301c73c/PBI63802_pass_5301c73c_1bfdcae4_55.bam	623058964
HG008T-p2.BCM_ONT-std_HG008T-p2_20260313	data_somatic/HG008/Liss_lab/other_passages/BCM_ONT-std_HG008T-p2_20260313/20260202_1137_1C_PBI63802_5301c73c/PBI63802_pass_5301c73c_1bfdcae4_56.bam	577629596
HG008T-p2.BCM_ONT-std_HG008T-p2_20260313	data_somatic/HG008/Liss_lab/other_passages/BCM_ONT-std_HG008T-p2_20260313/20260202_1137_1C_PBI63802_5301c73c/PBI63802_pass_5301c73c_1bfdcae4_57.bam	408670999
HG008T-p2.BCM_ONT-std_HG008T-p2_20260313	data_somatic/HG008/Liss_lab/other_passages/BCM_ONT-std_HG008T-p2_20260313/20260202_1137_1C_PBI63802_5301c73c/PBI63802_pass_5301c73c_1bfdcae4_58.bam	594924145
HG008T-p2.BCM_ONT-std_HG008T-p2_20260313	data_somatic/HG008/Liss_lab/other_passages/BCM_ONT-std_HG008T-p2_20260313/20260202_1137_1C_PBI63802_5301c73c/PBI63802_pass_5301c73c_1bfdcae4_59.bam	607589832
HG008T-p2.BCM_ONT-std_HG008T-p2_20260313	data_somatic/HG008/Liss_lab/other_passages/BCM_ONT-std_HG008T-p2_20260313/20260202_1137_1C_PBI63802_5301c73c/PBI63802_pass_5301c73c_1bfdcae4_6.bam	691746335
HG008T-p2.BCM_ONT-std_HG008T-p2_20260313	data_somatic/HG008/Liss_lab/other_passages/BCM_ONT-std_HG008T-p2_20260313/20260202_1137_1C_PBI63802_5301c73c/PBI63802_pass_5301c73c_1bfdcae4_60.bam	593615806
HG008T-p2.BCM_ONT-std_HG008T-p2_20260313	data_somatic/HG008/Liss_lab/other_passages/BCM_ONT-std_HG008T-p2_20260313/20260202_1137_1C_PBI63802_5301c73c/PBI63802_pass_5301c73c_1bfdcae4_61.bam	585082314
HG008T-p2.BCM_ONT-std_HG008T-p2_20260313	data_somatic/HG008/Liss_lab/other_passages/BCM_ONT-std_HG008T-p2_20260313/20260202_1137_1C_PBI63802_5301c73c/PBI63802_pass_5301c73c_1bfdcae4_62.bam	594211386
HG008T-p2.BCM_ONT-std_HG008T-p2_20260313	data_somatic/HG008/Liss_lab/other_passages/BCM_ONT-std_HG008T-p2_20260313/20260202_1137_1C_PBI63802_5301c73c/PBI63802_pass_5301c73c_1bfdcae4_63.bam	589137628
HG008T-p2.BCM_ONT-std_HG008T-p2_20260313	data_somatic/HG008/Liss_lab/other_passages/BCM_ONT-std_HG008T-p2_20260313/20260202_1137_1C_PBI63802_5301c73c/PBI63802_pass_5301c73c_1bfdcae4_64.bam	582921904
HG008T-p2.BCM_ONT-std_HG008T-p2_20260313	data_somatic/HG008/Liss_lab/other_passages/BCM_ONT-std_HG008T-p2_20260313/20260202_1137_1C_PBI63802_5301c73c/PBI63802_pass_5301c73c_1bfdcae4_65.bam	574303483
HG008T-p2.BCM_ONT-std_HG008T-p2_20260313	data_somatic/HG008/Liss_lab/other_passages/BCM_ONT-std_HG008T-p2_20260313/20260202_1137_1C_PBI63802_5301c73c/PBI63802_pass_5301c73c_1bfdcae4_66.bam	335092924
HG008T-p2.BCM_ONT-std_HG008T-p2_20260313	data_somatic/HG008/Liss_lab/other_passages/BCM_ONT-std_HG008T-p2_20260313/20260202_1137_1C_PBI63802_5301c73c/PBI63802_pass_5301c73c_1bfdcae4_67.bam	584822818
HG008T-p2.BCM_ONT-std_HG008T-p2_20260313	data_somatic/HG008/Liss_lab/other_passages/BCM_ONT-std_HG008T-p2_20260313/20260202_1137_1C_PBI63802_5301c73c/PBI63802_pass_5301c73c_1bfdcae4_68.bam	580143305
HG008T-p2.BCM_ONT-std_HG008T-p2_20260313	data_somatic/HG008/Liss_lab/other_passages/BCM_ONT-std_HG008T-p2_20260313/20260202_1137_1C_PBI63802_5301c73c/PBI63802_pass_5301c73c_1bfdcae4_69.bam	581441017
HG008T-p2.BCM_ONT-std_HG008T-p2_20260313	data_somatic/HG008/Liss_lab/other_passages/BCM_ONT-std_HG008T-p2_20260313/20260202_1137_1C_PBI63802_5301c73c/PBI63802_pass_5301c73c_1bfdcae4_7.bam	706123563
HG008T-p2.BCM_ONT-std_HG008T-p2_20260313	data_somatic/HG008/Liss_lab/other_passages/BCM_ONT-std_HG008T-p2_20260313/20260202_1137_1C_PBI63802_5301c73c/PBI63802_pass_5301c73c_1bfdcae4_70.bam	573201898
HG008T-p2.BCM_ONT-std_HG008T-p2_20260313	data_somatic/HG008/Liss_lab/other_passages/BCM_ONT-std_HG008T-p2_20260313/20260202_1137_1C_PBI63802_5301c73c/PBI63802_pass_5301c73c_1bfdcae4_71.bam	564401910
HG008T-p2.BCM_ONT-std_HG008T-p2_20260313	data_somatic/HG008/Liss_lab/other_passages/BCM_ONT-std_HG008T-p2_20260313/20260202_1137_1C_PBI63802_5301c73c/PBI63802_pass_5301c73c_1bfdcae4_72.bam	569277316
HG008T-p2.BCM_ONT-std_HG008T-p2_20260313	data_somatic/HG008/Liss_lab/other_passages/BCM_ONT-std_HG008T-p2_20260313/20260202_1137_1C_PBI63802_5301c73c/PBI63802_pass_5301c73c_1bfdcae4_73.bam	566677644
HG008T-p2.BCM_ONT-std_HG008T-p2_20260313	data_somatic/HG008/Liss_lab/other_passages/BCM_ONT-std_HG008T-p2_20260313/20260202_1137_1C_PBI63802_5301c73c/PBI63802_pass_5301c73c_1bfdcae4_74.bam	553322334
HG008T-p2.BCM_ONT-std_HG008T-p2_20260313	data_somatic/HG008/Liss_lab/other_passages/BCM_ONT-std_HG008T-p2_20260313/20260202_1137_1C_PBI63802_5301c73c/PBI63802_pass_5301c73c_1bfdcae4_75.bam	491878975
HG008T-p2.BCM_ONT-std_HG008T-p2_20260313	data_somatic/HG008/Liss_lab/other_passages/BCM_ONT-std_HG008T-p2_20260313/20260202_1137_1C_PBI63802_5301c73c/PBI63802_pass_5301c73c_1bfdcae4_76.bam	392544092
HG008T-p2.BCM_ONT-std_HG008T-p2_20260313	data_somatic/HG008/Liss_lab/other_passages/BCM_ONT-std_HG008T-p2_20260313/20260202_1137_1C_PBI63802_5301c73c/PBI63802_pass_5301c73c_1bfdcae4_77.bam	571648052
HG008T-p2.BCM_ONT-std_HG008T-p2_20260313	data_somatic/HG008/Liss_lab/other_passages/BCM_ONT-std_HG008T-p2_20260313/20260202_1137_1C_PBI63802_5301c73c/PBI63802_pass_5301c73c_1bfdcae4_78.bam	574319486
HG008T-p2.BCM_ONT-std_HG008T-p2_20260313	data_somatic/HG008/Liss_lab/other_passages/BCM_ONT-std_HG008T-p2_20260313/20260202_1137_1C_PBI63802_5301c73c/PBI63802_pass_5301c73c_1bfdcae4_79.bam	567014618
HG008T-p2.BCM_ONT-std_HG008T-p2_20260313	data_somatic/HG008/Liss_lab/other_passages/BCM_ONT-std_HG008T-p2_20260313/20260202_1137_1C_PBI63802_5301c73c/PBI63802_pass_5301c73c_1bfdcae4_8.bam	701382453
HG008T-p2.BCM_ONT-std_HG008T-p2_20260313	data_somatic/HG008/Liss_lab/other_passages/BCM_ONT-std_HG008T-p2_20260313/20260202_1137_1C_PBI63802_5301c73c/PBI63802_pass_5301c73c_1bfdcae4_80.bam	561741774
HG008T-p2.BCM_ONT-std_HG008T-p2_20260313	data_somatic/HG008/Liss_lab/other_passages/BCM_ONT-std_HG008T-p2_20260313/20260202_1137_1C_PBI63802_5301c73c/PBI63802_pass_5301c73c_1bfdcae4_81.bam	559563160
HG008T-p2.BCM_ONT-std_HG008T-p2_20260313	data_somatic/HG008/Liss_lab/other_passages/BCM_ONT-std_HG008T-p2_20260313/20260202_1137_1C_PBI63802_5301c73c/PBI63802_pass_5301c73c_1bfdcae4_82.bam	560063552
HG008T-p2.BCM_ONT-std_HG008T-p2_20260313	data_somatic/HG008/Liss_lab/other_passages/BCM_ONT-std_HG008T-p2_20260313/20260202_1137_1C_PBI63802_5301c73c/PBI63802_pass_5301c73c_1bfdcae4_83.bam	555009341
HG008T-p2.BCM_ONT-std_HG008T-p2_20260313	data_somatic/HG008/Liss_lab/other_passages/BCM_ONT-std_HG008T-p2_20260313/20260202_1137_1C_PBI63802_5301c73c/PBI63802_pass_5301c73c_1bfdcae4_84.bam	547567154
HG008T-p2.BCM_ONT-std_HG008T-p2_20260313	data_somatic/HG008/Liss_lab/other_passages/BCM_ONT-std_HG008T-p2_20260313/20260202_1137_1C_PBI63802_5301c73c/PBI63802_pass_5301c73c_1bfdcae4_85.bam	319912072
HG008T-p2.BCM_ONT-std_HG008T-p2_20260313	data_somatic/HG008/Liss_lab/other_passages/BCM_ONT-std_HG008T-p2_20260313/20260202_1137_1C_PBI63802_5301c73c/PBI63802_pass_5301c73c_1bfdcae4_86.bam	536795036
HG008T-p2.BCM_ONT-std_HG008T-p2_20260313	data_somatic/HG008/Liss_lab/other_passages/BCM_ONT-std_HG008T-p2_20260313/20260202_1137_1C_PBI63802_5301c73c/PBI63802_pass_5301c73c_1bfdcae4_87.bam	536344644
HG008T-p2.BCM_ONT-std_HG008T-p2_20260313	data_somatic/HG008/Liss_lab/other_passages/BCM_ONT-std_HG008T-p2_20260313/20260202_1137_1C_PBI63802_5301c73c/PBI63802_pass_5301c73c_1bfdcae4_88.bam	526016628
HG008T-p2.BCM_ONT-std_HG008T-p2_20260313	data_somatic/HG008/Liss_lab/other_passages/BCM_ONT-std_HG008T-p2_20260313/20260202_1137_1C_PBI63802_5301c73c/PBI63802_pass_5301c73c_1bfdcae4_89.bam	533138971
HG008T-p2.BCM_ONT-std_HG008T-p2_20260313	data_somatic/HG008/Liss_lab/other_passages/BCM_ONT-std_HG008T-p2_20260313/20260202_1137_1C_PBI63802_5301c73c/PBI63802_pass_5301c73c_1bfdcae4_9.bam	394565390
HG008T-p2.BCM_ONT-std_HG008T-p2_20260313	data_somatic/HG008/Liss_lab/other_passages/BCM_ONT-std_HG008T-p2_20260313/20260202_1137_1C_PBI63802_5301c73c/PBI63802_pass_5301c73c_1bfdcae4_90.bam	520563502
HG008T-p2.BCM_ONT-std_HG008T-p2_20260313	data_somatic/HG008/Liss_lab/other_passages/BCM_ONT-std_HG008T-p2_20260313/20260202_1137_1C_PBI63802_5301c73c/PBI63802_pass_5301c73c_1bfdcae4_91.bam	520589711
HG008T-p2.BCM_ONT-std_HG008T-p2_20260313	data_somatic/HG008/Liss_lab/other_passages/BCM_ONT-std_HG008T-p2_20260313/20260202_1137_1C_PBI63802_5301c73c/PBI63802_pass_5301c73c_1bfdcae4_92.bam	510927231
HG008T-p2.BCM_ONT-std_HG008T-p2_20260313	data_somatic/HG008/Liss_lab/other_passages/BCM_ONT-std_HG008T-p2_20260313/20260202_1137_1C_PBI63802_5301c73c/PBI63802_pass_5301c73c_1bfdcae4_93.bam	516687374
HG008T-p2.BCM_ONT-std_HG008T-p2_20260313	data_somatic/HG008/Liss_lab/other_passages/BCM_ONT-std_HG008T-p2_20260313/20260202_1137_1C_PBI63802_5301c73c/PBI63802_pass_5301c73c_1bfdcae4_94.bam	444756816
HG008T-p2.BCM_ONT-std_HG008T-p2_20260313	data_somatic/HG008/Liss_lab/other_passages/BCM_ONT-std_HG008T-p2_20260313/20260202_1137_1C_PBI63802_5301c73c/PBI63802_pass_5301c73c_1bfdcae4_95.bam	359302913
HG008T-p2.BCM_ONT-std_HG008T-p2_20260313	data_somatic/HG008/Liss_lab/other_passages/BCM_ONT-std_HG008T-p2_20260313/20260202_1137_1C_PBI63802_5301c73c/PBI63802_pass_5301c73c_1bfdcae4_96.bam	503601092
HG008T-p2.BCM_ONT-std_HG008T-p2_20260313	data_somatic/HG008/Liss_lab/other_passages/BCM_ONT-std_HG008T-p2_20260313/20260202_1137_1C_PBI63802_5301c73c/PBI63802_pass_5301c73c_1bfdcae4_97.bam	498916425
HG008T-p2.BCM_ONT-std_HG008T-p2_20260313	data_somatic/HG008/Liss_lab/other_passages/BCM_ONT-std_HG008T-p2_20260313/20260202_1137_1C_PBI63802_5301c73c/PBI63802_pass_5301c73c_1bfdcae4_98.bam	484860976
HG008T-p2.BCM_ONT-std_HG008T-p2_20260313	data_somatic/HG008/Liss_lab/other_passages/BCM_ONT-std_HG008T-p2_20260313/20260202_1137_1C_PBI63802_5301c73c/PBI63802_pass_5301c73c_1bfdcae4_99.bam	490192331
HG008T-p2.BCM_ONT-std_HG008T-p2_20260313	data_somatic/HG008/Liss_lab/other_passages/BCM_ONT-std_HG008T-p2_20260313/20260202_1137_1D_PBI58079_9dc19127/PBI58079_pass_9dc19127_67a687eb_0.bam	454050653
HG008T-p2.BCM_ONT-std_HG008T-p2_20260313	data_somatic/HG008/Liss_lab/other_passages/BCM_ONT-std_HG008T-p2_20260313/20260202_1137_1D_PBI58079_9dc19127/PBI58079_pass_9dc19127_67a687eb_1.bam	713706128
HG008T-p2.BCM_ONT-std_HG008T-p2_20260313	data_somatic/HG008/Liss_lab/other_passages/BCM_ONT-std_HG008T-p2_20260313/20260202_1137_1D_PBI58079_9dc19127/PBI58079_pass_9dc19127_67a687eb_10.bam	734175695
HG008T-p2.BCM_ONT-std_HG008T-p2_20260313	data_somatic/HG008/Liss_lab/other_passages/BCM_ONT-std_HG008T-p2_20260313/20260202_1137_1D_PBI58079_9dc19127/PBI58079_pass_9dc19127_67a687eb_100.bam	465769516
HG008T-p2.BCM_ONT-std_HG008T-p2_20260313	data_somatic/HG008/Liss_lab/other_passages/BCM_ONT-std_HG008T-p2_20260313/20260202_1137_1D_PBI58079_9dc19127/PBI58079_pass_9dc19127_67a687eb_101.bam	457635120
HG008T-p2.BCM_ONT-std_HG008T-p2_20260313	data_somatic/HG008/Liss_lab/other_passages/BCM_ONT-std_HG008T-p2_20260313/20260202_1137_1D_PBI58079_9dc19127/PBI58079_pass_9dc19127_67a687eb_102.bam	462814181
HG008T-p2.BCM_ONT-std_HG008T-p2_20260313	data_somatic/HG008/Liss_lab/other_passages/BCM_ONT-std_HG008T-p2_20260313/20260202_1137_1D_PBI58079_9dc19127/PBI58079_pass_9dc19127_67a687eb_103.bam	450257619
HG008T-p2.BCM_ONT-std_HG008T-p2_20260313	data_somatic/HG008/Liss_lab/other_passages/BCM_ONT-std_HG008T-p2_20260313/20260202_1137_1D_PBI58079_9dc19127/PBI58079_pass_9dc19127_67a687eb_104.bam	263100719
HG008T-p2.BCM_ONT-std_HG008T-p2_20260313	data_somatic/HG008/Liss_lab/other_passages/BCM_ONT-std_HG008T-p2_20260313/20260202_1137_1D_PBI58079_9dc19127/PBI58079_pass_9dc19127_67a687eb_105.bam	521817333
HG008T-p2.BCM_ONT-std_HG008T-p2_20260313	data_somatic/HG008/Liss_lab/other_passages/BCM_ONT-std_HG008T-p2_20260313/20260202_1137_1D_PBI58079_9dc19127/PBI58079_pass_9dc19127_67a687eb_106.bam	515217239
HG008T-p2.BCM_ONT-std_HG008T-p2_20260313	data_somatic/HG008/Liss_lab/other_passages/BCM_ONT-std_HG008T-p2_20260313/20260202_1137_1D_PBI58079_9dc19127/PBI58079_pass_9dc19127_67a687eb_107.bam	505334489
HG008T-p2.BCM_ONT-std_HG008T-p2_20260313	data_somatic/HG008/Liss_lab/other_passages/BCM_ONT-std_HG008T-p2_20260313/20260202_1137_1D_PBI58079_9dc19127/PBI58079_pass_9dc19127_67a687eb_108.bam	499528170
HG008T-p2.BCM_ONT-std_HG008T-p2_20260313	data_somatic/HG008/Liss_lab/other_passages/BCM_ONT-std_HG008T-p2_20260313/20260202_1137_1D_PBI58079_9dc19127/PBI58079_pass_9dc19127_67a687eb_109.bam	496164133
HG008T-p2.BCM_ONT-std_HG008T-p2_20260313	data_somatic/HG008/Liss_lab/other_passages/BCM_ONT-std_HG008T-p2_20260313/20260202_1137_1D_PBI58079_9dc19127/PBI58079_pass_9dc19127_67a687eb_11.bam	726977514
HG008T-p2.BCM_ONT-std_HG008T-p2_20260313	data_somatic/HG008/Liss_lab/other_passages/BCM_ONT-std_HG008T-p2_20260313/20260202_1137_1D_PBI58079_9dc19127/PBI58079_pass_9dc19127_67a687eb_110.bam	490916904
HG008T-p2.BCM_ONT-std_HG008T-p2_20260313	data_somatic/HG008/Liss_lab/other_passages/BCM_ONT-std_HG008T-p2_20260313/20260202_1137_1D_PBI58079_9dc19127/PBI58079_pass_9dc19127_67a687eb_111.bam	480572340
HG008T-p2.BCM_ONT-std_HG008T-p2_20260313	data_somatic/HG008/Liss_lab/other_passages/BCM_ONT-std_HG008T-p2_20260313/20260202_1137_1D_PBI58079_9dc19127/PBI58079_pass_9dc19127_67a687eb_112.bam	475446734
HG008T-p2.BCM_ONT-std_HG008T-p2_20260313	data_somatic/HG008/Liss_lab/other_passages/BCM_ONT-std_HG008T-p2_20260313/20260202_1137_1D_PBI58079_9dc19127/PBI58079_pass_9dc19127_67a687eb_113.bam	422041168
HG008T-p2.BCM_ONT-std_HG008T-p2_20260313	data_somatic/HG008/Liss_lab/other_passages/BCM_ONT-std_HG008T-p2_20260313/20260202_1137_1D_PBI58079_9dc19127/PBI58079_pass_9dc19127_67a687eb_114.bam	318762416
HG008T-p2.BCM_ONT-std_HG008T-p2_20260313	data_somatic/HG008/Liss_lab/other_passages/BCM_ONT-std_HG008T-p2_20260313/20260202_1137_1D_PBI58079_9dc19127/PBI58079_pass_9dc19127_67a687eb_115.bam	440763404
HG008T-p2.BCM_ONT-std_HG008T-p2_20260313	data_somatic/HG008/Liss_lab/other_passages/BCM_ONT-std_HG008T-p2_20260313/20260202_1137_1D_PBI58079_9dc19127/PBI58079_pass_9dc19127_67a687eb_116.bam	438817613
HG008T-p2.BCM_ONT-std_HG008T-p2_20260313	data_somatic/HG008/Liss_lab/other_passages/BCM_ONT-std_HG008T-p2_20260313/20260202_1137_1D_PBI58079_9dc19127/PBI58079_pass_9dc19127_67a687eb_117.bam	430696063
HG008T-p2.BCM_ONT-std_HG008T-p2_20260313	data_somatic/HG008/Liss_lab/other_passages/BCM_ONT-std_HG008T-p2_20260313/20260202_1137_1D_PBI58079_9dc19127/PBI58079_pass_9dc19127_67a687eb_118.bam	431496701
HG008T-p2.BCM_ONT-std_HG008T-p2_20260313	data_somatic/HG008/Liss_lab/other_passages/BCM_ONT-std_HG008T-p2_20260313/20260202_1137_1D_PBI58079_9dc19127/PBI58079_pass_9dc19127_67a687eb_119.bam	421182923
HG008T-p2.BCM_ONT-std_HG008T-p2_20260313	data_somatic/HG008/Liss_lab/other_passages/BCM_ONT-std_HG008T-p2_20260313/20260202_1137_1D_PBI58079_9dc19127/PBI58079_pass_9dc19127_67a687eb_12.bam	729878965
HG008T-p2.BCM_ONT-std_HG008T-p2_20260313	data_somatic/HG008/Liss_lab/other_passages/BCM_ONT-std_HG008T-p2_20260313/20260202_1137_1D_PBI58079_9dc19127/PBI58079_pass_9dc19127_67a687eb_120.bam	420594570
HG008T-p2.BCM_ONT-std_HG008T-p2_20260313	data_somatic/HG008/Liss_lab/other_passages/BCM_ONT-std_HG008T-p2_20260313/20260202_1137_1D_PBI58079_9dc19127/PBI58079_pass_9dc19127_67a687eb_121.bam	416170384
HG008T-p2.BCM_ONT-std_HG008T-p2_20260313	data_somatic/HG008/Liss_lab/other_passages/BCM_ONT-std_HG008T-p2_20260313/20260202_1137_1D_PBI58079_9dc19127/PBI58079_pass_9dc19127_67a687eb_122.bam	415329047
HG008T-p2.BCM_ONT-std_HG008T-p2_20260313	data_somatic/HG008/Liss_lab/other_passages/BCM_ONT-std_HG008T-p2_20260313/20260202_1137_1D_PBI58079_9dc19127/PBI58079_pass_9dc19127_67a687eb_123.bam	240241593
HG008T-p2.BCM_ONT-std_HG008T-p2_20260313	data_somatic/HG008/Liss_lab/other_passages/BCM_ONT-std_HG008T-p2_20260313/20260202_1137_1D_PBI58079_9dc19127/PBI58079_pass_9dc19127_67a687eb_124.bam	441920569
HG008T-p2.BCM_ONT-std_HG008T-p2_20260313	data_somatic/HG008/Liss_lab/other_passages/BCM_ONT-std_HG008T-p2_20260313/20260202_1137_1D_PBI58079_9dc19127/PBI58079_pass_9dc19127_67a687eb_125.bam	441467015
HG008T-p2.BCM_ONT-std_HG008T-p2_20260313	data_somatic/HG008/Liss_lab/other_passages/BCM_ONT-std_HG008T-p2_20260313/20260202_1137_1D_PBI58079_9dc19127/PBI58079_pass_9dc19127_67a687eb_126.bam	440436124
HG008T-p2.BCM_ONT-std_HG008T-p2_20260313	data_somatic/HG008/Liss_lab/other_passages/BCM_ONT-std_HG008T-p2_20260313/20260202_1137_1D_PBI58079_9dc19127/PBI58079_pass_9dc19127_67a687eb_127.bam	425961046
HG008T-p2.BCM_ONT-std_HG008T-p2_20260313	data_somatic/HG008/Liss_lab/other_passages/BCM_ONT-std_HG008T-p2_20260313/20260202_1137_1D_PBI58079_9dc19127/PBI58079_pass_9dc19127_67a687eb_128.bam	433581392
HG008T-p2.BCM_ONT-std_HG008T-p2_20260313	data_somatic/HG008/Liss_lab/other_passages/BCM_ONT-std_HG008T-p2_20260313/20260202_1137_1D_PBI58079_9dc19127/PBI58079_pass_9dc19127_67a687eb_129.bam	416080947
HG008T-p2.BCM_ONT-std_HG008T-p2_20260313	data_somatic/HG008/Liss_lab/other_passages/BCM_ONT-std_HG008T-p2_20260313/20260202_1137_1D_PBI58079_9dc19127/PBI58079_pass_9dc19127_67a687eb_13.bam	727213813
HG008T-p2.BCM_ONT-std_HG008T-p2_20260313	data_somatic/HG008/Liss_lab/other_passages/BCM_ONT-std_HG008T-p2_20260313/20260202_1137_1D_PBI58079_9dc19127/PBI58079_pass_9dc19127_67a687eb_130.bam	411520266
HG008T-p2.BCM_ONT-std_HG008T-p2_20260313	data_somatic/HG008/Liss_lab/other_passages/BCM_ONT-std_HG008T-p2_20260313/20260202_1137_1D_PBI58079_9dc19127/PBI58079_pass_9dc19127_67a687eb_131.bam	405895465
HG008T-p2.BCM_ONT-std_HG008T-p2_20260313	data_somatic/HG008/Liss_lab/other_passages/BCM_ONT-std_HG008T-p2_20260313/20260202_1137_1D_PBI58079_9dc19127/PBI58079_pass_9dc19127_67a687eb_132.bam	350101528
HG008T-p2.BCM_ONT-std_HG008T-p2_20260313	data_somatic/HG008/Liss_lab/other_passages/BCM_ONT-std_HG008T-p2_20260313/20260202_1137_1D_PBI58079_9dc19127/PBI58079_pass_9dc19127_67a687eb_133.bam	313220750
HG008T-p2.BCM_ONT-std_HG008T-p2_20260313	data_somatic/HG008/Liss_lab/other_passages/BCM_ONT-std_HG008T-p2_20260313/20260202_1137_1D_PBI58079_9dc19127/PBI58079_pass_9dc19127_67a687eb_134.bam	437560197
HG008T-p2.BCM_ONT-std_HG008T-p2_20260313	data_somatic/HG008/Liss_lab/other_passages/BCM_ONT-std_HG008T-p2_20260313/20260202_1137_1D_PBI58079_9dc19127/PBI58079_pass_9dc19127_67a687eb_135.bam	426657005
HG008T-p2.BCM_ONT-std_HG008T-p2_20260313	data_somatic/HG008/Liss_lab/other_passages/BCM_ONT-std_HG008T-p2_20260313/20260202_1137_1D_PBI58079_9dc19127/PBI58079_pass_9dc19127_67a687eb_136.bam	421079304
HG008T-p2.BCM_ONT-std_HG008T-p2_20260313	data_somatic/HG008/Liss_lab/other_passages/BCM_ONT-std_HG008T-p2_20260313/20260202_1137_1D_PBI58079_9dc19127/PBI58079_pass_9dc19127_67a687eb_137.bam	384929874
HG008T-p2.BCM_ONT-std_HG008T-p2_20260313	data_somatic/HG008/Liss_lab/other_passages/BCM_ONT-std_HG008T-p2_20260313/20260202_1137_1D_PBI58079_9dc19127/PBI58079_pass_9dc19127_67a687eb_138.bam	358499321
HG008T-p2.BCM_ONT-std_HG008T-p2_20260313	data_somatic/HG008/Liss_lab/other_passages/BCM_ONT-std_HG008T-p2_20260313/20260202_1137_1D_PBI58079_9dc19127/PBI58079_pass_9dc19127_67a687eb_139.bam	312098702
HG008T-p2.BCM_ONT-std_HG008T-p2_20260313	data_somatic/HG008/Liss_lab/other_passages/BCM_ONT-std_HG008T-p2_20260313/20260202_1137_1D_PBI58079_9dc19127/PBI58079_pass_9dc19127_67a687eb_14.bam	715212504
HG008T-p2.BCM_ONT-std_HG008T-p2_20260313	data_somatic/HG008/Liss_lab/other_passages/BCM_ONT-std_HG008T-p2_20260313/20260202_1137_1D_PBI58079_9dc19127/PBI58079_pass_9dc19127_67a687eb_140.bam	345904860
HG008T-p2.BCM_ONT-std_HG008T-p2_20260313	data_somatic/HG008/Liss_lab/other_passages/BCM_ONT-std_HG008T-p2_20260313/20260202_1137_1D_PBI58079_9dc19127/PBI58079_pass_9dc19127_67a687eb_141.bam	214991424
HG008T-p2.BCM_ONT-std_HG008T-p2_20260313	data_somatic/HG008/Liss_lab/other_passages/BCM_ONT-std_HG008T-p2_20260313/20260202_1137_1D_PBI58079_9dc19127/PBI58079_pass_9dc19127_67a687eb_142.bam	202974041
HG008T-p2.BCM_ONT-std_HG008T-p2_20260313	data_somatic/HG008/Liss_lab/other_passages/BCM_ONT-std_HG008T-p2_20260313/20260202_1137_1D_PBI58079_9dc19127/PBI58079_pass_9dc19127_67a687eb_143.bam	232980643
HG008T-p2.BCM_ONT-std_HG008T-p2_20260313	data_somatic/HG008/Liss_lab/other_passages/BCM_ONT-std_HG008T-p2_20260313/20260202_1137_1D_PBI58079_9dc19127/PBI58079_pass_9dc19127_67a687eb_144.bam	219191798
HG008T-p2.BCM_ONT-std_HG008T-p2_20260313	data_somatic/HG008/Liss_lab/other_passages/BCM_ONT-std_HG008T-p2_20260313/20260202_1137_1D_PBI58079_9dc19127/PBI58079_pass_9dc19127_67a687eb_145.bam	240826358
HG008T-p2.BCM_ONT-std_HG008T-p2_20260313	data_somatic/HG008/Liss_lab/other_passages/BCM_ONT-std_HG008T-p2_20260313/20260202_1137_1D_PBI58079_9dc19127/PBI58079_pass_9dc19127_67a687eb_146.bam	221398097
HG008T-p2.BCM_ONT-std_HG008T-p2_20260313	data_somatic/HG008/Liss_lab/other_passages/BCM_ONT-std_HG008T-p2_20260313/20260202_1137_1D_PBI58079_9dc19127/PBI58079_pass_9dc19127_67a687eb_147.bam	220926171
HG008T-p2.BCM_ONT-std_HG008T-p2_20260313	data_somatic/HG008/Liss_lab/other_passages/BCM_ONT-std_HG008T-p2_20260313/20260202_1137_1D_PBI58079_9dc19127/PBI58079_pass_9dc19127_67a687eb_148.bam	224878173
HG008T-p2.BCM_ONT-std_HG008T-p2_20260313	data_somatic/HG008/Liss_lab/other_passages/BCM_ONT-std_HG008T-p2_20260313/20260202_1137_1D_PBI58079_9dc19127/PBI58079_pass_9dc19127_67a687eb_149.bam	236541885
HG008T-p2.BCM_ONT-std_HG008T-p2_20260313	data_somatic/HG008/Liss_lab/other_passages/BCM_ONT-std_HG008T-p2_20260313/20260202_1137_1D_PBI58079_9dc19127/PBI58079_pass_9dc19127_67a687eb_15.bam	716454904
HG008T-p2.BCM_ONT-std_HG008T-p2_20260313	data_somatic/HG008/Liss_lab/other_passages/BCM_ONT-std_HG008T-p2_20260313/20260202_1137_1D_PBI58079_9dc19127/PBI58079_pass_9dc19127_67a687eb_150.bam	233194910
HG008T-p2.BCM_ONT-std_HG008T-p2_20260313	data_somatic/HG008/Liss_lab/other_passages/BCM_ONT-std_HG008T-p2_20260313/20260202_1137_1D_PBI58079_9dc19127/PBI58079_pass_9dc19127_67a687eb_151.bam	222038991
HG008T-p2.BCM_ONT-std_HG008T-p2_20260313	data_somatic/HG008/Liss_lab/other_passages/BCM_ONT-std_HG008T-p2_20260313/20260202_1137_1D_PBI58079_9dc19127/PBI58079_pass_9dc19127_67a687eb_152.bam	214911982
HG008T-p2.BCM_ONT-std_HG008T-p2_20260313	data_somatic/HG008/Liss_lab/other_passages/BCM_ONT-std_HG008T-p2_20260313/20260202_1137_1D_PBI58079_9dc19127/PBI58079_pass_9dc19127_67a687eb_153.bam	227840103
HG008T-p2.BCM_ONT-std_HG008T-p2_20260313	data_somatic/HG008/Liss_lab/other_passages/BCM_ONT-std_HG008T-p2_20260313/20260202_1137_1D_PBI58079_9dc19127/PBI58079_pass_9dc19127_67a687eb_154.bam	222735383
HG008T-p2.BCM_ONT-std_HG008T-p2_20260313	data_somatic/HG008/Liss_lab/other_passages/BCM_ONT-std_HG008T-p2_20260313/20260202_1137_1D_PBI58079_9dc19127/PBI58079_pass_9dc19127_67a687eb_155.bam	224833121
HG008T-p2.BCM_ONT-std_HG008T-p2_20260313	data_somatic/HG008/Liss_lab/other_passages/BCM_ONT-std_HG008T-p2_20260313/20260202_1137_1D_PBI58079_9dc19127/PBI58079_pass_9dc19127_67a687eb_156.bam	228661513
HG008T-p2.BCM_ONT-std_HG008T-p2_20260313	data_somatic/HG008/Liss_lab/other_passages/BCM_ONT-std_HG008T-p2_20260313/20260202_1137_1D_PBI58079_9dc19127/PBI58079_pass_9dc19127_67a687eb_157.bam	205261262
HG008T-p2.BCM_ONT-std_HG008T-p2_20260313	data_somatic/HG008/Liss_lab/other_passages/BCM_ONT-std_HG008T-p2_20260313/20260202_1137_1D_PBI58079_9dc19127/PBI58079_pass_9dc19127_67a687eb_158.bam	213164290
HG008T-p2.BCM_ONT-std_HG008T-p2_20260313	data_somatic/HG008/Liss_lab/other_passages/BCM_ONT-std_HG008T-p2_20260313/20260202_1137_1D_PBI58079_9dc19127/PBI58079_pass_9dc19127_67a687eb_159.bam	225865381
HG008T-p2.BCM_ONT-std_HG008T-p2_20260313	data_somatic/HG008/Liss_lab/other_passages/BCM_ONT-std_HG008T-p2_20260313/20260202_1137_1D_PBI58079_9dc19127/PBI58079_pass_9dc19127_67a687eb_16.bam	711966055
HG008T-p2.BCM_ONT-std_HG008T-p2_20260313	data_somatic/HG008/Liss_lab/other_passages/BCM_ONT-std_HG008T-p2_20260313/20260202_1137_1D_PBI58079_9dc19127/PBI58079_pass_9dc19127_67a687eb_160.bam	208447103
HG008T-p2.BCM_ONT-std_HG008T-p2_20260313	data_somatic/HG008/Liss_lab/other_passages/BCM_ONT-std_HG008T-p2_20260313/20260202_1137_1D_PBI58079_9dc19127/PBI58079_pass_9dc19127_67a687eb_161.bam	205707018
HG008T-p2.BCM_ONT-std_HG008T-p2_20260313	data_somatic/HG008/Liss_lab/other_passages/BCM_ONT-std_HG008T-p2_20260313/20260202_1137_1D_PBI58079_9dc19127/PBI58079_pass_9dc19127_67a687eb_162.bam	218330827
HG008T-p2.BCM_ONT-std_HG008T-p2_20260313	data_somatic/HG008/Liss_lab/other_passages/BCM_ONT-std_HG008T-p2_20260313/20260202_1137_1D_PBI58079_9dc19127/PBI58079_pass_9dc19127_67a687eb_163.bam	208365181
HG008T-p2.BCM_ONT-std_HG008T-p2_20260313	data_somatic/HG008/Liss_lab/other_passages/BCM_ONT-std_HG008T-p2_20260313/20260202_1137_1D_PBI58079_9dc19127/PBI58079_pass_9dc19127_67a687eb_164.bam	222564256
HG008T-p2.BCM_ONT-std_HG008T-p2_20260313	data_somatic/HG008/Liss_lab/other_passages/BCM_ONT-std_HG008T-p2_20260313/20260202_1137_1D_PBI58079_9dc19127/PBI58079_pass_9dc19127_67a687eb_165.bam	213442810
HG008T-p2.BCM_ONT-std_HG008T-p2_20260313	data_somatic/HG008/Liss_lab/other_passages/BCM_ONT-std_HG008T-p2_20260313/20260202_1137_1D_PBI58079_9dc19127/PBI58079_pass_9dc19127_67a687eb_166.bam	216377800
HG008T-p2.BCM_ONT-std_HG008T-p2_20260313	data_somatic/HG008/Liss_lab/other_passages/BCM_ONT-std_HG008T-p2_20260313/20260202_1137_1D_PBI58079_9dc19127/PBI58079_pass_9dc19127_67a687eb_167.bam	218873091
HG008T-p2.BCM_ONT-std_HG008T-p2_20260313	data_somatic/HG008/Liss_lab/other_passages/BCM_ONT-std_HG008T-p2_20260313/20260202_1137_1D_PBI58079_9dc19127/PBI58079_pass_9dc19127_67a687eb_168.bam	220246103
HG008T-p2.BCM_ONT-std_HG008T-p2_20260313	data_somatic/HG008/Liss_lab/other_passages/BCM_ONT-std_HG008T-p2_20260313/20260202_1137_1D_PBI58079_9dc19127/PBI58079_pass_9dc19127_67a687eb_169.bam	223231669
HG008T-p2.BCM_ONT-std_HG008T-p2_20260313	data_somatic/HG008/Liss_lab/other_passages/BCM_ONT-std_HG008T-p2_20260313/20260202_1137_1D_PBI58079_9dc19127/PBI58079_pass_9dc19127_67a687eb_17.bam	717082729
HG008T-p2.BCM_ONT-std_HG008T-p2_20260313	data_somatic/HG008/Liss_lab/other_passages/BCM_ONT-std_HG008T-p2_20260313/20260202_1137_1D_PBI58079_9dc19127/PBI58079_pass_9dc19127_67a687eb_170.bam	212444055
HG008T-p2.BCM_ONT-std_HG008T-p2_20260313	data_somatic/HG008/Liss_lab/other_passages/BCM_ONT-std_HG008T-p2_20260313/20260202_1137_1D_PBI58079_9dc19127/PBI58079_pass_9dc19127_67a687eb_171.bam	190961069
HG008T-p2.BCM_ONT-std_HG008T-p2_20260313	data_somatic/HG008/Liss_lab/other_passages/BCM_ONT-std_HG008T-p2_20260313/20260202_1137_1D_PBI58079_9dc19127/PBI58079_pass_9dc19127_67a687eb_172.bam	217955218
HG008T-p2.BCM_ONT-std_HG008T-p2_20260313	data_somatic/HG008/Liss_lab/other_passages/BCM_ONT-std_HG008T-p2_20260313/20260202_1137_1D_PBI58079_9dc19127/PBI58079_pass_9dc19127_67a687eb_173.bam	219985916
HG008T-p2.BCM_ONT-std_HG008T-p2_20260313	data_somatic/HG008/Liss_lab/other_passages/BCM_ONT-std_HG008T-p2_20260313/20260202_1137_1D_PBI58079_9dc19127/PBI58079_pass_9dc19127_67a687eb_174.bam	219523546
HG008T-p2.BCM_ONT-std_HG008T-p2_20260313	data_somatic/HG008/Liss_lab/other_passages/BCM_ONT-std_HG008T-p2_20260313/20260202_1137_1D_PBI58079_9dc19127/PBI58079_pass_9dc19127_67a687eb_175.bam	217789367
HG008T-p2.BCM_ONT-std_HG008T-p2_20260313	data_somatic/HG008/Liss_lab/other_passages/BCM_ONT-std_HG008T-p2_20260313/20260202_1137_1D_PBI58079_9dc19127/PBI58079_pass_9dc19127_67a687eb_176.bam	216913583
HG008T-p2.BCM_ONT-std_HG008T-p2_20260313	data_somatic/HG008/Liss_lab/other_passages/BCM_ONT-std_HG008T-p2_20260313/20260202_1137_1D_PBI58079_9dc19127/PBI58079_pass_9dc19127_67a687eb_177.bam	212141562
HG008T-p2.BCM_ONT-std_HG008T-p2_20260313	data_somatic/HG008/Liss_lab/other_passages/BCM_ONT-std_HG008T-p2_20260313/20260202_1137_1D_PBI58079_9dc19127/PBI58079_pass_9dc19127_67a687eb_178.bam	226306422
HG008T-p2.BCM_ONT-std_HG008T-p2_20260313	data_somatic/HG008/Liss_lab/other_passages/BCM_ONT-std_HG008T-p2_20260313/20260202_1137_1D_PBI58079_9dc19127/PBI58079_pass_9dc19127_67a687eb_179.bam	215005979
HG008T-p2.BCM_ONT-std_HG008T-p2_20260313	data_somatic/HG008/Liss_lab/other_passages/BCM_ONT-std_HG008T-p2_20260313/20260202_1137_1D_PBI58079_9dc19127/PBI58079_pass_9dc19127_67a687eb_18.bam	651316627
HG008T-p2.BCM_ONT-std_HG008T-p2_20260313	data_somatic/HG008/Liss_lab/other_passages/BCM_ONT-std_HG008T-p2_20260313/20260202_1137_1D_PBI58079_9dc19127/PBI58079_pass_9dc19127_67a687eb_180.bam	180651103
HG008T-p2.BCM_ONT-std_HG008T-p2_20260313	data_somatic/HG008/Liss_lab/other_passages/BCM_ONT-std_HG008T-p2_20260313/20260202_1137_1D_PBI58079_9dc19127/PBI58079_pass_9dc19127_67a687eb_181.bam	220954587
HG008T-p2.BCM_ONT-std_HG008T-p2_20260313	data_somatic/HG008/Liss_lab/other_passages/BCM_ONT-std_HG008T-p2_20260313/20260202_1137_1D_PBI58079_9dc19127/PBI58079_pass_9dc19127_67a687eb_182.bam	215555234
HG008T-p2.BCM_ONT-std_HG008T-p2_20260313	data_somatic/HG008/Liss_lab/other_passages/BCM_ONT-std_HG008T-p2_20260313/20260202_1137_1D_PBI58079_9dc19127/PBI58079_pass_9dc19127_67a687eb_183.bam	216271662
HG008T-p2.BCM_ONT-std_HG008T-p2_20260313	data_somatic/HG008/Liss_lab/other_passages/BCM_ONT-std_HG008T-p2_20260313/20260202_1137_1D_PBI58079_9dc19127/PBI58079_pass_9dc19127_67a687eb_184.bam	221436952
HG008T-p2.BCM_ONT-std_HG008T-p2_20260313	data_somatic/HG008/Liss_lab/other_passages/BCM_ONT-std_HG008T-p2_20260313/20260202_1137_1D_PBI58079_9dc19127/PBI58079_pass_9dc19127_67a687eb_185.bam	210203707
HG008T-p2.BCM_ONT-std_HG008T-p2_20260313	data_somatic/HG008/Liss_lab/other_passages/BCM_ONT-std_HG008T-p2_20260313/20260202_1137_1D_PBI58079_9dc19127/PBI58079_pass_9dc19127_67a687eb_186.bam	216363111
HG008T-p2.BCM_ONT-std_HG008T-p2_20260313	data_somatic/HG008/Liss_lab/other_passages/BCM_ONT-std_HG008T-p2_20260313/20260202_1137_1D_PBI58079_9dc19127/PBI58079_pass_9dc19127_67a687eb_187.bam	215202464
HG008T-p2.BCM_ONT-std_HG008T-p2_20260313	data_somatic/HG008/Liss_lab/other_passages/BCM_ONT-std_HG008T-p2_20260313/20260202_1137_1D_PBI58079_9dc19127/PBI58079_pass_9dc19127_67a687eb_188.bam	211315147
HG008T-p2.BCM_ONT-std_HG008T-p2_20260313	data_somatic/HG008/Liss_lab/other_passages/BCM_ONT-std_HG008T-p2_20260313/20260202_1137_1D_PBI58079_9dc19127/PBI58079_pass_9dc19127_67a687eb_189.bam	215312284
HG008T-p2.BCM_ONT-std_HG008T-p2_20260313	data_somatic/HG008/Liss_lab/other_passages/BCM_ONT-std_HG008T-p2_20260313/20260202_1137_1D_PBI58079_9dc19127/PBI58079_pass_9dc19127_67a687eb_19.bam	452753040
HG008T-p2.BCM_ONT-std_HG008T-p2_20260313	data_somatic/HG008/Liss_lab/other_passages/BCM_ONT-std_HG008T-p2_20260313/20260202_1137_1D_PBI58079_9dc19127/PBI58079_pass_9dc19127_67a687eb_190.bam	192679132
HG008T-p2.BCM_ONT-std_HG008T-p2_20260313	data_somatic/HG008/Liss_lab/other_passages/BCM_ONT-std_HG008T-p2_20260313/20260202_1137_1D_PBI58079_9dc19127/PBI58079_pass_9dc19127_67a687eb_191.bam	212926359
HG008T-p2.BCM_ONT-std_HG008T-p2_20260313	data_somatic/HG008/Liss_lab/other_passages/BCM_ONT-std_HG008T-p2_20260313/20260202_1137_1D_PBI58079_9dc19127/PBI58079_pass_9dc19127_67a687eb_192.bam	220387020
HG008T-p2.BCM_ONT-std_HG008T-p2_20260313	data_somatic/HG008/Liss_lab/other_passages/BCM_ONT-std_HG008T-p2_20260313/20260202_1137_1D_PBI58079_9dc19127/PBI58079_pass_9dc19127_67a687eb_193.bam	213835456
HG008T-p2.BCM_ONT-std_HG008T-p2_20260313	data_somatic/HG008/Liss_lab/other_passages/BCM_ONT-std_HG008T-p2_20260313/20260202_1137_1D_PBI58079_9dc19127/PBI58079_pass_9dc19127_67a687eb_194.bam	219367640
HG008T-p2.BCM_ONT-std_HG008T-p2_20260313	data_somatic/HG008/Liss_lab/other_passages/BCM_ONT-std_HG008T-p2_20260313/20260202_1137_1D_PBI58079_9dc19127/PBI58079_pass_9dc19127_67a687eb_195.bam	220527082
HG008T-p2.BCM_ONT-std_HG008T-p2_20260313	data_somatic/HG008/Liss_lab/other_passages/BCM_ONT-std_HG008T-p2_20260313/20260202_1137_1D_PBI58079_9dc19127/PBI58079_pass_9dc19127_67a687eb_196.bam	211975552
HG008T-p2.BCM_ONT-std_HG008T-p2_20260313	data_somatic/HG008/Liss_lab/other_passages/BCM_ONT-std_HG008T-p2_20260313/20260202_1137_1D_PBI58079_9dc19127/PBI58079_pass_9dc19127_67a687eb_197.bam	214839223
HG008T-p2.BCM_ONT-std_HG008T-p2_20260313	data_somatic/HG008/Liss_lab/other_passages/BCM_ONT-std_HG008T-p2_20260313/20260202_1137_1D_PBI58079_9dc19127/PBI58079_pass_9dc19127_67a687eb_198.bam	210432500
HG008T-p2.BCM_ONT-std_HG008T-p2_20260313	data_somatic/HG008/Liss_lab/other_passages/BCM_ONT-std_HG008T-p2_20260313/20260202_1137_1D_PBI58079_9dc19127/PBI58079_pass_9dc19127_67a687eb_199.bam	186397122
HG008T-p2.BCM_ONT-std_HG008T-p2_20260313	data_somatic/HG008/Liss_lab/other_passages/BCM_ONT-std_HG008T-p2_20260313/20260202_1137_1D_PBI58079_9dc19127/PBI58079_pass_9dc19127_67a687eb_2.bam	731578387
HG008T-p2.BCM_ONT-std_HG008T-p2_20260313	data_somatic/HG008/Liss_lab/other_passages/BCM_ONT-std_HG008T-p2_20260313/20260202_1137_1D_PBI58079_9dc19127/PBI58079_pass_9dc19127_67a687eb_20.bam	714871116
HG008T-p2.BCM_ONT-std_HG008T-p2_20260313	data_somatic/HG008/Liss_lab/other_passages/BCM_ONT-std_HG008T-p2_20260313/20260202_1137_1D_PBI58079_9dc19127/PBI58079_pass_9dc19127_67a687eb_200.bam	219853613
HG008T-p2.BCM_ONT-std_HG008T-p2_20260313	data_somatic/HG008/Liss_lab/other_passages/BCM_ONT-std_HG008T-p2_20260313/20260202_1137_1D_PBI58079_9dc19127/PBI58079_pass_9dc19127_67a687eb_201.bam	216875778
HG008T-p2.BCM_ONT-std_HG008T-p2_20260313	data_somatic/HG008/Liss_lab/other_passages/BCM_ONT-std_HG008T-p2_20260313/20260202_1137_1D_PBI58079_9dc19127/PBI58079_pass_9dc19127_67a687eb_202.bam	218067110
HG008T-p2.BCM_ONT-std_HG008T-p2_20260313	data_somatic/HG008/Liss_lab/other_passages/BCM_ONT-std_HG008T-p2_20260313/20260202_1137_1D_PBI58079_9dc19127/PBI58079_pass_9dc19127_67a687eb_203.bam	216334278
HG008T-p2.BCM_ONT-std_HG008T-p2_20260313	data_somatic/HG008/Liss_lab/other_passages/BCM_ONT-std_HG008T-p2_20260313/20260202_1137_1D_PBI58079_9dc19127/PBI58079_pass_9dc19127_67a687eb_204.bam	209052109
HG008T-p2.BCM_ONT-std_HG008T-p2_20260313	data_somatic/HG008/Liss_lab/other_passages/BCM_ONT-std_HG008T-p2_20260313/20260202_1137_1D_PBI58079_9dc19127/PBI58079_pass_9dc19127_67a687eb_205.bam	208127866
HG008T-p2.BCM_ONT-std_HG008T-p2_20260313	data_somatic/HG008/Liss_lab/other_passages/BCM_ONT-std_HG008T-p2_20260313/20260202_1137_1D_PBI58079_9dc19127/PBI58079_pass_9dc19127_67a687eb_206.bam	217877039
HG008T-p2.BCM_ONT-std_HG008T-p2_20260313	data_somatic/HG008/Liss_lab/other_passages/BCM_ONT-std_HG008T-p2_20260313/20260202_1137_1D_PBI58079_9dc19127/PBI58079_pass_9dc19127_67a687eb_207.bam	215551307
HG008T-p2.BCM_ONT-std_HG008T-p2_20260313	data_somatic/HG008/Liss_lab/other_passages/BCM_ONT-std_HG008T-p2_20260313/20260202_1137_1D_PBI58079_9dc19127/PBI58079_pass_9dc19127_67a687eb_208.bam	222510233
HG008T-p2.BCM_ONT-std_HG008T-p2_20260313	data_somatic/HG008/Liss_lab/other_passages/BCM_ONT-std_HG008T-p2_20260313/20260202_1137_1D_PBI58079_9dc19127/PBI58079_pass_9dc19127_67a687eb_209.bam	197653677
HG008T-p2.BCM_ONT-std_HG008T-p2_20260313	data_somatic/HG008/Liss_lab/other_passages/BCM_ONT-std_HG008T-p2_20260313/20260202_1137_1D_PBI58079_9dc19127/PBI58079_pass_9dc19127_67a687eb_21.bam	700339977
HG008T-p2.BCM_ONT-std_HG008T-p2_20260313	data_somatic/HG008/Liss_lab/other_passages/BCM_ONT-std_HG008T-p2_20260313/20260202_1137_1D_PBI58079_9dc19127/PBI58079_pass_9dc19127_67a687eb_210.bam	214067241
HG008T-p2.BCM_ONT-std_HG008T-p2_20260313	data_somatic/HG008/Liss_lab/other_passages/BCM_ONT-std_HG008T-p2_20260313/20260202_1137_1D_PBI58079_9dc19127/PBI58079_pass_9dc19127_67a687eb_211.bam	227288865
HG008T-p2.BCM_ONT-std_HG008T-p2_20260313	data_somatic/HG008/Liss_lab/other_passages/BCM_ONT-std_HG008T-p2_20260313/20260202_1137_1D_PBI58079_9dc19127/PBI58079_pass_9dc19127_67a687eb_212.bam	206688408
HG008T-p2.BCM_ONT-std_HG008T-p2_20260313	data_somatic/HG008/Liss_lab/other_passages/BCM_ONT-std_HG008T-p2_20260313/20260202_1137_1D_PBI58079_9dc19127/PBI58079_pass_9dc19127_67a687eb_213.bam	224596273
HG008T-p2.BCM_ONT-std_HG008T-p2_20260313	data_somatic/HG008/Liss_lab/other_passages/BCM_ONT-std_HG008T-p2_20260313/20260202_1137_1D_PBI58079_9dc19127/PBI58079_pass_9dc19127_67a687eb_214.bam	235331395
HG008T-p2.BCM_ONT-std_HG008T-p2_20260313	data_somatic/HG008/Liss_lab/other_passages/BCM_ONT-std_HG008T-p2_20260313/20260202_1137_1D_PBI58079_9dc19127/PBI58079_pass_9dc19127_67a687eb_215.bam	230027889
HG008T-p2.BCM_ONT-std_HG008T-p2_20260313	data_somatic/HG008/Liss_lab/other_passages/BCM_ONT-std_HG008T-p2_20260313/20260202_1137_1D_PBI58079_9dc19127/PBI58079_pass_9dc19127_67a687eb_216.bam	234068633
HG008T-p2.BCM_ONT-std_HG008T-p2_20260313	data_somatic/HG008/Liss_lab/other_passages/BCM_ONT-std_HG008T-p2_20260313/20260202_1137_1D_PBI58079_9dc19127/PBI58079_pass_9dc19127_67a687eb_217.bam	221364899
HG008T-p2.BCM_ONT-std_HG008T-p2_20260313	data_somatic/HG008/Liss_lab/other_passages/BCM_ONT-std_HG008T-p2_20260313/20260202_1137_1D_PBI58079_9dc19127/PBI58079_pass_9dc19127_67a687eb_218.bam	211782854
HG008T-p2.BCM_ONT-std_HG008T-p2_20260313	data_somatic/HG008/Liss_lab/other_passages/BCM_ONT-std_HG008T-p2_20260313/20260202_1137_1D_PBI58079_9dc19127/PBI58079_pass_9dc19127_67a687eb_219.bam	228602471
HG008T-p2.BCM_ONT-std_HG008T-p2_20260313	data_somatic/HG008/Liss_lab/other_passages/BCM_ONT-std_HG008T-p2_20260313/20260202_1137_1D_PBI58079_9dc19127/PBI58079_pass_9dc19127_67a687eb_22.bam	711801552
HG008T-p2.BCM_ONT-std_HG008T-p2_20260313	data_somatic/HG008/Liss_lab/other_passages/BCM_ONT-std_HG008T-p2_20260313/20260202_1137_1D_PBI58079_9dc19127/PBI58079_pass_9dc19127_67a687eb_220.bam	212724383
HG008T-p2.BCM_ONT-std_HG008T-p2_20260313	data_somatic/HG008/Liss_lab/other_passages/BCM_ONT-std_HG008T-p2_20260313/20260202_1137_1D_PBI58079_9dc19127/PBI58079_pass_9dc19127_67a687eb_221.bam	223836243
HG008T-p2.BCM_ONT-std_HG008T-p2_20260313	data_somatic/HG008/Liss_lab/other_passages/BCM_ONT-std_HG008T-p2_20260313/20260202_1137_1D_PBI58079_9dc19127/PBI58079_pass_9dc19127_67a687eb_222.bam	228753685
HG008T-p2.BCM_ONT-std_HG008T-p2_20260313	data_somatic/HG008/Liss_lab/other_passages/BCM_ONT-std_HG008T-p2_20260313/20260202_1137_1D_PBI58079_9dc19127/PBI58079_pass_9dc19127_67a687eb_223.bam	224706469
HG008T-p2.BCM_ONT-std_HG008T-p2_20260313	data_somatic/HG008/Liss_lab/other_passages/BCM_ONT-std_HG008T-p2_20260313/20260202_1137_1D_PBI58079_9dc19127/PBI58079_pass_9dc19127_67a687eb_224.bam	232338592
HG008T-p2.BCM_ONT-std_HG008T-p2_20260313	data_somatic/HG008/Liss_lab/other_passages/BCM_ONT-std_HG008T-p2_20260313/20260202_1137_1D_PBI58079_9dc19127/PBI58079_pass_9dc19127_67a687eb_225.bam	224930334
HG008T-p2.BCM_ONT-std_HG008T-p2_20260313	data_somatic/HG008/Liss_lab/other_passages/BCM_ONT-std_HG008T-p2_20260313/20260202_1137_1D_PBI58079_9dc19127/PBI58079_pass_9dc19127_67a687eb_226.bam	219467631
HG008T-p2.BCM_ONT-std_HG008T-p2_20260313	data_somatic/HG008/Liss_lab/other_passages/BCM_ONT-std_HG008T-p2_20260313/20260202_1137_1D_PBI58079_9dc19127/PBI58079_pass_9dc19127_67a687eb_227.bam	231389972
HG008T-p2.BCM_ONT-std_HG008T-p2_20260313	data_somatic/HG008/Liss_lab/other_passages/BCM_ONT-std_HG008T-p2_20260313/20260202_1137_1D_PBI58079_9dc19127/PBI58079_pass_9dc19127_67a687eb_228.bam	212580420
HG008T-p2.BCM_ONT-std_HG008T-p2_20260313	data_somatic/HG008/Liss_lab/other_passages/BCM_ONT-std_HG008T-p2_20260313/20260202_1137_1D_PBI58079_9dc19127/PBI58079_pass_9dc19127_67a687eb_229.bam	230897614
HG008T-p2.BCM_ONT-std_HG008T-p2_20260313	data_somatic/HG008/Liss_lab/other_passages/BCM_ONT-std_HG008T-p2_20260313/20260202_1137_1D_PBI58079_9dc19127/PBI58079_pass_9dc19127_67a687eb_23.bam	702153350
HG008T-p2.BCM_ONT-std_HG008T-p2_20260313	data_somatic/HG008/Liss_lab/other_passages/BCM_ONT-std_HG008T-p2_20260313/20260202_1137_1D_PBI58079_9dc19127/PBI58079_pass_9dc19127_67a687eb_230.bam	234912987
HG008T-p2.BCM_ONT-std_HG008T-p2_20260313	data_somatic/HG008/Liss_lab/other_passages/BCM_ONT-std_HG008T-p2_20260313/20260202_1137_1D_PBI58079_9dc19127/PBI58079_pass_9dc19127_67a687eb_231.bam	238577565
HG008T-p2.BCM_ONT-std_HG008T-p2_20260313	data_somatic/HG008/Liss_lab/other_passages/BCM_ONT-std_HG008T-p2_20260313/20260202_1137_1D_PBI58079_9dc19127/PBI58079_pass_9dc19127_67a687eb_232.bam	231760635
HG008T-p2.BCM_ONT-std_HG008T-p2_20260313	data_somatic/HG008/Liss_lab/other_passages/BCM_ONT-std_HG008T-p2_20260313/20260202_1137_1D_PBI58079_9dc19127/PBI58079_pass_9dc19127_67a687eb_233.bam	226755390
HG008T-p2.BCM_ONT-std_HG008T-p2_20260313	data_somatic/HG008/Liss_lab/other_passages/BCM_ONT-std_HG008T-p2_20260313/20260202_1137_1D_PBI58079_9dc19127/PBI58079_pass_9dc19127_67a687eb_234.bam	228223621
HG008T-p2.BCM_ONT-std_HG008T-p2_20260313	data_somatic/HG008/Liss_lab/other_passages/BCM_ONT-std_HG008T-p2_20260313/20260202_1137_1D_PBI58079_9dc19127/PBI58079_pass_9dc19127_67a687eb_235.bam	230962424
HG008T-p2.BCM_ONT-std_HG008T-p2_20260313	data_somatic/HG008/Liss_lab/other_passages/BCM_ONT-std_HG008T-p2_20260313/20260202_1137_1D_PBI58079_9dc19127/PBI58079_pass_9dc19127_67a687eb_236.bam	233061150
HG008T-p2.BCM_ONT-std_HG008T-p2_20260313	data_somatic/HG008/Liss_lab/other_passages/BCM_ONT-std_HG008T-p2_20260313/20260202_1137_1D_PBI58079_9dc19127/PBI58079_pass_9dc19127_67a687eb_237.bam	201404881
HG008T-p2.BCM_ONT-std_HG008T-p2_20260313	data_somatic/HG008/Liss_lab/other_passages/BCM_ONT-std_HG008T-p2_20260313/20260202_1137_1D_PBI58079_9dc19127/PBI58079_pass_9dc19127_67a687eb_238.bam	229162194
HG008T-p2.BCM_ONT-std_HG008T-p2_20260313	data_somatic/HG008/Liss_lab/other_passages/BCM_ONT-std_HG008T-p2_20260313/20260202_1137_1D_PBI58079_9dc19127/PBI58079_pass_9dc19127_67a687eb_239.bam	236767549
HG008T-p2.BCM_ONT-std_HG008T-p2_20260313	data_somatic/HG008/Liss_lab/other_passages/BCM_ONT-std_HG008T-p2_20260313/20260202_1137_1D_PBI58079_9dc19127/PBI58079_pass_9dc19127_67a687eb_24.bam	689778818
HG008T-p2.BCM_ONT-std_HG008T-p2_20260313	data_somatic/HG008/Liss_lab/other_passages/BCM_ONT-std_HG008T-p2_20260313/20260202_1137_1D_PBI58079_9dc19127/PBI58079_pass_9dc19127_67a687eb_240.bam	231401468
HG008T-p2.BCM_ONT-std_HG008T-p2_20260313	data_somatic/HG008/Liss_lab/other_passages/BCM_ONT-std_HG008T-p2_20260313/20260202_1137_1D_PBI58079_9dc19127/PBI58079_pass_9dc19127_67a687eb_241.bam	227549335
HG008T-p2.BCM_ONT-std_HG008T-p2_20260313	data_somatic/HG008/Liss_lab/other_passages/BCM_ONT-std_HG008T-p2_20260313/20260202_1137_1D_PBI58079_9dc19127/PBI58079_pass_9dc19127_67a687eb_242.bam	227045321
HG008T-p2.BCM_ONT-std_HG008T-p2_20260313	data_somatic/HG008/Liss_lab/other_passages/BCM_ONT-std_HG008T-p2_20260313/20260202_1137_1D_PBI58079_9dc19127/PBI58079_pass_9dc19127_67a687eb_243.bam	227913496
HG008T-p2.BCM_ONT-std_HG008T-p2_20260313	data_somatic/HG008/Liss_lab/other_passages/BCM_ONT-std_HG008T-p2_20260313/20260202_1137_1D_PBI58079_9dc19127/PBI58079_pass_9dc19127_67a687eb_244.bam	228584397
HG008T-p2.BCM_ONT-std_HG008T-p2_20260313	data_somatic/HG008/Liss_lab/other_passages/BCM_ONT-std_HG008T-p2_20260313/20260202_1137_1D_PBI58079_9dc19127/PBI58079_pass_9dc19127_67a687eb_245.bam	229523328
HG008T-p2.BCM_ONT-std_HG008T-p2_20260313	data_somatic/HG008/Liss_lab/other_passages/BCM_ONT-std_HG008T-p2_20260313/20260202_1137_1D_PBI58079_9dc19127/PBI58079_pass_9dc19127_67a687eb_246.bam	228200403
HG008T-p2.BCM_ONT-std_HG008T-p2_20260313	data_somatic/HG008/Liss_lab/other_passages/BCM_ONT-std_HG008T-p2_20260313/20260202_1137_1D_PBI58079_9dc19127/PBI58079_pass_9dc19127_67a687eb_247.bam	208996257
HG008T-p2.BCM_ONT-std_HG008T-p2_20260313	data_somatic/HG008/Liss_lab/other_passages/BCM_ONT-std_HG008T-p2_20260313/20260202_1137_1D_PBI58079_9dc19127/PBI58079_pass_9dc19127_67a687eb_248.bam	237500368
HG008T-p2.BCM_ONT-std_HG008T-p2_20260313	data_somatic/HG008/Liss_lab/other_passages/BCM_ONT-std_HG008T-p2_20260313/20260202_1137_1D_PBI58079_9dc19127/PBI58079_pass_9dc19127_67a687eb_249.bam	232641383
HG008T-p2.BCM_ONT-std_HG008T-p2_20260313	data_somatic/HG008/Liss_lab/other_passages/BCM_ONT-std_HG008T-p2_20260313/20260202_1137_1D_PBI58079_9dc19127/PBI58079_pass_9dc19127_67a687eb_25.bam	694531503
HG008T-p2.BCM_ONT-std_HG008T-p2_20260313	data_somatic/HG008/Liss_lab/other_passages/BCM_ONT-std_HG008T-p2_20260313/20260202_1137_1D_PBI58079_9dc19127/PBI58079_pass_9dc19127_67a687eb_250.bam	233070440
HG008T-p2.BCM_ONT-std_HG008T-p2_20260313	data_somatic/HG008/Liss_lab/other_passages/BCM_ONT-std_HG008T-p2_20260313/20260202_1137_1D_PBI58079_9dc19127/PBI58079_pass_9dc19127_67a687eb_251.bam	229607892
HG008T-p2.BCM_ONT-std_HG008T-p2_20260313	data_somatic/HG008/Liss_lab/other_passages/BCM_ONT-std_HG008T-p2_20260313/20260202_1137_1D_PBI58079_9dc19127/PBI58079_pass_9dc19127_67a687eb_252.bam	228748687
HG008T-p2.BCM_ONT-std_HG008T-p2_20260313	data_somatic/HG008/Liss_lab/other_passages/BCM_ONT-std_HG008T-p2_20260313/20260202_1137_1D_PBI58079_9dc19127/PBI58079_pass_9dc19127_67a687eb_253.bam	231456060
HG008T-p2.BCM_ONT-std_HG008T-p2_20260313	data_somatic/HG008/Liss_lab/other_passages/BCM_ONT-std_HG008T-p2_20260313/20260202_1137_1D_PBI58079_9dc19127/PBI58079_pass_9dc19127_67a687eb_254.bam	232234815
HG008T-p2.BCM_ONT-std_HG008T-p2_20260313	data_somatic/HG008/Liss_lab/other_passages/BCM_ONT-std_HG008T-p2_20260313/20260202_1137_1D_PBI58079_9dc19127/PBI58079_pass_9dc19127_67a687eb_255.bam	227752269
HG008T-p2.BCM_ONT-std_HG008T-p2_20260313	data_somatic/HG008/Liss_lab/other_passages/BCM_ONT-std_HG008T-p2_20260313/20260202_1137_1D_PBI58079_9dc19127/PBI58079_pass_9dc19127_67a687eb_256.bam	209245854
HG008T-p2.BCM_ONT-std_HG008T-p2_20260313	data_somatic/HG008/Liss_lab/other_passages/BCM_ONT-std_HG008T-p2_20260313/20260202_1137_1D_PBI58079_9dc19127/PBI58079_pass_9dc19127_67a687eb_257.bam	229070921
HG008T-p2.BCM_ONT-std_HG008T-p2_20260313	data_somatic/HG008/Liss_lab/other_passages/BCM_ONT-std_HG008T-p2_20260313/20260202_1137_1D_PBI58079_9dc19127/PBI58079_pass_9dc19127_67a687eb_258.bam	229613777
HG008T-p2.BCM_ONT-std_HG008T-p2_20260313	data_somatic/HG008/Liss_lab/other_passages/BCM_ONT-std_HG008T-p2_20260313/20260202_1137_1D_PBI58079_9dc19127/PBI58079_pass_9dc19127_67a687eb_259.bam	229809019
HG008T-p2.BCM_ONT-std_HG008T-p2_20260313	data_somatic/HG008/Liss_lab/other_passages/BCM_ONT-std_HG008T-p2_20260313/20260202_1137_1D_PBI58079_9dc19127/PBI58079_pass_9dc19127_67a687eb_26.bam	700517404
HG008T-p2.BCM_ONT-std_HG008T-p2_20260313	data_somatic/HG008/Liss_lab/other_passages/BCM_ONT-std_HG008T-p2_20260313/20260202_1137_1D_PBI58079_9dc19127/PBI58079_pass_9dc19127_67a687eb_260.bam	226121899
HG008T-p2.BCM_ONT-std_HG008T-p2_20260313	data_somatic/HG008/Liss_lab/other_passages/BCM_ONT-std_HG008T-p2_20260313/20260202_1137_1D_PBI58079_9dc19127/PBI58079_pass_9dc19127_67a687eb_261.bam	223244200
HG008T-p2.BCM_ONT-std_HG008T-p2_20260313	data_somatic/HG008/Liss_lab/other_passages/BCM_ONT-std_HG008T-p2_20260313/20260202_1137_1D_PBI58079_9dc19127/PBI58079_pass_9dc19127_67a687eb_262.bam	230508035
HG008T-p2.BCM_ONT-std_HG008T-p2_20260313	data_somatic/HG008/Liss_lab/other_passages/BCM_ONT-std_HG008T-p2_20260313/20260202_1137_1D_PBI58079_9dc19127/PBI58079_pass_9dc19127_67a687eb_263.bam	225906172
HG008T-p2.BCM_ONT-std_HG008T-p2_20260313	data_somatic/HG008/Liss_lab/other_passages/BCM_ONT-std_HG008T-p2_20260313/20260202_1137_1D_PBI58079_9dc19127/PBI58079_pass_9dc19127_67a687eb_264.bam	231665293
HG008T-p2.BCM_ONT-std_HG008T-p2_20260313	data_somatic/HG008/Liss_lab/other_passages/BCM_ONT-std_HG008T-p2_20260313/20260202_1137_1D_PBI58079_9dc19127/PBI58079_pass_9dc19127_67a687eb_265.bam	230281408
HG008T-p2.BCM_ONT-std_HG008T-p2_20260313	data_somatic/HG008/Liss_lab/other_passages/BCM_ONT-std_HG008T-p2_20260313/20260202_1137_1D_PBI58079_9dc19127/PBI58079_pass_9dc19127_67a687eb_266.bam	230383773
HG008T-p2.BCM_ONT-std_HG008T-p2_20260313	data_somatic/HG008/Liss_lab/other_passages/BCM_ONT-std_HG008T-p2_20260313/20260202_1137_1D_PBI58079_9dc19127/PBI58079_pass_9dc19127_67a687eb_267.bam	231673679
HG008T-p2.BCM_ONT-std_HG008T-p2_20260313	data_somatic/HG008/Liss_lab/other_passages/BCM_ONT-std_HG008T-p2_20260313/20260202_1137_1D_PBI58079_9dc19127/PBI58079_pass_9dc19127_67a687eb_268.bam	221483483
HG008T-p2.BCM_ONT-std_HG008T-p2_20260313	data_somatic/HG008/Liss_lab/other_passages/BCM_ONT-std_HG008T-p2_20260313/20260202_1137_1D_PBI58079_9dc19127/PBI58079_pass_9dc19127_67a687eb_269.bam	231546843
HG008T-p2.BCM_ONT-std_HG008T-p2_20260313	data_somatic/HG008/Liss_lab/other_passages/BCM_ONT-std_HG008T-p2_20260313/20260202_1137_1D_PBI58079_9dc19127/PBI58079_pass_9dc19127_67a687eb_27.bam	668305637
HG008T-p2.BCM_ONT-std_HG008T-p2_20260313	data_somatic/HG008/Liss_lab/other_passages/BCM_ONT-std_HG008T-p2_20260313/20260202_1137_1D_PBI58079_9dc19127/PBI58079_pass_9dc19127_67a687eb_270.bam	231090718
HG008T-p2.BCM_ONT-std_HG008T-p2_20260313	data_somatic/HG008/Liss_lab/other_passages/BCM_ONT-std_HG008T-p2_20260313/20260202_1137_1D_PBI58079_9dc19127/PBI58079_pass_9dc19127_67a687eb_271.bam	226442649
HG008T-p2.BCM_ONT-std_HG008T-p2_20260313	data_somatic/HG008/Liss_lab/other_passages/BCM_ONT-std_HG008T-p2_20260313/20260202_1137_1D_PBI58079_9dc19127/PBI58079_pass_9dc19127_67a687eb_272.bam	225346435
HG008T-p2.BCM_ONT-std_HG008T-p2_20260313	data_somatic/HG008/Liss_lab/other_passages/BCM_ONT-std_HG008T-p2_20260313/20260202_1137_1D_PBI58079_9dc19127/PBI58079_pass_9dc19127_67a687eb_273.bam	218600374
HG008T-p2.BCM_ONT-std_HG008T-p2_20260313	data_somatic/HG008/Liss_lab/other_passages/BCM_ONT-std_HG008T-p2_20260313/20260202_1137_1D_PBI58079_9dc19127/PBI58079_pass_9dc19127_67a687eb_274.bam	232163330
HG008T-p2.BCM_ONT-std_HG008T-p2_20260313	data_somatic/HG008/Liss_lab/other_passages/BCM_ONT-std_HG008T-p2_20260313/20260202_1137_1D_PBI58079_9dc19127/PBI58079_pass_9dc19127_67a687eb_275.bam	230208695
HG008T-p2.BCM_ONT-std_HG008T-p2_20260313	data_somatic/HG008/Liss_lab/other_passages/BCM_ONT-std_HG008T-p2_20260313/20260202_1137_1D_PBI58079_9dc19127/PBI58079_pass_9dc19127_67a687eb_276.bam	233041328
HG008T-p2.BCM_ONT-std_HG008T-p2_20260313	data_somatic/HG008/Liss_lab/other_passages/BCM_ONT-std_HG008T-p2_20260313/20260202_1137_1D_PBI58079_9dc19127/PBI58079_pass_9dc19127_67a687eb_277.bam	231897778
HG008T-p2.BCM_ONT-std_HG008T-p2_20260313	data_somatic/HG008/Liss_lab/other_passages/BCM_ONT-std_HG008T-p2_20260313/20260202_1137_1D_PBI58079_9dc19127/PBI58079_pass_9dc19127_67a687eb_278.bam	224746373
HG008T-p2.BCM_ONT-std_HG008T-p2_20260313	data_somatic/HG008/Liss_lab/other_passages/BCM_ONT-std_HG008T-p2_20260313/20260202_1137_1D_PBI58079_9dc19127/PBI58079_pass_9dc19127_67a687eb_279.bam	233756253
HG008T-p2.BCM_ONT-std_HG008T-p2_20260313	data_somatic/HG008/Liss_lab/other_passages/BCM_ONT-std_HG008T-p2_20260313/20260202_1137_1D_PBI58079_9dc19127/PBI58079_pass_9dc19127_67a687eb_28.bam	395433242
HG008T-p2.BCM_ONT-std_HG008T-p2_20260313	data_somatic/HG008/Liss_lab/other_passages/BCM_ONT-std_HG008T-p2_20260313/20260202_1137_1D_PBI58079_9dc19127/PBI58079_pass_9dc19127_67a687eb_280.bam	234089769
HG008T-p2.BCM_ONT-std_HG008T-p2_20260313	data_somatic/HG008/Liss_lab/other_passages/BCM_ONT-std_HG008T-p2_20260313/20260202_1137_1D_PBI58079_9dc19127/PBI58079_pass_9dc19127_67a687eb_281.bam	228561135
HG008T-p2.BCM_ONT-std_HG008T-p2_20260313	data_somatic/HG008/Liss_lab/other_passages/BCM_ONT-std_HG008T-p2_20260313/20260202_1137_1D_PBI58079_9dc19127/PBI58079_pass_9dc19127_67a687eb_282.bam	220958512
HG008T-p2.BCM_ONT-std_HG008T-p2_20260313	data_somatic/HG008/Liss_lab/other_passages/BCM_ONT-std_HG008T-p2_20260313/20260202_1137_1D_PBI58079_9dc19127/PBI58079_pass_9dc19127_67a687eb_283.bam	223797199
HG008T-p2.BCM_ONT-std_HG008T-p2_20260313	data_somatic/HG008/Liss_lab/other_passages/BCM_ONT-std_HG008T-p2_20260313/20260202_1137_1D_PBI58079_9dc19127/PBI58079_pass_9dc19127_67a687eb_284.bam	225619405
HG008T-p2.BCM_ONT-std_HG008T-p2_20260313	data_somatic/HG008/Liss_lab/other_passages/BCM_ONT-std_HG008T-p2_20260313/20260202_1137_1D_PBI58079_9dc19127/PBI58079_pass_9dc19127_67a687eb_285.bam	230429319
HG008T-p2.BCM_ONT-std_HG008T-p2_20260313	data_somatic/HG008/Liss_lab/other_passages/BCM_ONT-std_HG008T-p2_20260313/20260202_1137_1D_PBI58079_9dc19127/PBI58079_pass_9dc19127_67a687eb_286.bam	197512645
HG008T-p2.BCM_ONT-std_HG008T-p2_20260313	data_somatic/HG008/Liss_lab/other_passages/BCM_ONT-std_HG008T-p2_20260313/20260202_1137_1D_PBI58079_9dc19127/PBI58079_pass_9dc19127_67a687eb_287.bam	213922907
HG008T-p2.BCM_ONT-std_HG008T-p2_20260313	data_somatic/HG008/Liss_lab/other_passages/BCM_ONT-std_HG008T-p2_20260313/20260202_1137_1D_PBI58079_9dc19127/PBI58079_pass_9dc19127_67a687eb_288.bam	221000959
HG008T-p2.BCM_ONT-std_HG008T-p2_20260313	data_somatic/HG008/Liss_lab/other_passages/BCM_ONT-std_HG008T-p2_20260313/20260202_1137_1D_PBI58079_9dc19127/PBI58079_pass_9dc19127_67a687eb_289.bam	163104168
HG008T-p2.BCM_ONT-std_HG008T-p2_20260313	data_somatic/HG008/Liss_lab/other_passages/BCM_ONT-std_HG008T-p2_20260313/20260202_1137_1D_PBI58079_9dc19127/PBI58079_pass_9dc19127_67a687eb_29.bam	678197143
HG008T-p2.BCM_ONT-std_HG008T-p2_20260313	data_somatic/HG008/Liss_lab/other_passages/BCM_ONT-std_HG008T-p2_20260313/20260202_1137_1D_PBI58079_9dc19127/PBI58079_pass_9dc19127_67a687eb_290.bam	237370783
HG008T-p2.BCM_ONT-std_HG008T-p2_20260313	data_somatic/HG008/Liss_lab/other_passages/BCM_ONT-std_HG008T-p2_20260313/20260202_1137_1D_PBI58079_9dc19127/PBI58079_pass_9dc19127_67a687eb_291.bam	229353897
HG008T-p2.BCM_ONT-std_HG008T-p2_20260313	data_somatic/HG008/Liss_lab/other_passages/BCM_ONT-std_HG008T-p2_20260313/20260202_1137_1D_PBI58079_9dc19127/PBI58079_pass_9dc19127_67a687eb_292.bam	216178120
HG008T-p2.BCM_ONT-std_HG008T-p2_20260313	data_somatic/HG008/Liss_lab/other_passages/BCM_ONT-std_HG008T-p2_20260313/20260202_1137_1D_PBI58079_9dc19127/PBI58079_pass_9dc19127_67a687eb_293.bam	232294095
HG008T-p2.BCM_ONT-std_HG008T-p2_20260313	data_somatic/HG008/Liss_lab/other_passages/BCM_ONT-std_HG008T-p2_20260313/20260202_1137_1D_PBI58079_9dc19127/PBI58079_pass_9dc19127_67a687eb_294.bam	212196877
HG008T-p2.BCM_ONT-std_HG008T-p2_20260313	data_somatic/HG008/Liss_lab/other_passages/BCM_ONT-std_HG008T-p2_20260313/20260202_1137_1D_PBI58079_9dc19127/PBI58079_pass_9dc19127_67a687eb_295.bam	230297948
HG008T-p2.BCM_ONT-std_HG008T-p2_20260313	data_somatic/HG008/Liss_lab/other_passages/BCM_ONT-std_HG008T-p2_20260313/20260202_1137_1D_PBI58079_9dc19127/PBI58079_pass_9dc19127_67a687eb_296.bam	234430591
HG008T-p2.BCM_ONT-std_HG008T-p2_20260313	data_somatic/HG008/Liss_lab/other_passages/BCM_ONT-std_HG008T-p2_20260313/20260202_1137_1D_PBI58079_9dc19127/PBI58079_pass_9dc19127_67a687eb_297.bam	211807525
HG008T-p2.BCM_ONT-std_HG008T-p2_20260313	data_somatic/HG008/Liss_lab/other_passages/BCM_ONT-std_HG008T-p2_20260313/20260202_1137_1D_PBI58079_9dc19127/PBI58079_pass_9dc19127_67a687eb_298.bam	203113927
HG008T-p2.BCM_ONT-std_HG008T-p2_20260313	data_somatic/HG008/Liss_lab/other_passages/BCM_ONT-std_HG008T-p2_20260313/20260202_1137_1D_PBI58079_9dc19127/PBI58079_pass_9dc19127_67a687eb_299.bam	222195727
HG008T-p2.BCM_ONT-std_HG008T-p2_20260313	data_somatic/HG008/Liss_lab/other_passages/BCM_ONT-std_HG008T-p2_20260313/20260202_1137_1D_PBI58079_9dc19127/PBI58079_pass_9dc19127_67a687eb_3.bam	717828038
HG008T-p2.BCM_ONT-std_HG008T-p2_20260313	data_somatic/HG008/Liss_lab/other_passages/BCM_ONT-std_HG008T-p2_20260313/20260202_1137_1D_PBI58079_9dc19127/PBI58079_pass_9dc19127_67a687eb_30.bam	655086205
HG008T-p2.BCM_ONT-std_HG008T-p2_20260313	data_somatic/HG008/Liss_lab/other_passages/BCM_ONT-std_HG008T-p2_20260313/20260202_1137_1D_PBI58079_9dc19127/PBI58079_pass_9dc19127_67a687eb_300.bam	220729874
HG008T-p2.BCM_ONT-std_HG008T-p2_20260313	data_somatic/HG008/Liss_lab/other_passages/BCM_ONT-std_HG008T-p2_20260313/20260202_1137_1D_PBI58079_9dc19127/PBI58079_pass_9dc19127_67a687eb_301.bam	230302058
HG008T-p2.BCM_ONT-std_HG008T-p2_20260313	data_somatic/HG008/Liss_lab/other_passages/BCM_ONT-std_HG008T-p2_20260313/20260202_1137_1D_PBI58079_9dc19127/PBI58079_pass_9dc19127_67a687eb_302.bam	218134719
HG008T-p2.BCM_ONT-std_HG008T-p2_20260313	data_somatic/HG008/Liss_lab/other_passages/BCM_ONT-std_HG008T-p2_20260313/20260202_1137_1D_PBI58079_9dc19127/PBI58079_pass_9dc19127_67a687eb_303.bam	223368897
HG008T-p2.BCM_ONT-std_HG008T-p2_20260313	data_somatic/HG008/Liss_lab/other_passages/BCM_ONT-std_HG008T-p2_20260313/20260202_1137_1D_PBI58079_9dc19127/PBI58079_pass_9dc19127_67a687eb_304.bam	225925988
HG008T-p2.BCM_ONT-std_HG008T-p2_20260313	data_somatic/HG008/Liss_lab/other_passages/BCM_ONT-std_HG008T-p2_20260313/20260202_1137_1D_PBI58079_9dc19127/PBI58079_pass_9dc19127_67a687eb_305.bam	216139271
HG008T-p2.BCM_ONT-std_HG008T-p2_20260313	data_somatic/HG008/Liss_lab/other_passages/BCM_ONT-std_HG008T-p2_20260313/20260202_1137_1D_PBI58079_9dc19127/PBI58079_pass_9dc19127_67a687eb_306.bam	225277136
HG008T-p2.BCM_ONT-std_HG008T-p2_20260313	data_somatic/HG008/Liss_lab/other_passages/BCM_ONT-std_HG008T-p2_20260313/20260202_1137_1D_PBI58079_9dc19127/PBI58079_pass_9dc19127_67a687eb_307.bam	208779696
HG008T-p2.BCM_ONT-std_HG008T-p2_20260313	data_somatic/HG008/Liss_lab/other_passages/BCM_ONT-std_HG008T-p2_20260313/20260202_1137_1D_PBI58079_9dc19127/PBI58079_pass_9dc19127_67a687eb_308.bam	208323323
HG008T-p2.BCM_ONT-std_HG008T-p2_20260313	data_somatic/HG008/Liss_lab/other_passages/BCM_ONT-std_HG008T-p2_20260313/20260202_1137_1D_PBI58079_9dc19127/PBI58079_pass_9dc19127_67a687eb_309.bam	225942120
HG008T-p2.BCM_ONT-std_HG008T-p2_20260313	data_somatic/HG008/Liss_lab/other_passages/BCM_ONT-std_HG008T-p2_20260313/20260202_1137_1D_PBI58079_9dc19127/PBI58079_pass_9dc19127_67a687eb_31.bam	658354061
HG008T-p2.BCM_ONT-std_HG008T-p2_20260313	data_somatic/HG008/Liss_lab/other_passages/BCM_ONT-std_HG008T-p2_20260313/20260202_1137_1D_PBI58079_9dc19127/PBI58079_pass_9dc19127_67a687eb_310.bam	221031367
HG008T-p2.BCM_ONT-std_HG008T-p2_20260313	data_somatic/HG008/Liss_lab/other_passages/BCM_ONT-std_HG008T-p2_20260313/20260202_1137_1D_PBI58079_9dc19127/PBI58079_pass_9dc19127_67a687eb_311.bam	218229852
HG008T-p2.BCM_ONT-std_HG008T-p2_20260313	data_somatic/HG008/Liss_lab/other_passages/BCM_ONT-std_HG008T-p2_20260313/20260202_1137_1D_PBI58079_9dc19127/PBI58079_pass_9dc19127_67a687eb_312.bam	226738725
HG008T-p2.BCM_ONT-std_HG008T-p2_20260313	data_somatic/HG008/Liss_lab/other_passages/BCM_ONT-std_HG008T-p2_20260313/20260202_1137_1D_PBI58079_9dc19127/PBI58079_pass_9dc19127_67a687eb_313.bam	217549074
HG008T-p2.BCM_ONT-std_HG008T-p2_20260313	data_somatic/HG008/Liss_lab/other_passages/BCM_ONT-std_HG008T-p2_20260313/20260202_1137_1D_PBI58079_9dc19127/PBI58079_pass_9dc19127_67a687eb_314.bam	223474434
HG008T-p2.BCM_ONT-std_HG008T-p2_20260313	data_somatic/HG008/Liss_lab/other_passages/BCM_ONT-std_HG008T-p2_20260313/20260202_1137_1D_PBI58079_9dc19127/PBI58079_pass_9dc19127_67a687eb_315.bam	214914788
HG008T-p2.BCM_ONT-std_HG008T-p2_20260313	data_somatic/HG008/Liss_lab/other_passages/BCM_ONT-std_HG008T-p2_20260313/20260202_1137_1D_PBI58079_9dc19127/PBI58079_pass_9dc19127_67a687eb_316.bam	221227880
HG008T-p2.BCM_ONT-std_HG008T-p2_20260313	data_somatic/HG008/Liss_lab/other_passages/BCM_ONT-std_HG008T-p2_20260313/20260202_1137_1D_PBI58079_9dc19127/PBI58079_pass_9dc19127_67a687eb_317.bam	196197661
HG008T-p2.BCM_ONT-std_HG008T-p2_20260313	data_somatic/HG008/Liss_lab/other_passages/BCM_ONT-std_HG008T-p2_20260313/20260202_1137_1D_PBI58079_9dc19127/PBI58079_pass_9dc19127_67a687eb_318.bam	225702883
HG008T-p2.BCM_ONT-std_HG008T-p2_20260313	data_somatic/HG008/Liss_lab/other_passages/BCM_ONT-std_HG008T-p2_20260313/20260202_1137_1D_PBI58079_9dc19127/PBI58079_pass_9dc19127_67a687eb_319.bam	229235920
HG008T-p2.BCM_ONT-std_HG008T-p2_20260313	data_somatic/HG008/Liss_lab/other_passages/BCM_ONT-std_HG008T-p2_20260313/20260202_1137_1D_PBI58079_9dc19127/PBI58079_pass_9dc19127_67a687eb_32.bam	666062222
HG008T-p2.BCM_ONT-std_HG008T-p2_20260313	data_somatic/HG008/Liss_lab/other_passages/BCM_ONT-std_HG008T-p2_20260313/20260202_1137_1D_PBI58079_9dc19127/PBI58079_pass_9dc19127_67a687eb_320.bam	225955560
HG008T-p2.BCM_ONT-std_HG008T-p2_20260313	data_somatic/HG008/Liss_lab/other_passages/BCM_ONT-std_HG008T-p2_20260313/20260202_1137_1D_PBI58079_9dc19127/PBI58079_pass_9dc19127_67a687eb_321.bam	217358946
HG008T-p2.BCM_ONT-std_HG008T-p2_20260313	data_somatic/HG008/Liss_lab/other_passages/BCM_ONT-std_HG008T-p2_20260313/20260202_1137_1D_PBI58079_9dc19127/PBI58079_pass_9dc19127_67a687eb_322.bam	225772659
HG008T-p2.BCM_ONT-std_HG008T-p2_20260313	data_somatic/HG008/Liss_lab/other_passages/BCM_ONT-std_HG008T-p2_20260313/20260202_1137_1D_PBI58079_9dc19127/PBI58079_pass_9dc19127_67a687eb_323.bam	234793016
HG008T-p2.BCM_ONT-std_HG008T-p2_20260313	data_somatic/HG008/Liss_lab/other_passages/BCM_ONT-std_HG008T-p2_20260313/20260202_1137_1D_PBI58079_9dc19127/PBI58079_pass_9dc19127_67a687eb_324.bam	215922698
HG008T-p2.BCM_ONT-std_HG008T-p2_20260313	data_somatic/HG008/Liss_lab/other_passages/BCM_ONT-std_HG008T-p2_20260313/20260202_1137_1D_PBI58079_9dc19127/PBI58079_pass_9dc19127_67a687eb_325.bam	224502673
HG008T-p2.BCM_ONT-std_HG008T-p2_20260313	data_somatic/HG008/Liss_lab/other_passages/BCM_ONT-std_HG008T-p2_20260313/20260202_1137_1D_PBI58079_9dc19127/PBI58079_pass_9dc19127_67a687eb_326.bam	219076949
HG008T-p2.BCM_ONT-std_HG008T-p2_20260313	data_somatic/HG008/Liss_lab/other_passages/BCM_ONT-std_HG008T-p2_20260313/20260202_1137_1D_PBI58079_9dc19127/PBI58079_pass_9dc19127_67a687eb_327.bam	206078272
HG008T-p2.BCM_ONT-std_HG008T-p2_20260313	data_somatic/HG008/Liss_lab/other_passages/BCM_ONT-std_HG008T-p2_20260313/20260202_1137_1D_PBI58079_9dc19127/PBI58079_pass_9dc19127_67a687eb_328.bam	224423583
HG008T-p2.BCM_ONT-std_HG008T-p2_20260313	data_somatic/HG008/Liss_lab/other_passages/BCM_ONT-std_HG008T-p2_20260313/20260202_1137_1D_PBI58079_9dc19127/PBI58079_pass_9dc19127_67a687eb_329.bam	221999287
HG008T-p2.BCM_ONT-std_HG008T-p2_20260313	data_somatic/HG008/Liss_lab/other_passages/BCM_ONT-std_HG008T-p2_20260313/20260202_1137_1D_PBI58079_9dc19127/PBI58079_pass_9dc19127_67a687eb_33.bam	652216373
HG008T-p2.BCM_ONT-std_HG008T-p2_20260313	data_somatic/HG008/Liss_lab/other_passages/BCM_ONT-std_HG008T-p2_20260313/20260202_1137_1D_PBI58079_9dc19127/PBI58079_pass_9dc19127_67a687eb_330.bam	216394263
HG008T-p2.BCM_ONT-std_HG008T-p2_20260313	data_somatic/HG008/Liss_lab/other_passages/BCM_ONT-std_HG008T-p2_20260313/20260202_1137_1D_PBI58079_9dc19127/PBI58079_pass_9dc19127_67a687eb_331.bam	225735853
HG008T-p2.BCM_ONT-std_HG008T-p2_20260313	data_somatic/HG008/Liss_lab/other_passages/BCM_ONT-std_HG008T-p2_20260313/20260202_1137_1D_PBI58079_9dc19127/PBI58079_pass_9dc19127_67a687eb_332.bam	219053695
HG008T-p2.BCM_ONT-std_HG008T-p2_20260313	data_somatic/HG008/Liss_lab/other_passages/BCM_ONT-std_HG008T-p2_20260313/20260202_1137_1D_PBI58079_9dc19127/PBI58079_pass_9dc19127_67a687eb_333.bam	218521949
HG008T-p2.BCM_ONT-std_HG008T-p2_20260313	data_somatic/HG008/Liss_lab/other_passages/BCM_ONT-std_HG008T-p2_20260313/20260202_1137_1D_PBI58079_9dc19127/PBI58079_pass_9dc19127_67a687eb_334.bam	225173432
HG008T-p2.BCM_ONT-std_HG008T-p2_20260313	data_somatic/HG008/Liss_lab/other_passages/BCM_ONT-std_HG008T-p2_20260313/20260202_1137_1D_PBI58079_9dc19127/PBI58079_pass_9dc19127_67a687eb_335.bam	218391158
HG008T-p2.BCM_ONT-std_HG008T-p2_20260313	data_somatic/HG008/Liss_lab/other_passages/BCM_ONT-std_HG008T-p2_20260313/20260202_1137_1D_PBI58079_9dc19127/PBI58079_pass_9dc19127_67a687eb_336.bam	195932591
HG008T-p2.BCM_ONT-std_HG008T-p2_20260313	data_somatic/HG008/Liss_lab/other_passages/BCM_ONT-std_HG008T-p2_20260313/20260202_1137_1D_PBI58079_9dc19127/PBI58079_pass_9dc19127_67a687eb_337.bam	221223197
HG008T-p2.BCM_ONT-std_HG008T-p2_20260313	data_somatic/HG008/Liss_lab/other_passages/BCM_ONT-std_HG008T-p2_20260313/20260202_1137_1D_PBI58079_9dc19127/PBI58079_pass_9dc19127_67a687eb_338.bam	219207318
HG008T-p2.BCM_ONT-std_HG008T-p2_20260313	data_somatic/HG008/Liss_lab/other_passages/BCM_ONT-std_HG008T-p2_20260313/20260202_1137_1D_PBI58079_9dc19127/PBI58079_pass_9dc19127_67a687eb_339.bam	229928993
HG008T-p2.BCM_ONT-std_HG008T-p2_20260313	data_somatic/HG008/Liss_lab/other_passages/BCM_ONT-std_HG008T-p2_20260313/20260202_1137_1D_PBI58079_9dc19127/PBI58079_pass_9dc19127_67a687eb_34.bam	663113025
HG008T-p2.BCM_ONT-std_HG008T-p2_20260313	data_somatic/HG008/Liss_lab/other_passages/BCM_ONT-std_HG008T-p2_20260313/20260202_1137_1D_PBI58079_9dc19127/PBI58079_pass_9dc19127_67a687eb_340.bam	221038287
HG008T-p2.BCM_ONT-std_HG008T-p2_20260313	data_somatic/HG008/Liss_lab/other_passages/BCM_ONT-std_HG008T-p2_20260313/20260202_1137_1D_PBI58079_9dc19127/PBI58079_pass_9dc19127_67a687eb_341.bam	222664820
HG008T-p2.BCM_ONT-std_HG008T-p2_20260313	data_somatic/HG008/Liss_lab/other_passages/BCM_ONT-std_HG008T-p2_20260313/20260202_1137_1D_PBI58079_9dc19127/PBI58079_pass_9dc19127_67a687eb_342.bam	229039177
HG008T-p2.BCM_ONT-std_HG008T-p2_20260313	data_somatic/HG008/Liss_lab/other_passages/BCM_ONT-std_HG008T-p2_20260313/20260202_1137_1D_PBI58079_9dc19127/PBI58079_pass_9dc19127_67a687eb_343.bam	218756609
HG008T-p2.BCM_ONT-std_HG008T-p2_20260313	data_somatic/HG008/Liss_lab/other_passages/BCM_ONT-std_HG008T-p2_20260313/20260202_1137_1D_PBI58079_9dc19127/PBI58079_pass_9dc19127_67a687eb_344.bam	220775297
HG008T-p2.BCM_ONT-std_HG008T-p2_20260313	data_somatic/HG008/Liss_lab/other_passages/BCM_ONT-std_HG008T-p2_20260313/20260202_1137_1D_PBI58079_9dc19127/PBI58079_pass_9dc19127_67a687eb_345.bam	217338113
HG008T-p2.BCM_ONT-std_HG008T-p2_20260313	data_somatic/HG008/Liss_lab/other_passages/BCM_ONT-std_HG008T-p2_20260313/20260202_1137_1D_PBI58079_9dc19127/PBI58079_pass_9dc19127_67a687eb_346.bam	201095304
HG008T-p2.BCM_ONT-std_HG008T-p2_20260313	data_somatic/HG008/Liss_lab/other_passages/BCM_ONT-std_HG008T-p2_20260313/20260202_1137_1D_PBI58079_9dc19127/PBI58079_pass_9dc19127_67a687eb_347.bam	229999751
HG008T-p2.BCM_ONT-std_HG008T-p2_20260313	data_somatic/HG008/Liss_lab/other_passages/BCM_ONT-std_HG008T-p2_20260313/20260202_1137_1D_PBI58079_9dc19127/PBI58079_pass_9dc19127_67a687eb_348.bam	220189323
HG008T-p2.BCM_ONT-std_HG008T-p2_20260313	data_somatic/HG008/Liss_lab/other_passages/BCM_ONT-std_HG008T-p2_20260313/20260202_1137_1D_PBI58079_9dc19127/PBI58079_pass_9dc19127_67a687eb_349.bam	209253369
HG008T-p2.BCM_ONT-std_HG008T-p2_20260313	data_somatic/HG008/Liss_lab/other_passages/BCM_ONT-std_HG008T-p2_20260313/20260202_1137_1D_PBI58079_9dc19127/PBI58079_pass_9dc19127_67a687eb_35.bam	648142272
HG008T-p2.BCM_ONT-std_HG008T-p2_20260313	data_somatic/HG008/Liss_lab/other_passages/BCM_ONT-std_HG008T-p2_20260313/20260202_1137_1D_PBI58079_9dc19127/PBI58079_pass_9dc19127_67a687eb_350.bam	222305477
HG008T-p2.BCM_ONT-std_HG008T-p2_20260313	data_somatic/HG008/Liss_lab/other_passages/BCM_ONT-std_HG008T-p2_20260313/20260202_1137_1D_PBI58079_9dc19127/PBI58079_pass_9dc19127_67a687eb_351.bam	227008329
HG008T-p2.BCM_ONT-std_HG008T-p2_20260313	data_somatic/HG008/Liss_lab/other_passages/BCM_ONT-std_HG008T-p2_20260313/20260202_1137_1D_PBI58079_9dc19127/PBI58079_pass_9dc19127_67a687eb_352.bam	215205026
HG008T-p2.BCM_ONT-std_HG008T-p2_20260313	data_somatic/HG008/Liss_lab/other_passages/BCM_ONT-std_HG008T-p2_20260313/20260202_1137_1D_PBI58079_9dc19127/PBI58079_pass_9dc19127_67a687eb_353.bam	228234522
HG008T-p2.BCM_ONT-std_HG008T-p2_20260313	data_somatic/HG008/Liss_lab/other_passages/BCM_ONT-std_HG008T-p2_20260313/20260202_1137_1D_PBI58079_9dc19127/PBI58079_pass_9dc19127_67a687eb_354.bam	215795696
HG008T-p2.BCM_ONT-std_HG008T-p2_20260313	data_somatic/HG008/Liss_lab/other_passages/BCM_ONT-std_HG008T-p2_20260313/20260202_1137_1D_PBI58079_9dc19127/PBI58079_pass_9dc19127_67a687eb_355.bam	213445999
HG008T-p2.BCM_ONT-std_HG008T-p2_20260313	data_somatic/HG008/Liss_lab/other_passages/BCM_ONT-std_HG008T-p2_20260313/20260202_1137_1D_PBI58079_9dc19127/PBI58079_pass_9dc19127_67a687eb_356.bam	229670074
HG008T-p2.BCM_ONT-std_HG008T-p2_20260313	data_somatic/HG008/Liss_lab/other_passages/BCM_ONT-std_HG008T-p2_20260313/20260202_1137_1D_PBI58079_9dc19127/PBI58079_pass_9dc19127_67a687eb_357.bam	217776999
HG008T-p2.BCM_ONT-std_HG008T-p2_20260313	data_somatic/HG008/Liss_lab/other_passages/BCM_ONT-std_HG008T-p2_20260313/20260202_1137_1D_PBI58079_9dc19127/PBI58079_pass_9dc19127_67a687eb_358.bam	224664189
HG008T-p2.BCM_ONT-std_HG008T-p2_20260313	data_somatic/HG008/Liss_lab/other_passages/BCM_ONT-std_HG008T-p2_20260313/20260202_1137_1D_PBI58079_9dc19127/PBI58079_pass_9dc19127_67a687eb_359.bam	218087515
HG008T-p2.BCM_ONT-std_HG008T-p2_20260313	data_somatic/HG008/Liss_lab/other_passages/BCM_ONT-std_HG008T-p2_20260313/20260202_1137_1D_PBI58079_9dc19127/PBI58079_pass_9dc19127_67a687eb_36.bam	651894255
HG008T-p2.BCM_ONT-std_HG008T-p2_20260313	data_somatic/HG008/Liss_lab/other_passages/BCM_ONT-std_HG008T-p2_20260313/20260202_1137_1D_PBI58079_9dc19127/PBI58079_pass_9dc19127_67a687eb_360.bam	222033078
HG008T-p2.BCM_ONT-std_HG008T-p2_20260313	data_somatic/HG008/Liss_lab/other_passages/BCM_ONT-std_HG008T-p2_20260313/20260202_1137_1D_PBI58079_9dc19127/PBI58079_pass_9dc19127_67a687eb_361.bam	216636753
HG008T-p2.BCM_ONT-std_HG008T-p2_20260313	data_somatic/HG008/Liss_lab/other_passages/BCM_ONT-std_HG008T-p2_20260313/20260202_1137_1D_PBI58079_9dc19127/PBI58079_pass_9dc19127_67a687eb_362.bam	214373578
HG008T-p2.BCM_ONT-std_HG008T-p2_20260313	data_somatic/HG008/Liss_lab/other_passages/BCM_ONT-std_HG008T-p2_20260313/20260202_1137_1D_PBI58079_9dc19127/PBI58079_pass_9dc19127_67a687eb_363.bam	226647192
HG008T-p2.BCM_ONT-std_HG008T-p2_20260313	data_somatic/HG008/Liss_lab/other_passages/BCM_ONT-std_HG008T-p2_20260313/20260202_1137_1D_PBI58079_9dc19127/PBI58079_pass_9dc19127_67a687eb_364.bam	219662732
HG008T-p2.BCM_ONT-std_HG008T-p2_20260313	data_somatic/HG008/Liss_lab/other_passages/BCM_ONT-std_HG008T-p2_20260313/20260202_1137_1D_PBI58079_9dc19127/PBI58079_pass_9dc19127_67a687eb_365.bam	226961576
HG008T-p2.BCM_ONT-std_HG008T-p2_20260313	data_somatic/HG008/Liss_lab/other_passages/BCM_ONT-std_HG008T-p2_20260313/20260202_1137_1D_PBI58079_9dc19127/PBI58079_pass_9dc19127_67a687eb_366.bam	227769978
HG008T-p2.BCM_ONT-std_HG008T-p2_20260313	data_somatic/HG008/Liss_lab/other_passages/BCM_ONT-std_HG008T-p2_20260313/20260202_1137_1D_PBI58079_9dc19127/PBI58079_pass_9dc19127_67a687eb_367.bam	230412919
HG008T-p2.BCM_ONT-std_HG008T-p2_20260313	data_somatic/HG008/Liss_lab/other_passages/BCM_ONT-std_HG008T-p2_20260313/20260202_1137_1D_PBI58079_9dc19127/PBI58079_pass_9dc19127_67a687eb_368.bam	232321319
HG008T-p2.BCM_ONT-std_HG008T-p2_20260313	data_somatic/HG008/Liss_lab/other_passages/BCM_ONT-std_HG008T-p2_20260313/20260202_1137_1D_PBI58079_9dc19127/PBI58079_pass_9dc19127_67a687eb_369.bam	234609340
HG008T-p2.BCM_ONT-std_HG008T-p2_20260313	data_somatic/HG008/Liss_lab/other_passages/BCM_ONT-std_HG008T-p2_20260313/20260202_1137_1D_PBI58079_9dc19127/PBI58079_pass_9dc19127_67a687eb_37.bam	594485477
HG008T-p2.BCM_ONT-std_HG008T-p2_20260313	data_somatic/HG008/Liss_lab/other_passages/BCM_ONT-std_HG008T-p2_20260313/20260202_1137_1D_PBI58079_9dc19127/PBI58079_pass_9dc19127_67a687eb_370.bam	237024839
HG008T-p2.BCM_ONT-std_HG008T-p2_20260313	data_somatic/HG008/Liss_lab/other_passages/BCM_ONT-std_HG008T-p2_20260313/20260202_1137_1D_PBI58079_9dc19127/PBI58079_pass_9dc19127_67a687eb_371.bam	235842022
HG008T-p2.BCM_ONT-std_HG008T-p2_20260313	data_somatic/HG008/Liss_lab/other_passages/BCM_ONT-std_HG008T-p2_20260313/20260202_1137_1D_PBI58079_9dc19127/PBI58079_pass_9dc19127_67a687eb_372.bam	229991920
HG008T-p2.BCM_ONT-std_HG008T-p2_20260313	data_somatic/HG008/Liss_lab/other_passages/BCM_ONT-std_HG008T-p2_20260313/20260202_1137_1D_PBI58079_9dc19127/PBI58079_pass_9dc19127_67a687eb_373.bam	213996057
HG008T-p2.BCM_ONT-std_HG008T-p2_20260313	data_somatic/HG008/Liss_lab/other_passages/BCM_ONT-std_HG008T-p2_20260313/20260202_1137_1D_PBI58079_9dc19127/PBI58079_pass_9dc19127_67a687eb_374.bam	215109731
HG008T-p2.BCM_ONT-std_HG008T-p2_20260313	data_somatic/HG008/Liss_lab/other_passages/BCM_ONT-std_HG008T-p2_20260313/20260202_1137_1D_PBI58079_9dc19127/PBI58079_pass_9dc19127_67a687eb_375.bam	226994871
HG008T-p2.BCM_ONT-std_HG008T-p2_20260313	data_somatic/HG008/Liss_lab/other_passages/BCM_ONT-std_HG008T-p2_20260313/20260202_1137_1D_PBI58079_9dc19127/PBI58079_pass_9dc19127_67a687eb_376.bam	241732266
HG008T-p2.BCM_ONT-std_HG008T-p2_20260313	data_somatic/HG008/Liss_lab/other_passages/BCM_ONT-std_HG008T-p2_20260313/20260202_1137_1D_PBI58079_9dc19127/PBI58079_pass_9dc19127_67a687eb_377.bam	228695034
HG008T-p2.BCM_ONT-std_HG008T-p2_20260313	data_somatic/HG008/Liss_lab/other_passages/BCM_ONT-std_HG008T-p2_20260313/20260202_1137_1D_PBI58079_9dc19127/PBI58079_pass_9dc19127_67a687eb_378.bam	238444117
HG008T-p2.BCM_ONT-std_HG008T-p2_20260313	data_somatic/HG008/Liss_lab/other_passages/BCM_ONT-std_HG008T-p2_20260313/20260202_1137_1D_PBI58079_9dc19127/PBI58079_pass_9dc19127_67a687eb_379.bam	228732079
HG008T-p2.BCM_ONT-std_HG008T-p2_20260313	data_somatic/HG008/Liss_lab/other_passages/BCM_ONT-std_HG008T-p2_20260313/20260202_1137_1D_PBI58079_9dc19127/PBI58079_pass_9dc19127_67a687eb_38.bam	406667502
HG008T-p2.BCM_ONT-std_HG008T-p2_20260313	data_somatic/HG008/Liss_lab/other_passages/BCM_ONT-std_HG008T-p2_20260313/20260202_1137_1D_PBI58079_9dc19127/PBI58079_pass_9dc19127_67a687eb_380.bam	237741900
HG008T-p2.BCM_ONT-std_HG008T-p2_20260313	data_somatic/HG008/Liss_lab/other_passages/BCM_ONT-std_HG008T-p2_20260313/20260202_1137_1D_PBI58079_9dc19127/PBI58079_pass_9dc19127_67a687eb_381.bam	233226032
HG008T-p2.BCM_ONT-std_HG008T-p2_20260313	data_somatic/HG008/Liss_lab/other_passages/BCM_ONT-std_HG008T-p2_20260313/20260202_1137_1D_PBI58079_9dc19127/PBI58079_pass_9dc19127_67a687eb_382.bam	236060185
HG008T-p2.BCM_ONT-std_HG008T-p2_20260313	data_somatic/HG008/Liss_lab/other_passages/BCM_ONT-std_HG008T-p2_20260313/20260202_1137_1D_PBI58079_9dc19127/PBI58079_pass_9dc19127_67a687eb_383.bam	208384976
HG008T-p2.BCM_ONT-std_HG008T-p2_20260313	data_somatic/HG008/Liss_lab/other_passages/BCM_ONT-std_HG008T-p2_20260313/20260202_1137_1D_PBI58079_9dc19127/PBI58079_pass_9dc19127_67a687eb_384.bam	223114894
HG008T-p2.BCM_ONT-std_HG008T-p2_20260313	data_somatic/HG008/Liss_lab/other_passages/BCM_ONT-std_HG008T-p2_20260313/20260202_1137_1D_PBI58079_9dc19127/PBI58079_pass_9dc19127_67a687eb_385.bam	234078782
HG008T-p2.BCM_ONT-std_HG008T-p2_20260313	data_somatic/HG008/Liss_lab/other_passages/BCM_ONT-std_HG008T-p2_20260313/20260202_1137_1D_PBI58079_9dc19127/PBI58079_pass_9dc19127_67a687eb_386.bam	229697052
HG008T-p2.BCM_ONT-std_HG008T-p2_20260313	data_somatic/HG008/Liss_lab/other_passages/BCM_ONT-std_HG008T-p2_20260313/20260202_1137_1D_PBI58079_9dc19127/PBI58079_pass_9dc19127_67a687eb_387.bam	228781641
HG008T-p2.BCM_ONT-std_HG008T-p2_20260313	data_somatic/HG008/Liss_lab/other_passages/BCM_ONT-std_HG008T-p2_20260313/20260202_1137_1D_PBI58079_9dc19127/PBI58079_pass_9dc19127_67a687eb_388.bam	238213743
HG008T-p2.BCM_ONT-std_HG008T-p2_20260313	data_somatic/HG008/Liss_lab/other_passages/BCM_ONT-std_HG008T-p2_20260313/20260202_1137_1D_PBI58079_9dc19127/PBI58079_pass_9dc19127_67a687eb_389.bam	227766451
HG008T-p2.BCM_ONT-std_HG008T-p2_20260313	data_somatic/HG008/Liss_lab/other_passages/BCM_ONT-std_HG008T-p2_20260313/20260202_1137_1D_PBI58079_9dc19127/PBI58079_pass_9dc19127_67a687eb_39.bam	633953710
HG008T-p2.BCM_ONT-std_HG008T-p2_20260313	data_somatic/HG008/Liss_lab/other_passages/BCM_ONT-std_HG008T-p2_20260313/20260202_1137_1D_PBI58079_9dc19127/PBI58079_pass_9dc19127_67a687eb_390.bam	225438870
HG008T-p2.BCM_ONT-std_HG008T-p2_20260313	data_somatic/HG008/Liss_lab/other_passages/BCM_ONT-std_HG008T-p2_20260313/20260202_1137_1D_PBI58079_9dc19127/PBI58079_pass_9dc19127_67a687eb_391.bam	229806518
HG008T-p2.BCM_ONT-std_HG008T-p2_20260313	data_somatic/HG008/Liss_lab/other_passages/BCM_ONT-std_HG008T-p2_20260313/20260202_1137_1D_PBI58079_9dc19127/PBI58079_pass_9dc19127_67a687eb_392.bam	230243691
HG008T-p2.BCM_ONT-std_HG008T-p2_20260313	data_somatic/HG008/Liss_lab/other_passages/BCM_ONT-std_HG008T-p2_20260313/20260202_1137_1D_PBI58079_9dc19127/PBI58079_pass_9dc19127_67a687eb_393.bam	207641731
HG008T-p2.BCM_ONT-std_HG008T-p2_20260313	data_somatic/HG008/Liss_lab/other_passages/BCM_ONT-std_HG008T-p2_20260313/20260202_1137_1D_PBI58079_9dc19127/PBI58079_pass_9dc19127_67a687eb_394.bam	233981416
HG008T-p2.BCM_ONT-std_HG008T-p2_20260313	data_somatic/HG008/Liss_lab/other_passages/BCM_ONT-std_HG008T-p2_20260313/20260202_1137_1D_PBI58079_9dc19127/PBI58079_pass_9dc19127_67a687eb_395.bam	227657897
HG008T-p2.BCM_ONT-std_HG008T-p2_20260313	data_somatic/HG008/Liss_lab/other_passages/BCM_ONT-std_HG008T-p2_20260313/20260202_1137_1D_PBI58079_9dc19127/PBI58079_pass_9dc19127_67a687eb_396.bam	232185813
HG008T-p2.BCM_ONT-std_HG008T-p2_20260313	data_somatic/HG008/Liss_lab/other_passages/BCM_ONT-std_HG008T-p2_20260313/20260202_1137_1D_PBI58079_9dc19127/PBI58079_pass_9dc19127_67a687eb_397.bam	235328035
HG008T-p2.BCM_ONT-std_HG008T-p2_20260313	data_somatic/HG008/Liss_lab/other_passages/BCM_ONT-std_HG008T-p2_20260313/20260202_1137_1D_PBI58079_9dc19127/PBI58079_pass_9dc19127_67a687eb_398.bam	236347387
HG008T-p2.BCM_ONT-std_HG008T-p2_20260313	data_somatic/HG008/Liss_lab/other_passages/BCM_ONT-std_HG008T-p2_20260313/20260202_1137_1D_PBI58079_9dc19127/PBI58079_pass_9dc19127_67a687eb_399.bam	237181208
HG008T-p2.BCM_ONT-std_HG008T-p2_20260313	data_somatic/HG008/Liss_lab/other_passages/BCM_ONT-std_HG008T-p2_20260313/20260202_1137_1D_PBI58079_9dc19127/PBI58079_pass_9dc19127_67a687eb_4.bam	712310868
HG008T-p2.BCM_ONT-std_HG008T-p2_20260313	data_somatic/HG008/Liss_lab/other_passages/BCM_ONT-std_HG008T-p2_20260313/20260202_1137_1D_PBI58079_9dc19127/PBI58079_pass_9dc19127_67a687eb_40.bam	614398375
HG008T-p2.BCM_ONT-std_HG008T-p2_20260313	data_somatic/HG008/Liss_lab/other_passages/BCM_ONT-std_HG008T-p2_20260313/20260202_1137_1D_PBI58079_9dc19127/PBI58079_pass_9dc19127_67a687eb_400.bam	233099952
HG008T-p2.BCM_ONT-std_HG008T-p2_20260313	data_somatic/HG008/Liss_lab/other_passages/BCM_ONT-std_HG008T-p2_20260313/20260202_1137_1D_PBI58079_9dc19127/PBI58079_pass_9dc19127_67a687eb_401.bam	233838766
HG008T-p2.BCM_ONT-std_HG008T-p2_20260313	data_somatic/HG008/Liss_lab/other_passages/BCM_ONT-std_HG008T-p2_20260313/20260202_1137_1D_PBI58079_9dc19127/PBI58079_pass_9dc19127_67a687eb_402.bam	214679231
HG008T-p2.BCM_ONT-std_HG008T-p2_20260313	data_somatic/HG008/Liss_lab/other_passages/BCM_ONT-std_HG008T-p2_20260313/20260202_1137_1D_PBI58079_9dc19127/PBI58079_pass_9dc19127_67a687eb_403.bam	230026488
HG008T-p2.BCM_ONT-std_HG008T-p2_20260313	data_somatic/HG008/Liss_lab/other_passages/BCM_ONT-std_HG008T-p2_20260313/20260202_1137_1D_PBI58079_9dc19127/PBI58079_pass_9dc19127_67a687eb_404.bam	239928346
HG008T-p2.BCM_ONT-std_HG008T-p2_20260313	data_somatic/HG008/Liss_lab/other_passages/BCM_ONT-std_HG008T-p2_20260313/20260202_1137_1D_PBI58079_9dc19127/PBI58079_pass_9dc19127_67a687eb_405.bam	225415784
HG008T-p2.BCM_ONT-std_HG008T-p2_20260313	data_somatic/HG008/Liss_lab/other_passages/BCM_ONT-std_HG008T-p2_20260313/20260202_1137_1D_PBI58079_9dc19127/PBI58079_pass_9dc19127_67a687eb_406.bam	223424842
HG008T-p2.BCM_ONT-std_HG008T-p2_20260313	data_somatic/HG008/Liss_lab/other_passages/BCM_ONT-std_HG008T-p2_20260313/20260202_1137_1D_PBI58079_9dc19127/PBI58079_pass_9dc19127_67a687eb_407.bam	241658964
HG008T-p2.BCM_ONT-std_HG008T-p2_20260313	data_somatic/HG008/Liss_lab/other_passages/BCM_ONT-std_HG008T-p2_20260313/20260202_1137_1D_PBI58079_9dc19127/PBI58079_pass_9dc19127_67a687eb_408.bam	229897128
HG008T-p2.BCM_ONT-std_HG008T-p2_20260313	data_somatic/HG008/Liss_lab/other_passages/BCM_ONT-std_HG008T-p2_20260313/20260202_1137_1D_PBI58079_9dc19127/PBI58079_pass_9dc19127_67a687eb_409.bam	237393634
HG008T-p2.BCM_ONT-std_HG008T-p2_20260313	data_somatic/HG008/Liss_lab/other_passages/BCM_ONT-std_HG008T-p2_20260313/20260202_1137_1D_PBI58079_9dc19127/PBI58079_pass_9dc19127_67a687eb_41.bam	617970336
HG008T-p2.BCM_ONT-std_HG008T-p2_20260313	data_somatic/HG008/Liss_lab/other_passages/BCM_ONT-std_HG008T-p2_20260313/20260202_1137_1D_PBI58079_9dc19127/PBI58079_pass_9dc19127_67a687eb_410.bam	232473026
HG008T-p2.BCM_ONT-std_HG008T-p2_20260313	data_somatic/HG008/Liss_lab/other_passages/BCM_ONT-std_HG008T-p2_20260313/20260202_1137_1D_PBI58079_9dc19127/PBI58079_pass_9dc19127_67a687eb_411.bam	226769728
HG008T-p2.BCM_ONT-std_HG008T-p2_20260313	data_somatic/HG008/Liss_lab/other_passages/BCM_ONT-std_HG008T-p2_20260313/20260202_1137_1D_PBI58079_9dc19127/PBI58079_pass_9dc19127_67a687eb_412.bam	210411105
HG008T-p2.BCM_ONT-std_HG008T-p2_20260313	data_somatic/HG008/Liss_lab/other_passages/BCM_ONT-std_HG008T-p2_20260313/20260202_1137_1D_PBI58079_9dc19127/PBI58079_pass_9dc19127_67a687eb_413.bam	235105851
HG008T-p2.BCM_ONT-std_HG008T-p2_20260313	data_somatic/HG008/Liss_lab/other_passages/BCM_ONT-std_HG008T-p2_20260313/20260202_1137_1D_PBI58079_9dc19127/PBI58079_pass_9dc19127_67a687eb_414.bam	231432380
HG008T-p2.BCM_ONT-std_HG008T-p2_20260313	data_somatic/HG008/Liss_lab/other_passages/BCM_ONT-std_HG008T-p2_20260313/20260202_1137_1D_PBI58079_9dc19127/PBI58079_pass_9dc19127_67a687eb_415.bam	228877375
HG008T-p2.BCM_ONT-std_HG008T-p2_20260313	data_somatic/HG008/Liss_lab/other_passages/BCM_ONT-std_HG008T-p2_20260313/20260202_1137_1D_PBI58079_9dc19127/PBI58079_pass_9dc19127_67a687eb_416.bam	234580716
HG008T-p2.BCM_ONT-std_HG008T-p2_20260313	data_somatic/HG008/Liss_lab/other_passages/BCM_ONT-std_HG008T-p2_20260313/20260202_1137_1D_PBI58079_9dc19127/PBI58079_pass_9dc19127_67a687eb_417.bam	229253650
HG008T-p2.BCM_ONT-std_HG008T-p2_20260313	data_somatic/HG008/Liss_lab/other_passages/BCM_ONT-std_HG008T-p2_20260313/20260202_1137_1D_PBI58079_9dc19127/PBI58079_pass_9dc19127_67a687eb_418.bam	228351688
HG008T-p2.BCM_ONT-std_HG008T-p2_20260313	data_somatic/HG008/Liss_lab/other_passages/BCM_ONT-std_HG008T-p2_20260313/20260202_1137_1D_PBI58079_9dc19127/PBI58079_pass_9dc19127_67a687eb_419.bam	225659197
HG008T-p2.BCM_ONT-std_HG008T-p2_20260313	data_somatic/HG008/Liss_lab/other_passages/BCM_ONT-std_HG008T-p2_20260313/20260202_1137_1D_PBI58079_9dc19127/PBI58079_pass_9dc19127_67a687eb_42.bam	619815009
HG008T-p2.BCM_ONT-std_HG008T-p2_20260313	data_somatic/HG008/Liss_lab/other_passages/BCM_ONT-std_HG008T-p2_20260313/20260202_1137_1D_PBI58079_9dc19127/PBI58079_pass_9dc19127_67a687eb_420.bam	231339636
HG008T-p2.BCM_ONT-std_HG008T-p2_20260313	data_somatic/HG008/Liss_lab/other_passages/BCM_ONT-std_HG008T-p2_20260313/20260202_1137_1D_PBI58079_9dc19127/PBI58079_pass_9dc19127_67a687eb_421.bam	207579346
HG008T-p2.BCM_ONT-std_HG008T-p2_20260313	data_somatic/HG008/Liss_lab/other_passages/BCM_ONT-std_HG008T-p2_20260313/20260202_1137_1D_PBI58079_9dc19127/PBI58079_pass_9dc19127_67a687eb_422.bam	232161139
HG008T-p2.BCM_ONT-std_HG008T-p2_20260313	data_somatic/HG008/Liss_lab/other_passages/BCM_ONT-std_HG008T-p2_20260313/20260202_1137_1D_PBI58079_9dc19127/PBI58079_pass_9dc19127_67a687eb_423.bam	233942376
HG008T-p2.BCM_ONT-std_HG008T-p2_20260313	data_somatic/HG008/Liss_lab/other_passages/BCM_ONT-std_HG008T-p2_20260313/20260202_1137_1D_PBI58079_9dc19127/PBI58079_pass_9dc19127_67a687eb_424.bam	227833756
HG008T-p2.BCM_ONT-std_HG008T-p2_20260313	data_somatic/HG008/Liss_lab/other_passages/BCM_ONT-std_HG008T-p2_20260313/20260202_1137_1D_PBI58079_9dc19127/PBI58079_pass_9dc19127_67a687eb_425.bam	235374729
HG008T-p2.BCM_ONT-std_HG008T-p2_20260313	data_somatic/HG008/Liss_lab/other_passages/BCM_ONT-std_HG008T-p2_20260313/20260202_1137_1D_PBI58079_9dc19127/PBI58079_pass_9dc19127_67a687eb_426.bam	234595541
HG008T-p2.BCM_ONT-std_HG008T-p2_20260313	data_somatic/HG008/Liss_lab/other_passages/BCM_ONT-std_HG008T-p2_20260313/20260202_1137_1D_PBI58079_9dc19127/PBI58079_pass_9dc19127_67a687eb_427.bam	226337679
HG008T-p2.BCM_ONT-std_HG008T-p2_20260313	data_somatic/HG008/Liss_lab/other_passages/BCM_ONT-std_HG008T-p2_20260313/20260202_1137_1D_PBI58079_9dc19127/PBI58079_pass_9dc19127_67a687eb_428.bam	237634509
HG008T-p2.BCM_ONT-std_HG008T-p2_20260313	data_somatic/HG008/Liss_lab/other_passages/BCM_ONT-std_HG008T-p2_20260313/20260202_1137_1D_PBI58079_9dc19127/PBI58079_pass_9dc19127_67a687eb_429.bam	228482271
HG008T-p2.BCM_ONT-std_HG008T-p2_20260313	data_somatic/HG008/Liss_lab/other_passages/BCM_ONT-std_HG008T-p2_20260313/20260202_1137_1D_PBI58079_9dc19127/PBI58079_pass_9dc19127_67a687eb_43.bam	618161173
HG008T-p2.BCM_ONT-std_HG008T-p2_20260313	data_somatic/HG008/Liss_lab/other_passages/BCM_ONT-std_HG008T-p2_20260313/20260202_1137_1D_PBI58079_9dc19127/PBI58079_pass_9dc19127_67a687eb_430.bam	223137729
HG008T-p2.BCM_ONT-std_HG008T-p2_20260313	data_somatic/HG008/Liss_lab/other_passages/BCM_ONT-std_HG008T-p2_20260313/20260202_1137_1D_PBI58079_9dc19127/PBI58079_pass_9dc19127_67a687eb_431.bam	214609386
HG008T-p2.BCM_ONT-std_HG008T-p2_20260313	data_somatic/HG008/Liss_lab/other_passages/BCM_ONT-std_HG008T-p2_20260313/20260202_1137_1D_PBI58079_9dc19127/PBI58079_pass_9dc19127_67a687eb_432.bam	229026637
HG008T-p2.BCM_ONT-std_HG008T-p2_20260313	data_somatic/HG008/Liss_lab/other_passages/BCM_ONT-std_HG008T-p2_20260313/20260202_1137_1D_PBI58079_9dc19127/PBI58079_pass_9dc19127_67a687eb_433.bam	229713267
HG008T-p2.BCM_ONT-std_HG008T-p2_20260313	data_somatic/HG008/Liss_lab/other_passages/BCM_ONT-std_HG008T-p2_20260313/20260202_1137_1D_PBI58079_9dc19127/PBI58079_pass_9dc19127_67a687eb_434.bam	236906185
HG008T-p2.BCM_ONT-std_HG008T-p2_20260313	data_somatic/HG008/Liss_lab/other_passages/BCM_ONT-std_HG008T-p2_20260313/20260202_1137_1D_PBI58079_9dc19127/PBI58079_pass_9dc19127_67a687eb_435.bam	229631195
HG008T-p2.BCM_ONT-std_HG008T-p2_20260313	data_somatic/HG008/Liss_lab/other_passages/BCM_ONT-std_HG008T-p2_20260313/20260202_1137_1D_PBI58079_9dc19127/PBI58079_pass_9dc19127_67a687eb_436.bam	226772607
HG008T-p2.BCM_ONT-std_HG008T-p2_20260313	data_somatic/HG008/Liss_lab/other_passages/BCM_ONT-std_HG008T-p2_20260313/20260202_1137_1D_PBI58079_9dc19127/PBI58079_pass_9dc19127_67a687eb_437.bam	231943754
HG008T-p2.BCM_ONT-std_HG008T-p2_20260313	data_somatic/HG008/Liss_lab/other_passages/BCM_ONT-std_HG008T-p2_20260313/20260202_1137_1D_PBI58079_9dc19127/PBI58079_pass_9dc19127_67a687eb_438.bam	219574879
HG008T-p2.BCM_ONT-std_HG008T-p2_20260313	data_somatic/HG008/Liss_lab/other_passages/BCM_ONT-std_HG008T-p2_20260313/20260202_1137_1D_PBI58079_9dc19127/PBI58079_pass_9dc19127_67a687eb_439.bam	227812360
HG008T-p2.BCM_ONT-std_HG008T-p2_20260313	data_somatic/HG008/Liss_lab/other_passages/BCM_ONT-std_HG008T-p2_20260313/20260202_1137_1D_PBI58079_9dc19127/PBI58079_pass_9dc19127_67a687eb_44.bam	617066926
HG008T-p2.BCM_ONT-std_HG008T-p2_20260313	data_somatic/HG008/Liss_lab/other_passages/BCM_ONT-std_HG008T-p2_20260313/20260202_1137_1D_PBI58079_9dc19127/PBI58079_pass_9dc19127_67a687eb_440.bam	214463160
HG008T-p2.BCM_ONT-std_HG008T-p2_20260313	data_somatic/HG008/Liss_lab/other_passages/BCM_ONT-std_HG008T-p2_20260313/20260202_1137_1D_PBI58079_9dc19127/PBI58079_pass_9dc19127_67a687eb_441.bam	229084550
HG008T-p2.BCM_ONT-std_HG008T-p2_20260313	data_somatic/HG008/Liss_lab/other_passages/BCM_ONT-std_HG008T-p2_20260313/20260202_1137_1D_PBI58079_9dc19127/PBI58079_pass_9dc19127_67a687eb_442.bam	232237050
HG008T-p2.BCM_ONT-std_HG008T-p2_20260313	data_somatic/HG008/Liss_lab/other_passages/BCM_ONT-std_HG008T-p2_20260313/20260202_1137_1D_PBI58079_9dc19127/PBI58079_pass_9dc19127_67a687eb_443.bam	228429371
HG008T-p2.BCM_ONT-std_HG008T-p2_20260313	data_somatic/HG008/Liss_lab/other_passages/BCM_ONT-std_HG008T-p2_20260313/20260202_1137_1D_PBI58079_9dc19127/PBI58079_pass_9dc19127_67a687eb_444.bam	229226872
HG008T-p2.BCM_ONT-std_HG008T-p2_20260313	data_somatic/HG008/Liss_lab/other_passages/BCM_ONT-std_HG008T-p2_20260313/20260202_1137_1D_PBI58079_9dc19127/PBI58079_pass_9dc19127_67a687eb_445.bam	231458100
HG008T-p2.BCM_ONT-std_HG008T-p2_20260313	data_somatic/HG008/Liss_lab/other_passages/BCM_ONT-std_HG008T-p2_20260313/20260202_1137_1D_PBI58079_9dc19127/PBI58079_pass_9dc19127_67a687eb_446.bam	235378584
HG008T-p2.BCM_ONT-std_HG008T-p2_20260313	data_somatic/HG008/Liss_lab/other_passages/BCM_ONT-std_HG008T-p2_20260313/20260202_1137_1D_PBI58079_9dc19127/PBI58079_pass_9dc19127_67a687eb_447.bam	231161828
HG008T-p2.BCM_ONT-std_HG008T-p2_20260313	data_somatic/HG008/Liss_lab/other_passages/BCM_ONT-std_HG008T-p2_20260313/20260202_1137_1D_PBI58079_9dc19127/PBI58079_pass_9dc19127_67a687eb_448.bam	219241241
HG008T-p2.BCM_ONT-std_HG008T-p2_20260313	data_somatic/HG008/Liss_lab/other_passages/BCM_ONT-std_HG008T-p2_20260313/20260202_1137_1D_PBI58079_9dc19127/PBI58079_pass_9dc19127_67a687eb_449.bam	225193919
HG008T-p2.BCM_ONT-std_HG008T-p2_20260313	data_somatic/HG008/Liss_lab/other_passages/BCM_ONT-std_HG008T-p2_20260313/20260202_1137_1D_PBI58079_9dc19127/PBI58079_pass_9dc19127_67a687eb_45.bam	611595190
HG008T-p2.BCM_ONT-std_HG008T-p2_20260313	data_somatic/HG008/Liss_lab/other_passages/BCM_ONT-std_HG008T-p2_20260313/20260202_1137_1D_PBI58079_9dc19127/PBI58079_pass_9dc19127_67a687eb_450.bam	190844669
HG008T-p2.BCM_ONT-std_HG008T-p2_20260313	data_somatic/HG008/Liss_lab/other_passages/BCM_ONT-std_HG008T-p2_20260313/20260202_1137_1D_PBI58079_9dc19127/PBI58079_pass_9dc19127_67a687eb_451.bam	236001447
HG008T-p2.BCM_ONT-std_HG008T-p2_20260313	data_somatic/HG008/Liss_lab/other_passages/BCM_ONT-std_HG008T-p2_20260313/20260202_1137_1D_PBI58079_9dc19127/PBI58079_pass_9dc19127_67a687eb_452.bam	234192215
HG008T-p2.BCM_ONT-std_HG008T-p2_20260313	data_somatic/HG008/Liss_lab/other_passages/BCM_ONT-std_HG008T-p2_20260313/20260202_1137_1D_PBI58079_9dc19127/PBI58079_pass_9dc19127_67a687eb_453.bam	236271244
HG008T-p2.BCM_ONT-std_HG008T-p2_20260313	data_somatic/HG008/Liss_lab/other_passages/BCM_ONT-std_HG008T-p2_20260313/20260202_1137_1D_PBI58079_9dc19127/PBI58079_pass_9dc19127_67a687eb_454.bam	228511901
HG008T-p2.BCM_ONT-std_HG008T-p2_20260313	data_somatic/HG008/Liss_lab/other_passages/BCM_ONT-std_HG008T-p2_20260313/20260202_1137_1D_PBI58079_9dc19127/PBI58079_pass_9dc19127_67a687eb_455.bam	223589900
HG008T-p2.BCM_ONT-std_HG008T-p2_20260313	data_somatic/HG008/Liss_lab/other_passages/BCM_ONT-std_HG008T-p2_20260313/20260202_1137_1D_PBI58079_9dc19127/PBI58079_pass_9dc19127_67a687eb_456.bam	230372878
HG008T-p2.BCM_ONT-std_HG008T-p2_20260313	data_somatic/HG008/Liss_lab/other_passages/BCM_ONT-std_HG008T-p2_20260313/20260202_1137_1D_PBI58079_9dc19127/PBI58079_pass_9dc19127_67a687eb_457.bam	212263799
HG008T-p2.BCM_ONT-std_HG008T-p2_20260313	data_somatic/HG008/Liss_lab/other_passages/BCM_ONT-std_HG008T-p2_20260313/20260202_1137_1D_PBI58079_9dc19127/PBI58079_pass_9dc19127_67a687eb_458.bam	215391317
HG008T-p2.BCM_ONT-std_HG008T-p2_20260313	data_somatic/HG008/Liss_lab/other_passages/BCM_ONT-std_HG008T-p2_20260313/20260202_1137_1D_PBI58079_9dc19127/PBI58079_pass_9dc19127_67a687eb_459.bam	201587020
HG008T-p2.BCM_ONT-std_HG008T-p2_20260313	data_somatic/HG008/Liss_lab/other_passages/BCM_ONT-std_HG008T-p2_20260313/20260202_1137_1D_PBI58079_9dc19127/PBI58079_pass_9dc19127_67a687eb_46.bam	608284966
HG008T-p2.BCM_ONT-std_HG008T-p2_20260313	data_somatic/HG008/Liss_lab/other_passages/BCM_ONT-std_HG008T-p2_20260313/20260202_1137_1D_PBI58079_9dc19127/PBI58079_pass_9dc19127_67a687eb_460.bam	213586695
HG008T-p2.BCM_ONT-std_HG008T-p2_20260313	data_somatic/HG008/Liss_lab/other_passages/BCM_ONT-std_HG008T-p2_20260313/20260202_1137_1D_PBI58079_9dc19127/PBI58079_pass_9dc19127_67a687eb_461.bam	227931228
HG008T-p2.BCM_ONT-std_HG008T-p2_20260313	data_somatic/HG008/Liss_lab/other_passages/BCM_ONT-std_HG008T-p2_20260313/20260202_1137_1D_PBI58079_9dc19127/PBI58079_pass_9dc19127_67a687eb_462.bam	227473493
HG008T-p2.BCM_ONT-std_HG008T-p2_20260313	data_somatic/HG008/Liss_lab/other_passages/BCM_ONT-std_HG008T-p2_20260313/20260202_1137_1D_PBI58079_9dc19127/PBI58079_pass_9dc19127_67a687eb_463.bam	227929916
HG008T-p2.BCM_ONT-std_HG008T-p2_20260313	data_somatic/HG008/Liss_lab/other_passages/BCM_ONT-std_HG008T-p2_20260313/20260202_1137_1D_PBI58079_9dc19127/PBI58079_pass_9dc19127_67a687eb_464.bam	217348436
HG008T-p2.BCM_ONT-std_HG008T-p2_20260313	data_somatic/HG008/Liss_lab/other_passages/BCM_ONT-std_HG008T-p2_20260313/20260202_1137_1D_PBI58079_9dc19127/PBI58079_pass_9dc19127_67a687eb_465.bam	234113008
HG008T-p2.BCM_ONT-std_HG008T-p2_20260313	data_somatic/HG008/Liss_lab/other_passages/BCM_ONT-std_HG008T-p2_20260313/20260202_1137_1D_PBI58079_9dc19127/PBI58079_pass_9dc19127_67a687eb_466.bam	221616608
HG008T-p2.BCM_ONT-std_HG008T-p2_20260313	data_somatic/HG008/Liss_lab/other_passages/BCM_ONT-std_HG008T-p2_20260313/20260202_1137_1D_PBI58079_9dc19127/PBI58079_pass_9dc19127_67a687eb_467.bam	208596883
HG008T-p2.BCM_ONT-std_HG008T-p2_20260313	data_somatic/HG008/Liss_lab/other_passages/BCM_ONT-std_HG008T-p2_20260313/20260202_1137_1D_PBI58079_9dc19127/PBI58079_pass_9dc19127_67a687eb_468.bam	178487167
HG008T-p2.BCM_ONT-std_HG008T-p2_20260313	data_somatic/HG008/Liss_lab/other_passages/BCM_ONT-std_HG008T-p2_20260313/20260202_1137_1D_PBI58079_9dc19127/PBI58079_pass_9dc19127_67a687eb_469.bam	189120329
HG008T-p2.BCM_ONT-std_HG008T-p2_20260313	data_somatic/HG008/Liss_lab/other_passages/BCM_ONT-std_HG008T-p2_20260313/20260202_1137_1D_PBI58079_9dc19127/PBI58079_pass_9dc19127_67a687eb_47.bam	346997951
HG008T-p2.BCM_ONT-std_HG008T-p2_20260313	data_somatic/HG008/Liss_lab/other_passages/BCM_ONT-std_HG008T-p2_20260313/20260202_1137_1D_PBI58079_9dc19127/PBI58079_pass_9dc19127_67a687eb_470.bam	230272993
HG008T-p2.BCM_ONT-std_HG008T-p2_20260313	data_somatic/HG008/Liss_lab/other_passages/BCM_ONT-std_HG008T-p2_20260313/20260202_1137_1D_PBI58079_9dc19127/PBI58079_pass_9dc19127_67a687eb_471.bam	218996635
HG008T-p2.BCM_ONT-std_HG008T-p2_20260313	data_somatic/HG008/Liss_lab/other_passages/BCM_ONT-std_HG008T-p2_20260313/20260202_1137_1D_PBI58079_9dc19127/PBI58079_pass_9dc19127_67a687eb_472.bam	221047219
HG008T-p2.BCM_ONT-std_HG008T-p2_20260313	data_somatic/HG008/Liss_lab/other_passages/BCM_ONT-std_HG008T-p2_20260313/20260202_1137_1D_PBI58079_9dc19127/PBI58079_pass_9dc19127_67a687eb_473.bam	230248971
HG008T-p2.BCM_ONT-std_HG008T-p2_20260313	data_somatic/HG008/Liss_lab/other_passages/BCM_ONT-std_HG008T-p2_20260313/20260202_1137_1D_PBI58079_9dc19127/PBI58079_pass_9dc19127_67a687eb_474.bam	222738968
HG008T-p2.BCM_ONT-std_HG008T-p2_20260313	data_somatic/HG008/Liss_lab/other_passages/BCM_ONT-std_HG008T-p2_20260313/20260202_1137_1D_PBI58079_9dc19127/PBI58079_pass_9dc19127_67a687eb_475.bam	209811375
HG008T-p2.BCM_ONT-std_HG008T-p2_20260313	data_somatic/HG008/Liss_lab/other_passages/BCM_ONT-std_HG008T-p2_20260313/20260202_1137_1D_PBI58079_9dc19127/PBI58079_pass_9dc19127_67a687eb_476.bam	196224098
HG008T-p2.BCM_ONT-std_HG008T-p2_20260313	data_somatic/HG008/Liss_lab/other_passages/BCM_ONT-std_HG008T-p2_20260313/20260202_1137_1D_PBI58079_9dc19127/PBI58079_pass_9dc19127_67a687eb_477.bam	205279692
HG008T-p2.BCM_ONT-std_HG008T-p2_20260313	data_somatic/HG008/Liss_lab/other_passages/BCM_ONT-std_HG008T-p2_20260313/20260202_1137_1D_PBI58079_9dc19127/PBI58079_pass_9dc19127_67a687eb_478.bam	213653353
HG008T-p2.BCM_ONT-std_HG008T-p2_20260313	data_somatic/HG008/Liss_lab/other_passages/BCM_ONT-std_HG008T-p2_20260313/20260202_1137_1D_PBI58079_9dc19127/PBI58079_pass_9dc19127_67a687eb_479.bam	228848808
HG008T-p2.BCM_ONT-std_HG008T-p2_20260313	data_somatic/HG008/Liss_lab/other_passages/BCM_ONT-std_HG008T-p2_20260313/20260202_1137_1D_PBI58079_9dc19127/PBI58079_pass_9dc19127_67a687eb_48.bam	654751355
HG008T-p2.BCM_ONT-std_HG008T-p2_20260313	data_somatic/HG008/Liss_lab/other_passages/BCM_ONT-std_HG008T-p2_20260313/20260202_1137_1D_PBI58079_9dc19127/PBI58079_pass_9dc19127_67a687eb_480.bam	197299823
HG008T-p2.BCM_ONT-std_HG008T-p2_20260313	data_somatic/HG008/Liss_lab/other_passages/BCM_ONT-std_HG008T-p2_20260313/20260202_1137_1D_PBI58079_9dc19127/PBI58079_pass_9dc19127_67a687eb_481.bam	232871884
HG008T-p2.BCM_ONT-std_HG008T-p2_20260313	data_somatic/HG008/Liss_lab/other_passages/BCM_ONT-std_HG008T-p2_20260313/20260202_1137_1D_PBI58079_9dc19127/PBI58079_pass_9dc19127_67a687eb_482.bam	226675330
HG008T-p2.BCM_ONT-std_HG008T-p2_20260313	data_somatic/HG008/Liss_lab/other_passages/BCM_ONT-std_HG008T-p2_20260313/20260202_1137_1D_PBI58079_9dc19127/PBI58079_pass_9dc19127_67a687eb_483.bam	232727710
HG008T-p2.BCM_ONT-std_HG008T-p2_20260313	data_somatic/HG008/Liss_lab/other_passages/BCM_ONT-std_HG008T-p2_20260313/20260202_1137_1D_PBI58079_9dc19127/PBI58079_pass_9dc19127_67a687eb_484.bam	234428328
HG008T-p2.BCM_ONT-std_HG008T-p2_20260313	data_somatic/HG008/Liss_lab/other_passages/BCM_ONT-std_HG008T-p2_20260313/20260202_1137_1D_PBI58079_9dc19127/PBI58079_pass_9dc19127_67a687eb_485.bam	232764795
HG008T-p2.BCM_ONT-std_HG008T-p2_20260313	data_somatic/HG008/Liss_lab/other_passages/BCM_ONT-std_HG008T-p2_20260313/20260202_1137_1D_PBI58079_9dc19127/PBI58079_pass_9dc19127_67a687eb_486.bam	229801274
HG008T-p2.BCM_ONT-std_HG008T-p2_20260313	data_somatic/HG008/Liss_lab/other_passages/BCM_ONT-std_HG008T-p2_20260313/20260202_1137_1D_PBI58079_9dc19127/PBI58079_pass_9dc19127_67a687eb_487.bam	238656291
HG008T-p2.BCM_ONT-std_HG008T-p2_20260313	data_somatic/HG008/Liss_lab/other_passages/BCM_ONT-std_HG008T-p2_20260313/20260202_1137_1D_PBI58079_9dc19127/PBI58079_pass_9dc19127_67a687eb_488.bam	232424060
HG008T-p2.BCM_ONT-std_HG008T-p2_20260313	data_somatic/HG008/Liss_lab/other_passages/BCM_ONT-std_HG008T-p2_20260313/20260202_1137_1D_PBI58079_9dc19127/PBI58079_pass_9dc19127_67a687eb_489.bam	215030039
HG008T-p2.BCM_ONT-std_HG008T-p2_20260313	data_somatic/HG008/Liss_lab/other_passages/BCM_ONT-std_HG008T-p2_20260313/20260202_1137_1D_PBI58079_9dc19127/PBI58079_pass_9dc19127_67a687eb_49.bam	647137218
HG008T-p2.BCM_ONT-std_HG008T-p2_20260313	data_somatic/HG008/Liss_lab/other_passages/BCM_ONT-std_HG008T-p2_20260313/20260202_1137_1D_PBI58079_9dc19127/PBI58079_pass_9dc19127_67a687eb_490.bam	231342493
HG008T-p2.BCM_ONT-std_HG008T-p2_20260313	data_somatic/HG008/Liss_lab/other_passages/BCM_ONT-std_HG008T-p2_20260313/20260202_1137_1D_PBI58079_9dc19127/PBI58079_pass_9dc19127_67a687eb_491.bam	239599389
HG008T-p2.BCM_ONT-std_HG008T-p2_20260313	data_somatic/HG008/Liss_lab/other_passages/BCM_ONT-std_HG008T-p2_20260313/20260202_1137_1D_PBI58079_9dc19127/PBI58079_pass_9dc19127_67a687eb_492.bam	226382657
HG008T-p2.BCM_ONT-std_HG008T-p2_20260313	data_somatic/HG008/Liss_lab/other_passages/BCM_ONT-std_HG008T-p2_20260313/20260202_1137_1D_PBI58079_9dc19127/PBI58079_pass_9dc19127_67a687eb_493.bam	229616797
HG008T-p2.BCM_ONT-std_HG008T-p2_20260313	data_somatic/HG008/Liss_lab/other_passages/BCM_ONT-std_HG008T-p2_20260313/20260202_1137_1D_PBI58079_9dc19127/PBI58079_pass_9dc19127_67a687eb_494.bam	235132995
HG008T-p2.BCM_ONT-std_HG008T-p2_20260313	data_somatic/HG008/Liss_lab/other_passages/BCM_ONT-std_HG008T-p2_20260313/20260202_1137_1D_PBI58079_9dc19127/PBI58079_pass_9dc19127_67a687eb_495.bam	229541249
HG008T-p2.BCM_ONT-std_HG008T-p2_20260313	data_somatic/HG008/Liss_lab/other_passages/BCM_ONT-std_HG008T-p2_20260313/20260202_1137_1D_PBI58079_9dc19127/PBI58079_pass_9dc19127_67a687eb_496.bam	229538995
HG008T-p2.BCM_ONT-std_HG008T-p2_20260313	data_somatic/HG008/Liss_lab/other_passages/BCM_ONT-std_HG008T-p2_20260313/20260202_1137_1D_PBI58079_9dc19127/PBI58079_pass_9dc19127_67a687eb_497.bam	220190140
HG008T-p2.BCM_ONT-std_HG008T-p2_20260313	data_somatic/HG008/Liss_lab/other_passages/BCM_ONT-std_HG008T-p2_20260313/20260202_1137_1D_PBI58079_9dc19127/PBI58079_pass_9dc19127_67a687eb_498.bam	234687742
HG008T-p2.BCM_ONT-std_HG008T-p2_20260313	data_somatic/HG008/Liss_lab/other_passages/BCM_ONT-std_HG008T-p2_20260313/20260202_1137_1D_PBI58079_9dc19127/PBI58079_pass_9dc19127_67a687eb_499.bam	225610844
HG008T-p2.BCM_ONT-std_HG008T-p2_20260313	data_somatic/HG008/Liss_lab/other_passages/BCM_ONT-std_HG008T-p2_20260313/20260202_1137_1D_PBI58079_9dc19127/PBI58079_pass_9dc19127_67a687eb_5.bam	715467906
HG008T-p2.BCM_ONT-std_HG008T-p2_20260313	data_somatic/HG008/Liss_lab/other_passages/BCM_ONT-std_HG008T-p2_20260313/20260202_1137_1D_PBI58079_9dc19127/PBI58079_pass_9dc19127_67a687eb_50.bam	653810915
HG008T-p2.BCM_ONT-std_HG008T-p2_20260313	data_somatic/HG008/Liss_lab/other_passages/BCM_ONT-std_HG008T-p2_20260313/20260202_1137_1D_PBI58079_9dc19127/PBI58079_pass_9dc19127_67a687eb_500.bam	238110455
HG008T-p2.BCM_ONT-std_HG008T-p2_20260313	data_somatic/HG008/Liss_lab/other_passages/BCM_ONT-std_HG008T-p2_20260313/20260202_1137_1D_PBI58079_9dc19127/PBI58079_pass_9dc19127_67a687eb_501.bam	232447627
HG008T-p2.BCM_ONT-std_HG008T-p2_20260313	data_somatic/HG008/Liss_lab/other_passages/BCM_ONT-std_HG008T-p2_20260313/20260202_1137_1D_PBI58079_9dc19127/PBI58079_pass_9dc19127_67a687eb_502.bam	232963765
HG008T-p2.BCM_ONT-std_HG008T-p2_20260313	data_somatic/HG008/Liss_lab/other_passages/BCM_ONT-std_HG008T-p2_20260313/20260202_1137_1D_PBI58079_9dc19127/PBI58079_pass_9dc19127_67a687eb_503.bam	230845539
HG008T-p2.BCM_ONT-std_HG008T-p2_20260313	data_somatic/HG008/Liss_lab/other_passages/BCM_ONT-std_HG008T-p2_20260313/20260202_1137_1D_PBI58079_9dc19127/PBI58079_pass_9dc19127_67a687eb_504.bam	220409324
HG008T-p2.BCM_ONT-std_HG008T-p2_20260313	data_somatic/HG008/Liss_lab/other_passages/BCM_ONT-std_HG008T-p2_20260313/20260202_1137_1D_PBI58079_9dc19127/PBI58079_pass_9dc19127_67a687eb_505.bam	234117019
HG008T-p2.BCM_ONT-std_HG008T-p2_20260313	data_somatic/HG008/Liss_lab/other_passages/BCM_ONT-std_HG008T-p2_20260313/20260202_1137_1D_PBI58079_9dc19127/PBI58079_pass_9dc19127_67a687eb_506.bam	232833879
HG008T-p2.BCM_ONT-std_HG008T-p2_20260313	data_somatic/HG008/Liss_lab/other_passages/BCM_ONT-std_HG008T-p2_20260313/20260202_1137_1D_PBI58079_9dc19127/PBI58079_pass_9dc19127_67a687eb_507.bam	245502281
HG008T-p2.BCM_ONT-std_HG008T-p2_20260313	data_somatic/HG008/Liss_lab/other_passages/BCM_ONT-std_HG008T-p2_20260313/20260202_1137_1D_PBI58079_9dc19127/PBI58079_pass_9dc19127_67a687eb_508.bam	242344425
HG008T-p2.BCM_ONT-std_HG008T-p2_20260313	data_somatic/HG008/Liss_lab/other_passages/BCM_ONT-std_HG008T-p2_20260313/20260202_1137_1D_PBI58079_9dc19127/PBI58079_pass_9dc19127_67a687eb_509.bam	232703371
HG008T-p2.BCM_ONT-std_HG008T-p2_20260313	data_somatic/HG008/Liss_lab/other_passages/BCM_ONT-std_HG008T-p2_20260313/20260202_1137_1D_PBI58079_9dc19127/PBI58079_pass_9dc19127_67a687eb_51.bam	639412918
HG008T-p2.BCM_ONT-std_HG008T-p2_20260313	data_somatic/HG008/Liss_lab/other_passages/BCM_ONT-std_HG008T-p2_20260313/20260202_1137_1D_PBI58079_9dc19127/PBI58079_pass_9dc19127_67a687eb_510.bam	219204119
HG008T-p2.BCM_ONT-std_HG008T-p2_20260313	data_somatic/HG008/Liss_lab/other_passages/BCM_ONT-std_HG008T-p2_20260313/20260202_1137_1D_PBI58079_9dc19127/PBI58079_pass_9dc19127_67a687eb_511.bam	234184206
HG008T-p2.BCM_ONT-std_HG008T-p2_20260313	data_somatic/HG008/Liss_lab/other_passages/BCM_ONT-std_HG008T-p2_20260313/20260202_1137_1D_PBI58079_9dc19127/PBI58079_pass_9dc19127_67a687eb_512.bam	230121758
HG008T-p2.BCM_ONT-std_HG008T-p2_20260313	data_somatic/HG008/Liss_lab/other_passages/BCM_ONT-std_HG008T-p2_20260313/20260202_1137_1D_PBI58079_9dc19127/PBI58079_pass_9dc19127_67a687eb_513.bam	235967156
HG008T-p2.BCM_ONT-std_HG008T-p2_20260313	data_somatic/HG008/Liss_lab/other_passages/BCM_ONT-std_HG008T-p2_20260313/20260202_1137_1D_PBI58079_9dc19127/PBI58079_pass_9dc19127_67a687eb_514.bam	236486336
HG008T-p2.BCM_ONT-std_HG008T-p2_20260313	data_somatic/HG008/Liss_lab/other_passages/BCM_ONT-std_HG008T-p2_20260313/20260202_1137_1D_PBI58079_9dc19127/PBI58079_pass_9dc19127_67a687eb_515.bam	241338673
HG008T-p2.BCM_ONT-std_HG008T-p2_20260313	data_somatic/HG008/Liss_lab/other_passages/BCM_ONT-std_HG008T-p2_20260313/20260202_1137_1D_PBI58079_9dc19127/PBI58079_pass_9dc19127_67a687eb_516.bam	219386706
HG008T-p2.BCM_ONT-std_HG008T-p2_20260313	data_somatic/HG008/Liss_lab/other_passages/BCM_ONT-std_HG008T-p2_20260313/20260202_1137_1D_PBI58079_9dc19127/PBI58079_pass_9dc19127_67a687eb_517.bam	235760570
HG008T-p2.BCM_ONT-std_HG008T-p2_20260313	data_somatic/HG008/Liss_lab/other_passages/BCM_ONT-std_HG008T-p2_20260313/20260202_1137_1D_PBI58079_9dc19127/PBI58079_pass_9dc19127_67a687eb_518.bam	228522728
HG008T-p2.BCM_ONT-std_HG008T-p2_20260313	data_somatic/HG008/Liss_lab/other_passages/BCM_ONT-std_HG008T-p2_20260313/20260202_1137_1D_PBI58079_9dc19127/PBI58079_pass_9dc19127_67a687eb_519.bam	234969428
HG008T-p2.BCM_ONT-std_HG008T-p2_20260313	data_somatic/HG008/Liss_lab/other_passages/BCM_ONT-std_HG008T-p2_20260313/20260202_1137_1D_PBI58079_9dc19127/PBI58079_pass_9dc19127_67a687eb_52.bam	639543250
HG008T-p2.BCM_ONT-std_HG008T-p2_20260313	data_somatic/HG008/Liss_lab/other_passages/BCM_ONT-std_HG008T-p2_20260313/20260202_1137_1D_PBI58079_9dc19127/PBI58079_pass_9dc19127_67a687eb_520.bam	237745112
HG008T-p2.BCM_ONT-std_HG008T-p2_20260313	data_somatic/HG008/Liss_lab/other_passages/BCM_ONT-std_HG008T-p2_20260313/20260202_1137_1D_PBI58079_9dc19127/PBI58079_pass_9dc19127_67a687eb_521.bam	219667794
HG008T-p2.BCM_ONT-std_HG008T-p2_20260313	data_somatic/HG008/Liss_lab/other_passages/BCM_ONT-std_HG008T-p2_20260313/20260202_1137_1D_PBI58079_9dc19127/PBI58079_pass_9dc19127_67a687eb_522.bam	233179245
HG008T-p2.BCM_ONT-std_HG008T-p2_20260313	data_somatic/HG008/Liss_lab/other_passages/BCM_ONT-std_HG008T-p2_20260313/20260202_1137_1D_PBI58079_9dc19127/PBI58079_pass_9dc19127_67a687eb_523.bam	239102278
HG008T-p2.BCM_ONT-std_HG008T-p2_20260313	data_somatic/HG008/Liss_lab/other_passages/BCM_ONT-std_HG008T-p2_20260313/20260202_1137_1D_PBI58079_9dc19127/PBI58079_pass_9dc19127_67a687eb_524.bam	232167198
HG008T-p2.BCM_ONT-std_HG008T-p2_20260313	data_somatic/HG008/Liss_lab/other_passages/BCM_ONT-std_HG008T-p2_20260313/20260202_1137_1D_PBI58079_9dc19127/PBI58079_pass_9dc19127_67a687eb_525.bam	236297615
HG008T-p2.BCM_ONT-std_HG008T-p2_20260313	data_somatic/HG008/Liss_lab/other_passages/BCM_ONT-std_HG008T-p2_20260313/20260202_1137_1D_PBI58079_9dc19127/PBI58079_pass_9dc19127_67a687eb_526.bam	228757457
HG008T-p2.BCM_ONT-std_HG008T-p2_20260313	data_somatic/HG008/Liss_lab/other_passages/BCM_ONT-std_HG008T-p2_20260313/20260202_1137_1D_PBI58079_9dc19127/PBI58079_pass_9dc19127_67a687eb_527.bam	231715215
HG008T-p2.BCM_ONT-std_HG008T-p2_20260313	data_somatic/HG008/Liss_lab/other_passages/BCM_ONT-std_HG008T-p2_20260313/20260202_1137_1D_PBI58079_9dc19127/PBI58079_pass_9dc19127_67a687eb_528.bam	236343651
HG008T-p2.BCM_ONT-std_HG008T-p2_20260313	data_somatic/HG008/Liss_lab/other_passages/BCM_ONT-std_HG008T-p2_20260313/20260202_1137_1D_PBI58079_9dc19127/PBI58079_pass_9dc19127_67a687eb_529.bam	237381712
HG008T-p2.BCM_ONT-std_HG008T-p2_20260313	data_somatic/HG008/Liss_lab/other_passages/BCM_ONT-std_HG008T-p2_20260313/20260202_1137_1D_PBI58079_9dc19127/PBI58079_pass_9dc19127_67a687eb_53.bam	635199930
HG008T-p2.BCM_ONT-std_HG008T-p2_20260313	data_somatic/HG008/Liss_lab/other_passages/BCM_ONT-std_HG008T-p2_20260313/20260202_1137_1D_PBI58079_9dc19127/PBI58079_pass_9dc19127_67a687eb_530.bam	233104689
HG008T-p2.BCM_ONT-std_HG008T-p2_20260313	data_somatic/HG008/Liss_lab/other_passages/BCM_ONT-std_HG008T-p2_20260313/20260202_1137_1D_PBI58079_9dc19127/PBI58079_pass_9dc19127_67a687eb_531.bam	229601697
HG008T-p2.BCM_ONT-std_HG008T-p2_20260313	data_somatic/HG008/Liss_lab/other_passages/BCM_ONT-std_HG008T-p2_20260313/20260202_1137_1D_PBI58079_9dc19127/PBI58079_pass_9dc19127_67a687eb_532.bam	232185082
HG008T-p2.BCM_ONT-std_HG008T-p2_20260313	data_somatic/HG008/Liss_lab/other_passages/BCM_ONT-std_HG008T-p2_20260313/20260202_1137_1D_PBI58079_9dc19127/PBI58079_pass_9dc19127_67a687eb_533.bam	232304164
HG008T-p2.BCM_ONT-std_HG008T-p2_20260313	data_somatic/HG008/Liss_lab/other_passages/BCM_ONT-std_HG008T-p2_20260313/20260202_1137_1D_PBI58079_9dc19127/PBI58079_pass_9dc19127_67a687eb_534.bam	230158424
HG008T-p2.BCM_ONT-std_HG008T-p2_20260313	data_somatic/HG008/Liss_lab/other_passages/BCM_ONT-std_HG008T-p2_20260313/20260202_1137_1D_PBI58079_9dc19127/PBI58079_pass_9dc19127_67a687eb_535.bam	223913235
HG008T-p2.BCM_ONT-std_HG008T-p2_20260313	data_somatic/HG008/Liss_lab/other_passages/BCM_ONT-std_HG008T-p2_20260313/20260202_1137_1D_PBI58079_9dc19127/PBI58079_pass_9dc19127_67a687eb_536.bam	238328312
HG008T-p2.BCM_ONT-std_HG008T-p2_20260313	data_somatic/HG008/Liss_lab/other_passages/BCM_ONT-std_HG008T-p2_20260313/20260202_1137_1D_PBI58079_9dc19127/PBI58079_pass_9dc19127_67a687eb_537.bam	226603476
HG008T-p2.BCM_ONT-std_HG008T-p2_20260313	data_somatic/HG008/Liss_lab/other_passages/BCM_ONT-std_HG008T-p2_20260313/20260202_1137_1D_PBI58079_9dc19127/PBI58079_pass_9dc19127_67a687eb_538.bam	232392409
HG008T-p2.BCM_ONT-std_HG008T-p2_20260313	data_somatic/HG008/Liss_lab/other_passages/BCM_ONT-std_HG008T-p2_20260313/20260202_1137_1D_PBI58079_9dc19127/PBI58079_pass_9dc19127_67a687eb_539.bam	230288709
HG008T-p2.BCM_ONT-std_HG008T-p2_20260313	data_somatic/HG008/Liss_lab/other_passages/BCM_ONT-std_HG008T-p2_20260313/20260202_1137_1D_PBI58079_9dc19127/PBI58079_pass_9dc19127_67a687eb_54.bam	623944313
HG008T-p2.BCM_ONT-std_HG008T-p2_20260313	data_somatic/HG008/Liss_lab/other_passages/BCM_ONT-std_HG008T-p2_20260313/20260202_1137_1D_PBI58079_9dc19127/PBI58079_pass_9dc19127_67a687eb_540.bam	233331949
HG008T-p2.BCM_ONT-std_HG008T-p2_20260313	data_somatic/HG008/Liss_lab/other_passages/BCM_ONT-std_HG008T-p2_20260313/20260202_1137_1D_PBI58079_9dc19127/PBI58079_pass_9dc19127_67a687eb_541.bam	224266243
HG008T-p2.BCM_ONT-std_HG008T-p2_20260313	data_somatic/HG008/Liss_lab/other_passages/BCM_ONT-std_HG008T-p2_20260313/20260202_1137_1D_PBI58079_9dc19127/PBI58079_pass_9dc19127_67a687eb_542.bam	121165346
HG008T-p2.BCM_ONT-std_HG008T-p2_20260313	data_somatic/HG008/Liss_lab/other_passages/BCM_ONT-std_HG008T-p2_20260313/20260202_1137_1D_PBI58079_9dc19127/PBI58079_pass_9dc19127_67a687eb_55.bam	628433735
HG008T-p2.BCM_ONT-std_HG008T-p2_20260313	data_somatic/HG008/Liss_lab/other_passages/BCM_ONT-std_HG008T-p2_20260313/20260202_1137_1D_PBI58079_9dc19127/PBI58079_pass_9dc19127_67a687eb_56.bam	571305043
HG008T-p2.BCM_ONT-std_HG008T-p2_20260313	data_somatic/HG008/Liss_lab/other_passages/BCM_ONT-std_HG008T-p2_20260313/20260202_1137_1D_PBI58079_9dc19127/PBI58079_pass_9dc19127_67a687eb_57.bam	397114684
HG008T-p2.BCM_ONT-std_HG008T-p2_20260313	data_somatic/HG008/Liss_lab/other_passages/BCM_ONT-std_HG008T-p2_20260313/20260202_1137_1D_PBI58079_9dc19127/PBI58079_pass_9dc19127_67a687eb_58.bam	584479343
HG008T-p2.BCM_ONT-std_HG008T-p2_20260313	data_somatic/HG008/Liss_lab/other_passages/BCM_ONT-std_HG008T-p2_20260313/20260202_1137_1D_PBI58079_9dc19127/PBI58079_pass_9dc19127_67a687eb_59.bam	593339206
HG008T-p2.BCM_ONT-std_HG008T-p2_20260313	data_somatic/HG008/Liss_lab/other_passages/BCM_ONT-std_HG008T-p2_20260313/20260202_1137_1D_PBI58079_9dc19127/PBI58079_pass_9dc19127_67a687eb_6.bam	712564046
HG008T-p2.BCM_ONT-std_HG008T-p2_20260313	data_somatic/HG008/Liss_lab/other_passages/BCM_ONT-std_HG008T-p2_20260313/20260202_1137_1D_PBI58079_9dc19127/PBI58079_pass_9dc19127_67a687eb_60.bam	588683620
HG008T-p2.BCM_ONT-std_HG008T-p2_20260313	data_somatic/HG008/Liss_lab/other_passages/BCM_ONT-std_HG008T-p2_20260313/20260202_1137_1D_PBI58079_9dc19127/PBI58079_pass_9dc19127_67a687eb_61.bam	574196067
HG008T-p2.BCM_ONT-std_HG008T-p2_20260313	data_somatic/HG008/Liss_lab/other_passages/BCM_ONT-std_HG008T-p2_20260313/20260202_1137_1D_PBI58079_9dc19127/PBI58079_pass_9dc19127_67a687eb_62.bam	582003157
HG008T-p2.BCM_ONT-std_HG008T-p2_20260313	data_somatic/HG008/Liss_lab/other_passages/BCM_ONT-std_HG008T-p2_20260313/20260202_1137_1D_PBI58079_9dc19127/PBI58079_pass_9dc19127_67a687eb_63.bam	569133778
HG008T-p2.BCM_ONT-std_HG008T-p2_20260313	data_somatic/HG008/Liss_lab/other_passages/BCM_ONT-std_HG008T-p2_20260313/20260202_1137_1D_PBI58079_9dc19127/PBI58079_pass_9dc19127_67a687eb_64.bam	572530531
HG008T-p2.BCM_ONT-std_HG008T-p2_20260313	data_somatic/HG008/Liss_lab/other_passages/BCM_ONT-std_HG008T-p2_20260313/20260202_1137_1D_PBI58079_9dc19127/PBI58079_pass_9dc19127_67a687eb_65.bam	565458696
HG008T-p2.BCM_ONT-std_HG008T-p2_20260313	data_somatic/HG008/Liss_lab/other_passages/BCM_ONT-std_HG008T-p2_20260313/20260202_1137_1D_PBI58079_9dc19127/PBI58079_pass_9dc19127_67a687eb_66.bam	322741425
HG008T-p2.BCM_ONT-std_HG008T-p2_20260313	data_somatic/HG008/Liss_lab/other_passages/BCM_ONT-std_HG008T-p2_20260313/20260202_1137_1D_PBI58079_9dc19127/PBI58079_pass_9dc19127_67a687eb_67.bam	562178206
HG008T-p2.BCM_ONT-std_HG008T-p2_20260313	data_somatic/HG008/Liss_lab/other_passages/BCM_ONT-std_HG008T-p2_20260313/20260202_1137_1D_PBI58079_9dc19127/PBI58079_pass_9dc19127_67a687eb_68.bam	559280756
HG008T-p2.BCM_ONT-std_HG008T-p2_20260313	data_somatic/HG008/Liss_lab/other_passages/BCM_ONT-std_HG008T-p2_20260313/20260202_1137_1D_PBI58079_9dc19127/PBI58079_pass_9dc19127_67a687eb_69.bam	557801419
HG008T-p2.BCM_ONT-std_HG008T-p2_20260313	data_somatic/HG008/Liss_lab/other_passages/BCM_ONT-std_HG008T-p2_20260313/20260202_1137_1D_PBI58079_9dc19127/PBI58079_pass_9dc19127_67a687eb_7.bam	696090511
HG008T-p2.BCM_ONT-std_HG008T-p2_20260313	data_somatic/HG008/Liss_lab/other_passages/BCM_ONT-std_HG008T-p2_20260313/20260202_1137_1D_PBI58079_9dc19127/PBI58079_pass_9dc19127_67a687eb_70.bam	553562606
HG008T-p2.BCM_ONT-std_HG008T-p2_20260313	data_somatic/HG008/Liss_lab/other_passages/BCM_ONT-std_HG008T-p2_20260313/20260202_1137_1D_PBI58079_9dc19127/PBI58079_pass_9dc19127_67a687eb_71.bam	549281116
HG008T-p2.BCM_ONT-std_HG008T-p2_20260313	data_somatic/HG008/Liss_lab/other_passages/BCM_ONT-std_HG008T-p2_20260313/20260202_1137_1D_PBI58079_9dc19127/PBI58079_pass_9dc19127_67a687eb_72.bam	544862416
HG008T-p2.BCM_ONT-std_HG008T-p2_20260313	data_somatic/HG008/Liss_lab/other_passages/BCM_ONT-std_HG008T-p2_20260313/20260202_1137_1D_PBI58079_9dc19127/PBI58079_pass_9dc19127_67a687eb_73.bam	535452253
HG008T-p2.BCM_ONT-std_HG008T-p2_20260313	data_somatic/HG008/Liss_lab/other_passages/BCM_ONT-std_HG008T-p2_20260313/20260202_1137_1D_PBI58079_9dc19127/PBI58079_pass_9dc19127_67a687eb_74.bam	529340573
HG008T-p2.BCM_ONT-std_HG008T-p2_20260313	data_somatic/HG008/Liss_lab/other_passages/BCM_ONT-std_HG008T-p2_20260313/20260202_1137_1D_PBI58079_9dc19127/PBI58079_pass_9dc19127_67a687eb_75.bam	484483916
HG008T-p2.BCM_ONT-std_HG008T-p2_20260313	data_somatic/HG008/Liss_lab/other_passages/BCM_ONT-std_HG008T-p2_20260313/20260202_1137_1D_PBI58079_9dc19127/PBI58079_pass_9dc19127_67a687eb_76.bam	387465329
HG008T-p2.BCM_ONT-std_HG008T-p2_20260313	data_somatic/HG008/Liss_lab/other_passages/BCM_ONT-std_HG008T-p2_20260313/20260202_1137_1D_PBI58079_9dc19127/PBI58079_pass_9dc19127_67a687eb_77.bam	573470421
HG008T-p2.BCM_ONT-std_HG008T-p2_20260313	data_somatic/HG008/Liss_lab/other_passages/BCM_ONT-std_HG008T-p2_20260313/20260202_1137_1D_PBI58079_9dc19127/PBI58079_pass_9dc19127_67a687eb_78.bam	574130323
HG008T-p2.BCM_ONT-std_HG008T-p2_20260313	data_somatic/HG008/Liss_lab/other_passages/BCM_ONT-std_HG008T-p2_20260313/20260202_1137_1D_PBI58079_9dc19127/PBI58079_pass_9dc19127_67a687eb_79.bam	561786651
HG008T-p2.BCM_ONT-std_HG008T-p2_20260313	data_somatic/HG008/Liss_lab/other_passages/BCM_ONT-std_HG008T-p2_20260313/20260202_1137_1D_PBI58079_9dc19127/PBI58079_pass_9dc19127_67a687eb_8.bam	728873399
HG008T-p2.BCM_ONT-std_HG008T-p2_20260313	data_somatic/HG008/Liss_lab/other_passages/BCM_ONT-std_HG008T-p2_20260313/20260202_1137_1D_PBI58079_9dc19127/PBI58079_pass_9dc19127_67a687eb_80.bam	557442392
HG008T-p2.BCM_ONT-std_HG008T-p2_20260313	data_somatic/HG008/Liss_lab/other_passages/BCM_ONT-std_HG008T-p2_20260313/20260202_1137_1D_PBI58079_9dc19127/PBI58079_pass_9dc19127_67a687eb_81.bam	560962568
HG008T-p2.BCM_ONT-std_HG008T-p2_20260313	data_somatic/HG008/Liss_lab/other_passages/BCM_ONT-std_HG008T-p2_20260313/20260202_1137_1D_PBI58079_9dc19127/PBI58079_pass_9dc19127_67a687eb_82.bam	548342995
HG008T-p2.BCM_ONT-std_HG008T-p2_20260313	data_somatic/HG008/Liss_lab/other_passages/BCM_ONT-std_HG008T-p2_20260313/20260202_1137_1D_PBI58079_9dc19127/PBI58079_pass_9dc19127_67a687eb_83.bam	538011536
HG008T-p2.BCM_ONT-std_HG008T-p2_20260313	data_somatic/HG008/Liss_lab/other_passages/BCM_ONT-std_HG008T-p2_20260313/20260202_1137_1D_PBI58079_9dc19127/PBI58079_pass_9dc19127_67a687eb_84.bam	535569774
HG008T-p2.BCM_ONT-std_HG008T-p2_20260313	data_somatic/HG008/Liss_lab/other_passages/BCM_ONT-std_HG008T-p2_20260313/20260202_1137_1D_PBI58079_9dc19127/PBI58079_pass_9dc19127_67a687eb_85.bam	310249824
HG008T-p2.BCM_ONT-std_HG008T-p2_20260313	data_somatic/HG008/Liss_lab/other_passages/BCM_ONT-std_HG008T-p2_20260313/20260202_1137_1D_PBI58079_9dc19127/PBI58079_pass_9dc19127_67a687eb_86.bam	528968378
HG008T-p2.BCM_ONT-std_HG008T-p2_20260313	data_somatic/HG008/Liss_lab/other_passages/BCM_ONT-std_HG008T-p2_20260313/20260202_1137_1D_PBI58079_9dc19127/PBI58079_pass_9dc19127_67a687eb_87.bam	523116832
HG008T-p2.BCM_ONT-std_HG008T-p2_20260313	data_somatic/HG008/Liss_lab/other_passages/BCM_ONT-std_HG008T-p2_20260313/20260202_1137_1D_PBI58079_9dc19127/PBI58079_pass_9dc19127_67a687eb_88.bam	513751691
HG008T-p2.BCM_ONT-std_HG008T-p2_20260313	data_somatic/HG008/Liss_lab/other_passages/BCM_ONT-std_HG008T-p2_20260313/20260202_1137_1D_PBI58079_9dc19127/PBI58079_pass_9dc19127_67a687eb_89.bam	506566361
HG008T-p2.BCM_ONT-std_HG008T-p2_20260313	data_somatic/HG008/Liss_lab/other_passages/BCM_ONT-std_HG008T-p2_20260313/20260202_1137_1D_PBI58079_9dc19127/PBI58079_pass_9dc19127_67a687eb_9.bam	396403018
HG008T-p2.BCM_ONT-std_HG008T-p2_20260313	data_somatic/HG008/Liss_lab/other_passages/BCM_ONT-std_HG008T-p2_20260313/20260202_1137_1D_PBI58079_9dc19127/PBI58079_pass_9dc19127_67a687eb_90.bam	508582065
HG008T-p2.BCM_ONT-std_HG008T-p2_20260313	data_somatic/HG008/Liss_lab/other_passages/BCM_ONT-std_HG008T-p2_20260313/20260202_1137_1D_PBI58079_9dc19127/PBI58079_pass_9dc19127_67a687eb_91.bam	501648733
HG008T-p2.BCM_ONT-std_HG008T-p2_20260313	data_somatic/HG008/Liss_lab/other_passages/BCM_ONT-std_HG008T-p2_20260313/20260202_1137_1D_PBI58079_9dc19127/PBI58079_pass_9dc19127_67a687eb_92.bam	495281008
HG008T-p2.BCM_ONT-std_HG008T-p2_20260313	data_somatic/HG008/Liss_lab/other_passages/BCM_ONT-std_HG008T-p2_20260313/20260202_1137_1D_PBI58079_9dc19127/PBI58079_pass_9dc19127_67a687eb_93.bam	493312891
HG008T-p2.BCM_ONT-std_HG008T-p2_20260313	data_somatic/HG008/Liss_lab/other_passages/BCM_ONT-std_HG008T-p2_20260313/20260202_1137_1D_PBI58079_9dc19127/PBI58079_pass_9dc19127_67a687eb_94.bam	434851687
HG008T-p2.BCM_ONT-std_HG008T-p2_20260313	data_somatic/HG008/Liss_lab/other_passages/BCM_ONT-std_HG008T-p2_20260313/20260202_1137_1D_PBI58079_9dc19127/PBI58079_pass_9dc19127_67a687eb_95.bam	337935917
HG008T-p2.BCM_ONT-std_HG008T-p2_20260313	data_somatic/HG008/Liss_lab/other_passages/BCM_ONT-std_HG008T-p2_20260313/20260202_1137_1D_PBI58079_9dc19127/PBI58079_pass_9dc19127_67a687eb_96.bam	481926428
HG008T-p2.BCM_ONT-std_HG008T-p2_20260313	data_somatic/HG008/Liss_lab/other_passages/BCM_ONT-std_HG008T-p2_20260313/20260202_1137_1D_PBI58079_9dc19127/PBI58079_pass_9dc19127_67a687eb_97.bam	479981643
HG008T-p2.BCM_ONT-std_HG008T-p2_20260313	data_somatic/HG008/Liss_lab/other_passages/BCM_ONT-std_HG008T-p2_20260313/20260202_1137_1D_PBI58079_9dc19127/PBI58079_pass_9dc19127_67a687eb_98.bam	477753207
HG008T-p2.BCM_ONT-std_HG008T-p2_20260313	data_somatic/HG008/Liss_lab/other_passages/BCM_ONT-std_HG008T-p2_20260313/20260202_1137_1D_PBI58079_9dc19127/PBI58079_pass_9dc19127_67a687eb_99.bam	467267874
