data/NA12878/NIST_NA12878_HG001_HiSeq_300x/131219_D00360_005_BH814YADXX/Project_RM8398/Sample_U0a/SampleSheet.csv	157
data/NA12878/NIST_NA12878_HG001_HiSeq_300x/131219_D00360_005_BH814YADXX/Project_RM8398/Sample_U0a/U0a_CGATGT_L001_R1_001.fastq.gz	499760125
data/NA12878/NIST_NA12878_HG001_HiSeq_300x/131219_D00360_005_BH814YADXX/Project_RM8398/Sample_U0a/U0a_CGATGT_L001_R1_002.fastq.gz	499981123
data/NA12878/NIST_NA12878_HG001_HiSeq_300x/131219_D00360_005_BH814YADXX/Project_RM8398/Sample_U0a/U0a_CGATGT_L001_R1_003.fastq.gz	499547278
data/NA12878/NIST_NA12878_HG001_HiSeq_300x/131219_D00360_005_BH814YADXX/Project_RM8398/Sample_U0a/U0a_CGATGT_L001_R1_004.fastq.gz	498559078
data/NA12878/NIST_NA12878_HG001_HiSeq_300x/131219_D00360_005_BH814YADXX/Project_RM8398/Sample_U0a/U0a_CGATGT_L001_R1_005.fastq.gz	277664633
data/NA12878/NIST_NA12878_HG001_HiSeq_300x/131219_D00360_005_BH814YADXX/Project_RM8398/Sample_U0a/U0a_CGATGT_L001_R2_001.fastq.gz	544091969
data/NA12878/NIST_NA12878_HG001_HiSeq_300x/131219_D00360_005_BH814YADXX/Project_RM8398/Sample_U0a/U0a_CGATGT_L001_R2_002.fastq.gz	545475018
data/NA12878/NIST_NA12878_HG001_HiSeq_300x/131219_D00360_005_BH814YADXX/Project_RM8398/Sample_U0a/U0a_CGATGT_L001_R2_003.fastq.gz	543057918
data/NA12878/NIST_NA12878_HG001_HiSeq_300x/131219_D00360_005_BH814YADXX/Project_RM8398/Sample_U0a/U0a_CGATGT_L001_R2_004.fastq.gz	541747563
data/NA12878/NIST_NA12878_HG001_HiSeq_300x/131219_D00360_005_BH814YADXX/Project_RM8398/Sample_U0a/U0a_CGATGT_L001_R2_005.fastq.gz	300827033
data/NA12878/NIST_NA12878_HG001_HiSeq_300x/131219_D00360_005_BH814YADXX/Project_RM8398/Sample_U0a/U0a_CGATGT_L002_R1_001.fastq.gz	497467849
data/NA12878/NIST_NA12878_HG001_HiSeq_300x/131219_D00360_005_BH814YADXX/Project_RM8398/Sample_U0a/U0a_CGATGT_L002_R1_002.fastq.gz	499695902
data/NA12878/NIST_NA12878_HG001_HiSeq_300x/131219_D00360_005_BH814YADXX/Project_RM8398/Sample_U0a/U0a_CGATGT_L002_R1_003.fastq.gz	498109609
data/NA12878/NIST_NA12878_HG001_HiSeq_300x/131219_D00360_005_BH814YADXX/Project_RM8398/Sample_U0a/U0a_CGATGT_L002_R1_004.fastq.gz	500344442
data/NA12878/NIST_NA12878_HG001_HiSeq_300x/131219_D00360_005_BH814YADXX/Project_RM8398/Sample_U0a/U0a_CGATGT_L002_R1_005.fastq.gz	281356773
data/NA12878/NIST_NA12878_HG001_HiSeq_300x/131219_D00360_005_BH814YADXX/Project_RM8398/Sample_U0a/U0a_CGATGT_L002_R2_001.fastq.gz	543347849
data/NA12878/NIST_NA12878_HG001_HiSeq_300x/131219_D00360_005_BH814YADXX/Project_RM8398/Sample_U0a/U0a_CGATGT_L002_R2_002.fastq.gz	547830853
data/NA12878/NIST_NA12878_HG001_HiSeq_300x/131219_D00360_005_BH814YADXX/Project_RM8398/Sample_U0a/U0a_CGATGT_L002_R2_003.fastq.gz	542519726
data/NA12878/NIST_NA12878_HG001_HiSeq_300x/131219_D00360_005_BH814YADXX/Project_RM8398/Sample_U0a/U0a_CGATGT_L002_R2_004.fastq.gz	545894022
data/NA12878/NIST_NA12878_HG001_HiSeq_300x/131219_D00360_005_BH814YADXX/Project_RM8398/Sample_U0a/U0a_CGATGT_L002_R2_005.fastq.gz	304369339
data/NA12878/NIST_NA12878_HG001_HiSeq_300x/131219_D00360_005_BH814YADXX/Project_RM8398/Sample_U0b/SampleSheet.csv	157
data/NA12878/NIST_NA12878_HG001_HiSeq_300x/131219_D00360_005_BH814YADXX/Project_RM8398/Sample_U0b/U0b_TGACCA_L001_R1_001.fastq.gz	503124350
data/NA12878/NIST_NA12878_HG001_HiSeq_300x/131219_D00360_005_BH814YADXX/Project_RM8398/Sample_U0b/U0b_TGACCA_L001_R1_002.fastq.gz	503777303
data/NA12878/NIST_NA12878_HG001_HiSeq_300x/131219_D00360_005_BH814YADXX/Project_RM8398/Sample_U0b/U0b_TGACCA_L001_R1_003.fastq.gz	503549491
data/NA12878/NIST_NA12878_HG001_HiSeq_300x/131219_D00360_005_BH814YADXX/Project_RM8398/Sample_U0b/U0b_TGACCA_L001_R1_004.fastq.gz	503197356
data/NA12878/NIST_NA12878_HG001_HiSeq_300x/131219_D00360_005_BH814YADXX/Project_RM8398/Sample_U0b/U0b_TGACCA_L001_R1_005.fastq.gz	382505460
data/NA12878/NIST_NA12878_HG001_HiSeq_300x/131219_D00360_005_BH814YADXX/Project_RM8398/Sample_U0b/U0b_TGACCA_L001_R2_001.fastq.gz	533216046
data/NA12878/NIST_NA12878_HG001_HiSeq_300x/131219_D00360_005_BH814YADXX/Project_RM8398/Sample_U0b/U0b_TGACCA_L001_R2_002.fastq.gz	534967427
data/NA12878/NIST_NA12878_HG001_HiSeq_300x/131219_D00360_005_BH814YADXX/Project_RM8398/Sample_U0b/U0b_TGACCA_L001_R2_003.fastq.gz	534059466
data/NA12878/NIST_NA12878_HG001_HiSeq_300x/131219_D00360_005_BH814YADXX/Project_RM8398/Sample_U0b/U0b_TGACCA_L001_R2_004.fastq.gz	532740847
data/NA12878/NIST_NA12878_HG001_HiSeq_300x/131219_D00360_005_BH814YADXX/Project_RM8398/Sample_U0b/U0b_TGACCA_L001_R2_005.fastq.gz	405346731
data/NA12878/NIST_NA12878_HG001_HiSeq_300x/131219_D00360_005_BH814YADXX/Project_RM8398/Sample_U0b/U0b_TGACCA_L002_R1_001.fastq.gz	500187532
data/NA12878/NIST_NA12878_HG001_HiSeq_300x/131219_D00360_005_BH814YADXX/Project_RM8398/Sample_U0b/U0b_TGACCA_L002_R1_002.fastq.gz	502879963
data/NA12878/NIST_NA12878_HG001_HiSeq_300x/131219_D00360_005_BH814YADXX/Project_RM8398/Sample_U0b/U0b_TGACCA_L002_R1_003.fastq.gz	501791900
data/NA12878/NIST_NA12878_HG001_HiSeq_300x/131219_D00360_005_BH814YADXX/Project_RM8398/Sample_U0b/U0b_TGACCA_L002_R1_004.fastq.gz	504388432
data/NA12878/NIST_NA12878_HG001_HiSeq_300x/131219_D00360_005_BH814YADXX/Project_RM8398/Sample_U0b/U0b_TGACCA_L002_R1_005.fastq.gz	382852228
data/NA12878/NIST_NA12878_HG001_HiSeq_300x/131219_D00360_005_BH814YADXX/Project_RM8398/Sample_U0b/U0b_TGACCA_L002_R2_001.fastq.gz	532140608
data/NA12878/NIST_NA12878_HG001_HiSeq_300x/131219_D00360_005_BH814YADXX/Project_RM8398/Sample_U0b/U0b_TGACCA_L002_R2_002.fastq.gz	537240725
data/NA12878/NIST_NA12878_HG001_HiSeq_300x/131219_D00360_005_BH814YADXX/Project_RM8398/Sample_U0b/U0b_TGACCA_L002_R2_003.fastq.gz	532863105
data/NA12878/NIST_NA12878_HG001_HiSeq_300x/131219_D00360_005_BH814YADXX/Project_RM8398/Sample_U0b/U0b_TGACCA_L002_R2_004.fastq.gz	536000860
data/NA12878/NIST_NA12878_HG001_HiSeq_300x/131219_D00360_005_BH814YADXX/Project_RM8398/Sample_U0b/U0b_TGACCA_L002_R2_005.fastq.gz	405820397
data/NA12878/NIST_NA12878_HG001_HiSeq_300x/131219_D00360_005_BH814YADXX/Project_RM8398/Sample_U0c/SampleSheet.csv	157
data/NA12878/NIST_NA12878_HG001_HiSeq_300x/131219_D00360_005_BH814YADXX/Project_RM8398/Sample_U0c/U0c_CAGATC_L001_R1_001.fastq.gz	508991470
data/NA12878/NIST_NA12878_HG001_HiSeq_300x/131219_D00360_005_BH814YADXX/Project_RM8398/Sample_U0c/U0c_CAGATC_L001_R1_002.fastq.gz	511634011
data/NA12878/NIST_NA12878_HG001_HiSeq_300x/131219_D00360_005_BH814YADXX/Project_RM8398/Sample_U0c/U0c_CAGATC_L001_R1_003.fastq.gz	510660716
data/NA12878/NIST_NA12878_HG001_HiSeq_300x/131219_D00360_005_BH814YADXX/Project_RM8398/Sample_U0c/U0c_CAGATC_L001_R1_004.fastq.gz	512084054
data/NA12878/NIST_NA12878_HG001_HiSeq_300x/131219_D00360_005_BH814YADXX/Project_RM8398/Sample_U0c/U0c_CAGATC_L001_R1_005.fastq.gz	507776152
data/NA12878/NIST_NA12878_HG001_HiSeq_300x/131219_D00360_005_BH814YADXX/Project_RM8398/Sample_U0c/U0c_CAGATC_L001_R1_006.fastq.gz	36630346
data/NA12878/NIST_NA12878_HG001_HiSeq_300x/131219_D00360_005_BH814YADXX/Project_RM8398/Sample_U0c/U0c_CAGATC_L001_R2_001.fastq.gz	547934815
data/NA12878/NIST_NA12878_HG001_HiSeq_300x/131219_D00360_005_BH814YADXX/Project_RM8398/Sample_U0c/U0c_CAGATC_L001_R2_002.fastq.gz	550760811
data/NA12878/NIST_NA12878_HG001_HiSeq_300x/131219_D00360_005_BH814YADXX/Project_RM8398/Sample_U0c/U0c_CAGATC_L001_R2_003.fastq.gz	549175787
data/NA12878/NIST_NA12878_HG001_HiSeq_300x/131219_D00360_005_BH814YADXX/Project_RM8398/Sample_U0c/U0c_CAGATC_L001_R2_004.fastq.gz	548416052
data/NA12878/NIST_NA12878_HG001_HiSeq_300x/131219_D00360_005_BH814YADXX/Project_RM8398/Sample_U0c/U0c_CAGATC_L001_R2_005.fastq.gz	546518870
data/NA12878/NIST_NA12878_HG001_HiSeq_300x/131219_D00360_005_BH814YADXX/Project_RM8398/Sample_U0c/U0c_CAGATC_L001_R2_006.fastq.gz	38851157
data/NA12878/NIST_NA12878_HG001_HiSeq_300x/131219_D00360_005_BH814YADXX/Project_RM8398/Sample_U0c/U0c_CAGATC_L002_R1_001.fastq.gz	506699901
data/NA12878/NIST_NA12878_HG001_HiSeq_300x/131219_D00360_005_BH814YADXX/Project_RM8398/Sample_U0c/U0c_CAGATC_L002_R1_002.fastq.gz	510186882
data/NA12878/NIST_NA12878_HG001_HiSeq_300x/131219_D00360_005_BH814YADXX/Project_RM8398/Sample_U0c/U0c_CAGATC_L002_R1_003.fastq.gz	509420824
data/NA12878/NIST_NA12878_HG001_HiSeq_300x/131219_D00360_005_BH814YADXX/Project_RM8398/Sample_U0c/U0c_CAGATC_L002_R1_004.fastq.gz	512142422
data/NA12878/NIST_NA12878_HG001_HiSeq_300x/131219_D00360_005_BH814YADXX/Project_RM8398/Sample_U0c/U0c_CAGATC_L002_R1_005.fastq.gz	510416550
data/NA12878/NIST_NA12878_HG001_HiSeq_300x/131219_D00360_005_BH814YADXX/Project_RM8398/Sample_U0c/U0c_CAGATC_L002_R1_006.fastq.gz	37608420
data/NA12878/NIST_NA12878_HG001_HiSeq_300x/131219_D00360_005_BH814YADXX/Project_RM8398/Sample_U0c/U0c_CAGATC_L002_R2_001.fastq.gz	547373244
data/NA12878/NIST_NA12878_HG001_HiSeq_300x/131219_D00360_005_BH814YADXX/Project_RM8398/Sample_U0c/U0c_CAGATC_L002_R2_002.fastq.gz	552439396
data/NA12878/NIST_NA12878_HG001_HiSeq_300x/131219_D00360_005_BH814YADXX/Project_RM8398/Sample_U0c/U0c_CAGATC_L002_R2_003.fastq.gz	548062791
data/NA12878/NIST_NA12878_HG001_HiSeq_300x/131219_D00360_005_BH814YADXX/Project_RM8398/Sample_U0c/U0c_CAGATC_L002_R2_004.fastq.gz	550285611
data/NA12878/NIST_NA12878_HG001_HiSeq_300x/131219_D00360_005_BH814YADXX/Project_RM8398/Sample_U0c/U0c_CAGATC_L002_R2_005.fastq.gz	550119212
data/NA12878/NIST_NA12878_HG001_HiSeq_300x/131219_D00360_005_BH814YADXX/Project_RM8398/Sample_U0c/U0c_CAGATC_L002_R2_006.fastq.gz	39789828
data/NA12878/NIST_NA12878_HG001_HiSeq_300x/131219_D00360_005_BH814YADXX/Project_RM8398/Sample_U5a/SampleSheet.csv	157
data/NA12878/NIST_NA12878_HG001_HiSeq_300x/131219_D00360_005_BH814YADXX/Project_RM8398/Sample_U5a/U5a_AGTCAA_L001_R1_001.fastq.gz	503310595
data/NA12878/NIST_NA12878_HG001_HiSeq_300x/131219_D00360_005_BH814YADXX/Project_RM8398/Sample_U5a/U5a_AGTCAA_L001_R1_002.fastq.gz	511461625
data/NA12878/NIST_NA12878_HG001_HiSeq_300x/131219_D00360_005_BH814YADXX/Project_RM8398/Sample_U5a/U5a_AGTCAA_L001_R1_003.fastq.gz	508754929
data/NA12878/NIST_NA12878_HG001_HiSeq_300x/131219_D00360_005_BH814YADXX/Project_RM8398/Sample_U5a/U5a_AGTCAA_L001_R1_004.fastq.gz	503458291
data/NA12878/NIST_NA12878_HG001_HiSeq_300x/131219_D00360_005_BH814YADXX/Project_RM8398/Sample_U5a/U5a_AGTCAA_L001_R1_005.fastq.gz	508251872
data/NA12878/NIST_NA12878_HG001_HiSeq_300x/131219_D00360_005_BH814YADXX/Project_RM8398/Sample_U5a/U5a_AGTCAA_L001_R1_006.fastq.gz	503712301
data/NA12878/NIST_NA12878_HG001_HiSeq_300x/131219_D00360_005_BH814YADXX/Project_RM8398/Sample_U5a/U5a_AGTCAA_L001_R1_007.fastq.gz	108710100
data/NA12878/NIST_NA12878_HG001_HiSeq_300x/131219_D00360_005_BH814YADXX/Project_RM8398/Sample_U5a/U5a_AGTCAA_L001_R2_001.fastq.gz	538964855
data/NA12878/NIST_NA12878_HG001_HiSeq_300x/131219_D00360_005_BH814YADXX/Project_RM8398/Sample_U5a/U5a_AGTCAA_L001_R2_002.fastq.gz	545574563
data/NA12878/NIST_NA12878_HG001_HiSeq_300x/131219_D00360_005_BH814YADXX/Project_RM8398/Sample_U5a/U5a_AGTCAA_L001_R2_003.fastq.gz	544218822
data/NA12878/NIST_NA12878_HG001_HiSeq_300x/131219_D00360_005_BH814YADXX/Project_RM8398/Sample_U5a/U5a_AGTCAA_L001_R2_004.fastq.gz	538773069
data/NA12878/NIST_NA12878_HG001_HiSeq_300x/131219_D00360_005_BH814YADXX/Project_RM8398/Sample_U5a/U5a_AGTCAA_L001_R2_005.fastq.gz	541525615
data/NA12878/NIST_NA12878_HG001_HiSeq_300x/131219_D00360_005_BH814YADXX/Project_RM8398/Sample_U5a/U5a_AGTCAA_L001_R2_006.fastq.gz	539410916
data/NA12878/NIST_NA12878_HG001_HiSeq_300x/131219_D00360_005_BH814YADXX/Project_RM8398/Sample_U5a/U5a_AGTCAA_L001_R2_007.fastq.gz	115220253
data/NA12878/NIST_NA12878_HG001_HiSeq_300x/131219_D00360_005_BH814YADXX/Project_RM8398/Sample_U5a/U5a_AGTCAA_L002_R1_001.fastq.gz	501079554
data/NA12878/NIST_NA12878_HG001_HiSeq_300x/131219_D00360_005_BH814YADXX/Project_RM8398/Sample_U5a/U5a_AGTCAA_L002_R1_002.fastq.gz	508395182
data/NA12878/NIST_NA12878_HG001_HiSeq_300x/131219_D00360_005_BH814YADXX/Project_RM8398/Sample_U5a/U5a_AGTCAA_L002_R1_003.fastq.gz	508945504
data/NA12878/NIST_NA12878_HG001_HiSeq_300x/131219_D00360_005_BH814YADXX/Project_RM8398/Sample_U5a/U5a_AGTCAA_L002_R1_004.fastq.gz	501201579
data/NA12878/NIST_NA12878_HG001_HiSeq_300x/131219_D00360_005_BH814YADXX/Project_RM8398/Sample_U5a/U5a_AGTCAA_L002_R1_005.fastq.gz	509281132
data/NA12878/NIST_NA12878_HG001_HiSeq_300x/131219_D00360_005_BH814YADXX/Project_RM8398/Sample_U5a/U5a_AGTCAA_L002_R1_006.fastq.gz	506231522
data/NA12878/NIST_NA12878_HG001_HiSeq_300x/131219_D00360_005_BH814YADXX/Project_RM8398/Sample_U5a/U5a_AGTCAA_L002_R1_007.fastq.gz	107662886
data/NA12878/NIST_NA12878_HG001_HiSeq_300x/131219_D00360_005_BH814YADXX/Project_RM8398/Sample_U5a/U5a_AGTCAA_L002_R2_001.fastq.gz	538590962
data/NA12878/NIST_NA12878_HG001_HiSeq_300x/131219_D00360_005_BH814YADXX/Project_RM8398/Sample_U5a/U5a_AGTCAA_L002_R2_002.fastq.gz	545333734
data/NA12878/NIST_NA12878_HG001_HiSeq_300x/131219_D00360_005_BH814YADXX/Project_RM8398/Sample_U5a/U5a_AGTCAA_L002_R2_003.fastq.gz	545017621
data/NA12878/NIST_NA12878_HG001_HiSeq_300x/131219_D00360_005_BH814YADXX/Project_RM8398/Sample_U5a/U5a_AGTCAA_L002_R2_004.fastq.gz	537951566
data/NA12878/NIST_NA12878_HG001_HiSeq_300x/131219_D00360_005_BH814YADXX/Project_RM8398/Sample_U5a/U5a_AGTCAA_L002_R2_005.fastq.gz	544512912
data/NA12878/NIST_NA12878_HG001_HiSeq_300x/131219_D00360_005_BH814YADXX/Project_RM8398/Sample_U5a/U5a_AGTCAA_L002_R2_006.fastq.gz	542950539
data/NA12878/NIST_NA12878_HG001_HiSeq_300x/131219_D00360_005_BH814YADXX/Project_RM8398/Sample_U5a/U5a_AGTCAA_L002_R2_007.fastq.gz	113753028
data/NA12878/NIST_NA12878_HG001_HiSeq_300x/131219_D00360_005_BH814YADXX/Project_RM8398/Sample_U5b/SampleSheet.csv	157
data/NA12878/NIST_NA12878_HG001_HiSeq_300x/131219_D00360_005_BH814YADXX/Project_RM8398/Sample_U5b/U5b_AGTTCC_L001_R1_001.fastq.gz	497359289
data/NA12878/NIST_NA12878_HG001_HiSeq_300x/131219_D00360_005_BH814YADXX/Project_RM8398/Sample_U5b/U5b_AGTTCC_L001_R1_002.fastq.gz	502624045
data/NA12878/NIST_NA12878_HG001_HiSeq_300x/131219_D00360_005_BH814YADXX/Project_RM8398/Sample_U5b/U5b_AGTTCC_L001_R1_003.fastq.gz	501648706
data/NA12878/NIST_NA12878_HG001_HiSeq_300x/131219_D00360_005_BH814YADXX/Project_RM8398/Sample_U5b/U5b_AGTTCC_L001_R1_004.fastq.gz	501360333
data/NA12878/NIST_NA12878_HG001_HiSeq_300x/131219_D00360_005_BH814YADXX/Project_RM8398/Sample_U5b/U5b_AGTTCC_L001_R1_005.fastq.gz	494537424
data/NA12878/NIST_NA12878_HG001_HiSeq_300x/131219_D00360_005_BH814YADXX/Project_RM8398/Sample_U5b/U5b_AGTTCC_L001_R1_006.fastq.gz	213528884
data/NA12878/NIST_NA12878_HG001_HiSeq_300x/131219_D00360_005_BH814YADXX/Project_RM8398/Sample_U5b/U5b_AGTTCC_L001_R2_001.fastq.gz	527547389
data/NA12878/NIST_NA12878_HG001_HiSeq_300x/131219_D00360_005_BH814YADXX/Project_RM8398/Sample_U5b/U5b_AGTTCC_L001_R2_002.fastq.gz	532838582
data/NA12878/NIST_NA12878_HG001_HiSeq_300x/131219_D00360_005_BH814YADXX/Project_RM8398/Sample_U5b/U5b_AGTTCC_L001_R2_003.fastq.gz	531395244
data/NA12878/NIST_NA12878_HG001_HiSeq_300x/131219_D00360_005_BH814YADXX/Project_RM8398/Sample_U5b/U5b_AGTTCC_L001_R2_004.fastq.gz	529964407
data/NA12878/NIST_NA12878_HG001_HiSeq_300x/131219_D00360_005_BH814YADXX/Project_RM8398/Sample_U5b/U5b_AGTTCC_L001_R2_005.fastq.gz	525816839
data/NA12878/NIST_NA12878_HG001_HiSeq_300x/131219_D00360_005_BH814YADXX/Project_RM8398/Sample_U5b/U5b_AGTTCC_L001_R2_006.fastq.gz	225253129
data/NA12878/NIST_NA12878_HG001_HiSeq_300x/131219_D00360_005_BH814YADXX/Project_RM8398/Sample_U5b/U5b_AGTTCC_L002_R1_001.fastq.gz	495281080
data/NA12878/NIST_NA12878_HG001_HiSeq_300x/131219_D00360_005_BH814YADXX/Project_RM8398/Sample_U5b/U5b_AGTTCC_L002_R1_002.fastq.gz	500126838
data/NA12878/NIST_NA12878_HG001_HiSeq_300x/131219_D00360_005_BH814YADXX/Project_RM8398/Sample_U5b/U5b_AGTTCC_L002_R1_003.fastq.gz	500797627
data/NA12878/NIST_NA12878_HG001_HiSeq_300x/131219_D00360_005_BH814YADXX/Project_RM8398/Sample_U5b/U5b_AGTTCC_L002_R1_004.fastq.gz	500600862
data/NA12878/NIST_NA12878_HG001_HiSeq_300x/131219_D00360_005_BH814YADXX/Project_RM8398/Sample_U5b/U5b_AGTTCC_L002_R1_005.fastq.gz	496154727
data/NA12878/NIST_NA12878_HG001_HiSeq_300x/131219_D00360_005_BH814YADXX/Project_RM8398/Sample_U5b/U5b_AGTTCC_L002_R1_006.fastq.gz	218348297
data/NA12878/NIST_NA12878_HG001_HiSeq_300x/131219_D00360_005_BH814YADXX/Project_RM8398/Sample_U5b/U5b_AGTTCC_L002_R2_001.fastq.gz	527316012
data/NA12878/NIST_NA12878_HG001_HiSeq_300x/131219_D00360_005_BH814YADXX/Project_RM8398/Sample_U5b/U5b_AGTTCC_L002_R2_002.fastq.gz	533761223
data/NA12878/NIST_NA12878_HG001_HiSeq_300x/131219_D00360_005_BH814YADXX/Project_RM8398/Sample_U5b/U5b_AGTTCC_L002_R2_003.fastq.gz	531051593
data/NA12878/NIST_NA12878_HG001_HiSeq_300x/131219_D00360_005_BH814YADXX/Project_RM8398/Sample_U5b/U5b_AGTTCC_L002_R2_004.fastq.gz	530179783
data/NA12878/NIST_NA12878_HG001_HiSeq_300x/131219_D00360_005_BH814YADXX/Project_RM8398/Sample_U5b/U5b_AGTTCC_L002_R2_005.fastq.gz	530320843
data/NA12878/NIST_NA12878_HG001_HiSeq_300x/131219_D00360_005_BH814YADXX/Project_RM8398/Sample_U5b/U5b_AGTTCC_L002_R2_006.fastq.gz	229702642
data/NA12878/NIST_NA12878_HG001_HiSeq_300x/131219_D00360_005_BH814YADXX/Project_RM8398/Sample_U5c/SampleSheet.csv	157
data/NA12878/NIST_NA12878_HG001_HiSeq_300x/131219_D00360_005_BH814YADXX/Project_RM8398/Sample_U5c/U5c_CCGTCC_L001_R1_001.fastq.gz	505869097
data/NA12878/NIST_NA12878_HG001_HiSeq_300x/131219_D00360_005_BH814YADXX/Project_RM8398/Sample_U5c/U5c_CCGTCC_L001_R1_002.fastq.gz	513813107
data/NA12878/NIST_NA12878_HG001_HiSeq_300x/131219_D00360_005_BH814YADXX/Project_RM8398/Sample_U5c/U5c_CCGTCC_L001_R1_003.fastq.gz	512308225
data/NA12878/NIST_NA12878_HG001_HiSeq_300x/131219_D00360_005_BH814YADXX/Project_RM8398/Sample_U5c/U5c_CCGTCC_L001_R1_004.fastq.gz	505424085
data/NA12878/NIST_NA12878_HG001_HiSeq_300x/131219_D00360_005_BH814YADXX/Project_RM8398/Sample_U5c/U5c_CCGTCC_L001_R1_005.fastq.gz	510439293
data/NA12878/NIST_NA12878_HG001_HiSeq_300x/131219_D00360_005_BH814YADXX/Project_RM8398/Sample_U5c/U5c_CCGTCC_L001_R1_006.fastq.gz	508133033
data/NA12878/NIST_NA12878_HG001_HiSeq_300x/131219_D00360_005_BH814YADXX/Project_RM8398/Sample_U5c/U5c_CCGTCC_L001_R1_007.fastq.gz	71811191
data/NA12878/NIST_NA12878_HG001_HiSeq_300x/131219_D00360_005_BH814YADXX/Project_RM8398/Sample_U5c/U5c_CCGTCC_L001_R2_001.fastq.gz	543104818
data/NA12878/NIST_NA12878_HG001_HiSeq_300x/131219_D00360_005_BH814YADXX/Project_RM8398/Sample_U5c/U5c_CCGTCC_L001_R2_002.fastq.gz	549488972
data/NA12878/NIST_NA12878_HG001_HiSeq_300x/131219_D00360_005_BH814YADXX/Project_RM8398/Sample_U5c/U5c_CCGTCC_L001_R2_003.fastq.gz	548491521
data/NA12878/NIST_NA12878_HG001_HiSeq_300x/131219_D00360_005_BH814YADXX/Project_RM8398/Sample_U5c/U5c_CCGTCC_L001_R2_004.fastq.gz	542224898
data/NA12878/NIST_NA12878_HG001_HiSeq_300x/131219_D00360_005_BH814YADXX/Project_RM8398/Sample_U5c/U5c_CCGTCC_L001_R2_005.fastq.gz	545137929
data/NA12878/NIST_NA12878_HG001_HiSeq_300x/131219_D00360_005_BH814YADXX/Project_RM8398/Sample_U5c/U5c_CCGTCC_L001_R2_006.fastq.gz	544552666
data/NA12878/NIST_NA12878_HG001_HiSeq_300x/131219_D00360_005_BH814YADXX/Project_RM8398/Sample_U5c/U5c_CCGTCC_L001_R2_007.fastq.gz	76024685
data/NA12878/NIST_NA12878_HG001_HiSeq_300x/131219_D00360_005_BH814YADXX/Project_RM8398/Sample_U5c/U5c_CCGTCC_L002_R1_001.fastq.gz	503705931
data/NA12878/NIST_NA12878_HG001_HiSeq_300x/131219_D00360_005_BH814YADXX/Project_RM8398/Sample_U5c/U5c_CCGTCC_L002_R1_002.fastq.gz	510907091
data/NA12878/NIST_NA12878_HG001_HiSeq_300x/131219_D00360_005_BH814YADXX/Project_RM8398/Sample_U5c/U5c_CCGTCC_L002_R1_003.fastq.gz	512192285
data/NA12878/NIST_NA12878_HG001_HiSeq_300x/131219_D00360_005_BH814YADXX/Project_RM8398/Sample_U5c/U5c_CCGTCC_L002_R1_004.fastq.gz	503572885
data/NA12878/NIST_NA12878_HG001_HiSeq_300x/131219_D00360_005_BH814YADXX/Project_RM8398/Sample_U5c/U5c_CCGTCC_L002_R1_005.fastq.gz	511600443
data/NA12878/NIST_NA12878_HG001_HiSeq_300x/131219_D00360_005_BH814YADXX/Project_RM8398/Sample_U5c/U5c_CCGTCC_L002_R1_006.fastq.gz	510565677
data/NA12878/NIST_NA12878_HG001_HiSeq_300x/131219_D00360_005_BH814YADXX/Project_RM8398/Sample_U5c/U5c_CCGTCC_L002_R1_007.fastq.gz	75813239
data/NA12878/NIST_NA12878_HG001_HiSeq_300x/131219_D00360_005_BH814YADXX/Project_RM8398/Sample_U5c/U5c_CCGTCC_L002_R2_001.fastq.gz	542852160
data/NA12878/NIST_NA12878_HG001_HiSeq_300x/131219_D00360_005_BH814YADXX/Project_RM8398/Sample_U5c/U5c_CCGTCC_L002_R2_002.fastq.gz	549351650
data/NA12878/NIST_NA12878_HG001_HiSeq_300x/131219_D00360_005_BH814YADXX/Project_RM8398/Sample_U5c/U5c_CCGTCC_L002_R2_003.fastq.gz	548875269
data/NA12878/NIST_NA12878_HG001_HiSeq_300x/131219_D00360_005_BH814YADXX/Project_RM8398/Sample_U5c/U5c_CCGTCC_L002_R2_004.fastq.gz	541878790
data/NA12878/NIST_NA12878_HG001_HiSeq_300x/131219_D00360_005_BH814YADXX/Project_RM8398/Sample_U5c/U5c_CCGTCC_L002_R2_005.fastq.gz	548386941
data/NA12878/NIST_NA12878_HG001_HiSeq_300x/131219_D00360_005_BH814YADXX/Project_RM8398/Sample_U5c/U5c_CCGTCC_L002_R2_006.fastq.gz	547697481
data/NA12878/NIST_NA12878_HG001_HiSeq_300x/131219_D00360_005_BH814YADXX/Project_RM8398/Sample_U5c/U5c_CCGTCC_L002_R2_007.fastq.gz	80043435
data/NA12878/NIST_NA12878_HG001_HiSeq_300x/131219_D00360_006_AH81VLADXX/Project_RM8398/Sample_U0a/SampleSheet.csv	157
data/NA12878/NIST_NA12878_HG001_HiSeq_300x/131219_D00360_006_AH81VLADXX/Project_RM8398/Sample_U0a/U0a_CGATGT_L001_R1_001.fastq.gz	510534289
data/NA12878/NIST_NA12878_HG001_HiSeq_300x/131219_D00360_006_AH81VLADXX/Project_RM8398/Sample_U0a/U0a_CGATGT_L001_R1_002.fastq.gz	507205334
data/NA12878/NIST_NA12878_HG001_HiSeq_300x/131219_D00360_006_AH81VLADXX/Project_RM8398/Sample_U0a/U0a_CGATGT_L001_R1_003.fastq.gz	510560441
data/NA12878/NIST_NA12878_HG001_HiSeq_300x/131219_D00360_006_AH81VLADXX/Project_RM8398/Sample_U0a/U0a_CGATGT_L001_R1_004.fastq.gz	505942187
data/NA12878/NIST_NA12878_HG001_HiSeq_300x/131219_D00360_006_AH81VLADXX/Project_RM8398/Sample_U0a/U0a_CGATGT_L001_R1_005.fastq.gz	357745226
data/NA12878/NIST_NA12878_HG001_HiSeq_300x/131219_D00360_006_AH81VLADXX/Project_RM8398/Sample_U0a/U0a_CGATGT_L001_R2_001.fastq.gz	556246101
data/NA12878/NIST_NA12878_HG001_HiSeq_300x/131219_D00360_006_AH81VLADXX/Project_RM8398/Sample_U0a/U0a_CGATGT_L001_R2_002.fastq.gz	552552785
data/NA12878/NIST_NA12878_HG001_HiSeq_300x/131219_D00360_006_AH81VLADXX/Project_RM8398/Sample_U0a/U0a_CGATGT_L001_R2_003.fastq.gz	554114127
data/NA12878/NIST_NA12878_HG001_HiSeq_300x/131219_D00360_006_AH81VLADXX/Project_RM8398/Sample_U0a/U0a_CGATGT_L001_R2_004.fastq.gz	549822544
data/NA12878/NIST_NA12878_HG001_HiSeq_300x/131219_D00360_006_AH81VLADXX/Project_RM8398/Sample_U0a/U0a_CGATGT_L001_R2_005.fastq.gz	386194509
data/NA12878/NIST_NA12878_HG001_HiSeq_300x/131219_D00360_006_AH81VLADXX/Project_RM8398/Sample_U0a/U0a_CGATGT_L002_R1_001.fastq.gz	506455335
data/NA12878/NIST_NA12878_HG001_HiSeq_300x/131219_D00360_006_AH81VLADXX/Project_RM8398/Sample_U0a/U0a_CGATGT_L002_R1_002.fastq.gz	508393127
data/NA12878/NIST_NA12878_HG001_HiSeq_300x/131219_D00360_006_AH81VLADXX/Project_RM8398/Sample_U0a/U0a_CGATGT_L002_R1_003.fastq.gz	506874743
data/NA12878/NIST_NA12878_HG001_HiSeq_300x/131219_D00360_006_AH81VLADXX/Project_RM8398/Sample_U0a/U0a_CGATGT_L002_R1_004.fastq.gz	508726631
data/NA12878/NIST_NA12878_HG001_HiSeq_300x/131219_D00360_006_AH81VLADXX/Project_RM8398/Sample_U0a/U0a_CGATGT_L002_R1_005.fastq.gz	389980256
data/NA12878/NIST_NA12878_HG001_HiSeq_300x/131219_D00360_006_AH81VLADXX/Project_RM8398/Sample_U0a/U0a_CGATGT_L002_R2_001.fastq.gz	552843190
data/NA12878/NIST_NA12878_HG001_HiSeq_300x/131219_D00360_006_AH81VLADXX/Project_RM8398/Sample_U0a/U0a_CGATGT_L002_R2_002.fastq.gz	552447562
data/NA12878/NIST_NA12878_HG001_HiSeq_300x/131219_D00360_006_AH81VLADXX/Project_RM8398/Sample_U0a/U0a_CGATGT_L002_R2_003.fastq.gz	551561522
data/NA12878/NIST_NA12878_HG001_HiSeq_300x/131219_D00360_006_AH81VLADXX/Project_RM8398/Sample_U0a/U0a_CGATGT_L002_R2_004.fastq.gz	552245777
data/NA12878/NIST_NA12878_HG001_HiSeq_300x/131219_D00360_006_AH81VLADXX/Project_RM8398/Sample_U0a/U0a_CGATGT_L002_R2_005.fastq.gz	421399027
data/NA12878/NIST_NA12878_HG001_HiSeq_300x/131219_D00360_006_AH81VLADXX/Project_RM8398/Sample_U0b/SampleSheet.csv	157
data/NA12878/NIST_NA12878_HG001_HiSeq_300x/131219_D00360_006_AH81VLADXX/Project_RM8398/Sample_U0b/U0b_TGACCA_L001_R1_001.fastq.gz	514571271
data/NA12878/NIST_NA12878_HG001_HiSeq_300x/131219_D00360_006_AH81VLADXX/Project_RM8398/Sample_U0b/U0b_TGACCA_L001_R1_002.fastq.gz	511670853
data/NA12878/NIST_NA12878_HG001_HiSeq_300x/131219_D00360_006_AH81VLADXX/Project_RM8398/Sample_U0b/U0b_TGACCA_L001_R1_003.fastq.gz	514104694
data/NA12878/NIST_NA12878_HG001_HiSeq_300x/131219_D00360_006_AH81VLADXX/Project_RM8398/Sample_U0b/U0b_TGACCA_L001_R1_004.fastq.gz	510926219
data/NA12878/NIST_NA12878_HG001_HiSeq_300x/131219_D00360_006_AH81VLADXX/Project_RM8398/Sample_U0b/U0b_TGACCA_L001_R1_005.fastq.gz	457767396
data/NA12878/NIST_NA12878_HG001_HiSeq_300x/131219_D00360_006_AH81VLADXX/Project_RM8398/Sample_U0b/U0b_TGACCA_L001_R2_001.fastq.gz	545742883
data/NA12878/NIST_NA12878_HG001_HiSeq_300x/131219_D00360_006_AH81VLADXX/Project_RM8398/Sample_U0b/U0b_TGACCA_L001_R2_002.fastq.gz	542359318
data/NA12878/NIST_NA12878_HG001_HiSeq_300x/131219_D00360_006_AH81VLADXX/Project_RM8398/Sample_U0b/U0b_TGACCA_L001_R2_003.fastq.gz	543699292
data/NA12878/NIST_NA12878_HG001_HiSeq_300x/131219_D00360_006_AH81VLADXX/Project_RM8398/Sample_U0b/U0b_TGACCA_L001_R2_004.fastq.gz	540544705
data/NA12878/NIST_NA12878_HG001_HiSeq_300x/131219_D00360_006_AH81VLADXX/Project_RM8398/Sample_U0b/U0b_TGACCA_L001_R2_005.fastq.gz	482575678
data/NA12878/NIST_NA12878_HG001_HiSeq_300x/131219_D00360_006_AH81VLADXX/Project_RM8398/Sample_U0b/U0b_TGACCA_L002_R1_001.fastq.gz	510431220
data/NA12878/NIST_NA12878_HG001_HiSeq_300x/131219_D00360_006_AH81VLADXX/Project_RM8398/Sample_U0b/U0b_TGACCA_L002_R1_002.fastq.gz	512378786
data/NA12878/NIST_NA12878_HG001_HiSeq_300x/131219_D00360_006_AH81VLADXX/Project_RM8398/Sample_U0b/U0b_TGACCA_L002_R1_003.fastq.gz	511931433
data/NA12878/NIST_NA12878_HG001_HiSeq_300x/131219_D00360_006_AH81VLADXX/Project_RM8398/Sample_U0b/U0b_TGACCA_L002_R1_004.fastq.gz	514105263
data/NA12878/NIST_NA12878_HG001_HiSeq_300x/131219_D00360_006_AH81VLADXX/Project_RM8398/Sample_U0b/U0b_TGACCA_L002_R1_005.fastq.gz	501772325
data/NA12878/NIST_NA12878_HG001_HiSeq_300x/131219_D00360_006_AH81VLADXX/Project_RM8398/Sample_U0b/U0b_TGACCA_L002_R2_001.fastq.gz	542100689
data/NA12878/NIST_NA12878_HG001_HiSeq_300x/131219_D00360_006_AH81VLADXX/Project_RM8398/Sample_U0b/U0b_TGACCA_L002_R2_002.fastq.gz	542035761
data/NA12878/NIST_NA12878_HG001_HiSeq_300x/131219_D00360_006_AH81VLADXX/Project_RM8398/Sample_U0b/U0b_TGACCA_L002_R2_003.fastq.gz	541950111
data/NA12878/NIST_NA12878_HG001_HiSeq_300x/131219_D00360_006_AH81VLADXX/Project_RM8398/Sample_U0b/U0b_TGACCA_L002_R2_004.fastq.gz	542967212
data/NA12878/NIST_NA12878_HG001_HiSeq_300x/131219_D00360_006_AH81VLADXX/Project_RM8398/Sample_U0b/U0b_TGACCA_L002_R2_005.fastq.gz	529610666
data/NA12878/NIST_NA12878_HG001_HiSeq_300x/131219_D00360_006_AH81VLADXX/Project_RM8398/Sample_U0c/SampleSheet.csv	157
data/NA12878/NIST_NA12878_HG001_HiSeq_300x/131219_D00360_006_AH81VLADXX/Project_RM8398/Sample_U0c/U0c_CAGATC_L001_R1_001.fastq.gz	519983218
data/NA12878/NIST_NA12878_HG001_HiSeq_300x/131219_D00360_006_AH81VLADXX/Project_RM8398/Sample_U0c/U0c_CAGATC_L001_R1_002.fastq.gz	517992453
data/NA12878/NIST_NA12878_HG001_HiSeq_300x/131219_D00360_006_AH81VLADXX/Project_RM8398/Sample_U0c/U0c_CAGATC_L001_R1_003.fastq.gz	521626529
data/NA12878/NIST_NA12878_HG001_HiSeq_300x/131219_D00360_006_AH81VLADXX/Project_RM8398/Sample_U0c/U0c_CAGATC_L001_R1_004.fastq.gz	520167560
data/NA12878/NIST_NA12878_HG001_HiSeq_300x/131219_D00360_006_AH81VLADXX/Project_RM8398/Sample_U0c/U0c_CAGATC_L001_R1_005.fastq.gz	511764723
data/NA12878/NIST_NA12878_HG001_HiSeq_300x/131219_D00360_006_AH81VLADXX/Project_RM8398/Sample_U0c/U0c_CAGATC_L001_R1_006.fastq.gz	110364925
data/NA12878/NIST_NA12878_HG001_HiSeq_300x/131219_D00360_006_AH81VLADXX/Project_RM8398/Sample_U0c/U0c_CAGATC_L001_R2_001.fastq.gz	559964544
data/NA12878/NIST_NA12878_HG001_HiSeq_300x/131219_D00360_006_AH81VLADXX/Project_RM8398/Sample_U0c/U0c_CAGATC_L001_R2_002.fastq.gz	557347599
data/NA12878/NIST_NA12878_HG001_HiSeq_300x/131219_D00360_006_AH81VLADXX/Project_RM8398/Sample_U0c/U0c_CAGATC_L001_R2_003.fastq.gz	558924484
data/NA12878/NIST_NA12878_HG001_HiSeq_300x/131219_D00360_006_AH81VLADXX/Project_RM8398/Sample_U0c/U0c_CAGATC_L001_R2_004.fastq.gz	556654012
data/NA12878/NIST_NA12878_HG001_HiSeq_300x/131219_D00360_006_AH81VLADXX/Project_RM8398/Sample_U0c/U0c_CAGATC_L001_R2_005.fastq.gz	551314877
data/NA12878/NIST_NA12878_HG001_HiSeq_300x/131219_D00360_006_AH81VLADXX/Project_RM8398/Sample_U0c/U0c_CAGATC_L001_R2_006.fastq.gz	116675036
data/NA12878/NIST_NA12878_HG001_HiSeq_300x/131219_D00360_006_AH81VLADXX/Project_RM8398/Sample_U0c/U0c_CAGATC_L002_R1_001.fastq.gz	515801378
data/NA12878/NIST_NA12878_HG001_HiSeq_300x/131219_D00360_006_AH81VLADXX/Project_RM8398/Sample_U0c/U0c_CAGATC_L002_R1_002.fastq.gz	518713071
data/NA12878/NIST_NA12878_HG001_HiSeq_300x/131219_D00360_006_AH81VLADXX/Project_RM8398/Sample_U0c/U0c_CAGATC_L002_R1_003.fastq.gz	520039478
data/NA12878/NIST_NA12878_HG001_HiSeq_300x/131219_D00360_006_AH81VLADXX/Project_RM8398/Sample_U0c/U0c_CAGATC_L002_R1_004.fastq.gz	521929655
data/NA12878/NIST_NA12878_HG001_HiSeq_300x/131219_D00360_006_AH81VLADXX/Project_RM8398/Sample_U0c/U0c_CAGATC_L002_R1_005.fastq.gz	513504573
data/NA12878/NIST_NA12878_HG001_HiSeq_300x/131219_D00360_006_AH81VLADXX/Project_RM8398/Sample_U0c/U0c_CAGATC_L002_R1_006.fastq.gz	154486305
data/NA12878/NIST_NA12878_HG001_HiSeq_300x/131219_D00360_006_AH81VLADXX/Project_RM8398/Sample_U0c/U0c_CAGATC_L002_R2_001.fastq.gz	556311928
data/NA12878/NIST_NA12878_HG001_HiSeq_300x/131219_D00360_006_AH81VLADXX/Project_RM8398/Sample_U0c/U0c_CAGATC_L002_R2_002.fastq.gz	556884791
data/NA12878/NIST_NA12878_HG001_HiSeq_300x/131219_D00360_006_AH81VLADXX/Project_RM8398/Sample_U0c/U0c_CAGATC_L002_R2_003.fastq.gz	557275424
data/NA12878/NIST_NA12878_HG001_HiSeq_300x/131219_D00360_006_AH81VLADXX/Project_RM8398/Sample_U0c/U0c_CAGATC_L002_R2_004.fastq.gz	558658404
data/NA12878/NIST_NA12878_HG001_HiSeq_300x/131219_D00360_006_AH81VLADXX/Project_RM8398/Sample_U0c/U0c_CAGATC_L002_R2_005.fastq.gz	553127039
data/NA12878/NIST_NA12878_HG001_HiSeq_300x/131219_D00360_006_AH81VLADXX/Project_RM8398/Sample_U0c/U0c_CAGATC_L002_R2_006.fastq.gz	163990823
data/NA12878/NIST_NA12878_HG001_HiSeq_300x/131219_D00360_006_AH81VLADXX/Project_RM8398/Sample_U5a/SampleSheet.csv	157
data/NA12878/NIST_NA12878_HG001_HiSeq_300x/131219_D00360_006_AH81VLADXX/Project_RM8398/Sample_U5a/U5a_AGTCAA_L001_R1_001.fastq.gz	515538818
data/NA12878/NIST_NA12878_HG001_HiSeq_300x/131219_D00360_006_AH81VLADXX/Project_RM8398/Sample_U5a/U5a_AGTCAA_L001_R1_002.fastq.gz	518328245
data/NA12878/NIST_NA12878_HG001_HiSeq_300x/131219_D00360_006_AH81VLADXX/Project_RM8398/Sample_U5a/U5a_AGTCAA_L001_R1_003.fastq.gz	518049345
data/NA12878/NIST_NA12878_HG001_HiSeq_300x/131219_D00360_006_AH81VLADXX/Project_RM8398/Sample_U5a/U5a_AGTCAA_L001_R1_004.fastq.gz	513976125
data/NA12878/NIST_NA12878_HG001_HiSeq_300x/131219_D00360_006_AH81VLADXX/Project_RM8398/Sample_U5a/U5a_AGTCAA_L001_R1_005.fastq.gz	516462738
data/NA12878/NIST_NA12878_HG001_HiSeq_300x/131219_D00360_006_AH81VLADXX/Project_RM8398/Sample_U5a/U5a_AGTCAA_L001_R1_006.fastq.gz	508586382
data/NA12878/NIST_NA12878_HG001_HiSeq_300x/131219_D00360_006_AH81VLADXX/Project_RM8398/Sample_U5a/U5a_AGTCAA_L001_R1_007.fastq.gz	192000033
data/NA12878/NIST_NA12878_HG001_HiSeq_300x/131219_D00360_006_AH81VLADXX/Project_RM8398/Sample_U5a/U5a_AGTCAA_L001_R2_001.fastq.gz	551256958
data/NA12878/NIST_NA12878_HG001_HiSeq_300x/131219_D00360_006_AH81VLADXX/Project_RM8398/Sample_U5a/U5a_AGTCAA_L001_R2_002.fastq.gz	552285329
data/NA12878/NIST_NA12878_HG001_HiSeq_300x/131219_D00360_006_AH81VLADXX/Project_RM8398/Sample_U5a/U5a_AGTCAA_L001_R2_003.fastq.gz	550866763
data/NA12878/NIST_NA12878_HG001_HiSeq_300x/131219_D00360_006_AH81VLADXX/Project_RM8398/Sample_U5a/U5a_AGTCAA_L001_R2_004.fastq.gz	548450031
data/NA12878/NIST_NA12878_HG001_HiSeq_300x/131219_D00360_006_AH81VLADXX/Project_RM8398/Sample_U5a/U5a_AGTCAA_L001_R2_005.fastq.gz	548825152
data/NA12878/NIST_NA12878_HG001_HiSeq_300x/131219_D00360_006_AH81VLADXX/Project_RM8398/Sample_U5a/U5a_AGTCAA_L001_R2_006.fastq.gz	543491597
data/NA12878/NIST_NA12878_HG001_HiSeq_300x/131219_D00360_006_AH81VLADXX/Project_RM8398/Sample_U5a/U5a_AGTCAA_L001_R2_007.fastq.gz	202231537
data/NA12878/NIST_NA12878_HG001_HiSeq_300x/131219_D00360_006_AH81VLADXX/Project_RM8398/Sample_U5a/U5a_AGTCAA_L002_R1_001.fastq.gz	509927104
data/NA12878/NIST_NA12878_HG001_HiSeq_300x/131219_D00360_006_AH81VLADXX/Project_RM8398/Sample_U5a/U5a_AGTCAA_L002_R1_002.fastq.gz	519040578
data/NA12878/NIST_NA12878_HG001_HiSeq_300x/131219_D00360_006_AH81VLADXX/Project_RM8398/Sample_U5a/U5a_AGTCAA_L002_R1_003.fastq.gz	519116886
data/NA12878/NIST_NA12878_HG001_HiSeq_300x/131219_D00360_006_AH81VLADXX/Project_RM8398/Sample_U5a/U5a_AGTCAA_L002_R1_004.fastq.gz	510143665
data/NA12878/NIST_NA12878_HG001_HiSeq_300x/131219_D00360_006_AH81VLADXX/Project_RM8398/Sample_U5a/U5a_AGTCAA_L002_R1_005.fastq.gz	520059201
data/NA12878/NIST_NA12878_HG001_HiSeq_300x/131219_D00360_006_AH81VLADXX/Project_RM8398/Sample_U5a/U5a_AGTCAA_L002_R1_006.fastq.gz	510133914
data/NA12878/NIST_NA12878_HG001_HiSeq_300x/131219_D00360_006_AH81VLADXX/Project_RM8398/Sample_U5a/U5a_AGTCAA_L002_R1_007.fastq.gz	254238441
data/NA12878/NIST_NA12878_HG001_HiSeq_300x/131219_D00360_006_AH81VLADXX/Project_RM8398/Sample_U5a/U5a_AGTCAA_L002_R2_001.fastq.gz	546404483
data/NA12878/NIST_NA12878_HG001_HiSeq_300x/131219_D00360_006_AH81VLADXX/Project_RM8398/Sample_U5a/U5a_AGTCAA_L002_R2_002.fastq.gz	551967676
data/NA12878/NIST_NA12878_HG001_HiSeq_300x/131219_D00360_006_AH81VLADXX/Project_RM8398/Sample_U5a/U5a_AGTCAA_L002_R2_003.fastq.gz	551428106
data/NA12878/NIST_NA12878_HG001_HiSeq_300x/131219_D00360_006_AH81VLADXX/Project_RM8398/Sample_U5a/U5a_AGTCAA_L002_R2_004.fastq.gz	545407624
data/NA12878/NIST_NA12878_HG001_HiSeq_300x/131219_D00360_006_AH81VLADXX/Project_RM8398/Sample_U5a/U5a_AGTCAA_L002_R2_005.fastq.gz	552051314
data/NA12878/NIST_NA12878_HG001_HiSeq_300x/131219_D00360_006_AH81VLADXX/Project_RM8398/Sample_U5a/U5a_AGTCAA_L002_R2_006.fastq.gz	545321854
data/NA12878/NIST_NA12878_HG001_HiSeq_300x/131219_D00360_006_AH81VLADXX/Project_RM8398/Sample_U5a/U5a_AGTCAA_L002_R2_007.fastq.gz	268559869
data/NA12878/NIST_NA12878_HG001_HiSeq_300x/131219_D00360_006_AH81VLADXX/Project_RM8398/Sample_U5b/SampleSheet.csv	157
data/NA12878/NIST_NA12878_HG001_HiSeq_300x/131219_D00360_006_AH81VLADXX/Project_RM8398/Sample_U5b/U5b_AGTTCC_L001_R1_001.fastq.gz	509637475
data/NA12878/NIST_NA12878_HG001_HiSeq_300x/131219_D00360_006_AH81VLADXX/Project_RM8398/Sample_U5b/U5b_AGTTCC_L001_R1_002.fastq.gz	509008056
data/NA12878/NIST_NA12878_HG001_HiSeq_300x/131219_D00360_006_AH81VLADXX/Project_RM8398/Sample_U5b/U5b_AGTTCC_L001_R1_003.fastq.gz	513964560
data/NA12878/NIST_NA12878_HG001_HiSeq_300x/131219_D00360_006_AH81VLADXX/Project_RM8398/Sample_U5b/U5b_AGTTCC_L001_R1_004.fastq.gz	509107119
data/NA12878/NIST_NA12878_HG001_HiSeq_300x/131219_D00360_006_AH81VLADXX/Project_RM8398/Sample_U5b/U5b_AGTTCC_L001_R1_005.fastq.gz	500764706
data/NA12878/NIST_NA12878_HG001_HiSeq_300x/131219_D00360_006_AH81VLADXX/Project_RM8398/Sample_U5b/U5b_AGTTCC_L001_R1_006.fastq.gz	286795158
data/NA12878/NIST_NA12878_HG001_HiSeq_300x/131219_D00360_006_AH81VLADXX/Project_RM8398/Sample_U5b/U5b_AGTTCC_L001_R2_001.fastq.gz	541485140
data/NA12878/NIST_NA12878_HG001_HiSeq_300x/131219_D00360_006_AH81VLADXX/Project_RM8398/Sample_U5b/U5b_AGTTCC_L001_R2_002.fastq.gz	539851490
data/NA12878/NIST_NA12878_HG001_HiSeq_300x/131219_D00360_006_AH81VLADXX/Project_RM8398/Sample_U5b/U5b_AGTTCC_L001_R2_003.fastq.gz	542024326
data/NA12878/NIST_NA12878_HG001_HiSeq_300x/131219_D00360_006_AH81VLADXX/Project_RM8398/Sample_U5b/U5b_AGTTCC_L001_R2_004.fastq.gz	538510782
data/NA12878/NIST_NA12878_HG001_HiSeq_300x/131219_D00360_006_AH81VLADXX/Project_RM8398/Sample_U5b/U5b_AGTTCC_L001_R2_005.fastq.gz	532078744
data/NA12878/NIST_NA12878_HG001_HiSeq_300x/131219_D00360_006_AH81VLADXX/Project_RM8398/Sample_U5b/U5b_AGTTCC_L001_R2_006.fastq.gz	300513831
data/NA12878/NIST_NA12878_HG001_HiSeq_300x/131219_D00360_006_AH81VLADXX/Project_RM8398/Sample_U5b/U5b_AGTTCC_L002_R1_001.fastq.gz	505204159
data/NA12878/NIST_NA12878_HG001_HiSeq_300x/131219_D00360_006_AH81VLADXX/Project_RM8398/Sample_U5b/U5b_AGTTCC_L002_R1_002.fastq.gz	509648346
data/NA12878/NIST_NA12878_HG001_HiSeq_300x/131219_D00360_006_AH81VLADXX/Project_RM8398/Sample_U5b/U5b_AGTTCC_L002_R1_003.fastq.gz	513370845
data/NA12878/NIST_NA12878_HG001_HiSeq_300x/131219_D00360_006_AH81VLADXX/Project_RM8398/Sample_U5b/U5b_AGTTCC_L002_R1_004.fastq.gz	507635071
data/NA12878/NIST_NA12878_HG001_HiSeq_300x/131219_D00360_006_AH81VLADXX/Project_RM8398/Sample_U5b/U5b_AGTTCC_L002_R1_005.fastq.gz	504771698
data/NA12878/NIST_NA12878_HG001_HiSeq_300x/131219_D00360_006_AH81VLADXX/Project_RM8398/Sample_U5b/U5b_AGTTCC_L002_R1_006.fastq.gz	344118822
data/NA12878/NIST_NA12878_HG001_HiSeq_300x/131219_D00360_006_AH81VLADXX/Project_RM8398/Sample_U5b/U5b_AGTTCC_L002_R2_001.fastq.gz	537437940
data/NA12878/NIST_NA12878_HG001_HiSeq_300x/131219_D00360_006_AH81VLADXX/Project_RM8398/Sample_U5b/U5b_AGTTCC_L002_R2_002.fastq.gz	539208961
data/NA12878/NIST_NA12878_HG001_HiSeq_300x/131219_D00360_006_AH81VLADXX/Project_RM8398/Sample_U5b/U5b_AGTTCC_L002_R2_003.fastq.gz	541327295
data/NA12878/NIST_NA12878_HG001_HiSeq_300x/131219_D00360_006_AH81VLADXX/Project_RM8398/Sample_U5b/U5b_AGTTCC_L002_R2_004.fastq.gz	537604567
data/NA12878/NIST_NA12878_HG001_HiSeq_300x/131219_D00360_006_AH81VLADXX/Project_RM8398/Sample_U5b/U5b_AGTTCC_L002_R2_005.fastq.gz	535064494
data/NA12878/NIST_NA12878_HG001_HiSeq_300x/131219_D00360_006_AH81VLADXX/Project_RM8398/Sample_U5b/U5b_AGTTCC_L002_R2_006.fastq.gz	361409445
data/NA12878/NIST_NA12878_HG001_HiSeq_300x/131219_D00360_006_AH81VLADXX/Project_RM8398/Sample_U5c/SampleSheet.csv	157
data/NA12878/NIST_NA12878_HG001_HiSeq_300x/131219_D00360_006_AH81VLADXX/Project_RM8398/Sample_U5c/U5c_CCGTCC_L001_R1_001.fastq.gz	517953123
data/NA12878/NIST_NA12878_HG001_HiSeq_300x/131219_D00360_006_AH81VLADXX/Project_RM8398/Sample_U5c/U5c_CCGTCC_L001_R1_002.fastq.gz	520630096
data/NA12878/NIST_NA12878_HG001_HiSeq_300x/131219_D00360_006_AH81VLADXX/Project_RM8398/Sample_U5c/U5c_CCGTCC_L001_R1_003.fastq.gz	522149155
data/NA12878/NIST_NA12878_HG001_HiSeq_300x/131219_D00360_006_AH81VLADXX/Project_RM8398/Sample_U5c/U5c_CCGTCC_L001_R1_004.fastq.gz	515849175
data/NA12878/NIST_NA12878_HG001_HiSeq_300x/131219_D00360_006_AH81VLADXX/Project_RM8398/Sample_U5c/U5c_CCGTCC_L001_R1_005.fastq.gz	518867930
data/NA12878/NIST_NA12878_HG001_HiSeq_300x/131219_D00360_006_AH81VLADXX/Project_RM8398/Sample_U5c/U5c_CCGTCC_L001_R1_006.fastq.gz	513246440
data/NA12878/NIST_NA12878_HG001_HiSeq_300x/131219_D00360_006_AH81VLADXX/Project_RM8398/Sample_U5c/U5c_CCGTCC_L001_R1_007.fastq.gz	153545360
data/NA12878/NIST_NA12878_HG001_HiSeq_300x/131219_D00360_006_AH81VLADXX/Project_RM8398/Sample_U5c/U5c_CCGTCC_L001_R2_001.fastq.gz	556521672
data/NA12878/NIST_NA12878_HG001_HiSeq_300x/131219_D00360_006_AH81VLADXX/Project_RM8398/Sample_U5c/U5c_CCGTCC_L001_R2_002.fastq.gz	556968835
data/NA12878/NIST_NA12878_HG001_HiSeq_300x/131219_D00360_006_AH81VLADXX/Project_RM8398/Sample_U5c/U5c_CCGTCC_L001_R2_003.fastq.gz	556449581
data/NA12878/NIST_NA12878_HG001_HiSeq_300x/131219_D00360_006_AH81VLADXX/Project_RM8398/Sample_U5c/U5c_CCGTCC_L001_R2_004.fastq.gz	553202348
data/NA12878/NIST_NA12878_HG001_HiSeq_300x/131219_D00360_006_AH81VLADXX/Project_RM8398/Sample_U5c/U5c_CCGTCC_L001_R2_005.fastq.gz	553384905
data/NA12878/NIST_NA12878_HG001_HiSeq_300x/131219_D00360_006_AH81VLADXX/Project_RM8398/Sample_U5c/U5c_CCGTCC_L001_R2_006.fastq.gz	549643877
data/NA12878/NIST_NA12878_HG001_HiSeq_300x/131219_D00360_006_AH81VLADXX/Project_RM8398/Sample_U5c/U5c_CCGTCC_L001_R2_007.fastq.gz	161629524
data/NA12878/NIST_NA12878_HG001_HiSeq_300x/131219_D00360_006_AH81VLADXX/Project_RM8398/Sample_U5c/U5c_CCGTCC_L002_R1_001.fastq.gz	512853747
data/NA12878/NIST_NA12878_HG001_HiSeq_300x/131219_D00360_006_AH81VLADXX/Project_RM8398/Sample_U5c/U5c_CCGTCC_L002_R1_002.fastq.gz	521726329
data/NA12878/NIST_NA12878_HG001_HiSeq_300x/131219_D00360_006_AH81VLADXX/Project_RM8398/Sample_U5c/U5c_CCGTCC_L002_R1_003.fastq.gz	523339305
data/NA12878/NIST_NA12878_HG001_HiSeq_300x/131219_D00360_006_AH81VLADXX/Project_RM8398/Sample_U5c/U5c_CCGTCC_L002_R1_004.fastq.gz	512278974
data/NA12878/NIST_NA12878_HG001_HiSeq_300x/131219_D00360_006_AH81VLADXX/Project_RM8398/Sample_U5c/U5c_CCGTCC_L002_R1_005.fastq.gz	522214656
data/NA12878/NIST_NA12878_HG001_HiSeq_300x/131219_D00360_006_AH81VLADXX/Project_RM8398/Sample_U5c/U5c_CCGTCC_L002_R1_006.fastq.gz	515640487
data/NA12878/NIST_NA12878_HG001_HiSeq_300x/131219_D00360_006_AH81VLADXX/Project_RM8398/Sample_U5c/U5c_CCGTCC_L002_R1_007.fastq.gz	194348689
data/NA12878/NIST_NA12878_HG001_HiSeq_300x/131219_D00360_006_AH81VLADXX/Project_RM8398/Sample_U5c/U5c_CCGTCC_L002_R2_001.fastq.gz	552052594
data/NA12878/NIST_NA12878_HG001_HiSeq_300x/131219_D00360_006_AH81VLADXX/Project_RM8398/Sample_U5c/U5c_CCGTCC_L002_R2_002.fastq.gz	557064089
data/NA12878/NIST_NA12878_HG001_HiSeq_300x/131219_D00360_006_AH81VLADXX/Project_RM8398/Sample_U5c/U5c_CCGTCC_L002_R2_003.fastq.gz	557394597
data/NA12878/NIST_NA12878_HG001_HiSeq_300x/131219_D00360_006_AH81VLADXX/Project_RM8398/Sample_U5c/U5c_CCGTCC_L002_R2_004.fastq.gz	550264536
data/NA12878/NIST_NA12878_HG001_HiSeq_300x/131219_D00360_006_AH81VLADXX/Project_RM8398/Sample_U5c/U5c_CCGTCC_L002_R2_005.fastq.gz	556192239
data/NA12878/NIST_NA12878_HG001_HiSeq_300x/131219_D00360_006_AH81VLADXX/Project_RM8398/Sample_U5c/U5c_CCGTCC_L002_R2_006.fastq.gz	552488963
data/NA12878/NIST_NA12878_HG001_HiSeq_300x/131219_D00360_006_AH81VLADXX/Project_RM8398/Sample_U5c/U5c_CCGTCC_L002_R2_007.fastq.gz	205520301
data/NA12878/NIST_NA12878_HG001_HiSeq_300x/131223_D00360_007_BH88WKADXX/Project_RM8398/Sample_U0a/SampleSheet.csv	157
data/NA12878/NIST_NA12878_HG001_HiSeq_300x/131223_D00360_007_BH88WKADXX/Project_RM8398/Sample_U0a/U0a_CGATGT_L001_R1_001.fastq.gz	494479021
data/NA12878/NIST_NA12878_HG001_HiSeq_300x/131223_D00360_007_BH88WKADXX/Project_RM8398/Sample_U0a/U0a_CGATGT_L001_R1_002.fastq.gz	496358269
data/NA12878/NIST_NA12878_HG001_HiSeq_300x/131223_D00360_007_BH88WKADXX/Project_RM8398/Sample_U0a/U0a_CGATGT_L001_R1_003.fastq.gz	493634778
data/NA12878/NIST_NA12878_HG001_HiSeq_300x/131223_D00360_007_BH88WKADXX/Project_RM8398/Sample_U0a/U0a_CGATGT_L001_R1_004.fastq.gz	495321186
data/NA12878/NIST_NA12878_HG001_HiSeq_300x/131223_D00360_007_BH88WKADXX/Project_RM8398/Sample_U0a/U0a_CGATGT_L001_R1_005.fastq.gz	373307154
data/NA12878/NIST_NA12878_HG001_HiSeq_300x/131223_D00360_007_BH88WKADXX/Project_RM8398/Sample_U0a/U0a_CGATGT_L001_R2_001.fastq.gz	538442157
data/NA12878/NIST_NA12878_HG001_HiSeq_300x/131223_D00360_007_BH88WKADXX/Project_RM8398/Sample_U0a/U0a_CGATGT_L001_R2_002.fastq.gz	540914080
data/NA12878/NIST_NA12878_HG001_HiSeq_300x/131223_D00360_007_BH88WKADXX/Project_RM8398/Sample_U0a/U0a_CGATGT_L001_R2_003.fastq.gz	536629666
data/NA12878/NIST_NA12878_HG001_HiSeq_300x/131223_D00360_007_BH88WKADXX/Project_RM8398/Sample_U0a/U0a_CGATGT_L001_R2_004.fastq.gz	537142456
data/NA12878/NIST_NA12878_HG001_HiSeq_300x/131223_D00360_007_BH88WKADXX/Project_RM8398/Sample_U0a/U0a_CGATGT_L001_R2_005.fastq.gz	405327978
data/NA12878/NIST_NA12878_HG001_HiSeq_300x/131223_D00360_007_BH88WKADXX/Project_RM8398/Sample_U0a/U0a_CGATGT_L002_R1_001.fastq.gz	497318685
data/NA12878/NIST_NA12878_HG001_HiSeq_300x/131223_D00360_007_BH88WKADXX/Project_RM8398/Sample_U0a/U0a_CGATGT_L002_R1_002.fastq.gz	495458427
data/NA12878/NIST_NA12878_HG001_HiSeq_300x/131223_D00360_007_BH88WKADXX/Project_RM8398/Sample_U0a/U0a_CGATGT_L002_R1_003.fastq.gz	496419528
data/NA12878/NIST_NA12878_HG001_HiSeq_300x/131223_D00360_007_BH88WKADXX/Project_RM8398/Sample_U0a/U0a_CGATGT_L002_R1_004.fastq.gz	495972623
data/NA12878/NIST_NA12878_HG001_HiSeq_300x/131223_D00360_007_BH88WKADXX/Project_RM8398/Sample_U0a/U0a_CGATGT_L002_R1_005.fastq.gz	347785959
data/NA12878/NIST_NA12878_HG001_HiSeq_300x/131223_D00360_007_BH88WKADXX/Project_RM8398/Sample_U0a/U0a_CGATGT_L002_R2_001.fastq.gz	540177845
data/NA12878/NIST_NA12878_HG001_HiSeq_300x/131223_D00360_007_BH88WKADXX/Project_RM8398/Sample_U0a/U0a_CGATGT_L002_R2_002.fastq.gz	540222417
data/NA12878/NIST_NA12878_HG001_HiSeq_300x/131223_D00360_007_BH88WKADXX/Project_RM8398/Sample_U0a/U0a_CGATGT_L002_R2_003.fastq.gz	538225530
data/NA12878/NIST_NA12878_HG001_HiSeq_300x/131223_D00360_007_BH88WKADXX/Project_RM8398/Sample_U0a/U0a_CGATGT_L002_R2_004.fastq.gz	537782136
data/NA12878/NIST_NA12878_HG001_HiSeq_300x/131223_D00360_007_BH88WKADXX/Project_RM8398/Sample_U0a/U0a_CGATGT_L002_R2_005.fastq.gz	375793022
data/NA12878/NIST_NA12878_HG001_HiSeq_300x/131223_D00360_007_BH88WKADXX/Project_RM8398/Sample_U0b/SampleSheet.csv	157
data/NA12878/NIST_NA12878_HG001_HiSeq_300x/131223_D00360_007_BH88WKADXX/Project_RM8398/Sample_U0b/U0b_TGACCA_L001_R1_001.fastq.gz	497947406
data/NA12878/NIST_NA12878_HG001_HiSeq_300x/131223_D00360_007_BH88WKADXX/Project_RM8398/Sample_U0b/U0b_TGACCA_L001_R1_002.fastq.gz	499940576
data/NA12878/NIST_NA12878_HG001_HiSeq_300x/131223_D00360_007_BH88WKADXX/Project_RM8398/Sample_U0b/U0b_TGACCA_L001_R1_003.fastq.gz	497325342
data/NA12878/NIST_NA12878_HG001_HiSeq_300x/131223_D00360_007_BH88WKADXX/Project_RM8398/Sample_U0b/U0b_TGACCA_L001_R1_004.fastq.gz	499132368
data/NA12878/NIST_NA12878_HG001_HiSeq_300x/131223_D00360_007_BH88WKADXX/Project_RM8398/Sample_U0b/U0b_TGACCA_L001_R1_005.fastq.gz	472244337
data/NA12878/NIST_NA12878_HG001_HiSeq_300x/131223_D00360_007_BH88WKADXX/Project_RM8398/Sample_U0b/U0b_TGACCA_L001_R2_001.fastq.gz	528191553
data/NA12878/NIST_NA12878_HG001_HiSeq_300x/131223_D00360_007_BH88WKADXX/Project_RM8398/Sample_U0b/U0b_TGACCA_L001_R2_002.fastq.gz	530657913
data/NA12878/NIST_NA12878_HG001_HiSeq_300x/131223_D00360_007_BH88WKADXX/Project_RM8398/Sample_U0b/U0b_TGACCA_L001_R2_003.fastq.gz	527115010
data/NA12878/NIST_NA12878_HG001_HiSeq_300x/131223_D00360_007_BH88WKADXX/Project_RM8398/Sample_U0b/U0b_TGACCA_L001_R2_004.fastq.gz	527511033
data/NA12878/NIST_NA12878_HG001_HiSeq_300x/131223_D00360_007_BH88WKADXX/Project_RM8398/Sample_U0b/U0b_TGACCA_L001_R2_005.fastq.gz	501050077
data/NA12878/NIST_NA12878_HG001_HiSeq_300x/131223_D00360_007_BH88WKADXX/Project_RM8398/Sample_U0b/U0b_TGACCA_L002_R1_001.fastq.gz	500404398
data/NA12878/NIST_NA12878_HG001_HiSeq_300x/131223_D00360_007_BH88WKADXX/Project_RM8398/Sample_U0b/U0b_TGACCA_L002_R1_002.fastq.gz	499732870
data/NA12878/NIST_NA12878_HG001_HiSeq_300x/131223_D00360_007_BH88WKADXX/Project_RM8398/Sample_U0b/U0b_TGACCA_L002_R1_003.fastq.gz	499662923
data/NA12878/NIST_NA12878_HG001_HiSeq_300x/131223_D00360_007_BH88WKADXX/Project_RM8398/Sample_U0b/U0b_TGACCA_L002_R1_004.fastq.gz	500634781
data/NA12878/NIST_NA12878_HG001_HiSeq_300x/131223_D00360_007_BH88WKADXX/Project_RM8398/Sample_U0b/U0b_TGACCA_L002_R1_005.fastq.gz	435046531
data/NA12878/NIST_NA12878_HG001_HiSeq_300x/131223_D00360_007_BH88WKADXX/Project_RM8398/Sample_U0b/U0b_TGACCA_L002_R2_001.fastq.gz	530286862
data/NA12878/NIST_NA12878_HG001_HiSeq_300x/131223_D00360_007_BH88WKADXX/Project_RM8398/Sample_U0b/U0b_TGACCA_L002_R2_002.fastq.gz	530955789
data/NA12878/NIST_NA12878_HG001_HiSeq_300x/131223_D00360_007_BH88WKADXX/Project_RM8398/Sample_U0b/U0b_TGACCA_L002_R2_003.fastq.gz	528867864
data/NA12878/NIST_NA12878_HG001_HiSeq_300x/131223_D00360_007_BH88WKADXX/Project_RM8398/Sample_U0b/U0b_TGACCA_L002_R2_004.fastq.gz	528490637
data/NA12878/NIST_NA12878_HG001_HiSeq_300x/131223_D00360_007_BH88WKADXX/Project_RM8398/Sample_U0b/U0b_TGACCA_L002_R2_005.fastq.gz	460046253
data/NA12878/NIST_NA12878_HG001_HiSeq_300x/131223_D00360_007_BH88WKADXX/Project_RM8398/Sample_U0c/SampleSheet.csv	157
data/NA12878/NIST_NA12878_HG001_HiSeq_300x/131223_D00360_007_BH88WKADXX/Project_RM8398/Sample_U0c/U0c_CAGATC_L001_R1_001.fastq.gz	504358378
data/NA12878/NIST_NA12878_HG001_HiSeq_300x/131223_D00360_007_BH88WKADXX/Project_RM8398/Sample_U0c/U0c_CAGATC_L001_R1_002.fastq.gz	506991213
data/NA12878/NIST_NA12878_HG001_HiSeq_300x/131223_D00360_007_BH88WKADXX/Project_RM8398/Sample_U0c/U0c_CAGATC_L001_R1_003.fastq.gz	504875289
data/NA12878/NIST_NA12878_HG001_HiSeq_300x/131223_D00360_007_BH88WKADXX/Project_RM8398/Sample_U0c/U0c_CAGATC_L001_R1_004.fastq.gz	506577673
data/NA12878/NIST_NA12878_HG001_HiSeq_300x/131223_D00360_007_BH88WKADXX/Project_RM8398/Sample_U0c/U0c_CAGATC_L001_R1_005.fastq.gz	503204479
data/NA12878/NIST_NA12878_HG001_HiSeq_300x/131223_D00360_007_BH88WKADXX/Project_RM8398/Sample_U0c/U0c_CAGATC_L001_R1_006.fastq.gz	69452348
data/NA12878/NIST_NA12878_HG001_HiSeq_300x/131223_D00360_007_BH88WKADXX/Project_RM8398/Sample_U0c/U0c_CAGATC_L001_R2_001.fastq.gz	542780617
data/NA12878/NIST_NA12878_HG001_HiSeq_300x/131223_D00360_007_BH88WKADXX/Project_RM8398/Sample_U0c/U0c_CAGATC_L001_R2_002.fastq.gz	545407713
data/NA12878/NIST_NA12878_HG001_HiSeq_300x/131223_D00360_007_BH88WKADXX/Project_RM8398/Sample_U0c/U0c_CAGATC_L001_R2_003.fastq.gz	542090742
data/NA12878/NIST_NA12878_HG001_HiSeq_300x/131223_D00360_007_BH88WKADXX/Project_RM8398/Sample_U0c/U0c_CAGATC_L001_R2_004.fastq.gz	542259691
data/NA12878/NIST_NA12878_HG001_HiSeq_300x/131223_D00360_007_BH88WKADXX/Project_RM8398/Sample_U0c/U0c_CAGATC_L001_R2_005.fastq.gz	542569048
data/NA12878/NIST_NA12878_HG001_HiSeq_300x/131223_D00360_007_BH88WKADXX/Project_RM8398/Sample_U0c/U0c_CAGATC_L001_R2_006.fastq.gz	73914865
data/NA12878/NIST_NA12878_HG001_HiSeq_300x/131223_D00360_007_BH88WKADXX/Project_RM8398/Sample_U0c/U0c_CAGATC_L002_R1_001.fastq.gz	506769459
data/NA12878/NIST_NA12878_HG001_HiSeq_300x/131223_D00360_007_BH88WKADXX/Project_RM8398/Sample_U0c/U0c_CAGATC_L002_R1_002.fastq.gz	506863340
data/NA12878/NIST_NA12878_HG001_HiSeq_300x/131223_D00360_007_BH88WKADXX/Project_RM8398/Sample_U0c/U0c_CAGATC_L002_R1_003.fastq.gz	506441023
data/NA12878/NIST_NA12878_HG001_HiSeq_300x/131223_D00360_007_BH88WKADXX/Project_RM8398/Sample_U0c/U0c_CAGATC_L002_R1_004.fastq.gz	508815956
data/NA12878/NIST_NA12878_HG001_HiSeq_300x/131223_D00360_007_BH88WKADXX/Project_RM8398/Sample_U0c/U0c_CAGATC_L002_R1_005.fastq.gz	502854289
data/NA12878/NIST_NA12878_HG001_HiSeq_300x/131223_D00360_007_BH88WKADXX/Project_RM8398/Sample_U0c/U0c_CAGATC_L002_R1_006.fastq.gz	29956695
data/NA12878/NIST_NA12878_HG001_HiSeq_300x/131223_D00360_007_BH88WKADXX/Project_RM8398/Sample_U0c/U0c_CAGATC_L002_R2_001.fastq.gz	544391728
data/NA12878/NIST_NA12878_HG001_HiSeq_300x/131223_D00360_007_BH88WKADXX/Project_RM8398/Sample_U0c/U0c_CAGATC_L002_R2_002.fastq.gz	545407011
data/NA12878/NIST_NA12878_HG001_HiSeq_300x/131223_D00360_007_BH88WKADXX/Project_RM8398/Sample_U0c/U0c_CAGATC_L002_R2_003.fastq.gz	543219512
data/NA12878/NIST_NA12878_HG001_HiSeq_300x/131223_D00360_007_BH88WKADXX/Project_RM8398/Sample_U0c/U0c_CAGATC_L002_R2_004.fastq.gz	543334548
data/NA12878/NIST_NA12878_HG001_HiSeq_300x/131223_D00360_007_BH88WKADXX/Project_RM8398/Sample_U0c/U0c_CAGATC_L002_R2_005.fastq.gz	540591827
data/NA12878/NIST_NA12878_HG001_HiSeq_300x/131223_D00360_007_BH88WKADXX/Project_RM8398/Sample_U0c/U0c_CAGATC_L002_R2_006.fastq.gz	31629551
data/NA12878/NIST_NA12878_HG001_HiSeq_300x/131223_D00360_007_BH88WKADXX/Project_RM8398/Sample_U5a/SampleSheet.csv	157
data/NA12878/NIST_NA12878_HG001_HiSeq_300x/131223_D00360_007_BH88WKADXX/Project_RM8398/Sample_U5a/U5a_AGTCAA_L001_R1_001.fastq.gz	499701522
data/NA12878/NIST_NA12878_HG001_HiSeq_300x/131223_D00360_007_BH88WKADXX/Project_RM8398/Sample_U5a/U5a_AGTCAA_L001_R1_002.fastq.gz	505450613
data/NA12878/NIST_NA12878_HG001_HiSeq_300x/131223_D00360_007_BH88WKADXX/Project_RM8398/Sample_U5a/U5a_AGTCAA_L001_R1_003.fastq.gz	506204312
data/NA12878/NIST_NA12878_HG001_HiSeq_300x/131223_D00360_007_BH88WKADXX/Project_RM8398/Sample_U5a/U5a_AGTCAA_L001_R1_004.fastq.gz	496015248
data/NA12878/NIST_NA12878_HG001_HiSeq_300x/131223_D00360_007_BH88WKADXX/Project_RM8398/Sample_U5a/U5a_AGTCAA_L001_R1_005.fastq.gz	502021459
data/NA12878/NIST_NA12878_HG001_HiSeq_300x/131223_D00360_007_BH88WKADXX/Project_RM8398/Sample_U5a/U5a_AGTCAA_L001_R1_006.fastq.gz	491934844
data/NA12878/NIST_NA12878_HG001_HiSeq_300x/131223_D00360_007_BH88WKADXX/Project_RM8398/Sample_U5a/U5a_AGTCAA_L001_R2_001.fastq.gz	535272097
data/NA12878/NIST_NA12878_HG001_HiSeq_300x/131223_D00360_007_BH88WKADXX/Project_RM8398/Sample_U5a/U5a_AGTCAA_L001_R2_002.fastq.gz	539172263
data/NA12878/NIST_NA12878_HG001_HiSeq_300x/131223_D00360_007_BH88WKADXX/Project_RM8398/Sample_U5a/U5a_AGTCAA_L001_R2_003.fastq.gz	541197382
data/NA12878/NIST_NA12878_HG001_HiSeq_300x/131223_D00360_007_BH88WKADXX/Project_RM8398/Sample_U5a/U5a_AGTCAA_L001_R2_004.fastq.gz	531421512
data/NA12878/NIST_NA12878_HG001_HiSeq_300x/131223_D00360_007_BH88WKADXX/Project_RM8398/Sample_U5a/U5a_AGTCAA_L001_R2_005.fastq.gz	535184807
data/NA12878/NIST_NA12878_HG001_HiSeq_300x/131223_D00360_007_BH88WKADXX/Project_RM8398/Sample_U5a/U5a_AGTCAA_L001_R2_006.fastq.gz	525976562
data/NA12878/NIST_NA12878_HG001_HiSeq_300x/131223_D00360_007_BH88WKADXX/Project_RM8398/Sample_U5a/U5a_AGTCAA_L002_R1_001.fastq.gz	502197284
data/NA12878/NIST_NA12878_HG001_HiSeq_300x/131223_D00360_007_BH88WKADXX/Project_RM8398/Sample_U5a/U5a_AGTCAA_L002_R1_002.fastq.gz	506334739
data/NA12878/NIST_NA12878_HG001_HiSeq_300x/131223_D00360_007_BH88WKADXX/Project_RM8398/Sample_U5a/U5a_AGTCAA_L002_R1_003.fastq.gz	506064373
data/NA12878/NIST_NA12878_HG001_HiSeq_300x/131223_D00360_007_BH88WKADXX/Project_RM8398/Sample_U5a/U5a_AGTCAA_L002_R1_004.fastq.gz	499859208
data/NA12878/NIST_NA12878_HG001_HiSeq_300x/131223_D00360_007_BH88WKADXX/Project_RM8398/Sample_U5a/U5a_AGTCAA_L002_R1_005.fastq.gz	501745885
data/NA12878/NIST_NA12878_HG001_HiSeq_300x/131223_D00360_007_BH88WKADXX/Project_RM8398/Sample_U5a/U5a_AGTCAA_L002_R1_006.fastq.gz	450991085
data/NA12878/NIST_NA12878_HG001_HiSeq_300x/131223_D00360_007_BH88WKADXX/Project_RM8398/Sample_U5a/U5a_AGTCAA_L002_R2_001.fastq.gz	536605729
data/NA12878/NIST_NA12878_HG001_HiSeq_300x/131223_D00360_007_BH88WKADXX/Project_RM8398/Sample_U5a/U5a_AGTCAA_L002_R2_002.fastq.gz	540734872
data/NA12878/NIST_NA12878_HG001_HiSeq_300x/131223_D00360_007_BH88WKADXX/Project_RM8398/Sample_U5a/U5a_AGTCAA_L002_R2_003.fastq.gz	540578952
data/NA12878/NIST_NA12878_HG001_HiSeq_300x/131223_D00360_007_BH88WKADXX/Project_RM8398/Sample_U5a/U5a_AGTCAA_L002_R2_004.fastq.gz	533294995
data/NA12878/NIST_NA12878_HG001_HiSeq_300x/131223_D00360_007_BH88WKADXX/Project_RM8398/Sample_U5a/U5a_AGTCAA_L002_R2_005.fastq.gz	535479343
data/NA12878/NIST_NA12878_HG001_HiSeq_300x/131223_D00360_007_BH88WKADXX/Project_RM8398/Sample_U5a/U5a_AGTCAA_L002_R2_006.fastq.gz	479994570
data/NA12878/NIST_NA12878_HG001_HiSeq_300x/131223_D00360_007_BH88WKADXX/Project_RM8398/Sample_U5b/SampleSheet.csv	157
data/NA12878/NIST_NA12878_HG001_HiSeq_300x/131223_D00360_007_BH88WKADXX/Project_RM8398/Sample_U5b/U5b_AGTTCC_L001_R1_001.fastq.gz	493654067
data/NA12878/NIST_NA12878_HG001_HiSeq_300x/131223_D00360_007_BH88WKADXX/Project_RM8398/Sample_U5b/U5b_AGTTCC_L001_R1_002.fastq.gz	497013272
data/NA12878/NIST_NA12878_HG001_HiSeq_300x/131223_D00360_007_BH88WKADXX/Project_RM8398/Sample_U5b/U5b_AGTTCC_L001_R1_003.fastq.gz	495894173
data/NA12878/NIST_NA12878_HG001_HiSeq_300x/131223_D00360_007_BH88WKADXX/Project_RM8398/Sample_U5b/U5b_AGTTCC_L001_R1_004.fastq.gz	496823433
data/NA12878/NIST_NA12878_HG001_HiSeq_300x/131223_D00360_007_BH88WKADXX/Project_RM8398/Sample_U5b/U5b_AGTTCC_L001_R1_005.fastq.gz	490560076
data/NA12878/NIST_NA12878_HG001_HiSeq_300x/131223_D00360_007_BH88WKADXX/Project_RM8398/Sample_U5b/U5b_AGTTCC_L001_R1_006.fastq.gz	178286068
data/NA12878/NIST_NA12878_HG001_HiSeq_300x/131223_D00360_007_BH88WKADXX/Project_RM8398/Sample_U5b/U5b_AGTTCC_L001_R2_001.fastq.gz	522869877
data/NA12878/NIST_NA12878_HG001_HiSeq_300x/131223_D00360_007_BH88WKADXX/Project_RM8398/Sample_U5b/U5b_AGTTCC_L001_R2_002.fastq.gz	526128781
data/NA12878/NIST_NA12878_HG001_HiSeq_300x/131223_D00360_007_BH88WKADXX/Project_RM8398/Sample_U5b/U5b_AGTTCC_L001_R2_003.fastq.gz	524380771
data/NA12878/NIST_NA12878_HG001_HiSeq_300x/131223_D00360_007_BH88WKADXX/Project_RM8398/Sample_U5b/U5b_AGTTCC_L001_R2_004.fastq.gz	523284211
data/NA12878/NIST_NA12878_HG001_HiSeq_300x/131223_D00360_007_BH88WKADXX/Project_RM8398/Sample_U5b/U5b_AGTTCC_L001_R2_005.fastq.gz	521300549
data/NA12878/NIST_NA12878_HG001_HiSeq_300x/131223_D00360_007_BH88WKADXX/Project_RM8398/Sample_U5b/U5b_AGTTCC_L001_R2_006.fastq.gz	187446538
data/NA12878/NIST_NA12878_HG001_HiSeq_300x/131223_D00360_007_BH88WKADXX/Project_RM8398/Sample_U5b/U5b_AGTTCC_L002_R1_001.fastq.gz	496263415
data/NA12878/NIST_NA12878_HG001_HiSeq_300x/131223_D00360_007_BH88WKADXX/Project_RM8398/Sample_U5b/U5b_AGTTCC_L002_R1_002.fastq.gz	497697037
data/NA12878/NIST_NA12878_HG001_HiSeq_300x/131223_D00360_007_BH88WKADXX/Project_RM8398/Sample_U5b/U5b_AGTTCC_L002_R1_003.fastq.gz	496981765
data/NA12878/NIST_NA12878_HG001_HiSeq_300x/131223_D00360_007_BH88WKADXX/Project_RM8398/Sample_U5b/U5b_AGTTCC_L002_R1_004.fastq.gz	500368123
data/NA12878/NIST_NA12878_HG001_HiSeq_300x/131223_D00360_007_BH88WKADXX/Project_RM8398/Sample_U5b/U5b_AGTTCC_L002_R1_005.fastq.gz	488960410
data/NA12878/NIST_NA12878_HG001_HiSeq_300x/131223_D00360_007_BH88WKADXX/Project_RM8398/Sample_U5b/U5b_AGTTCC_L002_R1_006.fastq.gz	129308234
data/NA12878/NIST_NA12878_HG001_HiSeq_300x/131223_D00360_007_BH88WKADXX/Project_RM8398/Sample_U5b/U5b_AGTTCC_L002_R2_001.fastq.gz	525102222
data/NA12878/NIST_NA12878_HG001_HiSeq_300x/131223_D00360_007_BH88WKADXX/Project_RM8398/Sample_U5b/U5b_AGTTCC_L002_R2_002.fastq.gz	527771775
data/NA12878/NIST_NA12878_HG001_HiSeq_300x/131223_D00360_007_BH88WKADXX/Project_RM8398/Sample_U5b/U5b_AGTTCC_L002_R2_003.fastq.gz	525023244
data/NA12878/NIST_NA12878_HG001_HiSeq_300x/131223_D00360_007_BH88WKADXX/Project_RM8398/Sample_U5b/U5b_AGTTCC_L002_R2_004.fastq.gz	525312124
data/NA12878/NIST_NA12878_HG001_HiSeq_300x/131223_D00360_007_BH88WKADXX/Project_RM8398/Sample_U5b/U5b_AGTTCC_L002_R2_005.fastq.gz	519820466
data/NA12878/NIST_NA12878_HG001_HiSeq_300x/131223_D00360_007_BH88WKADXX/Project_RM8398/Sample_U5b/U5b_AGTTCC_L002_R2_006.fastq.gz	134833121
data/NA12878/NIST_NA12878_HG001_HiSeq_300x/131223_D00360_007_BH88WKADXX/Project_RM8398/Sample_U5c/SampleSheet.csv	157
data/NA12878/NIST_NA12878_HG001_HiSeq_300x/131223_D00360_007_BH88WKADXX/Project_RM8398/Sample_U5c/U5c_CCGTCC_L001_R1_001.fastq.gz	502161209
data/NA12878/NIST_NA12878_HG001_HiSeq_300x/131223_D00360_007_BH88WKADXX/Project_RM8398/Sample_U5c/U5c_CCGTCC_L001_R1_002.fastq.gz	506915360
data/NA12878/NIST_NA12878_HG001_HiSeq_300x/131223_D00360_007_BH88WKADXX/Project_RM8398/Sample_U5c/U5c_CCGTCC_L001_R1_003.fastq.gz	506699190
data/NA12878/NIST_NA12878_HG001_HiSeq_300x/131223_D00360_007_BH88WKADXX/Project_RM8398/Sample_U5c/U5c_CCGTCC_L001_R1_004.fastq.gz	501246893
data/NA12878/NIST_NA12878_HG001_HiSeq_300x/131223_D00360_007_BH88WKADXX/Project_RM8398/Sample_U5c/U5c_CCGTCC_L001_R1_005.fastq.gz	502395108
data/NA12878/NIST_NA12878_HG001_HiSeq_300x/131223_D00360_007_BH88WKADXX/Project_RM8398/Sample_U5c/U5c_CCGTCC_L001_R1_006.fastq.gz	344320469
data/NA12878/NIST_NA12878_HG001_HiSeq_300x/131223_D00360_007_BH88WKADXX/Project_RM8398/Sample_U5c/U5c_CCGTCC_L001_R2_001.fastq.gz	539023028
data/NA12878/NIST_NA12878_HG001_HiSeq_300x/131223_D00360_007_BH88WKADXX/Project_RM8398/Sample_U5c/U5c_CCGTCC_L001_R2_002.fastq.gz	542301789
data/NA12878/NIST_NA12878_HG001_HiSeq_300x/131223_D00360_007_BH88WKADXX/Project_RM8398/Sample_U5c/U5c_CCGTCC_L001_R2_003.fastq.gz	541981925
data/NA12878/NIST_NA12878_HG001_HiSeq_300x/131223_D00360_007_BH88WKADXX/Project_RM8398/Sample_U5c/U5c_CCGTCC_L001_R2_004.fastq.gz	536990315
data/NA12878/NIST_NA12878_HG001_HiSeq_300x/131223_D00360_007_BH88WKADXX/Project_RM8398/Sample_U5c/U5c_CCGTCC_L001_R2_005.fastq.gz	538499694
data/NA12878/NIST_NA12878_HG001_HiSeq_300x/131223_D00360_007_BH88WKADXX/Project_RM8398/Sample_U5c/U5c_CCGTCC_L001_R2_006.fastq.gz	366949889
data/NA12878/NIST_NA12878_HG001_HiSeq_300x/131223_D00360_007_BH88WKADXX/Project_RM8398/Sample_U5c/U5c_CCGTCC_L002_R1_001.fastq.gz	504415927
data/NA12878/NIST_NA12878_HG001_HiSeq_300x/131223_D00360_007_BH88WKADXX/Project_RM8398/Sample_U5c/U5c_CCGTCC_L002_R1_002.fastq.gz	507356110
data/NA12878/NIST_NA12878_HG001_HiSeq_300x/131223_D00360_007_BH88WKADXX/Project_RM8398/Sample_U5c/U5c_CCGTCC_L002_R1_003.fastq.gz	506785858
data/NA12878/NIST_NA12878_HG001_HiSeq_300x/131223_D00360_007_BH88WKADXX/Project_RM8398/Sample_U5c/U5c_CCGTCC_L002_R1_004.fastq.gz	505719377
data/NA12878/NIST_NA12878_HG001_HiSeq_300x/131223_D00360_007_BH88WKADXX/Project_RM8398/Sample_U5c/U5c_CCGTCC_L002_R1_005.fastq.gz	500853116
data/NA12878/NIST_NA12878_HG001_HiSeq_300x/131223_D00360_007_BH88WKADXX/Project_RM8398/Sample_U5c/U5c_CCGTCC_L002_R1_006.fastq.gz	306969850
data/NA12878/NIST_NA12878_HG001_HiSeq_300x/131223_D00360_007_BH88WKADXX/Project_RM8398/Sample_U5c/U5c_CCGTCC_L002_R2_001.fastq.gz	540600223
data/NA12878/NIST_NA12878_HG001_HiSeq_300x/131223_D00360_007_BH88WKADXX/Project_RM8398/Sample_U5c/U5c_CCGTCC_L002_R2_002.fastq.gz	543299914
data/NA12878/NIST_NA12878_HG001_HiSeq_300x/131223_D00360_007_BH88WKADXX/Project_RM8398/Sample_U5c/U5c_CCGTCC_L002_R2_003.fastq.gz	541751825
data/NA12878/NIST_NA12878_HG001_HiSeq_300x/131223_D00360_007_BH88WKADXX/Project_RM8398/Sample_U5c/U5c_CCGTCC_L002_R2_004.fastq.gz	539063115
data/NA12878/NIST_NA12878_HG001_HiSeq_300x/131223_D00360_007_BH88WKADXX/Project_RM8398/Sample_U5c/U5c_CCGTCC_L002_R2_005.fastq.gz	537804122
data/NA12878/NIST_NA12878_HG001_HiSeq_300x/131223_D00360_007_BH88WKADXX/Project_RM8398/Sample_U5c/U5c_CCGTCC_L002_R2_006.fastq.gz	325585654
data/NA12878/NIST_NA12878_HG001_HiSeq_300x/131223_D00360_008_AH88U0ADXX/Project_RM8398/Sample_U0a/SampleSheet.csv	157
data/NA12878/NIST_NA12878_HG001_HiSeq_300x/131223_D00360_008_AH88U0ADXX/Project_RM8398/Sample_U0a/U0a_CGATGT_L001_R1_001.fastq.gz	495671395
data/NA12878/NIST_NA12878_HG001_HiSeq_300x/131223_D00360_008_AH88U0ADXX/Project_RM8398/Sample_U0a/U0a_CGATGT_L001_R1_002.fastq.gz	497977340
data/NA12878/NIST_NA12878_HG001_HiSeq_300x/131223_D00360_008_AH88U0ADXX/Project_RM8398/Sample_U0a/U0a_CGATGT_L001_R1_003.fastq.gz	496958712
data/NA12878/NIST_NA12878_HG001_HiSeq_300x/131223_D00360_008_AH88U0ADXX/Project_RM8398/Sample_U0a/U0a_CGATGT_L001_R1_004.fastq.gz	496396399
data/NA12878/NIST_NA12878_HG001_HiSeq_300x/131223_D00360_008_AH88U0ADXX/Project_RM8398/Sample_U0a/U0a_CGATGT_L001_R1_005.fastq.gz	358546518
data/NA12878/NIST_NA12878_HG001_HiSeq_300x/131223_D00360_008_AH88U0ADXX/Project_RM8398/Sample_U0a/U0a_CGATGT_L001_R2_001.fastq.gz	544353947
data/NA12878/NIST_NA12878_HG001_HiSeq_300x/131223_D00360_008_AH88U0ADXX/Project_RM8398/Sample_U0a/U0a_CGATGT_L001_R2_002.fastq.gz	544828328
data/NA12878/NIST_NA12878_HG001_HiSeq_300x/131223_D00360_008_AH88U0ADXX/Project_RM8398/Sample_U0a/U0a_CGATGT_L001_R2_003.fastq.gz	543479732
data/NA12878/NIST_NA12878_HG001_HiSeq_300x/131223_D00360_008_AH88U0ADXX/Project_RM8398/Sample_U0a/U0a_CGATGT_L001_R2_004.fastq.gz	540591793
data/NA12878/NIST_NA12878_HG001_HiSeq_300x/131223_D00360_008_AH88U0ADXX/Project_RM8398/Sample_U0a/U0a_CGATGT_L001_R2_005.fastq.gz	388368201
data/NA12878/NIST_NA12878_HG001_HiSeq_300x/131223_D00360_008_AH88U0ADXX/Project_RM8398/Sample_U0a/U0a_CGATGT_L002_R1_001.fastq.gz	497461137
data/NA12878/NIST_NA12878_HG001_HiSeq_300x/131223_D00360_008_AH88U0ADXX/Project_RM8398/Sample_U0a/U0a_CGATGT_L002_R1_002.fastq.gz	499966800
data/NA12878/NIST_NA12878_HG001_HiSeq_300x/131223_D00360_008_AH88U0ADXX/Project_RM8398/Sample_U0a/U0a_CGATGT_L002_R1_003.fastq.gz	498456812
data/NA12878/NIST_NA12878_HG001_HiSeq_300x/131223_D00360_008_AH88U0ADXX/Project_RM8398/Sample_U0a/U0a_CGATGT_L002_R1_004.fastq.gz	499381296
data/NA12878/NIST_NA12878_HG001_HiSeq_300x/131223_D00360_008_AH88U0ADXX/Project_RM8398/Sample_U0a/U0a_CGATGT_L002_R1_005.fastq.gz	394162083
data/NA12878/NIST_NA12878_HG001_HiSeq_300x/131223_D00360_008_AH88U0ADXX/Project_RM8398/Sample_U0a/U0a_CGATGT_L002_R2_001.fastq.gz	544719450
data/NA12878/NIST_NA12878_HG001_HiSeq_300x/131223_D00360_008_AH88U0ADXX/Project_RM8398/Sample_U0a/U0a_CGATGT_L002_R2_002.fastq.gz	545441558
data/NA12878/NIST_NA12878_HG001_HiSeq_300x/131223_D00360_008_AH88U0ADXX/Project_RM8398/Sample_U0a/U0a_CGATGT_L002_R2_003.fastq.gz	543710497
data/NA12878/NIST_NA12878_HG001_HiSeq_300x/131223_D00360_008_AH88U0ADXX/Project_RM8398/Sample_U0a/U0a_CGATGT_L002_R2_004.fastq.gz	544251435
data/NA12878/NIST_NA12878_HG001_HiSeq_300x/131223_D00360_008_AH88U0ADXX/Project_RM8398/Sample_U0a/U0a_CGATGT_L002_R2_005.fastq.gz	428262383
data/NA12878/NIST_NA12878_HG001_HiSeq_300x/131223_D00360_008_AH88U0ADXX/Project_RM8398/Sample_U0b/SampleSheet.csv	157
data/NA12878/NIST_NA12878_HG001_HiSeq_300x/131223_D00360_008_AH88U0ADXX/Project_RM8398/Sample_U0b/U0b_TGACCA_L001_R1_001.fastq.gz	499209884
data/NA12878/NIST_NA12878_HG001_HiSeq_300x/131223_D00360_008_AH88U0ADXX/Project_RM8398/Sample_U0b/U0b_TGACCA_L001_R1_002.fastq.gz	501519401
data/NA12878/NIST_NA12878_HG001_HiSeq_300x/131223_D00360_008_AH88U0ADXX/Project_RM8398/Sample_U0b/U0b_TGACCA_L001_R1_003.fastq.gz	500951629
data/NA12878/NIST_NA12878_HG001_HiSeq_300x/131223_D00360_008_AH88U0ADXX/Project_RM8398/Sample_U0b/U0b_TGACCA_L001_R1_004.fastq.gz	499721632
data/NA12878/NIST_NA12878_HG001_HiSeq_300x/131223_D00360_008_AH88U0ADXX/Project_RM8398/Sample_U0b/U0b_TGACCA_L001_R1_005.fastq.gz	438835669
data/NA12878/NIST_NA12878_HG001_HiSeq_300x/131223_D00360_008_AH88U0ADXX/Project_RM8398/Sample_U0b/U0b_TGACCA_L001_R2_001.fastq.gz	534141577
data/NA12878/NIST_NA12878_HG001_HiSeq_300x/131223_D00360_008_AH88U0ADXX/Project_RM8398/Sample_U0b/U0b_TGACCA_L001_R2_002.fastq.gz	534761293
data/NA12878/NIST_NA12878_HG001_HiSeq_300x/131223_D00360_008_AH88U0ADXX/Project_RM8398/Sample_U0b/U0b_TGACCA_L001_R2_003.fastq.gz	533609248
data/NA12878/NIST_NA12878_HG001_HiSeq_300x/131223_D00360_008_AH88U0ADXX/Project_RM8398/Sample_U0b/U0b_TGACCA_L001_R2_004.fastq.gz	530762908
data/NA12878/NIST_NA12878_HG001_HiSeq_300x/131223_D00360_008_AH88U0ADXX/Project_RM8398/Sample_U0b/U0b_TGACCA_L001_R2_005.fastq.gz	464311148
data/NA12878/NIST_NA12878_HG001_HiSeq_300x/131223_D00360_008_AH88U0ADXX/Project_RM8398/Sample_U0b/U0b_TGACCA_L002_R1_001.fastq.gz	501251072
data/NA12878/NIST_NA12878_HG001_HiSeq_300x/131223_D00360_008_AH88U0ADXX/Project_RM8398/Sample_U0b/U0b_TGACCA_L002_R1_002.fastq.gz	503896569
data/NA12878/NIST_NA12878_HG001_HiSeq_300x/131223_D00360_008_AH88U0ADXX/Project_RM8398/Sample_U0b/U0b_TGACCA_L002_R1_003.fastq.gz	502476575
data/NA12878/NIST_NA12878_HG001_HiSeq_300x/131223_D00360_008_AH88U0ADXX/Project_RM8398/Sample_U0b/U0b_TGACCA_L002_R1_004.fastq.gz	504118331
data/NA12878/NIST_NA12878_HG001_HiSeq_300x/131223_D00360_008_AH88U0ADXX/Project_RM8398/Sample_U0b/U0b_TGACCA_L002_R1_005.fastq.gz	488000160
data/NA12878/NIST_NA12878_HG001_HiSeq_300x/131223_D00360_008_AH88U0ADXX/Project_RM8398/Sample_U0b/U0b_TGACCA_L002_R2_001.fastq.gz	534681696
data/NA12878/NIST_NA12878_HG001_HiSeq_300x/131223_D00360_008_AH88U0ADXX/Project_RM8398/Sample_U0b/U0b_TGACCA_L002_R2_002.fastq.gz	535490118
data/NA12878/NIST_NA12878_HG001_HiSeq_300x/131223_D00360_008_AH88U0ADXX/Project_RM8398/Sample_U0b/U0b_TGACCA_L002_R2_003.fastq.gz	534152247
data/NA12878/NIST_NA12878_HG001_HiSeq_300x/131223_D00360_008_AH88U0ADXX/Project_RM8398/Sample_U0b/U0b_TGACCA_L002_R2_004.fastq.gz	535367150
data/NA12878/NIST_NA12878_HG001_HiSeq_300x/131223_D00360_008_AH88U0ADXX/Project_RM8398/Sample_U0b/U0b_TGACCA_L002_R2_005.fastq.gz	517542131
data/NA12878/NIST_NA12878_HG001_HiSeq_300x/131223_D00360_008_AH88U0ADXX/Project_RM8398/Sample_U0c/SampleSheet.csv	157
data/NA12878/NIST_NA12878_HG001_HiSeq_300x/131223_D00360_008_AH88U0ADXX/Project_RM8398/Sample_U0c/U0c_CAGATC_L001_R1_001.fastq.gz	505707539
data/NA12878/NIST_NA12878_HG001_HiSeq_300x/131223_D00360_008_AH88U0ADXX/Project_RM8398/Sample_U0c/U0c_CAGATC_L001_R1_002.fastq.gz	508507929
data/NA12878/NIST_NA12878_HG001_HiSeq_300x/131223_D00360_008_AH88U0ADXX/Project_RM8398/Sample_U0c/U0c_CAGATC_L001_R1_003.fastq.gz	509006781
data/NA12878/NIST_NA12878_HG001_HiSeq_300x/131223_D00360_008_AH88U0ADXX/Project_RM8398/Sample_U0c/U0c_CAGATC_L001_R1_004.fastq.gz	508014134
data/NA12878/NIST_NA12878_HG001_HiSeq_300x/131223_D00360_008_AH88U0ADXX/Project_RM8398/Sample_U0c/U0c_CAGATC_L001_R1_005.fastq.gz	505307277
data/NA12878/NIST_NA12878_HG001_HiSeq_300x/131223_D00360_008_AH88U0ADXX/Project_RM8398/Sample_U0c/U0c_CAGATC_L001_R1_006.fastq.gz	54665479
data/NA12878/NIST_NA12878_HG001_HiSeq_300x/131223_D00360_008_AH88U0ADXX/Project_RM8398/Sample_U0c/U0c_CAGATC_L001_R2_001.fastq.gz	548562486
data/NA12878/NIST_NA12878_HG001_HiSeq_300x/131223_D00360_008_AH88U0ADXX/Project_RM8398/Sample_U0c/U0c_CAGATC_L001_R2_002.fastq.gz	549337180
data/NA12878/NIST_NA12878_HG001_HiSeq_300x/131223_D00360_008_AH88U0ADXX/Project_RM8398/Sample_U0c/U0c_CAGATC_L001_R2_003.fastq.gz	548666857
data/NA12878/NIST_NA12878_HG001_HiSeq_300x/131223_D00360_008_AH88U0ADXX/Project_RM8398/Sample_U0c/U0c_CAGATC_L001_R2_004.fastq.gz	546293966
data/NA12878/NIST_NA12878_HG001_HiSeq_300x/131223_D00360_008_AH88U0ADXX/Project_RM8398/Sample_U0c/U0c_CAGATC_L001_R2_005.fastq.gz	544438399
data/NA12878/NIST_NA12878_HG001_HiSeq_300x/131223_D00360_008_AH88U0ADXX/Project_RM8398/Sample_U0c/U0c_CAGATC_L001_R2_006.fastq.gz	57676012
data/NA12878/NIST_NA12878_HG001_HiSeq_300x/131223_D00360_008_AH88U0ADXX/Project_RM8398/Sample_U0c/U0c_CAGATC_L002_R1_001.fastq.gz	507757826
data/NA12878/NIST_NA12878_HG001_HiSeq_300x/131223_D00360_008_AH88U0ADXX/Project_RM8398/Sample_U0c/U0c_CAGATC_L002_R1_002.fastq.gz	511116055
data/NA12878/NIST_NA12878_HG001_HiSeq_300x/131223_D00360_008_AH88U0ADXX/Project_RM8398/Sample_U0c/U0c_CAGATC_L002_R1_003.fastq.gz	510660678
data/NA12878/NIST_NA12878_HG001_HiSeq_300x/131223_D00360_008_AH88U0ADXX/Project_RM8398/Sample_U0c/U0c_CAGATC_L002_R1_004.fastq.gz	512044444
data/NA12878/NIST_NA12878_HG001_HiSeq_300x/131223_D00360_008_AH88U0ADXX/Project_RM8398/Sample_U0c/U0c_CAGATC_L002_R1_005.fastq.gz	506489593
data/NA12878/NIST_NA12878_HG001_HiSeq_300x/131223_D00360_008_AH88U0ADXX/Project_RM8398/Sample_U0c/U0c_CAGATC_L002_R1_006.fastq.gz	103482091
data/NA12878/NIST_NA12878_HG001_HiSeq_300x/131223_D00360_008_AH88U0ADXX/Project_RM8398/Sample_U0c/U0c_CAGATC_L002_R2_001.fastq.gz	549136604
data/NA12878/NIST_NA12878_HG001_HiSeq_300x/131223_D00360_008_AH88U0ADXX/Project_RM8398/Sample_U0c/U0c_CAGATC_L002_R2_002.fastq.gz	550189455
data/NA12878/NIST_NA12878_HG001_HiSeq_300x/131223_D00360_008_AH88U0ADXX/Project_RM8398/Sample_U0c/U0c_CAGATC_L002_R2_003.fastq.gz	549279907
data/NA12878/NIST_NA12878_HG001_HiSeq_300x/131223_D00360_008_AH88U0ADXX/Project_RM8398/Sample_U0c/U0c_CAGATC_L002_R2_004.fastq.gz	550536602
data/NA12878/NIST_NA12878_HG001_HiSeq_300x/131223_D00360_008_AH88U0ADXX/Project_RM8398/Sample_U0c/U0c_CAGATC_L002_R2_005.fastq.gz	546029138
data/NA12878/NIST_NA12878_HG001_HiSeq_300x/131223_D00360_008_AH88U0ADXX/Project_RM8398/Sample_U0c/U0c_CAGATC_L002_R2_006.fastq.gz	110224348
data/NA12878/NIST_NA12878_HG001_HiSeq_300x/131223_D00360_008_AH88U0ADXX/Project_RM8398/Sample_U5a/SampleSheet.csv	157
data/NA12878/NIST_NA12878_HG001_HiSeq_300x/131223_D00360_008_AH88U0ADXX/Project_RM8398/Sample_U5a/U5a_AGTCAA_L001_R1_001.fastq.gz	501115642
data/NA12878/NIST_NA12878_HG001_HiSeq_300x/131223_D00360_008_AH88U0ADXX/Project_RM8398/Sample_U5a/U5a_AGTCAA_L001_R1_002.fastq.gz	506909703
data/NA12878/NIST_NA12878_HG001_HiSeq_300x/131223_D00360_008_AH88U0ADXX/Project_RM8398/Sample_U5a/U5a_AGTCAA_L001_R1_003.fastq.gz	510039113
data/NA12878/NIST_NA12878_HG001_HiSeq_300x/131223_D00360_008_AH88U0ADXX/Project_RM8398/Sample_U5a/U5a_AGTCAA_L001_R1_004.fastq.gz	497750791
data/NA12878/NIST_NA12878_HG001_HiSeq_300x/131223_D00360_008_AH88U0ADXX/Project_RM8398/Sample_U5a/U5a_AGTCAA_L001_R1_005.fastq.gz	502798547
data/NA12878/NIST_NA12878_HG001_HiSeq_300x/131223_D00360_008_AH88U0ADXX/Project_RM8398/Sample_U5a/U5a_AGTCAA_L001_R1_006.fastq.gz	465507659
data/NA12878/NIST_NA12878_HG001_HiSeq_300x/131223_D00360_008_AH88U0ADXX/Project_RM8398/Sample_U5a/U5a_AGTCAA_L001_R2_001.fastq.gz	540845292
data/NA12878/NIST_NA12878_HG001_HiSeq_300x/131223_D00360_008_AH88U0ADXX/Project_RM8398/Sample_U5a/U5a_AGTCAA_L001_R2_002.fastq.gz	543639011
data/NA12878/NIST_NA12878_HG001_HiSeq_300x/131223_D00360_008_AH88U0ADXX/Project_RM8398/Sample_U5a/U5a_AGTCAA_L001_R2_003.fastq.gz	545502640
data/NA12878/NIST_NA12878_HG001_HiSeq_300x/131223_D00360_008_AH88U0ADXX/Project_RM8398/Sample_U5a/U5a_AGTCAA_L001_R2_004.fastq.gz	536844634
data/NA12878/NIST_NA12878_HG001_HiSeq_300x/131223_D00360_008_AH88U0ADXX/Project_RM8398/Sample_U5a/U5a_AGTCAA_L001_R2_005.fastq.gz	537755967
data/NA12878/NIST_NA12878_HG001_HiSeq_300x/131223_D00360_008_AH88U0ADXX/Project_RM8398/Sample_U5a/U5a_AGTCAA_L001_R2_006.fastq.gz	496092906
data/NA12878/NIST_NA12878_HG001_HiSeq_300x/131223_D00360_008_AH88U0ADXX/Project_RM8398/Sample_U5a/U5a_AGTCAA_L002_R1_001.fastq.gz	502892041
data/NA12878/NIST_NA12878_HG001_HiSeq_300x/131223_D00360_008_AH88U0ADXX/Project_RM8398/Sample_U5a/U5a_AGTCAA_L002_R1_002.fastq.gz	509241357
data/NA12878/NIST_NA12878_HG001_HiSeq_300x/131223_D00360_008_AH88U0ADXX/Project_RM8398/Sample_U5a/U5a_AGTCAA_L002_R1_003.fastq.gz	512717190
data/NA12878/NIST_NA12878_HG001_HiSeq_300x/131223_D00360_008_AH88U0ADXX/Project_RM8398/Sample_U5a/U5a_AGTCAA_L002_R1_004.fastq.gz	499339207
data/NA12878/NIST_NA12878_HG001_HiSeq_300x/131223_D00360_008_AH88U0ADXX/Project_RM8398/Sample_U5a/U5a_AGTCAA_L002_R1_005.fastq.gz	507187867
data/NA12878/NIST_NA12878_HG001_HiSeq_300x/131223_D00360_008_AH88U0ADXX/Project_RM8398/Sample_U5a/U5a_AGTCAA_L002_R1_006.fastq.gz	507816434
data/NA12878/NIST_NA12878_HG001_HiSeq_300x/131223_D00360_008_AH88U0ADXX/Project_RM8398/Sample_U5a/U5a_AGTCAA_L002_R1_007.fastq.gz	14217278
data/NA12878/NIST_NA12878_HG001_HiSeq_300x/131223_D00360_008_AH88U0ADXX/Project_RM8398/Sample_U5a/U5a_AGTCAA_L002_R2_001.fastq.gz	541211022
data/NA12878/NIST_NA12878_HG001_HiSeq_300x/131223_D00360_008_AH88U0ADXX/Project_RM8398/Sample_U5a/U5a_AGTCAA_L002_R2_002.fastq.gz	544647744
data/NA12878/NIST_NA12878_HG001_HiSeq_300x/131223_D00360_008_AH88U0ADXX/Project_RM8398/Sample_U5a/U5a_AGTCAA_L002_R2_003.fastq.gz	547196568
data/NA12878/NIST_NA12878_HG001_HiSeq_300x/131223_D00360_008_AH88U0ADXX/Project_RM8398/Sample_U5a/U5a_AGTCAA_L002_R2_004.fastq.gz	537587949
data/NA12878/NIST_NA12878_HG001_HiSeq_300x/131223_D00360_008_AH88U0ADXX/Project_RM8398/Sample_U5a/U5a_AGTCAA_L002_R2_005.fastq.gz	542379879
data/NA12878/NIST_NA12878_HG001_HiSeq_300x/131223_D00360_008_AH88U0ADXX/Project_RM8398/Sample_U5a/U5a_AGTCAA_L002_R2_006.fastq.gz	542820065
data/NA12878/NIST_NA12878_HG001_HiSeq_300x/131223_D00360_008_AH88U0ADXX/Project_RM8398/Sample_U5a/U5a_AGTCAA_L002_R2_007.fastq.gz	15124711
data/NA12878/NIST_NA12878_HG001_HiSeq_300x/131223_D00360_008_AH88U0ADXX/Project_RM8398/Sample_U5b/SampleSheet.csv	157
data/NA12878/NIST_NA12878_HG001_HiSeq_300x/131223_D00360_008_AH88U0ADXX/Project_RM8398/Sample_U5b/U5b_AGTTCC_L001_R1_001.fastq.gz	494820053
data/NA12878/NIST_NA12878_HG001_HiSeq_300x/131223_D00360_008_AH88U0ADXX/Project_RM8398/Sample_U5b/U5b_AGTTCC_L001_R1_002.fastq.gz	498522775
data/NA12878/NIST_NA12878_HG001_HiSeq_300x/131223_D00360_008_AH88U0ADXX/Project_RM8398/Sample_U5b/U5b_AGTTCC_L001_R1_003.fastq.gz	499801975
data/NA12878/NIST_NA12878_HG001_HiSeq_300x/131223_D00360_008_AH88U0ADXX/Project_RM8398/Sample_U5b/U5b_AGTTCC_L001_R1_004.fastq.gz	498447769
data/NA12878/NIST_NA12878_HG001_HiSeq_300x/131223_D00360_008_AH88U0ADXX/Project_RM8398/Sample_U5b/U5b_AGTTCC_L001_R1_005.fastq.gz	492098444
data/NA12878/NIST_NA12878_HG001_HiSeq_300x/131223_D00360_008_AH88U0ADXX/Project_RM8398/Sample_U5b/U5b_AGTTCC_L001_R1_006.fastq.gz	138212721
data/NA12878/NIST_NA12878_HG001_HiSeq_300x/131223_D00360_008_AH88U0ADXX/Project_RM8398/Sample_U5b/U5b_AGTTCC_L001_R2_001.fastq.gz	528665630
data/NA12878/NIST_NA12878_HG001_HiSeq_300x/131223_D00360_008_AH88U0ADXX/Project_RM8398/Sample_U5b/U5b_AGTTCC_L001_R2_002.fastq.gz	530240859
data/NA12878/NIST_NA12878_HG001_HiSeq_300x/131223_D00360_008_AH88U0ADXX/Project_RM8398/Sample_U5b/U5b_AGTTCC_L001_R2_003.fastq.gz	530533985
data/NA12878/NIST_NA12878_HG001_HiSeq_300x/131223_D00360_008_AH88U0ADXX/Project_RM8398/Sample_U5b/U5b_AGTTCC_L001_R2_004.fastq.gz	528071117
data/NA12878/NIST_NA12878_HG001_HiSeq_300x/131223_D00360_008_AH88U0ADXX/Project_RM8398/Sample_U5b/U5b_AGTTCC_L001_R2_005.fastq.gz	523025494
data/NA12878/NIST_NA12878_HG001_HiSeq_300x/131223_D00360_008_AH88U0ADXX/Project_RM8398/Sample_U5b/U5b_AGTTCC_L001_R2_006.fastq.gz	144567116
data/NA12878/NIST_NA12878_HG001_HiSeq_300x/131223_D00360_008_AH88U0ADXX/Project_RM8398/Sample_U5b/U5b_AGTTCC_L002_R1_001.fastq.gz	497097348
data/NA12878/NIST_NA12878_HG001_HiSeq_300x/131223_D00360_008_AH88U0ADXX/Project_RM8398/Sample_U5b/U5b_AGTTCC_L002_R1_002.fastq.gz	500990535
data/NA12878/NIST_NA12878_HG001_HiSeq_300x/131223_D00360_008_AH88U0ADXX/Project_RM8398/Sample_U5b/U5b_AGTTCC_L002_R1_003.fastq.gz	501434902
data/NA12878/NIST_NA12878_HG001_HiSeq_300x/131223_D00360_008_AH88U0ADXX/Project_RM8398/Sample_U5b/U5b_AGTTCC_L002_R1_004.fastq.gz	501891412
data/NA12878/NIST_NA12878_HG001_HiSeq_300x/131223_D00360_008_AH88U0ADXX/Project_RM8398/Sample_U5b/U5b_AGTTCC_L002_R1_005.fastq.gz	494545328
data/NA12878/NIST_NA12878_HG001_HiSeq_300x/131223_D00360_008_AH88U0ADXX/Project_RM8398/Sample_U5b/U5b_AGTTCC_L002_R1_006.fastq.gz	182818742
data/NA12878/NIST_NA12878_HG001_HiSeq_300x/131223_D00360_008_AH88U0ADXX/Project_RM8398/Sample_U5b/U5b_AGTTCC_L002_R2_001.fastq.gz	529707459
data/NA12878/NIST_NA12878_HG001_HiSeq_300x/131223_D00360_008_AH88U0ADXX/Project_RM8398/Sample_U5b/U5b_AGTTCC_L002_R2_002.fastq.gz	531355996
data/NA12878/NIST_NA12878_HG001_HiSeq_300x/131223_D00360_008_AH88U0ADXX/Project_RM8398/Sample_U5b/U5b_AGTTCC_L002_R2_003.fastq.gz	531220524
data/NA12878/NIST_NA12878_HG001_HiSeq_300x/131223_D00360_008_AH88U0ADXX/Project_RM8398/Sample_U5b/U5b_AGTTCC_L002_R2_004.fastq.gz	531972006
data/NA12878/NIST_NA12878_HG001_HiSeq_300x/131223_D00360_008_AH88U0ADXX/Project_RM8398/Sample_U5b/U5b_AGTTCC_L002_R2_005.fastq.gz	525656450
data/NA12878/NIST_NA12878_HG001_HiSeq_300x/131223_D00360_008_AH88U0ADXX/Project_RM8398/Sample_U5b/U5b_AGTTCC_L002_R2_006.fastq.gz	192354171
data/NA12878/NIST_NA12878_HG001_HiSeq_300x/131223_D00360_008_AH88U0ADXX/Project_RM8398/Sample_U5c/SampleSheet.csv	157
data/NA12878/NIST_NA12878_HG001_HiSeq_300x/131223_D00360_008_AH88U0ADXX/Project_RM8398/Sample_U5c/U5c_CCGTCC_L001_R1_001.fastq.gz	503118596
data/NA12878/NIST_NA12878_HG001_HiSeq_300x/131223_D00360_008_AH88U0ADXX/Project_RM8398/Sample_U5c/U5c_CCGTCC_L001_R1_002.fastq.gz	507968674
data/NA12878/NIST_NA12878_HG001_HiSeq_300x/131223_D00360_008_AH88U0ADXX/Project_RM8398/Sample_U5c/U5c_CCGTCC_L001_R1_003.fastq.gz	510854331
data/NA12878/NIST_NA12878_HG001_HiSeq_300x/131223_D00360_008_AH88U0ADXX/Project_RM8398/Sample_U5c/U5c_CCGTCC_L001_R1_004.fastq.gz	503204742
data/NA12878/NIST_NA12878_HG001_HiSeq_300x/131223_D00360_008_AH88U0ADXX/Project_RM8398/Sample_U5c/U5c_CCGTCC_L001_R1_005.fastq.gz	502268529
data/NA12878/NIST_NA12878_HG001_HiSeq_300x/131223_D00360_008_AH88U0ADXX/Project_RM8398/Sample_U5c/U5c_CCGTCC_L001_R1_006.fastq.gz	307510393
data/NA12878/NIST_NA12878_HG001_HiSeq_300x/131223_D00360_008_AH88U0ADXX/Project_RM8398/Sample_U5c/U5c_CCGTCC_L001_R2_001.fastq.gz	545130855
data/NA12878/NIST_NA12878_HG001_HiSeq_300x/131223_D00360_008_AH88U0ADXX/Project_RM8398/Sample_U5c/U5c_CCGTCC_L001_R2_002.fastq.gz	546837361
data/NA12878/NIST_NA12878_HG001_HiSeq_300x/131223_D00360_008_AH88U0ADXX/Project_RM8398/Sample_U5c/U5c_CCGTCC_L001_R2_003.fastq.gz	547286735
data/NA12878/NIST_NA12878_HG001_HiSeq_300x/131223_D00360_008_AH88U0ADXX/Project_RM8398/Sample_U5c/U5c_CCGTCC_L001_R2_004.fastq.gz	542022914
data/NA12878/NIST_NA12878_HG001_HiSeq_300x/131223_D00360_008_AH88U0ADXX/Project_RM8398/Sample_U5c/U5c_CCGTCC_L001_R2_005.fastq.gz	540271287
data/NA12878/NIST_NA12878_HG001_HiSeq_300x/131223_D00360_008_AH88U0ADXX/Project_RM8398/Sample_U5c/U5c_CCGTCC_L001_R2_006.fastq.gz	326189330
data/NA12878/NIST_NA12878_HG001_HiSeq_300x/131223_D00360_008_AH88U0ADXX/Project_RM8398/Sample_U5c/U5c_CCGTCC_L002_R1_001.fastq.gz	505344305
data/NA12878/NIST_NA12878_HG001_HiSeq_300x/131223_D00360_008_AH88U0ADXX/Project_RM8398/Sample_U5c/U5c_CCGTCC_L002_R1_002.fastq.gz	510433540
data/NA12878/NIST_NA12878_HG001_HiSeq_300x/131223_D00360_008_AH88U0ADXX/Project_RM8398/Sample_U5c/U5c_CCGTCC_L002_R1_003.fastq.gz	512791991
data/NA12878/NIST_NA12878_HG001_HiSeq_300x/131223_D00360_008_AH88U0ADXX/Project_RM8398/Sample_U5c/U5c_CCGTCC_L002_R1_004.fastq.gz	505233507
data/NA12878/NIST_NA12878_HG001_HiSeq_300x/131223_D00360_008_AH88U0ADXX/Project_RM8398/Sample_U5c/U5c_CCGTCC_L002_R1_005.fastq.gz	506947651
data/NA12878/NIST_NA12878_HG001_HiSeq_300x/131223_D00360_008_AH88U0ADXX/Project_RM8398/Sample_U5c/U5c_CCGTCC_L002_R1_006.fastq.gz	347332067
data/NA12878/NIST_NA12878_HG001_HiSeq_300x/131223_D00360_008_AH88U0ADXX/Project_RM8398/Sample_U5c/U5c_CCGTCC_L002_R2_001.fastq.gz	545796911
data/NA12878/NIST_NA12878_HG001_HiSeq_300x/131223_D00360_008_AH88U0ADXX/Project_RM8398/Sample_U5c/U5c_CCGTCC_L002_R2_002.fastq.gz	547298226
data/NA12878/NIST_NA12878_HG001_HiSeq_300x/131223_D00360_008_AH88U0ADXX/Project_RM8398/Sample_U5c/U5c_CCGTCC_L002_R2_003.fastq.gz	548495152
data/NA12878/NIST_NA12878_HG001_HiSeq_300x/131223_D00360_008_AH88U0ADXX/Project_RM8398/Sample_U5c/U5c_CCGTCC_L002_R2_004.fastq.gz	544045984
data/NA12878/NIST_NA12878_HG001_HiSeq_300x/131223_D00360_008_AH88U0ADXX/Project_RM8398/Sample_U5c/U5c_CCGTCC_L002_R2_005.fastq.gz	544398893
data/NA12878/NIST_NA12878_HG001_HiSeq_300x/131223_D00360_008_AH88U0ADXX/Project_RM8398/Sample_U5c/U5c_CCGTCC_L002_R2_006.fastq.gz	369854639
data/NA12878/NIST_NA12878_HG001_HiSeq_300x/140115_D00360_0009_AH8962ADXX/Project_RM8398/Sample_U1a/SampleSheet.csv	157
data/NA12878/NIST_NA12878_HG001_HiSeq_300x/140115_D00360_0009_AH8962ADXX/Project_RM8398/Sample_U1a/U1a_ACAGTG_L001_R1_001.fastq.gz	536121724
data/NA12878/NIST_NA12878_HG001_HiSeq_300x/140115_D00360_0009_AH8962ADXX/Project_RM8398/Sample_U1a/U1a_ACAGTG_L001_R1_002.fastq.gz	529841842
data/NA12878/NIST_NA12878_HG001_HiSeq_300x/140115_D00360_0009_AH8962ADXX/Project_RM8398/Sample_U1a/U1a_ACAGTG_L001_R1_003.fastq.gz	532343622
data/NA12878/NIST_NA12878_HG001_HiSeq_300x/140115_D00360_0009_AH8962ADXX/Project_RM8398/Sample_U1a/U1a_ACAGTG_L001_R1_004.fastq.gz	524315511
data/NA12878/NIST_NA12878_HG001_HiSeq_300x/140115_D00360_0009_AH8962ADXX/Project_RM8398/Sample_U1a/U1a_ACAGTG_L001_R1_005.fastq.gz	326213874
data/NA12878/NIST_NA12878_HG001_HiSeq_300x/140115_D00360_0009_AH8962ADXX/Project_RM8398/Sample_U1a/U1a_ACAGTG_L001_R2_001.fastq.gz	570324973
data/NA12878/NIST_NA12878_HG001_HiSeq_300x/140115_D00360_0009_AH8962ADXX/Project_RM8398/Sample_U1a/U1a_ACAGTG_L001_R2_002.fastq.gz	562702643
data/NA12878/NIST_NA12878_HG001_HiSeq_300x/140115_D00360_0009_AH8962ADXX/Project_RM8398/Sample_U1a/U1a_ACAGTG_L001_R2_003.fastq.gz	566077022
data/NA12878/NIST_NA12878_HG001_HiSeq_300x/140115_D00360_0009_AH8962ADXX/Project_RM8398/Sample_U1a/U1a_ACAGTG_L001_R2_004.fastq.gz	556783744
data/NA12878/NIST_NA12878_HG001_HiSeq_300x/140115_D00360_0009_AH8962ADXX/Project_RM8398/Sample_U1a/U1a_ACAGTG_L001_R2_005.fastq.gz	344443878
data/NA12878/NIST_NA12878_HG001_HiSeq_300x/140115_D00360_0009_AH8962ADXX/Project_RM8398/Sample_U1a/U1a_ACAGTG_L002_R1_001.fastq.gz	531354350
data/NA12878/NIST_NA12878_HG001_HiSeq_300x/140115_D00360_0009_AH8962ADXX/Project_RM8398/Sample_U1a/U1a_ACAGTG_L002_R1_002.fastq.gz	532457413
data/NA12878/NIST_NA12878_HG001_HiSeq_300x/140115_D00360_0009_AH8962ADXX/Project_RM8398/Sample_U1a/U1a_ACAGTG_L002_R1_003.fastq.gz	529839401
data/NA12878/NIST_NA12878_HG001_HiSeq_300x/140115_D00360_0009_AH8962ADXX/Project_RM8398/Sample_U1a/U1a_ACAGTG_L002_R1_004.fastq.gz	529070343
data/NA12878/NIST_NA12878_HG001_HiSeq_300x/140115_D00360_0009_AH8962ADXX/Project_RM8398/Sample_U1a/U1a_ACAGTG_L002_R1_005.fastq.gz	352578791
data/NA12878/NIST_NA12878_HG001_HiSeq_300x/140115_D00360_0009_AH8962ADXX/Project_RM8398/Sample_U1a/U1a_ACAGTG_L002_R2_001.fastq.gz	564270426
data/NA12878/NIST_NA12878_HG001_HiSeq_300x/140115_D00360_0009_AH8962ADXX/Project_RM8398/Sample_U1a/U1a_ACAGTG_L002_R2_002.fastq.gz	562760551
data/NA12878/NIST_NA12878_HG001_HiSeq_300x/140115_D00360_0009_AH8962ADXX/Project_RM8398/Sample_U1a/U1a_ACAGTG_L002_R2_003.fastq.gz	561643258
data/NA12878/NIST_NA12878_HG001_HiSeq_300x/140115_D00360_0009_AH8962ADXX/Project_RM8398/Sample_U1a/U1a_ACAGTG_L002_R2_004.fastq.gz	560997519
data/NA12878/NIST_NA12878_HG001_HiSeq_300x/140115_D00360_0009_AH8962ADXX/Project_RM8398/Sample_U1a/U1a_ACAGTG_L002_R2_005.fastq.gz	371010026
data/NA12878/NIST_NA12878_HG001_HiSeq_300x/140115_D00360_0009_AH8962ADXX/Project_RM8398/Sample_U1b/SampleSheet.csv	157
data/NA12878/NIST_NA12878_HG001_HiSeq_300x/140115_D00360_0009_AH8962ADXX/Project_RM8398/Sample_U1b/U1b_GCCAAT_L001_R1_001.fastq.gz	530445552
data/NA12878/NIST_NA12878_HG001_HiSeq_300x/140115_D00360_0009_AH8962ADXX/Project_RM8398/Sample_U1b/U1b_GCCAAT_L001_R1_002.fastq.gz	523713268
data/NA12878/NIST_NA12878_HG001_HiSeq_300x/140115_D00360_0009_AH8962ADXX/Project_RM8398/Sample_U1b/U1b_GCCAAT_L001_R1_003.fastq.gz	525054615
data/NA12878/NIST_NA12878_HG001_HiSeq_300x/140115_D00360_0009_AH8962ADXX/Project_RM8398/Sample_U1b/U1b_GCCAAT_L001_R1_004.fastq.gz	516627059
data/NA12878/NIST_NA12878_HG001_HiSeq_300x/140115_D00360_0009_AH8962ADXX/Project_RM8398/Sample_U1b/U1b_GCCAAT_L001_R1_005.fastq.gz	221528379
data/NA12878/NIST_NA12878_HG001_HiSeq_300x/140115_D00360_0009_AH8962ADXX/Project_RM8398/Sample_U1b/U1b_GCCAAT_L001_R2_001.fastq.gz	560658637
data/NA12878/NIST_NA12878_HG001_HiSeq_300x/140115_D00360_0009_AH8962ADXX/Project_RM8398/Sample_U1b/U1b_GCCAAT_L001_R2_002.fastq.gz	552473215
data/NA12878/NIST_NA12878_HG001_HiSeq_300x/140115_D00360_0009_AH8962ADXX/Project_RM8398/Sample_U1b/U1b_GCCAAT_L001_R2_003.fastq.gz	555060046
data/NA12878/NIST_NA12878_HG001_HiSeq_300x/140115_D00360_0009_AH8962ADXX/Project_RM8398/Sample_U1b/U1b_GCCAAT_L001_R2_004.fastq.gz	545578129
data/NA12878/NIST_NA12878_HG001_HiSeq_300x/140115_D00360_0009_AH8962ADXX/Project_RM8398/Sample_U1b/U1b_GCCAAT_L001_R2_005.fastq.gz	232002175
data/NA12878/NIST_NA12878_HG001_HiSeq_300x/140115_D00360_0009_AH8962ADXX/Project_RM8398/Sample_U1b/U1b_GCCAAT_L002_R1_001.fastq.gz	525692102
data/NA12878/NIST_NA12878_HG001_HiSeq_300x/140115_D00360_0009_AH8962ADXX/Project_RM8398/Sample_U1b/U1b_GCCAAT_L002_R1_002.fastq.gz	526215519
data/NA12878/NIST_NA12878_HG001_HiSeq_300x/140115_D00360_0009_AH8962ADXX/Project_RM8398/Sample_U1b/U1b_GCCAAT_L002_R1_003.fastq.gz	522909434
data/NA12878/NIST_NA12878_HG001_HiSeq_300x/140115_D00360_0009_AH8962ADXX/Project_RM8398/Sample_U1b/U1b_GCCAAT_L002_R1_004.fastq.gz	521508888
data/NA12878/NIST_NA12878_HG001_HiSeq_300x/140115_D00360_0009_AH8962ADXX/Project_RM8398/Sample_U1b/U1b_GCCAAT_L002_R1_005.fastq.gz	244199240
data/NA12878/NIST_NA12878_HG001_HiSeq_300x/140115_D00360_0009_AH8962ADXX/Project_RM8398/Sample_U1b/U1b_GCCAAT_L002_R2_001.fastq.gz	554380976
data/NA12878/NIST_NA12878_HG001_HiSeq_300x/140115_D00360_0009_AH8962ADXX/Project_RM8398/Sample_U1b/U1b_GCCAAT_L002_R2_002.fastq.gz	553075467
data/NA12878/NIST_NA12878_HG001_HiSeq_300x/140115_D00360_0009_AH8962ADXX/Project_RM8398/Sample_U1b/U1b_GCCAAT_L002_R2_003.fastq.gz	551572150
data/NA12878/NIST_NA12878_HG001_HiSeq_300x/140115_D00360_0009_AH8962ADXX/Project_RM8398/Sample_U1b/U1b_GCCAAT_L002_R2_004.fastq.gz	549596345
data/NA12878/NIST_NA12878_HG001_HiSeq_300x/140115_D00360_0009_AH8962ADXX/Project_RM8398/Sample_U1b/U1b_GCCAAT_L002_R2_005.fastq.gz	255482295
data/NA12878/NIST_NA12878_HG001_HiSeq_300x/140115_D00360_0009_AH8962ADXX/Project_RM8398/Sample_U2a/SampleSheet.csv	157
data/NA12878/NIST_NA12878_HG001_HiSeq_300x/140115_D00360_0009_AH8962ADXX/Project_RM8398/Sample_U2a/U2a_CTTGTA_L001_R1_001.fastq.gz	533824445
data/NA12878/NIST_NA12878_HG001_HiSeq_300x/140115_D00360_0009_AH8962ADXX/Project_RM8398/Sample_U2a/U2a_CTTGTA_L001_R1_002.fastq.gz	527726721
data/NA12878/NIST_NA12878_HG001_HiSeq_300x/140115_D00360_0009_AH8962ADXX/Project_RM8398/Sample_U2a/U2a_CTTGTA_L001_R1_003.fastq.gz	529921081
data/NA12878/NIST_NA12878_HG001_HiSeq_300x/140115_D00360_0009_AH8962ADXX/Project_RM8398/Sample_U2a/U2a_CTTGTA_L001_R1_004.fastq.gz	521735127
data/NA12878/NIST_NA12878_HG001_HiSeq_300x/140115_D00360_0009_AH8962ADXX/Project_RM8398/Sample_U2a/U2a_CTTGTA_L001_R1_005.fastq.gz	282229973
data/NA12878/NIST_NA12878_HG001_HiSeq_300x/140115_D00360_0009_AH8962ADXX/Project_RM8398/Sample_U2a/U2a_CTTGTA_L001_R2_001.fastq.gz	562358526
data/NA12878/NIST_NA12878_HG001_HiSeq_300x/140115_D00360_0009_AH8962ADXX/Project_RM8398/Sample_U2a/U2a_CTTGTA_L001_R2_002.fastq.gz	554578000
data/NA12878/NIST_NA12878_HG001_HiSeq_300x/140115_D00360_0009_AH8962ADXX/Project_RM8398/Sample_U2a/U2a_CTTGTA_L001_R2_003.fastq.gz	558199867
data/NA12878/NIST_NA12878_HG001_HiSeq_300x/140115_D00360_0009_AH8962ADXX/Project_RM8398/Sample_U2a/U2a_CTTGTA_L001_R2_004.fastq.gz	548689930
data/NA12878/NIST_NA12878_HG001_HiSeq_300x/140115_D00360_0009_AH8962ADXX/Project_RM8398/Sample_U2a/U2a_CTTGTA_L001_R2_005.fastq.gz	295137492
data/NA12878/NIST_NA12878_HG001_HiSeq_300x/140115_D00360_0009_AH8962ADXX/Project_RM8398/Sample_U2a/U2a_CTTGTA_L002_R1_001.fastq.gz	529290643
data/NA12878/NIST_NA12878_HG001_HiSeq_300x/140115_D00360_0009_AH8962ADXX/Project_RM8398/Sample_U2a/U2a_CTTGTA_L002_R1_002.fastq.gz	530251471
data/NA12878/NIST_NA12878_HG001_HiSeq_300x/140115_D00360_0009_AH8962ADXX/Project_RM8398/Sample_U2a/U2a_CTTGTA_L002_R1_003.fastq.gz	527459281
data/NA12878/NIST_NA12878_HG001_HiSeq_300x/140115_D00360_0009_AH8962ADXX/Project_RM8398/Sample_U2a/U2a_CTTGTA_L002_R1_004.fastq.gz	526626896
data/NA12878/NIST_NA12878_HG001_HiSeq_300x/140115_D00360_0009_AH8962ADXX/Project_RM8398/Sample_U2a/U2a_CTTGTA_L002_R1_005.fastq.gz	308690471
data/NA12878/NIST_NA12878_HG001_HiSeq_300x/140115_D00360_0009_AH8962ADXX/Project_RM8398/Sample_U2a/U2a_CTTGTA_L002_R2_001.fastq.gz	556327858
data/NA12878/NIST_NA12878_HG001_HiSeq_300x/140115_D00360_0009_AH8962ADXX/Project_RM8398/Sample_U2a/U2a_CTTGTA_L002_R2_002.fastq.gz	555056773
data/NA12878/NIST_NA12878_HG001_HiSeq_300x/140115_D00360_0009_AH8962ADXX/Project_RM8398/Sample_U2a/U2a_CTTGTA_L002_R2_003.fastq.gz	553818113
data/NA12878/NIST_NA12878_HG001_HiSeq_300x/140115_D00360_0009_AH8962ADXX/Project_RM8398/Sample_U2a/U2a_CTTGTA_L002_R2_004.fastq.gz	553286564
data/NA12878/NIST_NA12878_HG001_HiSeq_300x/140115_D00360_0009_AH8962ADXX/Project_RM8398/Sample_U2a/U2a_CTTGTA_L002_R2_005.fastq.gz	321724560
data/NA12878/NIST_NA12878_HG001_HiSeq_300x/140115_D00360_0009_AH8962ADXX/Project_RM8398/Sample_U2b/SampleSheet.csv	157
data/NA12878/NIST_NA12878_HG001_HiSeq_300x/140115_D00360_0009_AH8962ADXX/Project_RM8398/Sample_U2b/U2b_AGTCAA_L001_R1_001.fastq.gz	530461792
data/NA12878/NIST_NA12878_HG001_HiSeq_300x/140115_D00360_0009_AH8962ADXX/Project_RM8398/Sample_U2b/U2b_AGTCAA_L001_R1_002.fastq.gz	523723911
data/NA12878/NIST_NA12878_HG001_HiSeq_300x/140115_D00360_0009_AH8962ADXX/Project_RM8398/Sample_U2b/U2b_AGTCAA_L001_R1_003.fastq.gz	525193245
data/NA12878/NIST_NA12878_HG001_HiSeq_300x/140115_D00360_0009_AH8962ADXX/Project_RM8398/Sample_U2b/U2b_AGTCAA_L001_R1_004.fastq.gz	516646800
data/NA12878/NIST_NA12878_HG001_HiSeq_300x/140115_D00360_0009_AH8962ADXX/Project_RM8398/Sample_U2b/U2b_AGTCAA_L001_R1_005.fastq.gz	217505112
data/NA12878/NIST_NA12878_HG001_HiSeq_300x/140115_D00360_0009_AH8962ADXX/Project_RM8398/Sample_U2b/U2b_AGTCAA_L001_R2_001.fastq.gz	559423132
data/NA12878/NIST_NA12878_HG001_HiSeq_300x/140115_D00360_0009_AH8962ADXX/Project_RM8398/Sample_U2b/U2b_AGTCAA_L001_R2_002.fastq.gz	551228690
data/NA12878/NIST_NA12878_HG001_HiSeq_300x/140115_D00360_0009_AH8962ADXX/Project_RM8398/Sample_U2b/U2b_AGTCAA_L001_R2_003.fastq.gz	554057446
data/NA12878/NIST_NA12878_HG001_HiSeq_300x/140115_D00360_0009_AH8962ADXX/Project_RM8398/Sample_U2b/U2b_AGTCAA_L001_R2_004.fastq.gz	544649628
data/NA12878/NIST_NA12878_HG001_HiSeq_300x/140115_D00360_0009_AH8962ADXX/Project_RM8398/Sample_U2b/U2b_AGTCAA_L001_R2_005.fastq.gz	227345397
data/NA12878/NIST_NA12878_HG001_HiSeq_300x/140115_D00360_0009_AH8962ADXX/Project_RM8398/Sample_U2b/U2b_AGTCAA_L002_R1_001.fastq.gz	525660737
data/NA12878/NIST_NA12878_HG001_HiSeq_300x/140115_D00360_0009_AH8962ADXX/Project_RM8398/Sample_U2b/U2b_AGTCAA_L002_R1_002.fastq.gz	526209655
data/NA12878/NIST_NA12878_HG001_HiSeq_300x/140115_D00360_0009_AH8962ADXX/Project_RM8398/Sample_U2b/U2b_AGTCAA_L002_R1_003.fastq.gz	522822116
data/NA12878/NIST_NA12878_HG001_HiSeq_300x/140115_D00360_0009_AH8962ADXX/Project_RM8398/Sample_U2b/U2b_AGTCAA_L002_R1_004.fastq.gz	521567236
data/NA12878/NIST_NA12878_HG001_HiSeq_300x/140115_D00360_0009_AH8962ADXX/Project_RM8398/Sample_U2b/U2b_AGTCAA_L002_R1_005.fastq.gz	238690435
data/NA12878/NIST_NA12878_HG001_HiSeq_300x/140115_D00360_0009_AH8962ADXX/Project_RM8398/Sample_U2b/U2b_AGTCAA_L002_R2_001.fastq.gz	553053528
data/NA12878/NIST_NA12878_HG001_HiSeq_300x/140115_D00360_0009_AH8962ADXX/Project_RM8398/Sample_U2b/U2b_AGTCAA_L002_R2_002.fastq.gz	551803791
data/NA12878/NIST_NA12878_HG001_HiSeq_300x/140115_D00360_0009_AH8962ADXX/Project_RM8398/Sample_U2b/U2b_AGTCAA_L002_R2_003.fastq.gz	550346678
data/NA12878/NIST_NA12878_HG001_HiSeq_300x/140115_D00360_0009_AH8962ADXX/Project_RM8398/Sample_U2b/U2b_AGTCAA_L002_R2_004.fastq.gz	548561543
data/NA12878/NIST_NA12878_HG001_HiSeq_300x/140115_D00360_0009_AH8962ADXX/Project_RM8398/Sample_U2b/U2b_AGTCAA_L002_R2_005.fastq.gz	249235817
data/NA12878/NIST_NA12878_HG001_HiSeq_300x/140115_D00360_0009_AH8962ADXX/Project_RM8398/Sample_U3a/SampleSheet.csv	157
data/NA12878/NIST_NA12878_HG001_HiSeq_300x/140115_D00360_0009_AH8962ADXX/Project_RM8398/Sample_U3a/U3a_AGTTCC_L001_R1_001.fastq.gz	530738884
data/NA12878/NIST_NA12878_HG001_HiSeq_300x/140115_D00360_0009_AH8962ADXX/Project_RM8398/Sample_U3a/U3a_AGTTCC_L001_R1_002.fastq.gz	523632467
data/NA12878/NIST_NA12878_HG001_HiSeq_300x/140115_D00360_0009_AH8962ADXX/Project_RM8398/Sample_U3a/U3a_AGTTCC_L001_R1_003.fastq.gz	522324238
data/NA12878/NIST_NA12878_HG001_HiSeq_300x/140115_D00360_0009_AH8962ADXX/Project_RM8398/Sample_U3a/U3a_AGTTCC_L001_R1_004.fastq.gz	516247863
data/NA12878/NIST_NA12878_HG001_HiSeq_300x/140115_D00360_0009_AH8962ADXX/Project_RM8398/Sample_U3a/U3a_AGTTCC_L001_R1_005.fastq.gz	28432314
data/NA12878/NIST_NA12878_HG001_HiSeq_300x/140115_D00360_0009_AH8962ADXX/Project_RM8398/Sample_U3a/U3a_AGTTCC_L001_R2_001.fastq.gz	560781280
data/NA12878/NIST_NA12878_HG001_HiSeq_300x/140115_D00360_0009_AH8962ADXX/Project_RM8398/Sample_U3a/U3a_AGTTCC_L001_R2_002.fastq.gz	552361780
data/NA12878/NIST_NA12878_HG001_HiSeq_300x/140115_D00360_0009_AH8962ADXX/Project_RM8398/Sample_U3a/U3a_AGTTCC_L001_R2_003.fastq.gz	553033065
data/NA12878/NIST_NA12878_HG001_HiSeq_300x/140115_D00360_0009_AH8962ADXX/Project_RM8398/Sample_U3a/U3a_AGTTCC_L001_R2_004.fastq.gz	546185138
data/NA12878/NIST_NA12878_HG001_HiSeq_300x/140115_D00360_0009_AH8962ADXX/Project_RM8398/Sample_U3a/U3a_AGTTCC_L001_R2_005.fastq.gz	29607018
data/NA12878/NIST_NA12878_HG001_HiSeq_300x/140115_D00360_0009_AH8962ADXX/Project_RM8398/Sample_U3a/U3a_AGTTCC_L002_R1_001.fastq.gz	526412226
data/NA12878/NIST_NA12878_HG001_HiSeq_300x/140115_D00360_0009_AH8962ADXX/Project_RM8398/Sample_U3a/U3a_AGTTCC_L002_R1_002.fastq.gz	525972992
data/NA12878/NIST_NA12878_HG001_HiSeq_300x/140115_D00360_0009_AH8962ADXX/Project_RM8398/Sample_U3a/U3a_AGTTCC_L002_R1_003.fastq.gz	520868898
data/NA12878/NIST_NA12878_HG001_HiSeq_300x/140115_D00360_0009_AH8962ADXX/Project_RM8398/Sample_U3a/U3a_AGTTCC_L002_R1_004.fastq.gz	521191956
data/NA12878/NIST_NA12878_HG001_HiSeq_300x/140115_D00360_0009_AH8962ADXX/Project_RM8398/Sample_U3a/U3a_AGTTCC_L002_R1_005.fastq.gz	44565598
data/NA12878/NIST_NA12878_HG001_HiSeq_300x/140115_D00360_0009_AH8962ADXX/Project_RM8398/Sample_U3a/U3a_AGTTCC_L002_R2_001.fastq.gz	554882299
data/NA12878/NIST_NA12878_HG001_HiSeq_300x/140115_D00360_0009_AH8962ADXX/Project_RM8398/Sample_U3a/U3a_AGTTCC_L002_R2_002.fastq.gz	553074208
data/NA12878/NIST_NA12878_HG001_HiSeq_300x/140115_D00360_0009_AH8962ADXX/Project_RM8398/Sample_U3a/U3a_AGTTCC_L002_R2_003.fastq.gz	550505536
data/NA12878/NIST_NA12878_HG001_HiSeq_300x/140115_D00360_0009_AH8962ADXX/Project_RM8398/Sample_U3a/U3a_AGTTCC_L002_R2_004.fastq.gz	549383151
data/NA12878/NIST_NA12878_HG001_HiSeq_300x/140115_D00360_0009_AH8962ADXX/Project_RM8398/Sample_U3a/U3a_AGTTCC_L002_R2_005.fastq.gz	46500629
data/NA12878/NIST_NA12878_HG001_HiSeq_300x/140115_D00360_0009_AH8962ADXX/Project_RM8398/Sample_U3b/SampleSheet.csv	157
data/NA12878/NIST_NA12878_HG001_HiSeq_300x/140115_D00360_0009_AH8962ADXX/Project_RM8398/Sample_U3b/U3b_ATGTCA_L001_R1_001.fastq.gz	532674011
data/NA12878/NIST_NA12878_HG001_HiSeq_300x/140115_D00360_0009_AH8962ADXX/Project_RM8398/Sample_U3b/U3b_ATGTCA_L001_R1_002.fastq.gz	526520148
data/NA12878/NIST_NA12878_HG001_HiSeq_300x/140115_D00360_0009_AH8962ADXX/Project_RM8398/Sample_U3b/U3b_ATGTCA_L001_R1_003.fastq.gz	529359064
data/NA12878/NIST_NA12878_HG001_HiSeq_300x/140115_D00360_0009_AH8962ADXX/Project_RM8398/Sample_U3b/U3b_ATGTCA_L001_R1_004.fastq.gz	520978639
data/NA12878/NIST_NA12878_HG001_HiSeq_300x/140115_D00360_0009_AH8962ADXX/Project_RM8398/Sample_U3b/U3b_ATGTCA_L001_R1_005.fastq.gz	343176941
data/NA12878/NIST_NA12878_HG001_HiSeq_300x/140115_D00360_0009_AH8962ADXX/Project_RM8398/Sample_U3b/U3b_ATGTCA_L001_R2_001.fastq.gz	566976732
data/NA12878/NIST_NA12878_HG001_HiSeq_300x/140115_D00360_0009_AH8962ADXX/Project_RM8398/Sample_U3b/U3b_ATGTCA_L001_R2_002.fastq.gz	559573184
data/NA12878/NIST_NA12878_HG001_HiSeq_300x/140115_D00360_0009_AH8962ADXX/Project_RM8398/Sample_U3b/U3b_ATGTCA_L001_R2_003.fastq.gz	563032682
data/NA12878/NIST_NA12878_HG001_HiSeq_300x/140115_D00360_0009_AH8962ADXX/Project_RM8398/Sample_U3b/U3b_ATGTCA_L001_R2_004.fastq.gz	553311323
data/NA12878/NIST_NA12878_HG001_HiSeq_300x/140115_D00360_0009_AH8962ADXX/Project_RM8398/Sample_U3b/U3b_ATGTCA_L001_R2_005.fastq.gz	362530455
data/NA12878/NIST_NA12878_HG001_HiSeq_300x/140115_D00360_0009_AH8962ADXX/Project_RM8398/Sample_U3b/U3b_ATGTCA_L002_R1_001.fastq.gz	527851318
data/NA12878/NIST_NA12878_HG001_HiSeq_300x/140115_D00360_0009_AH8962ADXX/Project_RM8398/Sample_U3b/U3b_ATGTCA_L002_R1_002.fastq.gz	528998227
data/NA12878/NIST_NA12878_HG001_HiSeq_300x/140115_D00360_0009_AH8962ADXX/Project_RM8398/Sample_U3b/U3b_ATGTCA_L002_R1_003.fastq.gz	526642863
data/NA12878/NIST_NA12878_HG001_HiSeq_300x/140115_D00360_0009_AH8962ADXX/Project_RM8398/Sample_U3b/U3b_ATGTCA_L002_R1_004.fastq.gz	525642045
data/NA12878/NIST_NA12878_HG001_HiSeq_300x/140115_D00360_0009_AH8962ADXX/Project_RM8398/Sample_U3b/U3b_ATGTCA_L002_R1_005.fastq.gz	370746391
data/NA12878/NIST_NA12878_HG001_HiSeq_300x/140115_D00360_0009_AH8962ADXX/Project_RM8398/Sample_U3b/U3b_ATGTCA_L002_R2_001.fastq.gz	560933210
data/NA12878/NIST_NA12878_HG001_HiSeq_300x/140115_D00360_0009_AH8962ADXX/Project_RM8398/Sample_U3b/U3b_ATGTCA_L002_R2_002.fastq.gz	559592852
data/NA12878/NIST_NA12878_HG001_HiSeq_300x/140115_D00360_0009_AH8962ADXX/Project_RM8398/Sample_U3b/U3b_ATGTCA_L002_R2_003.fastq.gz	558731954
data/NA12878/NIST_NA12878_HG001_HiSeq_300x/140115_D00360_0009_AH8962ADXX/Project_RM8398/Sample_U3b/U3b_ATGTCA_L002_R2_004.fastq.gz	557772862
data/NA12878/NIST_NA12878_HG001_HiSeq_300x/140115_D00360_0009_AH8962ADXX/Project_RM8398/Sample_U3b/U3b_ATGTCA_L002_R2_005.fastq.gz	390761465
data/NA12878/NIST_NA12878_HG001_HiSeq_300x/140115_D00360_0009_AH8962ADXX/Project_RM8398/Sample_U4a/SampleSheet.csv	157
data/NA12878/NIST_NA12878_HG001_HiSeq_300x/140115_D00360_0009_AH8962ADXX/Project_RM8398/Sample_U4a/U4a_GTCCGC_L001_R1_001.fastq.gz	528798364
data/NA12878/NIST_NA12878_HG001_HiSeq_300x/140115_D00360_0009_AH8962ADXX/Project_RM8398/Sample_U4a/U4a_GTCCGC_L001_R1_002.fastq.gz	524082025
data/NA12878/NIST_NA12878_HG001_HiSeq_300x/140115_D00360_0009_AH8962ADXX/Project_RM8398/Sample_U4a/U4a_GTCCGC_L001_R1_003.fastq.gz	519080288
data/NA12878/NIST_NA12878_HG001_HiSeq_300x/140115_D00360_0009_AH8962ADXX/Project_RM8398/Sample_U4a/U4a_GTCCGC_L001_R1_004.fastq.gz	367634380
data/NA12878/NIST_NA12878_HG001_HiSeq_300x/140115_D00360_0009_AH8962ADXX/Project_RM8398/Sample_U4a/U4a_GTCCGC_L001_R2_001.fastq.gz	557906885
data/NA12878/NIST_NA12878_HG001_HiSeq_300x/140115_D00360_0009_AH8962ADXX/Project_RM8398/Sample_U4a/U4a_GTCCGC_L001_R2_002.fastq.gz	552255515
data/NA12878/NIST_NA12878_HG001_HiSeq_300x/140115_D00360_0009_AH8962ADXX/Project_RM8398/Sample_U4a/U4a_GTCCGC_L001_R2_003.fastq.gz	548228254
data/NA12878/NIST_NA12878_HG001_HiSeq_300x/140115_D00360_0009_AH8962ADXX/Project_RM8398/Sample_U4a/U4a_GTCCGC_L001_R2_004.fastq.gz	386913818
data/NA12878/NIST_NA12878_HG001_HiSeq_300x/140115_D00360_0009_AH8962ADXX/Project_RM8398/Sample_U4a/U4a_GTCCGC_L002_R1_001.fastq.gz	524822803
data/NA12878/NIST_NA12878_HG001_HiSeq_300x/140115_D00360_0009_AH8962ADXX/Project_RM8398/Sample_U4a/U4a_GTCCGC_L002_R1_002.fastq.gz	524470109
data/NA12878/NIST_NA12878_HG001_HiSeq_300x/140115_D00360_0009_AH8962ADXX/Project_RM8398/Sample_U4a/U4a_GTCCGC_L002_R1_003.fastq.gz	519932268
data/NA12878/NIST_NA12878_HG001_HiSeq_300x/140115_D00360_0009_AH8962ADXX/Project_RM8398/Sample_U4a/U4a_GTCCGC_L002_R1_004.fastq.gz	379217833
data/NA12878/NIST_NA12878_HG001_HiSeq_300x/140115_D00360_0009_AH8962ADXX/Project_RM8398/Sample_U4a/U4a_GTCCGC_L002_R2_001.fastq.gz	552319084
data/NA12878/NIST_NA12878_HG001_HiSeq_300x/140115_D00360_0009_AH8962ADXX/Project_RM8398/Sample_U4a/U4a_GTCCGC_L002_R2_002.fastq.gz	550704689
data/NA12878/NIST_NA12878_HG001_HiSeq_300x/140115_D00360_0009_AH8962ADXX/Project_RM8398/Sample_U4a/U4a_GTCCGC_L002_R2_003.fastq.gz	548116828
data/NA12878/NIST_NA12878_HG001_HiSeq_300x/140115_D00360_0009_AH8962ADXX/Project_RM8398/Sample_U4a/U4a_GTCCGC_L002_R2_004.fastq.gz	397886193
data/NA12878/NIST_NA12878_HG001_HiSeq_300x/140115_D00360_0009_AH8962ADXX/Project_RM8398/Sample_U4b/SampleSheet.csv	157
data/NA12878/NIST_NA12878_HG001_HiSeq_300x/140115_D00360_0009_AH8962ADXX/Project_RM8398/Sample_U4b/U4b_GTGAAA_L001_R1_001.fastq.gz	530817020
data/NA12878/NIST_NA12878_HG001_HiSeq_300x/140115_D00360_0009_AH8962ADXX/Project_RM8398/Sample_U4b/U4b_GTGAAA_L001_R1_002.fastq.gz	523581453
data/NA12878/NIST_NA12878_HG001_HiSeq_300x/140115_D00360_0009_AH8962ADXX/Project_RM8398/Sample_U4b/U4b_GTGAAA_L001_R1_003.fastq.gz	523160340
data/NA12878/NIST_NA12878_HG001_HiSeq_300x/140115_D00360_0009_AH8962ADXX/Project_RM8398/Sample_U4b/U4b_GTGAAA_L001_R1_004.fastq.gz	516772928
data/NA12878/NIST_NA12878_HG001_HiSeq_300x/140115_D00360_0009_AH8962ADXX/Project_RM8398/Sample_U4b/U4b_GTGAAA_L001_R1_005.fastq.gz	44362779
data/NA12878/NIST_NA12878_HG001_HiSeq_300x/140115_D00360_0009_AH8962ADXX/Project_RM8398/Sample_U4b/U4b_GTGAAA_L001_R2_001.fastq.gz	565527316
data/NA12878/NIST_NA12878_HG001_HiSeq_300x/140115_D00360_0009_AH8962ADXX/Project_RM8398/Sample_U4b/U4b_GTGAAA_L001_R2_002.fastq.gz	557465334
data/NA12878/NIST_NA12878_HG001_HiSeq_300x/140115_D00360_0009_AH8962ADXX/Project_RM8398/Sample_U4b/U4b_GTGAAA_L001_R2_003.fastq.gz	558769597
data/NA12878/NIST_NA12878_HG001_HiSeq_300x/140115_D00360_0009_AH8962ADXX/Project_RM8398/Sample_U4b/U4b_GTGAAA_L001_R2_004.fastq.gz	551952184
data/NA12878/NIST_NA12878_HG001_HiSeq_300x/140115_D00360_0009_AH8962ADXX/Project_RM8398/Sample_U4b/U4b_GTGAAA_L001_R2_005.fastq.gz	46504560
data/NA12878/NIST_NA12878_HG001_HiSeq_300x/140115_D00360_0009_AH8962ADXX/Project_RM8398/Sample_U4b/U4b_GTGAAA_L002_R1_001.fastq.gz	526073878
data/NA12878/NIST_NA12878_HG001_HiSeq_300x/140115_D00360_0009_AH8962ADXX/Project_RM8398/Sample_U4b/U4b_GTGAAA_L002_R1_002.fastq.gz	525752254
data/NA12878/NIST_NA12878_HG001_HiSeq_300x/140115_D00360_0009_AH8962ADXX/Project_RM8398/Sample_U4b/U4b_GTGAAA_L002_R1_003.fastq.gz	521022141
data/NA12878/NIST_NA12878_HG001_HiSeq_300x/140115_D00360_0009_AH8962ADXX/Project_RM8398/Sample_U4b/U4b_GTGAAA_L002_R1_004.fastq.gz	521297424
data/NA12878/NIST_NA12878_HG001_HiSeq_300x/140115_D00360_0009_AH8962ADXX/Project_RM8398/Sample_U4b/U4b_GTGAAA_L002_R1_005.fastq.gz	49618834
data/NA12878/NIST_NA12878_HG001_HiSeq_300x/140115_D00360_0009_AH8962ADXX/Project_RM8398/Sample_U4b/U4b_GTGAAA_L002_R2_001.fastq.gz	559363747
data/NA12878/NIST_NA12878_HG001_HiSeq_300x/140115_D00360_0009_AH8962ADXX/Project_RM8398/Sample_U4b/U4b_GTGAAA_L002_R2_002.fastq.gz	557702917
data/NA12878/NIST_NA12878_HG001_HiSeq_300x/140115_D00360_0009_AH8962ADXX/Project_RM8398/Sample_U4b/U4b_GTGAAA_L002_R2_003.fastq.gz	555795108
data/NA12878/NIST_NA12878_HG001_HiSeq_300x/140115_D00360_0009_AH8962ADXX/Project_RM8398/Sample_U4b/U4b_GTGAAA_L002_R2_004.fastq.gz	554735198
data/NA12878/NIST_NA12878_HG001_HiSeq_300x/140115_D00360_0009_AH8962ADXX/Project_RM8398/Sample_U4b/U4b_GTGAAA_L002_R2_005.fastq.gz	52104449
data/NA12878/NIST_NA12878_HG001_HiSeq_300x/140115_D00360_0010_BH894YADXX/Project_RM8398/Sample_U1a/SampleSheet.csv	157
data/NA12878/NIST_NA12878_HG001_HiSeq_300x/140115_D00360_0010_BH894YADXX/Project_RM8398/Sample_U1a/U1a_ACAGTG_L001_R1_001.fastq.gz	97809646
data/NA12878/NIST_NA12878_HG001_HiSeq_300x/140115_D00360_0010_BH894YADXX/Project_RM8398/Sample_U1a/U1a_ACAGTG_L001_R2_001.fastq.gz	99788308
data/NA12878/NIST_NA12878_HG001_HiSeq_300x/140115_D00360_0010_BH894YADXX/Project_RM8398/Sample_U1a/U1a_ACAGTG_L002_R1_001.fastq.gz	89598818
data/NA12878/NIST_NA12878_HG001_HiSeq_300x/140115_D00360_0010_BH894YADXX/Project_RM8398/Sample_U1a/U1a_ACAGTG_L002_R2_001.fastq.gz	91094210
data/NA12878/NIST_NA12878_HG001_HiSeq_300x/140115_D00360_0010_BH894YADXX/Project_RM8398/Sample_U1b/SampleSheet.csv	157
data/NA12878/NIST_NA12878_HG001_HiSeq_300x/140115_D00360_0010_BH894YADXX/Project_RM8398/Sample_U1b/U1b_GCCAAT_L001_R1_001.fastq.gz	140868371
data/NA12878/NIST_NA12878_HG001_HiSeq_300x/140115_D00360_0010_BH894YADXX/Project_RM8398/Sample_U1b/U1b_GCCAAT_L001_R2_001.fastq.gz	143155314
data/NA12878/NIST_NA12878_HG001_HiSeq_300x/140115_D00360_0010_BH894YADXX/Project_RM8398/Sample_U1b/U1b_GCCAAT_L002_R1_001.fastq.gz	125899593
data/NA12878/NIST_NA12878_HG001_HiSeq_300x/140115_D00360_0010_BH894YADXX/Project_RM8398/Sample_U1b/U1b_GCCAAT_L002_R2_001.fastq.gz	127600237
data/NA12878/NIST_NA12878_HG001_HiSeq_300x/140115_D00360_0010_BH894YADXX/Project_RM8398/Sample_U2a/SampleSheet.csv	157
data/NA12878/NIST_NA12878_HG001_HiSeq_300x/140115_D00360_0010_BH894YADXX/Project_RM8398/Sample_U2a/U2a_CTTGTA_L001_R1_001.fastq.gz	140537426
data/NA12878/NIST_NA12878_HG001_HiSeq_300x/140115_D00360_0010_BH894YADXX/Project_RM8398/Sample_U2a/U2a_CTTGTA_L001_R2_001.fastq.gz	142469155
data/NA12878/NIST_NA12878_HG001_HiSeq_300x/140115_D00360_0010_BH894YADXX/Project_RM8398/Sample_U2a/U2a_CTTGTA_L002_R1_001.fastq.gz	124976105
data/NA12878/NIST_NA12878_HG001_HiSeq_300x/140115_D00360_0010_BH894YADXX/Project_RM8398/Sample_U2a/U2a_CTTGTA_L002_R2_001.fastq.gz	126517640
data/NA12878/NIST_NA12878_HG001_HiSeq_300x/140115_D00360_0010_BH894YADXX/Project_RM8398/Sample_U2b/SampleSheet.csv	157
data/NA12878/NIST_NA12878_HG001_HiSeq_300x/140115_D00360_0010_BH894YADXX/Project_RM8398/Sample_U2b/U2b_AGTCAA_L001_R1_001.fastq.gz	146887226
data/NA12878/NIST_NA12878_HG001_HiSeq_300x/140115_D00360_0010_BH894YADXX/Project_RM8398/Sample_U2b/U2b_AGTCAA_L001_R2_001.fastq.gz	149271016
data/NA12878/NIST_NA12878_HG001_HiSeq_300x/140115_D00360_0010_BH894YADXX/Project_RM8398/Sample_U2b/U2b_AGTCAA_L002_R1_001.fastq.gz	130963940
data/NA12878/NIST_NA12878_HG001_HiSeq_300x/140115_D00360_0010_BH894YADXX/Project_RM8398/Sample_U2b/U2b_AGTCAA_L002_R2_001.fastq.gz	132805547
data/NA12878/NIST_NA12878_HG001_HiSeq_300x/140115_D00360_0010_BH894YADXX/Project_RM8398/Sample_U3a/SampleSheet.csv	157
data/NA12878/NIST_NA12878_HG001_HiSeq_300x/140115_D00360_0010_BH894YADXX/Project_RM8398/Sample_U3a/U3a_AGTTCC_L001_R1_001.fastq.gz	127670587
data/NA12878/NIST_NA12878_HG001_HiSeq_300x/140115_D00360_0010_BH894YADXX/Project_RM8398/Sample_U3a/U3a_AGTTCC_L001_R2_001.fastq.gz	130562673
data/NA12878/NIST_NA12878_HG001_HiSeq_300x/140115_D00360_0010_BH894YADXX/Project_RM8398/Sample_U3a/U3a_AGTTCC_L002_R1_001.fastq.gz	112614743
data/NA12878/NIST_NA12878_HG001_HiSeq_300x/140115_D00360_0010_BH894YADXX/Project_RM8398/Sample_U3a/U3a_AGTTCC_L002_R2_001.fastq.gz	114852479
data/NA12878/NIST_NA12878_HG001_HiSeq_300x/140115_D00360_0010_BH894YADXX/Project_RM8398/Sample_U3b/SampleSheet.csv	157
data/NA12878/NIST_NA12878_HG001_HiSeq_300x/140115_D00360_0010_BH894YADXX/Project_RM8398/Sample_U3b/U3b_ATGTCA_L001_R1_001.fastq.gz	132876103
data/NA12878/NIST_NA12878_HG001_HiSeq_300x/140115_D00360_0010_BH894YADXX/Project_RM8398/Sample_U3b/U3b_ATGTCA_L001_R2_001.fastq.gz	135234832
data/NA12878/NIST_NA12878_HG001_HiSeq_300x/140115_D00360_0010_BH894YADXX/Project_RM8398/Sample_U3b/U3b_ATGTCA_L002_R1_001.fastq.gz	117322296
data/NA12878/NIST_NA12878_HG001_HiSeq_300x/140115_D00360_0010_BH894YADXX/Project_RM8398/Sample_U3b/U3b_ATGTCA_L002_R2_001.fastq.gz	119120280
data/NA12878/NIST_NA12878_HG001_HiSeq_300x/140115_D00360_0010_BH894YADXX/Project_RM8398/Sample_U4a/SampleSheet.csv	157
data/NA12878/NIST_NA12878_HG001_HiSeq_300x/140115_D00360_0010_BH894YADXX/Project_RM8398/Sample_U4a/U4a_GTCCGC_L001_R1_001.fastq.gz	109848189
data/NA12878/NIST_NA12878_HG001_HiSeq_300x/140115_D00360_0010_BH894YADXX/Project_RM8398/Sample_U4a/U4a_GTCCGC_L001_R2_001.fastq.gz	112283703
data/NA12878/NIST_NA12878_HG001_HiSeq_300x/140115_D00360_0010_BH894YADXX/Project_RM8398/Sample_U4a/U4a_GTCCGC_L002_R1_001.fastq.gz	96291882
data/NA12878/NIST_NA12878_HG001_HiSeq_300x/140115_D00360_0010_BH894YADXX/Project_RM8398/Sample_U4a/U4a_GTCCGC_L002_R2_001.fastq.gz	98042637
data/NA12878/NIST_NA12878_HG001_HiSeq_300x/140115_D00360_0010_BH894YADXX/Project_RM8398/Sample_U4b/SampleSheet.csv	157
data/NA12878/NIST_NA12878_HG001_HiSeq_300x/140115_D00360_0010_BH894YADXX/Project_RM8398/Sample_U4b/U4b_GTGAAA_L001_R1_001.fastq.gz	116560387
data/NA12878/NIST_NA12878_HG001_HiSeq_300x/140115_D00360_0010_BH894YADXX/Project_RM8398/Sample_U4b/U4b_GTGAAA_L001_R2_001.fastq.gz	119151242
data/NA12878/NIST_NA12878_HG001_HiSeq_300x/140115_D00360_0010_BH894YADXX/Project_RM8398/Sample_U4b/U4b_GTGAAA_L002_R1_001.fastq.gz	103324581
data/NA12878/NIST_NA12878_HG001_HiSeq_300x/140115_D00360_0010_BH894YADXX/Project_RM8398/Sample_U4b/U4b_GTGAAA_L002_R2_001.fastq.gz	105295399
data/NA12878/NIST_NA12878_HG001_HiSeq_300x/140127_D00360_0011_AHGV6ADXX/Project_RM8398/Sample_U1a/SampleSheet.csv	157
data/NA12878/NIST_NA12878_HG001_HiSeq_300x/140127_D00360_0011_AHGV6ADXX/Project_RM8398/Sample_U1a/U1a_ACAGTG_L001_R1_001.fastq.gz	529467739
data/NA12878/NIST_NA12878_HG001_HiSeq_300x/140127_D00360_0011_AHGV6ADXX/Project_RM8398/Sample_U1a/U1a_ACAGTG_L001_R1_002.fastq.gz	525938309
data/NA12878/NIST_NA12878_HG001_HiSeq_300x/140127_D00360_0011_AHGV6ADXX/Project_RM8398/Sample_U1a/U1a_ACAGTG_L001_R1_003.fastq.gz	525896287
data/NA12878/NIST_NA12878_HG001_HiSeq_300x/140127_D00360_0011_AHGV6ADXX/Project_RM8398/Sample_U1a/U1a_ACAGTG_L001_R1_004.fastq.gz	522116896
data/NA12878/NIST_NA12878_HG001_HiSeq_300x/140127_D00360_0011_AHGV6ADXX/Project_RM8398/Sample_U1a/U1a_ACAGTG_L001_R1_005.fastq.gz	153459411
data/NA12878/NIST_NA12878_HG001_HiSeq_300x/140127_D00360_0011_AHGV6ADXX/Project_RM8398/Sample_U1a/U1a_ACAGTG_L001_R2_001.fastq.gz	567961750
data/NA12878/NIST_NA12878_HG001_HiSeq_300x/140127_D00360_0011_AHGV6ADXX/Project_RM8398/Sample_U1a/U1a_ACAGTG_L001_R2_002.fastq.gz	563255612
data/NA12878/NIST_NA12878_HG001_HiSeq_300x/140127_D00360_0011_AHGV6ADXX/Project_RM8398/Sample_U1a/U1a_ACAGTG_L001_R2_003.fastq.gz	562838067
data/NA12878/NIST_NA12878_HG001_HiSeq_300x/140127_D00360_0011_AHGV6ADXX/Project_RM8398/Sample_U1a/U1a_ACAGTG_L001_R2_004.fastq.gz	558027866
data/NA12878/NIST_NA12878_HG001_HiSeq_300x/140127_D00360_0011_AHGV6ADXX/Project_RM8398/Sample_U1a/U1a_ACAGTG_L001_R2_005.fastq.gz	161553068
data/NA12878/NIST_NA12878_HG001_HiSeq_300x/140127_D00360_0011_AHGV6ADXX/Project_RM8398/Sample_U1a/U1a_ACAGTG_L002_R1_001.fastq.gz	528785894
data/NA12878/NIST_NA12878_HG001_HiSeq_300x/140127_D00360_0011_AHGV6ADXX/Project_RM8398/Sample_U1a/U1a_ACAGTG_L002_R1_002.fastq.gz	529237882
data/NA12878/NIST_NA12878_HG001_HiSeq_300x/140127_D00360_0011_AHGV6ADXX/Project_RM8398/Sample_U1a/U1a_ACAGTG_L002_R1_003.fastq.gz	527664779
data/NA12878/NIST_NA12878_HG001_HiSeq_300x/140127_D00360_0011_AHGV6ADXX/Project_RM8398/Sample_U1a/U1a_ACAGTG_L002_R1_004.fastq.gz	527087075
data/NA12878/NIST_NA12878_HG001_HiSeq_300x/140127_D00360_0011_AHGV6ADXX/Project_RM8398/Sample_U1a/U1a_ACAGTG_L002_R1_005.fastq.gz	179936966
data/NA12878/NIST_NA12878_HG001_HiSeq_300x/140127_D00360_0011_AHGV6ADXX/Project_RM8398/Sample_U1a/U1a_ACAGTG_L002_R2_001.fastq.gz	565871230
data/NA12878/NIST_NA12878_HG001_HiSeq_300x/140127_D00360_0011_AHGV6ADXX/Project_RM8398/Sample_U1a/U1a_ACAGTG_L002_R2_002.fastq.gz	565088310
data/NA12878/NIST_NA12878_HG001_HiSeq_300x/140127_D00360_0011_AHGV6ADXX/Project_RM8398/Sample_U1a/U1a_ACAGTG_L002_R2_003.fastq.gz	563324712
data/NA12878/NIST_NA12878_HG001_HiSeq_300x/140127_D00360_0011_AHGV6ADXX/Project_RM8398/Sample_U1a/U1a_ACAGTG_L002_R2_004.fastq.gz	561512530
data/NA12878/NIST_NA12878_HG001_HiSeq_300x/140127_D00360_0011_AHGV6ADXX/Project_RM8398/Sample_U1a/U1a_ACAGTG_L002_R2_005.fastq.gz	188908617
data/NA12878/NIST_NA12878_HG001_HiSeq_300x/140127_D00360_0011_AHGV6ADXX/Project_RM8398/Sample_U1b/SampleSheet.csv	157
data/NA12878/NIST_NA12878_HG001_HiSeq_300x/140127_D00360_0011_AHGV6ADXX/Project_RM8398/Sample_U1b/U1b_GCCAAT_L001_R1_001.fastq.gz	524112391
data/NA12878/NIST_NA12878_HG001_HiSeq_300x/140127_D00360_0011_AHGV6ADXX/Project_RM8398/Sample_U1b/U1b_GCCAAT_L001_R1_002.fastq.gz	520398149
data/NA12878/NIST_NA12878_HG001_HiSeq_300x/140127_D00360_0011_AHGV6ADXX/Project_RM8398/Sample_U1b/U1b_GCCAAT_L001_R1_003.fastq.gz	519971281
data/NA12878/NIST_NA12878_HG001_HiSeq_300x/140127_D00360_0011_AHGV6ADXX/Project_RM8398/Sample_U1b/U1b_GCCAAT_L001_R1_004.fastq.gz	516024684
data/NA12878/NIST_NA12878_HG001_HiSeq_300x/140127_D00360_0011_AHGV6ADXX/Project_RM8398/Sample_U1b/U1b_GCCAAT_L001_R1_005.fastq.gz	109343780
data/NA12878/NIST_NA12878_HG001_HiSeq_300x/140127_D00360_0011_AHGV6ADXX/Project_RM8398/Sample_U1b/U1b_GCCAAT_L001_R2_001.fastq.gz	556401223
data/NA12878/NIST_NA12878_HG001_HiSeq_300x/140127_D00360_0011_AHGV6ADXX/Project_RM8398/Sample_U1b/U1b_GCCAAT_L001_R2_002.fastq.gz	551098310
data/NA12878/NIST_NA12878_HG001_HiSeq_300x/140127_D00360_0011_AHGV6ADXX/Project_RM8398/Sample_U1b/U1b_GCCAAT_L001_R2_003.fastq.gz	551278476
data/NA12878/NIST_NA12878_HG001_HiSeq_300x/140127_D00360_0011_AHGV6ADXX/Project_RM8398/Sample_U1b/U1b_GCCAAT_L001_R2_004.fastq.gz	546472080
data/NA12878/NIST_NA12878_HG001_HiSeq_300x/140127_D00360_0011_AHGV6ADXX/Project_RM8398/Sample_U1b/U1b_GCCAAT_L001_R2_005.fastq.gz	114280279
data/NA12878/NIST_NA12878_HG001_HiSeq_300x/140127_D00360_0011_AHGV6ADXX/Project_RM8398/Sample_U1b/U1b_GCCAAT_L002_R1_001.fastq.gz	523338498
data/NA12878/NIST_NA12878_HG001_HiSeq_300x/140127_D00360_0011_AHGV6ADXX/Project_RM8398/Sample_U1b/U1b_GCCAAT_L002_R1_002.fastq.gz	523602570
data/NA12878/NIST_NA12878_HG001_HiSeq_300x/140127_D00360_0011_AHGV6ADXX/Project_RM8398/Sample_U1b/U1b_GCCAAT_L002_R1_003.fastq.gz	521558035
data/NA12878/NIST_NA12878_HG001_HiSeq_300x/140127_D00360_0011_AHGV6ADXX/Project_RM8398/Sample_U1b/U1b_GCCAAT_L002_R1_004.fastq.gz	520884319
data/NA12878/NIST_NA12878_HG001_HiSeq_300x/140127_D00360_0011_AHGV6ADXX/Project_RM8398/Sample_U1b/U1b_GCCAAT_L002_R1_005.fastq.gz	130259800
data/NA12878/NIST_NA12878_HG001_HiSeq_300x/140127_D00360_0011_AHGV6ADXX/Project_RM8398/Sample_U1b/U1b_GCCAAT_L002_R2_001.fastq.gz	553926060
data/NA12878/NIST_NA12878_HG001_HiSeq_300x/140127_D00360_0011_AHGV6ADXX/Project_RM8398/Sample_U1b/U1b_GCCAAT_L002_R2_002.fastq.gz	553388063
data/NA12878/NIST_NA12878_HG001_HiSeq_300x/140127_D00360_0011_AHGV6ADXX/Project_RM8398/Sample_U1b/U1b_GCCAAT_L002_R2_003.fastq.gz	551788136
data/NA12878/NIST_NA12878_HG001_HiSeq_300x/140127_D00360_0011_AHGV6ADXX/Project_RM8398/Sample_U1b/U1b_GCCAAT_L002_R2_004.fastq.gz	549771714
data/NA12878/NIST_NA12878_HG001_HiSeq_300x/140127_D00360_0011_AHGV6ADXX/Project_RM8398/Sample_U1b/U1b_GCCAAT_L002_R2_005.fastq.gz	135812931
data/NA12878/NIST_NA12878_HG001_HiSeq_300x/140127_D00360_0011_AHGV6ADXX/Project_RM8398/Sample_U2a/SampleSheet.csv	157
data/NA12878/NIST_NA12878_HG001_HiSeq_300x/140127_D00360_0011_AHGV6ADXX/Project_RM8398/Sample_U2a/U2a_CTTGTA_L001_R1_001.fastq.gz	527187607
data/NA12878/NIST_NA12878_HG001_HiSeq_300x/140127_D00360_0011_AHGV6ADXX/Project_RM8398/Sample_U2a/U2a_CTTGTA_L001_R1_002.fastq.gz	523959216
data/NA12878/NIST_NA12878_HG001_HiSeq_300x/140127_D00360_0011_AHGV6ADXX/Project_RM8398/Sample_U2a/U2a_CTTGTA_L001_R1_003.fastq.gz	524389025
data/NA12878/NIST_NA12878_HG001_HiSeq_300x/140127_D00360_0011_AHGV6ADXX/Project_RM8398/Sample_U2a/U2a_CTTGTA_L001_R1_004.fastq.gz	520507491
data/NA12878/NIST_NA12878_HG001_HiSeq_300x/140127_D00360_0011_AHGV6ADXX/Project_RM8398/Sample_U2a/U2a_CTTGTA_L001_R1_005.fastq.gz	164273613
data/NA12878/NIST_NA12878_HG001_HiSeq_300x/140127_D00360_0011_AHGV6ADXX/Project_RM8398/Sample_U2a/U2a_CTTGTA_L001_R2_001.fastq.gz	561879093
data/NA12878/NIST_NA12878_HG001_HiSeq_300x/140127_D00360_0011_AHGV6ADXX/Project_RM8398/Sample_U2a/U2a_CTTGTA_L001_R2_002.fastq.gz	557043696
data/NA12878/NIST_NA12878_HG001_HiSeq_300x/140127_D00360_0011_AHGV6ADXX/Project_RM8398/Sample_U2a/U2a_CTTGTA_L001_R2_003.fastq.gz	557403616
data/NA12878/NIST_NA12878_HG001_HiSeq_300x/140127_D00360_0011_AHGV6ADXX/Project_RM8398/Sample_U2a/U2a_CTTGTA_L001_R2_004.fastq.gz	552292081
data/NA12878/NIST_NA12878_HG001_HiSeq_300x/140127_D00360_0011_AHGV6ADXX/Project_RM8398/Sample_U2a/U2a_CTTGTA_L001_R2_005.fastq.gz	172331574
data/NA12878/NIST_NA12878_HG001_HiSeq_300x/140127_D00360_0011_AHGV6ADXX/Project_RM8398/Sample_U2a/U2a_CTTGTA_L002_R1_001.fastq.gz	526678812
data/NA12878/NIST_NA12878_HG001_HiSeq_300x/140127_D00360_0011_AHGV6ADXX/Project_RM8398/Sample_U2a/U2a_CTTGTA_L002_R1_002.fastq.gz	527215957
data/NA12878/NIST_NA12878_HG001_HiSeq_300x/140127_D00360_0011_AHGV6ADXX/Project_RM8398/Sample_U2a/U2a_CTTGTA_L002_R1_003.fastq.gz	525969504
data/NA12878/NIST_NA12878_HG001_HiSeq_300x/140127_D00360_0011_AHGV6ADXX/Project_RM8398/Sample_U2a/U2a_CTTGTA_L002_R1_004.fastq.gz	525333781
data/NA12878/NIST_NA12878_HG001_HiSeq_300x/140127_D00360_0011_AHGV6ADXX/Project_RM8398/Sample_U2a/U2a_CTTGTA_L002_R1_005.fastq.gz	190208904
data/NA12878/NIST_NA12878_HG001_HiSeq_300x/140127_D00360_0011_AHGV6ADXX/Project_RM8398/Sample_U2a/U2a_CTTGTA_L002_R2_001.fastq.gz	559839872
data/NA12878/NIST_NA12878_HG001_HiSeq_300x/140127_D00360_0011_AHGV6ADXX/Project_RM8398/Sample_U2a/U2a_CTTGTA_L002_R2_002.fastq.gz	559192742
data/NA12878/NIST_NA12878_HG001_HiSeq_300x/140127_D00360_0011_AHGV6ADXX/Project_RM8398/Sample_U2a/U2a_CTTGTA_L002_R2_003.fastq.gz	557640207
data/NA12878/NIST_NA12878_HG001_HiSeq_300x/140127_D00360_0011_AHGV6ADXX/Project_RM8398/Sample_U2a/U2a_CTTGTA_L002_R2_004.fastq.gz	555862362
data/NA12878/NIST_NA12878_HG001_HiSeq_300x/140127_D00360_0011_AHGV6ADXX/Project_RM8398/Sample_U2a/U2a_CTTGTA_L002_R2_005.fastq.gz	198810141
data/NA12878/NIST_NA12878_HG001_HiSeq_300x/140127_D00360_0011_AHGV6ADXX/Project_RM8398/Sample_U2b/SampleSheet.csv	157
data/NA12878/NIST_NA12878_HG001_HiSeq_300x/140127_D00360_0011_AHGV6ADXX/Project_RM8398/Sample_U2b/U2b_AGTCAA_L001_R1_001.fastq.gz	523790866
data/NA12878/NIST_NA12878_HG001_HiSeq_300x/140127_D00360_0011_AHGV6ADXX/Project_RM8398/Sample_U2b/U2b_AGTCAA_L001_R1_002.fastq.gz	520459255
data/NA12878/NIST_NA12878_HG001_HiSeq_300x/140127_D00360_0011_AHGV6ADXX/Project_RM8398/Sample_U2b/U2b_AGTCAA_L001_R1_003.fastq.gz	521369364
data/NA12878/NIST_NA12878_HG001_HiSeq_300x/140127_D00360_0011_AHGV6ADXX/Project_RM8398/Sample_U2b/U2b_AGTCAA_L001_R1_004.fastq.gz	516455143
data/NA12878/NIST_NA12878_HG001_HiSeq_300x/140127_D00360_0011_AHGV6ADXX/Project_RM8398/Sample_U2b/U2b_AGTCAA_L001_R1_005.fastq.gz	223063280
data/NA12878/NIST_NA12878_HG001_HiSeq_300x/140127_D00360_0011_AHGV6ADXX/Project_RM8398/Sample_U2b/U2b_AGTCAA_L001_R2_001.fastq.gz	557117928
data/NA12878/NIST_NA12878_HG001_HiSeq_300x/140127_D00360_0011_AHGV6ADXX/Project_RM8398/Sample_U2b/U2b_AGTCAA_L001_R2_002.fastq.gz	552075808
data/NA12878/NIST_NA12878_HG001_HiSeq_300x/140127_D00360_0011_AHGV6ADXX/Project_RM8398/Sample_U2b/U2b_AGTCAA_L001_R2_003.fastq.gz	553261481
data/NA12878/NIST_NA12878_HG001_HiSeq_300x/140127_D00360_0011_AHGV6ADXX/Project_RM8398/Sample_U2b/U2b_AGTCAA_L001_R2_004.fastq.gz	547126826
data/NA12878/NIST_NA12878_HG001_HiSeq_300x/140127_D00360_0011_AHGV6ADXX/Project_RM8398/Sample_U2b/U2b_AGTCAA_L001_R2_005.fastq.gz	234378551
data/NA12878/NIST_NA12878_HG001_HiSeq_300x/140127_D00360_0011_AHGV6ADXX/Project_RM8398/Sample_U2b/U2b_AGTCAA_L002_R1_001.fastq.gz	522872548
data/NA12878/NIST_NA12878_HG001_HiSeq_300x/140127_D00360_0011_AHGV6ADXX/Project_RM8398/Sample_U2b/U2b_AGTCAA_L002_R1_002.fastq.gz	523859325
data/NA12878/NIST_NA12878_HG001_HiSeq_300x/140127_D00360_0011_AHGV6ADXX/Project_RM8398/Sample_U2b/U2b_AGTCAA_L002_R1_003.fastq.gz	522325942
data/NA12878/NIST_NA12878_HG001_HiSeq_300x/140127_D00360_0011_AHGV6ADXX/Project_RM8398/Sample_U2b/U2b_AGTCAA_L002_R1_004.fastq.gz	521428126
data/NA12878/NIST_NA12878_HG001_HiSeq_300x/140127_D00360_0011_AHGV6ADXX/Project_RM8398/Sample_U2b/U2b_AGTCAA_L002_R1_005.fastq.gz	248684979
data/NA12878/NIST_NA12878_HG001_HiSeq_300x/140127_D00360_0011_AHGV6ADXX/Project_RM8398/Sample_U2b/U2b_AGTCAA_L002_R2_001.fastq.gz	554588467
data/NA12878/NIST_NA12878_HG001_HiSeq_300x/140127_D00360_0011_AHGV6ADXX/Project_RM8398/Sample_U2b/U2b_AGTCAA_L002_R2_002.fastq.gz	554379275
data/NA12878/NIST_NA12878_HG001_HiSeq_300x/140127_D00360_0011_AHGV6ADXX/Project_RM8398/Sample_U2b/U2b_AGTCAA_L002_R2_003.fastq.gz	552574711
data/NA12878/NIST_NA12878_HG001_HiSeq_300x/140127_D00360_0011_AHGV6ADXX/Project_RM8398/Sample_U2b/U2b_AGTCAA_L002_R2_004.fastq.gz	551346523
data/NA12878/NIST_NA12878_HG001_HiSeq_300x/140127_D00360_0011_AHGV6ADXX/Project_RM8398/Sample_U2b/U2b_AGTCAA_L002_R2_005.fastq.gz	260643590
data/NA12878/NIST_NA12878_HG001_HiSeq_300x/140127_D00360_0011_AHGV6ADXX/Project_RM8398/Sample_U3a/SampleSheet.csv	157
data/NA12878/NIST_NA12878_HG001_HiSeq_300x/140127_D00360_0011_AHGV6ADXX/Project_RM8398/Sample_U3a/U3a_AGTTCC_L001_R1_001.fastq.gz	522684533
data/NA12878/NIST_NA12878_HG001_HiSeq_300x/140127_D00360_0011_AHGV6ADXX/Project_RM8398/Sample_U3a/U3a_AGTTCC_L001_R1_002.fastq.gz	519440886
data/NA12878/NIST_NA12878_HG001_HiSeq_300x/140127_D00360_0011_AHGV6ADXX/Project_RM8398/Sample_U3a/U3a_AGTTCC_L001_R1_003.fastq.gz	520492214
data/NA12878/NIST_NA12878_HG001_HiSeq_300x/140127_D00360_0011_AHGV6ADXX/Project_RM8398/Sample_U3a/U3a_AGTTCC_L001_R1_004.fastq.gz	515532250
data/NA12878/NIST_NA12878_HG001_HiSeq_300x/140127_D00360_0011_AHGV6ADXX/Project_RM8398/Sample_U3a/U3a_AGTTCC_L001_R1_005.fastq.gz	244048236
data/NA12878/NIST_NA12878_HG001_HiSeq_300x/140127_D00360_0011_AHGV6ADXX/Project_RM8398/Sample_U3a/U3a_AGTTCC_L001_R2_001.fastq.gz	557979604
data/NA12878/NIST_NA12878_HG001_HiSeq_300x/140127_D00360_0011_AHGV6ADXX/Project_RM8398/Sample_U3a/U3a_AGTTCC_L001_R2_002.fastq.gz	552956368
data/NA12878/NIST_NA12878_HG001_HiSeq_300x/140127_D00360_0011_AHGV6ADXX/Project_RM8398/Sample_U3a/U3a_AGTTCC_L001_R2_003.fastq.gz	554399924
data/NA12878/NIST_NA12878_HG001_HiSeq_300x/140127_D00360_0011_AHGV6ADXX/Project_RM8398/Sample_U3a/U3a_AGTTCC_L001_R2_004.fastq.gz	548311282
data/NA12878/NIST_NA12878_HG001_HiSeq_300x/140127_D00360_0011_AHGV6ADXX/Project_RM8398/Sample_U3a/U3a_AGTTCC_L001_R2_005.fastq.gz	257215546
data/NA12878/NIST_NA12878_HG001_HiSeq_300x/140127_D00360_0011_AHGV6ADXX/Project_RM8398/Sample_U3a/U3a_AGTTCC_L002_R1_001.fastq.gz	521866509
data/NA12878/NIST_NA12878_HG001_HiSeq_300x/140127_D00360_0011_AHGV6ADXX/Project_RM8398/Sample_U3a/U3a_AGTTCC_L002_R1_002.fastq.gz	522910997
data/NA12878/NIST_NA12878_HG001_HiSeq_300x/140127_D00360_0011_AHGV6ADXX/Project_RM8398/Sample_U3a/U3a_AGTTCC_L002_R1_003.fastq.gz	521466678
data/NA12878/NIST_NA12878_HG001_HiSeq_300x/140127_D00360_0011_AHGV6ADXX/Project_RM8398/Sample_U3a/U3a_AGTTCC_L002_R1_004.fastq.gz	520554492
data/NA12878/NIST_NA12878_HG001_HiSeq_300x/140127_D00360_0011_AHGV6ADXX/Project_RM8398/Sample_U3a/U3a_AGTTCC_L002_R1_005.fastq.gz	267910957
data/NA12878/NIST_NA12878_HG001_HiSeq_300x/140127_D00360_0011_AHGV6ADXX/Project_RM8398/Sample_U3a/U3a_AGTTCC_L002_R2_001.fastq.gz	555688651
data/NA12878/NIST_NA12878_HG001_HiSeq_300x/140127_D00360_0011_AHGV6ADXX/Project_RM8398/Sample_U3a/U3a_AGTTCC_L002_R2_002.fastq.gz	555226722
data/NA12878/NIST_NA12878_HG001_HiSeq_300x/140127_D00360_0011_AHGV6ADXX/Project_RM8398/Sample_U3a/U3a_AGTTCC_L002_R2_003.fastq.gz	553672962
data/NA12878/NIST_NA12878_HG001_HiSeq_300x/140127_D00360_0011_AHGV6ADXX/Project_RM8398/Sample_U3a/U3a_AGTTCC_L002_R2_004.fastq.gz	552350886
data/NA12878/NIST_NA12878_HG001_HiSeq_300x/140127_D00360_0011_AHGV6ADXX/Project_RM8398/Sample_U3a/U3a_AGTTCC_L002_R2_005.fastq.gz	281579077
data/NA12878/NIST_NA12878_HG001_HiSeq_300x/140127_D00360_0011_AHGV6ADXX/Project_RM8398/Sample_U3b/SampleSheet.csv	157
data/NA12878/NIST_NA12878_HG001_HiSeq_300x/140127_D00360_0011_AHGV6ADXX/Project_RM8398/Sample_U3b/U3b_ATGTCA_L001_R1_001.fastq.gz	526365176
data/NA12878/NIST_NA12878_HG001_HiSeq_300x/140127_D00360_0011_AHGV6ADXX/Project_RM8398/Sample_U3b/U3b_ATGTCA_L001_R1_002.fastq.gz	523146510
data/NA12878/NIST_NA12878_HG001_HiSeq_300x/140127_D00360_0011_AHGV6ADXX/Project_RM8398/Sample_U3b/U3b_ATGTCA_L001_R1_003.fastq.gz	523293988
data/NA12878/NIST_NA12878_HG001_HiSeq_300x/140127_D00360_0011_AHGV6ADXX/Project_RM8398/Sample_U3b/U3b_ATGTCA_L001_R1_004.fastq.gz	519489807
data/NA12878/NIST_NA12878_HG001_HiSeq_300x/140127_D00360_0011_AHGV6ADXX/Project_RM8398/Sample_U3b/U3b_ATGTCA_L001_R1_005.fastq.gz	155840398
data/NA12878/NIST_NA12878_HG001_HiSeq_300x/140127_D00360_0011_AHGV6ADXX/Project_RM8398/Sample_U3b/U3b_ATGTCA_L001_R2_001.fastq.gz	563194904
data/NA12878/NIST_NA12878_HG001_HiSeq_300x/140127_D00360_0011_AHGV6ADXX/Project_RM8398/Sample_U3b/U3b_ATGTCA_L001_R2_002.fastq.gz	558710679
data/NA12878/NIST_NA12878_HG001_HiSeq_300x/140127_D00360_0011_AHGV6ADXX/Project_RM8398/Sample_U3b/U3b_ATGTCA_L001_R2_003.fastq.gz	558315048
data/NA12878/NIST_NA12878_HG001_HiSeq_300x/140127_D00360_0011_AHGV6ADXX/Project_RM8398/Sample_U3b/U3b_ATGTCA_L001_R2_004.fastq.gz	553611013
data/NA12878/NIST_NA12878_HG001_HiSeq_300x/140127_D00360_0011_AHGV6ADXX/Project_RM8398/Sample_U3b/U3b_ATGTCA_L001_R2_005.fastq.gz	164069383
data/NA12878/NIST_NA12878_HG001_HiSeq_300x/140127_D00360_0011_AHGV6ADXX/Project_RM8398/Sample_U3b/U3b_ATGTCA_L002_R1_001.fastq.gz	525885236
data/NA12878/NIST_NA12878_HG001_HiSeq_300x/140127_D00360_0011_AHGV6ADXX/Project_RM8398/Sample_U3b/U3b_ATGTCA_L002_R1_002.fastq.gz	526374735
data/NA12878/NIST_NA12878_HG001_HiSeq_300x/140127_D00360_0011_AHGV6ADXX/Project_RM8398/Sample_U3b/U3b_ATGTCA_L002_R1_003.fastq.gz	525153445
data/NA12878/NIST_NA12878_HG001_HiSeq_300x/140127_D00360_0011_AHGV6ADXX/Project_RM8398/Sample_U3b/U3b_ATGTCA_L002_R1_004.fastq.gz	524354119
data/NA12878/NIST_NA12878_HG001_HiSeq_300x/140127_D00360_0011_AHGV6ADXX/Project_RM8398/Sample_U3b/U3b_ATGTCA_L002_R1_005.fastq.gz	181809690
data/NA12878/NIST_NA12878_HG001_HiSeq_300x/140127_D00360_0011_AHGV6ADXX/Project_RM8398/Sample_U3b/U3b_ATGTCA_L002_R2_001.fastq.gz	561086587
data/NA12878/NIST_NA12878_HG001_HiSeq_300x/140127_D00360_0011_AHGV6ADXX/Project_RM8398/Sample_U3b/U3b_ATGTCA_L002_R2_002.fastq.gz	560666307
data/NA12878/NIST_NA12878_HG001_HiSeq_300x/140127_D00360_0011_AHGV6ADXX/Project_RM8398/Sample_U3b/U3b_ATGTCA_L002_R2_003.fastq.gz	559282428
data/NA12878/NIST_NA12878_HG001_HiSeq_300x/140127_D00360_0011_AHGV6ADXX/Project_RM8398/Sample_U3b/U3b_ATGTCA_L002_R2_004.fastq.gz	557346032
data/NA12878/NIST_NA12878_HG001_HiSeq_300x/140127_D00360_0011_AHGV6ADXX/Project_RM8398/Sample_U3b/U3b_ATGTCA_L002_R2_005.fastq.gz	190813811
data/NA12878/NIST_NA12878_HG001_HiSeq_300x/140127_D00360_0011_AHGV6ADXX/Project_RM8398/Sample_U4a/SampleSheet.csv	157
data/NA12878/NIST_NA12878_HG001_HiSeq_300x/140127_D00360_0011_AHGV6ADXX/Project_RM8398/Sample_U4a/U4a_GTCCGC_L001_R1_001.fastq.gz	522256932
data/NA12878/NIST_NA12878_HG001_HiSeq_300x/140127_D00360_0011_AHGV6ADXX/Project_RM8398/Sample_U4a/U4a_GTCCGC_L001_R1_002.fastq.gz	519112718
data/NA12878/NIST_NA12878_HG001_HiSeq_300x/140127_D00360_0011_AHGV6ADXX/Project_RM8398/Sample_U4a/U4a_GTCCGC_L001_R1_003.fastq.gz	520424234
data/NA12878/NIST_NA12878_HG001_HiSeq_300x/140127_D00360_0011_AHGV6ADXX/Project_RM8398/Sample_U4a/U4a_GTCCGC_L001_R1_004.fastq.gz	515436572
data/NA12878/NIST_NA12878_HG001_HiSeq_300x/140127_D00360_0011_AHGV6ADXX/Project_RM8398/Sample_U4a/U4a_GTCCGC_L001_R1_005.fastq.gz	248001834
data/NA12878/NIST_NA12878_HG001_HiSeq_300x/140127_D00360_0011_AHGV6ADXX/Project_RM8398/Sample_U4a/U4a_GTCCGC_L001_R2_001.fastq.gz	554209131
data/NA12878/NIST_NA12878_HG001_HiSeq_300x/140127_D00360_0011_AHGV6ADXX/Project_RM8398/Sample_U4a/U4a_GTCCGC_L001_R2_002.fastq.gz	549136259
data/NA12878/NIST_NA12878_HG001_HiSeq_300x/140127_D00360_0011_AHGV6ADXX/Project_RM8398/Sample_U4a/U4a_GTCCGC_L001_R2_003.fastq.gz	551088594
data/NA12878/NIST_NA12878_HG001_HiSeq_300x/140127_D00360_0011_AHGV6ADXX/Project_RM8398/Sample_U4a/U4a_GTCCGC_L001_R2_004.fastq.gz	544784327
data/NA12878/NIST_NA12878_HG001_HiSeq_300x/140127_D00360_0011_AHGV6ADXX/Project_RM8398/Sample_U4a/U4a_GTCCGC_L001_R2_005.fastq.gz	260034766
data/NA12878/NIST_NA12878_HG001_HiSeq_300x/140127_D00360_0011_AHGV6ADXX/Project_RM8398/Sample_U4a/U4a_GTCCGC_L002_R1_001.fastq.gz	521334255
data/NA12878/NIST_NA12878_HG001_HiSeq_300x/140127_D00360_0011_AHGV6ADXX/Project_RM8398/Sample_U4a/U4a_GTCCGC_L002_R1_002.fastq.gz	522391515
data/NA12878/NIST_NA12878_HG001_HiSeq_300x/140127_D00360_0011_AHGV6ADXX/Project_RM8398/Sample_U4a/U4a_GTCCGC_L002_R1_003.fastq.gz	521151900
data/NA12878/NIST_NA12878_HG001_HiSeq_300x/140127_D00360_0011_AHGV6ADXX/Project_RM8398/Sample_U4a/U4a_GTCCGC_L002_R1_004.fastq.gz	520497396
data/NA12878/NIST_NA12878_HG001_HiSeq_300x/140127_D00360_0011_AHGV6ADXX/Project_RM8398/Sample_U4a/U4a_GTCCGC_L002_R1_005.fastq.gz	264689753
data/NA12878/NIST_NA12878_HG001_HiSeq_300x/140127_D00360_0011_AHGV6ADXX/Project_RM8398/Sample_U4a/U4a_GTCCGC_L002_R2_001.fastq.gz	551614102
data/NA12878/NIST_NA12878_HG001_HiSeq_300x/140127_D00360_0011_AHGV6ADXX/Project_RM8398/Sample_U4a/U4a_GTCCGC_L002_R2_002.fastq.gz	551286558
data/NA12878/NIST_NA12878_HG001_HiSeq_300x/140127_D00360_0011_AHGV6ADXX/Project_RM8398/Sample_U4a/U4a_GTCCGC_L002_R2_003.fastq.gz	549861982
data/NA12878/NIST_NA12878_HG001_HiSeq_300x/140127_D00360_0011_AHGV6ADXX/Project_RM8398/Sample_U4a/U4a_GTCCGC_L002_R2_004.fastq.gz	548881247
data/NA12878/NIST_NA12878_HG001_HiSeq_300x/140127_D00360_0011_AHGV6ADXX/Project_RM8398/Sample_U4a/U4a_GTCCGC_L002_R2_005.fastq.gz	276735360
data/NA12878/NIST_NA12878_HG001_HiSeq_300x/140127_D00360_0011_AHGV6ADXX/Project_RM8398/Sample_U4b/SampleSheet.csv	157
data/NA12878/NIST_NA12878_HG001_HiSeq_300x/140127_D00360_0011_AHGV6ADXX/Project_RM8398/Sample_U4b/U4b_GTGAAA_L001_R1_001.fastq.gz	523415518
data/NA12878/NIST_NA12878_HG001_HiSeq_300x/140127_D00360_0011_AHGV6ADXX/Project_RM8398/Sample_U4b/U4b_GTGAAA_L001_R1_002.fastq.gz	519861892
data/NA12878/NIST_NA12878_HG001_HiSeq_300x/140127_D00360_0011_AHGV6ADXX/Project_RM8398/Sample_U4b/U4b_GTGAAA_L001_R1_003.fastq.gz	520894466
data/NA12878/NIST_NA12878_HG001_HiSeq_300x/140127_D00360_0011_AHGV6ADXX/Project_RM8398/Sample_U4b/U4b_GTGAAA_L001_R1_004.fastq.gz	516043201
data/NA12878/NIST_NA12878_HG001_HiSeq_300x/140127_D00360_0011_AHGV6ADXX/Project_RM8398/Sample_U4b/U4b_GTGAAA_L001_R1_005.fastq.gz	208887371
data/NA12878/NIST_NA12878_HG001_HiSeq_300x/140127_D00360_0011_AHGV6ADXX/Project_RM8398/Sample_U4b/U4b_GTGAAA_L001_R2_001.fastq.gz	564296962
data/NA12878/NIST_NA12878_HG001_HiSeq_300x/140127_D00360_0011_AHGV6ADXX/Project_RM8398/Sample_U4b/U4b_GTGAAA_L001_R2_002.fastq.gz	559502711
data/NA12878/NIST_NA12878_HG001_HiSeq_300x/140127_D00360_0011_AHGV6ADXX/Project_RM8398/Sample_U4b/U4b_GTGAAA_L001_R2_003.fastq.gz	560328790
data/NA12878/NIST_NA12878_HG001_HiSeq_300x/140127_D00360_0011_AHGV6ADXX/Project_RM8398/Sample_U4b/U4b_GTGAAA_L001_R2_004.fastq.gz	554557718
data/NA12878/NIST_NA12878_HG001_HiSeq_300x/140127_D00360_0011_AHGV6ADXX/Project_RM8398/Sample_U4b/U4b_GTGAAA_L001_R2_005.fastq.gz	222008213
data/NA12878/NIST_NA12878_HG001_HiSeq_300x/140127_D00360_0011_AHGV6ADXX/Project_RM8398/Sample_U4b/U4b_GTGAAA_L002_R1_001.fastq.gz	522324337
data/NA12878/NIST_NA12878_HG001_HiSeq_300x/140127_D00360_0011_AHGV6ADXX/Project_RM8398/Sample_U4b/U4b_GTGAAA_L002_R1_002.fastq.gz	523016352
data/NA12878/NIST_NA12878_HG001_HiSeq_300x/140127_D00360_0011_AHGV6ADXX/Project_RM8398/Sample_U4b/U4b_GTGAAA_L002_R1_003.fastq.gz	521527458
data/NA12878/NIST_NA12878_HG001_HiSeq_300x/140127_D00360_0011_AHGV6ADXX/Project_RM8398/Sample_U4b/U4b_GTGAAA_L002_R1_004.fastq.gz	520877259
data/NA12878/NIST_NA12878_HG001_HiSeq_300x/140127_D00360_0011_AHGV6ADXX/Project_RM8398/Sample_U4b/U4b_GTGAAA_L002_R1_005.fastq.gz	218516006
data/NA12878/NIST_NA12878_HG001_HiSeq_300x/140127_D00360_0011_AHGV6ADXX/Project_RM8398/Sample_U4b/U4b_GTGAAA_L002_R2_001.fastq.gz	561745350
data/NA12878/NIST_NA12878_HG001_HiSeq_300x/140127_D00360_0011_AHGV6ADXX/Project_RM8398/Sample_U4b/U4b_GTGAAA_L002_R2_002.fastq.gz	561338939
data/NA12878/NIST_NA12878_HG001_HiSeq_300x/140127_D00360_0011_AHGV6ADXX/Project_RM8398/Sample_U4b/U4b_GTGAAA_L002_R2_003.fastq.gz	559757193
data/NA12878/NIST_NA12878_HG001_HiSeq_300x/140127_D00360_0011_AHGV6ADXX/Project_RM8398/Sample_U4b/U4b_GTGAAA_L002_R2_004.fastq.gz	558159799
data/NA12878/NIST_NA12878_HG001_HiSeq_300x/140127_D00360_0011_AHGV6ADXX/Project_RM8398/Sample_U4b/U4b_GTGAAA_L002_R2_005.fastq.gz	231406053
data/NA12878/NIST_NA12878_HG001_HiSeq_300x/140127_D00360_0012_BH8GVUADXX/Project_RM8398/Sample_U1a/SampleSheet.csv	157
data/NA12878/NIST_NA12878_HG001_HiSeq_300x/140127_D00360_0012_BH8GVUADXX/Project_RM8398/Sample_U1a/U1a_ACAGTG_L001_R1_001.fastq.gz	528876563
data/NA12878/NIST_NA12878_HG001_HiSeq_300x/140127_D00360_0012_BH8GVUADXX/Project_RM8398/Sample_U1a/U1a_ACAGTG_L001_R1_002.fastq.gz	530045996
data/NA12878/NIST_NA12878_HG001_HiSeq_300x/140127_D00360_0012_BH8GVUADXX/Project_RM8398/Sample_U1a/U1a_ACAGTG_L001_R1_003.fastq.gz	530039456
data/NA12878/NIST_NA12878_HG001_HiSeq_300x/140127_D00360_0012_BH8GVUADXX/Project_RM8398/Sample_U1a/U1a_ACAGTG_L001_R1_004.fastq.gz	528398134
data/NA12878/NIST_NA12878_HG001_HiSeq_300x/140127_D00360_0012_BH8GVUADXX/Project_RM8398/Sample_U1a/U1a_ACAGTG_L001_R1_005.fastq.gz	166816919
data/NA12878/NIST_NA12878_HG001_HiSeq_300x/140127_D00360_0012_BH8GVUADXX/Project_RM8398/Sample_U1a/U1a_ACAGTG_L001_R2_001.fastq.gz	560938928
data/NA12878/NIST_NA12878_HG001_HiSeq_300x/140127_D00360_0012_BH8GVUADXX/Project_RM8398/Sample_U1a/U1a_ACAGTG_L001_R2_002.fastq.gz	562826776
data/NA12878/NIST_NA12878_HG001_HiSeq_300x/140127_D00360_0012_BH8GVUADXX/Project_RM8398/Sample_U1a/U1a_ACAGTG_L001_R2_003.fastq.gz	559625271
data/NA12878/NIST_NA12878_HG001_HiSeq_300x/140127_D00360_0012_BH8GVUADXX/Project_RM8398/Sample_U1a/U1a_ACAGTG_L001_R2_004.fastq.gz	559270466
data/NA12878/NIST_NA12878_HG001_HiSeq_300x/140127_D00360_0012_BH8GVUADXX/Project_RM8398/Sample_U1a/U1a_ACAGTG_L001_R2_005.fastq.gz	174665464
data/NA12878/NIST_NA12878_HG001_HiSeq_300x/140127_D00360_0012_BH8GVUADXX/Project_RM8398/Sample_U1a/U1a_ACAGTG_L002_R1_001.fastq.gz	528651955
data/NA12878/NIST_NA12878_HG001_HiSeq_300x/140127_D00360_0012_BH8GVUADXX/Project_RM8398/Sample_U1a/U1a_ACAGTG_L002_R1_002.fastq.gz	532371479
data/NA12878/NIST_NA12878_HG001_HiSeq_300x/140127_D00360_0012_BH8GVUADXX/Project_RM8398/Sample_U1a/U1a_ACAGTG_L002_R1_003.fastq.gz	526454022
data/NA12878/NIST_NA12878_HG001_HiSeq_300x/140127_D00360_0012_BH8GVUADXX/Project_RM8398/Sample_U1a/U1a_ACAGTG_L002_R1_004.fastq.gz	532934169
data/NA12878/NIST_NA12878_HG001_HiSeq_300x/140127_D00360_0012_BH8GVUADXX/Project_RM8398/Sample_U1a/U1a_ACAGTG_L002_R1_005.fastq.gz	136777944
data/NA12878/NIST_NA12878_HG001_HiSeq_300x/140127_D00360_0012_BH8GVUADXX/Project_RM8398/Sample_U1a/U1a_ACAGTG_L002_R2_001.fastq.gz	559629695
data/NA12878/NIST_NA12878_HG001_HiSeq_300x/140127_D00360_0012_BH8GVUADXX/Project_RM8398/Sample_U1a/U1a_ACAGTG_L002_R2_002.fastq.gz	563224332
data/NA12878/NIST_NA12878_HG001_HiSeq_300x/140127_D00360_0012_BH8GVUADXX/Project_RM8398/Sample_U1a/U1a_ACAGTG_L002_R2_003.fastq.gz	558186059
data/NA12878/NIST_NA12878_HG001_HiSeq_300x/140127_D00360_0012_BH8GVUADXX/Project_RM8398/Sample_U1a/U1a_ACAGTG_L002_R2_004.fastq.gz	565043988
data/NA12878/NIST_NA12878_HG001_HiSeq_300x/140127_D00360_0012_BH8GVUADXX/Project_RM8398/Sample_U1a/U1a_ACAGTG_L002_R2_005.fastq.gz	142755598
data/NA12878/NIST_NA12878_HG001_HiSeq_300x/140127_D00360_0012_BH8GVUADXX/Project_RM8398/Sample_U1b/SampleSheet.csv	157
data/NA12878/NIST_NA12878_HG001_HiSeq_300x/140127_D00360_0012_BH8GVUADXX/Project_RM8398/Sample_U1b/U1b_GCCAAT_L001_R1_001.fastq.gz	524293424
data/NA12878/NIST_NA12878_HG001_HiSeq_300x/140127_D00360_0012_BH8GVUADXX/Project_RM8398/Sample_U1b/U1b_GCCAAT_L001_R1_002.fastq.gz	524156947
data/NA12878/NIST_NA12878_HG001_HiSeq_300x/140127_D00360_0012_BH8GVUADXX/Project_RM8398/Sample_U1b/U1b_GCCAAT_L001_R1_003.fastq.gz	523981305
data/NA12878/NIST_NA12878_HG001_HiSeq_300x/140127_D00360_0012_BH8GVUADXX/Project_RM8398/Sample_U1b/U1b_GCCAAT_L001_R1_004.fastq.gz	522027263
data/NA12878/NIST_NA12878_HG001_HiSeq_300x/140127_D00360_0012_BH8GVUADXX/Project_RM8398/Sample_U1b/U1b_GCCAAT_L001_R1_005.fastq.gz	90426244
data/NA12878/NIST_NA12878_HG001_HiSeq_300x/140127_D00360_0012_BH8GVUADXX/Project_RM8398/Sample_U1b/U1b_GCCAAT_L001_R2_001.fastq.gz	550811174
data/NA12878/NIST_NA12878_HG001_HiSeq_300x/140127_D00360_0012_BH8GVUADXX/Project_RM8398/Sample_U1b/U1b_GCCAAT_L001_R2_002.fastq.gz	551784334
data/NA12878/NIST_NA12878_HG001_HiSeq_300x/140127_D00360_0012_BH8GVUADXX/Project_RM8398/Sample_U1b/U1b_GCCAAT_L001_R2_003.fastq.gz	548656403
data/NA12878/NIST_NA12878_HG001_HiSeq_300x/140127_D00360_0012_BH8GVUADXX/Project_RM8398/Sample_U1b/U1b_GCCAAT_L001_R2_004.fastq.gz	548439896
data/NA12878/NIST_NA12878_HG001_HiSeq_300x/140127_D00360_0012_BH8GVUADXX/Project_RM8398/Sample_U1b/U1b_GCCAAT_L001_R2_005.fastq.gz	93832910
data/NA12878/NIST_NA12878_HG001_HiSeq_300x/140127_D00360_0012_BH8GVUADXX/Project_RM8398/Sample_U1b/U1b_GCCAAT_L002_R1_001.fastq.gz	523448663
data/NA12878/NIST_NA12878_HG001_HiSeq_300x/140127_D00360_0012_BH8GVUADXX/Project_RM8398/Sample_U1b/U1b_GCCAAT_L002_R1_002.fastq.gz	526648463
data/NA12878/NIST_NA12878_HG001_HiSeq_300x/140127_D00360_0012_BH8GVUADXX/Project_RM8398/Sample_U1b/U1b_GCCAAT_L002_R1_003.fastq.gz	520292052
data/NA12878/NIST_NA12878_HG001_HiSeq_300x/140127_D00360_0012_BH8GVUADXX/Project_RM8398/Sample_U1b/U1b_GCCAAT_L002_R1_004.fastq.gz	526117023
data/NA12878/NIST_NA12878_HG001_HiSeq_300x/140127_D00360_0012_BH8GVUADXX/Project_RM8398/Sample_U1b/U1b_GCCAAT_L002_R1_005.fastq.gz	53378126
data/NA12878/NIST_NA12878_HG001_HiSeq_300x/140127_D00360_0012_BH8GVUADXX/Project_RM8398/Sample_U1b/U1b_GCCAAT_L002_R2_001.fastq.gz	548748121
data/NA12878/NIST_NA12878_HG001_HiSeq_300x/140127_D00360_0012_BH8GVUADXX/Project_RM8398/Sample_U1b/U1b_GCCAAT_L002_R2_002.fastq.gz	552370480
data/NA12878/NIST_NA12878_HG001_HiSeq_300x/140127_D00360_0012_BH8GVUADXX/Project_RM8398/Sample_U1b/U1b_GCCAAT_L002_R2_003.fastq.gz	546896239
data/NA12878/NIST_NA12878_HG001_HiSeq_300x/140127_D00360_0012_BH8GVUADXX/Project_RM8398/Sample_U1b/U1b_GCCAAT_L002_R2_004.fastq.gz	553677191
data/NA12878/NIST_NA12878_HG001_HiSeq_300x/140127_D00360_0012_BH8GVUADXX/Project_RM8398/Sample_U1b/U1b_GCCAAT_L002_R2_005.fastq.gz	55342832
data/NA12878/NIST_NA12878_HG001_HiSeq_300x/140127_D00360_0012_BH8GVUADXX/Project_RM8398/Sample_U2a/SampleSheet.csv	157
data/NA12878/NIST_NA12878_HG001_HiSeq_300x/140127_D00360_0012_BH8GVUADXX/Project_RM8398/Sample_U2a/U2a_CTTGTA_L001_R1_001.fastq.gz	526899698
data/NA12878/NIST_NA12878_HG001_HiSeq_300x/140127_D00360_0012_BH8GVUADXX/Project_RM8398/Sample_U2a/U2a_CTTGTA_L001_R1_002.fastq.gz	528201515
data/NA12878/NIST_NA12878_HG001_HiSeq_300x/140127_D00360_0012_BH8GVUADXX/Project_RM8398/Sample_U2a/U2a_CTTGTA_L001_R1_003.fastq.gz	528259345
data/NA12878/NIST_NA12878_HG001_HiSeq_300x/140127_D00360_0012_BH8GVUADXX/Project_RM8398/Sample_U2a/U2a_CTTGTA_L001_R1_004.fastq.gz	526697144
data/NA12878/NIST_NA12878_HG001_HiSeq_300x/140127_D00360_0012_BH8GVUADXX/Project_RM8398/Sample_U2a/U2a_CTTGTA_L001_R1_005.fastq.gz	175285892
data/NA12878/NIST_NA12878_HG001_HiSeq_300x/140127_D00360_0012_BH8GVUADXX/Project_RM8398/Sample_U2a/U2a_CTTGTA_L001_R2_001.fastq.gz	554814574
data/NA12878/NIST_NA12878_HG001_HiSeq_300x/140127_D00360_0012_BH8GVUADXX/Project_RM8398/Sample_U2a/U2a_CTTGTA_L001_R2_002.fastq.gz	556991948
data/NA12878/NIST_NA12878_HG001_HiSeq_300x/140127_D00360_0012_BH8GVUADXX/Project_RM8398/Sample_U2a/U2a_CTTGTA_L001_R2_003.fastq.gz	553911903
data/NA12878/NIST_NA12878_HG001_HiSeq_300x/140127_D00360_0012_BH8GVUADXX/Project_RM8398/Sample_U2a/U2a_CTTGTA_L001_R2_004.fastq.gz	553673266
data/NA12878/NIST_NA12878_HG001_HiSeq_300x/140127_D00360_0012_BH8GVUADXX/Project_RM8398/Sample_U2a/U2a_CTTGTA_L001_R2_005.fastq.gz	182719814
data/NA12878/NIST_NA12878_HG001_HiSeq_300x/140127_D00360_0012_BH8GVUADXX/Project_RM8398/Sample_U2a/U2a_CTTGTA_L002_R1_001.fastq.gz	526692040
data/NA12878/NIST_NA12878_HG001_HiSeq_300x/140127_D00360_0012_BH8GVUADXX/Project_RM8398/Sample_U2a/U2a_CTTGTA_L002_R1_002.fastq.gz	530693570
data/NA12878/NIST_NA12878_HG001_HiSeq_300x/140127_D00360_0012_BH8GVUADXX/Project_RM8398/Sample_U2a/U2a_CTTGTA_L002_R1_003.fastq.gz	524605026
data/NA12878/NIST_NA12878_HG001_HiSeq_300x/140127_D00360_0012_BH8GVUADXX/Project_RM8398/Sample_U2a/U2a_CTTGTA_L002_R1_004.fastq.gz	531393395
data/NA12878/NIST_NA12878_HG001_HiSeq_300x/140127_D00360_0012_BH8GVUADXX/Project_RM8398/Sample_U2a/U2a_CTTGTA_L002_R1_005.fastq.gz	145626118
data/NA12878/NIST_NA12878_HG001_HiSeq_300x/140127_D00360_0012_BH8GVUADXX/Project_RM8398/Sample_U2a/U2a_CTTGTA_L002_R2_001.fastq.gz	553558270
data/NA12878/NIST_NA12878_HG001_HiSeq_300x/140127_D00360_0012_BH8GVUADXX/Project_RM8398/Sample_U2a/U2a_CTTGTA_L002_R2_002.fastq.gz	557620209
data/NA12878/NIST_NA12878_HG001_HiSeq_300x/140127_D00360_0012_BH8GVUADXX/Project_RM8398/Sample_U2a/U2a_CTTGTA_L002_R2_003.fastq.gz	552362962
data/NA12878/NIST_NA12878_HG001_HiSeq_300x/140127_D00360_0012_BH8GVUADXX/Project_RM8398/Sample_U2a/U2a_CTTGTA_L002_R2_004.fastq.gz	559770612
data/NA12878/NIST_NA12878_HG001_HiSeq_300x/140127_D00360_0012_BH8GVUADXX/Project_RM8398/Sample_U2a/U2a_CTTGTA_L002_R2_005.fastq.gz	151377778
data/NA12878/NIST_NA12878_HG001_HiSeq_300x/140127_D00360_0012_BH8GVUADXX/Project_RM8398/Sample_U2b/SampleSheet.csv	157
data/NA12878/NIST_NA12878_HG001_HiSeq_300x/140127_D00360_0012_BH8GVUADXX/Project_RM8398/Sample_U2b/U2b_AGTCAA_L001_R1_001.fastq.gz	523147490
data/NA12878/NIST_NA12878_HG001_HiSeq_300x/140127_D00360_0012_BH8GVUADXX/Project_RM8398/Sample_U2b/U2b_AGTCAA_L001_R1_002.fastq.gz	524788201
data/NA12878/NIST_NA12878_HG001_HiSeq_300x/140127_D00360_0012_BH8GVUADXX/Project_RM8398/Sample_U2b/U2b_AGTCAA_L001_R1_003.fastq.gz	524457236
data/NA12878/NIST_NA12878_HG001_HiSeq_300x/140127_D00360_0012_BH8GVUADXX/Project_RM8398/Sample_U2b/U2b_AGTCAA_L001_R1_004.fastq.gz	523035778
data/NA12878/NIST_NA12878_HG001_HiSeq_300x/140127_D00360_0012_BH8GVUADXX/Project_RM8398/Sample_U2b/U2b_AGTCAA_L001_R1_005.fastq.gz	208913782
data/NA12878/NIST_NA12878_HG001_HiSeq_300x/140127_D00360_0012_BH8GVUADXX/Project_RM8398/Sample_U2b/U2b_AGTCAA_L001_R2_001.fastq.gz	550441375
data/NA12878/NIST_NA12878_HG001_HiSeq_300x/140127_D00360_0012_BH8GVUADXX/Project_RM8398/Sample_U2b/U2b_AGTCAA_L001_R2_002.fastq.gz	552874495
data/NA12878/NIST_NA12878_HG001_HiSeq_300x/140127_D00360_0012_BH8GVUADXX/Project_RM8398/Sample_U2b/U2b_AGTCAA_L001_R2_003.fastq.gz	549371964
data/NA12878/NIST_NA12878_HG001_HiSeq_300x/140127_D00360_0012_BH8GVUADXX/Project_RM8398/Sample_U2b/U2b_AGTCAA_L001_R2_004.fastq.gz	549611806
data/NA12878/NIST_NA12878_HG001_HiSeq_300x/140127_D00360_0012_BH8GVUADXX/Project_RM8398/Sample_U2b/U2b_AGTCAA_L001_R2_005.fastq.gz	218285787
data/NA12878/NIST_NA12878_HG001_HiSeq_300x/140127_D00360_0012_BH8GVUADXX/Project_RM8398/Sample_U2b/U2b_AGTCAA_L002_R1_001.fastq.gz	522993554
data/NA12878/NIST_NA12878_HG001_HiSeq_300x/140127_D00360_0012_BH8GVUADXX/Project_RM8398/Sample_U2b/U2b_AGTCAA_L002_R1_002.fastq.gz	527246530
data/NA12878/NIST_NA12878_HG001_HiSeq_300x/140127_D00360_0012_BH8GVUADXX/Project_RM8398/Sample_U2b/U2b_AGTCAA_L002_R1_003.fastq.gz	520750567
data/NA12878/NIST_NA12878_HG001_HiSeq_300x/140127_D00360_0012_BH8GVUADXX/Project_RM8398/Sample_U2b/U2b_AGTCAA_L002_R1_004.fastq.gz	527470820
data/NA12878/NIST_NA12878_HG001_HiSeq_300x/140127_D00360_0012_BH8GVUADXX/Project_RM8398/Sample_U2b/U2b_AGTCAA_L002_R1_005.fastq.gz	175386003
data/NA12878/NIST_NA12878_HG001_HiSeq_300x/140127_D00360_0012_BH8GVUADXX/Project_RM8398/Sample_U2b/U2b_AGTCAA_L002_R2_001.fastq.gz	549006401
data/NA12878/NIST_NA12878_HG001_HiSeq_300x/140127_D00360_0012_BH8GVUADXX/Project_RM8398/Sample_U2b/U2b_AGTCAA_L002_R2_002.fastq.gz	553336566
data/NA12878/NIST_NA12878_HG001_HiSeq_300x/140127_D00360_0012_BH8GVUADXX/Project_RM8398/Sample_U2b/U2b_AGTCAA_L002_R2_003.fastq.gz	547894289
data/NA12878/NIST_NA12878_HG001_HiSeq_300x/140127_D00360_0012_BH8GVUADXX/Project_RM8398/Sample_U2b/U2b_AGTCAA_L002_R2_004.fastq.gz	555642093
data/NA12878/NIST_NA12878_HG001_HiSeq_300x/140127_D00360_0012_BH8GVUADXX/Project_RM8398/Sample_U2b/U2b_AGTCAA_L002_R2_005.fastq.gz	182520122
data/NA12878/NIST_NA12878_HG001_HiSeq_300x/140127_D00360_0012_BH8GVUADXX/Project_RM8398/Sample_U3a/SampleSheet.csv	157
data/NA12878/NIST_NA12878_HG001_HiSeq_300x/140127_D00360_0012_BH8GVUADXX/Project_RM8398/Sample_U3a/U3a_AGTTCC_L001_R1_001.fastq.gz	522139728
data/NA12878/NIST_NA12878_HG001_HiSeq_300x/140127_D00360_0012_BH8GVUADXX/Project_RM8398/Sample_U3a/U3a_AGTTCC_L001_R1_002.fastq.gz	523770277
data/NA12878/NIST_NA12878_HG001_HiSeq_300x/140127_D00360_0012_BH8GVUADXX/Project_RM8398/Sample_U3a/U3a_AGTTCC_L001_R1_003.fastq.gz	523616287
data/NA12878/NIST_NA12878_HG001_HiSeq_300x/140127_D00360_0012_BH8GVUADXX/Project_RM8398/Sample_U3a/U3a_AGTTCC_L001_R1_004.fastq.gz	522271007
data/NA12878/NIST_NA12878_HG001_HiSeq_300x/140127_D00360_0012_BH8GVUADXX/Project_RM8398/Sample_U3a/U3a_AGTTCC_L001_R1_005.fastq.gz	224023433
data/NA12878/NIST_NA12878_HG001_HiSeq_300x/140127_D00360_0012_BH8GVUADXX/Project_RM8398/Sample_U3a/U3a_AGTTCC_L001_R2_001.fastq.gz	551160009
data/NA12878/NIST_NA12878_HG001_HiSeq_300x/140127_D00360_0012_BH8GVUADXX/Project_RM8398/Sample_U3a/U3a_AGTTCC_L001_R2_002.fastq.gz	553579276
data/NA12878/NIST_NA12878_HG001_HiSeq_300x/140127_D00360_0012_BH8GVUADXX/Project_RM8398/Sample_U3a/U3a_AGTTCC_L001_R2_003.fastq.gz	550092479
data/NA12878/NIST_NA12878_HG001_HiSeq_300x/140127_D00360_0012_BH8GVUADXX/Project_RM8398/Sample_U3a/U3a_AGTTCC_L001_R2_004.fastq.gz	550400797
data/NA12878/NIST_NA12878_HG001_HiSeq_300x/140127_D00360_0012_BH8GVUADXX/Project_RM8398/Sample_U3a/U3a_AGTTCC_L001_R2_005.fastq.gz	234537351
data/NA12878/NIST_NA12878_HG001_HiSeq_300x/140127_D00360_0012_BH8GVUADXX/Project_RM8398/Sample_U3a/U3a_AGTTCC_L002_R1_001.fastq.gz	521779554
data/NA12878/NIST_NA12878_HG001_HiSeq_300x/140127_D00360_0012_BH8GVUADXX/Project_RM8398/Sample_U3a/U3a_AGTTCC_L002_R1_002.fastq.gz	526382128
data/NA12878/NIST_NA12878_HG001_HiSeq_300x/140127_D00360_0012_BH8GVUADXX/Project_RM8398/Sample_U3a/U3a_AGTTCC_L002_R1_003.fastq.gz	519621170
data/NA12878/NIST_NA12878_HG001_HiSeq_300x/140127_D00360_0012_BH8GVUADXX/Project_RM8398/Sample_U3a/U3a_AGTTCC_L002_R1_004.fastq.gz	526466561
data/NA12878/NIST_NA12878_HG001_HiSeq_300x/140127_D00360_0012_BH8GVUADXX/Project_RM8398/Sample_U3a/U3a_AGTTCC_L002_R1_005.fastq.gz	192571149
data/NA12878/NIST_NA12878_HG001_HiSeq_300x/140127_D00360_0012_BH8GVUADXX/Project_RM8398/Sample_U3a/U3a_AGTTCC_L002_R2_001.fastq.gz	549619190
data/NA12878/NIST_NA12878_HG001_HiSeq_300x/140127_D00360_0012_BH8GVUADXX/Project_RM8398/Sample_U3a/U3a_AGTTCC_L002_R2_002.fastq.gz	554229362
data/NA12878/NIST_NA12878_HG001_HiSeq_300x/140127_D00360_0012_BH8GVUADXX/Project_RM8398/Sample_U3a/U3a_AGTTCC_L002_R2_003.fastq.gz	548412614
data/NA12878/NIST_NA12878_HG001_HiSeq_300x/140127_D00360_0012_BH8GVUADXX/Project_RM8398/Sample_U3a/U3a_AGTTCC_L002_R2_004.fastq.gz	556226423
data/NA12878/NIST_NA12878_HG001_HiSeq_300x/140127_D00360_0012_BH8GVUADXX/Project_RM8398/Sample_U3a/U3a_AGTTCC_L002_R2_005.fastq.gz	201060582
data/NA12878/NIST_NA12878_HG001_HiSeq_300x/140127_D00360_0012_BH8GVUADXX/Project_RM8398/Sample_U3b/SampleSheet.csv	157
data/NA12878/NIST_NA12878_HG001_HiSeq_300x/140127_D00360_0012_BH8GVUADXX/Project_RM8398/Sample_U3b/U3b_ATGTCA_L001_R1_001.fastq.gz	526311509
data/NA12878/NIST_NA12878_HG001_HiSeq_300x/140127_D00360_0012_BH8GVUADXX/Project_RM8398/Sample_U3b/U3b_ATGTCA_L001_R1_002.fastq.gz	527331282
data/NA12878/NIST_NA12878_HG001_HiSeq_300x/140127_D00360_0012_BH8GVUADXX/Project_RM8398/Sample_U3b/U3b_ATGTCA_L001_R1_003.fastq.gz	527266160
data/NA12878/NIST_NA12878_HG001_HiSeq_300x/140127_D00360_0012_BH8GVUADXX/Project_RM8398/Sample_U3b/U3b_ATGTCA_L001_R1_004.fastq.gz	525642953
data/NA12878/NIST_NA12878_HG001_HiSeq_300x/140127_D00360_0012_BH8GVUADXX/Project_RM8398/Sample_U3b/U3b_ATGTCA_L001_R1_005.fastq.gz	143817452
data/NA12878/NIST_NA12878_HG001_HiSeq_300x/140127_D00360_0012_BH8GVUADXX/Project_RM8398/Sample_U3b/U3b_ATGTCA_L001_R2_001.fastq.gz	557122806
data/NA12878/NIST_NA12878_HG001_HiSeq_300x/140127_D00360_0012_BH8GVUADXX/Project_RM8398/Sample_U3b/U3b_ATGTCA_L001_R2_002.fastq.gz	558995665
data/NA12878/NIST_NA12878_HG001_HiSeq_300x/140127_D00360_0012_BH8GVUADXX/Project_RM8398/Sample_U3b/U3b_ATGTCA_L001_R2_003.fastq.gz	555973963
data/NA12878/NIST_NA12878_HG001_HiSeq_300x/140127_D00360_0012_BH8GVUADXX/Project_RM8398/Sample_U3b/U3b_ATGTCA_L001_R2_004.fastq.gz	555530101
data/NA12878/NIST_NA12878_HG001_HiSeq_300x/140127_D00360_0012_BH8GVUADXX/Project_RM8398/Sample_U3b/U3b_ATGTCA_L001_R2_005.fastq.gz	150327760
data/NA12878/NIST_NA12878_HG001_HiSeq_300x/140127_D00360_0012_BH8GVUADXX/Project_RM8398/Sample_U3b/U3b_ATGTCA_L002_R1_001.fastq.gz	526268322
data/NA12878/NIST_NA12878_HG001_HiSeq_300x/140127_D00360_0012_BH8GVUADXX/Project_RM8398/Sample_U3b/U3b_ATGTCA_L002_R1_002.fastq.gz	529934860
data/NA12878/NIST_NA12878_HG001_HiSeq_300x/140127_D00360_0012_BH8GVUADXX/Project_RM8398/Sample_U3b/U3b_ATGTCA_L002_R1_003.fastq.gz	523761116
data/NA12878/NIST_NA12878_HG001_HiSeq_300x/140127_D00360_0012_BH8GVUADXX/Project_RM8398/Sample_U3b/U3b_ATGTCA_L002_R1_004.fastq.gz	530127614
data/NA12878/NIST_NA12878_HG001_HiSeq_300x/140127_D00360_0012_BH8GVUADXX/Project_RM8398/Sample_U3b/U3b_ATGTCA_L002_R1_005.fastq.gz	116650462
data/NA12878/NIST_NA12878_HG001_HiSeq_300x/140127_D00360_0012_BH8GVUADXX/Project_RM8398/Sample_U3b/U3b_ATGTCA_L002_R2_001.fastq.gz	555870033
data/NA12878/NIST_NA12878_HG001_HiSeq_300x/140127_D00360_0012_BH8GVUADXX/Project_RM8398/Sample_U3b/U3b_ATGTCA_L002_R2_002.fastq.gz	559562908
data/NA12878/NIST_NA12878_HG001_HiSeq_300x/140127_D00360_0012_BH8GVUADXX/Project_RM8398/Sample_U3b/U3b_ATGTCA_L002_R2_003.fastq.gz	554541739
data/NA12878/NIST_NA12878_HG001_HiSeq_300x/140127_D00360_0012_BH8GVUADXX/Project_RM8398/Sample_U3b/U3b_ATGTCA_L002_R2_004.fastq.gz	561141483
data/NA12878/NIST_NA12878_HG001_HiSeq_300x/140127_D00360_0012_BH8GVUADXX/Project_RM8398/Sample_U3b/U3b_ATGTCA_L002_R2_005.fastq.gz	121604361
data/NA12878/NIST_NA12878_HG001_HiSeq_300x/140127_D00360_0012_BH8GVUADXX/Project_RM8398/Sample_U4a/SampleSheet.csv	157
data/NA12878/NIST_NA12878_HG001_HiSeq_300x/140127_D00360_0012_BH8GVUADXX/Project_RM8398/Sample_U4a/U4a_GTCCGC_L001_R1_001.fastq.gz	521746253
data/NA12878/NIST_NA12878_HG001_HiSeq_300x/140127_D00360_0012_BH8GVUADXX/Project_RM8398/Sample_U4a/U4a_GTCCGC_L001_R1_002.fastq.gz	523218000
data/NA12878/NIST_NA12878_HG001_HiSeq_300x/140127_D00360_0012_BH8GVUADXX/Project_RM8398/Sample_U4a/U4a_GTCCGC_L001_R1_003.fastq.gz	523259998
data/NA12878/NIST_NA12878_HG001_HiSeq_300x/140127_D00360_0012_BH8GVUADXX/Project_RM8398/Sample_U4a/U4a_GTCCGC_L001_R1_004.fastq.gz	522180665
data/NA12878/NIST_NA12878_HG001_HiSeq_300x/140127_D00360_0012_BH8GVUADXX/Project_RM8398/Sample_U4a/U4a_GTCCGC_L001_R1_005.fastq.gz	240100002
data/NA12878/NIST_NA12878_HG001_HiSeq_300x/140127_D00360_0012_BH8GVUADXX/Project_RM8398/Sample_U4a/U4a_GTCCGC_L001_R2_001.fastq.gz	547860136
data/NA12878/NIST_NA12878_HG001_HiSeq_300x/140127_D00360_0012_BH8GVUADXX/Project_RM8398/Sample_U4a/U4a_GTCCGC_L001_R2_002.fastq.gz	550351240
data/NA12878/NIST_NA12878_HG001_HiSeq_300x/140127_D00360_0012_BH8GVUADXX/Project_RM8398/Sample_U4a/U4a_GTCCGC_L001_R2_003.fastq.gz	546829859
data/NA12878/NIST_NA12878_HG001_HiSeq_300x/140127_D00360_0012_BH8GVUADXX/Project_RM8398/Sample_U4a/U4a_GTCCGC_L001_R2_004.fastq.gz	547220466
data/NA12878/NIST_NA12878_HG001_HiSeq_300x/140127_D00360_0012_BH8GVUADXX/Project_RM8398/Sample_U4a/U4a_GTCCGC_L001_R2_005.fastq.gz	250524024
data/NA12878/NIST_NA12878_HG001_HiSeq_300x/140127_D00360_0012_BH8GVUADXX/Project_RM8398/Sample_U4a/U4a_GTCCGC_L002_R1_001.fastq.gz	521175545
data/NA12878/NIST_NA12878_HG001_HiSeq_300x/140127_D00360_0012_BH8GVUADXX/Project_RM8398/Sample_U4a/U4a_GTCCGC_L002_R1_002.fastq.gz	525739775
data/NA12878/NIST_NA12878_HG001_HiSeq_300x/140127_D00360_0012_BH8GVUADXX/Project_RM8398/Sample_U4a/U4a_GTCCGC_L002_R1_003.fastq.gz	519199540
data/NA12878/NIST_NA12878_HG001_HiSeq_300x/140127_D00360_0012_BH8GVUADXX/Project_RM8398/Sample_U4a/U4a_GTCCGC_L002_R1_004.fastq.gz	526450955
data/NA12878/NIST_NA12878_HG001_HiSeq_300x/140127_D00360_0012_BH8GVUADXX/Project_RM8398/Sample_U4a/U4a_GTCCGC_L002_R1_005.fastq.gz	206446272
data/NA12878/NIST_NA12878_HG001_HiSeq_300x/140127_D00360_0012_BH8GVUADXX/Project_RM8398/Sample_U4a/U4a_GTCCGC_L002_R2_001.fastq.gz	546176115
data/NA12878/NIST_NA12878_HG001_HiSeq_300x/140127_D00360_0012_BH8GVUADXX/Project_RM8398/Sample_U4a/U4a_GTCCGC_L002_R2_002.fastq.gz	550718138
data/NA12878/NIST_NA12878_HG001_HiSeq_300x/140127_D00360_0012_BH8GVUADXX/Project_RM8398/Sample_U4a/U4a_GTCCGC_L002_R2_003.fastq.gz	544798122
data/NA12878/NIST_NA12878_HG001_HiSeq_300x/140127_D00360_0012_BH8GVUADXX/Project_RM8398/Sample_U4a/U4a_GTCCGC_L002_R2_004.fastq.gz	553403236
data/NA12878/NIST_NA12878_HG001_HiSeq_300x/140127_D00360_0012_BH8GVUADXX/Project_RM8398/Sample_U4a/U4a_GTCCGC_L002_R2_005.fastq.gz	214997523
data/NA12878/NIST_NA12878_HG001_HiSeq_300x/140127_D00360_0012_BH8GVUADXX/Project_RM8398/Sample_U4b/SampleSheet.csv	157
data/NA12878/NIST_NA12878_HG001_HiSeq_300x/140127_D00360_0012_BH8GVUADXX/Project_RM8398/Sample_U4b/U4b_GTGAAA_L001_R1_001.fastq.gz	522836897
data/NA12878/NIST_NA12878_HG001_HiSeq_300x/140127_D00360_0012_BH8GVUADXX/Project_RM8398/Sample_U4b/U4b_GTGAAA_L001_R1_002.fastq.gz	523693626
data/NA12878/NIST_NA12878_HG001_HiSeq_300x/140127_D00360_0012_BH8GVUADXX/Project_RM8398/Sample_U4b/U4b_GTGAAA_L001_R1_003.fastq.gz	523609168
data/NA12878/NIST_NA12878_HG001_HiSeq_300x/140127_D00360_0012_BH8GVUADXX/Project_RM8398/Sample_U4b/U4b_GTGAAA_L001_R1_004.fastq.gz	522593040
data/NA12878/NIST_NA12878_HG001_HiSeq_300x/140127_D00360_0012_BH8GVUADXX/Project_RM8398/Sample_U4b/U4b_GTGAAA_L001_R1_005.fastq.gz	192441143
data/NA12878/NIST_NA12878_HG001_HiSeq_300x/140127_D00360_0012_BH8GVUADXX/Project_RM8398/Sample_U4b/U4b_GTGAAA_L001_R2_001.fastq.gz	557551210
data/NA12878/NIST_NA12878_HG001_HiSeq_300x/140127_D00360_0012_BH8GVUADXX/Project_RM8398/Sample_U4b/U4b_GTGAAA_L001_R2_002.fastq.gz	559176905
data/NA12878/NIST_NA12878_HG001_HiSeq_300x/140127_D00360_0012_BH8GVUADXX/Project_RM8398/Sample_U4b/U4b_GTGAAA_L001_R2_003.fastq.gz	556054409
data/NA12878/NIST_NA12878_HG001_HiSeq_300x/140127_D00360_0012_BH8GVUADXX/Project_RM8398/Sample_U4b/U4b_GTGAAA_L001_R2_004.fastq.gz	556498399
data/NA12878/NIST_NA12878_HG001_HiSeq_300x/140127_D00360_0012_BH8GVUADXX/Project_RM8398/Sample_U4b/U4b_GTGAAA_L001_R2_005.fastq.gz	203155854
data/NA12878/NIST_NA12878_HG001_HiSeq_300x/140127_D00360_0012_BH8GVUADXX/Project_RM8398/Sample_U4b/U4b_GTGAAA_L002_R1_001.fastq.gz	521960357
data/NA12878/NIST_NA12878_HG001_HiSeq_300x/140127_D00360_0012_BH8GVUADXX/Project_RM8398/Sample_U4b/U4b_GTGAAA_L002_R1_002.fastq.gz	526328901
data/NA12878/NIST_NA12878_HG001_HiSeq_300x/140127_D00360_0012_BH8GVUADXX/Project_RM8398/Sample_U4b/U4b_GTGAAA_L002_R1_003.fastq.gz	519895218
data/NA12878/NIST_NA12878_HG001_HiSeq_300x/140127_D00360_0012_BH8GVUADXX/Project_RM8398/Sample_U4b/U4b_GTGAAA_L002_R1_004.fastq.gz	526778708
data/NA12878/NIST_NA12878_HG001_HiSeq_300x/140127_D00360_0012_BH8GVUADXX/Project_RM8398/Sample_U4b/U4b_GTGAAA_L002_R1_005.fastq.gz	164694965
data/NA12878/NIST_NA12878_HG001_HiSeq_300x/140127_D00360_0012_BH8GVUADXX/Project_RM8398/Sample_U4b/U4b_GTGAAA_L002_R2_001.fastq.gz	555750042
data/NA12878/NIST_NA12878_HG001_HiSeq_300x/140127_D00360_0012_BH8GVUADXX/Project_RM8398/Sample_U4b/U4b_GTGAAA_L002_R2_002.fastq.gz	559886822
data/NA12878/NIST_NA12878_HG001_HiSeq_300x/140127_D00360_0012_BH8GVUADXX/Project_RM8398/Sample_U4b/U4b_GTGAAA_L002_R2_003.fastq.gz	554674035
data/NA12878/NIST_NA12878_HG001_HiSeq_300x/140127_D00360_0012_BH8GVUADXX/Project_RM8398/Sample_U4b/U4b_GTGAAA_L002_R2_004.fastq.gz	562102492
data/NA12878/NIST_NA12878_HG001_HiSeq_300x/140127_D00360_0012_BH8GVUADXX/Project_RM8398/Sample_U4b/U4b_GTGAAA_L002_R2_005.fastq.gz	173098937
data/NA12878/NIST_NA12878_HG001_HiSeq_300x/140207_D00360_0013_AH8G92ADXX/Project_RM8398/Sample_U1a/SampleSheet.csv	157
data/NA12878/NIST_NA12878_HG001_HiSeq_300x/140207_D00360_0013_AH8G92ADXX/Project_RM8398/Sample_U1a/U1a_ACAGTG_L001_R1_001.fastq.gz	511718187
data/NA12878/NIST_NA12878_HG001_HiSeq_300x/140207_D00360_0013_AH8G92ADXX/Project_RM8398/Sample_U1a/U1a_ACAGTG_L001_R1_002.fastq.gz	509682707
data/NA12878/NIST_NA12878_HG001_HiSeq_300x/140207_D00360_0013_AH8G92ADXX/Project_RM8398/Sample_U1a/U1a_ACAGTG_L001_R1_003.fastq.gz	508948865
data/NA12878/NIST_NA12878_HG001_HiSeq_300x/140207_D00360_0013_AH8G92ADXX/Project_RM8398/Sample_U1a/U1a_ACAGTG_L001_R1_004.fastq.gz	508614977
data/NA12878/NIST_NA12878_HG001_HiSeq_300x/140207_D00360_0013_AH8G92ADXX/Project_RM8398/Sample_U1a/U1a_ACAGTG_L001_R1_005.fastq.gz	403770283
data/NA12878/NIST_NA12878_HG001_HiSeq_300x/140207_D00360_0013_AH8G92ADXX/Project_RM8398/Sample_U1a/U1a_ACAGTG_L001_R2_001.fastq.gz	552615164
data/NA12878/NIST_NA12878_HG001_HiSeq_300x/140207_D00360_0013_AH8G92ADXX/Project_RM8398/Sample_U1a/U1a_ACAGTG_L001_R2_002.fastq.gz	547551496
data/NA12878/NIST_NA12878_HG001_HiSeq_300x/140207_D00360_0013_AH8G92ADXX/Project_RM8398/Sample_U1a/U1a_ACAGTG_L001_R2_003.fastq.gz	546933326
data/NA12878/NIST_NA12878_HG001_HiSeq_300x/140207_D00360_0013_AH8G92ADXX/Project_RM8398/Sample_U1a/U1a_ACAGTG_L001_R2_004.fastq.gz	544941649
data/NA12878/NIST_NA12878_HG001_HiSeq_300x/140207_D00360_0013_AH8G92ADXX/Project_RM8398/Sample_U1a/U1a_ACAGTG_L001_R2_005.fastq.gz	431238130
data/NA12878/NIST_NA12878_HG001_HiSeq_300x/140207_D00360_0013_AH8G92ADXX/Project_RM8398/Sample_U1a/U1a_ACAGTG_L002_R1_001.fastq.gz	511262827
data/NA12878/NIST_NA12878_HG001_HiSeq_300x/140207_D00360_0013_AH8G92ADXX/Project_RM8398/Sample_U1a/U1a_ACAGTG_L002_R1_002.fastq.gz	511730218
data/NA12878/NIST_NA12878_HG001_HiSeq_300x/140207_D00360_0013_AH8G92ADXX/Project_RM8398/Sample_U1a/U1a_ACAGTG_L002_R1_003.fastq.gz	510867351
data/NA12878/NIST_NA12878_HG001_HiSeq_300x/140207_D00360_0013_AH8G92ADXX/Project_RM8398/Sample_U1a/U1a_ACAGTG_L002_R1_004.fastq.gz	512438442
data/NA12878/NIST_NA12878_HG001_HiSeq_300x/140207_D00360_0013_AH8G92ADXX/Project_RM8398/Sample_U1a/U1a_ACAGTG_L002_R1_005.fastq.gz	439458478
data/NA12878/NIST_NA12878_HG001_HiSeq_300x/140207_D00360_0013_AH8G92ADXX/Project_RM8398/Sample_U1a/U1a_ACAGTG_L002_R2_001.fastq.gz	549107994
data/NA12878/NIST_NA12878_HG001_HiSeq_300x/140207_D00360_0013_AH8G92ADXX/Project_RM8398/Sample_U1a/U1a_ACAGTG_L002_R2_002.fastq.gz	548258620
data/NA12878/NIST_NA12878_HG001_HiSeq_300x/140207_D00360_0013_AH8G92ADXX/Project_RM8398/Sample_U1a/U1a_ACAGTG_L002_R2_003.fastq.gz	546841167
data/NA12878/NIST_NA12878_HG001_HiSeq_300x/140207_D00360_0013_AH8G92ADXX/Project_RM8398/Sample_U1a/U1a_ACAGTG_L002_R2_004.fastq.gz	548657466
data/NA12878/NIST_NA12878_HG001_HiSeq_300x/140207_D00360_0013_AH8G92ADXX/Project_RM8398/Sample_U1a/U1a_ACAGTG_L002_R2_005.fastq.gz	469288668
data/NA12878/NIST_NA12878_HG001_HiSeq_300x/140207_D00360_0013_AH8G92ADXX/Project_RM8398/Sample_U1b/SampleSheet.csv	157
data/NA12878/NIST_NA12878_HG001_HiSeq_300x/140207_D00360_0013_AH8G92ADXX/Project_RM8398/Sample_U1b/U1b_GCCAAT_L001_R1_001.fastq.gz	506908976
data/NA12878/NIST_NA12878_HG001_HiSeq_300x/140207_D00360_0013_AH8G92ADXX/Project_RM8398/Sample_U1b/U1b_GCCAAT_L001_R1_002.fastq.gz	504795862
data/NA12878/NIST_NA12878_HG001_HiSeq_300x/140207_D00360_0013_AH8G92ADXX/Project_RM8398/Sample_U1b/U1b_GCCAAT_L001_R1_003.fastq.gz	504386282
data/NA12878/NIST_NA12878_HG001_HiSeq_300x/140207_D00360_0013_AH8G92ADXX/Project_RM8398/Sample_U1b/U1b_GCCAAT_L001_R1_004.fastq.gz	504464328
data/NA12878/NIST_NA12878_HG001_HiSeq_300x/140207_D00360_0013_AH8G92ADXX/Project_RM8398/Sample_U1b/U1b_GCCAAT_L001_R1_005.fastq.gz	433387606
data/NA12878/NIST_NA12878_HG001_HiSeq_300x/140207_D00360_0013_AH8G92ADXX/Project_RM8398/Sample_U1b/U1b_GCCAAT_L001_R2_001.fastq.gz	542716863
data/NA12878/NIST_NA12878_HG001_HiSeq_300x/140207_D00360_0013_AH8G92ADXX/Project_RM8398/Sample_U1b/U1b_GCCAAT_L001_R2_002.fastq.gz	537430149
data/NA12878/NIST_NA12878_HG001_HiSeq_300x/140207_D00360_0013_AH8G92ADXX/Project_RM8398/Sample_U1b/U1b_GCCAAT_L001_R2_003.fastq.gz	537500445
data/NA12878/NIST_NA12878_HG001_HiSeq_300x/140207_D00360_0013_AH8G92ADXX/Project_RM8398/Sample_U1b/U1b_GCCAAT_L001_R2_004.fastq.gz	536215416
data/NA12878/NIST_NA12878_HG001_HiSeq_300x/140207_D00360_0013_AH8G92ADXX/Project_RM8398/Sample_U1b/U1b_GCCAAT_L001_R2_005.fastq.gz	460056547
data/NA12878/NIST_NA12878_HG001_HiSeq_300x/140207_D00360_0013_AH8G92ADXX/Project_RM8398/Sample_U1b/U1b_GCCAAT_L002_R1_001.fastq.gz	505843711
data/NA12878/NIST_NA12878_HG001_HiSeq_300x/140207_D00360_0013_AH8G92ADXX/Project_RM8398/Sample_U1b/U1b_GCCAAT_L002_R1_002.fastq.gz	506798637
data/NA12878/NIST_NA12878_HG001_HiSeq_300x/140207_D00360_0013_AH8G92ADXX/Project_RM8398/Sample_U1b/U1b_GCCAAT_L002_R1_003.fastq.gz	505974621
data/NA12878/NIST_NA12878_HG001_HiSeq_300x/140207_D00360_0013_AH8G92ADXX/Project_RM8398/Sample_U1b/U1b_GCCAAT_L002_R1_004.fastq.gz	508223136
data/NA12878/NIST_NA12878_HG001_HiSeq_300x/140207_D00360_0013_AH8G92ADXX/Project_RM8398/Sample_U1b/U1b_GCCAAT_L002_R1_005.fastq.gz	472009337
data/NA12878/NIST_NA12878_HG001_HiSeq_300x/140207_D00360_0013_AH8G92ADXX/Project_RM8398/Sample_U1b/U1b_GCCAAT_L002_R2_001.fastq.gz	538433466
data/NA12878/NIST_NA12878_HG001_HiSeq_300x/140207_D00360_0013_AH8G92ADXX/Project_RM8398/Sample_U1b/U1b_GCCAAT_L002_R2_002.fastq.gz	538060806
data/NA12878/NIST_NA12878_HG001_HiSeq_300x/140207_D00360_0013_AH8G92ADXX/Project_RM8398/Sample_U1b/U1b_GCCAAT_L002_R2_003.fastq.gz	537396166
data/NA12878/NIST_NA12878_HG001_HiSeq_300x/140207_D00360_0013_AH8G92ADXX/Project_RM8398/Sample_U1b/U1b_GCCAAT_L002_R2_004.fastq.gz	539951260
data/NA12878/NIST_NA12878_HG001_HiSeq_300x/140207_D00360_0013_AH8G92ADXX/Project_RM8398/Sample_U1b/U1b_GCCAAT_L002_R2_005.fastq.gz	500858458
data/NA12878/NIST_NA12878_HG001_HiSeq_300x/140207_D00360_0013_AH8G92ADXX/Project_RM8398/Sample_U2a/SampleSheet.csv	157
data/NA12878/NIST_NA12878_HG001_HiSeq_300x/140207_D00360_0013_AH8G92ADXX/Project_RM8398/Sample_U2a/U2a_CTTGTA_L001_R1_001.fastq.gz	512243868
data/NA12878/NIST_NA12878_HG001_HiSeq_300x/140207_D00360_0013_AH8G92ADXX/Project_RM8398/Sample_U2a/U2a_CTTGTA_L001_R1_002.fastq.gz	507554363
data/NA12878/NIST_NA12878_HG001_HiSeq_300x/140207_D00360_0013_AH8G92ADXX/Project_RM8398/Sample_U2a/U2a_CTTGTA_L001_R1_003.fastq.gz	506846684
data/NA12878/NIST_NA12878_HG001_HiSeq_300x/140207_D00360_0013_AH8G92ADXX/Project_RM8398/Sample_U2a/U2a_CTTGTA_L001_R1_004.fastq.gz	411441622
data/NA12878/NIST_NA12878_HG001_HiSeq_300x/140207_D00360_0013_AH8G92ADXX/Project_RM8398/Sample_U2a/U2a_CTTGTA_L001_R2_001.fastq.gz	545096963
data/NA12878/NIST_NA12878_HG001_HiSeq_300x/140207_D00360_0013_AH8G92ADXX/Project_RM8398/Sample_U2a/U2a_CTTGTA_L001_R2_002.fastq.gz	539283828
data/NA12878/NIST_NA12878_HG001_HiSeq_300x/140207_D00360_0013_AH8G92ADXX/Project_RM8398/Sample_U2a/U2a_CTTGTA_L001_R2_003.fastq.gz	538381864
data/NA12878/NIST_NA12878_HG001_HiSeq_300x/140207_D00360_0013_AH8G92ADXX/Project_RM8398/Sample_U2a/U2a_CTTGTA_L001_R2_004.fastq.gz	435998449
data/NA12878/NIST_NA12878_HG001_HiSeq_300x/140207_D00360_0013_AH8G92ADXX/Project_RM8398/Sample_U2a/U2a_CTTGTA_L002_R1_001.fastq.gz	511196852
data/NA12878/NIST_NA12878_HG001_HiSeq_300x/140207_D00360_0013_AH8G92ADXX/Project_RM8398/Sample_U2a/U2a_CTTGTA_L002_R1_002.fastq.gz	510718620
data/NA12878/NIST_NA12878_HG001_HiSeq_300x/140207_D00360_0013_AH8G92ADXX/Project_RM8398/Sample_U2a/U2a_CTTGTA_L002_R1_003.fastq.gz	510076929
data/NA12878/NIST_NA12878_HG001_HiSeq_300x/140207_D00360_0013_AH8G92ADXX/Project_RM8398/Sample_U2a/U2a_CTTGTA_L002_R1_004.fastq.gz	443137640
data/NA12878/NIST_NA12878_HG001_HiSeq_300x/140207_D00360_0013_AH8G92ADXX/Project_RM8398/Sample_U2a/U2a_CTTGTA_L002_R2_001.fastq.gz	541581850
data/NA12878/NIST_NA12878_HG001_HiSeq_300x/140207_D00360_0013_AH8G92ADXX/Project_RM8398/Sample_U2a/U2a_CTTGTA_L002_R2_002.fastq.gz	540686545
data/NA12878/NIST_NA12878_HG001_HiSeq_300x/140207_D00360_0013_AH8G92ADXX/Project_RM8398/Sample_U2a/U2a_CTTGTA_L002_R2_003.fastq.gz	540640122
data/NA12878/NIST_NA12878_HG001_HiSeq_300x/140207_D00360_0013_AH8G92ADXX/Project_RM8398/Sample_U2a/U2a_CTTGTA_L002_R2_004.fastq.gz	469213151
data/NA12878/NIST_NA12878_HG001_HiSeq_300x/140207_D00360_0013_AH8G92ADXX/Project_RM8398/Sample_U2b/SampleSheet.csv	157
data/NA12878/NIST_NA12878_HG001_HiSeq_300x/140207_D00360_0013_AH8G92ADXX/Project_RM8398/Sample_U2b/U2b_AGTCAA_L001_R1_001.fastq.gz	508986471
data/NA12878/NIST_NA12878_HG001_HiSeq_300x/140207_D00360_0013_AH8G92ADXX/Project_RM8398/Sample_U2b/U2b_AGTCAA_L001_R1_002.fastq.gz	503523757
data/NA12878/NIST_NA12878_HG001_HiSeq_300x/140207_D00360_0013_AH8G92ADXX/Project_RM8398/Sample_U2b/U2b_AGTCAA_L001_R1_003.fastq.gz	502755314
data/NA12878/NIST_NA12878_HG001_HiSeq_300x/140207_D00360_0013_AH8G92ADXX/Project_RM8398/Sample_U2b/U2b_AGTCAA_L001_R1_004.fastq.gz	502509400
data/NA12878/NIST_NA12878_HG001_HiSeq_300x/140207_D00360_0013_AH8G92ADXX/Project_RM8398/Sample_U2b/U2b_AGTCAA_L001_R1_005.fastq.gz	97449069
data/NA12878/NIST_NA12878_HG001_HiSeq_300x/140207_D00360_0013_AH8G92ADXX/Project_RM8398/Sample_U2b/U2b_AGTCAA_L001_R2_001.fastq.gz	542871093
data/NA12878/NIST_NA12878_HG001_HiSeq_300x/140207_D00360_0013_AH8G92ADXX/Project_RM8398/Sample_U2b/U2b_AGTCAA_L001_R2_002.fastq.gz	535558593
data/NA12878/NIST_NA12878_HG001_HiSeq_300x/140207_D00360_0013_AH8G92ADXX/Project_RM8398/Sample_U2b/U2b_AGTCAA_L001_R2_003.fastq.gz	535894908
data/NA12878/NIST_NA12878_HG001_HiSeq_300x/140207_D00360_0013_AH8G92ADXX/Project_RM8398/Sample_U2b/U2b_AGTCAA_L001_R2_004.fastq.gz	534213511
data/NA12878/NIST_NA12878_HG001_HiSeq_300x/140207_D00360_0013_AH8G92ADXX/Project_RM8398/Sample_U2b/U2b_AGTCAA_L001_R2_005.fastq.gz	102539980
data/NA12878/NIST_NA12878_HG001_HiSeq_300x/140207_D00360_0013_AH8G92ADXX/Project_RM8398/Sample_U2b/U2b_AGTCAA_L002_R1_001.fastq.gz	507039884
data/NA12878/NIST_NA12878_HG001_HiSeq_300x/140207_D00360_0013_AH8G92ADXX/Project_RM8398/Sample_U2b/U2b_AGTCAA_L002_R1_002.fastq.gz	506559175
data/NA12878/NIST_NA12878_HG001_HiSeq_300x/140207_D00360_0013_AH8G92ADXX/Project_RM8398/Sample_U2b/U2b_AGTCAA_L002_R1_003.fastq.gz	504974374
data/NA12878/NIST_NA12878_HG001_HiSeq_300x/140207_D00360_0013_AH8G92ADXX/Project_RM8398/Sample_U2b/U2b_AGTCAA_L002_R1_004.fastq.gz	504323143
data/NA12878/NIST_NA12878_HG001_HiSeq_300x/140207_D00360_0013_AH8G92ADXX/Project_RM8398/Sample_U2b/U2b_AGTCAA_L002_R1_005.fastq.gz	134004412
data/NA12878/NIST_NA12878_HG001_HiSeq_300x/140207_D00360_0013_AH8G92ADXX/Project_RM8398/Sample_U2b/U2b_AGTCAA_L002_R2_001.fastq.gz	538346244
data/NA12878/NIST_NA12878_HG001_HiSeq_300x/140207_D00360_0013_AH8G92ADXX/Project_RM8398/Sample_U2b/U2b_AGTCAA_L002_R2_002.fastq.gz	537451939
data/NA12878/NIST_NA12878_HG001_HiSeq_300x/140207_D00360_0013_AH8G92ADXX/Project_RM8398/Sample_U2b/U2b_AGTCAA_L002_R2_003.fastq.gz	536799019
data/NA12878/NIST_NA12878_HG001_HiSeq_300x/140207_D00360_0013_AH8G92ADXX/Project_RM8398/Sample_U2b/U2b_AGTCAA_L002_R2_004.fastq.gz	535371845
data/NA12878/NIST_NA12878_HG001_HiSeq_300x/140207_D00360_0013_AH8G92ADXX/Project_RM8398/Sample_U2b/U2b_AGTCAA_L002_R2_005.fastq.gz	141183091
data/NA12878/NIST_NA12878_HG001_HiSeq_300x/140207_D00360_0013_AH8G92ADXX/Project_RM8398/Sample_U3a/SampleSheet.csv	157
data/NA12878/NIST_NA12878_HG001_HiSeq_300x/140207_D00360_0013_AH8G92ADXX/Project_RM8398/Sample_U3a/U3a_AGTTCC_L001_R1_001.fastq.gz	506153899
data/NA12878/NIST_NA12878_HG001_HiSeq_300x/140207_D00360_0013_AH8G92ADXX/Project_RM8398/Sample_U3a/U3a_AGTTCC_L001_R1_002.fastq.gz	502243565
data/NA12878/NIST_NA12878_HG001_HiSeq_300x/140207_D00360_0013_AH8G92ADXX/Project_RM8398/Sample_U3a/U3a_AGTTCC_L001_R1_003.fastq.gz	501477717
data/NA12878/NIST_NA12878_HG001_HiSeq_300x/140207_D00360_0013_AH8G92ADXX/Project_RM8398/Sample_U3a/U3a_AGTTCC_L001_R1_004.fastq.gz	206338003
data/NA12878/NIST_NA12878_HG001_HiSeq_300x/140207_D00360_0013_AH8G92ADXX/Project_RM8398/Sample_U3a/U3a_AGTTCC_L001_R2_001.fastq.gz	542029914
data/NA12878/NIST_NA12878_HG001_HiSeq_300x/140207_D00360_0013_AH8G92ADXX/Project_RM8398/Sample_U3a/U3a_AGTTCC_L001_R2_002.fastq.gz	536987743
data/NA12878/NIST_NA12878_HG001_HiSeq_300x/140207_D00360_0013_AH8G92ADXX/Project_RM8398/Sample_U3a/U3a_AGTTCC_L001_R2_003.fastq.gz	535548109
data/NA12878/NIST_NA12878_HG001_HiSeq_300x/140207_D00360_0013_AH8G92ADXX/Project_RM8398/Sample_U3a/U3a_AGTTCC_L001_R2_004.fastq.gz	219108851
data/NA12878/NIST_NA12878_HG001_HiSeq_300x/140207_D00360_0013_AH8G92ADXX/Project_RM8398/Sample_U3a/U3a_AGTTCC_L002_R1_001.fastq.gz	505164457
data/NA12878/NIST_NA12878_HG001_HiSeq_300x/140207_D00360_0013_AH8G92ADXX/Project_RM8398/Sample_U3a/U3a_AGTTCC_L002_R1_002.fastq.gz	504482422
data/NA12878/NIST_NA12878_HG001_HiSeq_300x/140207_D00360_0013_AH8G92ADXX/Project_RM8398/Sample_U3a/U3a_AGTTCC_L002_R1_003.fastq.gz	504300474
data/NA12878/NIST_NA12878_HG001_HiSeq_300x/140207_D00360_0013_AH8G92ADXX/Project_RM8398/Sample_U3a/U3a_AGTTCC_L002_R1_004.fastq.gz	234794958
data/NA12878/NIST_NA12878_HG001_HiSeq_300x/140207_D00360_0013_AH8G92ADXX/Project_RM8398/Sample_U3a/U3a_AGTTCC_L002_R2_001.fastq.gz	538510031
data/NA12878/NIST_NA12878_HG001_HiSeq_300x/140207_D00360_0013_AH8G92ADXX/Project_RM8398/Sample_U3a/U3a_AGTTCC_L002_R2_002.fastq.gz	537524418
data/NA12878/NIST_NA12878_HG001_HiSeq_300x/140207_D00360_0013_AH8G92ADXX/Project_RM8398/Sample_U3a/U3a_AGTTCC_L002_R2_003.fastq.gz	537544536
data/NA12878/NIST_NA12878_HG001_HiSeq_300x/140207_D00360_0013_AH8G92ADXX/Project_RM8398/Sample_U3a/U3a_AGTTCC_L002_R2_004.fastq.gz	249504541
data/NA12878/NIST_NA12878_HG001_HiSeq_300x/140207_D00360_0013_AH8G92ADXX/Project_RM8398/Sample_U3b/SampleSheet.csv	157
data/NA12878/NIST_NA12878_HG001_HiSeq_300x/140207_D00360_0013_AH8G92ADXX/Project_RM8398/Sample_U3b/U3b_ATGTCA_L001_R1_001.fastq.gz	511740706
data/NA12878/NIST_NA12878_HG001_HiSeq_300x/140207_D00360_0013_AH8G92ADXX/Project_RM8398/Sample_U3b/U3b_ATGTCA_L001_R1_002.fastq.gz	506685220
data/NA12878/NIST_NA12878_HG001_HiSeq_300x/140207_D00360_0013_AH8G92ADXX/Project_RM8398/Sample_U3b/U3b_ATGTCA_L001_R1_003.fastq.gz	506464250
data/NA12878/NIST_NA12878_HG001_HiSeq_300x/140207_D00360_0013_AH8G92ADXX/Project_RM8398/Sample_U3b/U3b_ATGTCA_L001_R1_004.fastq.gz	460111074
data/NA12878/NIST_NA12878_HG001_HiSeq_300x/140207_D00360_0013_AH8G92ADXX/Project_RM8398/Sample_U3b/U3b_ATGTCA_L001_R2_001.fastq.gz	550499547
data/NA12878/NIST_NA12878_HG001_HiSeq_300x/140207_D00360_0013_AH8G92ADXX/Project_RM8398/Sample_U3b/U3b_ATGTCA_L001_R2_002.fastq.gz	544034101
data/NA12878/NIST_NA12878_HG001_HiSeq_300x/140207_D00360_0013_AH8G92ADXX/Project_RM8398/Sample_U3b/U3b_ATGTCA_L001_R2_003.fastq.gz	543424962
data/NA12878/NIST_NA12878_HG001_HiSeq_300x/140207_D00360_0013_AH8G92ADXX/Project_RM8398/Sample_U3b/U3b_ATGTCA_L001_R2_004.fastq.gz	493007560
data/NA12878/NIST_NA12878_HG001_HiSeq_300x/140207_D00360_0013_AH8G92ADXX/Project_RM8398/Sample_U3b/U3b_ATGTCA_L002_R1_001.fastq.gz	510697128
data/NA12878/NIST_NA12878_HG001_HiSeq_300x/140207_D00360_0013_AH8G92ADXX/Project_RM8398/Sample_U3b/U3b_ATGTCA_L002_R1_002.fastq.gz	509707329
data/NA12878/NIST_NA12878_HG001_HiSeq_300x/140207_D00360_0013_AH8G92ADXX/Project_RM8398/Sample_U3b/U3b_ATGTCA_L002_R1_003.fastq.gz	509187557
data/NA12878/NIST_NA12878_HG001_HiSeq_300x/140207_D00360_0013_AH8G92ADXX/Project_RM8398/Sample_U3b/U3b_ATGTCA_L002_R1_004.fastq.gz	492192371
data/NA12878/NIST_NA12878_HG001_HiSeq_300x/140207_D00360_0013_AH8G92ADXX/Project_RM8398/Sample_U3b/U3b_ATGTCA_L002_R2_001.fastq.gz	547130054
data/NA12878/NIST_NA12878_HG001_HiSeq_300x/140207_D00360_0013_AH8G92ADXX/Project_RM8398/Sample_U3b/U3b_ATGTCA_L002_R2_002.fastq.gz	545900294
data/NA12878/NIST_NA12878_HG001_HiSeq_300x/140207_D00360_0013_AH8G92ADXX/Project_RM8398/Sample_U3b/U3b_ATGTCA_L002_R2_003.fastq.gz	545652341
data/NA12878/NIST_NA12878_HG001_HiSeq_300x/140207_D00360_0013_AH8G92ADXX/Project_RM8398/Sample_U3b/U3b_ATGTCA_L002_R2_004.fastq.gz	527061167
data/NA12878/NIST_NA12878_HG001_HiSeq_300x/140207_D00360_0013_AH8G92ADXX/Project_RM8398/Sample_U4a/SampleSheet.csv	157
data/NA12878/NIST_NA12878_HG001_HiSeq_300x/140207_D00360_0013_AH8G92ADXX/Project_RM8398/Sample_U4a/U4a_GTCCGC_L001_R1_001.fastq.gz	508246030
data/NA12878/NIST_NA12878_HG001_HiSeq_300x/140207_D00360_0013_AH8G92ADXX/Project_RM8398/Sample_U4a/U4a_GTCCGC_L001_R1_002.fastq.gz	503184895
data/NA12878/NIST_NA12878_HG001_HiSeq_300x/140207_D00360_0013_AH8G92ADXX/Project_RM8398/Sample_U4a/U4a_GTCCGC_L001_R1_003.fastq.gz	502926536
data/NA12878/NIST_NA12878_HG001_HiSeq_300x/140207_D00360_0013_AH8G92ADXX/Project_RM8398/Sample_U4a/U4a_GTCCGC_L001_R1_004.fastq.gz	397838479
data/NA12878/NIST_NA12878_HG001_HiSeq_300x/140207_D00360_0013_AH8G92ADXX/Project_RM8398/Sample_U4a/U4a_GTCCGC_L001_R2_001.fastq.gz	542616458
data/NA12878/NIST_NA12878_HG001_HiSeq_300x/140207_D00360_0013_AH8G92ADXX/Project_RM8398/Sample_U4a/U4a_GTCCGC_L001_R2_002.fastq.gz	536411457
data/NA12878/NIST_NA12878_HG001_HiSeq_300x/140207_D00360_0013_AH8G92ADXX/Project_RM8398/Sample_U4a/U4a_GTCCGC_L001_R2_003.fastq.gz	535607486
data/NA12878/NIST_NA12878_HG001_HiSeq_300x/140207_D00360_0013_AH8G92ADXX/Project_RM8398/Sample_U4a/U4a_GTCCGC_L001_R2_004.fastq.gz	422731879
data/NA12878/NIST_NA12878_HG001_HiSeq_300x/140207_D00360_0013_AH8G92ADXX/Project_RM8398/Sample_U4a/U4a_GTCCGC_L002_R1_001.fastq.gz	506675588
data/NA12878/NIST_NA12878_HG001_HiSeq_300x/140207_D00360_0013_AH8G92ADXX/Project_RM8398/Sample_U4a/U4a_GTCCGC_L002_R1_002.fastq.gz	506087363
data/NA12878/NIST_NA12878_HG001_HiSeq_300x/140207_D00360_0013_AH8G92ADXX/Project_RM8398/Sample_U4a/U4a_GTCCGC_L002_R1_003.fastq.gz	505871514
data/NA12878/NIST_NA12878_HG001_HiSeq_300x/140207_D00360_0013_AH8G92ADXX/Project_RM8398/Sample_U4a/U4a_GTCCGC_L002_R1_004.fastq.gz	426064588
data/NA12878/NIST_NA12878_HG001_HiSeq_300x/140207_D00360_0013_AH8G92ADXX/Project_RM8398/Sample_U4a/U4a_GTCCGC_L002_R2_001.fastq.gz	538662782
data/NA12878/NIST_NA12878_HG001_HiSeq_300x/140207_D00360_0013_AH8G92ADXX/Project_RM8398/Sample_U4a/U4a_GTCCGC_L002_R2_002.fastq.gz	537664820
data/NA12878/NIST_NA12878_HG001_HiSeq_300x/140207_D00360_0013_AH8G92ADXX/Project_RM8398/Sample_U4a/U4a_GTCCGC_L002_R2_003.fastq.gz	537549367
data/NA12878/NIST_NA12878_HG001_HiSeq_300x/140207_D00360_0013_AH8G92ADXX/Project_RM8398/Sample_U4a/U4a_GTCCGC_L002_R2_004.fastq.gz	452158231
data/NA12878/NIST_NA12878_HG001_HiSeq_300x/140207_D00360_0013_AH8G92ADXX/Project_RM8398/Sample_U4b/SampleSheet.csv	157
data/NA12878/NIST_NA12878_HG001_HiSeq_300x/140207_D00360_0013_AH8G92ADXX/Project_RM8398/Sample_U4b/U4b_GTGAAA_L001_R1_001.fastq.gz	509635646
data/NA12878/NIST_NA12878_HG001_HiSeq_300x/140207_D00360_0013_AH8G92ADXX/Project_RM8398/Sample_U4b/U4b_GTGAAA_L001_R1_002.fastq.gz	504453531
data/NA12878/NIST_NA12878_HG001_HiSeq_300x/140207_D00360_0013_AH8G92ADXX/Project_RM8398/Sample_U4b/U4b_GTGAAA_L001_R1_003.fastq.gz	504568567
data/NA12878/NIST_NA12878_HG001_HiSeq_300x/140207_D00360_0013_AH8G92ADXX/Project_RM8398/Sample_U4b/U4b_GTGAAA_L001_R1_004.fastq.gz	410939011
data/NA12878/NIST_NA12878_HG001_HiSeq_300x/140207_D00360_0013_AH8G92ADXX/Project_RM8398/Sample_U4b/U4b_GTGAAA_L001_R2_001.fastq.gz	550266136
data/NA12878/NIST_NA12878_HG001_HiSeq_300x/140207_D00360_0013_AH8G92ADXX/Project_RM8398/Sample_U4b/U4b_GTGAAA_L001_R2_002.fastq.gz	544112302
data/NA12878/NIST_NA12878_HG001_HiSeq_300x/140207_D00360_0013_AH8G92ADXX/Project_RM8398/Sample_U4b/U4b_GTGAAA_L001_R2_003.fastq.gz	543936837
data/NA12878/NIST_NA12878_HG001_HiSeq_300x/140207_D00360_0013_AH8G92ADXX/Project_RM8398/Sample_U4b/U4b_GTGAAA_L001_R2_004.fastq.gz	441996571
data/NA12878/NIST_NA12878_HG001_HiSeq_300x/140207_D00360_0013_AH8G92ADXX/Project_RM8398/Sample_U4b/U4b_GTGAAA_L002_R1_001.fastq.gz	507687486
data/NA12878/NIST_NA12878_HG001_HiSeq_300x/140207_D00360_0013_AH8G92ADXX/Project_RM8398/Sample_U4b/U4b_GTGAAA_L002_R1_002.fastq.gz	507285851
data/NA12878/NIST_NA12878_HG001_HiSeq_300x/140207_D00360_0013_AH8G92ADXX/Project_RM8398/Sample_U4b/U4b_GTGAAA_L002_R1_003.fastq.gz	507173252
data/NA12878/NIST_NA12878_HG001_HiSeq_300x/140207_D00360_0013_AH8G92ADXX/Project_RM8398/Sample_U4b/U4b_GTGAAA_L002_R1_004.fastq.gz	430447135
data/NA12878/NIST_NA12878_HG001_HiSeq_300x/140207_D00360_0013_AH8G92ADXX/Project_RM8398/Sample_U4b/U4b_GTGAAA_L002_R2_001.fastq.gz	545918469
data/NA12878/NIST_NA12878_HG001_HiSeq_300x/140207_D00360_0013_AH8G92ADXX/Project_RM8398/Sample_U4b/U4b_GTGAAA_L002_R2_002.fastq.gz	545251063
data/NA12878/NIST_NA12878_HG001_HiSeq_300x/140207_D00360_0013_AH8G92ADXX/Project_RM8398/Sample_U4b/U4b_GTGAAA_L002_R2_003.fastq.gz	545823734
data/NA12878/NIST_NA12878_HG001_HiSeq_300x/140207_D00360_0013_AH8G92ADXX/Project_RM8398/Sample_U4b/U4b_GTGAAA_L002_R2_004.fastq.gz	462560381
data/NA12878/NIST_NA12878_HG001_HiSeq_300x/140313_D00360_0014_AH8GGVADXX/Project_RM8398/Sample_U0a/SampleSheet.csv	157
data/NA12878/NIST_NA12878_HG001_HiSeq_300x/140313_D00360_0014_AH8GGVADXX/Project_RM8398/Sample_U0a/U0a_CGATGT_L001_R1_001.fastq.gz	501641631
data/NA12878/NIST_NA12878_HG001_HiSeq_300x/140313_D00360_0014_AH8GGVADXX/Project_RM8398/Sample_U0a/U0a_CGATGT_L001_R1_002.fastq.gz	323259703
data/NA12878/NIST_NA12878_HG001_HiSeq_300x/140313_D00360_0014_AH8GGVADXX/Project_RM8398/Sample_U0a/U0a_CGATGT_L001_R2_001.fastq.gz	552909899
data/NA12878/NIST_NA12878_HG001_HiSeq_300x/140313_D00360_0014_AH8GGVADXX/Project_RM8398/Sample_U0a/U0a_CGATGT_L001_R2_002.fastq.gz	356260370
data/NA12878/NIST_NA12878_HG001_HiSeq_300x/140313_D00360_0014_AH8GGVADXX/Project_RM8398/Sample_U0a/U0a_CGATGT_L002_R1_001.fastq.gz	495199290
data/NA12878/NIST_NA12878_HG001_HiSeq_300x/140313_D00360_0014_AH8GGVADXX/Project_RM8398/Sample_U0a/U0a_CGATGT_L002_R1_002.fastq.gz	384998678
data/NA12878/NIST_NA12878_HG001_HiSeq_300x/140313_D00360_0014_AH8GGVADXX/Project_RM8398/Sample_U0a/U0a_CGATGT_L002_R2_001.fastq.gz	549860274
data/NA12878/NIST_NA12878_HG001_HiSeq_300x/140313_D00360_0014_AH8GGVADXX/Project_RM8398/Sample_U0a/U0a_CGATGT_L002_R2_002.fastq.gz	424957732
data/NA12878/NIST_NA12878_HG001_HiSeq_300x/140313_D00360_0014_AH8GGVADXX/Project_RM8398/Sample_U0b/SampleSheet.csv	157
data/NA12878/NIST_NA12878_HG001_HiSeq_300x/140313_D00360_0014_AH8GGVADXX/Project_RM8398/Sample_U0b/U0b_TGACCA_L001_R1_001.fastq.gz	510495457
data/NA12878/NIST_NA12878_HG001_HiSeq_300x/140313_D00360_0014_AH8GGVADXX/Project_RM8398/Sample_U0b/U0b_TGACCA_L001_R1_002.fastq.gz	500048333
data/NA12878/NIST_NA12878_HG001_HiSeq_300x/140313_D00360_0014_AH8GGVADXX/Project_RM8398/Sample_U0b/U0b_TGACCA_L001_R1_003.fastq.gz	508036380
data/NA12878/NIST_NA12878_HG001_HiSeq_300x/140313_D00360_0014_AH8GGVADXX/Project_RM8398/Sample_U0b/U0b_TGACCA_L001_R1_004.fastq.gz	504705995
data/NA12878/NIST_NA12878_HG001_HiSeq_300x/140313_D00360_0014_AH8GGVADXX/Project_RM8398/Sample_U0b/U0b_TGACCA_L001_R1_005.fastq.gz	494468957
data/NA12878/NIST_NA12878_HG001_HiSeq_300x/140313_D00360_0014_AH8GGVADXX/Project_RM8398/Sample_U0b/U0b_TGACCA_L001_R1_006.fastq.gz	280044420
data/NA12878/NIST_NA12878_HG001_HiSeq_300x/140313_D00360_0014_AH8GGVADXX/Project_RM8398/Sample_U0b/U0b_TGACCA_L001_R2_001.fastq.gz	549810022
data/NA12878/NIST_NA12878_HG001_HiSeq_300x/140313_D00360_0014_AH8GGVADXX/Project_RM8398/Sample_U0b/U0b_TGACCA_L001_R2_002.fastq.gz	543050453
data/NA12878/NIST_NA12878_HG001_HiSeq_300x/140313_D00360_0014_AH8GGVADXX/Project_RM8398/Sample_U0b/U0b_TGACCA_L001_R2_003.fastq.gz	545265219
data/NA12878/NIST_NA12878_HG001_HiSeq_300x/140313_D00360_0014_AH8GGVADXX/Project_RM8398/Sample_U0b/U0b_TGACCA_L001_R2_004.fastq.gz	543435625
data/NA12878/NIST_NA12878_HG001_HiSeq_300x/140313_D00360_0014_AH8GGVADXX/Project_RM8398/Sample_U0b/U0b_TGACCA_L001_R2_005.fastq.gz	538391427
data/NA12878/NIST_NA12878_HG001_HiSeq_300x/140313_D00360_0014_AH8GGVADXX/Project_RM8398/Sample_U0b/U0b_TGACCA_L001_R2_006.fastq.gz	298726312
data/NA12878/NIST_NA12878_HG001_HiSeq_300x/140313_D00360_0014_AH8GGVADXX/Project_RM8398/Sample_U0b/U0b_TGACCA_L002_R1_001.fastq.gz	497952581
data/NA12878/NIST_NA12878_HG001_HiSeq_300x/140313_D00360_0014_AH8GGVADXX/Project_RM8398/Sample_U0b/U0b_TGACCA_L002_R1_002.fastq.gz	500735507
data/NA12878/NIST_NA12878_HG001_HiSeq_300x/140313_D00360_0014_AH8GGVADXX/Project_RM8398/Sample_U0b/U0b_TGACCA_L002_R1_003.fastq.gz	503706455
data/NA12878/NIST_NA12878_HG001_HiSeq_300x/140313_D00360_0014_AH8GGVADXX/Project_RM8398/Sample_U0b/U0b_TGACCA_L002_R1_004.fastq.gz	499442865
data/NA12878/NIST_NA12878_HG001_HiSeq_300x/140313_D00360_0014_AH8GGVADXX/Project_RM8398/Sample_U0b/U0b_TGACCA_L002_R1_005.fastq.gz	497482156
data/NA12878/NIST_NA12878_HG001_HiSeq_300x/140313_D00360_0014_AH8GGVADXX/Project_RM8398/Sample_U0b/U0b_TGACCA_L002_R1_006.fastq.gz	309102332
data/NA12878/NIST_NA12878_HG001_HiSeq_300x/140313_D00360_0014_AH8GGVADXX/Project_RM8398/Sample_U0b/U0b_TGACCA_L002_R2_001.fastq.gz	543750223
data/NA12878/NIST_NA12878_HG001_HiSeq_300x/140313_D00360_0014_AH8GGVADXX/Project_RM8398/Sample_U0b/U0b_TGACCA_L002_R2_002.fastq.gz	542663961
data/NA12878/NIST_NA12878_HG001_HiSeq_300x/140313_D00360_0014_AH8GGVADXX/Project_RM8398/Sample_U0b/U0b_TGACCA_L002_R2_003.fastq.gz	542135047
data/NA12878/NIST_NA12878_HG001_HiSeq_300x/140313_D00360_0014_AH8GGVADXX/Project_RM8398/Sample_U0b/U0b_TGACCA_L002_R2_004.fastq.gz	540597021
data/NA12878/NIST_NA12878_HG001_HiSeq_300x/140313_D00360_0014_AH8GGVADXX/Project_RM8398/Sample_U0b/U0b_TGACCA_L002_R2_005.fastq.gz	539785493
data/NA12878/NIST_NA12878_HG001_HiSeq_300x/140313_D00360_0014_AH8GGVADXX/Project_RM8398/Sample_U0b/U0b_TGACCA_L002_R2_006.fastq.gz	330620844
data/NA12878/NIST_NA12878_HG001_HiSeq_300x/140313_D00360_0014_AH8GGVADXX/Project_RM8398/Sample_U0c/SampleSheet.csv	157
data/NA12878/NIST_NA12878_HG001_HiSeq_300x/140313_D00360_0014_AH8GGVADXX/Project_RM8398/Sample_U0c/U0c_CAGATC_L001_R1_001.fastq.gz	510419756
data/NA12878/NIST_NA12878_HG001_HiSeq_300x/140313_D00360_0014_AH8GGVADXX/Project_RM8398/Sample_U0c/U0c_CAGATC_L001_R1_002.fastq.gz	508776083
data/NA12878/NIST_NA12878_HG001_HiSeq_300x/140313_D00360_0014_AH8GGVADXX/Project_RM8398/Sample_U0c/U0c_CAGATC_L001_R1_003.fastq.gz	501602280
data/NA12878/NIST_NA12878_HG001_HiSeq_300x/140313_D00360_0014_AH8GGVADXX/Project_RM8398/Sample_U0c/U0c_CAGATC_L001_R1_004.fastq.gz	93411257
data/NA12878/NIST_NA12878_HG001_HiSeq_300x/140313_D00360_0014_AH8GGVADXX/Project_RM8398/Sample_U0c/U0c_CAGATC_L001_R2_001.fastq.gz	559118828
data/NA12878/NIST_NA12878_HG001_HiSeq_300x/140313_D00360_0014_AH8GGVADXX/Project_RM8398/Sample_U0c/U0c_CAGATC_L001_R2_002.fastq.gz	556461850
data/NA12878/NIST_NA12878_HG001_HiSeq_300x/140313_D00360_0014_AH8GGVADXX/Project_RM8398/Sample_U0c/U0c_CAGATC_L001_R2_003.fastq.gz	551402716
data/NA12878/NIST_NA12878_HG001_HiSeq_300x/140313_D00360_0014_AH8GGVADXX/Project_RM8398/Sample_U0c/U0c_CAGATC_L001_R2_004.fastq.gz	100854023
data/NA12878/NIST_NA12878_HG001_HiSeq_300x/140313_D00360_0014_AH8GGVADXX/Project_RM8398/Sample_U0c/U0c_CAGATC_L002_R1_001.fastq.gz	503867615
data/NA12878/NIST_NA12878_HG001_HiSeq_300x/140313_D00360_0014_AH8GGVADXX/Project_RM8398/Sample_U0c/U0c_CAGATC_L002_R1_002.fastq.gz	503623076
data/NA12878/NIST_NA12878_HG001_HiSeq_300x/140313_D00360_0014_AH8GGVADXX/Project_RM8398/Sample_U0c/U0c_CAGATC_L002_R1_003.fastq.gz	503865478
data/NA12878/NIST_NA12878_HG001_HiSeq_300x/140313_D00360_0014_AH8GGVADXX/Project_RM8398/Sample_U0c/U0c_CAGATC_L002_R1_004.fastq.gz	129802814
data/NA12878/NIST_NA12878_HG001_HiSeq_300x/140313_D00360_0014_AH8GGVADXX/Project_RM8398/Sample_U0c/U0c_CAGATC_L002_R2_001.fastq.gz	556146697
data/NA12878/NIST_NA12878_HG001_HiSeq_300x/140313_D00360_0014_AH8GGVADXX/Project_RM8398/Sample_U0c/U0c_CAGATC_L002_R2_002.fastq.gz	553656795
data/NA12878/NIST_NA12878_HG001_HiSeq_300x/140313_D00360_0014_AH8GGVADXX/Project_RM8398/Sample_U0c/U0c_CAGATC_L002_R2_003.fastq.gz	552913032
data/NA12878/NIST_NA12878_HG001_HiSeq_300x/140313_D00360_0014_AH8GGVADXX/Project_RM8398/Sample_U0c/U0c_CAGATC_L002_R2_004.fastq.gz	140662110
data/NA12878/NIST_NA12878_HG001_HiSeq_300x/140313_D00360_0014_AH8GGVADXX/Project_RM8398/Sample_U5a/SampleSheet.csv	157
data/NA12878/NIST_NA12878_HG001_HiSeq_300x/140313_D00360_0014_AH8GGVADXX/Project_RM8398/Sample_U5a/U5a_AGTCAA_L001_R1_001.fastq.gz	513658011
data/NA12878/NIST_NA12878_HG001_HiSeq_300x/140313_D00360_0014_AH8GGVADXX/Project_RM8398/Sample_U5a/U5a_AGTCAA_L001_R1_002.fastq.gz	510415975
data/NA12878/NIST_NA12878_HG001_HiSeq_300x/140313_D00360_0014_AH8GGVADXX/Project_RM8398/Sample_U5a/U5a_AGTCAA_L001_R1_003.fastq.gz	498040784
data/NA12878/NIST_NA12878_HG001_HiSeq_300x/140313_D00360_0014_AH8GGVADXX/Project_RM8398/Sample_U5a/U5a_AGTCAA_L001_R1_004.fastq.gz	512757178
data/NA12878/NIST_NA12878_HG001_HiSeq_300x/140313_D00360_0014_AH8GGVADXX/Project_RM8398/Sample_U5a/U5a_AGTCAA_L001_R1_005.fastq.gz	506339601
data/NA12878/NIST_NA12878_HG001_HiSeq_300x/140313_D00360_0014_AH8GGVADXX/Project_RM8398/Sample_U5a/U5a_AGTCAA_L001_R1_006.fastq.gz	501774744
data/NA12878/NIST_NA12878_HG001_HiSeq_300x/140313_D00360_0014_AH8GGVADXX/Project_RM8398/Sample_U5a/U5a_AGTCAA_L001_R1_007.fastq.gz	498816104
data/NA12878/NIST_NA12878_HG001_HiSeq_300x/140313_D00360_0014_AH8GGVADXX/Project_RM8398/Sample_U5a/U5a_AGTCAA_L001_R1_008.fastq.gz	237001564
data/NA12878/NIST_NA12878_HG001_HiSeq_300x/140313_D00360_0014_AH8GGVADXX/Project_RM8398/Sample_U5a/U5a_AGTCAA_L001_R2_001.fastq.gz	553220370
data/NA12878/NIST_NA12878_HG001_HiSeq_300x/140313_D00360_0014_AH8GGVADXX/Project_RM8398/Sample_U5a/U5a_AGTCAA_L001_R2_002.fastq.gz	551101730
data/NA12878/NIST_NA12878_HG001_HiSeq_300x/140313_D00360_0014_AH8GGVADXX/Project_RM8398/Sample_U5a/U5a_AGTCAA_L001_R2_003.fastq.gz	543602568
data/NA12878/NIST_NA12878_HG001_HiSeq_300x/140313_D00360_0014_AH8GGVADXX/Project_RM8398/Sample_U5a/U5a_AGTCAA_L001_R2_004.fastq.gz	550569519
data/NA12878/NIST_NA12878_HG001_HiSeq_300x/140313_D00360_0014_AH8GGVADXX/Project_RM8398/Sample_U5a/U5a_AGTCAA_L001_R2_005.fastq.gz	547590696
data/NA12878/NIST_NA12878_HG001_HiSeq_300x/140313_D00360_0014_AH8GGVADXX/Project_RM8398/Sample_U5a/U5a_AGTCAA_L001_R2_006.fastq.gz	543994126
data/NA12878/NIST_NA12878_HG001_HiSeq_300x/140313_D00360_0014_AH8GGVADXX/Project_RM8398/Sample_U5a/U5a_AGTCAA_L001_R2_007.fastq.gz	542323809
data/NA12878/NIST_NA12878_HG001_HiSeq_300x/140313_D00360_0014_AH8GGVADXX/Project_RM8398/Sample_U5a/U5a_AGTCAA_L001_R2_008.fastq.gz	253511383
data/NA12878/NIST_NA12878_HG001_HiSeq_300x/140313_D00360_0014_AH8GGVADXX/Project_RM8398/Sample_U5a/U5a_AGTCAA_L002_R1_001.fastq.gz	498170103
data/NA12878/NIST_NA12878_HG001_HiSeq_300x/140313_D00360_0014_AH8GGVADXX/Project_RM8398/Sample_U5a/U5a_AGTCAA_L002_R1_002.fastq.gz	509380158
data/NA12878/NIST_NA12878_HG001_HiSeq_300x/140313_D00360_0014_AH8GGVADXX/Project_RM8398/Sample_U5a/U5a_AGTCAA_L002_R1_003.fastq.gz	500220721
data/NA12878/NIST_NA12878_HG001_HiSeq_300x/140313_D00360_0014_AH8GGVADXX/Project_RM8398/Sample_U5a/U5a_AGTCAA_L002_R1_004.fastq.gz	506877984
data/NA12878/NIST_NA12878_HG001_HiSeq_300x/140313_D00360_0014_AH8GGVADXX/Project_RM8398/Sample_U5a/U5a_AGTCAA_L002_R1_005.fastq.gz	499035261
data/NA12878/NIST_NA12878_HG001_HiSeq_300x/140313_D00360_0014_AH8GGVADXX/Project_RM8398/Sample_U5a/U5a_AGTCAA_L002_R1_006.fastq.gz	504803984
data/NA12878/NIST_NA12878_HG001_HiSeq_300x/140313_D00360_0014_AH8GGVADXX/Project_RM8398/Sample_U5a/U5a_AGTCAA_L002_R1_007.fastq.gz	500641420
data/NA12878/NIST_NA12878_HG001_HiSeq_300x/140313_D00360_0014_AH8GGVADXX/Project_RM8398/Sample_U5a/U5a_AGTCAA_L002_R1_008.fastq.gz	266895436
data/NA12878/NIST_NA12878_HG001_HiSeq_300x/140313_D00360_0014_AH8GGVADXX/Project_RM8398/Sample_U5a/U5a_AGTCAA_L002_R2_001.fastq.gz	545756197
data/NA12878/NIST_NA12878_HG001_HiSeq_300x/140313_D00360_0014_AH8GGVADXX/Project_RM8398/Sample_U5a/U5a_AGTCAA_L002_R2_002.fastq.gz	549738388
data/NA12878/NIST_NA12878_HG001_HiSeq_300x/140313_D00360_0014_AH8GGVADXX/Project_RM8398/Sample_U5a/U5a_AGTCAA_L002_R2_003.fastq.gz	545142900
data/NA12878/NIST_NA12878_HG001_HiSeq_300x/140313_D00360_0014_AH8GGVADXX/Project_RM8398/Sample_U5a/U5a_AGTCAA_L002_R2_004.fastq.gz	546747281
data/NA12878/NIST_NA12878_HG001_HiSeq_300x/140313_D00360_0014_AH8GGVADXX/Project_RM8398/Sample_U5a/U5a_AGTCAA_L002_R2_005.fastq.gz	543662912
data/NA12878/NIST_NA12878_HG001_HiSeq_300x/140313_D00360_0014_AH8GGVADXX/Project_RM8398/Sample_U5a/U5a_AGTCAA_L002_R2_006.fastq.gz	545815175
data/NA12878/NIST_NA12878_HG001_HiSeq_300x/140313_D00360_0014_AH8GGVADXX/Project_RM8398/Sample_U5a/U5a_AGTCAA_L002_R2_007.fastq.gz	544263753
data/NA12878/NIST_NA12878_HG001_HiSeq_300x/140313_D00360_0014_AH8GGVADXX/Project_RM8398/Sample_U5a/U5a_AGTCAA_L002_R2_008.fastq.gz	286520653
data/NA12878/NIST_NA12878_HG001_HiSeq_300x/140313_D00360_0014_AH8GGVADXX/Project_RM8398/Sample_U5b/SampleSheet.csv	157
data/NA12878/NIST_NA12878_HG001_HiSeq_300x/140313_D00360_0014_AH8GGVADXX/Project_RM8398/Sample_U5b/U5b_AGTTCC_L001_R1_001.fastq.gz	506767406
data/NA12878/NIST_NA12878_HG001_HiSeq_300x/140313_D00360_0014_AH8GGVADXX/Project_RM8398/Sample_U5b/U5b_AGTTCC_L001_R1_002.fastq.gz	502798168
data/NA12878/NIST_NA12878_HG001_HiSeq_300x/140313_D00360_0014_AH8GGVADXX/Project_RM8398/Sample_U5b/U5b_AGTTCC_L001_R1_003.fastq.gz	492185860
data/NA12878/NIST_NA12878_HG001_HiSeq_300x/140313_D00360_0014_AH8GGVADXX/Project_RM8398/Sample_U5b/U5b_AGTTCC_L001_R1_004.fastq.gz	506628466
data/NA12878/NIST_NA12878_HG001_HiSeq_300x/140313_D00360_0014_AH8GGVADXX/Project_RM8398/Sample_U5b/U5b_AGTTCC_L001_R1_005.fastq.gz	499886570
data/NA12878/NIST_NA12878_HG001_HiSeq_300x/140313_D00360_0014_AH8GGVADXX/Project_RM8398/Sample_U5b/U5b_AGTTCC_L001_R1_006.fastq.gz	493464969
data/NA12878/NIST_NA12878_HG001_HiSeq_300x/140313_D00360_0014_AH8GGVADXX/Project_RM8398/Sample_U5b/U5b_AGTTCC_L001_R1_007.fastq.gz	495666426
data/NA12878/NIST_NA12878_HG001_HiSeq_300x/140313_D00360_0014_AH8GGVADXX/Project_RM8398/Sample_U5b/U5b_AGTTCC_L001_R1_008.fastq.gz	137215580
data/NA12878/NIST_NA12878_HG001_HiSeq_300x/140313_D00360_0014_AH8GGVADXX/Project_RM8398/Sample_U5b/U5b_AGTTCC_L001_R2_001.fastq.gz	542436808
data/NA12878/NIST_NA12878_HG001_HiSeq_300x/140313_D00360_0014_AH8GGVADXX/Project_RM8398/Sample_U5b/U5b_AGTTCC_L001_R2_002.fastq.gz	539006063
data/NA12878/NIST_NA12878_HG001_HiSeq_300x/140313_D00360_0014_AH8GGVADXX/Project_RM8398/Sample_U5b/U5b_AGTTCC_L001_R2_003.fastq.gz	532371619
data/NA12878/NIST_NA12878_HG001_HiSeq_300x/140313_D00360_0014_AH8GGVADXX/Project_RM8398/Sample_U5b/U5b_AGTTCC_L001_R2_004.fastq.gz	539555032
data/NA12878/NIST_NA12878_HG001_HiSeq_300x/140313_D00360_0014_AH8GGVADXX/Project_RM8398/Sample_U5b/U5b_AGTTCC_L001_R2_005.fastq.gz	536531937
data/NA12878/NIST_NA12878_HG001_HiSeq_300x/140313_D00360_0014_AH8GGVADXX/Project_RM8398/Sample_U5b/U5b_AGTTCC_L001_R2_006.fastq.gz	531639312
data/NA12878/NIST_NA12878_HG001_HiSeq_300x/140313_D00360_0014_AH8GGVADXX/Project_RM8398/Sample_U5b/U5b_AGTTCC_L001_R2_007.fastq.gz	532076945
data/NA12878/NIST_NA12878_HG001_HiSeq_300x/140313_D00360_0014_AH8GGVADXX/Project_RM8398/Sample_U5b/U5b_AGTTCC_L001_R2_008.fastq.gz	145102616
data/NA12878/NIST_NA12878_HG001_HiSeq_300x/140313_D00360_0014_AH8GGVADXX/Project_RM8398/Sample_U5b/U5b_AGTTCC_L002_R1_001.fastq.gz	491223671
data/NA12878/NIST_NA12878_HG001_HiSeq_300x/140313_D00360_0014_AH8GGVADXX/Project_RM8398/Sample_U5b/U5b_AGTTCC_L002_R1_002.fastq.gz	501967075
data/NA12878/NIST_NA12878_HG001_HiSeq_300x/140313_D00360_0014_AH8GGVADXX/Project_RM8398/Sample_U5b/U5b_AGTTCC_L002_R1_003.fastq.gz	494331314
data/NA12878/NIST_NA12878_HG001_HiSeq_300x/140313_D00360_0014_AH8GGVADXX/Project_RM8398/Sample_U5b/U5b_AGTTCC_L002_R1_004.fastq.gz	498479541
data/NA12878/NIST_NA12878_HG001_HiSeq_300x/140313_D00360_0014_AH8GGVADXX/Project_RM8398/Sample_U5b/U5b_AGTTCC_L002_R1_005.fastq.gz	494609562
data/NA12878/NIST_NA12878_HG001_HiSeq_300x/140313_D00360_0014_AH8GGVADXX/Project_RM8398/Sample_U5b/U5b_AGTTCC_L002_R1_006.fastq.gz	496326530
data/NA12878/NIST_NA12878_HG001_HiSeq_300x/140313_D00360_0014_AH8GGVADXX/Project_RM8398/Sample_U5b/U5b_AGTTCC_L002_R1_007.fastq.gz	496712636
data/NA12878/NIST_NA12878_HG001_HiSeq_300x/140313_D00360_0014_AH8GGVADXX/Project_RM8398/Sample_U5b/U5b_AGTTCC_L002_R1_008.fastq.gz	172729494
data/NA12878/NIST_NA12878_HG001_HiSeq_300x/140313_D00360_0014_AH8GGVADXX/Project_RM8398/Sample_U5b/U5b_AGTTCC_L002_R2_001.fastq.gz	534480708
data/NA12878/NIST_NA12878_HG001_HiSeq_300x/140313_D00360_0014_AH8GGVADXX/Project_RM8398/Sample_U5b/U5b_AGTTCC_L002_R2_002.fastq.gz	537744293
data/NA12878/NIST_NA12878_HG001_HiSeq_300x/140313_D00360_0014_AH8GGVADXX/Project_RM8398/Sample_U5b/U5b_AGTTCC_L002_R2_003.fastq.gz	533972977
data/NA12878/NIST_NA12878_HG001_HiSeq_300x/140313_D00360_0014_AH8GGVADXX/Project_RM8398/Sample_U5b/U5b_AGTTCC_L002_R2_004.fastq.gz	534226506
data/NA12878/NIST_NA12878_HG001_HiSeq_300x/140313_D00360_0014_AH8GGVADXX/Project_RM8398/Sample_U5b/U5b_AGTTCC_L002_R2_005.fastq.gz	532942654
data/NA12878/NIST_NA12878_HG001_HiSeq_300x/140313_D00360_0014_AH8GGVADXX/Project_RM8398/Sample_U5b/U5b_AGTTCC_L002_R2_006.fastq.gz	533496658
data/NA12878/NIST_NA12878_HG001_HiSeq_300x/140313_D00360_0014_AH8GGVADXX/Project_RM8398/Sample_U5b/U5b_AGTTCC_L002_R2_007.fastq.gz	533738766
data/NA12878/NIST_NA12878_HG001_HiSeq_300x/140313_D00360_0014_AH8GGVADXX/Project_RM8398/Sample_U5b/U5b_AGTTCC_L002_R2_008.fastq.gz	183216904
data/NA12878/NIST_NA12878_HG001_HiSeq_300x/140313_D00360_0014_AH8GGVADXX/Project_RM8398/Sample_U5c/SampleSheet.csv	157
data/NA12878/NIST_NA12878_HG001_HiSeq_300x/140313_D00360_0014_AH8GGVADXX/Project_RM8398/Sample_U5c/U5c_CCGTCC_L001_R1_001.fastq.gz	513753508
data/NA12878/NIST_NA12878_HG001_HiSeq_300x/140313_D00360_0014_AH8GGVADXX/Project_RM8398/Sample_U5c/U5c_CCGTCC_L001_R1_002.fastq.gz	505886781
data/NA12878/NIST_NA12878_HG001_HiSeq_300x/140313_D00360_0014_AH8GGVADXX/Project_RM8398/Sample_U5c/U5c_CCGTCC_L001_R1_003.fastq.gz	506932556
data/NA12878/NIST_NA12878_HG001_HiSeq_300x/140313_D00360_0014_AH8GGVADXX/Project_RM8398/Sample_U5c/U5c_CCGTCC_L001_R1_004.fastq.gz	510206324
data/NA12878/NIST_NA12878_HG001_HiSeq_300x/140313_D00360_0014_AH8GGVADXX/Project_RM8398/Sample_U5c/U5c_CCGTCC_L001_R1_005.fastq.gz	506010305
data/NA12878/NIST_NA12878_HG001_HiSeq_300x/140313_D00360_0014_AH8GGVADXX/Project_RM8398/Sample_U5c/U5c_CCGTCC_L001_R1_006.fastq.gz	498914193
data/NA12878/NIST_NA12878_HG001_HiSeq_300x/140313_D00360_0014_AH8GGVADXX/Project_RM8398/Sample_U5c/U5c_CCGTCC_L001_R1_007.fastq.gz	194843920
data/NA12878/NIST_NA12878_HG001_HiSeq_300x/140313_D00360_0014_AH8GGVADXX/Project_RM8398/Sample_U5c/U5c_CCGTCC_L001_R2_001.fastq.gz	559870894
data/NA12878/NIST_NA12878_HG001_HiSeq_300x/140313_D00360_0014_AH8GGVADXX/Project_RM8398/Sample_U5c/U5c_CCGTCC_L001_R2_002.fastq.gz	554159314
data/NA12878/NIST_NA12878_HG001_HiSeq_300x/140313_D00360_0014_AH8GGVADXX/Project_RM8398/Sample_U5c/U5c_CCGTCC_L001_R2_003.fastq.gz	552758791
data/NA12878/NIST_NA12878_HG001_HiSeq_300x/140313_D00360_0014_AH8GGVADXX/Project_RM8398/Sample_U5c/U5c_CCGTCC_L001_R2_004.fastq.gz	555836922
data/NA12878/NIST_NA12878_HG001_HiSeq_300x/140313_D00360_0014_AH8GGVADXX/Project_RM8398/Sample_U5c/U5c_CCGTCC_L001_R2_005.fastq.gz	550977682
data/NA12878/NIST_NA12878_HG001_HiSeq_300x/140313_D00360_0014_AH8GGVADXX/Project_RM8398/Sample_U5c/U5c_CCGTCC_L001_R2_006.fastq.gz	548666532
data/NA12878/NIST_NA12878_HG001_HiSeq_300x/140313_D00360_0014_AH8GGVADXX/Project_RM8398/Sample_U5c/U5c_CCGTCC_L001_R2_007.fastq.gz	209081681
data/NA12878/NIST_NA12878_HG001_HiSeq_300x/140313_D00360_0014_AH8GGVADXX/Project_RM8398/Sample_U5c/U5c_CCGTCC_L002_R1_001.fastq.gz	500231928
data/NA12878/NIST_NA12878_HG001_HiSeq_300x/140313_D00360_0014_AH8GGVADXX/Project_RM8398/Sample_U5c/U5c_CCGTCC_L002_R1_002.fastq.gz	506247105
data/NA12878/NIST_NA12878_HG001_HiSeq_300x/140313_D00360_0014_AH8GGVADXX/Project_RM8398/Sample_U5c/U5c_CCGTCC_L002_R1_003.fastq.gz	507717710
data/NA12878/NIST_NA12878_HG001_HiSeq_300x/140313_D00360_0014_AH8GGVADXX/Project_RM8398/Sample_U5c/U5c_CCGTCC_L002_R1_004.fastq.gz	499493205
data/NA12878/NIST_NA12878_HG001_HiSeq_300x/140313_D00360_0014_AH8GGVADXX/Project_RM8398/Sample_U5c/U5c_CCGTCC_L002_R1_005.fastq.gz	507264224
data/NA12878/NIST_NA12878_HG001_HiSeq_300x/140313_D00360_0014_AH8GGVADXX/Project_RM8398/Sample_U5c/U5c_CCGTCC_L002_R1_006.fastq.gz	501382543
data/NA12878/NIST_NA12878_HG001_HiSeq_300x/140313_D00360_0014_AH8GGVADXX/Project_RM8398/Sample_U5c/U5c_CCGTCC_L002_R1_007.fastq.gz	208199704
data/NA12878/NIST_NA12878_HG001_HiSeq_300x/140313_D00360_0014_AH8GGVADXX/Project_RM8398/Sample_U5c/U5c_CCGTCC_L002_R2_001.fastq.gz	553715081
data/NA12878/NIST_NA12878_HG001_HiSeq_300x/140313_D00360_0014_AH8GGVADXX/Project_RM8398/Sample_U5c/U5c_CCGTCC_L002_R2_002.fastq.gz	553465997
data/NA12878/NIST_NA12878_HG001_HiSeq_300x/140313_D00360_0014_AH8GGVADXX/Project_RM8398/Sample_U5c/U5c_CCGTCC_L002_R2_003.fastq.gz	553004205
data/NA12878/NIST_NA12878_HG001_HiSeq_300x/140313_D00360_0014_AH8GGVADXX/Project_RM8398/Sample_U5c/U5c_CCGTCC_L002_R2_004.fastq.gz	549780254
data/NA12878/NIST_NA12878_HG001_HiSeq_300x/140313_D00360_0014_AH8GGVADXX/Project_RM8398/Sample_U5c/U5c_CCGTCC_L002_R2_005.fastq.gz	551959921
data/NA12878/NIST_NA12878_HG001_HiSeq_300x/140313_D00360_0014_AH8GGVADXX/Project_RM8398/Sample_U5c/U5c_CCGTCC_L002_R2_006.fastq.gz	550558565
data/NA12878/NIST_NA12878_HG001_HiSeq_300x/140313_D00360_0014_AH8GGVADXX/Project_RM8398/Sample_U5c/U5c_CCGTCC_L002_R2_007.fastq.gz	224284574
data/NA12878/NIST_NA12878_HG001_HiSeq_300x/140313_D00360_0015_BH9258ADXX/Project_RM8398/Sample_U0a/SampleSheet.csv	157
data/NA12878/NIST_NA12878_HG001_HiSeq_300x/140313_D00360_0015_BH9258ADXX/Project_RM8398/Sample_U0a/U0a_CGATGT_L001_R1_001.fastq.gz	493687652
data/NA12878/NIST_NA12878_HG001_HiSeq_300x/140313_D00360_0015_BH9258ADXX/Project_RM8398/Sample_U0a/U0a_CGATGT_L001_R1_002.fastq.gz	344276633
data/NA12878/NIST_NA12878_HG001_HiSeq_300x/140313_D00360_0015_BH9258ADXX/Project_RM8398/Sample_U0a/U0a_CGATGT_L001_R2_001.fastq.gz	535821072
data/NA12878/NIST_NA12878_HG001_HiSeq_300x/140313_D00360_0015_BH9258ADXX/Project_RM8398/Sample_U0a/U0a_CGATGT_L001_R2_002.fastq.gz	372549877
data/NA12878/NIST_NA12878_HG001_HiSeq_300x/140313_D00360_0015_BH9258ADXX/Project_RM8398/Sample_U0a/U0a_CGATGT_L002_R1_001.fastq.gz	493001921
data/NA12878/NIST_NA12878_HG001_HiSeq_300x/140313_D00360_0015_BH9258ADXX/Project_RM8398/Sample_U0a/U0a_CGATGT_L002_R1_002.fastq.gz	359828798
data/NA12878/NIST_NA12878_HG001_HiSeq_300x/140313_D00360_0015_BH9258ADXX/Project_RM8398/Sample_U0a/U0a_CGATGT_L002_R2_001.fastq.gz	536124914
data/NA12878/NIST_NA12878_HG001_HiSeq_300x/140313_D00360_0015_BH9258ADXX/Project_RM8398/Sample_U0a/U0a_CGATGT_L002_R2_002.fastq.gz	390398056
data/NA12878/NIST_NA12878_HG001_HiSeq_300x/140313_D00360_0015_BH9258ADXX/Project_RM8398/Sample_U0b/SampleSheet.csv	157
data/NA12878/NIST_NA12878_HG001_HiSeq_300x/140313_D00360_0015_BH9258ADXX/Project_RM8398/Sample_U0b/U0b_TGACCA_L001_R1_001.fastq.gz	496586715
data/NA12878/NIST_NA12878_HG001_HiSeq_300x/140313_D00360_0015_BH9258ADXX/Project_RM8398/Sample_U0b/U0b_TGACCA_L001_R1_002.fastq.gz	501145213
data/NA12878/NIST_NA12878_HG001_HiSeq_300x/140313_D00360_0015_BH9258ADXX/Project_RM8398/Sample_U0b/U0b_TGACCA_L001_R1_003.fastq.gz	498003456
data/NA12878/NIST_NA12878_HG001_HiSeq_300x/140313_D00360_0015_BH9258ADXX/Project_RM8398/Sample_U0b/U0b_TGACCA_L001_R1_004.fastq.gz	500473505
data/NA12878/NIST_NA12878_HG001_HiSeq_300x/140313_D00360_0015_BH9258ADXX/Project_RM8398/Sample_U0b/U0b_TGACCA_L001_R1_005.fastq.gz	493099562
data/NA12878/NIST_NA12878_HG001_HiSeq_300x/140313_D00360_0015_BH9258ADXX/Project_RM8398/Sample_U0b/U0b_TGACCA_L001_R1_006.fastq.gz	191907879
data/NA12878/NIST_NA12878_HG001_HiSeq_300x/140313_D00360_0015_BH9258ADXX/Project_RM8398/Sample_U0b/U0b_TGACCA_L001_R2_001.fastq.gz	528273835
data/NA12878/NIST_NA12878_HG001_HiSeq_300x/140313_D00360_0015_BH9258ADXX/Project_RM8398/Sample_U0b/U0b_TGACCA_L001_R2_002.fastq.gz	532855552
data/NA12878/NIST_NA12878_HG001_HiSeq_300x/140313_D00360_0015_BH9258ADXX/Project_RM8398/Sample_U0b/U0b_TGACCA_L001_R2_003.fastq.gz	530699233
data/NA12878/NIST_NA12878_HG001_HiSeq_300x/140313_D00360_0015_BH9258ADXX/Project_RM8398/Sample_U0b/U0b_TGACCA_L001_R2_004.fastq.gz	531106268
data/NA12878/NIST_NA12878_HG001_HiSeq_300x/140313_D00360_0015_BH9258ADXX/Project_RM8398/Sample_U0b/U0b_TGACCA_L001_R2_005.fastq.gz	527004782
data/NA12878/NIST_NA12878_HG001_HiSeq_300x/140313_D00360_0015_BH9258ADXX/Project_RM8398/Sample_U0b/U0b_TGACCA_L001_R2_006.fastq.gz	202168001
data/NA12878/NIST_NA12878_HG001_HiSeq_300x/140313_D00360_0015_BH9258ADXX/Project_RM8398/Sample_U0b/U0b_TGACCA_L002_R1_001.fastq.gz	495122737
data/NA12878/NIST_NA12878_HG001_HiSeq_300x/140313_D00360_0015_BH9258ADXX/Project_RM8398/Sample_U0b/U0b_TGACCA_L002_R1_002.fastq.gz	501372294
data/NA12878/NIST_NA12878_HG001_HiSeq_300x/140313_D00360_0015_BH9258ADXX/Project_RM8398/Sample_U0b/U0b_TGACCA_L002_R1_003.fastq.gz	497684532
data/NA12878/NIST_NA12878_HG001_HiSeq_300x/140313_D00360_0015_BH9258ADXX/Project_RM8398/Sample_U0b/U0b_TGACCA_L002_R1_004.fastq.gz	500962145
data/NA12878/NIST_NA12878_HG001_HiSeq_300x/140313_D00360_0015_BH9258ADXX/Project_RM8398/Sample_U0b/U0b_TGACCA_L002_R1_005.fastq.gz	495207362
data/NA12878/NIST_NA12878_HG001_HiSeq_300x/140313_D00360_0015_BH9258ADXX/Project_RM8398/Sample_U0b/U0b_TGACCA_L002_R1_006.fastq.gz	164949195
data/NA12878/NIST_NA12878_HG001_HiSeq_300x/140313_D00360_0015_BH9258ADXX/Project_RM8398/Sample_U0b/U0b_TGACCA_L002_R2_001.fastq.gz	528582206
data/NA12878/NIST_NA12878_HG001_HiSeq_300x/140313_D00360_0015_BH9258ADXX/Project_RM8398/Sample_U0b/U0b_TGACCA_L002_R2_002.fastq.gz	535156733
data/NA12878/NIST_NA12878_HG001_HiSeq_300x/140313_D00360_0015_BH9258ADXX/Project_RM8398/Sample_U0b/U0b_TGACCA_L002_R2_003.fastq.gz	530124086
data/NA12878/NIST_NA12878_HG001_HiSeq_300x/140313_D00360_0015_BH9258ADXX/Project_RM8398/Sample_U0b/U0b_TGACCA_L002_R2_004.fastq.gz	531566874
data/NA12878/NIST_NA12878_HG001_HiSeq_300x/140313_D00360_0015_BH9258ADXX/Project_RM8398/Sample_U0b/U0b_TGACCA_L002_R2_005.fastq.gz	531633318
data/NA12878/NIST_NA12878_HG001_HiSeq_300x/140313_D00360_0015_BH9258ADXX/Project_RM8398/Sample_U0b/U0b_TGACCA_L002_R2_006.fastq.gz	173713355
data/NA12878/NIST_NA12878_HG001_HiSeq_300x/140313_D00360_0015_BH9258ADXX/Project_RM8398/Sample_U0c/SampleSheet.csv	157
data/NA12878/NIST_NA12878_HG001_HiSeq_300x/140313_D00360_0015_BH9258ADXX/Project_RM8398/Sample_U0c/U0c_CAGATC_L001_R1_001.fastq.gz	502753617
data/NA12878/NIST_NA12878_HG001_HiSeq_300x/140313_D00360_0015_BH9258ADXX/Project_RM8398/Sample_U0c/U0c_CAGATC_L001_R1_002.fastq.gz	499850627
data/NA12878/NIST_NA12878_HG001_HiSeq_300x/140313_D00360_0015_BH9258ADXX/Project_RM8398/Sample_U0c/U0c_CAGATC_L001_R1_003.fastq.gz	500552588
data/NA12878/NIST_NA12878_HG001_HiSeq_300x/140313_D00360_0015_BH9258ADXX/Project_RM8398/Sample_U0c/U0c_CAGATC_L001_R1_004.fastq.gz	90612739
data/NA12878/NIST_NA12878_HG001_HiSeq_300x/140313_D00360_0015_BH9258ADXX/Project_RM8398/Sample_U0c/U0c_CAGATC_L001_R2_001.fastq.gz	542820638
data/NA12878/NIST_NA12878_HG001_HiSeq_300x/140313_D00360_0015_BH9258ADXX/Project_RM8398/Sample_U0c/U0c_CAGATC_L001_R2_002.fastq.gz	542054682
data/NA12878/NIST_NA12878_HG001_HiSeq_300x/140313_D00360_0015_BH9258ADXX/Project_RM8398/Sample_U0c/U0c_CAGATC_L001_R2_003.fastq.gz	540998524
data/NA12878/NIST_NA12878_HG001_HiSeq_300x/140313_D00360_0015_BH9258ADXX/Project_RM8398/Sample_U0c/U0c_CAGATC_L001_R2_004.fastq.gz	96901997
data/NA12878/NIST_NA12878_HG001_HiSeq_300x/140313_D00360_0015_BH9258ADXX/Project_RM8398/Sample_U0c/U0c_CAGATC_L002_R1_001.fastq.gz	502343929
data/NA12878/NIST_NA12878_HG001_HiSeq_300x/140313_D00360_0015_BH9258ADXX/Project_RM8398/Sample_U0c/U0c_CAGATC_L002_R1_002.fastq.gz	500093227
data/NA12878/NIST_NA12878_HG001_HiSeq_300x/140313_D00360_0015_BH9258ADXX/Project_RM8398/Sample_U0c/U0c_CAGATC_L002_R1_003.fastq.gz	502182188
data/NA12878/NIST_NA12878_HG001_HiSeq_300x/140313_D00360_0015_BH9258ADXX/Project_RM8398/Sample_U0c/U0c_CAGATC_L002_R1_004.fastq.gz	70502738
data/NA12878/NIST_NA12878_HG001_HiSeq_300x/140313_D00360_0015_BH9258ADXX/Project_RM8398/Sample_U0c/U0c_CAGATC_L002_R2_001.fastq.gz	544073705
data/NA12878/NIST_NA12878_HG001_HiSeq_300x/140313_D00360_0015_BH9258ADXX/Project_RM8398/Sample_U0c/U0c_CAGATC_L002_R2_002.fastq.gz	542486192
data/NA12878/NIST_NA12878_HG001_HiSeq_300x/140313_D00360_0015_BH9258ADXX/Project_RM8398/Sample_U0c/U0c_CAGATC_L002_R2_003.fastq.gz	544127303
data/NA12878/NIST_NA12878_HG001_HiSeq_300x/140313_D00360_0015_BH9258ADXX/Project_RM8398/Sample_U0c/U0c_CAGATC_L002_R2_004.fastq.gz	75263794
data/NA12878/NIST_NA12878_HG001_HiSeq_300x/140313_D00360_0015_BH9258ADXX/Project_RM8398/Sample_U5a/SampleSheet.csv	157
data/NA12878/NIST_NA12878_HG001_HiSeq_300x/140313_D00360_0015_BH9258ADXX/Project_RM8398/Sample_U5a/U5a_AGTCAA_L001_R1_001.fastq.gz	497223775
data/NA12878/NIST_NA12878_HG001_HiSeq_300x/140313_D00360_0015_BH9258ADXX/Project_RM8398/Sample_U5a/U5a_AGTCAA_L001_R1_002.fastq.gz	508681109
data/NA12878/NIST_NA12878_HG001_HiSeq_300x/140313_D00360_0015_BH9258ADXX/Project_RM8398/Sample_U5a/U5a_AGTCAA_L001_R1_003.fastq.gz	498014765
data/NA12878/NIST_NA12878_HG001_HiSeq_300x/140313_D00360_0015_BH9258ADXX/Project_RM8398/Sample_U5a/U5a_AGTCAA_L001_R1_004.fastq.gz	500675396
data/NA12878/NIST_NA12878_HG001_HiSeq_300x/140313_D00360_0015_BH9258ADXX/Project_RM8398/Sample_U5a/U5a_AGTCAA_L001_R1_005.fastq.gz	499168557
data/NA12878/NIST_NA12878_HG001_HiSeq_300x/140313_D00360_0015_BH9258ADXX/Project_RM8398/Sample_U5a/U5a_AGTCAA_L001_R1_006.fastq.gz	499984874
data/NA12878/NIST_NA12878_HG001_HiSeq_300x/140313_D00360_0015_BH9258ADXX/Project_RM8398/Sample_U5a/U5a_AGTCAA_L001_R1_007.fastq.gz	500447008
data/NA12878/NIST_NA12878_HG001_HiSeq_300x/140313_D00360_0015_BH9258ADXX/Project_RM8398/Sample_U5a/U5a_AGTCAA_L001_R1_008.fastq.gz	85162357
data/NA12878/NIST_NA12878_HG001_HiSeq_300x/140313_D00360_0015_BH9258ADXX/Project_RM8398/Sample_U5a/U5a_AGTCAA_L001_R2_001.fastq.gz	532564887
data/NA12878/NIST_NA12878_HG001_HiSeq_300x/140313_D00360_0015_BH9258ADXX/Project_RM8398/Sample_U5a/U5a_AGTCAA_L001_R2_002.fastq.gz	541229427
data/NA12878/NIST_NA12878_HG001_HiSeq_300x/140313_D00360_0015_BH9258ADXX/Project_RM8398/Sample_U5a/U5a_AGTCAA_L001_R2_003.fastq.gz	535634695
data/NA12878/NIST_NA12878_HG001_HiSeq_300x/140313_D00360_0015_BH9258ADXX/Project_RM8398/Sample_U5a/U5a_AGTCAA_L001_R2_004.fastq.gz	536531094
data/NA12878/NIST_NA12878_HG001_HiSeq_300x/140313_D00360_0015_BH9258ADXX/Project_RM8398/Sample_U5a/U5a_AGTCAA_L001_R2_005.fastq.gz	534912631
data/NA12878/NIST_NA12878_HG001_HiSeq_300x/140313_D00360_0015_BH9258ADXX/Project_RM8398/Sample_U5a/U5a_AGTCAA_L001_R2_006.fastq.gz	535282521
data/NA12878/NIST_NA12878_HG001_HiSeq_300x/140313_D00360_0015_BH9258ADXX/Project_RM8398/Sample_U5a/U5a_AGTCAA_L001_R2_007.fastq.gz	535768111
data/NA12878/NIST_NA12878_HG001_HiSeq_300x/140313_D00360_0015_BH9258ADXX/Project_RM8398/Sample_U5a/U5a_AGTCAA_L001_R2_008.fastq.gz	90079092
data/NA12878/NIST_NA12878_HG001_HiSeq_300x/140313_D00360_0015_BH9258ADXX/Project_RM8398/Sample_U5a/U5a_AGTCAA_L002_R1_001.fastq.gz	496498602
data/NA12878/NIST_NA12878_HG001_HiSeq_300x/140313_D00360_0015_BH9258ADXX/Project_RM8398/Sample_U5a/U5a_AGTCAA_L002_R1_002.fastq.gz	506919553
data/NA12878/NIST_NA12878_HG001_HiSeq_300x/140313_D00360_0015_BH9258ADXX/Project_RM8398/Sample_U5a/U5a_AGTCAA_L002_R1_003.fastq.gz	499338139
data/NA12878/NIST_NA12878_HG001_HiSeq_300x/140313_D00360_0015_BH9258ADXX/Project_RM8398/Sample_U5a/U5a_AGTCAA_L002_R1_004.fastq.gz	500580926
data/NA12878/NIST_NA12878_HG001_HiSeq_300x/140313_D00360_0015_BH9258ADXX/Project_RM8398/Sample_U5a/U5a_AGTCAA_L002_R1_005.fastq.gz	498355006
data/NA12878/NIST_NA12878_HG001_HiSeq_300x/140313_D00360_0015_BH9258ADXX/Project_RM8398/Sample_U5a/U5a_AGTCAA_L002_R1_006.fastq.gz	502798031
data/NA12878/NIST_NA12878_HG001_HiSeq_300x/140313_D00360_0015_BH9258ADXX/Project_RM8398/Sample_U5a/U5a_AGTCAA_L002_R1_007.fastq.gz	502478647
data/NA12878/NIST_NA12878_HG001_HiSeq_300x/140313_D00360_0015_BH9258ADXX/Project_RM8398/Sample_U5a/U5a_AGTCAA_L002_R1_008.fastq.gz	55462272
data/NA12878/NIST_NA12878_HG001_HiSeq_300x/140313_D00360_0015_BH9258ADXX/Project_RM8398/Sample_U5a/U5a_AGTCAA_L002_R2_001.fastq.gz	533824313
data/NA12878/NIST_NA12878_HG001_HiSeq_300x/140313_D00360_0015_BH9258ADXX/Project_RM8398/Sample_U5a/U5a_AGTCAA_L002_R2_002.fastq.gz	541040365
data/NA12878/NIST_NA12878_HG001_HiSeq_300x/140313_D00360_0015_BH9258ADXX/Project_RM8398/Sample_U5a/U5a_AGTCAA_L002_R2_003.fastq.gz	538745278
data/NA12878/NIST_NA12878_HG001_HiSeq_300x/140313_D00360_0015_BH9258ADXX/Project_RM8398/Sample_U5a/U5a_AGTCAA_L002_R2_004.fastq.gz	536115958
data/NA12878/NIST_NA12878_HG001_HiSeq_300x/140313_D00360_0015_BH9258ADXX/Project_RM8398/Sample_U5a/U5a_AGTCAA_L002_R2_005.fastq.gz	534448946
data/NA12878/NIST_NA12878_HG001_HiSeq_300x/140313_D00360_0015_BH9258ADXX/Project_RM8398/Sample_U5a/U5a_AGTCAA_L002_R2_006.fastq.gz	540369899
data/NA12878/NIST_NA12878_HG001_HiSeq_300x/140313_D00360_0015_BH9258ADXX/Project_RM8398/Sample_U5a/U5a_AGTCAA_L002_R2_007.fastq.gz	538643609
data/NA12878/NIST_NA12878_HG001_HiSeq_300x/140313_D00360_0015_BH9258ADXX/Project_RM8398/Sample_U5a/U5a_AGTCAA_L002_R2_008.fastq.gz	58588767
data/NA12878/NIST_NA12878_HG001_HiSeq_300x/140313_D00360_0015_BH9258ADXX/Project_RM8398/Sample_U5b/SampleSheet.csv	157
data/NA12878/NIST_NA12878_HG001_HiSeq_300x/140313_D00360_0015_BH9258ADXX/Project_RM8398/Sample_U5b/U5b_AGTTCC_L001_R1_001.fastq.gz	490110176
data/NA12878/NIST_NA12878_HG001_HiSeq_300x/140313_D00360_0015_BH9258ADXX/Project_RM8398/Sample_U5b/U5b_AGTTCC_L001_R1_002.fastq.gz	501880596
data/NA12878/NIST_NA12878_HG001_HiSeq_300x/140313_D00360_0015_BH9258ADXX/Project_RM8398/Sample_U5b/U5b_AGTTCC_L001_R1_003.fastq.gz	491602306
data/NA12878/NIST_NA12878_HG001_HiSeq_300x/140313_D00360_0015_BH9258ADXX/Project_RM8398/Sample_U5b/U5b_AGTTCC_L001_R1_004.fastq.gz	492917637
data/NA12878/NIST_NA12878_HG001_HiSeq_300x/140313_D00360_0015_BH9258ADXX/Project_RM8398/Sample_U5b/U5b_AGTTCC_L001_R1_005.fastq.gz	494596289
data/NA12878/NIST_NA12878_HG001_HiSeq_300x/140313_D00360_0015_BH9258ADXX/Project_RM8398/Sample_U5b/U5b_AGTTCC_L001_R1_006.fastq.gz	491376852
data/NA12878/NIST_NA12878_HG001_HiSeq_300x/140313_D00360_0015_BH9258ADXX/Project_RM8398/Sample_U5b/U5b_AGTTCC_L001_R1_007.fastq.gz	491687970
data/NA12878/NIST_NA12878_HG001_HiSeq_300x/140313_D00360_0015_BH9258ADXX/Project_RM8398/Sample_U5b/U5b_AGTTCC_L001_R2_001.fastq.gz	520754368
data/NA12878/NIST_NA12878_HG001_HiSeq_300x/140313_D00360_0015_BH9258ADXX/Project_RM8398/Sample_U5b/U5b_AGTTCC_L001_R2_002.fastq.gz	529373506
data/NA12878/NIST_NA12878_HG001_HiSeq_300x/140313_D00360_0015_BH9258ADXX/Project_RM8398/Sample_U5b/U5b_AGTTCC_L001_R2_003.fastq.gz	524350392
data/NA12878/NIST_NA12878_HG001_HiSeq_300x/140313_D00360_0015_BH9258ADXX/Project_RM8398/Sample_U5b/U5b_AGTTCC_L001_R2_004.fastq.gz	523949081
data/NA12878/NIST_NA12878_HG001_HiSeq_300x/140313_D00360_0015_BH9258ADXX/Project_RM8398/Sample_U5b/U5b_AGTTCC_L001_R2_005.fastq.gz	524490263
data/NA12878/NIST_NA12878_HG001_HiSeq_300x/140313_D00360_0015_BH9258ADXX/Project_RM8398/Sample_U5b/U5b_AGTTCC_L001_R2_006.fastq.gz	522665970
data/NA12878/NIST_NA12878_HG001_HiSeq_300x/140313_D00360_0015_BH9258ADXX/Project_RM8398/Sample_U5b/U5b_AGTTCC_L001_R2_007.fastq.gz	520048746
data/NA12878/NIST_NA12878_HG001_HiSeq_300x/140313_D00360_0015_BH9258ADXX/Project_RM8398/Sample_U5b/U5b_AGTTCC_L002_R1_001.fastq.gz	489444827
data/NA12878/NIST_NA12878_HG001_HiSeq_300x/140313_D00360_0015_BH9258ADXX/Project_RM8398/Sample_U5b/U5b_AGTTCC_L002_R1_002.fastq.gz	499989470
data/NA12878/NIST_NA12878_HG001_HiSeq_300x/140313_D00360_0015_BH9258ADXX/Project_RM8398/Sample_U5b/U5b_AGTTCC_L002_R1_003.fastq.gz	492851347
data/NA12878/NIST_NA12878_HG001_HiSeq_300x/140313_D00360_0015_BH9258ADXX/Project_RM8398/Sample_U5b/U5b_AGTTCC_L002_R1_004.fastq.gz	492762569
data/NA12878/NIST_NA12878_HG001_HiSeq_300x/140313_D00360_0015_BH9258ADXX/Project_RM8398/Sample_U5b/U5b_AGTTCC_L002_R1_005.fastq.gz	494183856
data/NA12878/NIST_NA12878_HG001_HiSeq_300x/140313_D00360_0015_BH9258ADXX/Project_RM8398/Sample_U5b/U5b_AGTTCC_L002_R1_006.fastq.gz	494487730
data/NA12878/NIST_NA12878_HG001_HiSeq_300x/140313_D00360_0015_BH9258ADXX/Project_RM8398/Sample_U5b/U5b_AGTTCC_L002_R1_007.fastq.gz	463729127
data/NA12878/NIST_NA12878_HG001_HiSeq_300x/140313_D00360_0015_BH9258ADXX/Project_RM8398/Sample_U5b/U5b_AGTTCC_L002_R2_001.fastq.gz	521860149
data/NA12878/NIST_NA12878_HG001_HiSeq_300x/140313_D00360_0015_BH9258ADXX/Project_RM8398/Sample_U5b/U5b_AGTTCC_L002_R2_002.fastq.gz	529257662
data/NA12878/NIST_NA12878_HG001_HiSeq_300x/140313_D00360_0015_BH9258ADXX/Project_RM8398/Sample_U5b/U5b_AGTTCC_L002_R2_003.fastq.gz	527066382
data/NA12878/NIST_NA12878_HG001_HiSeq_300x/140313_D00360_0015_BH9258ADXX/Project_RM8398/Sample_U5b/U5b_AGTTCC_L002_R2_004.fastq.gz	523374441
data/NA12878/NIST_NA12878_HG001_HiSeq_300x/140313_D00360_0015_BH9258ADXX/Project_RM8398/Sample_U5b/U5b_AGTTCC_L002_R2_005.fastq.gz	524139185
data/NA12878/NIST_NA12878_HG001_HiSeq_300x/140313_D00360_0015_BH9258ADXX/Project_RM8398/Sample_U5b/U5b_AGTTCC_L002_R2_006.fastq.gz	528889673
data/NA12878/NIST_NA12878_HG001_HiSeq_300x/140313_D00360_0015_BH9258ADXX/Project_RM8398/Sample_U5b/U5b_AGTTCC_L002_R2_007.fastq.gz	490855619
data/NA12878/NIST_NA12878_HG001_HiSeq_300x/140313_D00360_0015_BH9258ADXX/Project_RM8398/Sample_U5c/SampleSheet.csv	157
data/NA12878/NIST_NA12878_HG001_HiSeq_300x/140313_D00360_0015_BH9258ADXX/Project_RM8398/Sample_U5c/U5c_CCGTCC_L001_R1_001.fastq.gz	498815558
data/NA12878/NIST_NA12878_HG001_HiSeq_300x/140313_D00360_0015_BH9258ADXX/Project_RM8398/Sample_U5c/U5c_CCGTCC_L001_R1_002.fastq.gz	506067945
data/NA12878/NIST_NA12878_HG001_HiSeq_300x/140313_D00360_0015_BH9258ADXX/Project_RM8398/Sample_U5c/U5c_CCGTCC_L001_R1_003.fastq.gz	503751761
data/NA12878/NIST_NA12878_HG001_HiSeq_300x/140313_D00360_0015_BH9258ADXX/Project_RM8398/Sample_U5c/U5c_CCGTCC_L001_R1_004.fastq.gz	496642552
data/NA12878/NIST_NA12878_HG001_HiSeq_300x/140313_D00360_0015_BH9258ADXX/Project_RM8398/Sample_U5c/U5c_CCGTCC_L001_R1_005.fastq.gz	503613608
data/NA12878/NIST_NA12878_HG001_HiSeq_300x/140313_D00360_0015_BH9258ADXX/Project_RM8398/Sample_U5c/U5c_CCGTCC_L001_R1_006.fastq.gz	500811817
data/NA12878/NIST_NA12878_HG001_HiSeq_300x/140313_D00360_0015_BH9258ADXX/Project_RM8398/Sample_U5c/U5c_CCGTCC_L001_R1_007.fastq.gz	83605865
data/NA12878/NIST_NA12878_HG001_HiSeq_300x/140313_D00360_0015_BH9258ADXX/Project_RM8398/Sample_U5c/U5c_CCGTCC_L001_R2_001.fastq.gz	536673717
data/NA12878/NIST_NA12878_HG001_HiSeq_300x/140313_D00360_0015_BH9258ADXX/Project_RM8398/Sample_U5c/U5c_CCGTCC_L001_R2_002.fastq.gz	542422711
data/NA12878/NIST_NA12878_HG001_HiSeq_300x/140313_D00360_0015_BH9258ADXX/Project_RM8398/Sample_U5c/U5c_CCGTCC_L001_R2_003.fastq.gz	541773056
data/NA12878/NIST_NA12878_HG001_HiSeq_300x/140313_D00360_0015_BH9258ADXX/Project_RM8398/Sample_U5c/U5c_CCGTCC_L001_R2_004.fastq.gz	536053744
data/NA12878/NIST_NA12878_HG001_HiSeq_300x/140313_D00360_0015_BH9258ADXX/Project_RM8398/Sample_U5c/U5c_CCGTCC_L001_R2_005.fastq.gz	540123750
data/NA12878/NIST_NA12878_HG001_HiSeq_300x/140313_D00360_0015_BH9258ADXX/Project_RM8398/Sample_U5c/U5c_CCGTCC_L001_R2_006.fastq.gz	538427362
data/NA12878/NIST_NA12878_HG001_HiSeq_300x/140313_D00360_0015_BH9258ADXX/Project_RM8398/Sample_U5c/U5c_CCGTCC_L001_R2_007.fastq.gz	88569984
data/NA12878/NIST_NA12878_HG001_HiSeq_300x/140313_D00360_0015_BH9258ADXX/Project_RM8398/Sample_U5c/U5c_CCGTCC_L002_R1_001.fastq.gz	497678147
data/NA12878/NIST_NA12878_HG001_HiSeq_300x/140313_D00360_0015_BH9258ADXX/Project_RM8398/Sample_U5c/U5c_CCGTCC_L002_R1_002.fastq.gz	505891334
data/NA12878/NIST_NA12878_HG001_HiSeq_300x/140313_D00360_0015_BH9258ADXX/Project_RM8398/Sample_U5c/U5c_CCGTCC_L002_R1_003.fastq.gz	504235676
data/NA12878/NIST_NA12878_HG001_HiSeq_300x/140313_D00360_0015_BH9258ADXX/Project_RM8398/Sample_U5c/U5c_CCGTCC_L002_R1_004.fastq.gz	496049238
data/NA12878/NIST_NA12878_HG001_HiSeq_300x/140313_D00360_0015_BH9258ADXX/Project_RM8398/Sample_U5c/U5c_CCGTCC_L002_R1_005.fastq.gz	505469747
data/NA12878/NIST_NA12878_HG001_HiSeq_300x/140313_D00360_0015_BH9258ADXX/Project_RM8398/Sample_U5c/U5c_CCGTCC_L002_R1_006.fastq.gz	502886590
data/NA12878/NIST_NA12878_HG001_HiSeq_300x/140313_D00360_0015_BH9258ADXX/Project_RM8398/Sample_U5c/U5c_CCGTCC_L002_R1_007.fastq.gz	63062925
data/NA12878/NIST_NA12878_HG001_HiSeq_300x/140313_D00360_0015_BH9258ADXX/Project_RM8398/Sample_U5c/U5c_CCGTCC_L002_R2_001.fastq.gz	537204872
data/NA12878/NIST_NA12878_HG001_HiSeq_300x/140313_D00360_0015_BH9258ADXX/Project_RM8398/Sample_U5c/U5c_CCGTCC_L002_R2_002.fastq.gz	544079110
data/NA12878/NIST_NA12878_HG001_HiSeq_300x/140313_D00360_0015_BH9258ADXX/Project_RM8398/Sample_U5c/U5c_CCGTCC_L002_R2_003.fastq.gz	542504835
data/NA12878/NIST_NA12878_HG001_HiSeq_300x/140313_D00360_0015_BH9258ADXX/Project_RM8398/Sample_U5c/U5c_CCGTCC_L002_R2_004.fastq.gz	535626855
data/NA12878/NIST_NA12878_HG001_HiSeq_300x/140313_D00360_0015_BH9258ADXX/Project_RM8398/Sample_U5c/U5c_CCGTCC_L002_R2_005.fastq.gz	543707145
data/NA12878/NIST_NA12878_HG001_HiSeq_300x/140313_D00360_0015_BH9258ADXX/Project_RM8398/Sample_U5c/U5c_CCGTCC_L002_R2_006.fastq.gz	541863449
data/NA12878/NIST_NA12878_HG001_HiSeq_300x/140313_D00360_0015_BH9258ADXX/Project_RM8398/Sample_U5c/U5c_CCGTCC_L002_R2_007.fastq.gz	66770581
data/NA12878/NIST_NA12878_HG001_HiSeq_300x/140407_D00360_0016_AH948VADXX/Project_RM8398/Sample_U0a/SampleSheet.csv	157
data/NA12878/NIST_NA12878_HG001_HiSeq_300x/140407_D00360_0016_AH948VADXX/Project_RM8398/Sample_U0a/U0a_CGATGT_L001_R1_001.fastq.gz	489085417
data/NA12878/NIST_NA12878_HG001_HiSeq_300x/140407_D00360_0016_AH948VADXX/Project_RM8398/Sample_U0a/U0a_CGATGT_L001_R1_002.fastq.gz	487634971
data/NA12878/NIST_NA12878_HG001_HiSeq_300x/140407_D00360_0016_AH948VADXX/Project_RM8398/Sample_U0a/U0a_CGATGT_L001_R1_003.fastq.gz	482469870
data/NA12878/NIST_NA12878_HG001_HiSeq_300x/140407_D00360_0016_AH948VADXX/Project_RM8398/Sample_U0a/U0a_CGATGT_L001_R1_004.fastq.gz	225803169
data/NA12878/NIST_NA12878_HG001_HiSeq_300x/140407_D00360_0016_AH948VADXX/Project_RM8398/Sample_U0a/U0a_CGATGT_L001_R2_001.fastq.gz	538779787
data/NA12878/NIST_NA12878_HG001_HiSeq_300x/140407_D00360_0016_AH948VADXX/Project_RM8398/Sample_U0a/U0a_CGATGT_L001_R2_002.fastq.gz	535520910
data/NA12878/NIST_NA12878_HG001_HiSeq_300x/140407_D00360_0016_AH948VADXX/Project_RM8398/Sample_U0a/U0a_CGATGT_L001_R2_003.fastq.gz	530493903
data/NA12878/NIST_NA12878_HG001_HiSeq_300x/140407_D00360_0016_AH948VADXX/Project_RM8398/Sample_U0a/U0a_CGATGT_L001_R2_004.fastq.gz	245026681
data/NA12878/NIST_NA12878_HG001_HiSeq_300x/140407_D00360_0016_AH948VADXX/Project_RM8398/Sample_U0a/U0a_CGATGT_L002_R1_001.fastq.gz	483655577
data/NA12878/NIST_NA12878_HG001_HiSeq_300x/140407_D00360_0016_AH948VADXX/Project_RM8398/Sample_U0a/U0a_CGATGT_L002_R1_002.fastq.gz	482753360
data/NA12878/NIST_NA12878_HG001_HiSeq_300x/140407_D00360_0016_AH948VADXX/Project_RM8398/Sample_U0a/U0a_CGATGT_L002_R1_003.fastq.gz	482708432
data/NA12878/NIST_NA12878_HG001_HiSeq_300x/140407_D00360_0016_AH948VADXX/Project_RM8398/Sample_U0a/U0a_CGATGT_L002_R1_004.fastq.gz	222598190
data/NA12878/NIST_NA12878_HG001_HiSeq_300x/140407_D00360_0016_AH948VADXX/Project_RM8398/Sample_U0a/U0a_CGATGT_L002_R2_001.fastq.gz	533819591
data/NA12878/NIST_NA12878_HG001_HiSeq_300x/140407_D00360_0016_AH948VADXX/Project_RM8398/Sample_U0a/U0a_CGATGT_L002_R2_002.fastq.gz	531375995
data/NA12878/NIST_NA12878_HG001_HiSeq_300x/140407_D00360_0016_AH948VADXX/Project_RM8398/Sample_U0a/U0a_CGATGT_L002_R2_003.fastq.gz	530154123
data/NA12878/NIST_NA12878_HG001_HiSeq_300x/140407_D00360_0016_AH948VADXX/Project_RM8398/Sample_U0a/U0a_CGATGT_L002_R2_004.fastq.gz	242627112
data/NA12878/NIST_NA12878_HG001_HiSeq_300x/140407_D00360_0016_AH948VADXX/Project_RM8398/Sample_U0b/SampleSheet.csv	157
data/NA12878/NIST_NA12878_HG001_HiSeq_300x/140407_D00360_0016_AH948VADXX/Project_RM8398/Sample_U0b/U0b_TGACCA_L001_R1_001.fastq.gz	488818284
data/NA12878/NIST_NA12878_HG001_HiSeq_300x/140407_D00360_0016_AH948VADXX/Project_RM8398/Sample_U0b/U0b_TGACCA_L001_R1_002.fastq.gz	483632693
data/NA12878/NIST_NA12878_HG001_HiSeq_300x/140407_D00360_0016_AH948VADXX/Project_RM8398/Sample_U0b/U0b_TGACCA_L001_R1_003.fastq.gz	489346993
data/NA12878/NIST_NA12878_HG001_HiSeq_300x/140407_D00360_0016_AH948VADXX/Project_RM8398/Sample_U0b/U0b_TGACCA_L001_R1_004.fastq.gz	481519170
data/NA12878/NIST_NA12878_HG001_HiSeq_300x/140407_D00360_0016_AH948VADXX/Project_RM8398/Sample_U0b/U0b_TGACCA_L001_R1_005.fastq.gz	408834877
data/NA12878/NIST_NA12878_HG001_HiSeq_300x/140407_D00360_0016_AH948VADXX/Project_RM8398/Sample_U0b/U0b_TGACCA_L001_R2_001.fastq.gz	535988653
data/NA12878/NIST_NA12878_HG001_HiSeq_300x/140407_D00360_0016_AH948VADXX/Project_RM8398/Sample_U0b/U0b_TGACCA_L001_R2_002.fastq.gz	529195554
data/NA12878/NIST_NA12878_HG001_HiSeq_300x/140407_D00360_0016_AH948VADXX/Project_RM8398/Sample_U0b/U0b_TGACCA_L001_R2_003.fastq.gz	532559225
data/NA12878/NIST_NA12878_HG001_HiSeq_300x/140407_D00360_0016_AH948VADXX/Project_RM8398/Sample_U0b/U0b_TGACCA_L001_R2_004.fastq.gz	525475692
data/NA12878/NIST_NA12878_HG001_HiSeq_300x/140407_D00360_0016_AH948VADXX/Project_RM8398/Sample_U0b/U0b_TGACCA_L001_R2_005.fastq.gz	442514724
data/NA12878/NIST_NA12878_HG001_HiSeq_300x/140407_D00360_0016_AH948VADXX/Project_RM8398/Sample_U0b/U0b_TGACCA_L002_R1_001.fastq.gz	481852978
data/NA12878/NIST_NA12878_HG001_HiSeq_300x/140407_D00360_0016_AH948VADXX/Project_RM8398/Sample_U0b/U0b_TGACCA_L002_R1_002.fastq.gz	483970664
data/NA12878/NIST_NA12878_HG001_HiSeq_300x/140407_D00360_0016_AH948VADXX/Project_RM8398/Sample_U0b/U0b_TGACCA_L002_R1_003.fastq.gz	482834399
data/NA12878/NIST_NA12878_HG001_HiSeq_300x/140407_D00360_0016_AH948VADXX/Project_RM8398/Sample_U0b/U0b_TGACCA_L002_R1_004.fastq.gz	482733719
data/NA12878/NIST_NA12878_HG001_HiSeq_300x/140407_D00360_0016_AH948VADXX/Project_RM8398/Sample_U0b/U0b_TGACCA_L002_R1_005.fastq.gz	459436121
data/NA12878/NIST_NA12878_HG001_HiSeq_300x/140407_D00360_0016_AH948VADXX/Project_RM8398/Sample_U0b/U0b_TGACCA_L002_R2_001.fastq.gz	530055374
data/NA12878/NIST_NA12878_HG001_HiSeq_300x/140407_D00360_0016_AH948VADXX/Project_RM8398/Sample_U0b/U0b_TGACCA_L002_R2_002.fastq.gz	529906104
data/NA12878/NIST_NA12878_HG001_HiSeq_300x/140407_D00360_0016_AH948VADXX/Project_RM8398/Sample_U0b/U0b_TGACCA_L002_R2_003.fastq.gz	527276879
data/NA12878/NIST_NA12878_HG001_HiSeq_300x/140407_D00360_0016_AH948VADXX/Project_RM8398/Sample_U0b/U0b_TGACCA_L002_R2_004.fastq.gz	526426068
data/NA12878/NIST_NA12878_HG001_HiSeq_300x/140407_D00360_0016_AH948VADXX/Project_RM8398/Sample_U0b/U0b_TGACCA_L002_R2_005.fastq.gz	499605752
data/NA12878/NIST_NA12878_HG001_HiSeq_300x/140407_D00360_0016_AH948VADXX/Project_RM8398/Sample_U0c/SampleSheet.csv	157
data/NA12878/NIST_NA12878_HG001_HiSeq_300x/140407_D00360_0016_AH948VADXX/Project_RM8398/Sample_U0c/U0c_CAGATC_L001_R1_001.fastq.gz	496243743
data/NA12878/NIST_NA12878_HG001_HiSeq_300x/140407_D00360_0016_AH948VADXX/Project_RM8398/Sample_U0c/U0c_CAGATC_L001_R1_002.fastq.gz	490826727
data/NA12878/NIST_NA12878_HG001_HiSeq_300x/140407_D00360_0016_AH948VADXX/Project_RM8398/Sample_U0c/U0c_CAGATC_L001_R1_003.fastq.gz	497160975
data/NA12878/NIST_NA12878_HG001_HiSeq_300x/140407_D00360_0016_AH948VADXX/Project_RM8398/Sample_U0c/U0c_CAGATC_L001_R1_004.fastq.gz	489959337
data/NA12878/NIST_NA12878_HG001_HiSeq_300x/140407_D00360_0016_AH948VADXX/Project_RM8398/Sample_U0c/U0c_CAGATC_L001_R1_005.fastq.gz	490276982
data/NA12878/NIST_NA12878_HG001_HiSeq_300x/140407_D00360_0016_AH948VADXX/Project_RM8398/Sample_U0c/U0c_CAGATC_L001_R1_006.fastq.gz	855226
data/NA12878/NIST_NA12878_HG001_HiSeq_300x/140407_D00360_0016_AH948VADXX/Project_RM8398/Sample_U0c/U0c_CAGATC_L001_R2_001.fastq.gz	538361633
data/NA12878/NIST_NA12878_HG001_HiSeq_300x/140407_D00360_0016_AH948VADXX/Project_RM8398/Sample_U0c/U0c_CAGATC_L001_R2_002.fastq.gz	531433290
data/NA12878/NIST_NA12878_HG001_HiSeq_300x/140407_D00360_0016_AH948VADXX/Project_RM8398/Sample_U0c/U0c_CAGATC_L001_R2_003.fastq.gz	535687553
data/NA12878/NIST_NA12878_HG001_HiSeq_300x/140407_D00360_0016_AH948VADXX/Project_RM8398/Sample_U0c/U0c_CAGATC_L001_R2_004.fastq.gz	529228943
data/NA12878/NIST_NA12878_HG001_HiSeq_300x/140407_D00360_0016_AH948VADXX/Project_RM8398/Sample_U0c/U0c_CAGATC_L001_R2_005.fastq.gz	527151093
data/NA12878/NIST_NA12878_HG001_HiSeq_300x/140407_D00360_0016_AH948VADXX/Project_RM8398/Sample_U0c/U0c_CAGATC_L001_R2_006.fastq.gz	891239
data/NA12878/NIST_NA12878_HG001_HiSeq_300x/140407_D00360_0016_AH948VADXX/Project_RM8398/Sample_U0c/U0c_CAGATC_L002_R1_001.fastq.gz	489219054
data/NA12878/NIST_NA12878_HG001_HiSeq_300x/140407_D00360_0016_AH948VADXX/Project_RM8398/Sample_U0c/U0c_CAGATC_L002_R1_002.fastq.gz	491555374
data/NA12878/NIST_NA12878_HG001_HiSeq_300x/140407_D00360_0016_AH948VADXX/Project_RM8398/Sample_U0c/U0c_CAGATC_L002_R1_003.fastq.gz	490991663
data/NA12878/NIST_NA12878_HG001_HiSeq_300x/140407_D00360_0016_AH948VADXX/Project_RM8398/Sample_U0c/U0c_CAGATC_L002_R1_004.fastq.gz	490282318
data/NA12878/NIST_NA12878_HG001_HiSeq_300x/140407_D00360_0016_AH948VADXX/Project_RM8398/Sample_U0c/U0c_CAGATC_L002_R1_005.fastq.gz	489383983
data/NA12878/NIST_NA12878_HG001_HiSeq_300x/140407_D00360_0016_AH948VADXX/Project_RM8398/Sample_U0c/U0c_CAGATC_L002_R1_006.fastq.gz	45038999
data/NA12878/NIST_NA12878_HG001_HiSeq_300x/140407_D00360_0016_AH948VADXX/Project_RM8398/Sample_U0c/U0c_CAGATC_L002_R2_001.fastq.gz	531358391
data/NA12878/NIST_NA12878_HG001_HiSeq_300x/140407_D00360_0016_AH948VADXX/Project_RM8398/Sample_U0c/U0c_CAGATC_L002_R2_002.fastq.gz	531514629
data/NA12878/NIST_NA12878_HG001_HiSeq_300x/140407_D00360_0016_AH948VADXX/Project_RM8398/Sample_U0c/U0c_CAGATC_L002_R2_003.fastq.gz	529473016
data/NA12878/NIST_NA12878_HG001_HiSeq_300x/140407_D00360_0016_AH948VADXX/Project_RM8398/Sample_U0c/U0c_CAGATC_L002_R2_004.fastq.gz	528795379
data/NA12878/NIST_NA12878_HG001_HiSeq_300x/140407_D00360_0016_AH948VADXX/Project_RM8398/Sample_U0c/U0c_CAGATC_L002_R2_005.fastq.gz	527104630
data/NA12878/NIST_NA12878_HG001_HiSeq_300x/140407_D00360_0016_AH948VADXX/Project_RM8398/Sample_U0c/U0c_CAGATC_L002_R2_006.fastq.gz	47962973
data/NA12878/NIST_NA12878_HG001_HiSeq_300x/140407_D00360_0016_AH948VADXX/Project_RM8398/Sample_U5a/SampleSheet.csv	157
data/NA12878/NIST_NA12878_HG001_HiSeq_300x/140407_D00360_0016_AH948VADXX/Project_RM8398/Sample_U5a/U5a_AGTCAA_L001_R1_001.fastq.gz	492074865
data/NA12878/NIST_NA12878_HG001_HiSeq_300x/140407_D00360_0016_AH948VADXX/Project_RM8398/Sample_U5a/U5a_AGTCAA_L001_R1_002.fastq.gz	486813708
data/NA12878/NIST_NA12878_HG001_HiSeq_300x/140407_D00360_0016_AH948VADXX/Project_RM8398/Sample_U5a/U5a_AGTCAA_L001_R1_003.fastq.gz	492990907
data/NA12878/NIST_NA12878_HG001_HiSeq_300x/140407_D00360_0016_AH948VADXX/Project_RM8398/Sample_U5a/U5a_AGTCAA_L001_R1_004.fastq.gz	485972762
data/NA12878/NIST_NA12878_HG001_HiSeq_300x/140407_D00360_0016_AH948VADXX/Project_RM8398/Sample_U5a/U5a_AGTCAA_L001_R1_005.fastq.gz	483223066
data/NA12878/NIST_NA12878_HG001_HiSeq_300x/140407_D00360_0016_AH948VADXX/Project_RM8398/Sample_U5a/U5a_AGTCAA_L001_R1_006.fastq.gz	70025647
data/NA12878/NIST_NA12878_HG001_HiSeq_300x/140407_D00360_0016_AH948VADXX/Project_RM8398/Sample_U5a/U5a_AGTCAA_L001_R2_001.fastq.gz	539451839
data/NA12878/NIST_NA12878_HG001_HiSeq_300x/140407_D00360_0016_AH948VADXX/Project_RM8398/Sample_U5a/U5a_AGTCAA_L001_R2_002.fastq.gz	532375717
data/NA12878/NIST_NA12878_HG001_HiSeq_300x/140407_D00360_0016_AH948VADXX/Project_RM8398/Sample_U5a/U5a_AGTCAA_L001_R2_003.fastq.gz	536111524
data/NA12878/NIST_NA12878_HG001_HiSeq_300x/140407_D00360_0016_AH948VADXX/Project_RM8398/Sample_U5a/U5a_AGTCAA_L001_R2_004.fastq.gz	530372086
data/NA12878/NIST_NA12878_HG001_HiSeq_300x/140407_D00360_0016_AH948VADXX/Project_RM8398/Sample_U5a/U5a_AGTCAA_L001_R2_005.fastq.gz	526873062
data/NA12878/NIST_NA12878_HG001_HiSeq_300x/140407_D00360_0016_AH948VADXX/Project_RM8398/Sample_U5a/U5a_AGTCAA_L001_R2_006.fastq.gz	74427075
data/NA12878/NIST_NA12878_HG001_HiSeq_300x/140407_D00360_0016_AH948VADXX/Project_RM8398/Sample_U5a/U5a_AGTCAA_L002_R1_001.fastq.gz	484738978
data/NA12878/NIST_NA12878_HG001_HiSeq_300x/140407_D00360_0016_AH948VADXX/Project_RM8398/Sample_U5a/U5a_AGTCAA_L002_R1_002.fastq.gz	487306858
data/NA12878/NIST_NA12878_HG001_HiSeq_300x/140407_D00360_0016_AH948VADXX/Project_RM8398/Sample_U5a/U5a_AGTCAA_L002_R1_003.fastq.gz	486787950
data/NA12878/NIST_NA12878_HG001_HiSeq_300x/140407_D00360_0016_AH948VADXX/Project_RM8398/Sample_U5a/U5a_AGTCAA_L002_R1_004.fastq.gz	486046707
data/NA12878/NIST_NA12878_HG001_HiSeq_300x/140407_D00360_0016_AH948VADXX/Project_RM8398/Sample_U5a/U5a_AGTCAA_L002_R1_005.fastq.gz	483259572
data/NA12878/NIST_NA12878_HG001_HiSeq_300x/140407_D00360_0016_AH948VADXX/Project_RM8398/Sample_U5a/U5a_AGTCAA_L002_R1_006.fastq.gz	127872912
data/NA12878/NIST_NA12878_HG001_HiSeq_300x/140407_D00360_0016_AH948VADXX/Project_RM8398/Sample_U5a/U5a_AGTCAA_L002_R2_001.fastq.gz	533081910
data/NA12878/NIST_NA12878_HG001_HiSeq_300x/140407_D00360_0016_AH948VADXX/Project_RM8398/Sample_U5a/U5a_AGTCAA_L002_R2_002.fastq.gz	533306873
data/NA12878/NIST_NA12878_HG001_HiSeq_300x/140407_D00360_0016_AH948VADXX/Project_RM8398/Sample_U5a/U5a_AGTCAA_L002_R2_003.fastq.gz	531168189
data/NA12878/NIST_NA12878_HG001_HiSeq_300x/140407_D00360_0016_AH948VADXX/Project_RM8398/Sample_U5a/U5a_AGTCAA_L002_R2_004.fastq.gz	529893700
data/NA12878/NIST_NA12878_HG001_HiSeq_300x/140407_D00360_0016_AH948VADXX/Project_RM8398/Sample_U5a/U5a_AGTCAA_L002_R2_005.fastq.gz	528797504
data/NA12878/NIST_NA12878_HG001_HiSeq_300x/140407_D00360_0016_AH948VADXX/Project_RM8398/Sample_U5a/U5a_AGTCAA_L002_R2_006.fastq.gz	137791649
data/NA12878/NIST_NA12878_HG001_HiSeq_300x/140407_D00360_0016_AH948VADXX/Project_RM8398/Sample_U5b/SampleSheet.csv	157
data/NA12878/NIST_NA12878_HG001_HiSeq_300x/140407_D00360_0016_AH948VADXX/Project_RM8398/Sample_U5b/U5b_AGTTCC_L001_R1_001.fastq.gz	485281506
data/NA12878/NIST_NA12878_HG001_HiSeq_300x/140407_D00360_0016_AH948VADXX/Project_RM8398/Sample_U5b/U5b_AGTTCC_L001_R1_002.fastq.gz	480165466
data/NA12878/NIST_NA12878_HG001_HiSeq_300x/140407_D00360_0016_AH948VADXX/Project_RM8398/Sample_U5b/U5b_AGTTCC_L001_R1_003.fastq.gz	484890547
data/NA12878/NIST_NA12878_HG001_HiSeq_300x/140407_D00360_0016_AH948VADXX/Project_RM8398/Sample_U5b/U5b_AGTTCC_L001_R1_004.fastq.gz	477199476
data/NA12878/NIST_NA12878_HG001_HiSeq_300x/140407_D00360_0016_AH948VADXX/Project_RM8398/Sample_U5b/U5b_AGTTCC_L001_R1_005.fastq.gz	278744021
data/NA12878/NIST_NA12878_HG001_HiSeq_300x/140407_D00360_0016_AH948VADXX/Project_RM8398/Sample_U5b/U5b_AGTTCC_L001_R2_001.fastq.gz	513886241
data/NA12878/NIST_NA12878_HG001_HiSeq_300x/140407_D00360_0016_AH948VADXX/Project_RM8398/Sample_U5b/U5b_AGTTCC_L001_R2_002.fastq.gz	506641951
data/NA12878/NIST_NA12878_HG001_HiSeq_300x/140407_D00360_0016_AH948VADXX/Project_RM8398/Sample_U5b/U5b_AGTTCC_L001_R2_003.fastq.gz	511202327
data/NA12878/NIST_NA12878_HG001_HiSeq_300x/140407_D00360_0016_AH948VADXX/Project_RM8398/Sample_U5b/U5b_AGTTCC_L001_R2_004.fastq.gz	502610103
data/NA12878/NIST_NA12878_HG001_HiSeq_300x/140407_D00360_0016_AH948VADXX/Project_RM8398/Sample_U5b/U5b_AGTTCC_L001_R2_005.fastq.gz	290662737
data/NA12878/NIST_NA12878_HG001_HiSeq_300x/140407_D00360_0016_AH948VADXX/Project_RM8398/Sample_U5b/U5b_AGTTCC_L002_R1_001.fastq.gz	478866413
data/NA12878/NIST_NA12878_HG001_HiSeq_300x/140407_D00360_0016_AH948VADXX/Project_RM8398/Sample_U5b/U5b_AGTTCC_L002_R1_002.fastq.gz	480301938
data/NA12878/NIST_NA12878_HG001_HiSeq_300x/140407_D00360_0016_AH948VADXX/Project_RM8398/Sample_U5b/U5b_AGTTCC_L002_R1_003.fastq.gz	478781236
data/NA12878/NIST_NA12878_HG001_HiSeq_300x/140407_D00360_0016_AH948VADXX/Project_RM8398/Sample_U5b/U5b_AGTTCC_L002_R1_004.fastq.gz	479248601
data/NA12878/NIST_NA12878_HG001_HiSeq_300x/140407_D00360_0016_AH948VADXX/Project_RM8398/Sample_U5b/U5b_AGTTCC_L002_R1_005.fastq.gz	328719598
data/NA12878/NIST_NA12878_HG001_HiSeq_300x/140407_D00360_0016_AH948VADXX/Project_RM8398/Sample_U5b/U5b_AGTTCC_L002_R2_001.fastq.gz	505992595
data/NA12878/NIST_NA12878_HG001_HiSeq_300x/140407_D00360_0016_AH948VADXX/Project_RM8398/Sample_U5b/U5b_AGTTCC_L002_R2_002.fastq.gz	505956584
data/NA12878/NIST_NA12878_HG001_HiSeq_300x/140407_D00360_0016_AH948VADXX/Project_RM8398/Sample_U5b/U5b_AGTTCC_L002_R2_003.fastq.gz	503707832
data/NA12878/NIST_NA12878_HG001_HiSeq_300x/140407_D00360_0016_AH948VADXX/Project_RM8398/Sample_U5b/U5b_AGTTCC_L002_R2_004.fastq.gz	503238676
data/NA12878/NIST_NA12878_HG001_HiSeq_300x/140407_D00360_0016_AH948VADXX/Project_RM8398/Sample_U5b/U5b_AGTTCC_L002_R2_005.fastq.gz	344033811
data/NA12878/NIST_NA12878_HG001_HiSeq_300x/140407_D00360_0016_AH948VADXX/Project_RM8398/Sample_U5c/SampleSheet.csv	157
data/NA12878/NIST_NA12878_HG001_HiSeq_300x/140407_D00360_0016_AH948VADXX/Project_RM8398/Sample_U5c/U5c_CCGTCC_L001_R1_001.fastq.gz	492898539
data/NA12878/NIST_NA12878_HG001_HiSeq_300x/140407_D00360_0016_AH948VADXX/Project_RM8398/Sample_U5c/U5c_CCGTCC_L001_R1_002.fastq.gz	488439783
data/NA12878/NIST_NA12878_HG001_HiSeq_300x/140407_D00360_0016_AH948VADXX/Project_RM8398/Sample_U5c/U5c_CCGTCC_L001_R1_003.fastq.gz	494349007
data/NA12878/NIST_NA12878_HG001_HiSeq_300x/140407_D00360_0016_AH948VADXX/Project_RM8398/Sample_U5c/U5c_CCGTCC_L001_R1_004.fastq.gz	487896315
data/NA12878/NIST_NA12878_HG001_HiSeq_300x/140407_D00360_0016_AH948VADXX/Project_RM8398/Sample_U5c/U5c_CCGTCC_L001_R1_005.fastq.gz	484017079
data/NA12878/NIST_NA12878_HG001_HiSeq_300x/140407_D00360_0016_AH948VADXX/Project_RM8398/Sample_U5c/U5c_CCGTCC_L001_R1_006.fastq.gz	248616318
data/NA12878/NIST_NA12878_HG001_HiSeq_300x/140407_D00360_0016_AH948VADXX/Project_RM8398/Sample_U5c/U5c_CCGTCC_L001_R2_001.fastq.gz	548399976
data/NA12878/NIST_NA12878_HG001_HiSeq_300x/140407_D00360_0016_AH948VADXX/Project_RM8398/Sample_U5c/U5c_CCGTCC_L001_R2_002.fastq.gz	541020543
data/NA12878/NIST_NA12878_HG001_HiSeq_300x/140407_D00360_0016_AH948VADXX/Project_RM8398/Sample_U5c/U5c_CCGTCC_L001_R2_003.fastq.gz	543094410
data/NA12878/NIST_NA12878_HG001_HiSeq_300x/140407_D00360_0016_AH948VADXX/Project_RM8398/Sample_U5c/U5c_CCGTCC_L001_R2_004.fastq.gz	540211625
data/NA12878/NIST_NA12878_HG001_HiSeq_300x/140407_D00360_0016_AH948VADXX/Project_RM8398/Sample_U5c/U5c_CCGTCC_L001_R2_005.fastq.gz	536890258
data/NA12878/NIST_NA12878_HG001_HiSeq_300x/140407_D00360_0016_AH948VADXX/Project_RM8398/Sample_U5c/U5c_CCGTCC_L001_R2_006.fastq.gz	269847519
data/NA12878/NIST_NA12878_HG001_HiSeq_300x/140407_D00360_0016_AH948VADXX/Project_RM8398/Sample_U5c/U5c_CCGTCC_L002_R1_001.fastq.gz	485497197
data/NA12878/NIST_NA12878_HG001_HiSeq_300x/140407_D00360_0016_AH948VADXX/Project_RM8398/Sample_U5c/U5c_CCGTCC_L002_R1_002.fastq.gz	488998523
data/NA12878/NIST_NA12878_HG001_HiSeq_300x/140407_D00360_0016_AH948VADXX/Project_RM8398/Sample_U5c/U5c_CCGTCC_L002_R1_003.fastq.gz	489987071
data/NA12878/NIST_NA12878_HG001_HiSeq_300x/140407_D00360_0016_AH948VADXX/Project_RM8398/Sample_U5c/U5c_CCGTCC_L002_R1_004.fastq.gz	484656386
data/NA12878/NIST_NA12878_HG001_HiSeq_300x/140407_D00360_0016_AH948VADXX/Project_RM8398/Sample_U5c/U5c_CCGTCC_L002_R1_005.fastq.gz	486095675
data/NA12878/NIST_NA12878_HG001_HiSeq_300x/140407_D00360_0016_AH948VADXX/Project_RM8398/Sample_U5c/U5c_CCGTCC_L002_R1_006.fastq.gz	297150589
data/NA12878/NIST_NA12878_HG001_HiSeq_300x/140407_D00360_0016_AH948VADXX/Project_RM8398/Sample_U5c/U5c_CCGTCC_L002_R2_001.fastq.gz	542120586
data/NA12878/NIST_NA12878_HG001_HiSeq_300x/140407_D00360_0016_AH948VADXX/Project_RM8398/Sample_U5c/U5c_CCGTCC_L002_R2_002.fastq.gz	541593334
data/NA12878/NIST_NA12878_HG001_HiSeq_300x/140407_D00360_0016_AH948VADXX/Project_RM8398/Sample_U5c/U5c_CCGTCC_L002_R2_003.fastq.gz	539887488
data/NA12878/NIST_NA12878_HG001_HiSeq_300x/140407_D00360_0016_AH948VADXX/Project_RM8398/Sample_U5c/U5c_CCGTCC_L002_R2_004.fastq.gz	538110052
data/NA12878/NIST_NA12878_HG001_HiSeq_300x/140407_D00360_0016_AH948VADXX/Project_RM8398/Sample_U5c/U5c_CCGTCC_L002_R2_005.fastq.gz	537721867
data/NA12878/NIST_NA12878_HG001_HiSeq_300x/140407_D00360_0016_AH948VADXX/Project_RM8398/Sample_U5c/U5c_CCGTCC_L002_R2_006.fastq.gz	325528152
data/NA12878/NIST_NA12878_HG001_HiSeq_300x/140407_D00360_0017_BH947YADXX/Project_RM8398/Sample_U0a/SampleSheet.csv	157
data/NA12878/NIST_NA12878_HG001_HiSeq_300x/140407_D00360_0017_BH947YADXX/Project_RM8398/Sample_U0a/U0a_CGATGT_L001_R1_001.fastq.gz	484981657
data/NA12878/NIST_NA12878_HG001_HiSeq_300x/140407_D00360_0017_BH947YADXX/Project_RM8398/Sample_U0a/U0a_CGATGT_L001_R1_002.fastq.gz	486835074
data/NA12878/NIST_NA12878_HG001_HiSeq_300x/140407_D00360_0017_BH947YADXX/Project_RM8398/Sample_U0a/U0a_CGATGT_L001_R1_003.fastq.gz	485744604
data/NA12878/NIST_NA12878_HG001_HiSeq_300x/140407_D00360_0017_BH947YADXX/Project_RM8398/Sample_U0a/U0a_CGATGT_L001_R1_004.fastq.gz	177508985
data/NA12878/NIST_NA12878_HG001_HiSeq_300x/140407_D00360_0017_BH947YADXX/Project_RM8398/Sample_U0a/U0a_CGATGT_L001_R2_001.fastq.gz	538507099
data/NA12878/NIST_NA12878_HG001_HiSeq_300x/140407_D00360_0017_BH947YADXX/Project_RM8398/Sample_U0a/U0a_CGATGT_L001_R2_002.fastq.gz	540334095
data/NA12878/NIST_NA12878_HG001_HiSeq_300x/140407_D00360_0017_BH947YADXX/Project_RM8398/Sample_U0a/U0a_CGATGT_L001_R2_003.fastq.gz	537877398
data/NA12878/NIST_NA12878_HG001_HiSeq_300x/140407_D00360_0017_BH947YADXX/Project_RM8398/Sample_U0a/U0a_CGATGT_L001_R2_004.fastq.gz	195442034
data/NA12878/NIST_NA12878_HG001_HiSeq_300x/140407_D00360_0017_BH947YADXX/Project_RM8398/Sample_U0a/U0a_CGATGT_L002_R1_001.fastq.gz	486016414
data/NA12878/NIST_NA12878_HG001_HiSeq_300x/140407_D00360_0017_BH947YADXX/Project_RM8398/Sample_U0a/U0a_CGATGT_L002_R1_002.fastq.gz	487041045
data/NA12878/NIST_NA12878_HG001_HiSeq_300x/140407_D00360_0017_BH947YADXX/Project_RM8398/Sample_U0a/U0a_CGATGT_L002_R1_003.fastq.gz	486871120
data/NA12878/NIST_NA12878_HG001_HiSeq_300x/140407_D00360_0017_BH947YADXX/Project_RM8398/Sample_U0a/U0a_CGATGT_L002_R1_004.fastq.gz	213256454
data/NA12878/NIST_NA12878_HG001_HiSeq_300x/140407_D00360_0017_BH947YADXX/Project_RM8398/Sample_U0a/U0a_CGATGT_L002_R2_001.fastq.gz	540571511
data/NA12878/NIST_NA12878_HG001_HiSeq_300x/140407_D00360_0017_BH947YADXX/Project_RM8398/Sample_U0a/U0a_CGATGT_L002_R2_002.fastq.gz	542492838
data/NA12878/NIST_NA12878_HG001_HiSeq_300x/140407_D00360_0017_BH947YADXX/Project_RM8398/Sample_U0a/U0a_CGATGT_L002_R2_003.fastq.gz	540645097
data/NA12878/NIST_NA12878_HG001_HiSeq_300x/140407_D00360_0017_BH947YADXX/Project_RM8398/Sample_U0a/U0a_CGATGT_L002_R2_004.fastq.gz	234495169
data/NA12878/NIST_NA12878_HG001_HiSeq_300x/140407_D00360_0017_BH947YADXX/Project_RM8398/Sample_U0b/SampleSheet.csv	157
data/NA12878/NIST_NA12878_HG001_HiSeq_300x/140407_D00360_0017_BH947YADXX/Project_RM8398/Sample_U0b/U0b_TGACCA_L001_R1_001.fastq.gz	484099737
data/NA12878/NIST_NA12878_HG001_HiSeq_300x/140407_D00360_0017_BH947YADXX/Project_RM8398/Sample_U0b/U0b_TGACCA_L001_R1_002.fastq.gz	488149053
data/NA12878/NIST_NA12878_HG001_HiSeq_300x/140407_D00360_0017_BH947YADXX/Project_RM8398/Sample_U0b/U0b_TGACCA_L001_R1_003.fastq.gz	488636411
data/NA12878/NIST_NA12878_HG001_HiSeq_300x/140407_D00360_0017_BH947YADXX/Project_RM8398/Sample_U0b/U0b_TGACCA_L001_R1_004.fastq.gz	487104813
data/NA12878/NIST_NA12878_HG001_HiSeq_300x/140407_D00360_0017_BH947YADXX/Project_RM8398/Sample_U0b/U0b_TGACCA_L001_R1_005.fastq.gz	461882094
data/NA12878/NIST_NA12878_HG001_HiSeq_300x/140407_D00360_0017_BH947YADXX/Project_RM8398/Sample_U0b/U0b_TGACCA_L001_R2_001.fastq.gz	534447290
data/NA12878/NIST_NA12878_HG001_HiSeq_300x/140407_D00360_0017_BH947YADXX/Project_RM8398/Sample_U0b/U0b_TGACCA_L001_R2_002.fastq.gz	538152302
data/NA12878/NIST_NA12878_HG001_HiSeq_300x/140407_D00360_0017_BH947YADXX/Project_RM8398/Sample_U0b/U0b_TGACCA_L001_R2_003.fastq.gz	534793002
data/NA12878/NIST_NA12878_HG001_HiSeq_300x/140407_D00360_0017_BH947YADXX/Project_RM8398/Sample_U0b/U0b_TGACCA_L001_R2_004.fastq.gz	533388997
data/NA12878/NIST_NA12878_HG001_HiSeq_300x/140407_D00360_0017_BH947YADXX/Project_RM8398/Sample_U0b/U0b_TGACCA_L001_R2_005.fastq.gz	507797197
data/NA12878/NIST_NA12878_HG001_HiSeq_300x/140407_D00360_0017_BH947YADXX/Project_RM8398/Sample_U0b/U0b_TGACCA_L002_R1_001.fastq.gz	484337247
data/NA12878/NIST_NA12878_HG001_HiSeq_300x/140407_D00360_0017_BH947YADXX/Project_RM8398/Sample_U0b/U0b_TGACCA_L002_R1_002.fastq.gz	489784129
data/NA12878/NIST_NA12878_HG001_HiSeq_300x/140407_D00360_0017_BH947YADXX/Project_RM8398/Sample_U0b/U0b_TGACCA_L002_R1_003.fastq.gz	485327718
data/NA12878/NIST_NA12878_HG001_HiSeq_300x/140407_D00360_0017_BH947YADXX/Project_RM8398/Sample_U0b/U0b_TGACCA_L002_R1_004.fastq.gz	487045743
data/NA12878/NIST_NA12878_HG001_HiSeq_300x/140407_D00360_0017_BH947YADXX/Project_RM8398/Sample_U0b/U0b_TGACCA_L002_R1_005.fastq.gz	424673376
data/NA12878/NIST_NA12878_HG001_HiSeq_300x/140407_D00360_0017_BH947YADXX/Project_RM8398/Sample_U0b/U0b_TGACCA_L002_R2_001.fastq.gz	534219863
data/NA12878/NIST_NA12878_HG001_HiSeq_300x/140407_D00360_0017_BH947YADXX/Project_RM8398/Sample_U0b/U0b_TGACCA_L002_R2_002.fastq.gz	542318048
data/NA12878/NIST_NA12878_HG001_HiSeq_300x/140407_D00360_0017_BH947YADXX/Project_RM8398/Sample_U0b/U0b_TGACCA_L002_R2_003.fastq.gz	532639392
data/NA12878/NIST_NA12878_HG001_HiSeq_300x/140407_D00360_0017_BH947YADXX/Project_RM8398/Sample_U0b/U0b_TGACCA_L002_R2_004.fastq.gz	534826990
data/NA12878/NIST_NA12878_HG001_HiSeq_300x/140407_D00360_0017_BH947YADXX/Project_RM8398/Sample_U0b/U0b_TGACCA_L002_R2_005.fastq.gz	465889295
data/NA12878/NIST_NA12878_HG001_HiSeq_300x/140407_D00360_0017_BH947YADXX/Project_RM8398/Sample_U0c/SampleSheet.csv	157
data/NA12878/NIST_NA12878_HG001_HiSeq_300x/140407_D00360_0017_BH947YADXX/Project_RM8398/Sample_U0c/U0c_CAGATC_L001_R1_001.fastq.gz	491550091
data/NA12878/NIST_NA12878_HG001_HiSeq_300x/140407_D00360_0017_BH947YADXX/Project_RM8398/Sample_U0c/U0c_CAGATC_L001_R1_002.fastq.gz	495818988
data/NA12878/NIST_NA12878_HG001_HiSeq_300x/140407_D00360_0017_BH947YADXX/Project_RM8398/Sample_U0c/U0c_CAGATC_L001_R1_003.fastq.gz	496401295
data/NA12878/NIST_NA12878_HG001_HiSeq_300x/140407_D00360_0017_BH947YADXX/Project_RM8398/Sample_U0c/U0c_CAGATC_L001_R1_004.fastq.gz	495511034
data/NA12878/NIST_NA12878_HG001_HiSeq_300x/140407_D00360_0017_BH947YADXX/Project_RM8398/Sample_U0c/U0c_CAGATC_L001_R1_005.fastq.gz	492119974
data/NA12878/NIST_NA12878_HG001_HiSeq_300x/140407_D00360_0017_BH947YADXX/Project_RM8398/Sample_U0c/U0c_CAGATC_L001_R1_006.fastq.gz	20749130
data/NA12878/NIST_NA12878_HG001_HiSeq_300x/140407_D00360_0017_BH947YADXX/Project_RM8398/Sample_U0c/U0c_CAGATC_L001_R2_001.fastq.gz	536300843
data/NA12878/NIST_NA12878_HG001_HiSeq_300x/140407_D00360_0017_BH947YADXX/Project_RM8398/Sample_U0c/U0c_CAGATC_L001_R2_002.fastq.gz	540706147
data/NA12878/NIST_NA12878_HG001_HiSeq_300x/140407_D00360_0017_BH947YADXX/Project_RM8398/Sample_U0c/U0c_CAGATC_L001_R2_003.fastq.gz	537215109
data/NA12878/NIST_NA12878_HG001_HiSeq_300x/140407_D00360_0017_BH947YADXX/Project_RM8398/Sample_U0c/U0c_CAGATC_L001_R2_004.fastq.gz	536269989
data/NA12878/NIST_NA12878_HG001_HiSeq_300x/140407_D00360_0017_BH947YADXX/Project_RM8398/Sample_U0c/U0c_CAGATC_L001_R2_005.fastq.gz	536429249
data/NA12878/NIST_NA12878_HG001_HiSeq_300x/140407_D00360_0017_BH947YADXX/Project_RM8398/Sample_U0c/U0c_CAGATC_L001_R2_006.fastq.gz	21946963
data/NA12878/NIST_NA12878_HG001_HiSeq_300x/140407_D00360_0017_BH947YADXX/Project_RM8398/Sample_U0c/U0c_CAGATC_L002_R1_001.fastq.gz	492102643
data/NA12878/NIST_NA12878_HG001_HiSeq_300x/140407_D00360_0017_BH947YADXX/Project_RM8398/Sample_U0c/U0c_CAGATC_L002_R1_002.fastq.gz	497729459
data/NA12878/NIST_NA12878_HG001_HiSeq_300x/140407_D00360_0017_BH947YADXX/Project_RM8398/Sample_U0c/U0c_CAGATC_L002_R1_003.fastq.gz	493023266
data/NA12878/NIST_NA12878_HG001_HiSeq_300x/140407_D00360_0017_BH947YADXX/Project_RM8398/Sample_U0c/U0c_CAGATC_L002_R1_004.fastq.gz	494709621
data/NA12878/NIST_NA12878_HG001_HiSeq_300x/140407_D00360_0017_BH947YADXX/Project_RM8398/Sample_U0c/U0c_CAGATC_L002_R1_005.fastq.gz	495415587
data/NA12878/NIST_NA12878_HG001_HiSeq_300x/140407_D00360_0017_BH947YADXX/Project_RM8398/Sample_U0c/U0c_CAGATC_L002_R1_006.fastq.gz	495455
data/NA12878/NIST_NA12878_HG001_HiSeq_300x/140407_D00360_0017_BH947YADXX/Project_RM8398/Sample_U0c/U0c_CAGATC_L002_R2_001.fastq.gz	537811152
data/NA12878/NIST_NA12878_HG001_HiSeq_300x/140407_D00360_0017_BH947YADXX/Project_RM8398/Sample_U0c/U0c_CAGATC_L002_R2_002.fastq.gz	545525851
data/NA12878/NIST_NA12878_HG001_HiSeq_300x/140407_D00360_0017_BH947YADXX/Project_RM8398/Sample_U0c/U0c_CAGATC_L002_R2_003.fastq.gz	536183703
data/NA12878/NIST_NA12878_HG001_HiSeq_300x/140407_D00360_0017_BH947YADXX/Project_RM8398/Sample_U0c/U0c_CAGATC_L002_R2_004.fastq.gz	537139890
data/NA12878/NIST_NA12878_HG001_HiSeq_300x/140407_D00360_0017_BH947YADXX/Project_RM8398/Sample_U0c/U0c_CAGATC_L002_R2_005.fastq.gz	539620629
data/NA12878/NIST_NA12878_HG001_HiSeq_300x/140407_D00360_0017_BH947YADXX/Project_RM8398/Sample_U0c/U0c_CAGATC_L002_R2_006.fastq.gz	528970
data/NA12878/NIST_NA12878_HG001_HiSeq_300x/140407_D00360_0017_BH947YADXX/Project_RM8398/Sample_U5a/SampleSheet.csv	157
data/NA12878/NIST_NA12878_HG001_HiSeq_300x/140407_D00360_0017_BH947YADXX/Project_RM8398/Sample_U5a/U5a_AGTCAA_L001_R1_001.fastq.gz	486965504
data/NA12878/NIST_NA12878_HG001_HiSeq_300x/140407_D00360_0017_BH947YADXX/Project_RM8398/Sample_U5a/U5a_AGTCAA_L001_R1_002.fastq.gz	492174715
data/NA12878/NIST_NA12878_HG001_HiSeq_300x/140407_D00360_0017_BH947YADXX/Project_RM8398/Sample_U5a/U5a_AGTCAA_L001_R1_003.fastq.gz	492554830
data/NA12878/NIST_NA12878_HG001_HiSeq_300x/140407_D00360_0017_BH947YADXX/Project_RM8398/Sample_U5a/U5a_AGTCAA_L001_R1_004.fastq.gz	490129957
data/NA12878/NIST_NA12878_HG001_HiSeq_300x/140407_D00360_0017_BH947YADXX/Project_RM8398/Sample_U5a/U5a_AGTCAA_L001_R1_005.fastq.gz	486782872
data/NA12878/NIST_NA12878_HG001_HiSeq_300x/140407_D00360_0017_BH947YADXX/Project_RM8398/Sample_U5a/U5a_AGTCAA_L001_R1_006.fastq.gz	115087973
data/NA12878/NIST_NA12878_HG001_HiSeq_300x/140407_D00360_0017_BH947YADXX/Project_RM8398/Sample_U5a/U5a_AGTCAA_L001_R2_001.fastq.gz	538067721
data/NA12878/NIST_NA12878_HG001_HiSeq_300x/140407_D00360_0017_BH947YADXX/Project_RM8398/Sample_U5a/U5a_AGTCAA_L001_R2_002.fastq.gz	542034557
data/NA12878/NIST_NA12878_HG001_HiSeq_300x/140407_D00360_0017_BH947YADXX/Project_RM8398/Sample_U5a/U5a_AGTCAA_L001_R2_003.fastq.gz	538749333
data/NA12878/NIST_NA12878_HG001_HiSeq_300x/140407_D00360_0017_BH947YADXX/Project_RM8398/Sample_U5a/U5a_AGTCAA_L001_R2_004.fastq.gz	536889572
data/NA12878/NIST_NA12878_HG001_HiSeq_300x/140407_D00360_0017_BH947YADXX/Project_RM8398/Sample_U5a/U5a_AGTCAA_L001_R2_005.fastq.gz	538717484
data/NA12878/NIST_NA12878_HG001_HiSeq_300x/140407_D00360_0017_BH947YADXX/Project_RM8398/Sample_U5a/U5a_AGTCAA_L001_R2_006.fastq.gz	124148385
data/NA12878/NIST_NA12878_HG001_HiSeq_300x/140407_D00360_0017_BH947YADXX/Project_RM8398/Sample_U5a/U5a_AGTCAA_L002_R1_001.fastq.gz	487628952
data/NA12878/NIST_NA12878_HG001_HiSeq_300x/140407_D00360_0017_BH947YADXX/Project_RM8398/Sample_U5a/U5a_AGTCAA_L002_R1_002.fastq.gz	493636482
data/NA12878/NIST_NA12878_HG001_HiSeq_300x/140407_D00360_0017_BH947YADXX/Project_RM8398/Sample_U5a/U5a_AGTCAA_L002_R1_003.fastq.gz	489159820
data/NA12878/NIST_NA12878_HG001_HiSeq_300x/140407_D00360_0017_BH947YADXX/Project_RM8398/Sample_U5a/U5a_AGTCAA_L002_R1_004.fastq.gz	489981472
data/NA12878/NIST_NA12878_HG001_HiSeq_300x/140407_D00360_0017_BH947YADXX/Project_RM8398/Sample_U5a/U5a_AGTCAA_L002_R1_005.fastq.gz	489063633
data/NA12878/NIST_NA12878_HG001_HiSeq_300x/140407_D00360_0017_BH947YADXX/Project_RM8398/Sample_U5a/U5a_AGTCAA_L002_R1_006.fastq.gz	68856872
data/NA12878/NIST_NA12878_HG001_HiSeq_300x/140407_D00360_0017_BH947YADXX/Project_RM8398/Sample_U5a/U5a_AGTCAA_L002_R2_001.fastq.gz	538467809
data/NA12878/NIST_NA12878_HG001_HiSeq_300x/140407_D00360_0017_BH947YADXX/Project_RM8398/Sample_U5a/U5a_AGTCAA_L002_R2_002.fastq.gz	546440806
data/NA12878/NIST_NA12878_HG001_HiSeq_300x/140407_D00360_0017_BH947YADXX/Project_RM8398/Sample_U5a/U5a_AGTCAA_L002_R2_003.fastq.gz	537681692
data/NA12878/NIST_NA12878_HG001_HiSeq_300x/140407_D00360_0017_BH947YADXX/Project_RM8398/Sample_U5a/U5a_AGTCAA_L002_R2_004.fastq.gz	536999134
data/NA12878/NIST_NA12878_HG001_HiSeq_300x/140407_D00360_0017_BH947YADXX/Project_RM8398/Sample_U5a/U5a_AGTCAA_L002_R2_005.fastq.gz	540675275
data/NA12878/NIST_NA12878_HG001_HiSeq_300x/140407_D00360_0017_BH947YADXX/Project_RM8398/Sample_U5a/U5a_AGTCAA_L002_R2_006.fastq.gz	74124673
data/NA12878/NIST_NA12878_HG001_HiSeq_300x/140407_D00360_0017_BH947YADXX/Project_RM8398/Sample_U5b/SampleSheet.csv	157
data/NA12878/NIST_NA12878_HG001_HiSeq_300x/140407_D00360_0017_BH947YADXX/Project_RM8398/Sample_U5b/U5b_AGTTCC_L001_R1_001.fastq.gz	481372697
data/NA12878/NIST_NA12878_HG001_HiSeq_300x/140407_D00360_0017_BH947YADXX/Project_RM8398/Sample_U5b/U5b_AGTTCC_L001_R1_002.fastq.gz	484607520
data/NA12878/NIST_NA12878_HG001_HiSeq_300x/140407_D00360_0017_BH947YADXX/Project_RM8398/Sample_U5b/U5b_AGTTCC_L001_R1_003.fastq.gz	484720058
data/NA12878/NIST_NA12878_HG001_HiSeq_300x/140407_D00360_0017_BH947YADXX/Project_RM8398/Sample_U5b/U5b_AGTTCC_L001_R1_004.fastq.gz	482828823
data/NA12878/NIST_NA12878_HG001_HiSeq_300x/140407_D00360_0017_BH947YADXX/Project_RM8398/Sample_U5b/U5b_AGTTCC_L001_R1_005.fastq.gz	323235929
data/NA12878/NIST_NA12878_HG001_HiSeq_300x/140407_D00360_0017_BH947YADXX/Project_RM8398/Sample_U5b/U5b_AGTTCC_L001_R2_001.fastq.gz	511068329
data/NA12878/NIST_NA12878_HG001_HiSeq_300x/140407_D00360_0017_BH947YADXX/Project_RM8398/Sample_U5b/U5b_AGTTCC_L001_R2_002.fastq.gz	515472751
data/NA12878/NIST_NA12878_HG001_HiSeq_300x/140407_D00360_0017_BH947YADXX/Project_RM8398/Sample_U5b/U5b_AGTTCC_L001_R2_003.fastq.gz	511757829
data/NA12878/NIST_NA12878_HG001_HiSeq_300x/140407_D00360_0017_BH947YADXX/Project_RM8398/Sample_U5b/U5b_AGTTCC_L001_R2_004.fastq.gz	510722567
data/NA12878/NIST_NA12878_HG001_HiSeq_300x/140407_D00360_0017_BH947YADXX/Project_RM8398/Sample_U5b/U5b_AGTTCC_L001_R2_005.fastq.gz	342113159
data/NA12878/NIST_NA12878_HG001_HiSeq_300x/140407_D00360_0017_BH947YADXX/Project_RM8398/Sample_U5b/U5b_AGTTCC_L002_R1_001.fastq.gz	481860613
data/NA12878/NIST_NA12878_HG001_HiSeq_300x/140407_D00360_0017_BH947YADXX/Project_RM8398/Sample_U5b/U5b_AGTTCC_L002_R1_002.fastq.gz	485874507
data/NA12878/NIST_NA12878_HG001_HiSeq_300x/140407_D00360_0017_BH947YADXX/Project_RM8398/Sample_U5b/U5b_AGTTCC_L002_R1_003.fastq.gz	481154332
data/NA12878/NIST_NA12878_HG001_HiSeq_300x/140407_D00360_0017_BH947YADXX/Project_RM8398/Sample_U5b/U5b_AGTTCC_L002_R1_004.fastq.gz	484413481
data/NA12878/NIST_NA12878_HG001_HiSeq_300x/140407_D00360_0017_BH947YADXX/Project_RM8398/Sample_U5b/U5b_AGTTCC_L002_R1_005.fastq.gz	286246217
data/NA12878/NIST_NA12878_HG001_HiSeq_300x/140407_D00360_0017_BH947YADXX/Project_RM8398/Sample_U5b/U5b_AGTTCC_L002_R2_001.fastq.gz	512563017
data/NA12878/NIST_NA12878_HG001_HiSeq_300x/140407_D00360_0017_BH947YADXX/Project_RM8398/Sample_U5b/U5b_AGTTCC_L002_R2_002.fastq.gz	520493653
data/NA12878/NIST_NA12878_HG001_HiSeq_300x/140407_D00360_0017_BH947YADXX/Project_RM8398/Sample_U5b/U5b_AGTTCC_L002_R2_003.fastq.gz	510262019
data/NA12878/NIST_NA12878_HG001_HiSeq_300x/140407_D00360_0017_BH947YADXX/Project_RM8398/Sample_U5b/U5b_AGTTCC_L002_R2_004.fastq.gz	515623625
data/NA12878/NIST_NA12878_HG001_HiSeq_300x/140407_D00360_0017_BH947YADXX/Project_RM8398/Sample_U5b/U5b_AGTTCC_L002_R2_005.fastq.gz	301763013
data/NA12878/NIST_NA12878_HG001_HiSeq_300x/140407_D00360_0017_BH947YADXX/Project_RM8398/Sample_U5c/SampleSheet.csv	157
data/NA12878/NIST_NA12878_HG001_HiSeq_300x/140407_D00360_0017_BH947YADXX/Project_RM8398/Sample_U5c/U5c_CCGTCC_L001_R1_001.fastq.gz	487611787
data/NA12878/NIST_NA12878_HG001_HiSeq_300x/140407_D00360_0017_BH947YADXX/Project_RM8398/Sample_U5c/U5c_CCGTCC_L001_R1_002.fastq.gz	494154239
data/NA12878/NIST_NA12878_HG001_HiSeq_300x/140407_D00360_0017_BH947YADXX/Project_RM8398/Sample_U5c/U5c_CCGTCC_L001_R1_003.fastq.gz	493597944
data/NA12878/NIST_NA12878_HG001_HiSeq_300x/140407_D00360_0017_BH947YADXX/Project_RM8398/Sample_U5c/U5c_CCGTCC_L001_R1_004.fastq.gz	491415370
data/NA12878/NIST_NA12878_HG001_HiSeq_300x/140407_D00360_0017_BH947YADXX/Project_RM8398/Sample_U5c/U5c_CCGTCC_L001_R1_005.fastq.gz	490340846
data/NA12878/NIST_NA12878_HG001_HiSeq_300x/140407_D00360_0017_BH947YADXX/Project_RM8398/Sample_U5c/U5c_CCGTCC_L001_R1_006.fastq.gz	334193458
data/NA12878/NIST_NA12878_HG001_HiSeq_300x/140407_D00360_0017_BH947YADXX/Project_RM8398/Sample_U5c/U5c_CCGTCC_L001_R2_001.fastq.gz	546806668
data/NA12878/NIST_NA12878_HG001_HiSeq_300x/140407_D00360_0017_BH947YADXX/Project_RM8398/Sample_U5c/U5c_CCGTCC_L001_R2_002.fastq.gz	549581871
data/NA12878/NIST_NA12878_HG001_HiSeq_300x/140407_D00360_0017_BH947YADXX/Project_RM8398/Sample_U5c/U5c_CCGTCC_L001_R2_003.fastq.gz	547682639
data/NA12878/NIST_NA12878_HG001_HiSeq_300x/140407_D00360_0017_BH947YADXX/Project_RM8398/Sample_U5c/U5c_CCGTCC_L001_R2_004.fastq.gz	545755882
data/NA12878/NIST_NA12878_HG001_HiSeq_300x/140407_D00360_0017_BH947YADXX/Project_RM8398/Sample_U5c/U5c_CCGTCC_L001_R2_005.fastq.gz	546641209
data/NA12878/NIST_NA12878_HG001_HiSeq_300x/140407_D00360_0017_BH947YADXX/Project_RM8398/Sample_U5c/U5c_CCGTCC_L001_R2_006.fastq.gz	369309890
data/NA12878/NIST_NA12878_HG001_HiSeq_300x/140407_D00360_0017_BH947YADXX/Project_RM8398/Sample_U5c/U5c_CCGTCC_L002_R1_001.fastq.gz	488644091
data/NA12878/NIST_NA12878_HG001_HiSeq_300x/140407_D00360_0017_BH947YADXX/Project_RM8398/Sample_U5c/U5c_CCGTCC_L002_R1_002.fastq.gz	495771604
data/NA12878/NIST_NA12878_HG001_HiSeq_300x/140407_D00360_0017_BH947YADXX/Project_RM8398/Sample_U5c/U5c_CCGTCC_L002_R1_003.fastq.gz	492469868
data/NA12878/NIST_NA12878_HG001_HiSeq_300x/140407_D00360_0017_BH947YADXX/Project_RM8398/Sample_U5c/U5c_CCGTCC_L002_R1_004.fastq.gz	487827478
data/NA12878/NIST_NA12878_HG001_HiSeq_300x/140407_D00360_0017_BH947YADXX/Project_RM8398/Sample_U5c/U5c_CCGTCC_L002_R1_005.fastq.gz	492295029
data/NA12878/NIST_NA12878_HG001_HiSeq_300x/140407_D00360_0017_BH947YADXX/Project_RM8398/Sample_U5c/U5c_CCGTCC_L002_R1_006.fastq.gz	292713003
data/NA12878/NIST_NA12878_HG001_HiSeq_300x/140407_D00360_0017_BH947YADXX/Project_RM8398/Sample_U5c/U5c_CCGTCC_L002_R2_001.fastq.gz	547342615
data/NA12878/NIST_NA12878_HG001_HiSeq_300x/140407_D00360_0017_BH947YADXX/Project_RM8398/Sample_U5c/U5c_CCGTCC_L002_R2_002.fastq.gz	553976910
data/NA12878/NIST_NA12878_HG001_HiSeq_300x/140407_D00360_0017_BH947YADXX/Project_RM8398/Sample_U5c/U5c_CCGTCC_L002_R2_003.fastq.gz	547538451
data/NA12878/NIST_NA12878_HG001_HiSeq_300x/140407_D00360_0017_BH947YADXX/Project_RM8398/Sample_U5c/U5c_CCGTCC_L002_R2_004.fastq.gz	543438729
data/NA12878/NIST_NA12878_HG001_HiSeq_300x/140407_D00360_0017_BH947YADXX/Project_RM8398/Sample_U5c/U5c_CCGTCC_L002_R2_005.fastq.gz	551271692
data/NA12878/NIST_NA12878_HG001_HiSeq_300x/140407_D00360_0017_BH947YADXX/Project_RM8398/Sample_U5c/U5c_CCGTCC_L002_R2_006.fastq.gz	321840599
data/NA12878/NIST_NA12878_HG001_HiSeq_300x/HG001-part2.md5	64161
data/NA12878/NIST_NA12878_HG001_HiSeq_300x/HG001_part1.md5	221066
data/NA12878/NIST_NA12878_HG001_HiSeq_300x/NHGRI_Illumina300X_novoalign_bams/HG001.GRCh38_full_plus_hs38d1_analysis_set_minus_alts.300x.bam	589702020566
data/NA12878/NIST_NA12878_HG001_HiSeq_300x/NHGRI_Illumina300X_novoalign_bams/HG001.GRCh38_full_plus_hs38d1_analysis_set_minus_alts.300x.bam.bai	12006264
data/NA12878/NIST_NA12878_HG001_HiSeq_300x/NHGRI_Illumina300X_novoalign_bams/HG001.hs37d5.300x.bam	588649597295
data/NA12878/NIST_NA12878_HG001_HiSeq_300x/NHGRI_Illumina300X_novoalign_bams/HG001.hs37d5.300x.bam.bai	11616440
data/NA12878/NIST_NA12878_HG001_HiSeq_300x/NHGRI_Illumina300X_novoalign_bams/README	1011
data/NA12878/NIST_NA12878_HG001_HiSeq_300x/NHGRI_Illumina300X_novoalign_bams/novobam.HG001.md5sum	314
data/NA12878/NIST_NA12878_HG001_HiSeq_300x/README_NIST_Illumina_pairedend_NA12878.txt	4810
data/NA12878/NIST_NA12878_HG001_HiSeq_300x/RMNISTHS_30xdownsample.bam	158166081112
data/NA12878/NIST_NA12878_HG001_HiSeq_300x/RMNISTHS_30xdownsample.bam.bai	8787856
