data_somatic/HG008/Liss_lab/Arima_HiC-ILMN_20240112/GIAB_deepQC.xlsx	9796
data_somatic/HG008/Liss_lab/Arima_HiC-ILMN_20240112/HG008-N-D_HiC-Arima_ILMN-2x150_R1.fastq.gz	79374269168
data_somatic/HG008/Liss_lab/Arima_HiC-ILMN_20240112/HG008-N-D_HiC-Arima_ILMN-2x150_R2.fastq.gz	81889851065
data_somatic/HG008/Liss_lab/Arima_HiC-ILMN_20240112/HG008-T_HiC-Arima_ILMN-2x150_R1.fastq.gz	78101726185
data_somatic/HG008/Liss_lab/Arima_HiC-ILMN_20240112/HG008-T_HiC-Arima_ILMN-2x150_R2.fastq.gz	81585813332
data_somatic/HG008/Liss_lab/Arima_HiC-ILMN_20240112/README_Arima.md	11968
data_somatic/HG008/Liss_lab/Arima_HiC-ILMN_20240112/checksums.md5	355
data_somatic/HG008/Liss_lab/Bionano_OpticalMapping_20231019/.MGH3066_Molecules_400x.cmap	12386042
data_somatic/HG008/Liss_lab/Bionano_OpticalMapping_20231019/MGH3066_Molecules_400x.bnx.gz	2824112858
data_somatic/HG008/Liss_lab/Bionano_OpticalMapping_20231019/MGH3066_Molecules_400x.cmap	8628175
data_somatic/HG008/Liss_lab/Bionano_OpticalMapping_20231019/MGH3066_Molecules_400x_noPmap.cmap	11617915
data_somatic/HG008/Liss_lab/Bionano_OpticalMapping_20231019/README_Bionano.md	12692
data_somatic/HG008/Liss_lab/Bionano_OpticalMapping_20231019/checksums.md5.txt	124
data_somatic/HG008/Liss_lab/Bioskryb_ResolveDNA_20230914/.DS_Store	6148
data_somatic/HG008/Liss_lab/Bioskryb_ResolveDNA_20230914/091423_Bioskryb_Final_Report.pdf	809534
data_somatic/HG008/Liss_lab/Bioskryb_ResolveDNA_20230914/HG008-T_Bioskryb_120cells_QC1X_fastqs.tar.gz	14679654156
data_somatic/HG008/Liss_lab/Bioskryb_ResolveDNA_20230914/HG008-T_Bioskryb_120cells_QC1X_fastqs_orig.tar.gz	14679654958
data_somatic/HG008/Liss_lab/Bioskryb_ResolveDNA_20230914/HG008-T_Bioskryb_120cells_QC1X_primary-data.tar.gz	102852754
data_somatic/HG008/Liss_lab/Bioskryb_ResolveDNA_20230914/HG008-T_Bioskryb_120cells_QC1X_secondary-analysis.tar.gz	14214273206
data_somatic/HG008/Liss_lab/Bioskryb_ResolveDNA_20230914/README_Bioskryb.md	11666
data_somatic/HG008/Liss_lab/Bioskryb_ResolveDNA_20230914/checksums.md5	378
data_somatic/HG008/Liss_lab/Element-AVITI-20241216/HG008-N-D_Element-StdInsert_77x_CHM13v2.0.bam	164546570282
data_somatic/HG008/Liss_lab/Element-AVITI-20241216/HG008-N-D_Element-StdInsert_77x_CHM13v2.0.bam.bai	9481400
data_somatic/HG008/Liss_lab/Element-AVITI-20241216/HG008-N-D_Element-StdInsert_77x_GRCh37.bam	165039506735
data_somatic/HG008/Liss_lab/Element-AVITI-20241216/HG008-N-D_Element-StdInsert_77x_GRCh37.bam.bai	9057360
data_somatic/HG008/Liss_lab/Element-AVITI-20241216/HG008-N-D_Element-StdInsert_77x_GRCh38-GIABv3.bam	165897798911
data_somatic/HG008/Liss_lab/Element-AVITI-20241216/HG008-N-D_Element-StdInsert_77x_GRCh38-GIABv3.bam.bai	9245248
data_somatic/HG008/Liss_lab/Element-AVITI-20241216/HG008-N-D_fastqs/AL-L010_HG008-N-D_POR_R1.fastq.gz	103808612356
data_somatic/HG008/Liss_lab/Element-AVITI-20241216/HG008-N-D_fastqs/AL-L010_HG008-N-D_POR_R2.fastq.gz	100899596098
data_somatic/HG008/Liss_lab/Element-AVITI-20241216/HG008-N-P_Element-StdInsert_70x_CHM13v2.0.bam	164512768484
data_somatic/HG008/Liss_lab/Element-AVITI-20241216/HG008-N-P_Element-StdInsert_70x_CHM13v2.0.bam.bai	9510960
data_somatic/HG008/Liss_lab/Element-AVITI-20241216/HG008-N-P_Element-StdInsert_70x_GRCh37.bam	164978670031
data_somatic/HG008/Liss_lab/Element-AVITI-20241216/HG008-N-P_Element-StdInsert_70x_GRCh37.bam.bai	9101456
data_somatic/HG008/Liss_lab/Element-AVITI-20241216/HG008-N-P_Element-StdInsert_70x_GRCh38-GIABv3.bam	165707623022
data_somatic/HG008/Liss_lab/Element-AVITI-20241216/HG008-N-P_Element-StdInsert_70x_GRCh38-GIABv3.bam.bai	9261320
data_somatic/HG008/Liss_lab/Element-AVITI-20241216/HG008-N-P_fastqs/HG008-NP_R1.fastq.gz	105162368213
data_somatic/HG008/Liss_lab/Element-AVITI-20241216/HG008-N-P_fastqs/HG008-NP_R2.fastq.gz	95511841194
data_somatic/HG008/Liss_lab/Element-AVITI-20241216/HG008-T_Element-StdInsert_111x_CHM13v2.0.bam	154982319014
data_somatic/HG008/Liss_lab/Element-AVITI-20241216/HG008-T_Element-StdInsert_111x_CHM13v2.0.bam.bai	9386904
data_somatic/HG008/Liss_lab/Element-AVITI-20241216/HG008-T_Element-StdInsert_111x_GRCh37.bam	155374651752
data_somatic/HG008/Liss_lab/Element-AVITI-20241216/HG008-T_Element-StdInsert_111x_GRCh37.bam.bai	8984704
data_somatic/HG008/Liss_lab/Element-AVITI-20241216/HG008-T_Element-StdInsert_111x_GRCh38-GIABv3.bam	156074456660
data_somatic/HG008/Liss_lab/Element-AVITI-20241216/HG008-T_Element-StdInsert_111x_GRCh38-GIABv3.bam.bai	9146648
data_somatic/HG008/Liss_lab/Element-AVITI-20241216/HG008-T_fastqs/AL-L009_R1.fastq.gz	98344085367
data_somatic/HG008/Liss_lab/Element-AVITI-20241216/HG008-T_fastqs/AL-L009_R2.fastq.gz	96970441084
data_somatic/HG008/Liss_lab/Element-AVITI-20241216/README_Element_20241216.md	20613
data_somatic/HG008/Liss_lab/Element-AVITI-20241216/checksum.md5	1947
data_somatic/HG008/Liss_lab/Element_AVITI_20240118/CHM13v2.0_noPARmasking_CHM13mito/HG008-N-D_Element-StdInsert_61x_CHM13v2.0.bam	93623587965
data_somatic/HG008/Liss_lab/Element_AVITI_20240118/CHM13v2.0_noPARmasking_CHM13mito/HG008-N-D_Element-StdInsert_61x_CHM13v2.0.bam.bai	9361272
data_somatic/HG008/Liss_lab/Element_AVITI_20240118/CHM13v2.0_noPARmasking_CHM13mito/HG008-T_Element-StdInsert_87x_CHM13v2.0.bam	99493703603
data_somatic/HG008/Liss_lab/Element_AVITI_20240118/CHM13v2.0_noPARmasking_CHM13mito/HG008-T_Element-StdInsert_87x_CHM13v2.0.bam.bai	9326232
data_somatic/HG008/Liss_lab/Element_AVITI_20240118/HG008-N-D_Element-StdInsert_2x150_R1.fastq.gz	63968151606
data_somatic/HG008/Liss_lab/Element_AVITI_20240118/HG008-N-D_Element-StdInsert_2x150_R2.fastq.gz	58926746622
data_somatic/HG008/Liss_lab/Element_AVITI_20240118/HG008-N-D_Element-StdInsert_61x_GRCh37.bam	93998514420
data_somatic/HG008/Liss_lab/Element_AVITI_20240118/HG008-N-D_Element-StdInsert_61x_GRCh37.bam.bai	8936528
data_somatic/HG008/Liss_lab/Element_AVITI_20240118/HG008-N-D_Element-StdInsert_61x_GRCh38-GIABv3.bam	94706484436
data_somatic/HG008/Liss_lab/Element_AVITI_20240118/HG008-N-D_Element-StdInsert_61x_GRCh38-GIABv3.bam.bai	9099672
data_somatic/HG008/Liss_lab/Element_AVITI_20240118/HG008-T_Element-StdInsert_2x150_R1.fastq.gz	67608505618
data_somatic/HG008/Liss_lab/Element_AVITI_20240118/HG008-T_Element-StdInsert_2x150_R2.fastq.gz	61895125953
data_somatic/HG008/Liss_lab/Element_AVITI_20240118/HG008-T_Element-StdInsert_87x_GRCh37.bam	99811083517
data_somatic/HG008/Liss_lab/Element_AVITI_20240118/HG008-T_Element-StdInsert_87x_GRCh37.bam.bai	8922576
data_somatic/HG008/Liss_lab/Element_AVITI_20240118/HG008-T_Element-StdInsert_87x_GRCh38-GIABv3.bam	100354261699
data_somatic/HG008/Liss_lab/Element_AVITI_20240118/HG008-T_Element-StdInsert_87x_GRCh38-GIABv3.bam.bai	9065504
data_somatic/HG008/Liss_lab/Element_AVITI_20240118/MAXQ-0195_QC.html	1699418
data_somatic/HG008/Liss_lab/Element_AVITI_20240118/MAXQ-0196_QC.html	1703900
data_somatic/HG008/Liss_lab/Element_AVITI_20240118/README_Element_20240118.md	21738
data_somatic/HG008/Liss_lab/Element_AVITI_20240118/checksums.md5	1502
data_somatic/HG008/Liss_lab/Element_AVITI_20240626/HG008-N-D_Element-LngInsert_27x_CHM13v2.0.bam	56062037662
data_somatic/HG008/Liss_lab/Element_AVITI_20240626/HG008-N-D_Element-LngInsert_27x_CHM13v2.0.bam.bai	9248544
data_somatic/HG008/Liss_lab/Element_AVITI_20240626/HG008-N-D_Element-LngInsert_27x_GRCh37.bam	56269963766
data_somatic/HG008/Liss_lab/Element_AVITI_20240626/HG008-N-D_Element-LngInsert_27x_GRCh37.bam.bai	8832840
data_somatic/HG008/Liss_lab/Element_AVITI_20240626/HG008-N-D_Element-LngInsert_27x_GRCh38-GIABv3.bam	56677176992
data_somatic/HG008/Liss_lab/Element_AVITI_20240626/HG008-N-D_Element-LngInsert_27x_GRCh38-GIABv3.bam.bai	8948944
data_somatic/HG008/Liss_lab/Element_AVITI_20240626/HG008-N-D_Element-StdInsert_72x_CHM13v2.0.bam	152579764557
data_somatic/HG008/Liss_lab/Element_AVITI_20240626/HG008-N-D_Element-StdInsert_72x_CHM13v2.0.bam.bai	9541800
data_somatic/HG008/Liss_lab/Element_AVITI_20240626/HG008-N-D_Element-StdInsert_72x_GRCh37.bam	153012683509
data_somatic/HG008/Liss_lab/Element_AVITI_20240626/HG008-N-D_Element-StdInsert_72x_GRCh37.bam.bai	9118832
data_somatic/HG008/Liss_lab/Element_AVITI_20240626/HG008-N-D_Element-StdInsert_72x_GRCh38-GIABv3.bam	153818251524
data_somatic/HG008/Liss_lab/Element_AVITI_20240626/HG008-N-D_Element-StdInsert_72x_GRCh38-GIABv3.bam.bai	9304032
data_somatic/HG008/Liss_lab/Element_AVITI_20240626/HG008-N-P_Element-LngInsert_19x_CHM13v2.0.bam	41284948915
data_somatic/HG008/Liss_lab/Element_AVITI_20240626/HG008-N-P_Element-LngInsert_19x_CHM13v2.0.bam.bai	9207888
data_somatic/HG008/Liss_lab/Element_AVITI_20240626/HG008-N-P_Element-LngInsert_19x_GRCh37.bam	41437522822
data_somatic/HG008/Liss_lab/Element_AVITI_20240626/HG008-N-P_Element-LngInsert_19x_GRCh37.bam.bai	8801208
data_somatic/HG008/Liss_lab/Element_AVITI_20240626/HG008-N-P_Element-LngInsert_19x_GRCh38-GIABv3.bam	41731051669
data_somatic/HG008/Liss_lab/Element_AVITI_20240626/HG008-N-P_Element-LngInsert_19x_GRCh38-GIABv3.bam.bai	8908648
data_somatic/HG008/Liss_lab/Element_AVITI_20240626/HG008-N-P_Element-StdInsert_70x_CHM13v2.0.bam	143930779452
data_somatic/HG008/Liss_lab/Element_AVITI_20240626/HG008-N-P_Element-StdInsert_70x_CHM13v2.0.bam.bai	9611808
data_somatic/HG008/Liss_lab/Element_AVITI_20240626/HG008-N-P_Element-StdInsert_70x_GRCh37.bam	144364239334
data_somatic/HG008/Liss_lab/Element_AVITI_20240626/HG008-N-P_Element-StdInsert_70x_GRCh37.bam.bai	9199760
data_somatic/HG008/Liss_lab/Element_AVITI_20240626/HG008-N-P_Element-StdInsert_70x_GRCh38-GIABv3.bam	145175482077
data_somatic/HG008/Liss_lab/Element_AVITI_20240626/HG008-N-P_Element-StdInsert_70x_GRCh38-GIABv3.bam.bai	9400208
data_somatic/HG008/Liss_lab/Element_AVITI_20240626/HG008-T_Element-LngInsert_31x_CHM13v2.0.bam	45070636507
data_somatic/HG008/Liss_lab/Element_AVITI_20240626/HG008-T_Element-LngInsert_31x_CHM13v2.0.bam.bai	9146840
data_somatic/HG008/Liss_lab/Element_AVITI_20240626/HG008-T_Element-LngInsert_31x_GRCh37.bam	45201204791
data_somatic/HG008/Liss_lab/Element_AVITI_20240626/HG008-T_Element-LngInsert_31x_GRCh37.bam.bai	8784928
data_somatic/HG008/Liss_lab/Element_AVITI_20240626/HG008-T_Element-LngInsert_31x_GRCh38-GIABv3.bam	45418558737
data_somatic/HG008/Liss_lab/Element_AVITI_20240626/HG008-T_Element-LngInsert_31x_GRCh38-GIABv3.bam.bai	8879384
data_somatic/HG008/Liss_lab/Element_AVITI_20240626/HG008-T_Element-StdInsert_102x_CHM13v2.0.bam	143281037502
data_somatic/HG008/Liss_lab/Element_AVITI_20240626/HG008-T_Element-StdInsert_102x_CHM13v2.0.bam.bai	9566080
data_somatic/HG008/Liss_lab/Element_AVITI_20240626/HG008-T_Element-StdInsert_102x_GRCh37.bam	143607099263
data_somatic/HG008/Liss_lab/Element_AVITI_20240626/HG008-T_Element-StdInsert_102x_GRCh37.bam.bai	9145024
data_somatic/HG008/Liss_lab/Element_AVITI_20240626/HG008-T_Element-StdInsert_102x_GRCh38-GIABv3.bam	144229436650
data_somatic/HG008/Liss_lab/Element_AVITI_20240626/HG008-T_Element-StdInsert_102x_GRCh38-GIABv3.bam.bai	9310528
data_somatic/HG008/Liss_lab/Element_AVITI_20240626/HG008_LngInsert_Fastqs/ND_Long_R1.fastq.gz	30280744663
data_somatic/HG008/Liss_lab/Element_AVITI_20240626/HG008_LngInsert_Fastqs/ND_Long_R2.fastq.gz	34614087051
data_somatic/HG008/Liss_lab/Element_AVITI_20240626/HG008_LngInsert_Fastqs/NP_Long_R1.fastq.gz	21491701491
data_somatic/HG008/Liss_lab/Element_AVITI_20240626/HG008_LngInsert_Fastqs/NP_Long_R2.fastq.gz	25339060966
data_somatic/HG008/Liss_lab/Element_AVITI_20240626/HG008_LngInsert_Fastqs/PDAC3066_Long_R1.fastq.gz	24508458772
data_somatic/HG008/Liss_lab/Element_AVITI_20240626/HG008_LngInsert_Fastqs/PDAC3066_Long_R2.fastq.gz	28328872110
data_somatic/HG008/Liss_lab/Element_AVITI_20240626/HG008_StdInsert_Fastqs/POR_NP_R1.fastq.gz	88223018293
data_somatic/HG008/Liss_lab/Element_AVITI_20240626/HG008_StdInsert_Fastqs/POR_NP_R2.fastq.gz	85131858161
data_somatic/HG008/Liss_lab/Element_AVITI_20240626/HG008_StdInsert_Fastqs/POR_NormalDuodenum_R1.fastq.gz	95327491381
data_somatic/HG008/Liss_lab/Element_AVITI_20240626/HG008_StdInsert_Fastqs/POR_NormalDuodenum_R2.fastq.gz	90857580139
data_somatic/HG008/Liss_lab/Element_AVITI_20240626/HG008_StdInsert_Fastqs/POR_PDAC3066_R1.fastq.gz	88482547081
data_somatic/HG008/Liss_lab/Element_AVITI_20240626/HG008_StdInsert_Fastqs/POR_PDAC3066_R2.fastq.gz	86164926442
data_somatic/HG008/Liss_lab/Element_AVITI_20240626/KOL-0801_QC.html	1807848
data_somatic/HG008/Liss_lab/Element_AVITI_20240626/KOL-0803_QC.html	1808368
data_somatic/HG008/Liss_lab/Element_AVITI_20240626/KOL-0806_QC.html	1790762
data_somatic/HG008/Liss_lab/Element_AVITI_20240626/KOL-0807_QC.html	1794366
data_somatic/HG008/Liss_lab/Element_AVITI_20240626/KOL-0808_QC.html	1796813
data_somatic/HG008/Liss_lab/Element_AVITI_20240626/KOL-0809_QC.html	1788498
data_somatic/HG008/Liss_lab/Element_AVITI_20240626/README_Element_20240626.md	29556
data_somatic/HG008/Liss_lab/Element_AVITI_20240626/checksum.md5	4230
data_somatic/HG008/Liss_lab/HG008-T_bioskryb-libraries-UG100/NIST_Bioskryb_QC_measures.csv	18394
data_somatic/HG008/Liss_lab/HG008-T_bioskryb-libraries-UG100/README_Bioskryb-Ultima.md	10623
data_somatic/HG008/Liss_lab/HG008-T_bioskryb-libraries-UG100/giab-aws_HG008-bioskryb-ultima_data_manifest.tsv	144691
data_somatic/HG008/Liss_lab/PacBio_Onso_20240415/CHM13v2.0_noPARmasking_CHM13mito/HG008-N-D_Pacbio-onso_48x_CHM13v2.0.bam	107514647033
data_somatic/HG008/Liss_lab/PacBio_Onso_20240415/CHM13v2.0_noPARmasking_CHM13mito/HG008-N-D_Pacbio-onso_48x_CHM13v2.0.bam.bai	9605088
data_somatic/HG008/Liss_lab/PacBio_Onso_20240415/CHM13v2.0_noPARmasking_CHM13mito/HG008-T_Pacbio-onso_136x_CHM13v2.0.bam	200331105021
data_somatic/HG008/Liss_lab/PacBio_Onso_20240415/CHM13v2.0_noPARmasking_CHM13mito/HG008-T_Pacbio-onso_136x_CHM13v2.0.bam.bai	10028784
data_somatic/HG008/Liss_lab/PacBio_Onso_20240415/HG008-N-D_Pacbio-onso_48x_GRCh37.bam	107826388865
data_somatic/HG008/Liss_lab/PacBio_Onso_20240415/HG008-N-D_Pacbio-onso_48x_GRCh37.bam.bai	9176784
data_somatic/HG008/Liss_lab/PacBio_Onso_20240415/HG008-N-D_Pacbio-onso_48x_GRCh38-GIABv3.bam	108528228158
data_somatic/HG008/Liss_lab/PacBio_Onso_20240415/HG008-N-D_Pacbio-onso_48x_GRCh38-GIABv3.bam.bai	9353112
data_somatic/HG008/Liss_lab/PacBio_Onso_20240415/HG008-ND_R1_trimmed.fastq.gz	63528834039
data_somatic/HG008/Liss_lab/PacBio_Onso_20240415/HG008-ND_R2_trimmed.fastq.gz	64794166744
data_somatic/HG008/Liss_lab/PacBio_Onso_20240415/HG008-T_Pacbio-onso_136x_GRCh37.bam	200757518932
data_somatic/HG008/Liss_lab/PacBio_Onso_20240415/HG008-T_Pacbio-onso_136x_GRCh37.bam.bai	9610616
data_somatic/HG008/Liss_lab/PacBio_Onso_20240415/HG008-T_Pacbio-onso_136x_GRCh38-GIABv3.bam	201723911756
data_somatic/HG008/Liss_lab/PacBio_Onso_20240415/HG008-T_Pacbio-onso_136x_GRCh38-GIABv3.bam.bai	9833280
data_somatic/HG008/Liss_lab/PacBio_Onso_20240415/HG008-T_R1_trimmed.fastq.gz	120810756532
data_somatic/HG008/Liss_lab/PacBio_Onso_20240415/HG008-T_R2_trimmed.fastq.gz	129626052647
data_somatic/HG008/Liss_lab/PacBio_Onso_20240415/README_PacBio_Onso.md	20500
data_somatic/HG008/Liss_lab/PacBio_Onso_20240415/checksums.md5	1160
data_somatic/HG008/Liss_lab/README	163
data_somatic/HG008/Liss_lab/Ultima-ppmSeq-UG100-20241028/HG008-N-D_Ultima_160x_GRCh38.cram	281025911231
data_somatic/HG008/Liss_lab/Ultima-ppmSeq-UG100-20241028/HG008-N-D_Ultima_160x_GRCh38.cram.crai	6085506
data_somatic/HG008/Liss_lab/Ultima-ppmSeq-UG100-20241028/HG008-T_Ultima_157x_GRCh38.cram	200426738442
data_somatic/HG008/Liss_lab/Ultima-ppmSeq-UG100-20241028/HG008-T_Ultima_157x_GRCh38.cram.crai	4298270
data_somatic/HG008/Liss_lab/Ultima-ppmSeq-UG100-20241028/README_ppmSeq_20241028.md	11529
data_somatic/HG008/Liss_lab/Ultima-ppmSeq-UG100-20241028/Ultima-ppmSeq_QC.tar.gz	279754
data_somatic/HG008/Liss_lab/Ultima-ppmSeq-UG100-20241028/checksum.md5	336
data_somatic/HG008/Liss_lab/Ultima_UG100-WGS_20240530/HG008-N-D_Ultima_234x_CHM13v2.0.cram	266312683587
data_somatic/HG008/Liss_lab/Ultima_UG100-WGS_20240530/HG008-N-D_Ultima_234x_CHM13v2.0.cram.crai	4418149
data_somatic/HG008/Liss_lab/Ultima_UG100-WGS_20240530/HG008-N-D_Ultima_234x_GRCh37.cram	267566800870
data_somatic/HG008/Liss_lab/Ultima_UG100-WGS_20240530/HG008-N-D_Ultima_234x_GRCh37.cram.crai	4412953
data_somatic/HG008/Liss_lab/Ultima_UG100-WGS_20240530/HG008-N-D_Ultima_234x_GRCh38-GIABv3.cram	270002656960
data_somatic/HG008/Liss_lab/Ultima_UG100-WGS_20240530/HG008-N-D_Ultima_234x_GRCh38-GIABv3.cram.crai	4436573
data_somatic/HG008/Liss_lab/Ultima_UG100-WGS_20240530/HG008-T_Ultima_306x_CHM13v2.0.cram	250818855922
data_somatic/HG008/Liss_lab/Ultima_UG100-WGS_20240530/HG008-T_Ultima_306x_CHM13v2.0.cram.crai	4246046
data_somatic/HG008/Liss_lab/Ultima_UG100-WGS_20240530/HG008-T_Ultima_306x_GRCh37.cram	252099345181
data_somatic/HG008/Liss_lab/Ultima_UG100-WGS_20240530/HG008-T_Ultima_306x_GRCh37.cram.crai	4238776
data_somatic/HG008/Liss_lab/Ultima_UG100-WGS_20240530/HG008-T_Ultima_306x_GRCh38-GIABv3.cram	254720453541
data_somatic/HG008/Liss_lab/Ultima_UG100-WGS_20240530/HG008-T_Ultima_306x_GRCh38-GIABv3.cram.crai	4262296
data_somatic/HG008/Liss_lab/Ultima_UG100-WGS_20240530/README_Ultima.md	16072
data_somatic/HG008/Liss_lab/Ultima_UG100-WGS_20240530/checksum.md5	971
data_somatic/HG008/Liss_lab/analysis/BCM_HiFi_ONT_Sniffles-v2.2_02282024/BCM_Sniffles_README.md	9339
data_somatic/HG008/Liss_lab/analysis/BCM_HiFi_ONT_Sniffles-v2.2_02282024/checksums.md5	175
data_somatic/HG008/Liss_lab/analysis/BCM_HiFi_ONT_Sniffles-v2.2_02282024/hg008_merge.vcf.gz	8416010
data_somatic/HG008/Liss_lab/analysis/BCM_HiFi_ONT_Sniffles-v2.2_02282024/hg008_merge_candidates.tsv	138667
data_somatic/HG008/Liss_lab/analysis/BCM_HiFi_ONT_Sniffles-v2.2_02282024/hg008_merge_candidates.vcf.gz	202363
data_somatic/HG008/Liss_lab/analysis/BCM_Revio_20240313/pacbio-wgs-wdl_somatic_20240601/CHM13v2.0/Additional_files_somatic_wdl_CHM13v2.0.tar.gz	1699
data_somatic/HG008/Liss_lab/analysis/BCM_Revio_20240313/pacbio-wgs-wdl_somatic_20240601/CHM13v2.0/HG008.normal.aligned.hiphase.bam	93224403197
data_somatic/HG008/Liss_lab/analysis/BCM_Revio_20240313/pacbio-wgs-wdl_somatic_20240601/CHM13v2.0/HG008.normal.aligned.hiphase.bam.bai	27307760
data_somatic/HG008/Liss_lab/analysis/BCM_Revio_20240313/pacbio-wgs-wdl_somatic_20240601/CHM13v2.0/HG008.normal.clair3.small_variantscorrect_ref.vcf.gz	77089967
data_somatic/HG008/Liss_lab/analysis/BCM_Revio_20240313/pacbio-wgs-wdl_somatic_20240601/CHM13v2.0/HG008.normal.clair3.small_variantscorrect_ref.vcf.gz.tbi	1601275
data_somatic/HG008/Liss_lab/analysis/BCM_Revio_20240313/pacbio-wgs-wdl_somatic_20240601/CHM13v2.0/HG008.normal.cpg.combined.bw	915380234
data_somatic/HG008/Liss_lab/analysis/BCM_Revio_20240313/pacbio-wgs-wdl_somatic_20240601/CHM13v2.0/HG008.normal.cpg.hap1.bw	847011540
data_somatic/HG008/Liss_lab/analysis/BCM_Revio_20240313/pacbio-wgs-wdl_somatic_20240601/CHM13v2.0/HG008.normal.cpg.hap2.bw	847658801
data_somatic/HG008/Liss_lab/analysis/BCM_Revio_20240313/pacbio-wgs-wdl_somatic_20240601/CHM13v2.0/HG008.tumor.aligned.hiphase.bam	99375041026
data_somatic/HG008/Liss_lab/analysis/BCM_Revio_20240313/pacbio-wgs-wdl_somatic_20240601/CHM13v2.0/HG008.tumor.aligned.hiphase.bam.bai	20904904
data_somatic/HG008/Liss_lab/analysis/BCM_Revio_20240313/pacbio-wgs-wdl_somatic_20240601/CHM13v2.0/HG008.tumor.clair3.small_variantscorrect_ref.vcf.gz	65174568
data_somatic/HG008/Liss_lab/analysis/BCM_Revio_20240313/pacbio-wgs-wdl_somatic_20240601/CHM13v2.0/HG008.tumor.clair3.small_variantscorrect_ref.vcf.gz.tbi	1551759
data_somatic/HG008/Liss_lab/analysis/BCM_Revio_20240313/pacbio-wgs-wdl_somatic_20240601/CHM13v2.0/HG008.tumor.cpg.combined.bw	874402813
data_somatic/HG008/Liss_lab/analysis/BCM_Revio_20240313/pacbio-wgs-wdl_somatic_20240601/CHM13v2.0/HG008.tumor.cpg.hap1.bw	514786908
data_somatic/HG008/Liss_lab/analysis/BCM_Revio_20240313/pacbio-wgs-wdl_somatic_20240601/CHM13v2.0/HG008.tumor.cpg.hap2.bw	518297741
data_somatic/HG008/Liss_lab/analysis/BCM_Revio_20240313/pacbio-wgs-wdl_somatic_20240601/CHM13v2.0/HG008_dmr_annotation_summary.tsv.gz	148
data_somatic/HG008/Liss_lab/analysis/BCM_Revio_20240313/pacbio-wgs-wdl_somatic_20240601/CHM13v2.0/HG008_hg38_genes_1to5kb_dmrs.tsv.gz	2618058
data_somatic/HG008/Liss_lab/analysis/BCM_Revio_20240313/pacbio-wgs-wdl_somatic_20240601/CHM13v2.0/HG008_hg38_genes_3UTRs_dmrs.tsv.gz	571063
data_somatic/HG008/Liss_lab/analysis/BCM_Revio_20240313/pacbio-wgs-wdl_somatic_20240601/CHM13v2.0/HG008_hg38_genes_5UTRs_dmrs.tsv.gz	325243
data_somatic/HG008/Liss_lab/analysis/BCM_Revio_20240313/pacbio-wgs-wdl_somatic_20240601/CHM13v2.0/HG008_hg38_genes_exons_dmrs.tsv.g	2769045
data_somatic/HG008/Liss_lab/analysis/BCM_Revio_20240313/pacbio-wgs-wdl_somatic_20240601/CHM13v2.0/HG008_hg38_genes_introns_dmrs.tsv.gz	14537140
data_somatic/HG008/Liss_lab/analysis/BCM_Revio_20240313/pacbio-wgs-wdl_somatic_20240601/CHM13v2.0/HG008_hg38_genes_promoters_dmrs.tsv.gz	1160174
data_somatic/HG008/Liss_lab/analysis/BCM_Revio_20240313/pacbio-wgs-wdl_somatic_20240601/GRCh37/Additional_files_somatic_wdl_GRCh37.tar.gz	6906
data_somatic/HG008/Liss_lab/analysis/BCM_Revio_20240313/pacbio-wgs-wdl_somatic_20240601/GRCh37/HG008.normal.aligned.hiphase.bam	97568333721
data_somatic/HG008/Liss_lab/analysis/BCM_Revio_20240313/pacbio-wgs-wdl_somatic_20240601/GRCh37/HG008.normal.aligned.hiphase.bam.bai	27744392
data_somatic/HG008/Liss_lab/analysis/BCM_Revio_20240313/pacbio-wgs-wdl_somatic_20240601/GRCh37/HG008.normal.clair3.small_variantscorrect_ref.vcf.gz	72176041
data_somatic/HG008/Liss_lab/analysis/BCM_Revio_20240313/pacbio-wgs-wdl_somatic_20240601/GRCh37/HG008.normal.clair3.small_variantscorrect_ref.vcf.gz.tbi	1548421
data_somatic/HG008/Liss_lab/analysis/BCM_Revio_20240313/pacbio-wgs-wdl_somatic_20240601/GRCh37/HG008.normal.cpg.combined.bw	852141405
data_somatic/HG008/Liss_lab/analysis/BCM_Revio_20240313/pacbio-wgs-wdl_somatic_20240601/GRCh37/HG008.normal.cpg.hap1.bw	812446535
data_somatic/HG008/Liss_lab/analysis/BCM_Revio_20240313/pacbio-wgs-wdl_somatic_20240601/GRCh37/HG008.normal.cpg.hap2.bw	812252809
data_somatic/HG008/Liss_lab/analysis/BCM_Revio_20240313/pacbio-wgs-wdl_somatic_20240601/GRCh37/HG008.tumor.aligned.hiphase.bam	105480728318
data_somatic/HG008/Liss_lab/analysis/BCM_Revio_20240313/pacbio-wgs-wdl_somatic_20240601/GRCh37/HG008.tumor.aligned.hiphase.bam.bai	21460984
data_somatic/HG008/Liss_lab/analysis/BCM_Revio_20240313/pacbio-wgs-wdl_somatic_20240601/GRCh37/HG008.tumor.clair3.small_variantscorrect_ref.vcf.gz	59897616
data_somatic/HG008/Liss_lab/analysis/BCM_Revio_20240313/pacbio-wgs-wdl_somatic_20240601/GRCh37/HG008.tumor.clair3.small_variantscorrect_ref.vcf.gz.tbi	1520055
data_somatic/HG008/Liss_lab/analysis/BCM_Revio_20240313/pacbio-wgs-wdl_somatic_20240601/GRCh37/HG008.tumor.cpg.combined.bw	812346198
data_somatic/HG008/Liss_lab/analysis/BCM_Revio_20240313/pacbio-wgs-wdl_somatic_20240601/GRCh37/HG008.tumor.cpg.hap1.bw	490049903
data_somatic/HG008/Liss_lab/analysis/BCM_Revio_20240313/pacbio-wgs-wdl_somatic_20240601/GRCh37/HG008.tumor.cpg.hap2.bw	495362997
data_somatic/HG008/Liss_lab/analysis/BCM_Revio_20240313/pacbio-wgs-wdl_somatic_20240601/GRCh38-GIABv3/Additional_files_somatic_wdl_GRCh38-GIABv3.tar.gz	10214
data_somatic/HG008/Liss_lab/analysis/BCM_Revio_20240313/pacbio-wgs-wdl_somatic_20240601/GRCh38-GIABv3/HG008.normal.aligned.hiphase.bam	95381103412
data_somatic/HG008/Liss_lab/analysis/BCM_Revio_20240313/pacbio-wgs-wdl_somatic_20240601/GRCh38-GIABv3/HG008.normal.aligned.hiphase.bam.bai	28041728
data_somatic/HG008/Liss_lab/analysis/BCM_Revio_20240313/pacbio-wgs-wdl_somatic_20240601/GRCh38-GIABv3/HG008.normal.clair3.small_variantscorrect_ref.vcf.gz	75877606
data_somatic/HG008/Liss_lab/analysis/BCM_Revio_20240313/pacbio-wgs-wdl_somatic_20240601/GRCh38-GIABv3/HG008.normal.clair3.small_variantscorrect_ref.vcf.gz.tbi	1567309
data_somatic/HG008/Liss_lab/analysis/BCM_Revio_20240313/pacbio-wgs-wdl_somatic_20240601/GRCh38-GIABv3/HG008.normal.cpg.combined.bw	865687124
data_somatic/HG008/Liss_lab/analysis/BCM_Revio_20240313/pacbio-wgs-wdl_somatic_20240601/GRCh38-GIABv3/HG008.normal.cpg.hap1.bw	820102453
data_somatic/HG008/Liss_lab/analysis/BCM_Revio_20240313/pacbio-wgs-wdl_somatic_20240601/GRCh38-GIABv3/HG008.normal.cpg.hap2.bw	820121549
data_somatic/HG008/Liss_lab/analysis/BCM_Revio_20240313/pacbio-wgs-wdl_somatic_20240601/GRCh38-GIABv3/HG008.tumor.aligned.hiphase.bam	102324808906
data_somatic/HG008/Liss_lab/analysis/BCM_Revio_20240313/pacbio-wgs-wdl_somatic_20240601/GRCh38-GIABv3/HG008.tumor.aligned.hiphase.bam.bai	21908536
data_somatic/HG008/Liss_lab/analysis/BCM_Revio_20240313/pacbio-wgs-wdl_somatic_20240601/GRCh38-GIABv3/HG008.tumor.clair3.small_variantscorrect_ref.vcf.gz	63642490
data_somatic/HG008/Liss_lab/analysis/BCM_Revio_20240313/pacbio-wgs-wdl_somatic_20240601/GRCh38-GIABv3/HG008.tumor.clair3.small_variantscorrect_ref.vcf.gz.tbi	1536746
data_somatic/HG008/Liss_lab/analysis/BCM_Revio_20240313/pacbio-wgs-wdl_somatic_20240601/GRCh38-GIABv3/HG008.tumor.cpg.combined.bw	826564996
data_somatic/HG008/Liss_lab/analysis/BCM_Revio_20240313/pacbio-wgs-wdl_somatic_20240601/GRCh38-GIABv3/HG008.tumor.cpg.hap1.bw	497126154
data_somatic/HG008/Liss_lab/analysis/BCM_Revio_20240313/pacbio-wgs-wdl_somatic_20240601/GRCh38-GIABv3/HG008.tumor.cpg.hap2.bw	502509398
data_somatic/HG008/Liss_lab/analysis/BCM_Revio_20240313/pacbio-wgs-wdl_somatic_20240601/GRCh38-GIABv3/HG008_deepsomatic.PASS.hiphase.vep.vcf.gz	735123
data_somatic/HG008/Liss_lab/analysis/BCM_Revio_20240313/pacbio-wgs-wdl_somatic_20240601/GRCh38-GIABv3/HG008_deepsomatic.PASS.hiphase.vep.vcf.gz.tbi	134177
data_somatic/HG008/Liss_lab/analysis/BCM_Revio_20240313/pacbio-wgs-wdl_somatic_20240601/GRCh38-GIABv3/HG008_dmr_annotation_summary.tsv.gz	147
data_somatic/HG008/Liss_lab/analysis/BCM_Revio_20240313/pacbio-wgs-wdl_somatic_20240601/GRCh38-GIABv3/HG008_hg38_genes_1to5kb_dmrs.tsv.gz	2363437
data_somatic/HG008/Liss_lab/analysis/BCM_Revio_20240313/pacbio-wgs-wdl_somatic_20240601/GRCh38-GIABv3/HG008_hg38_genes_3UTRs_dmrs.tsv.gz	377412
data_somatic/HG008/Liss_lab/analysis/BCM_Revio_20240313/pacbio-wgs-wdl_somatic_20240601/GRCh38-GIABv3/HG008_hg38_genes_5UTRs_dmrs.tsv.gz	401295
data_somatic/HG008/Liss_lab/analysis/BCM_Revio_20240313/pacbio-wgs-wdl_somatic_20240601/GRCh38-GIABv3/HG008_hg38_genes_exons_dmrs.tsv.gz	2474001
data_somatic/HG008/Liss_lab/analysis/BCM_Revio_20240313/pacbio-wgs-wdl_somatic_20240601/GRCh38-GIABv3/HG008_hg38_genes_introns_dmrs.tsv.gz	12593361
data_somatic/HG008/Liss_lab/analysis/BCM_Revio_20240313/pacbio-wgs-wdl_somatic_20240601/GRCh38-GIABv3/HG008_hg38_genes_promoters_dmrs.tsv.gz	1342460
data_somatic/HG008/Liss_lab/analysis/BCM_Revio_20240313/pacbio-wgs-wdl_somatic_20240601/GRCh38-GIABv3/severus_somatic_HG008.tumor.aligned.hiphase.svpack.vcf.gz	53502
data_somatic/HG008/Liss_lab/analysis/BCM_Revio_20240313/pacbio-wgs-wdl_somatic_20240601/GRCh38-GIABv3/severus_somatic_HG008.tumor.aligned.hiphase.svpack.vcf.gz.tbi	6838
data_somatic/HG008/Liss_lab/analysis/BCM_Revio_20240313/pacbio-wgs-wdl_somatic_20240601/README_BCM_Revio_analysis.md	6888
data_somatic/HG008/Liss_lab/analysis/BCM_Revio_20240313/pacbio-wgs-wdl_somatic_20240601/checksum.md5	5345
data_somatic/HG008/Liss_lab/analysis/Bionano_OpticalMapping-analysis_20231019/MGH3066_RVA_400x_AllSVs.smap	801317
data_somatic/HG008/Liss_lab/analysis/Bionano_OpticalMapping-analysis_20231019/MGH3066_RVA_400x_AllSVs.vcf	675153
data_somatic/HG008/Liss_lab/analysis/Bionano_OpticalMapping-analysis_20231019/MGH3066_RVA_400x_CNVs.bed	1903
data_somatic/HG008/Liss_lab/analysis/Bionano_OpticalMapping-analysis_20231019/MGH3066_RVA_400x_OverlapCancerGenes.bed	2346
data_somatic/HG008/Liss_lab/analysis/Bionano_OpticalMapping-analysis_20231019/MGH3066_RVA_400x_UniqueSVs.smap	52462
data_somatic/HG008/Liss_lab/analysis/Bionano_OpticalMapping-analysis_20231019/MGH3066_RVA_400x_UniqueSVs.vcf	64829
data_somatic/HG008/Liss_lab/analysis/Bionano_OpticalMapping-analysis_20231019/MGH3066_RVA_400x_VIAReport.docx	572653
data_somatic/HG008/Liss_lab/analysis/Bionano_OpticalMapping-analysis_20231019/README_Bionano.md	12313
data_somatic/HG008/Liss_lab/analysis/Bionano_OpticalMapping-analysis_20231019/checksums.md5	565
data_somatic/HG008/Liss_lab/analysis/Bioskryb_ResolveDNA-analysis_20230914/.DS_Store	6148
data_somatic/HG008/Liss_lab/analysis/Bioskryb_ResolveDNA-analysis_20230914/HG008-AdditionalAnalyses.pptx	3715651
data_somatic/HG008/Liss_lab/analysis/Bioskryb_ResolveDNA-analysis_20230914/HG008-PreSeqResults.txt	16673
data_somatic/HG008/Liss_lab/analysis/Bioskryb_ResolveDNA-analysis_20230914/HG008-T_Bioskryb_120cells_QC1X_tertiary-analysis.tar.gz	31503272
data_somatic/HG008/Liss_lab/analysis/Bioskryb_ResolveDNA-analysis_20230914/README_Bioskryb.md	11539
data_somatic/HG008/Liss_lab/analysis/Bioskryb_ResolveDNA-analysis_20230914/SegCopy.binsize_1000000.tsv	700328
data_somatic/HG008/Liss_lab/analysis/Bioskryb_ResolveDNA-analysis_20230914/checksums.md5	381
data_somatic/HG008/Liss_lab/analysis/DRAGEN-v4.2.4_ILMN-WGS_20240312/.DS_Store	8196
data_somatic/HG008/Liss_lab/analysis/DRAGEN-v4.2.4_ILMN-WGS_20240312/README_DRAGEN_20240312.md	9015
data_somatic/HG008/Liss_lab/analysis/DRAGEN-v4.2.4_ILMN-WGS_20240312/checksums.md5	1867
data_somatic/HG008/Liss_lab/analysis/DRAGEN-v4.2.4_ILMN-WGS_20240312/graph-reference-alignments/dragen_4.2.4_HG008-N-P_graph.bam	185690839637
data_somatic/HG008/Liss_lab/analysis/DRAGEN-v4.2.4_ILMN-WGS_20240312/graph-reference-alignments/dragen_4.2.4_HG008-N-P_graph.bam.bai	9741032
data_somatic/HG008/Liss_lab/analysis/DRAGEN-v4.2.4_ILMN-WGS_20240312/graph-reference-alignments/dragen_4.2.4_HG008-T-mosaic_graph.bam	180742915055
data_somatic/HG008/Liss_lab/analysis/DRAGEN-v4.2.4_ILMN-WGS_20240312/graph-reference-alignments/dragen_4.2.4_HG008-T-mosaic_graph.bam.bai	9595200
data_somatic/HG008/Liss_lab/analysis/DRAGEN-v4.2.4_ILMN-WGS_20240312/graph/.DS_Store	6148
data_somatic/HG008/Liss_lab/analysis/DRAGEN-v4.2.4_ILMN-WGS_20240312/graph/dragen_4.2.4_HG008-mosaic_tumor.cnv.vcf.gz	15364
data_somatic/HG008/Liss_lab/analysis/DRAGEN-v4.2.4_ILMN-WGS_20240312/graph/dragen_4.2.4_HG008-mosaic_tumor.cnv.vcf.gz.tbi	5990
data_somatic/HG008/Liss_lab/analysis/DRAGEN-v4.2.4_ILMN-WGS_20240312/graph/dragen_4.2.4_HG008-mosaic_tumor.hard-filtered.vcf.gz	2701268
data_somatic/HG008/Liss_lab/analysis/DRAGEN-v4.2.4_ILMN-WGS_20240312/graph/dragen_4.2.4_HG008-mosaic_tumor.hard-filtered.vcf.gz.tbi	291840
data_somatic/HG008/Liss_lab/analysis/DRAGEN-v4.2.4_ILMN-WGS_20240312/graph/dragen_4.2.4_HG008-mosaic_tumor.sv.vcf.gz	46849
data_somatic/HG008/Liss_lab/analysis/DRAGEN-v4.2.4_ILMN-WGS_20240312/graph/dragen_4.2.4_HG008-mosaic_tumor.sv.vcf.gz.tbi	7137
data_somatic/HG008/Liss_lab/analysis/DRAGEN-v4.2.4_ILMN-WGS_20240312/standard-reference-alignments/dragen_4.2.4_HG008-N-P_standard.bam	185770722457
data_somatic/HG008/Liss_lab/analysis/DRAGEN-v4.2.4_ILMN-WGS_20240312/standard-reference-alignments/dragen_4.2.4_HG008-N-P_standard.bam.bai	9744120
data_somatic/HG008/Liss_lab/analysis/DRAGEN-v4.2.4_ILMN-WGS_20240312/standard-reference-alignments/dragen_4.2.4_HG008-T-mosaic_standard.bam	180801409551
data_somatic/HG008/Liss_lab/analysis/DRAGEN-v4.2.4_ILMN-WGS_20240312/standard-reference-alignments/dragen_4.2.4_HG008-T-mosaic_standard.bam.bai	9595200
data_somatic/HG008/Liss_lab/analysis/DRAGEN-v4.2.4_ILMN-WGS_20240312/standard/dragen_4.2.4_HG008-mosaic_tumor.cnv.vcf.gz	15373
data_somatic/HG008/Liss_lab/analysis/DRAGEN-v4.2.4_ILMN-WGS_20240312/standard/dragen_4.2.4_HG008-mosaic_tumor.cnv.vcf.gz.tbi	5975
data_somatic/HG008/Liss_lab/analysis/DRAGEN-v4.2.4_ILMN-WGS_20240312/standard/dragen_4.2.4_HG008-mosaic_tumor.hard-filtered.vcf.gz	2817770
data_somatic/HG008/Liss_lab/analysis/DRAGEN-v4.2.4_ILMN-WGS_20240312/standard/dragen_4.2.4_HG008-mosaic_tumor.hard-filtered.vcf.gz.tbi	298189
data_somatic/HG008/Liss_lab/analysis/DRAGEN-v4.2.4_ILMN-WGS_20240312/standard/dragen_4.2.4_HG008-mosaic_tumor.sv.vcf.gz	47142
data_somatic/HG008/Liss_lab/analysis/DRAGEN-v4.2.4_ILMN-WGS_20240312/standard/dragen_4.2.4_HG008-mosaic_tumor.sv.vcf.gz.tbi	7146
data_somatic/HG008/Liss_lab/analysis/HG008_ancestry_analysis/.DS_Store	6148
data_somatic/HG008/Liss_lab/analysis/HG008_ancestry_analysis/.Rhistory	0
data_somatic/HG008/Liss_lab/analysis/HG008_ancestry_analysis/HG008_year1-2022_ancestry.R	1369
data_somatic/HG008/Liss_lab/analysis/HG008_ancestry_analysis/HG008_year1-2022_ancestry.md5	186
data_somatic/HG008/Liss_lab/analysis/HG008_ancestry_analysis/HG008_year1-2022_ancestry.pdf	295094
data_somatic/HG008/Liss_lab/analysis/HG008_ancestry_analysis/HG008_year1-2022_ancestry_sh	1055
data_somatic/HG008/Liss_lab/analysis/HG008_ancestry_analysis/README_HG008_ancestry_analysis.md	9133
data_somatic/HG008/Liss_lab/analysis/HKU_HiFi_ClairS_v0.1.7-SNV-INDEL_20240326/HG008_T_N-P_HiFi_CHM13v2.0_ClairS_v0.1.7_indel.vcf.gz	3474352
data_somatic/HG008/Liss_lab/analysis/HKU_HiFi_ClairS_v0.1.7-SNV-INDEL_20240326/HG008_T_N-P_HiFi_CHM13v2.0_ClairS_v0.1.7_indel.vcf.gz.tbi	657825
data_somatic/HG008/Liss_lab/analysis/HKU_HiFi_ClairS_v0.1.7-SNV-INDEL_20240326/HG008_T_N-P_HiFi_CHM13v2.0_ClairS_v0.1.7_snv.vcf.gz	2259880
data_somatic/HG008/Liss_lab/analysis/HKU_HiFi_ClairS_v0.1.7-SNV-INDEL_20240326/HG008_T_N-P_HiFi_CHM13v2.0_ClairS_v0.1.7_snv.vcf.gz.tbi	168594
data_somatic/HG008/Liss_lab/analysis/HKU_HiFi_ClairS_v0.1.7-SNV-INDEL_20240326/HG008_T_N-P_HiFi_GRCh37_ClairS_v0.1.7_indel.vcf.gz	3231078
data_somatic/HG008/Liss_lab/analysis/HKU_HiFi_ClairS_v0.1.7-SNV-INDEL_20240326/HG008_T_N-P_HiFi_GRCh37_ClairS_v0.1.7_indel.vcf.gz.tbi	636000
data_somatic/HG008/Liss_lab/analysis/HKU_HiFi_ClairS_v0.1.7-SNV-INDEL_20240326/HG008_T_N-P_HiFi_GRCh37_ClairS_v0.1.7_snv.vcf.gz	833229
data_somatic/HG008/Liss_lab/analysis/HKU_HiFi_ClairS_v0.1.7-SNV-INDEL_20240326/HG008_T_N-P_HiFi_GRCh37_ClairS_v0.1.7_snv.vcf.gz.tbi	149090
data_somatic/HG008/Liss_lab/analysis/HKU_HiFi_ClairS_v0.1.7-SNV-INDEL_20240326/HG008_T_N-P_HiFi_GRCh38-GIABv3_ClairS_v0.1.7_indel.vcf.gz	3267825
data_somatic/HG008/Liss_lab/analysis/HKU_HiFi_ClairS_v0.1.7-SNV-INDEL_20240326/HG008_T_N-P_HiFi_GRCh38-GIABv3_ClairS_v0.1.7_indel.vcf.gz.tbi	642994
data_somatic/HG008/Liss_lab/analysis/HKU_HiFi_ClairS_v0.1.7-SNV-INDEL_20240326/HG008_T_N-P_HiFi_GRCh38-GIABv3_ClairS_v0.1.7_snv.vcf.gz	1066081
data_somatic/HG008/Liss_lab/analysis/HKU_HiFi_ClairS_v0.1.7-SNV-INDEL_20240326/HG008_T_N-P_HiFi_GRCh38-GIABv3_ClairS_v0.1.7_snv.vcf.gz.tbi	152391
data_somatic/HG008/Liss_lab/analysis/HKU_HiFi_ClairS_v0.1.7-SNV-INDEL_20240326/README_HKU_ClairS.md	13185
data_somatic/HG008/Liss_lab/analysis/HKU_HiFi_ClairS_v0.1.7-SNV-INDEL_20240326/checksums.md5	1688
data_somatic/HG008/Liss_lab/analysis/Harvard_Cheng_hifiasm-assemblies_20240317/.DS_Store	6148
data_somatic/HG008/Liss_lab/analysis/Harvard_Cheng_hifiasm-assemblies_20240317/HG008.normal.hap1.fa.gz	875505329
data_somatic/HG008/Liss_lab/analysis/Harvard_Cheng_hifiasm-assemblies_20240317/HG008.normal.hap1_GRCh38.bam	1562584528
data_somatic/HG008/Liss_lab/analysis/Harvard_Cheng_hifiasm-assemblies_20240317/HG008.normal.hap1_GRCh38.bam.bai	1575248
data_somatic/HG008/Liss_lab/analysis/Harvard_Cheng_hifiasm-assemblies_20240317/HG008.normal.hap2.fa.gz	872634050
data_somatic/HG008/Liss_lab/analysis/Harvard_Cheng_hifiasm-assemblies_20240317/HG008.normal.hap2_GRCh38.bam	1538236891
data_somatic/HG008/Liss_lab/analysis/Harvard_Cheng_hifiasm-assemblies_20240317/HG008.normal.hap2_GRCh38.bam.bai	1574208
data_somatic/HG008/Liss_lab/analysis/Harvard_Cheng_hifiasm-assemblies_20240317/HG008.tumor.hap1.fa.gz	483456394
data_somatic/HG008/Liss_lab/analysis/Harvard_Cheng_hifiasm-assemblies_20240317/HG008.tumor.hap1_GRCh38.bam	1088445522
data_somatic/HG008/Liss_lab/analysis/Harvard_Cheng_hifiasm-assemblies_20240317/HG008.tumor.hap1_GRCh38.bam.bai	1466360
data_somatic/HG008/Liss_lab/analysis/Harvard_Cheng_hifiasm-assemblies_20240317/HG008.tumor.hap2.fa.gz	869772816
data_somatic/HG008/Liss_lab/analysis/Harvard_Cheng_hifiasm-assemblies_20240317/HG008.tumor.hap2_GRCh38.bam	1879750972
data_somatic/HG008/Liss_lab/analysis/Harvard_Cheng_hifiasm-assemblies_20240317/HG008.tumor.hap2_GRCh38.bam.bai	1574160
data_somatic/HG008/Liss_lab/analysis/Harvard_Cheng_hifiasm-assemblies_20240317/README_hifiasm.md	10534
data_somatic/HG008/Liss_lab/analysis/Harvard_Cheng_hifiasm-assemblies_20240317/checksums.md5	1238
data_somatic/HG008/Liss_lab/analysis/Harvard_Cheng_hifiasm-assemblies_20240509/.DS_Store	6148
data_somatic/HG008/Liss_lab/analysis/Harvard_Cheng_hifiasm-assemblies_20240509/HG008.normal.full.asm.hic.hap1.fa.gz	876390145
data_somatic/HG008/Liss_lab/analysis/Harvard_Cheng_hifiasm-assemblies_20240509/HG008.normal.full.asm.hic.hap2.fa.gz	872745219
data_somatic/HG008/Liss_lab/analysis/Harvard_Cheng_hifiasm-assemblies_20240509/HG008.normal.full.asm.hic.p_utg.gfa.gz	1865210106
data_somatic/HG008/Liss_lab/analysis/Harvard_Cheng_hifiasm-assemblies_20240509/HG008.normal.full.asm.hic.r_utg.gfa.gz	2700375150
data_somatic/HG008/Liss_lab/analysis/Harvard_Cheng_hifiasm-assemblies_20240509/HG008.tumor.sub0.asm.hic.p_utg.gfa.gz	1275599425
data_somatic/HG008/Liss_lab/analysis/Harvard_Cheng_hifiasm-assemblies_20240509/HG008.tumor.sub0.hap1.fa.gz	485218902
data_somatic/HG008/Liss_lab/analysis/Harvard_Cheng_hifiasm-assemblies_20240509/HG008.tumor.sub0.hap2.fa.gz	867297098
data_somatic/HG008/Liss_lab/analysis/Harvard_Cheng_hifiasm-assemblies_20240509/HG008.tumor.sub1.asm.hic.p_utg.gfa.gz	1272278226
data_somatic/HG008/Liss_lab/analysis/Harvard_Cheng_hifiasm-assemblies_20240509/HG008.tumor.sub1.hap1.fa.gz	867497406
data_somatic/HG008/Liss_lab/analysis/Harvard_Cheng_hifiasm-assemblies_20240509/HG008.tumor.sub1.hap2.fa.gz	484625459
data_somatic/HG008/Liss_lab/analysis/Harvard_Cheng_hifiasm-assemblies_20240509/README_hifiasm_20240509.md	14857
data_somatic/HG008/Liss_lab/analysis/Harvard_Cheng_hifiasm-assemblies_20240509/checksums.md5	680
data_somatic/HG008/Liss_lab/analysis/NCBI_Element_WGS_Somatic_SVs_GRIDSS2_20240430/README_Element_gridss2_ncbi_20240430	2774
data_somatic/HG008/Liss_lab/analysis/NCBI_Element_WGS_Somatic_SVs_GRIDSS2_20240430/tumor.gripss.filtered.simple_Element_GRCh37.bed	4518
data_somatic/HG008/Liss_lab/analysis/NCBI_Element_WGS_Somatic_SVs_GRIDSS2_20240430/tumor.gripss.filtered.simple_Element_GRCh38.bed	5025
data_somatic/HG008/Liss_lab/analysis/NCBI_Element_WGS_Somatic_SVs_GRIDSS2_20240430/tumor.gripss.filtered.simple_Element_T2TCHM13v2.bed	5026
data_somatic/HG008/Liss_lab/analysis/NCBI_Element_WGS_Somatic_SVs_GRIDSS2_20240430/tumor.gripss.filtered.sv.annotated_Element_GRCh37.vcf	341526
data_somatic/HG008/Liss_lab/analysis/NCBI_Element_WGS_Somatic_SVs_GRIDSS2_20240430/tumor.gripss.filtered.sv.annotated_Element_GRCh38.vcf	354988
data_somatic/HG008/Liss_lab/analysis/NCBI_Element_WGS_Somatic_SVs_GRIDSS2_20240430/tumor.gripss.filtered.sv.annotated_Elewqment_T2TCHM13v2.vcf	351899
data_somatic/HG008/Liss_lab/analysis/NCBI_Illumina_WGS_BCM_Somatic_SVs_GRIDSS2_Passage23_20240510/README_Illumina_Passage23_gridss2_ncbi_20240510	2863
data_somatic/HG008/Liss_lab/analysis/NCBI_Illumina_WGS_BCM_Somatic_SVs_GRIDSS2_Passage23_20240510/tumor.gripss.filtered.simple_Illumina_Passage23_GRCh37.bed	5479
data_somatic/HG008/Liss_lab/analysis/NCBI_Illumina_WGS_BCM_Somatic_SVs_GRIDSS2_Passage23_20240510/tumor.gripss.filtered.simple_Illumina_Passage23_GRCh38.bed	5945
data_somatic/HG008/Liss_lab/analysis/NCBI_Illumina_WGS_BCM_Somatic_SVs_GRIDSS2_Passage23_20240510/tumor.gripss.filtered.simple_Illumina_Passage23_T2TCHM13v2.bed	6139
data_somatic/HG008/Liss_lab/analysis/NCBI_Illumina_WGS_BCM_Somatic_SVs_GRIDSS2_Passage23_20240510/tumor.gripss.filtered.sv.annotated_Illumina_Passage23_GRCh37.vcf	424677
data_somatic/HG008/Liss_lab/analysis/NCBI_Illumina_WGS_BCM_Somatic_SVs_GRIDSS2_Passage23_20240510/tumor.gripss.filtered.sv.annotated_Illumina_Passage23_GRCh38.vcf	425845
data_somatic/HG008/Liss_lab/analysis/NCBI_Illumina_WGS_BCM_Somatic_SVs_GRIDSS2_Passage23_20240510/tumor.gripss.filtered.sv.annotated_Illumina_Passage23_T2TCHM13v2.vcf	430661
data_somatic/HG008/Liss_lab/analysis/NIH-NCI_minda-ensemble_20240710/HG008_minda_ensemble.vcf	38376
data_somatic/HG008/Liss_lab/analysis/NIH-NCI_minda-ensemble_20240710/HG008_support.tsv	513634
data_somatic/HG008/Liss_lab/analysis/NIH-NCI_minda-ensemble_20240710/NIH_ensemble-calls_20240710.md5sum	950
data_somatic/HG008/Liss_lab/analysis/NIH-NCI_minda-ensemble_20240710/README_minda_20240710.md	11311
data_somatic/HG008/Liss_lab/analysis/NIH-NCI_minda-ensemble_20240710/individual-variant-caller-runs.tar	11925932032
data_somatic/HG008/Liss_lab/analysis/NIH-NCI_minda-ensemble_20240710/minda_output.tar	5743104
data_somatic/HG008/Liss_lab/analysis/NIH-NCI_minda-ensemble_20240710/vcf/HG008-T-pancreas.gripss.filtered_vaf.vcf	365090
data_somatic/HG008/Liss_lab/analysis/NIH-NCI_minda-ensemble_20240710/vcf/HG008_vaf_vcfs.tsv	1087
data_somatic/HG008/Liss_lab/analysis/NIH-NCI_minda-ensemble_20240710/vcf/nanomonsv_hifi_vaf.vcf	112538
data_somatic/HG008/Liss_lab/analysis/NIH-NCI_minda-ensemble_20240710/vcf/nanomonsv_ont_vaf.vcf	100501
data_somatic/HG008/Liss_lab/analysis/NIH-NCI_minda-ensemble_20240710/vcf/savana_hifi_vaf.vcf	233727
data_somatic/HG008/Liss_lab/analysis/NIH-NCI_minda-ensemble_20240710/vcf/savana_ont_vaf.vcf	254001
data_somatic/HG008/Liss_lab/analysis/NIH-NCI_minda-ensemble_20240710/vcf/severus_hifi_vaf.vcf	131405
data_somatic/HG008/Liss_lab/analysis/NIH-NCI_minda-ensemble_20240710/vcf/severus_ont_vaf.vcf	190454
data_somatic/HG008/Liss_lab/analysis/NIH-NCI_minda-ensemble_20240710/vcf/sniffles_hifi_vaf.vcf	470414
data_somatic/HG008/Liss_lab/analysis/NIH-NCI_minda-ensemble_20240710/vcf/sniffles_ont_vaf.vcf	1154542
data_somatic/HG008/Liss_lab/analysis/NIH-NCI_minda-ensemble_20240710/vcf/somaticSV_vaf.vcf	699921
data_somatic/HG008/Liss_lab/analysis/NIH-NCI_minda-ensemble_20240710/vcf/svaba_merged.vcf	141056
data_somatic/HG008/Liss_lab/analysis/NIH_HiFi-HiC_Wakhan-CNA_20240424/.DS_Store	6148
data_somatic/HG008/Liss_lab/analysis/NIH_HiFi-HiC_Wakhan-CNA_20240424/HG008_HiFi_HiC_genome_copynumber.html	8305733
data_somatic/HG008/Liss_lab/analysis/NIH_HiFi-HiC_Wakhan-CNA_20240424/HG008_N_HiFi_HiC_phased.vcf.gz	52653336
data_somatic/HG008/Liss_lab/analysis/NIH_HiFi-HiC_Wakhan-CNA_20240424/README_NIH_Wakhan-HIFi-HiC.md	7191
data_somatic/HG008/Liss_lab/analysis/NIH_HiFi-HiC_Wakhan-CNA_20240424/bed_output/HG008_HiFi_HiC_copynumbers_segments.bed	7200
data_somatic/HG008/Liss_lab/analysis/NIH_HiFi-HiC_Wakhan-CNA_20240424/bed_output/HG008_HiFi_HiC_loh_segments.bed	962
data_somatic/HG008/Liss_lab/analysis/NIH_HiFi-HiC_Wakhan-CNA_20240424/bed_output/HG008_HiFi_HiC_snps_counts_cn_regions.bed	4125
data_somatic/HG008/Liss_lab/analysis/NIH_HiFi-HiC_Wakhan-CNA_20240424/checksums.md5	6272
data_somatic/HG008/Liss_lab/analysis/NIH_HiFi-HiC_Wakhan-CNA_20240424/coverage_plots/COVERAGE_INDEX.html	1505
data_somatic/HG008/Liss_lab/analysis/NIH_HiFi-HiC_Wakhan-CNA_20240424/coverage_plots/chr10_cov.html	3748287
data_somatic/HG008/Liss_lab/analysis/NIH_HiFi-HiC_Wakhan-CNA_20240424/coverage_plots/chr11_cov.html	3742595
data_somatic/HG008/Liss_lab/analysis/NIH_HiFi-HiC_Wakhan-CNA_20240424/coverage_plots/chr12_cov.html	3719065
data_somatic/HG008/Liss_lab/analysis/NIH_HiFi-HiC_Wakhan-CNA_20240424/coverage_plots/chr13_cov.html	3712010
data_somatic/HG008/Liss_lab/analysis/NIH_HiFi-HiC_Wakhan-CNA_20240424/coverage_plots/chr14_cov.html	3703016
data_somatic/HG008/Liss_lab/analysis/NIH_HiFi-HiC_Wakhan-CNA_20240424/coverage_plots/chr15_cov.html	3698032
data_somatic/HG008/Liss_lab/analysis/NIH_HiFi-HiC_Wakhan-CNA_20240424/coverage_plots/chr16_cov.html	3677882
data_somatic/HG008/Liss_lab/analysis/NIH_HiFi-HiC_Wakhan-CNA_20240424/coverage_plots/chr17_cov.html	3661052
data_somatic/HG008/Liss_lab/analysis/NIH_HiFi-HiC_Wakhan-CNA_20240424/coverage_plots/chr18_cov.html	3665437
data_somatic/HG008/Liss_lab/analysis/NIH_HiFi-HiC_Wakhan-CNA_20240424/coverage_plots/chr19_cov.html	3639303
data_somatic/HG008/Liss_lab/analysis/NIH_HiFi-HiC_Wakhan-CNA_20240424/coverage_plots/chr1_cov.html	3847165
data_somatic/HG008/Liss_lab/analysis/NIH_HiFi-HiC_Wakhan-CNA_20240424/coverage_plots/chr20_cov.html	3655762
data_somatic/HG008/Liss_lab/analysis/NIH_HiFi-HiC_Wakhan-CNA_20240424/coverage_plots/chr21_cov.html	3626495
data_somatic/HG008/Liss_lab/analysis/NIH_HiFi-HiC_Wakhan-CNA_20240424/coverage_plots/chr22_cov.html	3629587
data_somatic/HG008/Liss_lab/analysis/NIH_HiFi-HiC_Wakhan-CNA_20240424/coverage_plots/chr2_cov.html	3876720
data_somatic/HG008/Liss_lab/analysis/NIH_HiFi-HiC_Wakhan-CNA_20240424/coverage_plots/chr3_cov.html	3801484
data_somatic/HG008/Liss_lab/analysis/NIH_HiFi-HiC_Wakhan-CNA_20240424/coverage_plots/chr4_cov.html	3764082
data_somatic/HG008/Liss_lab/analysis/NIH_HiFi-HiC_Wakhan-CNA_20240424/coverage_plots/chr5_cov.html	3768308
data_somatic/HG008/Liss_lab/analysis/NIH_HiFi-HiC_Wakhan-CNA_20240424/coverage_plots/chr6_cov.html	3749161
data_somatic/HG008/Liss_lab/analysis/NIH_HiFi-HiC_Wakhan-CNA_20240424/coverage_plots/chr7_cov.html	3752179
data_somatic/HG008/Liss_lab/analysis/NIH_HiFi-HiC_Wakhan-CNA_20240424/coverage_plots/chr8_cov.html	3744688
data_somatic/HG008/Liss_lab/analysis/NIH_HiFi-HiC_Wakhan-CNA_20240424/coverage_plots/chr9_cov.html	3712619
data_somatic/HG008/Liss_lab/analysis/NIH_HiFi-HiC_Wakhan-CNA_20240424/variation_plots/SNPs_LOH_CNs_INDEX.html	4611
data_somatic/HG008/Liss_lab/analysis/NIH_HiFi-HiC_Wakhan-CNA_20240424/variation_plots/chr10_cn.html	3716598
data_somatic/HG008/Liss_lab/analysis/NIH_HiFi-HiC_Wakhan-CNA_20240424/variation_plots/chr10_snps.html	7730823
data_somatic/HG008/Liss_lab/analysis/NIH_HiFi-HiC_Wakhan-CNA_20240424/variation_plots/chr10_snps_counts.html	3649097
data_somatic/HG008/Liss_lab/analysis/NIH_HiFi-HiC_Wakhan-CNA_20240424/variation_plots/chr11_cn.html	3713217
data_somatic/HG008/Liss_lab/analysis/NIH_HiFi-HiC_Wakhan-CNA_20240424/variation_plots/chr11_snps.html	7325583
data_somatic/HG008/Liss_lab/analysis/NIH_HiFi-HiC_Wakhan-CNA_20240424/variation_plots/chr11_snps_counts.html	3649533
data_somatic/HG008/Liss_lab/analysis/NIH_HiFi-HiC_Wakhan-CNA_20240424/variation_plots/chr12_cn.html	3695856
data_somatic/HG008/Liss_lab/analysis/NIH_HiFi-HiC_Wakhan-CNA_20240424/variation_plots/chr12_snps.html	6389922
data_somatic/HG008/Liss_lab/analysis/NIH_HiFi-HiC_Wakhan-CNA_20240424/variation_plots/chr12_snps_counts.html	3647544
data_somatic/HG008/Liss_lab/analysis/NIH_HiFi-HiC_Wakhan-CNA_20240424/variation_plots/chr13_cn.html	3687495
data_somatic/HG008/Liss_lab/analysis/NIH_HiFi-HiC_Wakhan-CNA_20240424/variation_plots/chr13_snps.html	7050610
data_somatic/HG008/Liss_lab/analysis/NIH_HiFi-HiC_Wakhan-CNA_20240424/variation_plots/chr13_snps_counts.html	3638582
data_somatic/HG008/Liss_lab/analysis/NIH_HiFi-HiC_Wakhan-CNA_20240424/variation_plots/chr14_cn.html	3679514
data_somatic/HG008/Liss_lab/analysis/NIH_HiFi-HiC_Wakhan-CNA_20240424/variation_plots/chr14_snps.html	6025592
data_somatic/HG008/Liss_lab/analysis/NIH_HiFi-HiC_Wakhan-CNA_20240424/variation_plots/chr14_snps_counts.html	3634400
data_somatic/HG008/Liss_lab/analysis/NIH_HiFi-HiC_Wakhan-CNA_20240424/variation_plots/chr15_cn.html	3675517
data_somatic/HG008/Liss_lab/analysis/NIH_HiFi-HiC_Wakhan-CNA_20240424/variation_plots/chr15_snps.html	6045958
data_somatic/HG008/Liss_lab/analysis/NIH_HiFi-HiC_Wakhan-CNA_20240424/variation_plots/chr15_snps_counts.html	3632083
data_somatic/HG008/Liss_lab/analysis/NIH_HiFi-HiC_Wakhan-CNA_20240424/variation_plots/chr16_cn.html	3661459
data_somatic/HG008/Liss_lab/analysis/NIH_HiFi-HiC_Wakhan-CNA_20240424/variation_plots/chr16_snps.html	5645559
data_somatic/HG008/Liss_lab/analysis/NIH_HiFi-HiC_Wakhan-CNA_20240424/variation_plots/chr16_snps_counts.html	3626308
data_somatic/HG008/Liss_lab/analysis/NIH_HiFi-HiC_Wakhan-CNA_20240424/variation_plots/chr17_cn.html	3649283
data_somatic/HG008/Liss_lab/analysis/NIH_HiFi-HiC_Wakhan-CNA_20240424/variation_plots/chr17_snps.html	5086221
data_somatic/HG008/Liss_lab/analysis/NIH_HiFi-HiC_Wakhan-CNA_20240424/variation_plots/chr17_snps_counts.html	3622650
data_somatic/HG008/Liss_lab/analysis/NIH_HiFi-HiC_Wakhan-CNA_20240424/variation_plots/chr18_cn.html	3652592
data_somatic/HG008/Liss_lab/analysis/NIH_HiFi-HiC_Wakhan-CNA_20240424/variation_plots/chr18_snps.html	5462606
data_somatic/HG008/Liss_lab/analysis/NIH_HiFi-HiC_Wakhan-CNA_20240424/variation_plots/chr18_snps_counts.html	3621501
data_somatic/HG008/Liss_lab/analysis/NIH_HiFi-HiC_Wakhan-CNA_20240424/variation_plots/chr19_cn.html	3632028
data_somatic/HG008/Liss_lab/analysis/NIH_HiFi-HiC_Wakhan-CNA_20240424/variation_plots/chr19_snps.html	4816135
data_somatic/HG008/Liss_lab/analysis/NIH_HiFi-HiC_Wakhan-CNA_20240424/variation_plots/chr19_snps_counts.html	3611484
data_somatic/HG008/Liss_lab/analysis/NIH_HiFi-HiC_Wakhan-CNA_20240424/variation_plots/chr1_cn.html	3796530
data_somatic/HG008/Liss_lab/analysis/NIH_HiFi-HiC_Wakhan-CNA_20240424/variation_plots/chr1_snps.html	8866343
data_somatic/HG008/Liss_lab/analysis/NIH_HiFi-HiC_Wakhan-CNA_20240424/variation_plots/chr1_snps_counts.html	3705986
data_somatic/HG008/Liss_lab/analysis/NIH_HiFi-HiC_Wakhan-CNA_20240424/variation_plots/chr20_cn.html	3643365
data_somatic/HG008/Liss_lab/analysis/NIH_HiFi-HiC_Wakhan-CNA_20240424/variation_plots/chr20_snps.html	5459274
data_somatic/HG008/Liss_lab/analysis/NIH_HiFi-HiC_Wakhan-CNA_20240424/variation_plots/chr20_snps_counts.html	3614298
data_somatic/HG008/Liss_lab/analysis/NIH_HiFi-HiC_Wakhan-CNA_20240424/variation_plots/chr21_cn.html	3620050
data_somatic/HG008/Liss_lab/analysis/NIH_HiFi-HiC_Wakhan-CNA_20240424/variation_plots/chr21_snps.html	4537552
data_somatic/HG008/Liss_lab/analysis/NIH_HiFi-HiC_Wakhan-CNA_20240424/variation_plots/chr21_snps_counts.html	3605561
data_somatic/HG008/Liss_lab/analysis/NIH_HiFi-HiC_Wakhan-CNA_20240424/variation_plots/chr22_cn.html	3622326
data_somatic/HG008/Liss_lab/analysis/NIH_HiFi-HiC_Wakhan-CNA_20240424/variation_plots/chr22_snps.html	4578236
data_somatic/HG008/Liss_lab/analysis/NIH_HiFi-HiC_Wakhan-CNA_20240424/variation_plots/chr22_snps_counts.html	3607455
data_somatic/HG008/Liss_lab/analysis/NIH_HiFi-HiC_Wakhan-CNA_20240424/variation_plots/chr2_cn.html	3818818
data_somatic/HG008/Liss_lab/analysis/NIH_HiFi-HiC_Wakhan-CNA_20240424/variation_plots/chr2_snps.html	9873729
data_somatic/HG008/Liss_lab/analysis/NIH_HiFi-HiC_Wakhan-CNA_20240424/variation_plots/chr2_snps_counts.html	3704283
data_somatic/HG008/Liss_lab/analysis/NIH_HiFi-HiC_Wakhan-CNA_20240424/variation_plots/chr3_cn.html	3761916
data_somatic/HG008/Liss_lab/analysis/NIH_HiFi-HiC_Wakhan-CNA_20240424/variation_plots/chr3_snps.html	8165574
data_somatic/HG008/Liss_lab/analysis/NIH_HiFi-HiC_Wakhan-CNA_20240424/variation_plots/chr3_snps_counts.html	3680689
data_somatic/HG008/Liss_lab/analysis/NIH_HiFi-HiC_Wakhan-CNA_20240424/variation_plots/chr4_cn.html	3733271
data_somatic/HG008/Liss_lab/analysis/NIH_HiFi-HiC_Wakhan-CNA_20240424/variation_plots/chr4_snps.html	7283161
data_somatic/HG008/Liss_lab/analysis/NIH_HiFi-HiC_Wakhan-CNA_20240424/variation_plots/chr4_snps_counts.html	3675688
data_somatic/HG008/Liss_lab/analysis/NIH_HiFi-HiC_Wakhan-CNA_20240424/variation_plots/chr5_cn.html	3735034
data_somatic/HG008/Liss_lab/analysis/NIH_HiFi-HiC_Wakhan-CNA_20240424/variation_plots/chr5_snps.html	7327978
data_somatic/HG008/Liss_lab/analysis/NIH_HiFi-HiC_Wakhan-CNA_20240424/variation_plots/chr5_snps_counts.html	3671647
data_somatic/HG008/Liss_lab/analysis/NIH_HiFi-HiC_Wakhan-CNA_20240424/variation_plots/chr6_cn.html	3720927
data_somatic/HG008/Liss_lab/analysis/NIH_HiFi-HiC_Wakhan-CNA_20240424/variation_plots/chr6_snps.html	7013685
data_somatic/HG008/Liss_lab/analysis/NIH_HiFi-HiC_Wakhan-CNA_20240424/variation_plots/chr6_snps_counts.html	3665932
data_somatic/HG008/Liss_lab/analysis/NIH_HiFi-HiC_Wakhan-CNA_20240424/variation_plots/chr7_cn.html	3722939
data_somatic/HG008/Liss_lab/analysis/NIH_HiFi-HiC_Wakhan-CNA_20240424/variation_plots/chr7_snps.html	7356094
data_somatic/HG008/Liss_lab/analysis/NIH_HiFi-HiC_Wakhan-CNA_20240424/variation_plots/chr7_snps_counts.html	3661027
data_somatic/HG008/Liss_lab/analysis/NIH_HiFi-HiC_Wakhan-CNA_20240424/variation_plots/chr8_cn.html	3713813
data_somatic/HG008/Liss_lab/analysis/NIH_HiFi-HiC_Wakhan-CNA_20240424/variation_plots/chr8_snps.html	7045997
data_somatic/HG008/Liss_lab/analysis/NIH_HiFi-HiC_Wakhan-CNA_20240424/variation_plots/chr8_snps_counts.html	3653935
data_somatic/HG008/Liss_lab/analysis/NIH_HiFi-HiC_Wakhan-CNA_20240424/variation_plots/chr9_cn.html	3691337
data_somatic/HG008/Liss_lab/analysis/NIH_HiFi-HiC_Wakhan-CNA_20240424/variation_plots/chr9_snps.html	6102066
data_somatic/HG008/Liss_lab/analysis/NIH_HiFi-HiC_Wakhan-CNA_20240424/variation_plots/chr9_snps_counts.html	3649338
data_somatic/HG008/Liss_lab/analysis/NIH_HiFi_Severus-SV_20240308/.DS_Store	8196
data_somatic/HG008/Liss_lab/analysis/NIH_HiFi_Severus-SV_20240308/Clair3/merge_output.vcf.gz	71720255
data_somatic/HG008/Liss_lab/analysis/NIH_HiFi_Severus-SV_20240308/Clair3/merge_output.vcf.gz.tbi	1567811
data_somatic/HG008/Liss_lab/analysis/NIH_HiFi_Severus-SV_20240308/HiPhase/merge_output_hiphase.vcf.gz	78320410
data_somatic/HG008/Liss_lab/analysis/NIH_HiFi_Severus-SV_20240308/HiPhase/merge_output_hiphase.vcf.gz.tbi	1583034
data_somatic/HG008/Liss_lab/analysis/NIH_HiFi_Severus-SV_20240308/README_NIH_Severus.md	6856
data_somatic/HG008/Liss_lab/analysis/NIH_HiFi_Severus-SV_20240308/all_SVs/breakpoint_clusters.tsv	9557
data_somatic/HG008/Liss_lab/analysis/NIH_HiFi_Severus-SV_20240308/all_SVs/breakpoint_clusters_list.tsv	2364
data_somatic/HG008/Liss_lab/analysis/NIH_HiFi_Severus-SV_20240308/all_SVs/breakpoint_graph.gv	53453
data_somatic/HG008/Liss_lab/analysis/NIH_HiFi_Severus-SV_20240308/all_SVs/plots/severus_0.html	3615550
data_somatic/HG008/Liss_lab/analysis/NIH_HiFi_Severus-SV_20240308/all_SVs/plots/severus_1.html	3613030
data_somatic/HG008/Liss_lab/analysis/NIH_HiFi_Severus-SV_20240308/all_SVs/plots/severus_10.html	3611498
data_somatic/HG008/Liss_lab/analysis/NIH_HiFi_Severus-SV_20240308/all_SVs/plots/severus_11.html	3611492
data_somatic/HG008/Liss_lab/analysis/NIH_HiFi_Severus-SV_20240308/all_SVs/plots/severus_12.html	3611131
data_somatic/HG008/Liss_lab/analysis/NIH_HiFi_Severus-SV_20240308/all_SVs/plots/severus_13.html	3610197
data_somatic/HG008/Liss_lab/analysis/NIH_HiFi_Severus-SV_20240308/all_SVs/plots/severus_17.html	3609840
data_somatic/HG008/Liss_lab/analysis/NIH_HiFi_Severus-SV_20240308/all_SVs/plots/severus_2.html	3612126
data_somatic/HG008/Liss_lab/analysis/NIH_HiFi_Severus-SV_20240308/all_SVs/plots/severus_22.html	3610258
data_somatic/HG008/Liss_lab/analysis/NIH_HiFi_Severus-SV_20240308/all_SVs/plots/severus_23.html	3610703
data_somatic/HG008/Liss_lab/analysis/NIH_HiFi_Severus-SV_20240308/all_SVs/plots/severus_25.html	3610134
data_somatic/HG008/Liss_lab/analysis/NIH_HiFi_Severus-SV_20240308/all_SVs/plots/severus_26.html	3610512
data_somatic/HG008/Liss_lab/analysis/NIH_HiFi_Severus-SV_20240308/all_SVs/plots/severus_27.html	3610193
data_somatic/HG008/Liss_lab/analysis/NIH_HiFi_Severus-SV_20240308/all_SVs/plots/severus_28.html	3610536
data_somatic/HG008/Liss_lab/analysis/NIH_HiFi_Severus-SV_20240308/all_SVs/plots/severus_29.html	3610485
data_somatic/HG008/Liss_lab/analysis/NIH_HiFi_Severus-SV_20240308/all_SVs/plots/severus_3.html	3612257
data_somatic/HG008/Liss_lab/analysis/NIH_HiFi_Severus-SV_20240308/all_SVs/plots/severus_30.html	3610171
data_somatic/HG008/Liss_lab/analysis/NIH_HiFi_Severus-SV_20240308/all_SVs/plots/severus_31.html	3610154
data_somatic/HG008/Liss_lab/analysis/NIH_HiFi_Severus-SV_20240308/all_SVs/plots/severus_4.html	3612198
data_somatic/HG008/Liss_lab/analysis/NIH_HiFi_Severus-SV_20240308/all_SVs/plots/severus_5.html	3611720
data_somatic/HG008/Liss_lab/analysis/NIH_HiFi_Severus-SV_20240308/all_SVs/plots/severus_6.html	3611171
data_somatic/HG008/Liss_lab/analysis/NIH_HiFi_Severus-SV_20240308/all_SVs/plots/severus_7.html	3611248
data_somatic/HG008/Liss_lab/analysis/NIH_HiFi_Severus-SV_20240308/all_SVs/plots/severus_8.html	3611209
data_somatic/HG008/Liss_lab/analysis/NIH_HiFi_Severus-SV_20240308/all_SVs/plots/severus_9.html	3611493
data_somatic/HG008/Liss_lab/analysis/NIH_HiFi_Severus-SV_20240308/all_SVs/severus_all.vcf	10831950
data_somatic/HG008/Liss_lab/analysis/NIH_HiFi_Severus-SV_20240308/all_SVs/severus_all.vcf.gz	2060925
data_somatic/HG008/Liss_lab/analysis/NIH_HiFi_Severus-SV_20240308/all_SVs/severus_all.vcf.gz.tbi	184315
data_somatic/HG008/Liss_lab/analysis/NIH_HiFi_Severus-SV_20240308/breakpoints_double.csv	2187972
data_somatic/HG008/Liss_lab/analysis/NIH_HiFi_Severus-SV_20240308/checksums.md5	3366
data_somatic/HG008/Liss_lab/analysis/NIH_HiFi_Severus-SV_20240308/read_qual.txt	505
data_somatic/HG008/Liss_lab/analysis/NIH_HiFi_Severus-SV_20240308/severus.log	3427
data_somatic/HG008/Liss_lab/analysis/NIH_HiFi_Severus-SV_20240308/somatic_SVs/breakpoint_clusters.tsv	3577
data_somatic/HG008/Liss_lab/analysis/NIH_HiFi_Severus-SV_20240308/somatic_SVs/breakpoint_clusters_list.tsv	957
data_somatic/HG008/Liss_lab/analysis/NIH_HiFi_Severus-SV_20240308/somatic_SVs/breakpoint_graph.gv	18721
data_somatic/HG008/Liss_lab/analysis/NIH_HiFi_Severus-SV_20240308/somatic_SVs/plots/severus_0.html	3611493
data_somatic/HG008/Liss_lab/analysis/NIH_HiFi_Severus-SV_20240308/somatic_SVs/plots/severus_1.html	3611497
data_somatic/HG008/Liss_lab/analysis/NIH_HiFi_Severus-SV_20240308/somatic_SVs/plots/severus_2.html	3611491
data_somatic/HG008/Liss_lab/analysis/NIH_HiFi_Severus-SV_20240308/somatic_SVs/plots/severus_3.html	3611165
data_somatic/HG008/Liss_lab/analysis/NIH_HiFi_Severus-SV_20240308/somatic_SVs/plots/severus_4.html	3610511
data_somatic/HG008/Liss_lab/analysis/NIH_HiFi_Severus-SV_20240308/somatic_SVs/plots/severus_5.html	3610192
data_somatic/HG008/Liss_lab/analysis/NIH_HiFi_Severus-SV_20240308/somatic_SVs/plots/severus_6.html	3610535
data_somatic/HG008/Liss_lab/analysis/NIH_HiFi_Severus-SV_20240308/somatic_SVs/plots/severus_7.html	3610484
data_somatic/HG008/Liss_lab/analysis/NIH_HiFi_Severus-SV_20240308/somatic_SVs/plots/severus_8.html	3610170
data_somatic/HG008/Liss_lab/analysis/NIH_HiFi_Severus-SV_20240308/somatic_SVs/plots/severus_9.html	3610153
data_somatic/HG008/Liss_lab/analysis/NIH_HiFi_Severus-SV_20240308/somatic_SVs/severus_somatic.vcf	106774
data_somatic/HG008/Liss_lab/analysis/NIH_HiFi_Severus-SV_20240308/somatic_SVs/severus_somatic.vcf.gz	21006
data_somatic/HG008/Liss_lab/analysis/NIH_HiFi_Severus-SV_20240308/somatic_SVs/severus_somatic.vcf.gz.tbi	7258
data_somatic/HG008/Liss_lab/analysis/NIH_HiFi_Wakhan-CNA_20240308/.DS_Store	8196
data_somatic/HG008/Liss_lab/analysis/NIH_HiFi_Wakhan-CNA_20240308/HG008_HiFi_genome_copynumber.html	8301705
data_somatic/HG008/Liss_lab/analysis/NIH_HiFi_Wakhan-CNA_20240308/README_NIH_Wakhan.md	6166
data_somatic/HG008/Liss_lab/analysis/NIH_HiFi_Wakhan-CNA_20240308/bed_output/HG008_HiFi_copynumbers_segments.bed	6779
data_somatic/HG008/Liss_lab/analysis/NIH_HiFi_Wakhan-CNA_20240308/bed_output/HG008_HiFi_loh_segments.bed	939
data_somatic/HG008/Liss_lab/analysis/NIH_HiFi_Wakhan-CNA_20240308/bed_output/HG008_HiFi_snps_counts_cn_regions.bed	3358
data_somatic/HG008/Liss_lab/analysis/NIH_HiFi_Wakhan-CNA_20240308/checksums.md5	6326
data_somatic/HG008/Liss_lab/analysis/NIH_HiFi_Wakhan-CNA_20240308/coverage_plots/COVERAGE_INDEX.html	1505
data_somatic/HG008/Liss_lab/analysis/NIH_HiFi_Wakhan-CNA_20240308/coverage_plots/chr10_cov.html	3791712
data_somatic/HG008/Liss_lab/analysis/NIH_HiFi_Wakhan-CNA_20240308/coverage_plots/chr11_cov.html	3777394
data_somatic/HG008/Liss_lab/analysis/NIH_HiFi_Wakhan-CNA_20240308/coverage_plots/chr12_cov.html	3730744
data_somatic/HG008/Liss_lab/analysis/NIH_HiFi_Wakhan-CNA_20240308/coverage_plots/chr13_cov.html	3739220
data_somatic/HG008/Liss_lab/analysis/NIH_HiFi_Wakhan-CNA_20240308/coverage_plots/chr14_cov.html	3732933
data_somatic/HG008/Liss_lab/analysis/NIH_HiFi_Wakhan-CNA_20240308/coverage_plots/chr15_cov.html	3726095
data_somatic/HG008/Liss_lab/analysis/NIH_HiFi_Wakhan-CNA_20240308/coverage_plots/chr16_cov.html	3692210
data_somatic/HG008/Liss_lab/analysis/NIH_HiFi_Wakhan-CNA_20240308/coverage_plots/chr17_cov.html	3661034
data_somatic/HG008/Liss_lab/analysis/NIH_HiFi_Wakhan-CNA_20240308/coverage_plots/chr18_cov.html	3673669
data_somatic/HG008/Liss_lab/analysis/NIH_HiFi_Wakhan-CNA_20240308/coverage_plots/chr19_cov.html	3641009
data_somatic/HG008/Liss_lab/analysis/NIH_HiFi_Wakhan-CNA_20240308/coverage_plots/chr1_cov.html	3879169
data_somatic/HG008/Liss_lab/analysis/NIH_HiFi_Wakhan-CNA_20240308/coverage_plots/chr20_cov.html	3670327
data_somatic/HG008/Liss_lab/analysis/NIH_HiFi_Wakhan-CNA_20240308/coverage_plots/chr21_cov.html	3628411
data_somatic/HG008/Liss_lab/analysis/NIH_HiFi_Wakhan-CNA_20240308/coverage_plots/chr22_cov.html	3630292
data_somatic/HG008/Liss_lab/analysis/NIH_HiFi_Wakhan-CNA_20240308/coverage_plots/chr2_cov.html	3948258
data_somatic/HG008/Liss_lab/analysis/NIH_HiFi_Wakhan-CNA_20240308/coverage_plots/chr3_cov.html	3836849
data_somatic/HG008/Liss_lab/analysis/NIH_HiFi_Wakhan-CNA_20240308/coverage_plots/chr4_cov.html	3763956
data_somatic/HG008/Liss_lab/analysis/NIH_HiFi_Wakhan-CNA_20240308/coverage_plots/chr5_cov.html	3783196
data_somatic/HG008/Liss_lab/analysis/NIH_HiFi_Wakhan-CNA_20240308/coverage_plots/chr6_cov.html	3752707
data_somatic/HG008/Liss_lab/analysis/NIH_HiFi_Wakhan-CNA_20240308/coverage_plots/chr7_cov.html	3770148
data_somatic/HG008/Liss_lab/analysis/NIH_HiFi_Wakhan-CNA_20240308/coverage_plots/chr8_cov.html	3777015
data_somatic/HG008/Liss_lab/analysis/NIH_HiFi_Wakhan-CNA_20240308/coverage_plots/chr9_cov.html	3713791
data_somatic/HG008/Liss_lab/analysis/NIH_HiFi_Wakhan-CNA_20240308/variation_plots/SNPs_LOH_CNs_INDEX.html	4611
data_somatic/HG008/Liss_lab/analysis/NIH_HiFi_Wakhan-CNA_20240308/variation_plots/chr10_cn.html	3715827
data_somatic/HG008/Liss_lab/analysis/NIH_HiFi_Wakhan-CNA_20240308/variation_plots/chr10_snps.html	3734470
data_somatic/HG008/Liss_lab/analysis/NIH_HiFi_Wakhan-CNA_20240308/variation_plots/chr10_snps_counts.html	3649094
data_somatic/HG008/Liss_lab/analysis/NIH_HiFi_Wakhan-CNA_20240308/variation_plots/chr11_cn.html	3713573
data_somatic/HG008/Liss_lab/analysis/NIH_HiFi_Wakhan-CNA_20240308/variation_plots/chr11_snps.html	3735051
data_somatic/HG008/Liss_lab/analysis/NIH_HiFi_Wakhan-CNA_20240308/variation_plots/chr11_snps_counts.html	3649530
data_somatic/HG008/Liss_lab/analysis/NIH_HiFi_Wakhan-CNA_20240308/variation_plots/chr12_cn.html	3694803
data_somatic/HG008/Liss_lab/analysis/NIH_HiFi_Wakhan-CNA_20240308/variation_plots/chr12_snps.html	3734300
data_somatic/HG008/Liss_lab/analysis/NIH_HiFi_Wakhan-CNA_20240308/variation_plots/chr12_snps_counts.html	3647541
data_somatic/HG008/Liss_lab/analysis/NIH_HiFi_Wakhan-CNA_20240308/variation_plots/chr13_cn.html	3686687
data_somatic/HG008/Liss_lab/analysis/NIH_HiFi_Wakhan-CNA_20240308/variation_plots/chr13_snps.html	3695541
data_somatic/HG008/Liss_lab/analysis/NIH_HiFi_Wakhan-CNA_20240308/variation_plots/chr13_snps_counts.html	3638579
data_somatic/HG008/Liss_lab/analysis/NIH_HiFi_Wakhan-CNA_20240308/variation_plots/chr14_cn.html	3678926
data_somatic/HG008/Liss_lab/analysis/NIH_HiFi_Wakhan-CNA_20240308/variation_plots/chr14_snps.html	3684523
data_somatic/HG008/Liss_lab/analysis/NIH_HiFi_Wakhan-CNA_20240308/variation_plots/chr14_snps_counts.html	3634397
data_somatic/HG008/Liss_lab/analysis/NIH_HiFi_Wakhan-CNA_20240308/variation_plots/chr15_cn.html	3675644
data_somatic/HG008/Liss_lab/analysis/NIH_HiFi_Wakhan-CNA_20240308/variation_plots/chr15_snps.html	3679094
data_somatic/HG008/Liss_lab/analysis/NIH_HiFi_Wakhan-CNA_20240308/variation_plots/chr15_snps_counts.html	3632080
data_somatic/HG008/Liss_lab/analysis/NIH_HiFi_Wakhan-CNA_20240308/variation_plots/chr16_cn.html	3661462
data_somatic/HG008/Liss_lab/analysis/NIH_HiFi_Wakhan-CNA_20240308/variation_plots/chr16_snps.html	3675735
data_somatic/HG008/Liss_lab/analysis/NIH_HiFi_Wakhan-CNA_20240308/variation_plots/chr16_snps_counts.html	3626305
data_somatic/HG008/Liss_lab/analysis/NIH_HiFi_Wakhan-CNA_20240308/variation_plots/chr17_cn.html	3649273
data_somatic/HG008/Liss_lab/analysis/NIH_HiFi_Wakhan-CNA_20240308/variation_plots/chr17_snps.html	3673842
data_somatic/HG008/Liss_lab/analysis/NIH_HiFi_Wakhan-CNA_20240308/variation_plots/chr17_snps_counts.html	3622647
data_somatic/HG008/Liss_lab/analysis/NIH_HiFi_Wakhan-CNA_20240308/variation_plots/chr18_cn.html	3652474
data_somatic/HG008/Liss_lab/analysis/NIH_HiFi_Wakhan-CNA_20240308/variation_plots/chr18_snps.html	3670652
data_somatic/HG008/Liss_lab/analysis/NIH_HiFi_Wakhan-CNA_20240308/variation_plots/chr18_snps_counts.html	3621498
data_somatic/HG008/Liss_lab/analysis/NIH_HiFi_Wakhan-CNA_20240308/variation_plots/chr19_cn.html	3631929
data_somatic/HG008/Liss_lab/analysis/NIH_HiFi_Wakhan-CNA_20240308/variation_plots/chr19_snps.html	3647253
data_somatic/HG008/Liss_lab/analysis/NIH_HiFi_Wakhan-CNA_20240308/variation_plots/chr19_snps_counts.html	3611481
data_somatic/HG008/Liss_lab/analysis/NIH_HiFi_Wakhan-CNA_20240308/variation_plots/chr1_cn.html	3796411
data_somatic/HG008/Liss_lab/analysis/NIH_HiFi_Wakhan-CNA_20240308/variation_plots/chr1_snps.html	3846905
data_somatic/HG008/Liss_lab/analysis/NIH_HiFi_Wakhan-CNA_20240308/variation_plots/chr1_snps_counts.html	3705983
data_somatic/HG008/Liss_lab/analysis/NIH_HiFi_Wakhan-CNA_20240308/variation_plots/chr20_cn.html	3644154
data_somatic/HG008/Liss_lab/analysis/NIH_HiFi_Wakhan-CNA_20240308/variation_plots/chr20_snps.html	3655877
data_somatic/HG008/Liss_lab/analysis/NIH_HiFi_Wakhan-CNA_20240308/variation_plots/chr20_snps_counts.html	3614295
data_somatic/HG008/Liss_lab/analysis/NIH_HiFi_Wakhan-CNA_20240308/variation_plots/chr21_cn.html	3620121
data_somatic/HG008/Liss_lab/analysis/NIH_HiFi_Wakhan-CNA_20240308/variation_plots/chr21_snps.html	3625867
data_somatic/HG008/Liss_lab/analysis/NIH_HiFi_Wakhan-CNA_20240308/variation_plots/chr21_snps_counts.html	3605558
data_somatic/HG008/Liss_lab/analysis/NIH_HiFi_Wakhan-CNA_20240308/variation_plots/chr22_cn.html	3622110
data_somatic/HG008/Liss_lab/analysis/NIH_HiFi_Wakhan-CNA_20240308/variation_plots/chr22_snps.html	3626842
data_somatic/HG008/Liss_lab/analysis/NIH_HiFi_Wakhan-CNA_20240308/variation_plots/chr22_snps_counts.html	3607452
data_somatic/HG008/Liss_lab/analysis/NIH_HiFi_Wakhan-CNA_20240308/variation_plots/chr2_cn.html	3819294
data_somatic/HG008/Liss_lab/analysis/NIH_HiFi_Wakhan-CNA_20240308/variation_plots/chr2_snps.html	3858884
data_somatic/HG008/Liss_lab/analysis/NIH_HiFi_Wakhan-CNA_20240308/variation_plots/chr2_snps_counts.html	3704280
data_somatic/HG008/Liss_lab/analysis/NIH_HiFi_Wakhan-CNA_20240308/variation_plots/chr3_cn.html	3761452
data_somatic/HG008/Liss_lab/analysis/NIH_HiFi_Wakhan-CNA_20240308/variation_plots/chr3_snps.html	3810508
data_somatic/HG008/Liss_lab/analysis/NIH_HiFi_Wakhan-CNA_20240308/variation_plots/chr3_snps_counts.html	3680686
data_somatic/HG008/Liss_lab/analysis/NIH_HiFi_Wakhan-CNA_20240308/variation_plots/chr4_cn.html	3732933
data_somatic/HG008/Liss_lab/analysis/NIH_HiFi_Wakhan-CNA_20240308/variation_plots/chr4_snps.html	3801638
data_somatic/HG008/Liss_lab/analysis/NIH_HiFi_Wakhan-CNA_20240308/variation_plots/chr4_snps_counts.html	3675685
data_somatic/HG008/Liss_lab/analysis/NIH_HiFi_Wakhan-CNA_20240308/variation_plots/chr5_cn.html	3735812
data_somatic/HG008/Liss_lab/analysis/NIH_HiFi_Wakhan-CNA_20240308/variation_plots/chr5_snps.html	3789186
data_somatic/HG008/Liss_lab/analysis/NIH_HiFi_Wakhan-CNA_20240308/variation_plots/chr5_snps_counts.html	3671644
data_somatic/HG008/Liss_lab/analysis/NIH_HiFi_Wakhan-CNA_20240308/variation_plots/chr6_cn.html	3720946
data_somatic/HG008/Liss_lab/analysis/NIH_HiFi_Wakhan-CNA_20240308/variation_plots/chr6_snps.html	3778620
data_somatic/HG008/Liss_lab/analysis/NIH_HiFi_Wakhan-CNA_20240308/variation_plots/chr6_snps_counts.html	3665929
data_somatic/HG008/Liss_lab/analysis/NIH_HiFi_Wakhan-CNA_20240308/variation_plots/chr7_cn.html	3722569
data_somatic/HG008/Liss_lab/analysis/NIH_HiFi_Wakhan-CNA_20240308/variation_plots/chr7_snps.html	3764919
data_somatic/HG008/Liss_lab/analysis/NIH_HiFi_Wakhan-CNA_20240308/variation_plots/chr7_snps_counts.html	3661024
data_somatic/HG008/Liss_lab/analysis/NIH_HiFi_Wakhan-CNA_20240308/variation_plots/chr8_cn.html	3714049
data_somatic/HG008/Liss_lab/analysis/NIH_HiFi_Wakhan-CNA_20240308/variation_plots/chr8_snps.html	3748357
data_somatic/HG008/Liss_lab/analysis/NIH_HiFi_Wakhan-CNA_20240308/variation_plots/chr8_snps_counts.html	3653932
data_somatic/HG008/Liss_lab/analysis/NIH_HiFi_Wakhan-CNA_20240308/variation_plots/chr9_cn.html	3691518
data_somatic/HG008/Liss_lab/analysis/NIH_HiFi_Wakhan-CNA_20240308/variation_plots/chr9_snps.html	3721940
data_somatic/HG008/Liss_lab/analysis/NIH_HiFi_Wakhan-CNA_20240308/variation_plots/chr9_snps_counts.html	3649335
data_somatic/HG008/Liss_lab/analysis/NIH_HiFi_Wakhan-CNA_20240308/vcf_inputs/merge_output.vcf.gz	71720255
data_somatic/HG008/Liss_lab/analysis/NIH_HiFi_Wakhan-CNA_20240308/vcf_inputs/merge_output_tumor.vcf.gz	65617957
data_somatic/HG008/Liss_lab/analysis/NIH_HiFi_mm2_mapping/HG008-N-P_PacBio-HiFi-Revio_20240125_35x_GRCh38-GIABv3_mm2.bam	48618074845
data_somatic/HG008/Liss_lab/analysis/NIH_HiFi_mm2_mapping/HG008-N-P_PacBio-HiFi-Revio_20240125_35x_GRCh38-GIABv3_mm2.bam.bai	11670096
data_somatic/HG008/Liss_lab/analysis/NIH_HiFi_mm2_mapping/HG008-T_PacBio-HiFi-Revio_20240125_116x_GRCh38-GIABv3_mm2.bam	114622750962
data_somatic/HG008/Liss_lab/analysis/NIH_HiFi_mm2_mapping/HG008-T_PacBio-HiFi-Revio_20240125_116x_GRCh38-GIABv3_mm2.bam.bai	25629688
data_somatic/HG008/Liss_lab/analysis/NIH_HiFi_mm2_mapping/README_NIH_HiFi-mm2.md	5906
data_somatic/HG008/Liss_lab/analysis/NIH_HiFi_mm2_mapping/checksums.md5	394
data_somatic/HG008/Liss_lab/analysis/NIST_HG008-T_somatic-stvar_DraftBenchmark_V0.1-20241219/GRCh38_HG008-T-V0.1_somatic-stvar.draftbenchmark.bed	9966
data_somatic/HG008/Liss_lab/analysis/NIST_HG008-T_somatic-stvar_DraftBenchmark_V0.1-20241219/GRCh38_HG008-T-V0.1_somatic-stvar_ALL.draftbenchmark.vcf.gz	9615
data_somatic/HG008/Liss_lab/analysis/NIST_HG008-T_somatic-stvar_DraftBenchmark_V0.1-20241219/GRCh38_HG008-T-V0.1_somatic-stvar_ALL.draftbenchmark.vcf.gz.tbi	6006
data_somatic/HG008/Liss_lab/analysis/NIST_HG008-T_somatic-stvar_DraftBenchmark_V0.1-20241219/GRCh38_HG008-T-V0.1_somatic-stvar_PASS.draftbenchmark.vcf.gz	7298
data_somatic/HG008/Liss_lab/analysis/NIST_HG008-T_somatic-stvar_DraftBenchmark_V0.1-20241219/GRCh38_HG008-T-V0.1_somatic-stvar_PASS.draftbenchmark.vcf.gz.tbi	4859
data_somatic/HG008/Liss_lab/analysis/NIST_HG008-T_somatic-stvar_DraftBenchmark_V0.1-20241219/README.md	7339
data_somatic/HG008/Liss_lab/analysis/NIST_HG008-T_somatic-stvar_DraftBenchmark_V0.1-20241219/checksums.md5	565
data_somatic/HG008/Liss_lab/analysis/NIST_HG008-T_somatic-stvar_DraftBenchmark_V0.2-20250110/20240513_v0.016_HG008N_defrabb_run/20240513_v0.016_HG008N.tar.gz	7778531736
data_somatic/HG008/Liss_lab/analysis/NIST_HG008-T_somatic-stvar_DraftBenchmark_V0.2-20250110/20240513_v0.016_HG008N_defrabb_run/GRCh38_HG8N-HiFiAsm2024040317_stvar_dipcall-z2k.benchmark.bed	8925
data_somatic/HG008/Liss_lab/analysis/NIST_HG008-T_somatic-stvar_DraftBenchmark_V0.2-20250110/GRCh38_HG008-T-V0.2_somatic-stvar.draftbenchmark.bed	9606
data_somatic/HG008/Liss_lab/analysis/NIST_HG008-T_somatic-stvar_DraftBenchmark_V0.2-20250110/GRCh38_HG008-T-V0.2_somatic-stvar_ALL.draftbenchmark.vcf.gz	10243
data_somatic/HG008/Liss_lab/analysis/NIST_HG008-T_somatic-stvar_DraftBenchmark_V0.2-20250110/GRCh38_HG008-T-V0.2_somatic-stvar_ALL.draftbenchmark.vcf.gz.tbi	6187
data_somatic/HG008/Liss_lab/analysis/NIST_HG008-T_somatic-stvar_DraftBenchmark_V0.2-20250110/GRCh38_HG008-T-V0.2_somatic-stvar_PASS.draftbenchmark.vcf.gz	8123
data_somatic/HG008/Liss_lab/analysis/NIST_HG008-T_somatic-stvar_DraftBenchmark_V0.2-20250110/GRCh38_HG008-T-V0.2_somatic-stvar_PASS.draftbenchmark.vcf.gz.tbi	5269
data_somatic/HG008/Liss_lab/analysis/NIST_HG008-T_somatic-stvar_DraftBenchmark_V0.2-20250110/README.md	19956
data_somatic/HG008/Liss_lab/analysis/NIST_HG008-T_somatic-stvar_DraftBenchmark_V0.2-20250110/checksums.md5	703
data_somatic/HG008/Liss_lab/analysis/NIST_HG008-T_somatic-stvar_DraftBenchmark_V0.3-20250220/GRCh38_HG008-T-V0.3_somatic-stvar.draftbenchmark.bed	18374
data_somatic/HG008/Liss_lab/analysis/NIST_HG008-T_somatic-stvar_DraftBenchmark_V0.3-20250220/GRCh38_HG008-T-V0.3_somatic-stvar_ALL.draftbenchmark.vcf.gz	10816
data_somatic/HG008/Liss_lab/analysis/NIST_HG008-T_somatic-stvar_DraftBenchmark_V0.3-20250220/GRCh38_HG008-T-V0.3_somatic-stvar_ALL.draftbenchmark.vcf.gz.tbi	6332
data_somatic/HG008/Liss_lab/analysis/NIST_HG008-T_somatic-stvar_DraftBenchmark_V0.3-20250220/GRCh38_HG008-T-V0.3_somatic-stvar_PASS.draftbenchmark.vcf.gz	8035
data_somatic/HG008/Liss_lab/analysis/NIST_HG008-T_somatic-stvar_DraftBenchmark_V0.3-20250220/GRCh38_HG008-T-V0.3_somatic-stvar_PASS.draftbenchmark.vcf.gz.tbi	5311
data_somatic/HG008/Liss_lab/analysis/NIST_HG008-T_somatic-stvar_DraftBenchmark_V0.3-20250220/README.md	26477
data_somatic/HG008/Liss_lab/analysis/NIST_HG008-T_somatic-stvar_DraftBenchmark_V0.3-20250220/checksums.txt	473
data_somatic/HG008/Liss_lab/analysis/NYGC-somatic-pipeline_20240412/GRCh37/GRCh37_NYGC-somatic-pipeline-manifest.csv	31929
data_somatic/HG008/Liss_lab/analysis/NYGC-somatic-pipeline_20240412/GRCh37/GRCh37_hs37d5.v7.report.html	6484194
data_somatic/HG008/Liss_lab/analysis/NYGC-somatic-pipeline_20240412/GRCh37/HG008-N.autocorroutput.1.100.txt	12
data_somatic/HG008/Liss_lab/analysis/NYGC-somatic-pipeline_20240412/GRCh37/HG008-N.binest.coverage.png	176937
data_somatic/HG008/Liss_lab/analysis/NYGC-somatic-pipeline_20240412/GRCh37/HG008-N.binest.coverage.txt	8453308
data_somatic/HG008/Liss_lab/analysis/NYGC-somatic-pipeline_20240412/GRCh37/HG008-N.binest.sex.txt	111
data_somatic/HG008/Liss_lab/analysis/NYGC-somatic-pipeline_20240412/GRCh37/HG008-N.contamination.table	77
data_somatic/HG008/Liss_lab/analysis/NYGC-somatic-pipeline_20240412/GRCh37/HG008-T--HG008-N.bicseq2.png	21332
data_somatic/HG008/Liss_lab/analysis/NYGC-somatic-pipeline_20240412/GRCh37/HG008-T--HG008-N.bicseq2.txt	23986
data_somatic/HG008/Liss_lab/analysis/NYGC-somatic-pipeline_20240412/GRCh37/HG008-T--HG008-N.indel.strelka2.vcf.gz	17056364
data_somatic/HG008/Liss_lab/analysis/NYGC-somatic-pipeline_20240412/GRCh37/HG008-T--HG008-N.indel.strelka2.vcf.gz.tbi	733066
data_somatic/HG008/Liss_lab/analysis/NYGC-somatic-pipeline_20240412/GRCh37/HG008-T--HG008-N.lancet.vcf.gz	16578635
data_somatic/HG008/Liss_lab/analysis/NYGC-somatic-pipeline_20240412/GRCh37/HG008-T--HG008-N.lancet.vcf.gz.tbi	546354
data_somatic/HG008/Liss_lab/analysis/NYGC-somatic-pipeline_20240412/GRCh37/HG008-T--HG008-N.manta.filtered.vcf.gz	16554
data_somatic/HG008/Liss_lab/analysis/NYGC-somatic-pipeline_20240412/GRCh37/HG008-T--HG008-N.manta.filtered.vcf.gz.tbi	5961
data_somatic/HG008/Liss_lab/analysis/NYGC-somatic-pipeline_20240412/GRCh37/HG008-T--HG008-N.manta.vcf.gz	21179
data_somatic/HG008/Liss_lab/analysis/NYGC-somatic-pipeline_20240412/GRCh37/HG008-T--HG008-N.manta.vcf.gz.tbi	6939
data_somatic/HG008/Liss_lab/analysis/NYGC-somatic-pipeline_20240412/GRCh37/HG008-T--HG008-N.merged.v7.vcf.gz	4020354
data_somatic/HG008/Liss_lab/analysis/NYGC-somatic-pipeline_20240412/GRCh37/HG008-T--HG008-N.merged.v7.vcf.gz.tbi	196205
data_somatic/HG008/Liss_lab/analysis/NYGC-somatic-pipeline_20240412/GRCh37/HG008-T--HG008-N.mutect2.vcf.gz	11615868
data_somatic/HG008/Liss_lab/analysis/NYGC-somatic-pipeline_20240412/GRCh37/HG008-T--HG008-N.mutect2.vcf.gz.tbi	497932
data_somatic/HG008/Liss_lab/analysis/NYGC-somatic-pipeline_20240412/GRCh37/HG008-T--HG008-N.snv.indel.final.v7.annotated.vcf.gz	6400759
data_somatic/HG008/Liss_lab/analysis/NYGC-somatic-pipeline_20240412/GRCh37/HG008-T--HG008-N.snv.indel.final.v7.annotated.vcf.gz.tbi	196844
data_somatic/HG008/Liss_lab/analysis/NYGC-somatic-pipeline_20240412/GRCh37/HG008-T--HG008-N.snv.indel.high_confidence.v7.annotated.vcf.gz	3220710
data_somatic/HG008/Liss_lab/analysis/NYGC-somatic-pipeline_20240412/GRCh37/HG008-T--HG008-N.snv.indel.high_confidence.v7.annotated.vcf.gz.tbi	135284
data_somatic/HG008/Liss_lab/analysis/NYGC-somatic-pipeline_20240412/GRCh37/HG008-T--HG008-N.snv.strelka2.vcf.gz	59184655
data_somatic/HG008/Liss_lab/analysis/NYGC-somatic-pipeline_20240412/GRCh37/HG008-T--HG008-N.snv.strelka2.vcf.gz.tbi	1271276
data_somatic/HG008/Liss_lab/analysis/NYGC-somatic-pipeline_20240412/GRCh37/HG008-T--HG008-N.sv.gridss.vcf.gz	76009
data_somatic/HG008/Liss_lab/analysis/NYGC-somatic-pipeline_20240412/GRCh37/HG008-T--HG008-N.sv.gridss.vcf.gz.tbi	19717
data_somatic/HG008/Liss_lab/analysis/NYGC-somatic-pipeline_20240412/GRCh37/HG008-T.autocorroutput.1.100.txt	11
data_somatic/HG008/Liss_lab/analysis/NYGC-somatic-pipeline_20240412/GRCh37/HG008-T.binest.coverage.png	222011
data_somatic/HG008/Liss_lab/analysis/NYGC-somatic-pipeline_20240412/GRCh37/HG008-T.binest.coverage.txt	8448770
data_somatic/HG008/Liss_lab/analysis/NYGC-somatic-pipeline_20240412/GRCh37/HG008-T.binest.sex.txt	112
data_somatic/HG008/Liss_lab/analysis/NYGC-somatic-pipeline_20240412/GRCh37/HG008-T.contamination.table	77
data_somatic/HG008/Liss_lab/analysis/NYGC-somatic-pipeline_20240412/GRCh37/NYGC-somatic-pipeline-archived-GRCh37.tar.gz	134526810
data_somatic/HG008/Liss_lab/analysis/NYGC-somatic-pipeline_20240412/GRCh37/checksums.md5	2468
data_somatic/HG008/Liss_lab/analysis/NYGC-somatic-pipeline_20240412/GRCh38-GIABv3/GRCh38-GIABv3_NYGC-somatic-pipeline-manifest.csv	16354
data_somatic/HG008/Liss_lab/analysis/NYGC-somatic-pipeline_20240412/GRCh38-GIABv3/GRCh38_GIABv3_no_altToHuman_GRCh38_hla.v7.report.html	8535009
data_somatic/HG008/Liss_lab/analysis/NYGC-somatic-pipeline_20240412/GRCh38-GIABv3/HG008-N.haplotypecaller.gatk.annotated.unfiltered.vcf.gz	1603310244
data_somatic/HG008/Liss_lab/analysis/NYGC-somatic-pipeline_20240412/GRCh38-GIABv3/HG008-N.haplotypecaller.gatk.annotated.unfiltered.vcf.gz.tbi	1994445
data_somatic/HG008/Liss_lab/analysis/NYGC-somatic-pipeline_20240412/GRCh38-GIABv3/HG008-N.haplotypecaller.gatk.annotated.vcf.gz	238303612
data_somatic/HG008/Liss_lab/analysis/NYGC-somatic-pipeline_20240412/GRCh38-GIABv3/HG008-N.haplotypecaller.gatk.annotated.vcf.gz.tbi	1486346
data_somatic/HG008/Liss_lab/analysis/NYGC-somatic-pipeline_20240412/GRCh38-GIABv3/HG008-N.kourami.result	543
data_somatic/HG008/Liss_lab/analysis/NYGC-somatic-pipeline_20240412/GRCh38-GIABv3/HG008-N_continental.qopt	57
data_somatic/HG008/Liss_lab/analysis/NYGC-somatic-pipeline_20240412/GRCh38-GIABv3/HG008-Npopulation.qopt	255
data_somatic/HG008/Liss_lab/analysis/NYGC-somatic-pipeline_20240412/GRCh38-GIABv3/HG008-T--HG008-N.bicseq2.png	20334
data_somatic/HG008/Liss_lab/analysis/NYGC-somatic-pipeline_20240412/GRCh38-GIABv3/HG008-T--HG008-N.bicseq2.txt	19602
data_somatic/HG008/Liss_lab/analysis/NYGC-somatic-pipeline_20240412/GRCh38-GIABv3/HG008-T--HG008-N.cnv.annotated.v7.final.bed	36428
data_somatic/HG008/Liss_lab/analysis/NYGC-somatic-pipeline_20240412/GRCh38-GIABv3/HG008-T--HG008-N.cnv.annotated.v7.supplemental.bed	542077
data_somatic/HG008/Liss_lab/analysis/NYGC-somatic-pipeline_20240412/GRCh38-GIABv3/HG008-T--HG008-N.cosmic.v3.2.deconstructSigs.signatures.highconfidence.counts.txt	1049
data_somatic/HG008/Liss_lab/analysis/NYGC-somatic-pipeline_20240412/GRCh38-GIABv3/HG008-T--HG008-N.cosmic.v3.2.deconstructSigs.signatures.highconfidence.reconstructed.txt	2673
data_somatic/HG008/Liss_lab/analysis/NYGC-somatic-pipeline_20240412/GRCh38-GIABv3/HG008-T--HG008-N.indel.strelka2.vcf.gz	17335954
data_somatic/HG008/Liss_lab/analysis/NYGC-somatic-pipeline_20240412/GRCh38-GIABv3/HG008-T--HG008-N.indel.strelka2.vcf.gz.tbi	743332
data_somatic/HG008/Liss_lab/analysis/NYGC-somatic-pipeline_20240412/GRCh38-GIABv3/HG008-T--HG008-N.lancet.vcf.gz	17900363
data_somatic/HG008/Liss_lab/analysis/NYGC-somatic-pipeline_20240412/GRCh38-GIABv3/HG008-T--HG008-N.lancet.vcf.gz.tbi	589870
data_somatic/HG008/Liss_lab/analysis/NYGC-somatic-pipeline_20240412/GRCh38-GIABv3/HG008-T--HG008-N.manta.filtered.vcf.gz	19804
data_somatic/HG008/Liss_lab/analysis/NYGC-somatic-pipeline_20240412/GRCh38-GIABv3/HG008-T--HG008-N.manta.filtered.vcf.gz.tbi	6113
data_somatic/HG008/Liss_lab/analysis/NYGC-somatic-pipeline_20240412/GRCh38-GIABv3/HG008-T--HG008-N.mantis.WGS-targeted.status.final.tsv	49
data_somatic/HG008/Liss_lab/analysis/NYGC-somatic-pipeline_20240412/GRCh38-GIABv3/HG008-T--HG008-N.mutect2.vcf.gz	24374691
data_somatic/HG008/Liss_lab/analysis/NYGC-somatic-pipeline_20240412/GRCh38-GIABv3/HG008-T--HG008-N.mutect2.vcf.gz.tbi	550439
data_somatic/HG008/Liss_lab/analysis/NYGC-somatic-pipeline_20240412/GRCh38-GIABv3/HG008-T--HG008-N.snv.indel.final.v7.annotated.vcf.gz	562745
data_somatic/HG008/Liss_lab/analysis/NYGC-somatic-pipeline_20240412/GRCh38-GIABv3/HG008-T--HG008-N.snv.indel.final.v7.annotated.vcf.gz.tbi	138317
data_somatic/HG008/Liss_lab/analysis/NYGC-somatic-pipeline_20240412/GRCh38-GIABv3/HG008-T--HG008-N.snv.indel.high_confidence.v7.annotated.vcf.gz	408246
data_somatic/HG008/Liss_lab/analysis/NYGC-somatic-pipeline_20240412/GRCh38-GIABv3/HG008-T--HG008-N.snv.indel.high_confidence.v7.annotated.vcf.gz.tbi	120008
data_somatic/HG008/Liss_lab/analysis/NYGC-somatic-pipeline_20240412/GRCh38-GIABv3/HG008-T--HG008-N.snv.indel.supplemental.v7.annotated.vcf.gz	7391186
data_somatic/HG008/Liss_lab/analysis/NYGC-somatic-pipeline_20240412/GRCh38-GIABv3/HG008-T--HG008-N.snv.indel.supplemental.v7.annotated.vcf.gz.tbi	201304
data_somatic/HG008/Liss_lab/analysis/NYGC-somatic-pipeline_20240412/GRCh38-GIABv3/HG008-T--HG008-N.snv.strelka2.vcf.gz	60813070
data_somatic/HG008/Liss_lab/analysis/NYGC-somatic-pipeline_20240412/GRCh38-GIABv3/HG008-T--HG008-N.snv.strelka2.vcf.gz.tbi	1259434
data_somatic/HG008/Liss_lab/analysis/NYGC-somatic-pipeline_20240412/GRCh38-GIABv3/HG008-T--HG008-N.sv.annotated.v7.somatic.final.bedpe	40848
data_somatic/HG008/Liss_lab/analysis/NYGC-somatic-pipeline_20240412/GRCh38-GIABv3/HG008-T--HG008-N.sv.annotated.v7.somatic.high_confidence.final.bedpe	34272
data_somatic/HG008/Liss_lab/analysis/NYGC-somatic-pipeline_20240412/GRCh38-GIABv3/HG008-T--HG008-N.sv.annotated.v7.somatic.high_confidence.supplemental.bedpe	48671
data_somatic/HG008/Liss_lab/analysis/NYGC-somatic-pipeline_20240412/GRCh38-GIABv3/HG008-T--HG008-N.sv.annotated.v7.somatic.supplemental.bedpe	127985
data_somatic/HG008/Liss_lab/analysis/NYGC-somatic-pipeline_20240412/GRCh38-GIABv3/HG008-T--HG008-N.sv.gridss.vcf.gz	74146
data_somatic/HG008/Liss_lab/analysis/NYGC-somatic-pipeline_20240412/GRCh38-GIABv3/HG008-T--HG008-N.sv.gridss.vcf.gz.tbi	19682
data_somatic/HG008/Liss_lab/analysis/NYGC-somatic-pipeline_20240412/GRCh38-GIABv3/NYGC-somatic-pipeline-archived-GRCh38-GIABv3.tar.gz	45390912
data_somatic/HG008/Liss_lab/analysis/NYGC-somatic-pipeline_20240412/GRCh38-GIABv3/checksums.md5	3214
data_somatic/HG008/Liss_lab/analysis/NYGC-somatic-pipeline_20240412/README_NYGC.md	7218
data_somatic/HG008/Liss_lab/analysis/PacBio_Revio_20240125/pacbio-wgs-wdl_germline_20240206/Additional_files_WDL_CHM13v2.0.tar.gz	2353
data_somatic/HG008/Liss_lab/analysis/PacBio_Revio_20240125/pacbio-wgs-wdl_germline_20240206/Additional_files_WDL_GRCh37.tar.gz	2248
data_somatic/HG008/Liss_lab/analysis/PacBio_Revio_20240125/pacbio-wgs-wdl_germline_20240206/Additional_files_WDL_GRCh38-GIABv3.tar.gz	2313
data_somatic/HG008/Liss_lab/analysis/PacBio_Revio_20240125/pacbio-wgs-wdl_germline_20240206/HG008-N-P.CHM13.combined.bw	875619739
data_somatic/HG008/Liss_lab/analysis/PacBio_Revio_20240125/pacbio-wgs-wdl_germline_20240206/HG008-N-P.CHM13.deepvariant.g.vcf.gz	619525212
data_somatic/HG008/Liss_lab/analysis/PacBio_Revio_20240125/pacbio-wgs-wdl_germline_20240206/HG008-N-P.CHM13.deepvariant.g.vcf.gz.tbi	708093
data_somatic/HG008/Liss_lab/analysis/PacBio_Revio_20240125/pacbio-wgs-wdl_germline_20240206/HG008-N-P.CHM13.deepvariant.phased.vcf.gz	173158968
data_somatic/HG008/Liss_lab/analysis/PacBio_Revio_20240125/pacbio-wgs-wdl_germline_20240206/HG008-N-P.CHM13.deepvariant.phased.vcf.gz.tbi	1700598
data_somatic/HG008/Liss_lab/analysis/PacBio_Revio_20240125/pacbio-wgs-wdl_germline_20240206/HG008-N-P.CHM13.deepvariant.roh.bed	271073
data_somatic/HG008/Liss_lab/analysis/PacBio_Revio_20240125/pacbio-wgs-wdl_germline_20240206/HG008-N-P.CHM13.hap1.bw	729056295
data_somatic/HG008/Liss_lab/analysis/PacBio_Revio_20240125/pacbio-wgs-wdl_germline_20240206/HG008-N-P.CHM13.hap2.bw	728281787
data_somatic/HG008/Liss_lab/analysis/PacBio_Revio_20240125/pacbio-wgs-wdl_germline_20240206/HG008-N-P.CHM13.pbsv.phased.vcf.gz	4187101
data_somatic/HG008/Liss_lab/analysis/PacBio_Revio_20240125/pacbio-wgs-wdl_germline_20240206/HG008-N-P.CHM13.pbsv.phased.vcf.gz.tbi	353752
data_somatic/HG008/Liss_lab/analysis/PacBio_Revio_20240125/pacbio-wgs-wdl_germline_20240206/HG008-N-P.GRCh37.combined.bw	828142014
data_somatic/HG008/Liss_lab/analysis/PacBio_Revio_20240125/pacbio-wgs-wdl_germline_20240206/HG008-N-P.GRCh37.deepvariant.g.vcf.gz	450947938
data_somatic/HG008/Liss_lab/analysis/PacBio_Revio_20240125/pacbio-wgs-wdl_germline_20240206/HG008-N-P.GRCh37.deepvariant.g.vcf.gz.tbi	630195
data_somatic/HG008/Liss_lab/analysis/PacBio_Revio_20240125/pacbio-wgs-wdl_germline_20240206/HG008-N-P.GRCh37.deepvariant.phased.vcf.gz	113257950
data_somatic/HG008/Liss_lab/analysis/PacBio_Revio_20240125/pacbio-wgs-wdl_germline_20240206/HG008-N-P.GRCh37.deepvariant.phased.vcf.gz.tbi	1588423
data_somatic/HG008/Liss_lab/analysis/PacBio_Revio_20240125/pacbio-wgs-wdl_germline_20240206/HG008-N-P.GRCh37.deepvariant.roh.bed	246015
data_somatic/HG008/Liss_lab/analysis/PacBio_Revio_20240125/pacbio-wgs-wdl_germline_20240206/HG008-N-P.GRCh37.hap1.bw	710171665
data_somatic/HG008/Liss_lab/analysis/PacBio_Revio_20240125/pacbio-wgs-wdl_germline_20240206/HG008-N-P.GRCh37.hap2.bw	708439319
data_somatic/HG008/Liss_lab/analysis/PacBio_Revio_20240125/pacbio-wgs-wdl_germline_20240206/HG008-N-P.GRCh37.pbsv.phased.vcf.gz	4114335
data_somatic/HG008/Liss_lab/analysis/PacBio_Revio_20240125/pacbio-wgs-wdl_germline_20240206/HG008-N-P.GRCh37.pbsv.phased.vcf.gz.tbi	355500
data_somatic/HG008/Liss_lab/analysis/PacBio_Revio_20240125/pacbio-wgs-wdl_germline_20240206/HG008-N-P.GRCh38.combined.bw	838837166
data_somatic/HG008/Liss_lab/analysis/PacBio_Revio_20240125/pacbio-wgs-wdl_germline_20240206/HG008-N-P.GRCh38.deepvariant.g.vcf.gz	544581011
data_somatic/HG008/Liss_lab/analysis/PacBio_Revio_20240125/pacbio-wgs-wdl_germline_20240206/HG008-N-P.GRCh38.deepvariant.g.vcf.gz.tbi	663765
data_somatic/HG008/Liss_lab/analysis/PacBio_Revio_20240125/pacbio-wgs-wdl_germline_20240206/HG008-N-P.GRCh38.deepvariant.phased.vcf.gz	151950921
data_somatic/HG008/Liss_lab/analysis/PacBio_Revio_20240125/pacbio-wgs-wdl_germline_20240206/HG008-N-P.GRCh38.deepvariant.phased.vcf.gz.tbi	1635482
data_somatic/HG008/Liss_lab/analysis/PacBio_Revio_20240125/pacbio-wgs-wdl_germline_20240206/HG008-N-P.GRCh38.deepvariant.roh.bed	292181
data_somatic/HG008/Liss_lab/analysis/PacBio_Revio_20240125/pacbio-wgs-wdl_germline_20240206/HG008-N-P.GRCh38.hap1.bw	716561607
data_somatic/HG008/Liss_lab/analysis/PacBio_Revio_20240125/pacbio-wgs-wdl_germline_20240206/HG008-N-P.GRCh38.hap2.bw	714753598
data_somatic/HG008/Liss_lab/analysis/PacBio_Revio_20240125/pacbio-wgs-wdl_germline_20240206/HG008-N-P.GRCh38.pbsv.phased.vcf.gz	4323779
data_somatic/HG008/Liss_lab/analysis/PacBio_Revio_20240125/pacbio-wgs-wdl_germline_20240206/HG008-N-P.GRCh38.pbsv.phased.vcf.gz.tbi	372530
data_somatic/HG008/Liss_lab/analysis/PacBio_Revio_20240125/pacbio-wgs-wdl_germline_20240206/HG008-T.CHM13.combined.bw	866442267
data_somatic/HG008/Liss_lab/analysis/PacBio_Revio_20240125/pacbio-wgs-wdl_germline_20240206/HG008-T.CHM13.deepvariant.g.vcf.gz	398329603
data_somatic/HG008/Liss_lab/analysis/PacBio_Revio_20240125/pacbio-wgs-wdl_germline_20240206/HG008-T.CHM13.deepvariant.g.vcf.gz.tbi	633286
data_somatic/HG008/Liss_lab/analysis/PacBio_Revio_20240125/pacbio-wgs-wdl_germline_20240206/HG008-T.CHM13.deepvariant.phased.vcf.gz	170120796
data_somatic/HG008/Liss_lab/analysis/PacBio_Revio_20240125/pacbio-wgs-wdl_germline_20240206/HG008-T.CHM13.deepvariant.phased.vcf.gz.tbi	1691445
data_somatic/HG008/Liss_lab/analysis/PacBio_Revio_20240125/pacbio-wgs-wdl_germline_20240206/HG008-T.CHM13.deepvariant.roh.bed	196194
data_somatic/HG008/Liss_lab/analysis/PacBio_Revio_20240125/pacbio-wgs-wdl_germline_20240206/HG008-T.CHM13.hap1.bw	446772340
data_somatic/HG008/Liss_lab/analysis/PacBio_Revio_20240125/pacbio-wgs-wdl_germline_20240206/HG008-T.CHM13.hap2.bw	463000735
data_somatic/HG008/Liss_lab/analysis/PacBio_Revio_20240125/pacbio-wgs-wdl_germline_20240206/HG008-T.CHM13.pbsv.phased.vcf.gz	3899554
data_somatic/HG008/Liss_lab/analysis/PacBio_Revio_20240125/pacbio-wgs-wdl_germline_20240206/HG008-T.CHM13.pbsv.phased.vcf.gz.tbi	317679
data_somatic/HG008/Liss_lab/analysis/PacBio_Revio_20240125/pacbio-wgs-wdl_germline_20240206/HG008-T.GRCh37.combined.bw	811238333
data_somatic/HG008/Liss_lab/analysis/PacBio_Revio_20240125/pacbio-wgs-wdl_germline_20240206/HG008-T.GRCh37.deepvariant.g.vcf.gz	245488328
data_somatic/HG008/Liss_lab/analysis/PacBio_Revio_20240125/pacbio-wgs-wdl_germline_20240206/HG008-T.GRCh37.deepvariant.g.vcf.gz.tbi	564799
data_somatic/HG008/Liss_lab/analysis/PacBio_Revio_20240125/pacbio-wgs-wdl_germline_20240206/HG008-T.GRCh37.deepvariant.phased.vcf.gz	101611651
data_somatic/HG008/Liss_lab/analysis/PacBio_Revio_20240125/pacbio-wgs-wdl_germline_20240206/HG008-T.GRCh37.deepvariant.phased.vcf.gz.tbi	1581179
data_somatic/HG008/Liss_lab/analysis/PacBio_Revio_20240125/pacbio-wgs-wdl_germline_20240206/HG008-T.GRCh37.deepvariant.roh.bed	158135
data_somatic/HG008/Liss_lab/analysis/PacBio_Revio_20240125/pacbio-wgs-wdl_germline_20240206/HG008-T.GRCh37.hap1.bw	427360236
data_somatic/HG008/Liss_lab/analysis/PacBio_Revio_20240125/pacbio-wgs-wdl_germline_20240206/HG008-T.GRCh37.hap2.bw	442779889
data_somatic/HG008/Liss_lab/analysis/PacBio_Revio_20240125/pacbio-wgs-wdl_germline_20240206/HG008-T.GRCh37.pbsv.phased.vcf.gz	3858026
data_somatic/HG008/Liss_lab/analysis/PacBio_Revio_20240125/pacbio-wgs-wdl_germline_20240206/HG008-T.GRCh37.pbsv.phased.vcf.gz.tbi	322266
data_somatic/HG008/Liss_lab/analysis/PacBio_Revio_20240125/pacbio-wgs-wdl_germline_20240206/HG008-T.GRCh38.combined.bw	824694666
data_somatic/HG008/Liss_lab/analysis/PacBio_Revio_20240125/pacbio-wgs-wdl_germline_20240206/HG008-T.GRCh38.deepvariant.g.vcf.gz	341031635
data_somatic/HG008/Liss_lab/analysis/PacBio_Revio_20240125/pacbio-wgs-wdl_germline_20240206/HG008-T.GRCh38.deepvariant.g.vcf.gz.tbi	594814
data_somatic/HG008/Liss_lab/analysis/PacBio_Revio_20240125/pacbio-wgs-wdl_germline_20240206/HG008-T.GRCh38.deepvariant.phased.vcf.gz	146733997
data_somatic/HG008/Liss_lab/analysis/PacBio_Revio_20240125/pacbio-wgs-wdl_germline_20240206/HG008-T.GRCh38.deepvariant.phased.vcf.gz.tbi	1630888
data_somatic/HG008/Liss_lab/analysis/PacBio_Revio_20240125/pacbio-wgs-wdl_germline_20240206/HG008-T.GRCh38.deepvariant.roh.bed	196614
data_somatic/HG008/Liss_lab/analysis/PacBio_Revio_20240125/pacbio-wgs-wdl_germline_20240206/HG008-T.GRCh38.hap1.bw	433484375
data_somatic/HG008/Liss_lab/analysis/PacBio_Revio_20240125/pacbio-wgs-wdl_germline_20240206/HG008-T.GRCh38.hap2.bw	448814661
data_somatic/HG008/Liss_lab/analysis/PacBio_Revio_20240125/pacbio-wgs-wdl_germline_20240206/HG008-T.GRCh38.pbsv.phased.vcf.gz	4068746
data_somatic/HG008/Liss_lab/analysis/PacBio_Revio_20240125/pacbio-wgs-wdl_germline_20240206/HG008-T.GRCh38.pbsv.phased.vcf.gz.tbi	336551
data_somatic/HG008/Liss_lab/analysis/PacBio_Revio_20240125/pacbio-wgs-wdl_germline_20240206/README_PacBio_Revio_analysis.md	6709
data_somatic/HG008/Liss_lab/analysis/PacBio_Revio_20240125/pacbio-wgs-wdl_germline_20240206/checksums.md5	4463
data_somatic/HG008/Liss_lab/analysis/UCSC_HiFi_DeepSomatic-SNV-INDEL_20240308/.DS_Store	6148
data_somatic/HG008/Liss_lab/analysis/UCSC_HiFi_DeepSomatic-SNV-INDEL_20240308/0201_HG008_HiFi_DeepSomatic_v1.6.0_model354.vcf.gz	108409076
data_somatic/HG008/Liss_lab/analysis/UCSC_HiFi_DeepSomatic-SNV-INDEL_20240308/0201_HG008_HiFi_DeepSomatic_v1.6.0_model354.vcf.gz.tbi	1611435
data_somatic/HG008/Liss_lab/analysis/UCSC_HiFi_DeepSomatic-SNV-INDEL_20240308/0201_HG008_HiFi_DeepSomatic_v1.6.0_model354_somaticOnly.vcf.gz	270302
data_somatic/HG008/Liss_lab/analysis/UCSC_HiFi_DeepSomatic-SNV-INDEL_20240308/0201_HG008_HiFi_DeepSomatic_v1.6.0_model354_somaticOnly.vcf.gz.tbi	121461
data_somatic/HG008/Liss_lab/analysis/UCSC_HiFi_DeepSomatic-SNV-INDEL_20240308/README_UCSC_DeepSomatic.md	7601
data_somatic/HG008/Liss_lab/analysis/UCSC_HiFi_DeepSomatic-SNV-INDEL_20240308/checksums.md5	368
data_somatic/HG008/Liss_lab/analysis/Ultima_DeepVariant-somatic-SNV-INDEL_20240822/HG008_edv_AF_recalibration.result.PASS.vcf.gz	2384273
data_somatic/HG008/Liss_lab/analysis/Ultima_DeepVariant-somatic-SNV-INDEL_20240822/HG008_edv_AF_recalibration.result.PASS.vcf.gz.tbi	140680
data_somatic/HG008/Liss_lab/analysis/Ultima_DeepVariant-somatic-SNV-INDEL_20240822/README_Ultima_DeepVariant-somatic.md	5645
data_somatic/HG008/Liss_lab/analysis/Ultima_DeepVariant-somatic-SNV-INDEL_20240822/checksums.md5	162
data_somatic/HG008/Liss_lab/analysis/Verkko_assemblies_05162024/HG008N_hifi_hic_ONTstd_verkko_v2.1/5-untip/unitig-unrolled-unitig-unrolled-popped-unitig-normal-connected-tip.gfa	3896565799
data_somatic/HG008/Liss_lab/analysis/Verkko_assemblies_05162024/HG008N_hifi_hic_ONTstd_verkko_v2.1/5-untip/unitig-unrolled-unitig-unrolled-popped-unitig-normal-connected-tip.hifi-coverage.csv	1076184
data_somatic/HG008/Liss_lab/analysis/Verkko_assemblies_05162024/HG008N_hifi_hic_ONTstd_verkko_v2.1/5-untip/unitig-unrolled-unitig-unrolled-popped-unitig-normal-connected-tip.ont-coverage.csv	1066417
data_somatic/HG008/Liss_lab/analysis/Verkko_assemblies_05162024/HG008N_hifi_hic_ONTstd_verkko_v2.1/7-consensus/ont_subset.id	34669
data_somatic/HG008/Liss_lab/analysis/Verkko_assemblies_05162024/HG008N_hifi_hic_ONTstd_verkko_v2.1/assembly.colors.csv	460440
data_somatic/HG008/Liss_lab/analysis/Verkko_assemblies_05162024/HG008N_hifi_hic_ONTstd_verkko_v2.1/assembly.disconnected.fasta	3266968
data_somatic/HG008/Liss_lab/analysis/Verkko_assemblies_05162024/HG008N_hifi_hic_ONTstd_verkko_v2.1/assembly.fasta	6073390217
data_somatic/HG008/Liss_lab/analysis/Verkko_assemblies_05162024/HG008N_hifi_hic_ONTstd_verkko_v2.1/assembly.haplotype1.fasta	2993844605
data_somatic/HG008/Liss_lab/analysis/Verkko_assemblies_05162024/HG008N_hifi_hic_ONTstd_verkko_v2.1/assembly.haplotype1.fasta.fai	31394
data_somatic/HG008/Liss_lab/analysis/Verkko_assemblies_05162024/HG008N_hifi_hic_ONTstd_verkko_v2.1/assembly.haplotype2.fasta	2977493252
data_somatic/HG008/Liss_lab/analysis/Verkko_assemblies_05162024/HG008N_hifi_hic_ONTstd_verkko_v2.1/assembly.haplotype2.fasta.fai	42509
data_somatic/HG008/Liss_lab/analysis/Verkko_assemblies_05162024/HG008N_hifi_hic_ONTstd_verkko_v2.1/assembly.homopolymer-compressed.layout	409665643
data_somatic/HG008/Liss_lab/analysis/Verkko_assemblies_05162024/HG008N_hifi_hic_ONTstd_verkko_v2.1/assembly.homopolymer-compressed.noseq.gfa	6512562
data_somatic/HG008/Liss_lab/analysis/Verkko_assemblies_05162024/HG008N_hifi_hic_ONTstd_verkko_v2.1/assembly.paths.tsv	894499
data_somatic/HG008/Liss_lab/analysis/Verkko_assemblies_05162024/HG008N_hifi_hic_ONTstd_verkko_v2.1/assembly.scfmap	231684
data_somatic/HG008/Liss_lab/analysis/Verkko_assemblies_05162024/HG008N_hifi_hic_ONTstd_verkko_v2.1/assembly.unassigned.fasta	102052360
data_somatic/HG008/Liss_lab/analysis/Verkko_assemblies_05162024/HG008N_hifi_hic_ONTstd_verkko_v2.1/assembly.unassigned.fasta.fai	77791
data_somatic/HG008/Liss_lab/analysis/Verkko_assemblies_05162024/HG008N_hifi_hic_ONTstd_verkko_v2.1/checksum.md5	1215
data_somatic/HG008/Liss_lab/analysis/Verkko_assemblies_05162024/HG008N_hifi_plus_hic_verkko_v2.0/HG008N.haplotype1.fasta	2932233616
data_somatic/HG008/Liss_lab/analysis/Verkko_assemblies_05162024/HG008N_hifi_plus_hic_verkko_v2.0/HG008N.haplotype1.fasta.fai	110384
data_somatic/HG008/Liss_lab/analysis/Verkko_assemblies_05162024/HG008N_hifi_plus_hic_verkko_v2.0/HG008N.haplotype2.fasta	2946131693
data_somatic/HG008/Liss_lab/analysis/Verkko_assemblies_05162024/HG008N_hifi_plus_hic_verkko_v2.0/HG008N.haplotype2.fasta.fai	99301
data_somatic/HG008/Liss_lab/analysis/Verkko_assemblies_05162024/HG008N_hifi_plus_hic_verkko_v2.0/HG008N.homopolymer-compressed.noseq.gfa	9649116
data_somatic/HG008/Liss_lab/analysis/Verkko_assemblies_05162024/HG008N_hifi_plus_hic_verkko_v2.0/HG008N.unassigned.fasta	268259461
data_somatic/HG008/Liss_lab/analysis/Verkko_assemblies_05162024/HG008N_hifi_plus_hic_verkko_v2.0/HG008N.unassigned.fasta.fai	202955
data_somatic/HG008/Liss_lab/analysis/Verkko_assemblies_05162024/HG008N_hifi_plus_hic_verkko_v2.0/README	448
data_somatic/HG008/Liss_lab/analysis/Verkko_assemblies_05162024/HG008N_hifi_plus_hic_verkko_v2.0/checksum.md5	475
data_somatic/HG008/Liss_lab/analysis/Verkko_assemblies_05162024/HG008T/HG008T_verkko_v2.0/HG008T.haplotype1.fasta	2262614074
data_somatic/HG008/Liss_lab/analysis/Verkko_assemblies_05162024/HG008T/HG008T_verkko_v2.0/HG008T.haplotype1.fasta.fai	1898
data_somatic/HG008/Liss_lab/analysis/Verkko_assemblies_05162024/HG008T/HG008T_verkko_v2.0/HG008T.haplotype2.fasta	1971777587
data_somatic/HG008/Liss_lab/analysis/Verkko_assemblies_05162024/HG008T/HG008T_verkko_v2.0/HG008T.haplotype2.fasta.fai	5336
data_somatic/HG008/Liss_lab/analysis/Verkko_assemblies_05162024/HG008T/HG008T_verkko_v2.0/HG008T.homopolymer-compressed.noseq.gfa	226001
data_somatic/HG008/Liss_lab/analysis/Verkko_assemblies_05162024/HG008T/HG008T_verkko_v2.0/HG008T.unassigned.fasta	386883510
data_somatic/HG008/Liss_lab/analysis/Verkko_assemblies_05162024/HG008T/HG008T_verkko_v2.0/HG008T.unassigned.fasta.fai	19815
data_somatic/HG008/Liss_lab/analysis/Verkko_assemblies_05162024/HG008T/HG008T_verkko_v2.0/README	784
data_somatic/HG008/Liss_lab/analysis/Verkko_assemblies_05162024/HG008T/HG008T_verkko_v2.0/assembly.colors.csv	18626
data_somatic/HG008/Liss_lab/analysis/Verkko_assemblies_05162024/HG008T/HG008T_verkko_v2.0/assembly.disconnected.fasta	1701850
data_somatic/HG008/Liss_lab/analysis/Verkko_assemblies_05162024/HG008T/HG008T_verkko_v2.0/assembly.fasta	4621275171
data_somatic/HG008/Liss_lab/analysis/Verkko_assemblies_05162024/HG008T/HG008T_verkko_v2.0/assembly.homopolymer-compressed.layout	836119684
data_somatic/HG008/Liss_lab/analysis/Verkko_assemblies_05162024/HG008T/HG008T_verkko_v2.0/assembly.homopolymer-compressed.noseq.gfa	226001
data_somatic/HG008/Liss_lab/analysis/Verkko_assemblies_05162024/HG008T/HG008T_verkko_v2.0/assembly.paths.tsv	43370
data_somatic/HG008/Liss_lab/analysis/Verkko_assemblies_05162024/HG008T/HG008T_verkko_v2.0/assembly.scfmap	41689
data_somatic/HG008/Liss_lab/analysis/Verkko_assemblies_05162024/HG008T/HG008T_verkko_v2.0/checksum.md5	863
data_somatic/HG008/Liss_lab/analysis/Verkko_assemblies_05162024/HG008T/HG008T_verkko_v2.1/5-untip/unitig-unrolled-unitig-unrolled-popped-unitig-normal-connected-tip.gfa	3204994817
data_somatic/HG008/Liss_lab/analysis/Verkko_assemblies_05162024/HG008T/HG008T_verkko_v2.1/5-untip/unitig-unrolled-unitig-unrolled-popped-unitig-normal-connected-tip.hifi-coverage.csv	36965
data_somatic/HG008/Liss_lab/analysis/Verkko_assemblies_05162024/HG008T/HG008T_verkko_v2.1/5-untip/unitig-unrolled-unitig-unrolled-popped-unitig-normal-connected-tip.ont-coverage.csv	36707
data_somatic/HG008/Liss_lab/analysis/Verkko_assemblies_05162024/HG008T/HG008T_verkko_v2.1/7-consensus/ont_subset.id	23273
data_somatic/HG008/Liss_lab/analysis/Verkko_assemblies_05162024/HG008T/HG008T_verkko_v2.1/assembly.colors.csv	19876
data_somatic/HG008/Liss_lab/analysis/Verkko_assemblies_05162024/HG008T/HG008T_verkko_v2.1/assembly.disconnected.fasta	1702118
data_somatic/HG008/Liss_lab/analysis/Verkko_assemblies_05162024/HG008T/HG008T_verkko_v2.1/assembly.fasta	4624595247
data_somatic/HG008/Liss_lab/analysis/Verkko_assemblies_05162024/HG008T/HG008T_verkko_v2.1/assembly.haplotype1.fasta	2264949653
data_somatic/HG008/Liss_lab/analysis/Verkko_assemblies_05162024/HG008T/HG008T_verkko_v2.1/assembly.haplotype1.fasta.fai	1961
data_somatic/HG008/Liss_lab/analysis/Verkko_assemblies_05162024/HG008T/HG008T_verkko_v2.1/assembly.haplotype2.fasta	1935319554
data_somatic/HG008/Liss_lab/analysis/Verkko_assemblies_05162024/HG008T/HG008T_verkko_v2.1/assembly.haplotype2.fasta.fai	4254
data_somatic/HG008/Liss_lab/analysis/Verkko_assemblies_05162024/HG008T/HG008T_verkko_v2.1/assembly.hifi-coverage.csv	36965
data_somatic/HG008/Liss_lab/analysis/Verkko_assemblies_05162024/HG008T/HG008T_verkko_v2.1/assembly.homopolymer-compressed.gfa	3204994817
data_somatic/HG008/Liss_lab/analysis/Verkko_assemblies_05162024/HG008T/HG008T_verkko_v2.1/assembly.homopolymer-compressed.layout	837844269
data_somatic/HG008/Liss_lab/analysis/Verkko_assemblies_05162024/HG008T/HG008T_verkko_v2.1/assembly.homopolymer-compressed.noseq.gfa	226466
data_somatic/HG008/Liss_lab/analysis/Verkko_assemblies_05162024/HG008T/HG008T_verkko_v2.1/assembly.ont-coverage.csv	36707
data_somatic/HG008/Liss_lab/analysis/Verkko_assemblies_05162024/HG008T/HG008T_verkko_v2.1/assembly.paths.tsv	42253
data_somatic/HG008/Liss_lab/analysis/Verkko_assemblies_05162024/HG008T/HG008T_verkko_v2.1/assembly.scfmap	40447
data_somatic/HG008/Liss_lab/analysis/Verkko_assemblies_05162024/HG008T/HG008T_verkko_v2.1/assembly.unassigned.fasta	424326040
data_somatic/HG008/Liss_lab/analysis/Verkko_assemblies_05162024/HG008T/HG008T_verkko_v2.1/assembly.unassigned.fasta.fai	19845
data_somatic/HG008/Liss_lab/analysis/Verkko_assemblies_05162024/HG008T/HG008T_verkko_v2.1/checksum.md5	1406
data_somatic/HG008/Liss_lab/analysis/Verkko_assemblies_05162024/HG008T/HG008T_verkko_v2.2.1/BCMhifi_UL_ONTq26/8-hicPipeline/rukki.paths.gaf	106327
data_somatic/HG008/Liss_lab/analysis/Verkko_assemblies_05162024/HG008T/HG008T_verkko_v2.2.1/BCMhifi_UL_ONTq26/asm_chrated_JustinZ/assembly.haplotype1.fasta	1480382055
data_somatic/HG008/Liss_lab/analysis/Verkko_assemblies_05162024/HG008T/HG008T_verkko_v2.2.1/BCMhifi_UL_ONTq26/asm_chrated_JustinZ/assembly.haplotype2.fasta	3104133769
data_somatic/HG008/Liss_lab/analysis/Verkko_assemblies_05162024/HG008T/HG008T_verkko_v2.2.1/BCMhifi_UL_ONTq26/asm_chrated_JustinZ/assembly.hifi-coverage.csv	76816
data_somatic/HG008/Liss_lab/analysis/Verkko_assemblies_05162024/HG008T/HG008T_verkko_v2.2.1/BCMhifi_UL_ONTq26/asm_chrated_JustinZ/assembly.homopolymer-compressed.gfa	3253116880
data_somatic/HG008/Liss_lab/analysis/Verkko_assemblies_05162024/HG008T/HG008T_verkko_v2.2.1/BCMhifi_UL_ONTq26/asm_chrated_JustinZ/assembly.homopolymer-compressed.noseq.gfa	415042
data_somatic/HG008/Liss_lab/analysis/Verkko_assemblies_05162024/HG008T/HG008T_verkko_v2.2.1/BCMhifi_UL_ONTq26/asm_chrated_JustinZ/assembly.ont-coverage.csv	77558
data_somatic/HG008/Liss_lab/analysis/Verkko_assemblies_05162024/HG008T/HG008T_verkko_v2.2.1/BCMhifi_UL_ONTq26/asm_chrated_JustinZ/assembly.unassigned.fasta	87743586
data_somatic/HG008/Liss_lab/analysis/Verkko_assemblies_05162024/HG008T/HG008T_verkko_v2.2.1/BCMhifi_UL_ONTq26/assembly.haplotype1.fasta	1480394352
data_somatic/HG008/Liss_lab/analysis/Verkko_assemblies_05162024/HG008T/HG008T_verkko_v2.2.1/BCMhifi_UL_ONTq26/assembly.haplotype2.fasta	3103431343
data_somatic/HG008/Liss_lab/analysis/Verkko_assemblies_05162024/HG008T/HG008T_verkko_v2.2.1/BCMhifi_UL_ONTq26/assembly.hifi-coverage.csv	76816
data_somatic/HG008/Liss_lab/analysis/Verkko_assemblies_05162024/HG008T/HG008T_verkko_v2.2.1/BCMhifi_UL_ONTq26/assembly.homopolymer-compressed.gfa	3253116880
data_somatic/HG008/Liss_lab/analysis/Verkko_assemblies_05162024/HG008T/HG008T_verkko_v2.2.1/BCMhifi_UL_ONTq26/assembly.homopolymer-compressed.noseq.gfa	415042
data_somatic/HG008/Liss_lab/analysis/Verkko_assemblies_05162024/HG008T/HG008T_verkko_v2.2.1/BCMhifi_UL_ONTq26/assembly.ont-coverage.csv	77558
data_somatic/HG008/Liss_lab/analysis/Verkko_assemblies_05162024/HG008T/HG008T_verkko_v2.2.1/BCMhifi_UL_ONTq26/assembly.unassigned.fasta	87796378
data_somatic/HG008/Liss_lab/analysis/Verkko_assemblies_05162024/HG008T/HG008T_verkko_v2.2.1/BCMhifi_UL_ONTq26/md5sum.txt	326
data_somatic/HG008/Liss_lab/analysis/Verkko_assemblies_05162024/HG008T/HG008T_verkko_v2.2.1/PBhifi_UL_ONTq26/assembly.haplotype1.fasta	2479093924
data_somatic/HG008/Liss_lab/analysis/Verkko_assemblies_05162024/HG008T/HG008T_verkko_v2.2.1/PBhifi_UL_ONTq26/assembly.haplotype2.fasta	2126293506
data_somatic/HG008/Liss_lab/analysis/Verkko_assemblies_05162024/HG008T/HG008T_verkko_v2.2.1/PBhifi_UL_ONTq26/assembly.homopolymer-compressed.gfa	3217889158
data_somatic/HG008/Liss_lab/analysis/Verkko_assemblies_05162024/HG008T/HG008T_verkko_v2.2.1/PBhifi_UL_ONTq26/assembly.homopolymer-compressed.noseq.gfa	132425
data_somatic/HG008/Liss_lab/analysis/Verkko_assemblies_05162024/HG008T/HG008T_verkko_v2.2.1/PBhifi_UL_ONTq26/assembly.unassigned.fasta	26575864
data_somatic/HG008/Liss_lab/analysis/Verkko_assemblies_05162024/HG008T/HG008T_verkko_v2.2.1/PBhifi_UL_ONTq26/md5sum.txt	326
data_somatic/HG008/Liss_lab/analysis/Verkko_assemblies_05162024/HG008T/HG008T_verkko_v2.2.1_herro_corrected/PBhifi+20kbBCMhifi_UL_ONTq26_herro/8-hicPipeline/rukki.paths.gaf	26193
data_somatic/HG008/Liss_lab/analysis/Verkko_assemblies_05162024/HG008T/HG008T_verkko_v2.2.1_herro_corrected/PBhifi+20kbBCMhifi_UL_ONTq26_herro/assembly.colors.csv	8217
data_somatic/HG008/Liss_lab/analysis/Verkko_assemblies_05162024/HG008T/HG008T_verkko_v2.2.1_herro_corrected/PBhifi+20kbBCMhifi_UL_ONTq26_herro/assembly.haplotype1.fasta	1996670463
data_somatic/HG008/Liss_lab/analysis/Verkko_assemblies_05162024/HG008T/HG008T_verkko_v2.2.1_herro_corrected/PBhifi+20kbBCMhifi_UL_ONTq26_herro/assembly.haplotype2.fasta	2625188637
data_somatic/HG008/Liss_lab/analysis/Verkko_assemblies_05162024/HG008T/HG008T_verkko_v2.2.1_herro_corrected/PBhifi+20kbBCMhifi_UL_ONTq26_herro/assembly.hifi-coverage.csv	21128
data_somatic/HG008/Liss_lab/analysis/Verkko_assemblies_05162024/HG008T/HG008T_verkko_v2.2.1_herro_corrected/PBhifi+20kbBCMhifi_UL_ONTq26_herro/assembly.homopolymer-compressed.gfa	3220163427
data_somatic/HG008/Liss_lab/analysis/Verkko_assemblies_05162024/HG008T/HG008T_verkko_v2.2.1_herro_corrected/PBhifi+20kbBCMhifi_UL_ONTq26_herro/assembly.homopolymer-compressed.noseq.gfa	131497
data_somatic/HG008/Liss_lab/analysis/Verkko_assemblies_05162024/HG008T/HG008T_verkko_v2.2.1_herro_corrected/PBhifi+20kbBCMhifi_UL_ONTq26_herro/assembly.ont-coverage.csv	20975
data_somatic/HG008/Liss_lab/analysis/Verkko_assemblies_05162024/HG008T/HG008T_verkko_v2.2.1_herro_corrected/PBhifi+20kbBCMhifi_UL_ONTq26_herro/assembly.unassigned.fasta	34732039
data_somatic/HG008/Liss_lab/analysis/Verkko_assemblies_05162024/HG008T/HG008T_verkko_v2.2.1_herro_corrected/PBhifi+20kbBCMhifi_UL_ONTq26_herro/md5sum.txt	326
data_somatic/HG008/Liss_lab/analysis/Verkko_assemblies_05162024/HG008T/HG008T_verkko_v2.2.1_herro_corrected/PBhifi_UL_ONTq26_herro/8-hicPipeline/rukki.paths.gaf	25519
data_somatic/HG008/Liss_lab/analysis/Verkko_assemblies_05162024/HG008T/HG008T_verkko_v2.2.1_herro_corrected/PBhifi_UL_ONTq26_herro/assembly.colors.csv	8091
data_somatic/HG008/Liss_lab/analysis/Verkko_assemblies_05162024/HG008T/HG008T_verkko_v2.2.1_herro_corrected/PBhifi_UL_ONTq26_herro/assembly.haplotype1.fasta	2033703138
data_somatic/HG008/Liss_lab/analysis/Verkko_assemblies_05162024/HG008T/HG008T_verkko_v2.2.1_herro_corrected/PBhifi_UL_ONTq26_herro/assembly.haplotype2.fasta	2589674370
data_somatic/HG008/Liss_lab/analysis/Verkko_assemblies_05162024/HG008T/HG008T_verkko_v2.2.1_herro_corrected/PBhifi_UL_ONTq26_herro/assembly.hifi-coverage.csv	19984
data_somatic/HG008/Liss_lab/analysis/Verkko_assemblies_05162024/HG008T/HG008T_verkko_v2.2.1_herro_corrected/PBhifi_UL_ONTq26_herro/assembly.homopolymer-compressed.gfa	3218444293
data_somatic/HG008/Liss_lab/analysis/Verkko_assemblies_05162024/HG008T/HG008T_verkko_v2.2.1_herro_corrected/PBhifi_UL_ONTq26_herro/assembly.homopolymer-compressed.noseq.gfa	123378
data_somatic/HG008/Liss_lab/analysis/Verkko_assemblies_05162024/HG008T/HG008T_verkko_v2.2.1_herro_corrected/PBhifi_UL_ONTq26_herro/assembly.ont-coverage.csv	19830
data_somatic/HG008/Liss_lab/analysis/Verkko_assemblies_05162024/HG008T/HG008T_verkko_v2.2.1_herro_corrected/PBhifi_UL_ONTq26_herro/assembly.unassigned.fasta	31115128
data_somatic/HG008/Liss_lab/analysis/Verkko_assemblies_05162024/HG008T/HG008T_verkko_v2.2.1_herro_corrected/PBhifi_UL_ONTq26_herro/md5sum.txt	326
data_somatic/HG008/Liss_lab/analysis/Verkko_assemblies_05162024/HG008T/HG008T_verkko_v2.2/5-untip/combined-edges-1.gfa	30809381
data_somatic/HG008/Liss_lab/analysis/Verkko_assemblies_05162024/HG008T/HG008T_verkko_v2.2/5-untip/combined-edges-final.gfa	31239537
data_somatic/HG008/Liss_lab/analysis/Verkko_assemblies_05162024/HG008T/HG008T_verkko_v2.2/5-untip/combined-nodemap-1.txt	2947497
data_somatic/HG008/Liss_lab/analysis/Verkko_assemblies_05162024/HG008T/HG008T_verkko_v2.2/5-untip/combined-nodemap-final.txt	2991317
data_somatic/HG008/Liss_lab/analysis/Verkko_assemblies_05162024/HG008T/HG008T_verkko_v2.2/5-untip/connected-tip.gfa	3204961379
data_somatic/HG008/Liss_lab/analysis/Verkko_assemblies_05162024/HG008T/HG008T_verkko_v2.2/5-untip/nodecov_hifi_fix.csv	100635
data_somatic/HG008/Liss_lab/analysis/Verkko_assemblies_05162024/HG008T/HG008T_verkko_v2.2/5-untip/nodelens-1.txt	5841608
data_somatic/HG008/Liss_lab/analysis/Verkko_assemblies_05162024/HG008T/HG008T_verkko_v2.2/5-untip/nodelens-final.txt	5927688
data_somatic/HG008/Liss_lab/analysis/Verkko_assemblies_05162024/HG008T/HG008T_verkko_v2.2/5-untip/popinfo_round1.err	4269
data_somatic/HG008/Liss_lab/analysis/Verkko_assemblies_05162024/HG008T/HG008T_verkko_v2.2/5-untip/popinfo_round2.err	22
data_somatic/HG008/Liss_lab/analysis/Verkko_assemblies_05162024/HG008T/HG008T_verkko_v2.2/5-untip/popped-connected-tip.gfa	3199589005
data_somatic/HG008/Liss_lab/analysis/Verkko_assemblies_05162024/HG008T/HG008T_verkko_v2.2/5-untip/popped-unitig-unrolled-popped-connected-tip.gfa	3204634732
data_somatic/HG008/Liss_lab/analysis/Verkko_assemblies_05162024/HG008T/HG008T_verkko_v2.2/5-untip/unitig-connected-tip.gfa	3204337039
data_somatic/HG008/Liss_lab/analysis/Verkko_assemblies_05162024/HG008T/HG008T_verkko_v2.2/5-untip/unitig-mapping-3a.txt	77960
data_somatic/HG008/Liss_lab/analysis/Verkko_assemblies_05162024/HG008T/HG008T_verkko_v2.2/5-untip/unitig-mapping-3b.txt	55631
data_somatic/HG008/Liss_lab/analysis/Verkko_assemblies_05162024/HG008T/HG008T_verkko_v2.2/5-untip/unitig-mapping-4.txt	43688
data_somatic/HG008/Liss_lab/analysis/Verkko_assemblies_05162024/HG008T/HG008T_verkko_v2.2/5-untip/unitig-unrolled-popped-connected-tip.gfa	3204656582
data_somatic/HG008/Liss_lab/analysis/Verkko_assemblies_05162024/HG008T/HG008T_verkko_v2.2/5-untip/unitig-unrolled-unitig-unrolled-popped-unitig-normal-connected-tip.gfa	3205587555
data_somatic/HG008/Liss_lab/analysis/Verkko_assemblies_05162024/HG008T/HG008T_verkko_v2.2/5-untip/unitig-unrolled-unitig-unrolled-popped-unitig-normal-connected-tip.hifi-coverage.csv	35300
data_somatic/HG008/Liss_lab/analysis/Verkko_assemblies_05162024/HG008T/HG008T_verkko_v2.2/5-untip/unitig-unrolled-unitig-unrolled-popped-unitig-normal-connected-tip.ont-coverage.csv	35050
data_somatic/HG008/Liss_lab/analysis/Verkko_assemblies_05162024/HG008T/HG008T_verkko_v2.2/5-untip/unrolled-popped-connected-tip.gfa	3208054844
data_somatic/HG008/Liss_lab/analysis/Verkko_assemblies_05162024/HG008T/HG008T_verkko_v2.2/5-untip/unrolled-popped-unitig-unrolled-popped-connected-tip.gfa	3205744103
data_somatic/HG008/Liss_lab/analysis/Verkko_assemblies_05162024/HG008T/HG008T_verkko_v2.2/5-untip/untip.err	272
data_somatic/HG008/Liss_lab/analysis/Verkko_assemblies_05162024/HG008T/HG008T_verkko_v2.2/5-untip/untip.sh	12381
data_somatic/HG008/Liss_lab/analysis/Verkko_assemblies_05162024/HG008T/HG008T_verkko_v2.2/6-layoutContigs/combined-alignments.gaf	1376392832
data_somatic/HG008/Liss_lab/analysis/Verkko_assemblies_05162024/HG008T/HG008T_verkko_v2.2/6-layoutContigs/combined-edges.gfa	31239537
data_somatic/HG008/Liss_lab/analysis/Verkko_assemblies_05162024/HG008T/HG008T_verkko_v2.2/6-layoutContigs/combined-nodemap.txt	2991317
data_somatic/HG008/Liss_lab/analysis/Verkko_assemblies_05162024/HG008T/HG008T_verkko_v2.2/6-layoutContigs/consensus_paths.txt	35362
data_somatic/HG008/Liss_lab/analysis/Verkko_assemblies_05162024/HG008T/HG008T_verkko_v2.2/6-layoutContigs/createLayout.err	1040810
data_somatic/HG008/Liss_lab/analysis/Verkko_assemblies_05162024/HG008T/HG008T_verkko_v2.2/6-layoutContigs/createLayout.sh	1358
data_somatic/HG008/Liss_lab/analysis/Verkko_assemblies_05162024/HG008T/HG008T_verkko_v2.2/6-layoutContigs/createLayoutInputs.err	0
data_somatic/HG008/Liss_lab/analysis/Verkko_assemblies_05162024/HG008T/HG008T_verkko_v2.2/6-layoutContigs/createLayoutInputs.sh	3555
data_somatic/HG008/Liss_lab/analysis/Verkko_assemblies_05162024/HG008T/HG008T_verkko_v2.2/6-layoutContigs/gaps.txt	0
data_somatic/HG008/Liss_lab/analysis/Verkko_assemblies_05162024/HG008T/HG008T_verkko_v2.2/6-layoutContigs/hifi.alignments.gaf	1376392832
data_somatic/HG008/Liss_lab/analysis/Verkko_assemblies_05162024/HG008T/HG008T_verkko_v2.2/6-layoutContigs/nodelens.txt	5927688
data_somatic/HG008/Liss_lab/analysis/Verkko_assemblies_05162024/HG008T/HG008T_verkko_v2.2/6-layoutContigs/ont-gapfill.txt	23569
data_somatic/HG008/Liss_lab/analysis/Verkko_assemblies_05162024/HG008T/HG008T_verkko_v2.2/6-layoutContigs/ont.alignments.gaf	210079282
data_somatic/HG008/Liss_lab/analysis/Verkko_assemblies_05162024/HG008T/HG008T_verkko_v2.2/6-layoutContigs/unitig-popped.layout	808969026
data_somatic/HG008/Liss_lab/analysis/Verkko_assemblies_05162024/HG008T/HG008T_verkko_v2.2/6-layoutContigs/unitig-popped.layout.scfmap	70806
data_somatic/HG008/Liss_lab/analysis/Verkko_assemblies_05162024/HG008T/HG008T_verkko_v2.2/6-layoutContigs/unitig-popped.layout.scfmap.dropped	5407
data_somatic/HG008/Liss_lab/analysis/Verkko_assemblies_05162024/HG008T/HG008T_verkko_v2.2/6-layoutContigs/unitig_initial.layout	808969026
data_somatic/HG008/Liss_lab/analysis/Verkko_assemblies_05162024/HG008T/HG008T_verkko_v2.2/7-consensus/assembly.disconnected.fasta	2133491
data_somatic/HG008/Liss_lab/analysis/Verkko_assemblies_05162024/HG008T/HG008T_verkko_v2.2/7-consensus/assembly.disconnected.ids	1814
data_somatic/HG008/Liss_lab/analysis/Verkko_assemblies_05162024/HG008T/HG008T_verkko_v2.2/7-consensus/assembly.fasta	4602365539
data_somatic/HG008/Liss_lab/analysis/Verkko_assemblies_05162024/HG008T/HG008T_verkko_v2.2/7-consensus/assembly.ids	36883
data_somatic/HG008/Liss_lab/analysis/Verkko_assemblies_05162024/HG008T/HG008T_verkko_v2.2/7-consensus/buildPackages.err	3919883
data_somatic/HG008/Liss_lab/analysis/Verkko_assemblies_05162024/HG008T/HG008T_verkko_v2.2/7-consensus/buildPackages.sh	626
data_somatic/HG008/Liss_lab/analysis/Verkko_assemblies_05162024/HG008T/HG008T_verkko_v2.2/7-consensus/combineConsensus.err	0
data_somatic/HG008/Liss_lab/analysis/Verkko_assemblies_05162024/HG008T/HG008T_verkko_v2.2/7-consensus/combineConsensus.out	1190
data_somatic/HG008/Liss_lab/analysis/Verkko_assemblies_05162024/HG008T/HG008T_verkko_v2.2/7-consensus/combineConsensus.sh	5631
data_somatic/HG008/Liss_lab/analysis/Verkko_assemblies_05162024/HG008T/HG008T_verkko_v2.2/7-consensus/combined.fasta	4604499030
data_somatic/HG008/Liss_lab/analysis/Verkko_assemblies_05162024/HG008T/HG008T_verkko_v2.2/7-consensus/combined.fasta.lengths	33393
data_somatic/HG008/Liss_lab/analysis/Verkko_assemblies_05162024/HG008T/HG008T_verkko_v2.2/7-consensus/extractONT.err	1968
data_somatic/HG008/Liss_lab/analysis/Verkko_assemblies_05162024/HG008T/HG008T_verkko_v2.2/7-consensus/extractONT.sh	3314
data_somatic/HG008/Liss_lab/analysis/Verkko_assemblies_05162024/HG008T/HG008T_verkko_v2.2/7-consensus/ont_subset.extract	3526
data_somatic/HG008/Liss_lab/analysis/Verkko_assemblies_05162024/HG008T/HG008T_verkko_v2.2/7-consensus/ont_subset.fasta.gz	33374537
data_somatic/HG008/Liss_lab/analysis/Verkko_assemblies_05162024/HG008T/HG008T_verkko_v2.2/7-consensus/ont_subset.id	23532
data_somatic/HG008/Liss_lab/analysis/Verkko_assemblies_05162024/HG008T/HG008T_verkko_v2.2/7-consensus/packages.finished	0
data_somatic/HG008/Liss_lab/analysis/Verkko_assemblies_05162024/HG008T/HG008T_verkko_v2.2/7-consensus/packages.readName_to_ID.map	919409472
data_somatic/HG008/Liss_lab/analysis/Verkko_assemblies_05162024/HG008T/HG008T_verkko_v2.2/7-consensus/packages.report	113924
data_somatic/HG008/Liss_lab/analysis/Verkko_assemblies_05162024/HG008T/HG008T_verkko_v2.2/7-consensus/packages.tigName_to_ID.map	36750
data_somatic/HG008/Liss_lab/analysis/Verkko_assemblies_05162024/HG008T/HG008T_verkko_v2.2/7-consensus/screen-assembly.err	0
data_somatic/HG008/Liss_lab/analysis/Verkko_assemblies_05162024/HG008T/HG008T_verkko_v2.2/7-consensus/screen-assembly.out	739
data_somatic/HG008/Liss_lab/analysis/Verkko_assemblies_05162024/HG008T/HG008T_verkko_v2.2/7-consensus/unitig-popped.bam	0
data_somatic/HG008/Liss_lab/analysis/Verkko_assemblies_05162024/HG008T/HG008T_verkko_v2.2/7-consensus/unitig-popped.fasta	4602365539
data_somatic/HG008/Liss_lab/analysis/Verkko_assemblies_05162024/HG008T/HG008T_verkko_v2.2/7-consensus/unitig-popped.haplotype1.fasta	0
data_somatic/HG008/Liss_lab/analysis/Verkko_assemblies_05162024/HG008T/HG008T_verkko_v2.2/7-consensus/unitig-popped.haplotype2.fasta	0
data_somatic/HG008/Liss_lab/analysis/Verkko_assemblies_05162024/HG008T/HG008T_verkko_v2.2/7-consensus/unitig-popped.unassigned.fasta	0
data_somatic/HG008/Liss_lab/analysis/Verkko_assemblies_05162024/HG008T/HG008T_verkko_v2.2/8-hicPipeline/contigs_rename.map	38697
data_somatic/HG008/Liss_lab/analysis/Verkko_assemblies_05162024/HG008T/HG008T_verkko_v2.2/8-hicPipeline/filtered.gfa	184618
data_somatic/HG008/Liss_lab/analysis/Verkko_assemblies_05162024/HG008T/HG008T_verkko_v2.2/8-hicPipeline/final_contigs/.snakemake/log/2024-09-23T033209.566453.snakemake.log	21624
data_somatic/HG008/Liss_lab/analysis/Verkko_assemblies_05162024/HG008T/HG008T_verkko_v2.2/8-hicPipeline/final_contigs/.snakemake/metadata/Ni1sYXlvdXRDb250aWdzL2dhcHMudHh0	4213
data_somatic/HG008/Liss_lab/analysis/Verkko_assemblies_05162024/HG008T/HG008T_verkko_v2.2/8-hicPipeline/final_contigs/.snakemake/metadata/Ni1sYXlvdXRDb250aWdzL3VuaXRpZy1wb3BwZWQubGF5b3V0	4213
data_somatic/HG008/Liss_lab/analysis/Verkko_assemblies_05162024/HG008T/HG008T_verkko_v2.2/8-hicPipeline/final_contigs/.snakemake/metadata/Ni1sYXlvdXRDb250aWdzL3VuaXRpZy1wb3BwZWQubGF5b3V0LnNjZm1hcA==	4213
data_somatic/HG008/Liss_lab/analysis/Verkko_assemblies_05162024/HG008T/HG008T_verkko_v2.2/8-hicPipeline/final_contigs/.snakemake/metadata/Ny1jb25zZW5zdXMvY29tYmluZWQuZmFzdGE=	15940
data_somatic/HG008/Liss_lab/analysis/Verkko_assemblies_05162024/HG008T/HG008T_verkko_v2.2/8-hicPipeline/final_contigs/.snakemake/metadata/Ny1jb25zZW5zdXMvcGFja2FnZXMuZmluaXNoZWQ=	2709
data_somatic/HG008/Liss_lab/analysis/Verkko_assemblies_05162024/HG008T/HG008T_verkko_v2.2/8-hicPipeline/final_contigs/.snakemake/metadata/Ny1jb25zZW5zdXMvcGFja2FnZXMucmVwb3J0	2709
data_somatic/HG008/Liss_lab/analysis/Verkko_assemblies_05162024/HG008T/HG008T_verkko_v2.2/8-hicPipeline/final_contigs/.snakemake/metadata/Ny1jb25zZW5zdXMvcGFja2FnZXMudGlnTmFtZV90b19JRC5tYXA=	2707
data_somatic/HG008/Liss_lab/analysis/Verkko_assemblies_05162024/HG008T/HG008T_verkko_v2.2/8-hicPipeline/final_contigs/.snakemake/metadata/Ny1jb25zZW5zdXMvcGFja2FnZXMvcGFydDAwMS5mYXN0YQ==	3509
data_somatic/HG008/Liss_lab/analysis/Verkko_assemblies_05162024/HG008T/HG008T_verkko_v2.2/8-hicPipeline/final_contigs/.snakemake/metadata/Ny1jb25zZW5zdXMvcGFja2FnZXMvcGFydDAwMi5mYXN0YQ==	3510
data_somatic/HG008/Liss_lab/analysis/Verkko_assemblies_05162024/HG008T/HG008T_verkko_v2.2/8-hicPipeline/final_contigs/.snakemake/metadata/Ny1jb25zZW5zdXMvcGFja2FnZXMvcGFydDAwMy5mYXN0YQ==	3511
data_somatic/HG008/Liss_lab/analysis/Verkko_assemblies_05162024/HG008T/HG008T_verkko_v2.2/8-hicPipeline/final_contigs/.snakemake/metadata/Ny1jb25zZW5zdXMvcGFja2FnZXMvcGFydDAwNC5mYXN0YQ==	3511
data_somatic/HG008/Liss_lab/analysis/Verkko_assemblies_05162024/HG008T/HG008T_verkko_v2.2/8-hicPipeline/final_contigs/.snakemake/metadata/Ny1jb25zZW5zdXMvcGFja2FnZXMvcGFydDAwNS5mYXN0YQ==	3511
data_somatic/HG008/Liss_lab/analysis/Verkko_assemblies_05162024/HG008T/HG008T_verkko_v2.2/8-hicPipeline/final_contigs/.snakemake/metadata/Ny1jb25zZW5zdXMvcGFja2FnZXMvcGFydDAwNi5mYXN0YQ==	3511
data_somatic/HG008/Liss_lab/analysis/Verkko_assemblies_05162024/HG008T/HG008T_verkko_v2.2/8-hicPipeline/final_contigs/.snakemake/metadata/Ny1jb25zZW5zdXMvcGFja2FnZXMvcGFydDAwNy5mYXN0YQ==	3510
data_somatic/HG008/Liss_lab/analysis/Verkko_assemblies_05162024/HG008T/HG008T_verkko_v2.2/8-hicPipeline/final_contigs/.snakemake/metadata/Ny1jb25zZW5zdXMvcGFja2FnZXMvcGFydDAwOC5mYXN0YQ==	3511
data_somatic/HG008/Liss_lab/analysis/Verkko_assemblies_05162024/HG008T/HG008T_verkko_v2.2/8-hicPipeline/final_contigs/.snakemake/metadata/Ny1jb25zZW5zdXMvcGFja2FnZXMvcGFydDAwOS5mYXN0YQ==	3510
data_somatic/HG008/Liss_lab/analysis/Verkko_assemblies_05162024/HG008T/HG008T_verkko_v2.2/8-hicPipeline/final_contigs/.snakemake/metadata/Ny1jb25zZW5zdXMvcGFja2FnZXMvcGFydDAxMC5mYXN0YQ==	3511
data_somatic/HG008/Liss_lab/analysis/Verkko_assemblies_05162024/HG008T/HG008T_verkko_v2.2/8-hicPipeline/final_contigs/.snakemake/metadata/Ny1jb25zZW5zdXMvcGFja2FnZXMvcGFydDAxMS5mYXN0YQ==	3510
data_somatic/HG008/Liss_lab/analysis/Verkko_assemblies_05162024/HG008T/HG008T_verkko_v2.2/8-hicPipeline/final_contigs/.snakemake/metadata/Ny1jb25zZW5zdXMvcGFja2FnZXMvcGFydDAxMi5mYXN0YQ==	3511
data_somatic/HG008/Liss_lab/analysis/Verkko_assemblies_05162024/HG008T/HG008T_verkko_v2.2/8-hicPipeline/final_contigs/.snakemake/metadata/Ny1jb25zZW5zdXMvcGFja2FnZXMvcGFydDAxMy5mYXN0YQ==	3511
data_somatic/HG008/Liss_lab/analysis/Verkko_assemblies_05162024/HG008T/HG008T_verkko_v2.2/8-hicPipeline/final_contigs/.snakemake/metadata/Ny1jb25zZW5zdXMvcGFja2FnZXMvcGFydDAxNC5mYXN0YQ==	3511
data_somatic/HG008/Liss_lab/analysis/Verkko_assemblies_05162024/HG008T/HG008T_verkko_v2.2/8-hicPipeline/final_contigs/.snakemake/metadata/Ny1jb25zZW5zdXMvcGFja2FnZXMvcGFydDAxNS5mYXN0YQ==	3509
data_somatic/HG008/Liss_lab/analysis/Verkko_assemblies_05162024/HG008T/HG008T_verkko_v2.2/8-hicPipeline/final_contigs/.snakemake/metadata/Ny1jb25zZW5zdXMvcGFja2FnZXMvcGFydDAxNi5mYXN0YQ==	3511
data_somatic/HG008/Liss_lab/analysis/Verkko_assemblies_05162024/HG008T/HG008T_verkko_v2.2/8-hicPipeline/final_contigs/.snakemake/metadata/Ny1jb25zZW5zdXMvcGFja2FnZXMvcGFydDAxNy5mYXN0YQ==	3511
data_somatic/HG008/Liss_lab/analysis/Verkko_assemblies_05162024/HG008T/HG008T_verkko_v2.2/8-hicPipeline/final_contigs/.snakemake/metadata/Ny1jb25zZW5zdXMvcGFja2FnZXMvcGFydDAxOC5mYXN0YQ==	3510
data_somatic/HG008/Liss_lab/analysis/Verkko_assemblies_05162024/HG008T/HG008T_verkko_v2.2/8-hicPipeline/final_contigs/.snakemake/metadata/Ny1jb25zZW5zdXMvcGFja2FnZXMvcGFydDAxOS5mYXN0YQ==	3510
data_somatic/HG008/Liss_lab/analysis/Verkko_assemblies_05162024/HG008T/HG008T_verkko_v2.2/8-hicPipeline/final_contigs/.snakemake/metadata/Ny1jb25zZW5zdXMvcGFja2FnZXMvcGFydDAyMC5mYXN0YQ==	3511
data_somatic/HG008/Liss_lab/analysis/Verkko_assemblies_05162024/HG008T/HG008T_verkko_v2.2/8-hicPipeline/final_contigs/.snakemake/metadata/Ny1jb25zZW5zdXMvcGFja2FnZXMvcGFydDAyMS5mYXN0YQ==	3511
data_somatic/HG008/Liss_lab/analysis/Verkko_assemblies_05162024/HG008T/HG008T_verkko_v2.2/8-hicPipeline/final_contigs/.snakemake/metadata/Ny1jb25zZW5zdXMvcGFja2FnZXMvcGFydDAyMi5mYXN0YQ==	3511
data_somatic/HG008/Liss_lab/analysis/Verkko_assemblies_05162024/HG008T/HG008T_verkko_v2.2/8-hicPipeline/final_contigs/.snakemake/metadata/Ny1jb25zZW5zdXMvcGFja2FnZXMvcGFydDAyMy5mYXN0YQ==	3510
data_somatic/HG008/Liss_lab/analysis/Verkko_assemblies_05162024/HG008T/HG008T_verkko_v2.2/8-hicPipeline/final_contigs/.snakemake/metadata/Ny1jb25zZW5zdXMvcGFja2FnZXMvcGFydDAyNC5mYXN0YQ==	3510
data_somatic/HG008/Liss_lab/analysis/Verkko_assemblies_05162024/HG008T/HG008T_verkko_v2.2/8-hicPipeline/final_contigs/.snakemake/metadata/Ny1jb25zZW5zdXMvcGFja2FnZXMvcGFydDAyNS5mYXN0YQ==	3511
data_somatic/HG008/Liss_lab/analysis/Verkko_assemblies_05162024/HG008T/HG008T_verkko_v2.2/8-hicPipeline/final_contigs/.snakemake/metadata/Ny1jb25zZW5zdXMvdW5pdGlnLXBvcHBlZC51bmFzc2lnbmVkLmZhc3Rh	15938
data_somatic/HG008/Liss_lab/analysis/Verkko_assemblies_05162024/HG008T/HG008T_verkko_v2.2/8-hicPipeline/final_contigs/.snakemake/metadata/Ny1jb25zZW5zdXMvdW5pdGlnLXBvcHBlZC5iYW0=	15939
data_somatic/HG008/Liss_lab/analysis/Verkko_assemblies_05162024/HG008T/HG008T_verkko_v2.2/8-hicPipeline/final_contigs/.snakemake/metadata/Ny1jb25zZW5zdXMvdW5pdGlnLXBvcHBlZC5mYXN0YQ==	15938
data_somatic/HG008/Liss_lab/analysis/Verkko_assemblies_05162024/HG008T/HG008T_verkko_v2.2/8-hicPipeline/final_contigs/.snakemake/metadata/Ny1jb25zZW5zdXMvdW5pdGlnLXBvcHBlZC5oYXBsb3R5cGUxLmZhc3Rh	15940
data_somatic/HG008/Liss_lab/analysis/Verkko_assemblies_05162024/HG008T/HG008T_verkko_v2.2/8-hicPipeline/final_contigs/.snakemake/metadata/Ny1jb25zZW5zdXMvdW5pdGlnLXBvcHBlZC5oYXBsb3R5cGUyLmZhc3Rh	15940
data_somatic/HG008/Liss_lab/analysis/Verkko_assemblies_05162024/HG008T/HG008T_verkko_v2.2/8-hicPipeline/final_contigs/.snakemake/metadata/YXNzZW1ibHkuZmFzdGE=	3770
data_somatic/HG008/Liss_lab/analysis/Verkko_assemblies_05162024/HG008T/HG008T_verkko_v2.2/8-hicPipeline/final_contigs/.snakemake/metadata/YXNzZW1ibHkuaG9tb3BvbHltZXItY29tcHJlc3NlZC5nZmE=	3770
data_somatic/HG008/Liss_lab/analysis/Verkko_assemblies_05162024/HG008T/HG008T_verkko_v2.2/8-hicPipeline/final_contigs/.snakemake/metadata/YXNzZW1ibHkuaG9tb3BvbHltZXItY29tcHJlc3NlZC5sYXlvdXQ=	3770
data_somatic/HG008/Liss_lab/analysis/Verkko_assemblies_05162024/HG008T/HG008T_verkko_v2.2/8-hicPipeline/final_contigs/.snakemake/metadata/YXNzZW1ibHkuaGlmaS1jb3ZlcmFnZS5jc3Y=	3769
data_somatic/HG008/Liss_lab/analysis/Verkko_assemblies_05162024/HG008T/HG008T_verkko_v2.2/8-hicPipeline/final_contigs/.snakemake/metadata/YXNzZW1ibHkub250LWNvdmVyYWdlLmNzdg==	3770
data_somatic/HG008/Liss_lab/analysis/Verkko_assemblies_05162024/HG008T/HG008T_verkko_v2.2/8-hicPipeline/final_contigs/.snakemake/metadata/YXNzZW1ibHkuc2NmbWFw	3770
data_somatic/HG008/Liss_lab/analysis/Verkko_assemblies_05162024/HG008T/HG008T_verkko_v2.2/8-hicPipeline/final_contigs/5-untip/combined-edges-final.gfa	31239537
data_somatic/HG008/Liss_lab/analysis/Verkko_assemblies_05162024/HG008T/HG008T_verkko_v2.2/8-hicPipeline/final_contigs/5-untip/combined-nodemap-final.txt	2991317
data_somatic/HG008/Liss_lab/analysis/Verkko_assemblies_05162024/HG008T/HG008T_verkko_v2.2/8-hicPipeline/final_contigs/5-untip/nodelens-final.txt	5927688
data_somatic/HG008/Liss_lab/analysis/Verkko_assemblies_05162024/HG008T/HG008T_verkko_v2.2/8-hicPipeline/final_contigs/5-untip/unitig-unrolled-unitig-unrolled-popped-unitig-normal-connected-tip.gfa	3205587555
data_somatic/HG008/Liss_lab/analysis/Verkko_assemblies_05162024/HG008T/HG008T_verkko_v2.2/8-hicPipeline/final_contigs/5-untip/unitig-unrolled-unitig-unrolled-popped-unitig-normal-connected-tip.hifi-coverage.csv	35300
data_somatic/HG008/Liss_lab/analysis/Verkko_assemblies_05162024/HG008T/HG008T_verkko_v2.2/8-hicPipeline/final_contigs/5-untip/unitig-unrolled-unitig-unrolled-popped-unitig-normal-connected-tip.ont-coverage.csv	35050
data_somatic/HG008/Liss_lab/analysis/Verkko_assemblies_05162024/HG008T/HG008T_verkko_v2.2/8-hicPipeline/final_contigs/6-layoutContigs/combined-alignments.gaf	1376392832
data_somatic/HG008/Liss_lab/analysis/Verkko_assemblies_05162024/HG008T/HG008T_verkko_v2.2/8-hicPipeline/final_contigs/6-layoutContigs/combined-edges.gfa	31239537
data_somatic/HG008/Liss_lab/analysis/Verkko_assemblies_05162024/HG008T/HG008T_verkko_v2.2/8-hicPipeline/final_contigs/6-layoutContigs/combined-nodemap.txt	2991317
data_somatic/HG008/Liss_lab/analysis/Verkko_assemblies_05162024/HG008T/HG008T_verkko_v2.2/8-hicPipeline/final_contigs/6-layoutContigs/consensus_paths.txt	37961
data_somatic/HG008/Liss_lab/analysis/Verkko_assemblies_05162024/HG008T/HG008T_verkko_v2.2/8-hicPipeline/final_contigs/6-layoutContigs/createLayout.err	1073469
data_somatic/HG008/Liss_lab/analysis/Verkko_assemblies_05162024/HG008T/HG008T_verkko_v2.2/8-hicPipeline/final_contigs/6-layoutContigs/createLayout.sh	1358
data_somatic/HG008/Liss_lab/analysis/Verkko_assemblies_05162024/HG008T/HG008T_verkko_v2.2/8-hicPipeline/final_contigs/6-layoutContigs/gaps.txt	0
data_somatic/HG008/Liss_lab/analysis/Verkko_assemblies_05162024/HG008T/HG008T_verkko_v2.2/8-hicPipeline/final_contigs/6-layoutContigs/hifi.alignments.gaf	1376392832
data_somatic/HG008/Liss_lab/analysis/Verkko_assemblies_05162024/HG008T/HG008T_verkko_v2.2/8-hicPipeline/final_contigs/6-layoutContigs/nodelens.txt	5927688
data_somatic/HG008/Liss_lab/analysis/Verkko_assemblies_05162024/HG008T/HG008T_verkko_v2.2/8-hicPipeline/final_contigs/6-layoutContigs/ont.alignments.gaf	210079282
data_somatic/HG008/Liss_lab/analysis/Verkko_assemblies_05162024/HG008T/HG008T_verkko_v2.2/8-hicPipeline/final_contigs/6-layoutContigs/unitig-popped.layout	836858294
data_somatic/HG008/Liss_lab/analysis/Verkko_assemblies_05162024/HG008T/HG008T_verkko_v2.2/8-hicPipeline/final_contigs/6-layoutContigs/unitig-popped.layout.scfmap	37400
data_somatic/HG008/Liss_lab/analysis/Verkko_assemblies_05162024/HG008T/HG008T_verkko_v2.2/8-hicPipeline/final_contigs/6-layoutContigs/unitig-popped.layout.scfmap.dropped	1398
data_somatic/HG008/Liss_lab/analysis/Verkko_assemblies_05162024/HG008T/HG008T_verkko_v2.2/8-hicPipeline/final_contigs/6-layoutContigs/unitig_initial.layout	836858294
data_somatic/HG008/Liss_lab/analysis/Verkko_assemblies_05162024/HG008T/HG008T_verkko_v2.2/8-hicPipeline/final_contigs/7-consensus/assembly.disconnected.fasta	2139566
data_somatic/HG008/Liss_lab/analysis/Verkko_assemblies_05162024/HG008T/HG008T_verkko_v2.2/8-hicPipeline/final_contigs/7-consensus/assembly.disconnected.ids	2102
data_somatic/HG008/Liss_lab/analysis/Verkko_assemblies_05162024/HG008T/HG008T_verkko_v2.2/8-hicPipeline/final_contigs/7-consensus/assembly.fasta	4624076799
data_somatic/HG008/Liss_lab/analysis/Verkko_assemblies_05162024/HG008T/HG008T_verkko_v2.2/8-hicPipeline/final_contigs/7-consensus/assembly.ids	14149
data_somatic/HG008/Liss_lab/analysis/Verkko_assemblies_05162024/HG008T/HG008T_verkko_v2.2/8-hicPipeline/final_contigs/7-consensus/buildPackages.err	3858683
data_somatic/HG008/Liss_lab/analysis/Verkko_assemblies_05162024/HG008T/HG008T_verkko_v2.2/8-hicPipeline/final_contigs/7-consensus/buildPackages.sh	626
data_somatic/HG008/Liss_lab/analysis/Verkko_assemblies_05162024/HG008T/HG008T_verkko_v2.2/8-hicPipeline/final_contigs/7-consensus/combineConsensus.err	0
data_somatic/HG008/Liss_lab/analysis/Verkko_assemblies_05162024/HG008T/HG008T_verkko_v2.2/8-hicPipeline/final_contigs/7-consensus/combineConsensus.out	1383
data_somatic/HG008/Liss_lab/analysis/Verkko_assemblies_05162024/HG008T/HG008T_verkko_v2.2/8-hicPipeline/final_contigs/7-consensus/combineConsensus.sh	5691
data_somatic/HG008/Liss_lab/analysis/Verkko_assemblies_05162024/HG008T/HG008T_verkko_v2.2/8-hicPipeline/final_contigs/7-consensus/combined.fasta	4626216365
data_somatic/HG008/Liss_lab/analysis/Verkko_assemblies_05162024/HG008T/HG008T_verkko_v2.2/8-hicPipeline/final_contigs/7-consensus/combined.fasta.lengths	14220
data_somatic/HG008/Liss_lab/analysis/Verkko_assemblies_05162024/HG008T/HG008T_verkko_v2.2/8-hicPipeline/final_contigs/7-consensus/ont_subset.fasta.gz	33374537
data_somatic/HG008/Liss_lab/analysis/Verkko_assemblies_05162024/HG008T/HG008T_verkko_v2.2/8-hicPipeline/final_contigs/7-consensus/ont_subset.id	23532
data_somatic/HG008/Liss_lab/analysis/Verkko_assemblies_05162024/HG008T/HG008T_verkko_v2.2/8-hicPipeline/final_contigs/7-consensus/packages.finished	0
data_somatic/HG008/Liss_lab/analysis/Verkko_assemblies_05162024/HG008T/HG008T_verkko_v2.2/8-hicPipeline/final_contigs/7-consensus/packages.readName_to_ID.map	932662027
data_somatic/HG008/Liss_lab/analysis/Verkko_assemblies_05162024/HG008T/HG008T_verkko_v2.2/8-hicPipeline/final_contigs/7-consensus/packages.report	52723
data_somatic/HG008/Liss_lab/analysis/Verkko_assemblies_05162024/HG008T/HG008T_verkko_v2.2/8-hicPipeline/final_contigs/7-consensus/packages.tigName_to_ID.map	16902
data_somatic/HG008/Liss_lab/analysis/Verkko_assemblies_05162024/HG008T/HG008T_verkko_v2.2/8-hicPipeline/final_contigs/7-consensus/paths-haplotype1	684
data_somatic/HG008/Liss_lab/analysis/Verkko_assemblies_05162024/HG008T/HG008T_verkko_v2.2/8-hicPipeline/final_contigs/7-consensus/paths-haplotype2	1292
data_somatic/HG008/Liss_lab/analysis/Verkko_assemblies_05162024/HG008T/HG008T_verkko_v2.2/8-hicPipeline/final_contigs/7-consensus/paths-unassigned	8664
data_somatic/HG008/Liss_lab/analysis/Verkko_assemblies_05162024/HG008T/HG008T_verkko_v2.2/8-hicPipeline/final_contigs/7-consensus/screen-assembly.err	0
data_somatic/HG008/Liss_lab/analysis/Verkko_assemblies_05162024/HG008T/HG008T_verkko_v2.2/8-hicPipeline/final_contigs/7-consensus/screen-assembly.out	736
data_somatic/HG008/Liss_lab/analysis/Verkko_assemblies_05162024/HG008T/HG008T_verkko_v2.2/8-hicPipeline/final_contigs/7-consensus/unitig-popped.bam	0
data_somatic/HG008/Liss_lab/analysis/Verkko_assemblies_05162024/HG008T/HG008T_verkko_v2.2/8-hicPipeline/final_contigs/7-consensus/unitig-popped.fasta	4624076799
data_somatic/HG008/Liss_lab/analysis/Verkko_assemblies_05162024/HG008T/HG008T_verkko_v2.2/8-hicPipeline/final_contigs/7-consensus/unitig-popped.haplotype1.fasta	2450514083
data_somatic/HG008/Liss_lab/analysis/Verkko_assemblies_05162024/HG008T/HG008T_verkko_v2.2/8-hicPipeline/final_contigs/7-consensus/unitig-popped.haplotype2.fasta	2102352486
data_somatic/HG008/Liss_lab/analysis/Verkko_assemblies_05162024/HG008T/HG008T_verkko_v2.2/8-hicPipeline/final_contigs/7-consensus/unitig-popped.unassigned.fasta	71210230
data_somatic/HG008/Liss_lab/analysis/Verkko_assemblies_05162024/HG008T/HG008T_verkko_v2.2/8-hicPipeline/final_contigs/assembly.disconnected.fasta	2139566
data_somatic/HG008/Liss_lab/analysis/Verkko_assemblies_05162024/HG008T/HG008T_verkko_v2.2/8-hicPipeline/final_contigs/assembly.fasta	4624076799
data_somatic/HG008/Liss_lab/analysis/Verkko_assemblies_05162024/HG008T/HG008T_verkko_v2.2/8-hicPipeline/final_contigs/assembly.haplotype1.fasta	2450514083
data_somatic/HG008/Liss_lab/analysis/Verkko_assemblies_05162024/HG008T/HG008T_verkko_v2.2/8-hicPipeline/final_contigs/assembly.haplotype2.fasta	2102352486
data_somatic/HG008/Liss_lab/analysis/Verkko_assemblies_05162024/HG008T/HG008T_verkko_v2.2/8-hicPipeline/final_contigs/assembly.hifi-coverage.csv	35300
data_somatic/HG008/Liss_lab/analysis/Verkko_assemblies_05162024/HG008T/HG008T_verkko_v2.2/8-hicPipeline/final_contigs/assembly.homopolymer-compressed.gfa	3205587555
data_somatic/HG008/Liss_lab/analysis/Verkko_assemblies_05162024/HG008T/HG008T_verkko_v2.2/8-hicPipeline/final_contigs/assembly.homopolymer-compressed.layout	836858294
data_somatic/HG008/Liss_lab/analysis/Verkko_assemblies_05162024/HG008T/HG008T_verkko_v2.2/8-hicPipeline/final_contigs/assembly.ont-coverage.csv	35050
data_somatic/HG008/Liss_lab/analysis/Verkko_assemblies_05162024/HG008T/HG008T_verkko_v2.2/8-hicPipeline/final_contigs/assembly.scfmap	37400
data_somatic/HG008/Liss_lab/analysis/Verkko_assemblies_05162024/HG008T/HG008T_verkko_v2.2/8-hicPipeline/final_contigs/assembly.unassigned.fasta	71210230
data_somatic/HG008/Liss_lab/analysis/Verkko_assemblies_05162024/HG008T/HG008T_verkko_v2.2/8-hicPipeline/final_contigs/emptyfile	0
data_somatic/HG008/Liss_lab/analysis/Verkko_assemblies_05162024/HG008T/HG008T_verkko_v2.2/8-hicPipeline/final_contigs/snakemake.sh	416
data_somatic/HG008/Liss_lab/analysis/Verkko_assemblies_05162024/HG008T/HG008T_verkko_v2.2/8-hicPipeline/final_contigs/snakemake.sh.bak	422
data_somatic/HG008/Liss_lab/analysis/Verkko_assemblies_05162024/HG008T/HG008T_verkko_v2.2/8-hicPipeline/final_contigs/verkko.yml	5525
data_somatic/HG008/Liss_lab/analysis/Verkko_assemblies_05162024/HG008T/HG008T_verkko_v2.2/8-hicPipeline/hic.byread.compressed	3606403
data_somatic/HG008/Liss_lab/analysis/Verkko_assemblies_05162024/HG008T/HG008T_verkko_v2.2/8-hicPipeline/hic_mapping.byread.output	1836722225
data_somatic/HG008/Liss_lab/analysis/Verkko_assemblies_05162024/HG008T/HG008T_verkko_v2.2/8-hicPipeline/hic_phasing.err	17883
data_somatic/HG008/Liss_lab/analysis/Verkko_assemblies_05162024/HG008T/HG008T_verkko_v2.2/8-hicPipeline/hic_phasing.sh	154
data_somatic/HG008/Liss_lab/analysis/Verkko_assemblies_05162024/HG008T/HG008T_verkko_v2.2/8-hicPipeline/hic_scaff.err	79318
data_somatic/HG008/Liss_lab/analysis/Verkko_assemblies_05162024/HG008T/HG008T_verkko_v2.2/8-hicPipeline/hic_scaff.sh	363
data_somatic/HG008/Liss_lab/analysis/Verkko_assemblies_05162024/HG008T/HG008T_verkko_v2.2/8-hicPipeline/hicverkko.colors.tsv	20007
data_somatic/HG008/Liss_lab/analysis/Verkko_assemblies_05162024/HG008T/HG008T_verkko_v2.2/8-hicPipeline/hicverkko.log	2446971
data_somatic/HG008/Liss_lab/analysis/Verkko_assemblies_05162024/HG008T/HG008T_verkko_v2.2/8-hicPipeline/index_bwa.err	8681
data_somatic/HG008/Liss_lab/analysis/Verkko_assemblies_05162024/HG008T/HG008T_verkko_v2.2/8-hicPipeline/index_bwa.sh	208
data_somatic/HG008/Liss_lab/analysis/Verkko_assemblies_05162024/HG008T/HG008T_verkko_v2.2/8-hicPipeline/label1	11
data_somatic/HG008/Liss_lab/analysis/Verkko_assemblies_05162024/HG008T/HG008T_verkko_v2.2/8-hicPipeline/label2	11
data_somatic/HG008/Liss_lab/analysis/Verkko_assemblies_05162024/HG008T/HG008T_verkko_v2.2/8-hicPipeline/mergeBWA.err	0
data_somatic/HG008/Liss_lab/analysis/Verkko_assemblies_05162024/HG008T/HG008T_verkko_v2.2/8-hicPipeline/mergeBWA.sh	1740
data_somatic/HG008/Liss_lab/analysis/Verkko_assemblies_05162024/HG008T/HG008T_verkko_v2.2/8-hicPipeline/out_final_ann.csv	54610
data_somatic/HG008/Liss_lab/analysis/Verkko_assemblies_05162024/HG008T/HG008T_verkko_v2.2/8-hicPipeline/out_init_ann.csv	26072
data_somatic/HG008/Liss_lab/analysis/Verkko_assemblies_05162024/HG008T/HG008T_verkko_v2.2/8-hicPipeline/out_refined_ann.csv	42757
data_somatic/HG008/Liss_lab/analysis/Verkko_assemblies_05162024/HG008T/HG008T_verkko_v2.2/8-hicPipeline/paths.hpc.fasta	3238000883
data_somatic/HG008/Liss_lab/analysis/Verkko_assemblies_05162024/HG008T/HG008T_verkko_v2.2/8-hicPipeline/paths2ref.mashmap	1553997
data_somatic/HG008/Liss_lab/analysis/Verkko_assemblies_05162024/HG008T/HG008T_verkko_v2.2/8-hicPipeline/phasing.log	713598
data_somatic/HG008/Liss_lab/analysis/Verkko_assemblies_05162024/HG008T/HG008T_verkko_v2.2/8-hicPipeline/prepare_hic.err	70
data_somatic/HG008/Liss_lab/analysis/Verkko_assemblies_05162024/HG008T/HG008T_verkko_v2.2/8-hicPipeline/prepare_hic.sh	1180
data_somatic/HG008/Liss_lab/analysis/Verkko_assemblies_05162024/HG008T/HG008T_verkko_v2.2/8-hicPipeline/prepare_ref_mashmap.err	56883
data_somatic/HG008/Liss_lab/analysis/Verkko_assemblies_05162024/HG008T/HG008T_verkko_v2.2/8-hicPipeline/prepare_ref_mashmap.sh	718
data_somatic/HG008/Liss_lab/analysis/Verkko_assemblies_05162024/HG008T/HG008T_verkko_v2.2/8-hicPipeline/prescaf_rukki.paths.gaf	38488
data_somatic/HG008/Liss_lab/analysis/Verkko_assemblies_05162024/HG008T/HG008T_verkko_v2.2/8-hicPipeline/prescaf_rukki.paths.tsv	39891
data_somatic/HG008/Liss_lab/analysis/Verkko_assemblies_05162024/HG008T/HG008T_verkko_v2.2/8-hicPipeline/rukki.paths.gaf	37961
data_somatic/HG008/Liss_lab/analysis/Verkko_assemblies_05162024/HG008T/HG008T_verkko_v2.2/8-hicPipeline/rukki.paths.tsv	39401
data_somatic/HG008/Liss_lab/analysis/Verkko_assemblies_05162024/HG008T/HG008T_verkko_v2.2/8-hicPipeline/rukki_hic.err	3505
data_somatic/HG008/Liss_lab/analysis/Verkko_assemblies_05162024/HG008T/HG008T_verkko_v2.2/8-hicPipeline/rukki_hic.sh	1493
data_somatic/HG008/Liss_lab/analysis/Verkko_assemblies_05162024/HG008T/HG008T_verkko_v2.2/8-hicPipeline/run_mashmap.err	79523
data_somatic/HG008/Liss_lab/analysis/Verkko_assemblies_05162024/HG008T/HG008T_verkko_v2.2/8-hicPipeline/run_mashmap.sh	603
data_somatic/HG008/Liss_lab/analysis/Verkko_assemblies_05162024/HG008T/HG008T_verkko_v2.2/8-hicPipeline/run_seqtktelo.err	39
data_somatic/HG008/Liss_lab/analysis/Verkko_assemblies_05162024/HG008T/HG008T_verkko_v2.2/8-hicPipeline/run_seqtktelo.sh	219
data_somatic/HG008/Liss_lab/analysis/Verkko_assemblies_05162024/HG008T/HG008T_verkko_v2.2/8-hicPipeline/scaff_rukki.paths.gaf	37961
data_somatic/HG008/Liss_lab/analysis/Verkko_assemblies_05162024/HG008T/HG008T_verkko_v2.2/8-hicPipeline/scaff_rukki.paths.tsv	39401
data_somatic/HG008/Liss_lab/analysis/Verkko_assemblies_05162024/HG008T/HG008T_verkko_v2.2/8-hicPipeline/scaffold_mergeBWA.err	0
data_somatic/HG008/Liss_lab/analysis/Verkko_assemblies_05162024/HG008T/HG008T_verkko_v2.2/8-hicPipeline/scaffold_mergeBWA.sh	1547
data_somatic/HG008/Liss_lab/analysis/Verkko_assemblies_05162024/HG008T/HG008T_verkko_v2.2/8-hicPipeline/scaffolding.log	140666578
data_somatic/HG008/Liss_lab/analysis/Verkko_assemblies_05162024/HG008T/HG008T_verkko_v2.2/8-hicPipeline/scaffolding_nodes.list	5134
data_somatic/HG008/Liss_lab/analysis/Verkko_assemblies_05162024/HG008T/HG008T_verkko_v2.2/8-hicPipeline/splitHIC.err	8002
data_somatic/HG008/Liss_lab/analysis/Verkko_assemblies_05162024/HG008T/HG008T_verkko_v2.2/8-hicPipeline/splitHIC.finished	0
data_somatic/HG008/Liss_lab/analysis/Verkko_assemblies_05162024/HG008T/HG008T_verkko_v2.2/8-hicPipeline/splitHIC.sh	1236
data_somatic/HG008/Liss_lab/analysis/Verkko_assemblies_05162024/HG008T/HG008T_verkko_v2.2/8-hicPipeline/transform_bwa.err	0
data_somatic/HG008/Liss_lab/analysis/Verkko_assemblies_05162024/HG008T/HG008T_verkko_v2.2/8-hicPipeline/transform_bwa.sh	335
data_somatic/HG008/Liss_lab/analysis/Verkko_assemblies_05162024/HG008T/HG008T_verkko_v2.2/8-hicPipeline/unitigs.fasta	4604491857
data_somatic/HG008/Liss_lab/analysis/Verkko_assemblies_05162024/HG008T/HG008T_verkko_v2.2/8-hicPipeline/unitigs.fasta.amb	18
data_somatic/HG008/Liss_lab/analysis/Verkko_assemblies_05162024/HG008T/HG008T_verkko_v2.2/8-hicPipeline/unitigs.fasta.ann	59477
data_somatic/HG008/Liss_lab/analysis/Verkko_assemblies_05162024/HG008T/HG008T_verkko_v2.2/8-hicPipeline/unitigs.fasta.bwt	4604473136
data_somatic/HG008/Liss_lab/analysis/Verkko_assemblies_05162024/HG008T/HG008T_verkko_v2.2/8-hicPipeline/unitigs.fasta.pac	1151118261
data_somatic/HG008/Liss_lab/analysis/Verkko_assemblies_05162024/HG008T/HG008T_verkko_v2.2/8-hicPipeline/unitigs.fasta.sa	2302236568
data_somatic/HG008/Liss_lab/analysis/Verkko_assemblies_05162024/HG008T/HG008T_verkko_v2.2/8-hicPipeline/unitigs.hpc.fasta	3205448669
data_somatic/HG008/Liss_lab/analysis/Verkko_assemblies_05162024/HG008T/HG008T_verkko_v2.2/8-hicPipeline/unitigs.hpc.noseq.gfa	216492
data_somatic/HG008/Liss_lab/analysis/Verkko_assemblies_05162024/HG008T/HG008T_verkko_v2.2/8-hicPipeline/unitigs.telo	2012
data_somatic/HG008/Liss_lab/analysis/Verkko_assemblies_05162024/HG008T/HG008T_verkko_v2.2/8-hicPipeline/unitigs_hpc50.mashmap	1289099
data_somatic/HG008/Liss_lab/analysis/Verkko_assemblies_05162024/HG008T/HG008T_verkko_v2.2/8-hicPipeline/unitigs_nonhpc50.mashmap	5257769
data_somatic/HG008/Liss_lab/analysis/Verkko_assemblies_05162024/HG008T/HG008T_verkko_v2.2/assembly.colors.csv	20007
data_somatic/HG008/Liss_lab/analysis/Verkko_assemblies_05162024/HG008T/HG008T_verkko_v2.2/assembly.disconnected.fasta	2139566
data_somatic/HG008/Liss_lab/analysis/Verkko_assemblies_05162024/HG008T/HG008T_verkko_v2.2/assembly.fasta	4624076799
data_somatic/HG008/Liss_lab/analysis/Verkko_assemblies_05162024/HG008T/HG008T_verkko_v2.2/assembly.haplotype1.fasta	2450514083
data_somatic/HG008/Liss_lab/analysis/Verkko_assemblies_05162024/HG008T/HG008T_verkko_v2.2/assembly.haplotype1.fasta.fai	1940
data_somatic/HG008/Liss_lab/analysis/Verkko_assemblies_05162024/HG008T/HG008T_verkko_v2.2/assembly.haplotype2.fasta	2102352486
data_somatic/HG008/Liss_lab/analysis/Verkko_assemblies_05162024/HG008T/HG008T_verkko_v2.2/assembly.haplotype2.fasta.fai	3479
data_somatic/HG008/Liss_lab/analysis/Verkko_assemblies_05162024/HG008T/HG008T_verkko_v2.2/assembly.homopolymer-compressed.gfa	3205587555
data_somatic/HG008/Liss_lab/analysis/Verkko_assemblies_05162024/HG008T/HG008T_verkko_v2.2/assembly.homopolymer-compressed.gfa.fa	3245515704
data_somatic/HG008/Liss_lab/analysis/Verkko_assemblies_05162024/HG008T/HG008T_verkko_v2.2/assembly.homopolymer-compressed.gfa.fa.fai	54714
data_somatic/HG008/Liss_lab/analysis/Verkko_assemblies_05162024/HG008T/HG008T_verkko_v2.2/assembly.homopolymer-compressed.layout	836858294
data_somatic/HG008/Liss_lab/analysis/Verkko_assemblies_05162024/HG008T/HG008T_verkko_v2.2/assembly.homopolymer-compressed.noseq.gfa	216492
data_somatic/HG008/Liss_lab/analysis/Verkko_assemblies_05162024/HG008T/HG008T_verkko_v2.2/assembly.paths.tsv	39401
data_somatic/HG008/Liss_lab/analysis/Verkko_assemblies_05162024/HG008T/HG008T_verkko_v2.2/assembly.scfmap	37400
data_somatic/HG008/Liss_lab/analysis/Verkko_assemblies_05162024/HG008T/HG008T_verkko_v2.2/assembly.unassigned.fasta	71210230
data_somatic/HG008/Liss_lab/analysis/Verkko_assemblies_05162024/HG008T/HG008T_verkko_v2.2/assembly.unassigned.fasta.fai	17807
data_somatic/HG008/Liss_lab/superseded-2022-data/BCM_ILMN-somatic-analysis_20220816/BCM_Illumina_WGS_20220816.md5	1858
data_somatic/HG008/Liss_lab/superseded-2022-data/BCM_ILMN-somatic-analysis_20220816/CHM13v2.0_noPARmasking_CHM13mito/HG008-N-P_Illumina_150x_CHM13v2.0_sorted.bam	158115967743
data_somatic/HG008/Liss_lab/superseded-2022-data/BCM_ILMN-somatic-analysis_20220816/CHM13v2.0_noPARmasking_CHM13mito/HG008-N-P_Illumina_150x_CHM13v2.0_sorted.bam.bai	9776544
data_somatic/HG008/Liss_lab/superseded-2022-data/BCM_ILMN-somatic-analysis_20220816/CHM13v2.0_noPARmasking_CHM13mito/HG008-T_Illumina_191x_CHM13v2.0_sorted.bam	142020766471
data_somatic/HG008/Liss_lab/superseded-2022-data/BCM_ILMN-somatic-analysis_20220816/CHM13v2.0_noPARmasking_CHM13mito/HG008-T_Illumina_191x_CHM13v2.0_sorted.bam.bai	9607584
data_somatic/HG008/Liss_lab/superseded-2022-data/BCM_ILMN-somatic-analysis_20220816/HG008-N-P_Illumina_150x_GRCh37_sorted.bam	158267963376
data_somatic/HG008/Liss_lab/superseded-2022-data/BCM_ILMN-somatic-analysis_20220816/HG008-N-P_Illumina_150x_GRCh37_sorted.bam.bai	9342208
data_somatic/HG008/Liss_lab/superseded-2022-data/BCM_ILMN-somatic-analysis_20220816/HG008-N-P_Illumina_150x_GRCh38-GIABv3_sorted.bam	162144721537
data_somatic/HG008/Liss_lab/superseded-2022-data/BCM_ILMN-somatic-analysis_20220816/HG008-N-P_Illumina_150x_GRCh38-GIABv3_sorted.bam.bai	9505688
data_somatic/HG008/Liss_lab/superseded-2022-data/BCM_ILMN-somatic-analysis_20220816/HG008-N_Illumina_150x_GRCh38.hgv.cram	64112004440
data_somatic/HG008/Liss_lab/superseded-2022-data/BCM_ILMN-somatic-analysis_20220816/HG008-N_Illumina_150x_GRCh38.hgv.cram.crai	5349481
data_somatic/HG008/Liss_lab/superseded-2022-data/BCM_ILMN-somatic-analysis_20220816/HG008-N_Illumina_150x_GRCh38_sorted.bam	158845472320
data_somatic/HG008/Liss_lab/superseded-2022-data/BCM_ILMN-somatic-analysis_20220816/HG008-N_Illumina_150x_GRCh38_sorted.bam.bai	9493344
data_somatic/HG008/Liss_lab/superseded-2022-data/BCM_ILMN-somatic-analysis_20220816/HG008-N_Illumina_R1.fastq.gz	116851787955
data_somatic/HG008/Liss_lab/superseded-2022-data/BCM_ILMN-somatic-analysis_20220816/HG008-N_Illumina_R2.fastq.gz	123243000034
data_somatic/HG008/Liss_lab/superseded-2022-data/BCM_ILMN-somatic-analysis_20220816/HG008-T_Illumina_191x_GRCh37_sorted.bam	142238995552
data_somatic/HG008/Liss_lab/superseded-2022-data/BCM_ILMN-somatic-analysis_20220816/HG008-T_Illumina_191x_GRCh37_sorted.bam.bai	9180352
data_somatic/HG008/Liss_lab/superseded-2022-data/BCM_ILMN-somatic-analysis_20220816/HG008-T_Illumina_191x_GRCh38-GIABv3_sorted.bam	143257817422
data_somatic/HG008/Liss_lab/superseded-2022-data/BCM_ILMN-somatic-analysis_20220816/HG008-T_Illumina_191x_GRCh38-GIABv3_sorted.bam.bai	9385272
data_somatic/HG008/Liss_lab/superseded-2022-data/BCM_ILMN-somatic-analysis_20220816/HG008-T_Illumina_191x_GRCh38.hgv.cram	53940581526
data_somatic/HG008/Liss_lab/superseded-2022-data/BCM_ILMN-somatic-analysis_20220816/HG008-T_Illumina_191x_GRCh38.hgv.cram.crai	4968662
data_somatic/HG008/Liss_lab/superseded-2022-data/BCM_ILMN-somatic-analysis_20220816/HG008-T_Illumina_191x_GRCh38_sorted.bam	143538980094
data_somatic/HG008/Liss_lab/superseded-2022-data/BCM_ILMN-somatic-analysis_20220816/HG008-T_Illumina_191x_GRCh38_sorted.bam.bai	9376224
data_somatic/HG008/Liss_lab/superseded-2022-data/BCM_ILMN-somatic-analysis_20220816/HG008-T_Illumina_R1.fastq.gz	109331812294
data_somatic/HG008/Liss_lab/superseded-2022-data/BCM_ILMN-somatic-analysis_20220816/HG008-T_Illumina_R2.fastq.gz	112852439148
data_somatic/HG008/Liss_lab/superseded-2022-data/BCM_ILMN-somatic-analysis_20220816/README_BCM.md	27150
data_somatic/HG008/Liss_lab/superseded-2022-data/KaryoLogic_20220309/KaryoLogic_20220309.md5	133
data_somatic/HG008/Liss_lab/superseded-2022-data/KaryoLogic_20220309/Karyotype_results_MGH3066.pdf	317297
data_somatic/HG008/Liss_lab/superseded-2022-data/KaryoLogic_20220309/MGH3066_karyotyping_p31.xlsx	12928
data_somatic/HG008/Liss_lab/superseded-2022-data/KaryoLogic_20220309/README_KaryoLogic.md	5859
data_somatic/HG008/Liss_lab/superseded-2022-data/PhaseGenomics_HiC_20220629/HG008-T_HiC_PhaseGenomics_2_R1.fastq.gz	12851221670
data_somatic/HG008/Liss_lab/superseded-2022-data/PhaseGenomics_HiC_20220629/HG008-T_HiC_PhaseGenomics_2_R2.fastq.gz	13507128021
data_somatic/HG008/Liss_lab/superseded-2022-data/PhaseGenomics_HiC_20220629/HG008-T_HiC_PhaseGenomics_R1.fastq.gz	4647559236
data_somatic/HG008/Liss_lab/superseded-2022-data/PhaseGenomics_HiC_20220629/HG008-T_HiC_PhaseGenomics_R2.fastq.gz	5190701257
data_somatic/HG008/Liss_lab/superseded-2022-data/PhaseGenomics_HiC_20220629/HG008-T_HiC_PhaseGenomics_sorted_GRCh38.bam	28312545392
data_somatic/HG008/Liss_lab/superseded-2022-data/PhaseGenomics_HiC_20220629/HG008-T_HiC_PhaseGenomics_sorted_GRCh38.bam.bai	9006768
data_somatic/HG008/Liss_lab/superseded-2022-data/PhaseGenomics_HiC_20220629/HG008-T_HiC_PhaseGenomics_stats.tar.gz	39260920340
data_somatic/HG008/Liss_lab/superseded-2022-data/PhaseGenomics_HiC_20220629/PhaseGenomics_HiC_20220629.md5	539
data_somatic/HG008/Liss_lab/superseded-2022-data/PhaseGenomics_HiC_20220629/README_PhaseGenomics.md	12317
data_somatic/HG008/Liss_lab/superseded-2022-data/analysis/BCM_Illumina_WGS_20220816/BCM_ILMN-somatic-analysis_20220816.md5sum	7568
data_somatic/HG008/Liss_lab/superseded-2022-data/analysis/BCM_Illumina_WGS_20220816/Manta_results/IDUDI0002/candidateSV.vcf.gz	6238138
data_somatic/HG008/Liss_lab/superseded-2022-data/analysis/BCM_Illumina_WGS_20220816/Manta_results/IDUDI0002/candidateSV.vcf.gz.tbi	625176
data_somatic/HG008/Liss_lab/superseded-2022-data/analysis/BCM_Illumina_WGS_20220816/Manta_results/IDUDI0002/candidateSmallIndels.vcf.gz	3700573
data_somatic/HG008/Liss_lab/superseded-2022-data/analysis/BCM_Illumina_WGS_20220816/Manta_results/IDUDI0002/candidateSmallIndels.vcf.gz.tbi	728475
data_somatic/HG008/Liss_lab/superseded-2022-data/analysis/BCM_Illumina_WGS_20220816/Manta_results/IDUDI0002/diploidSV.vcf.gz	1272602
data_somatic/HG008/Liss_lab/superseded-2022-data/analysis/BCM_Illumina_WGS_20220816/Manta_results/IDUDI0002/diploidSV.vcf.gz.tbi	130825
data_somatic/HG008/Liss_lab/superseded-2022-data/analysis/BCM_Illumina_WGS_20220816/Manta_results/IDUDI0003/candidateSV.vcf.gz	5505908
data_somatic/HG008/Liss_lab/superseded-2022-data/analysis/BCM_Illumina_WGS_20220816/Manta_results/IDUDI0003/candidateSV.vcf.gz.tbi	569010
data_somatic/HG008/Liss_lab/superseded-2022-data/analysis/BCM_Illumina_WGS_20220816/Manta_results/IDUDI0003/candidateSmallIndels.vcf.gz	3214940
data_somatic/HG008/Liss_lab/superseded-2022-data/analysis/BCM_Illumina_WGS_20220816/Manta_results/IDUDI0003/candidateSmallIndels.vcf.gz.tbi	650568
data_somatic/HG008/Liss_lab/superseded-2022-data/analysis/BCM_Illumina_WGS_20220816/Manta_results/IDUDI0003/diploidSV.vcf.gz	1188099
data_somatic/HG008/Liss_lab/superseded-2022-data/analysis/BCM_Illumina_WGS_20220816/Manta_results/IDUDI0003/diploidSV.vcf.gz.tbi	123104
data_somatic/HG008/Liss_lab/superseded-2022-data/analysis/BCM_Illumina_WGS_20220816/Manta_results/Manta_results.md5	2146
data_somatic/HG008/Liss_lab/superseded-2022-data/analysis/BCM_Illumina_WGS_20220816/Manta_results/Normal_Tumor/candidateSV.vcf.gz	7335891
data_somatic/HG008/Liss_lab/superseded-2022-data/analysis/BCM_Illumina_WGS_20220816/Manta_results/Normal_Tumor/candidateSV.vcf.gz.tbi	642038
data_somatic/HG008/Liss_lab/superseded-2022-data/analysis/BCM_Illumina_WGS_20220816/Manta_results/Normal_Tumor/candidateSmallIndels.vcf.gz	3909546
data_somatic/HG008/Liss_lab/superseded-2022-data/analysis/BCM_Illumina_WGS_20220816/Manta_results/Normal_Tumor/candidateSmallIndels.vcf.gz.tbi	744745
data_somatic/HG008/Liss_lab/superseded-2022-data/analysis/BCM_Illumina_WGS_20220816/Manta_results/Normal_Tumor/diploidSV.vcf.gz	1274269
data_somatic/HG008/Liss_lab/superseded-2022-data/analysis/BCM_Illumina_WGS_20220816/Manta_results/Normal_Tumor/diploidSV.vcf.gz.tbi	132299
data_somatic/HG008/Liss_lab/superseded-2022-data/analysis/BCM_Illumina_WGS_20220816/Manta_results/Normal_Tumor/somaticSV.vcf	265418
data_somatic/HG008/Liss_lab/superseded-2022-data/analysis/BCM_Illumina_WGS_20220816/Manta_results/Normal_Tumor/somaticSV.vcf.gz	44550
data_somatic/HG008/Liss_lab/superseded-2022-data/analysis/BCM_Illumina_WGS_20220816/Manta_results/Normal_Tumor/somaticSV.vcf.gz.tbi	8281
data_somatic/HG008/Liss_lab/superseded-2022-data/analysis/BCM_Illumina_WGS_20220816/Manta_results/Normal_Tumor/somatic_SURVIVOR_stats.txt	146
data_somatic/HG008/Liss_lab/superseded-2022-data/analysis/BCM_Illumina_WGS_20220816/Manta_results/Normal_Tumor/somatic_SURVIVOR_stats.txt_CHR	790
data_somatic/HG008/Liss_lab/superseded-2022-data/analysis/BCM_Illumina_WGS_20220816/Manta_results/Normal_Tumor/somatic_SURVIVOR_summary.txt	93
data_somatic/HG008/Liss_lab/superseded-2022-data/analysis/BCM_Illumina_WGS_20220816/Manta_results/Normal_Tumor/somatic_SURVIVOR_summary.txt_CHR	14445
data_somatic/HG008/Liss_lab/superseded-2022-data/analysis/BCM_Illumina_WGS_20220816/Manta_results/Tumor_Only/candidateSV.vcf.gz	5471421
data_somatic/HG008/Liss_lab/superseded-2022-data/analysis/BCM_Illumina_WGS_20220816/Manta_results/Tumor_Only/candidateSV.vcf.gz.tbi	572187
data_somatic/HG008/Liss_lab/superseded-2022-data/analysis/BCM_Illumina_WGS_20220816/Manta_results/Tumor_Only/tumorSV.vcf.gz	2206298
data_somatic/HG008/Liss_lab/superseded-2022-data/analysis/BCM_Illumina_WGS_20220816/Manta_results/Tumor_Only/tumorSV.vcf.gz.tbi	184833
data_somatic/HG008/Liss_lab/superseded-2022-data/analysis/BCM_Illumina_WGS_20220816/Manta_results/readme.txt	361
data_somatic/HG008/Liss_lab/superseded-2022-data/analysis/BCM_Illumina_WGS_20220816/README_BCM.md	27162
data_somatic/HG008/Liss_lab/superseded-2022-data/analysis/BCM_Illumina_WGS_20220816/Strelka_results/Normal_Tumor/results_with_MantaCandidateIndel/stats/runStats.tsv	176
data_somatic/HG008/Liss_lab/superseded-2022-data/analysis/BCM_Illumina_WGS_20220816/Strelka_results/Normal_Tumor/results_with_MantaCandidateIndel/stats/runStats.xml	454
data_somatic/HG008/Liss_lab/superseded-2022-data/analysis/BCM_Illumina_WGS_20220816/Strelka_results/Normal_Tumor/results_with_MantaCandidateIndel/variants/somatic.indels.vcf.gz	17748005
data_somatic/HG008/Liss_lab/superseded-2022-data/analysis/BCM_Illumina_WGS_20220816/Strelka_results/Normal_Tumor/results_with_MantaCandidateIndel/variants/somatic.indels.vcf.gz.tbi	751462
data_somatic/HG008/Liss_lab/superseded-2022-data/analysis/BCM_Illumina_WGS_20220816/Strelka_results/Normal_Tumor/results_with_MantaCandidateIndel/variants/somatic.snvs.vcf.gz	63864817
data_somatic/HG008/Liss_lab/superseded-2022-data/analysis/BCM_Illumina_WGS_20220816/Strelka_results/Normal_Tumor/results_with_MantaCandidateIndel/variants/somatic.snvs.vcf.gz.tbi	1392660
data_somatic/HG008/Liss_lab/superseded-2022-data/analysis/BCM_Illumina_WGS_20220816/Strelka_results/Normal_Tumor/results_without_MantaCandidateIndel/stats/runStats.tsv	176
data_somatic/HG008/Liss_lab/superseded-2022-data/analysis/BCM_Illumina_WGS_20220816/Strelka_results/Normal_Tumor/results_without_MantaCandidateIndel/stats/runStats.xml	454
data_somatic/HG008/Liss_lab/superseded-2022-data/analysis/BCM_Illumina_WGS_20220816/Strelka_results/Normal_Tumor/results_without_MantaCandidateIndel/variants/somatic.indels.vcf.gz	17691629
data_somatic/HG008/Liss_lab/superseded-2022-data/analysis/BCM_Illumina_WGS_20220816/Strelka_results/Normal_Tumor/results_without_MantaCandidateIndel/variants/somatic.indels.vcf.gz.tbi	750779
data_somatic/HG008/Liss_lab/superseded-2022-data/analysis/BCM_Illumina_WGS_20220816/Strelka_results/Normal_Tumor/results_without_MantaCandidateIndel/variants/somatic.snvs.vcf.gz	63966619
data_somatic/HG008/Liss_lab/superseded-2022-data/analysis/BCM_Illumina_WGS_20220816/Strelka_results/Normal_Tumor/results_without_MantaCandidateIndel/variants/somatic.snvs.vcf.gz.tbi	1393816
data_somatic/HG008/Liss_lab/superseded-2022-data/analysis/BCM_Illumina_WGS_20220816/Strelka_results/Strelka_results.md5	1394
data_somatic/HG008/Liss_lab/superseded-2022-data/analysis/BCM_Illumina_WGS_20220816/xAtlas_results/IDUDI0002/IDUDI0002_indel.vcf	84990536
data_somatic/HG008/Liss_lab/superseded-2022-data/analysis/BCM_Illumina_WGS_20220816/xAtlas_results/IDUDI0002/IDUDI0002_indel.vcf.gz	22827951
data_somatic/HG008/Liss_lab/superseded-2022-data/analysis/BCM_Illumina_WGS_20220816/xAtlas_results/IDUDI0002/IDUDI0002_indel.vcf.gz.tbi	1493536
data_somatic/HG008/Liss_lab/superseded-2022-data/analysis/BCM_Illumina_WGS_20220816/xAtlas_results/IDUDI0002/IDUDI0002_snp.vcf	593815754
data_somatic/HG008/Liss_lab/superseded-2022-data/analysis/BCM_Illumina_WGS_20220816/xAtlas_results/IDUDI0002/IDUDI0002_snp.vcf.gz	115169039
data_somatic/HG008/Liss_lab/superseded-2022-data/analysis/BCM_Illumina_WGS_20220816/xAtlas_results/IDUDI0002/IDUDI0002_snp.vcf.gz.tbi	1696739
data_somatic/HG008/Liss_lab/superseded-2022-data/analysis/BCM_Illumina_WGS_20220816/xAtlas_results/IDUDI0002/xAtlas.err	205374
data_somatic/HG008/Liss_lab/superseded-2022-data/analysis/BCM_Illumina_WGS_20220816/xAtlas_results/IDUDI0002/xAtlas.sh	787
data_somatic/HG008/Liss_lab/superseded-2022-data/analysis/BCM_Illumina_WGS_20220816/xAtlas_results/IDUDI0003/IDUDI0003_indel.vcf	75165502
data_somatic/HG008/Liss_lab/superseded-2022-data/analysis/BCM_Illumina_WGS_20220816/xAtlas_results/IDUDI0003/IDUDI0003_indel.vcf.gz	20025540
data_somatic/HG008/Liss_lab/superseded-2022-data/analysis/BCM_Illumina_WGS_20220816/xAtlas_results/IDUDI0003/IDUDI0003_indel.vcf.gz.tbi	1433506
data_somatic/HG008/Liss_lab/superseded-2022-data/analysis/BCM_Illumina_WGS_20220816/xAtlas_results/IDUDI0003/IDUDI0003_snp.vcf	499069199
data_somatic/HG008/Liss_lab/superseded-2022-data/analysis/BCM_Illumina_WGS_20220816/xAtlas_results/IDUDI0003/IDUDI0003_snp.vcf.gz	92478613
data_somatic/HG008/Liss_lab/superseded-2022-data/analysis/BCM_Illumina_WGS_20220816/xAtlas_results/IDUDI0003/IDUDI0003_snp.vcf.gz.tbi	1683598
data_somatic/HG008/Liss_lab/superseded-2022-data/analysis/BCM_Illumina_WGS_20220816/xAtlas_results/IDUDI0003/xAtlas.err	205373
data_somatic/HG008/Liss_lab/superseded-2022-data/analysis/BCM_Illumina_WGS_20220816/xAtlas_results/IDUDI0003/xAtlas.sh	713
data_somatic/HG008/Liss_lab/superseded-2022-data/analysis/BCM_Illumina_WGS_20220816/xAtlas_results/xAtlas_results.md5	1160
data_somatic/HG008/Liss_lab/superseded-2022-data/analysis/DRAGEN-v4.2.4_ILMN-WGS_20230914/README_DRAGEN.md	12474
data_somatic/HG008/Liss_lab/superseded-2022-data/analysis/DRAGEN-v4.2.4_ILMN-WGS_20230914/annotations/README_DRAGEN_annotations.md	8890
data_somatic/HG008/Liss_lab/superseded-2022-data/analysis/DRAGEN-v4.2.4_ILMN-WGS_20230914/annotations/checksums.md5	381
data_somatic/HG008/Liss_lab/superseded-2022-data/analysis/DRAGEN-v4.2.4_ILMN-WGS_20230914/annotations/dragen_4.2.4_HG008_tumor.hard-filtered.hg38_multianno.vcf.gz	4916638
data_somatic/HG008/Liss_lab/superseded-2022-data/analysis/DRAGEN-v4.2.4_ILMN-WGS_20230914/annotations/dragen_4.2.4_HG008_tumor.hard-filtered.hg38_multianno_clinvar.vcf.gz	5057454
data_somatic/HG008/Liss_lab/superseded-2022-data/analysis/DRAGEN-v4.2.4_ILMN-WGS_20230914/annotations/dragen_4.2.4_HG008_tumor.hard-filtered.hg38_multianno_clinvar.vcf.gz.tbi	346812
data_somatic/HG008/Liss_lab/superseded-2022-data/analysis/DRAGEN-v4.2.4_ILMN-WGS_20230914/annotations/dragen_4.2.4_HG008_tumor.hard-filtered.vcf.gz	3193820
data_somatic/HG008/Liss_lab/superseded-2022-data/analysis/DRAGEN-v4.2.4_ILMN-WGS_20230914/annotations/run_annovar.sh	876
data_somatic/HG008/Liss_lab/superseded-2022-data/analysis/DRAGEN-v4.2.4_ILMN-WGS_20230914/dragen_4.2.4_HG008_tumor.cnv.vcf.gz	16163
data_somatic/HG008/Liss_lab/superseded-2022-data/analysis/DRAGEN-v4.2.4_ILMN-WGS_20230914/dragen_4.2.4_HG008_tumor.cnv.vcf.gz.tbi	6232
data_somatic/HG008/Liss_lab/superseded-2022-data/analysis/DRAGEN-v4.2.4_ILMN-WGS_20230914/dragen_4.2.4_HG008_tumor.hard-filtered.vcf.gz	3193820
data_somatic/HG008/Liss_lab/superseded-2022-data/analysis/DRAGEN-v4.2.4_ILMN-WGS_20230914/dragen_4.2.4_HG008_tumor.hard-filtered.vcf.gz.tbi	333735
data_somatic/HG008/Liss_lab/superseded-2022-data/analysis/DRAGEN-v4.2.4_ILMN-WGS_20230914/dragen_4.2.4_HG008_tumor.md5	450
data_somatic/HG008/Liss_lab/superseded-2022-data/analysis/DRAGEN-v4.2.4_ILMN-WGS_20230914/dragen_4.2.4_HG008_tumor.sv.vcf.gz	44407
data_somatic/HG008/Liss_lab/superseded-2022-data/analysis/DRAGEN-v4.2.4_ILMN-WGS_20230914/dragen_4.2.4_HG008_tumor.sv.vcf.gz.tbi	6581
data_somatic/HG008/Liss_lab/superseded-2022-data/analysis/HKU_ILMN_ClairS_v0.1.7-SNV-INDEL_20240326/HG008_T_N-P_Ilmn_CHM13v2.0_ClairS_v0.1.7_snv.vcf.gz	978180
data_somatic/HG008/Liss_lab/superseded-2022-data/analysis/HKU_ILMN_ClairS_v0.1.7-SNV-INDEL_20240326/HG008_T_N-P_Ilmn_CHM13v2.0_ClairS_v0.1.7_snv.vcf.gz.tbi	188473
data_somatic/HG008/Liss_lab/superseded-2022-data/analysis/HKU_ILMN_ClairS_v0.1.7-SNV-INDEL_20240326/HG008_T_N-P_Ilmn_GRCh37_ClairS_v0.1.7_snv.vcf.gz	646944
data_somatic/HG008/Liss_lab/superseded-2022-data/analysis/HKU_ILMN_ClairS_v0.1.7-SNV-INDEL_20240326/HG008_T_N-P_Ilmn_GRCh37_ClairS_v0.1.7_snv.vcf.gz.tbi	157865
data_somatic/HG008/Liss_lab/superseded-2022-data/analysis/HKU_ILMN_ClairS_v0.1.7-SNV-INDEL_20240326/HG008_T_N-P_Ilmn_GRCh38-GIABv3_ClairS_v0.1.7_snv.vcf.gz	814583
data_somatic/HG008/Liss_lab/superseded-2022-data/analysis/HKU_ILMN_ClairS_v0.1.7-SNV-INDEL_20240326/HG008_T_N-P_Ilmn_GRCh38-GIABv3_ClairS_v0.1.7_snv.vcf.gz.tbi	171784
data_somatic/HG008/Liss_lab/superseded-2022-data/analysis/HKU_ILMN_ClairS_v0.1.7-SNV-INDEL_20240326/README_HKU_ClairS.md	13185
data_somatic/HG008/Liss_lab/superseded-2022-data/analysis/HKU_ILMN_ClairS_v0.1.7-SNV-INDEL_20240326/checksums.md5	1688
data_somatic/HG008/Liss_lab/superseded-2022-data/analysis/NCBI_Illumina_WGS_Somatic_SVs_GRIDSS2_20240430/README_Illumina_gridss2_ncbi_20240430	2831
data_somatic/HG008/Liss_lab/superseded-2022-data/analysis/NCBI_Illumina_WGS_Somatic_SVs_GRIDSS2_20240430/tumor.gripss.filtered.simple_Illumina_GRCh37.bed	5617
data_somatic/HG008/Liss_lab/superseded-2022-data/analysis/NCBI_Illumina_WGS_Somatic_SVs_GRIDSS2_20240430/tumor.gripss.filtered.simple_Illumina_GRCh38.bed	6089
data_somatic/HG008/Liss_lab/superseded-2022-data/analysis/NCBI_Illumina_WGS_Somatic_SVs_GRIDSS2_20240430/tumor.gripss.filtered.simple_Illumina_T2TCHM13v2.bed	6035
data_somatic/HG008/Liss_lab/superseded-2022-data/analysis/NCBI_Illumina_WGS_Somatic_SVs_GRIDSS2_20240430/tumor.gripss.filtered.sv.annotated_Illumina_GRCh37.vcf	557298
data_somatic/HG008/Liss_lab/superseded-2022-data/analysis/NCBI_Illumina_WGS_Somatic_SVs_GRIDSS2_20240430/tumor.gripss.filtered.sv.annotated_Illumina_GRCh38.vcf	527826
data_somatic/HG008/Liss_lab/superseded-2022-data/analysis/NCBI_Illumina_WGS_Somatic_SVs_GRIDSS2_20240430/tumor.gripss.filtered.sv.annotated_Illumina_T2TCHM13v2.vcf	590259
data_somatic/HG008/Liss_lab/superseded-2022-data/analysis/NIST-Year1_BCM-ILMN-WGS_2022/.DS_Store	6148
data_somatic/HG008/Liss_lab/superseded-2022-data/analysis/NIST-Year1_BCM-ILMN-WGS_2022/Lancet/lancet_HG008-T_HG008-N-P.vcf.gz	282184660
data_somatic/HG008/Liss_lab/superseded-2022-data/analysis/NIST-Year1_BCM-ILMN-WGS_2022/Lancet/lancet_HG008-T_HG008-N-P.vcf.gz.tbi	1687744
data_somatic/HG008/Liss_lab/superseded-2022-data/analysis/NIST-Year1_BCM-ILMN-WGS_2022/Mutect2/mutect2-GATK-FilterMutectCalls.sh	395
data_somatic/HG008/Liss_lab/superseded-2022-data/analysis/NIST-Year1_BCM-ILMN-WGS_2022/Mutect2/mutect2_HG008-T_HG008-N-P_filtered.vcf.gz	54872873
data_somatic/HG008/Liss_lab/superseded-2022-data/analysis/NIST-Year1_BCM-ILMN-WGS_2022/Mutect2/mutect2_HG008-T_HG008-N-P_filtered.vcf.gz.tbi	1634251
data_somatic/HG008/Liss_lab/superseded-2022-data/analysis/NIST-Year1_BCM-ILMN-WGS_2022/Mutect2/mutect2_HPC-run-script.sh	1498
data_somatic/HG008/Liss_lab/superseded-2022-data/analysis/NIST-Year1_BCM-ILMN-WGS_2022/Neusomatic/NeuSomatic-ensemble_HPC-run.txt	2171
data_somatic/HG008/Liss_lab/superseded-2022-data/analysis/NIST-Year1_BCM-ILMN-WGS_2022/Neusomatic/NeuSomatic-standalone_HPC-run.txt	1988
data_somatic/HG008/Liss_lab/superseded-2022-data/analysis/NIST-Year1_BCM-ILMN-WGS_2022/Neusomatic/neusomatic_ensemble_HG008-T_HG008-N-P.vcf.gz	412967
data_somatic/HG008/Liss_lab/superseded-2022-data/analysis/NIST-Year1_BCM-ILMN-WGS_2022/Neusomatic/neusomatic_ensemble_HG008-T_HG008-N-P.vcf.gz.tbi	136229
data_somatic/HG008/Liss_lab/superseded-2022-data/analysis/NIST-Year1_BCM-ILMN-WGS_2022/Neusomatic/neusomatic_standalone_HG008-T_HG008-N-P.gz	534860
data_somatic/HG008/Liss_lab/superseded-2022-data/analysis/NIST-Year1_BCM-ILMN-WGS_2022/Neusomatic/neusomatic_standalone_HG008-T_HG008-N-P.vcf.gz.tbi	168498
data_somatic/HG008/Liss_lab/superseded-2022-data/analysis/NIST-Year1_BCM-ILMN-WGS_2022/README_NIST-year1-analysis.md	11972
data_somatic/HG008/Liss_lab/superseded-2022-data/analysis/NIST-Year1_BCM-ILMN-WGS_2022/Strelka2/runWorkflow.py	8151
data_somatic/HG008/Liss_lab/superseded-2022-data/analysis/NIST-Year1_BCM-ILMN-WGS_2022/Strelka2/strelka2_HG008-T_HG008-N-P.vcf.gz	102243670
data_somatic/HG008/Liss_lab/superseded-2022-data/analysis/NIST-Year1_BCM-ILMN-WGS_2022/Strelka2/strelka2_HG008-T_HG008-N-P.vcf.gz.tbi	1586950
data_somatic/HG008/Liss_lab/superseded-2022-data/analysis/NIST-Year1_BCM-ILMN-WGS_2022/Strelka2/strelka_snv_indel_combine.sh	1442
data_somatic/HG008/Liss_lab/superseded-2022-data/analysis/NIST-Year1_BCM-ILMN-WGS_2022/checksums.md5	1409
data_somatic/HG008/Liss_lab/superseded-2022-data/analysis/PhaseGenomics_HiC_20220629/HG008-T_PhaseGenomics_coverage_MAF.png	4501125
data_somatic/HG008/Liss_lab/superseded-2022-data/analysis/PhaseGenomics_HiC_20220629/HG008-T_PhaseGenomics_report.pdf	3117767
data_somatic/HG008/Liss_lab/superseded-2022-data/analysis/PhaseGenomics_HiC_20220629/PhaseGenomics_HiC_20220629.md5	274
data_somatic/HG008/Liss_lab/superseded-2022-data/analysis/PhaseGenomics_HiC_20220629/README_PhaseGenomics-analysis.md	7970
data_somatic/HG008/Liss_lab/superseded-2022-data/analysis/PhaseGenomics_HiC_20220629/README_PhaseGenomics.md	10062
data_somatic/HG008/Liss_lab/superseded-2022-data/analysis/PhaseGenomics_HiC_20220629/callset.mgh3066.052623.tsv	335323
data_somatic/HG008/Liss_lab/superseded-2022-data/analysis/UCSC_ILMN_DeepSomatic-SNV-INDEL_20240308/0201_HG008_Ilmn_DeepSomatic_v1.6.0_model277.vcf.gz	397632452
data_somatic/HG008/Liss_lab/superseded-2022-data/analysis/UCSC_ILMN_DeepSomatic-SNV-INDEL_20240308/0201_HG008_Ilmn_DeepSomatic_v1.6.0_model277.vcf.gz.tbi	1775415
data_somatic/HG008/Liss_lab/superseded-2022-data/analysis/UCSC_ILMN_DeepSomatic-SNV-INDEL_20240308/0201_HG008_Ilmn_DeepSomatic_v1.6.0_model277_somaticOnly.vcf.gz	439910
data_somatic/HG008/Liss_lab/superseded-2022-data/analysis/UCSC_ILMN_DeepSomatic-SNV-INDEL_20240308/0201_HG008_Ilmn_DeepSomatic_v1.6.0_model277_somaticOnly.vcf.gz.tbi	177988
data_somatic/HG008/Liss_lab/superseded-2022-data/analysis/UCSC_ILMN_DeepSomatic-SNV-INDEL_20240308/README_UCSC_DeepSomatic.md	7601
data_somatic/HG008/Liss_lab/superseded-2022-data/analysis/UCSC_ILMN_DeepSomatic-SNV-INDEL_20240308/checksums.md5	368
data_somatic/HG008/NIST/HG008-T_bulk/20240508p18/KaryoLogic_20240612/Karyotype_Report-NIST_p18_HG008.pdf	465614
data_somatic/HG008/NIST/HG008-T_bulk/20240508p18/KaryoLogic_20240612/README_KaryoLogic.md	5642
data_somatic/HG008/NIST/HG008-T_bulk/20240508p18/README_KaryoLogic.md	5642
data_somatic/HG008/NIST/HG008-T_bulk/20240508p21/KromaTiD-dGH_20241029/.DS_Store	6148
data_somatic/HG008/NIST/HG008-T_bulk/20240508p21/KromaTiD-dGH_20241029/NIST_HG008_Custom-dGHSCREEN-Report.docx	3567720
data_somatic/HG008/NIST/HG008-T_bulk/20240508p21/KromaTiD-dGH_20241029/NIST_SCREEN_Sample1_earlypassage.zip	6455126
data_somatic/HG008/NIST/HG008-T_bulk/20240508p21/KromaTiD-dGH_20241029/NIST_SCREEN_Sample2_latepassage.zip	7285204
data_somatic/HG008/NIST/HG008-T_bulk/20240508p21/KromaTiD-dGH_20241029/Q240606_NIST_Complete-Table-of-Events-Per-Cell.xlsx	39624
data_somatic/HG008/NIST/HG008-T_bulk/20240508p21/KromaTiD-dGH_20241029/Q240606_NIST_ModalNumber_breakout.xlsx	25269
data_somatic/HG008/NIST/HG008-T_bulk/20240508p21/KromaTiD-dGH_20241029/Q240606_NIST_sample1_scoresheet.xlsx	91604
data_somatic/HG008/NIST/HG008-T_bulk/20240508p21/KromaTiD-dGH_20241029/Q240606_NIST_sample2_scoresheet.xlsx	92426
data_somatic/HG008/NIST/HG008-T_bulk/20240508p21/KromaTiD-dGH_20241029/README_KromaTiD_20241029.md	8805
data_somatic/HG008/NIST/HG008-T_bulk/20240508p21/UMD-Revio-HG008Tp21-20241011/HG008-T_NIST-bulk-20240508p21_PacBio-HiFi-Revio_20241011_43x_GRCh38-GIABv3.bam	44051532093
data_somatic/HG008/NIST/HG008-T_bulk/20240508p21/UMD-Revio-HG008Tp21-20241011/HG008-T_NIST-bulk-20240508p21_PacBio-HiFi-Revio_20241011_43x_GRCh38-GIABv3.bam.bai	4567264
data_somatic/HG008/NIST/HG008-T_bulk/20240508p21/UMD-Revio-HG008Tp21-20241011/HG008-Tp21_ubams/XZOOK_20240930_R84050_PL15223-001_1-1-A01.hifi_reads.bam	46964976477
data_somatic/HG008/NIST/HG008-T_bulk/20240508p21/UMD-Revio-HG008Tp21-20241011/README_UMD-Revio-HG008Tp21andp41.md	11249
data_somatic/HG008/NIST/HG008-T_bulk/20240508p21/UMD-Revio-HG008Tp21-20241011/checksum_HG008Tp21.md5	342
data_somatic/HG008/NIST/HG008-T_bulk/20240508p41/UMD-Revio-HG008Tp41-20241011/HG008-T_NIST-bulk-20240508p41_PacBio-HiFi-Revio_20241011_43x_GRCh38-GIABv3.bam	46604351390
data_somatic/HG008/NIST/HG008-T_bulk/20240508p41/UMD-Revio-HG008Tp41-20241011/HG008-T_NIST-bulk-20240508p41_PacBio-HiFi-Revio_20241011_43x_GRCh38-GIABv3.bam.bai	4619880
data_somatic/HG008/NIST/HG008-T_bulk/20240508p41/UMD-Revio-HG008Tp41-20241011/HG008-Tp41_ubams/XZOOK_20240930_R84050_PL15224-001_1-1-B01.hifi_reads.bam	49863354276
data_somatic/HG008/NIST/HG008-T_bulk/20240508p41/UMD-Revio-HG008Tp41-20241011/README_UMD-Revio-HG008Tp21andp41.md	11249
data_somatic/HG008/NIST/HG008-T_bulk/20240508p41/UMD-Revio-HG008Tp41-20241011/checksum_HG008Tp41.md5	343
data_somatic/HG008/NIST/HG008-T_bulk/20240508p53/.DS_Store	6148
data_somatic/HG008/NIST/HG008-T_bulk/20240508p53/KromaTiD-dGH_20241029/README	397
data_somatic/HG008/NIST/HG008-T_clones/.DS_Store	6148
data_somatic/HG008/NIST/HG008-T_clones/20240508p19/.DS_Store	6148
data_somatic/HG008/NIST/HG008-T_clones/20240508p19/SC14/.DS_Store	8196
data_somatic/HG008/NIST/HG008-T_clones/20240508p19/SC14/p20plus11/KaryoLogic_20241028/Karyotype-Report-HG008-SC14.pdf	361515
data_somatic/HG008/NIST/HG008-T_clones/20240508p19/SC14/p20plus11/KaryoLogic_20241028/README_KaryoLogic_20241028.md	6352
data_somatic/HG008/NIST/HG008-T_clones/20240718p14/.DS_Store	6148
data_somatic/HG008/NIST/HG008-T_clones/20240718p14/2D6/.DS_Store	6148
data_somatic/HG008/NIST/HG008-T_clones/20240718p14/2D6/p15plus6/.DS_Store	6148
data_somatic/HG008/NIST/HG008-T_clones/20240718p14/2D6/p15plus6/KaryoLogic_20241028/Karyotype-Report-HG008-2D6.pdf	353247
data_somatic/HG008/NIST/HG008-T_clones/20240718p14/2D6/p15plus6/KaryoLogic_20241028/README_KaryoLogic_20241028.md	6352
data_somatic/HG008/NIST/HG008-T_clones/20240718p14/3E4/.DS_Store	6148
data_somatic/HG008/NIST/HG008-T_clones/20240718p14/3E4/p15plus6/.DS_Store	6148
data_somatic/HG008/NIST/HG008-T_clones/20240718p14/3E4/p15plus6/KaryoLogic_20241028/Karyotype-Report-HG008-3E4.pdf	448811
data_somatic/HG008/NIST/HG008-T_clones/20240718p14/3E4/p15plus6/KaryoLogic_20241028/README_KaryoLogic_20241028.md	6352
data_somatic/HG008/NIST/README	163
